symbol,date,open,high,low,close,adjusted_close,volume,currency,exchange,timezone,source
2881.TW,2026-08-19,129.0,129.5,127.5,128.5,128.5,12502775,TWD,TAI,Asia/Taipei,Yahoo Finance
2881.TW,2026-08-20,128.5,130.0,125.5,128.0,128.0,18592854,TWD,TAI,Asia/Taipei,Yahoo Finance
2881.TW,2026-08-21,129.0,135.5,127.5,134.0,134.0,37027672,TWD,TAI,Asia/Taipei,Yahoo Finance
2881.TW,2026-08-24,135.0,135.0,131.0,132.0,132.0,13426980,TWD,TAI,Asia/Taipei,Yahoo Finance
2881.TW,2026-08-25,134.0,142.5,132.5,141.5,141.5,45392232,TWD,TAI,Asia/Taipei,Yahoo Finance
2881.TW,2026-08-26,140.0,143.5,138.0,138.5,138.5,28418968,TWD,TAI,Asia/Taipei,Yahoo Finance
2881.TW,2026-08-27,139.0,142.5,138.0,141.5,141.5,21345562,TWD,TAI,Asia/Taipei,Yahoo Finance
2881.TW,2026-08-28,141.0,144.5,140.5,144.0,144.0,16327346,TWD,TAI,Asia/Taipei,Yahoo Finance
2881.TW,2026-08-31,143.0,145.0,142.0,144.0,144.0,33181388,TWD,TAI,Asia/Taipei,Yahoo Finance
2881.TW,2026-09-01,143.5,145.0,141.5,145.0,145.0,19212444,TWD,TAI,Asia/Taipei,Yahoo Finance
2881.TW,2026-09-02,144.5,145.0,142.5,143.5,143.5,12908201,TWD,TAI,Asia/Taipei,Yahoo Finance
2881.TW,2026-09-03,144.0,148.5,143.0,147.0,147.0,18425098,TWD,TAI,Asia/Taipei,Yahoo Finance
2881.TW,2026-09-04,147.5,151.5,147.0,150.5,150.5,18773168,TWD,TAI,Asia/Taipei,Yahoo Finance
2881.TW,2026-09-07,155.0,155.5,148.0,149.5,149.5,21288140,TWD,TAI,Asia/Taipei,Yahoo Finance
2881.TW,2026-09-08,149.5,150.5,148.0,149.0,149.0,11946873,TWD,TAI,Asia/Taipei,Yahoo Finance
2881.TW,2026-09-09,148.5,149.0,145.0,147.0,147.0,16313177,TWD,TAI,Asia/Taipei,Yahoo Finance
2881.TW,2026-09-10,146.0,149.0,146.0,148.5,148.5,12148570,TWD,TAI,Asia/Taipei,Yahoo Finance
2881.TW,2026-09-11,146.0,148.5,144.0,148.5,148.5,10487220,TWD,TAI,Asia/Taipei,Yahoo Finance
2881.TW,2026-09-14,146.5,154.5,146.0,154.0,154.0,18222828,TWD,TAI,Asia/Taipei,Yahoo Finance
2881.TW,2026-09-15,154.0,154.5,149.5,151.0,151.0,15566889,TWD,TAI,Asia/Taipei,Yahoo Finance
2881.TW,2026-09-16,152.0,153.0,150.0,153.0,153.0,20660466,TWD,TAI,Asia/Taipei,Yahoo Finance
2881.TW,2026-09-17,153.0,154.5,151.0,151.5,151.5,13452379,TWD,TAI,Asia/Taipei,Yahoo Finance
2881.TW,2026-09-18,152.5,152.5,148.0,150.5,150.5,27506101,TWD,TAI,Asia/Taipei,Yahoo Finance
2881.TW,2026-09-21,150.5,156.0,149.5,154.5,154.5,14916075,TWD,TAI,Asia/Taipei,Yahoo Finance
2881.TW,2026-09-22,156.5,156.5,153.5,154.5,154.5,16750286,TWD,TAI,Asia/Taipei,Yahoo Finance
2881.TW,2026-09-23,155.5,155.5,152.5,153.0,153.0,14725772,TWD,TAI,Asia/Taipei,Yahoo Finance
2881.TW,2026-09-24,151.5,153.0,150.0,150.0,150.0,8193074,TWD,TAI,Asia/Taipei,Yahoo Finance
2881.TW,2026-09-29,150.0,155.0,150.0,151.5,151.5,14036485,TWD,TAI,Asia/Taipei,Yahoo Finance
2881.TW,2026-09-30,153.0,153.5,151.0,151.0,151.0,11153899,TWD,TAI,Asia/Taipei,Yahoo Finance
2881.TW,2026-10-01,151.0,151.5,147.5,150.5,150.5,17965800,TWD,TAI,Asia/Taipei,Yahoo Finance
AAT,2026-08-17,22.81999969482422,22.81999969482422,22.459999084472656,22.649999618530273,22.30620574951172,412300,USD,NYQ,America/New_York,Yahoo Finance
AAT,2026-08-18,22.729999542236328,22.770000457763672,22.559999465942383,22.600000381469727,22.25696563720703,204800,USD,NYQ,America/New_York,Yahoo Finance
AAT,2026-08-19,22.670000076293945,22.940000534057617,22.610000610351562,22.799999237060547,22.453927993774414,221700,USD,NYQ,America/New_York,Yahoo Finance
AAT,2026-08-20,22.84000015258789,22.989999771118164,22.610000610351562,22.829999923706055,22.48347282409668,200400,USD,NYQ,America/New_York,Yahoo Finance
AAT,2026-08-21,22.809999465942383,22.889999389648438,22.690000534057617,22.829999923706055,22.48347282409668,567300,USD,NYQ,America/New_York,Yahoo Finance
AAT,2026-08-24,22.950000762939453,23.110000610351562,22.700000762939453,23.0,22.65089225769043,617200,USD,NYQ,America/New_York,Yahoo Finance
AAT,2026-08-25,23.110000610351562,23.149999618530273,22.899999618530273,23.09000015258789,22.739526748657227,343000,USD,NYQ,America/New_York,Yahoo Finance
AAT,2026-08-26,23.09000015258789,23.149999618530273,22.739999771118164,22.739999771118164,22.394840240478516,479900,USD,NYQ,America/New_York,Yahoo Finance
AAT,2026-08-27,22.940000534057617,22.940000534057617,22.459999084472656,22.5,22.15848159790039,591700,USD,NYQ,America/New_York,Yahoo Finance
AAT,2026-08-28,22.600000381469727,22.729999542236328,22.43000030517578,22.43000030517578,22.08954429626465,433000,USD,NYQ,America/New_York,Yahoo Finance
AAT,2026-08-31,22.43000030517578,22.5,22.229999542236328,22.459999084472656,22.119089126586914,659900,USD,NYQ,America/New_York,Yahoo Finance
AAT,2026-09-01,22.290000915527344,22.479999542236328,22.18000030517578,22.40999984741211,22.069849014282227,399000,USD,NYQ,America/New_York,Yahoo Finance
AAT,2026-09-02,22.510000228881836,22.600000381469727,22.329999923706055,22.399999618530273,22.059999465942383,562800,USD,NYQ,America/New_York,Yahoo Finance
AAT,2026-09-03,22.219999313354492,22.389999389648438,22.1299991607666,22.15999984741211,22.15999984741211,371000,USD,NYQ,America/New_York,Yahoo Finance
AAT,2026-09-04,22.020000457763672,22.40999984741211,21.950000762939453,22.040000915527344,22.040000915527344,480200,USD,NYQ,America/New_York,Yahoo Finance
AAT,2026-09-08,22.049999237060547,22.229999542236328,21.709999084472656,21.829999923706055,21.829999923706055,496100,USD,NYQ,America/New_York,Yahoo Finance
AAT,2026-09-09,21.799999237060547,21.93000030517578,21.399999618530273,21.579999923706055,21.579999923706055,475400,USD,NYQ,America/New_York,Yahoo Finance
AAT,2026-09-10,21.649999618530273,21.760000228881836,21.3799991607666,21.3799991607666,21.3799991607666,350600,USD,NYQ,America/New_York,Yahoo Finance
AAT,2026-09-11,21.59000015258789,21.65999984741211,21.479999542236328,21.5,21.5,504900,USD,NYQ,America/New_York,Yahoo Finance
AAT,2026-09-14,21.5,21.719999313354492,21.479999542236328,21.639999389648438,21.639999389648438,544900,USD,NYQ,America/New_York,Yahoo Finance
AAT,2026-09-15,21.5,21.690000534057617,21.43000030517578,21.6200008392334,21.6200008392334,482900,USD,NYQ,America/New_York,Yahoo Finance
AAT,2026-09-16,21.639999389648438,21.959999084472656,21.56999969482422,21.790000915527344,21.790000915527344,391800,USD,NYQ,America/New_York,Yahoo Finance
AAT,2026-09-17,21.950000762939453,22.229999542236328,21.799999237060547,22.1299991607666,22.1299991607666,754600,USD,NYQ,America/New_York,Yahoo Finance
AAT,2026-09-18,22.020000457763672,22.020000457763672,21.799999237060547,21.950000762939453,21.950000762939453,806800,USD,NYQ,America/New_York,Yahoo Finance
AAT,2026-09-21,22.110000610351562,22.1299991607666,21.8799991607666,21.979999542236328,21.979999542236328,393500,USD,NYQ,America/New_York,Yahoo Finance
AAT,2026-09-22,22.110000610351562,22.190000534057617,21.969999313354492,22.010000228881836,22.010000228881836,340700,USD,NYQ,America/New_York,Yahoo Finance
AAT,2026-09-23,21.8700008392334,21.90999984741211,21.43000030517578,21.489999771118164,21.489999771118164,358300,USD,NYQ,America/New_York,Yahoo Finance
AAT,2026-09-24,21.559999465942383,21.59000015258789,21.299999237060547,21.489999771118164,21.489999771118164,290800,USD,NYQ,America/New_York,Yahoo Finance
AAT,2026-09-25,21.56999969482422,21.690000534057617,21.219999313354492,21.579999923706055,21.579999923706055,379100,USD,NYQ,America/New_York,Yahoo Finance
AAT,2026-09-28,21.59000015258789,21.739999771118164,21.450000762939453,21.6299991607666,21.6299991607666,597200,USD,NYQ,America/New_York,Yahoo Finance
ACM,2026-08-17,62.52000045776367,63.02000045776367,61.400001525878906,62.220001220703125,62.220001220703125,2018200,USD,NYQ,America/New_York,Yahoo Finance
ACM,2026-08-18,62.599998474121094,62.790000915527344,61.650001525878906,61.720001220703125,61.720001220703125,1898000,USD,NYQ,America/New_York,Yahoo Finance
ACM,2026-08-19,61.939998626708984,65.19999694824219,61.70000076293945,65.04000091552734,65.04000091552734,2458700,USD,NYQ,America/New_York,Yahoo Finance
ACM,2026-08-20,64.7699966430664,66.05000305175781,64.13999938964844,65.18000030517578,65.18000030517578,2387600,USD,NYQ,America/New_York,Yahoo Finance
ACM,2026-08-21,64.94999694824219,65.66000366210938,64.62000274658203,64.79000091552734,64.79000091552734,1744400,USD,NYQ,America/New_York,Yahoo Finance
ACM,2026-08-24,64.79000091552734,65.41999816894531,64.26000213623047,64.98999786376953,64.98999786376953,1993100,USD,NYQ,America/New_York,Yahoo Finance
ACM,2026-08-25,65.38999938964844,65.5,61.779998779296875,62.779998779296875,62.779998779296875,1539000,USD,NYQ,America/New_York,Yahoo Finance
ACM,2026-08-26,62.88999938964844,65.55999755859375,62.88999938964844,65.11000061035156,65.11000061035156,2085800,USD,NYQ,America/New_York,Yahoo Finance
ACM,2026-08-27,65.23999786376953,66.31999969482422,64.33999633789062,66.23999786376953,66.23999786376953,2101000,USD,NYQ,America/New_York,Yahoo Finance
ACM,2026-08-28,66.25,70.5,65.9000015258789,69.16999816894531,69.16999816894531,7115600,USD,NYQ,America/New_York,Yahoo Finance
ACM,2026-08-31,68.5199966430664,69.5999984741211,67.26000213623047,67.43000030517578,67.43000030517578,4670900,USD,NYQ,America/New_York,Yahoo Finance
ACM,2026-09-01,66.94999694824219,68.3499984741211,65.45999908447266,66.2300033569336,66.2300033569336,2415400,USD,NYQ,America/New_York,Yahoo Finance
ACM,2026-09-02,65.9000015258789,66.62000274658203,65.41000366210938,66.45999908447266,66.45999908447266,2693000,USD,NYQ,America/New_York,Yahoo Finance
ACM,2026-09-03,67.31999969482422,68.19000244140625,65.8499984741211,66.83000183105469,66.83000183105469,1502500,USD,NYQ,America/New_York,Yahoo Finance
ACM,2026-09-04,66.0,67.30999755859375,65.5999984741211,66.58000183105469,66.58000183105469,1300100,USD,NYQ,America/New_York,Yahoo Finance
ACM,2026-09-08,66.9000015258789,67.29000091552734,65.5,66.04000091552734,66.04000091552734,1233200,USD,NYQ,America/New_York,Yahoo Finance
ACM,2026-09-09,65.58999633789062,66.0999984741211,63.27000045776367,64.0199966430664,64.0199966430664,1445000,USD,NYQ,America/New_York,Yahoo Finance
ACM,2026-09-10,63.630001068115234,64.3499984741211,62.470001220703125,62.88999938964844,62.88999938964844,1250500,USD,NYQ,America/New_York,Yahoo Finance
ACM,2026-09-11,63.27000045776367,64.11000061035156,62.790000915527344,63.529998779296875,63.529998779296875,820500,USD,NYQ,America/New_York,Yahoo Finance
ACM,2026-09-14,63.5099983215332,65.18000030517578,63.29999923706055,64.5999984741211,64.5999984741211,1369000,USD,NYQ,America/New_York,Yahoo Finance
ACM,2026-09-15,64.0199966430664,65.5999984741211,63.54999923706055,64.16000366210938,64.16000366210938,1475200,USD,NYQ,America/New_York,Yahoo Finance
ACM,2026-09-16,64.80000305175781,64.80000305175781,62.70000076293945,62.810001373291016,62.810001373291016,1626200,USD,NYQ,America/New_York,Yahoo Finance
ACM,2026-09-17,63.189998626708984,63.849998474121094,62.43000030517578,63.40999984741211,63.40999984741211,1075900,USD,NYQ,America/New_York,Yahoo Finance
ACM,2026-09-18,63.54999923706055,63.93000030517578,61.88999938964844,61.9900016784668,61.9900016784668,3658700,USD,NYQ,America/New_York,Yahoo Finance
ACM,2026-09-21,62.290000915527344,63.02000045776367,61.84000015258789,62.93000030517578,62.93000030517578,1347600,USD,NYQ,America/New_York,Yahoo Finance
ACM,2026-09-22,63.7400016784668,63.9900016784668,62.060001373291016,62.27000045776367,62.27000045776367,1262700,USD,NYQ,America/New_York,Yahoo Finance
ACM,2026-09-23,62.5,62.72999954223633,61.400001525878906,61.45000076293945,61.45000076293945,1096500,USD,NYQ,America/New_York,Yahoo Finance
ACM,2026-09-24,61.41999816894531,61.599998474121094,58.41999816894531,58.52000045776367,58.52000045776367,1401200,USD,NYQ,America/New_York,Yahoo Finance
ACM,2026-09-25,58.439998626708984,61.88999938964844,58.439998626708984,60.88999938964844,60.88999938964844,3563300,USD,NYQ,America/New_York,Yahoo Finance
ACM,2026-09-28,61.5,61.5,58.08000183105469,59.41999816894531,59.41999816894531,2224200,USD,NYQ,America/New_York,Yahoo Finance
ACRV,2026-08-21,2.2100000381469727,2.309999942779541,2.180000066757202,2.2100000381469727,2.2100000381469727,360800,USD,NGM,America/New_York,Yahoo Finance
ACRV,2026-08-24,2.190000057220459,2.2249999046325684,2.059999942779541,2.200000047683716,2.200000047683716,171000,USD,NGM,America/New_York,Yahoo Finance
ACRV,2026-08-25,2.190000057220459,2.255000114440918,2.1700000762939453,2.180000066757202,2.180000066757202,242700,USD,NGM,America/New_York,Yahoo Finance
ACRV,2026-08-26,2.1700000762939453,2.190000057220459,2.0799999237060547,2.0799999237060547,2.0799999237060547,160100,USD,NGM,America/New_York,Yahoo Finance
ACRV,2026-08-27,2.109999895095825,2.200000047683716,2.0799999237060547,2.1500000953674316,2.1500000953674316,188300,USD,NGM,America/New_York,Yahoo Finance
ACRV,2026-08-28,2.1600000858306885,2.190000057220459,2.049999952316284,2.059999942779541,2.059999942779541,217100,USD,NGM,America/New_York,Yahoo Finance
ACRV,2026-08-31,2.0399999618530273,2.109999895095825,2.0209999084472656,2.0899999141693115,2.0899999141693115,160100,USD,NGM,America/New_York,Yahoo Finance
ACRV,2026-09-01,2.069999933242798,2.125,2.0250000953674316,2.069999933242798,2.069999933242798,356500,USD,NGM,America/New_York,Yahoo Finance
ACRV,2026-09-02,2.069999933242798,2.200000047683716,2.049999952316284,2.1500000953674316,2.1500000953674316,131100,USD,NGM,America/New_York,Yahoo Finance
ACRV,2026-09-03,2.1500000953674316,2.1500000953674316,2.0450000762939453,2.059999942779541,2.059999942779541,118800,USD,NGM,America/New_York,Yahoo Finance
ACRV,2026-09-04,2.059999942779541,2.140000104904175,2.055000066757202,2.130000114440918,2.130000114440918,184500,USD,NGM,America/New_York,Yahoo Finance
ACRV,2026-09-08,2.130000114440918,2.174999952316284,2.069999933242798,2.0999999046325684,2.0999999046325684,126400,USD,NGM,America/New_York,Yahoo Finance
ACRV,2026-09-09,2.0999999046325684,2.1700000762939453,1.9900000095367432,1.9900000095367432,1.9900000095367432,238800,USD,NGM,America/New_York,Yahoo Finance
ACRV,2026-09-10,2.0299999713897705,2.059999942779541,1.9600000381469727,2.0399999618530273,2.0399999618530273,323900,USD,NGM,America/New_York,Yahoo Finance
ACRV,2026-09-11,2.049999952316284,2.059999942779541,1.9500000476837158,2.0,2.0,461600,USD,NGM,America/New_York,Yahoo Finance
ACRV,2026-09-14,1.9800000190734863,1.9900000095367432,1.940000057220459,1.9600000381469727,1.9600000381469727,208200,USD,NGM,America/New_York,Yahoo Finance
ACRV,2026-09-15,1.9700000286102295,1.975000023841858,1.8049999475479126,1.8300000429153442,1.8300000429153442,303700,USD,NGM,America/New_York,Yahoo Finance
ACRV,2026-09-16,1.850000023841858,1.899999976158142,1.6950000524520874,1.7000000476837158,1.7000000476837158,764300,USD,NGM,America/New_York,Yahoo Finance
ACRV,2026-09-17,1.7400000095367432,1.7699999809265137,1.6699999570846558,1.7000000476837158,1.7000000476837158,463700,USD,NGM,America/New_York,Yahoo Finance
ACRV,2026-09-18,1.7100000381469727,1.8949999809265137,1.690000057220459,1.850000023841858,1.850000023841858,477400,USD,NGM,America/New_York,Yahoo Finance
ACRV,2026-09-21,1.8899999856948853,2.0250000953674316,1.871000051498413,2.009999990463257,2.009999990463257,333900,USD,NGM,America/New_York,Yahoo Finance
ACRV,2026-09-22,2.0399999618530273,2.240000009536743,2.009999990463257,2.1500000953674316,2.1500000953674316,572500,USD,NGM,America/New_York,Yahoo Finance
ACRV,2026-09-23,2.140000104904175,2.1700000762939453,2.0250000953674316,2.059999942779541,2.059999942779541,433200,USD,NGM,America/New_York,Yahoo Finance
ACRV,2026-09-24,2.0999999046325684,2.1500000953674316,2.0399999618530273,2.119999885559082,2.119999885559082,316700,USD,NGM,America/New_York,Yahoo Finance
ACRV,2026-09-25,2.119999885559082,2.130000114440918,2.069999933242798,2.0999999046325684,2.0999999046325684,181900,USD,NGM,America/New_York,Yahoo Finance
ACRV,2026-09-28,2.0799999237060547,2.119999885559082,2.0250000953674316,2.059999942779541,2.059999942779541,231000,USD,NGM,America/New_York,Yahoo Finance
ACRV,2026-09-29,2.049999952316284,2.119999885559082,2.049999952316284,2.0799999237060547,2.0799999237060547,132500,USD,NGM,America/New_York,Yahoo Finance
ACRV,2026-09-30,2.0899999141693115,2.1600000858306885,2.0399999618530273,2.049999952316284,2.049999952316284,175100,USD,NGM,America/New_York,Yahoo Finance
ACRV,2026-10-01,2.0199999809265137,2.119999885559082,2.0,2.009999990463257,2.009999990463257,316900,USD,NGM,America/New_York,Yahoo Finance
ACRV,2026-10-02,2.049999952316284,2.059999942779541,1.9900000095367432,1.9900000095367432,1.9900000095367432,205100,USD,NGM,America/New_York,Yahoo Finance
ACV,2026-08-21,26.8700008392334,27.09000015258789,26.459999084472656,26.649999618530273,26.46641731262207,21500,USD,NYQ,America/New_York,Yahoo Finance
ACV,2026-08-24,26.690000534057617,26.89299964904785,26.329999923706055,26.459999084472656,26.277725219726562,10000,USD,NYQ,America/New_York,Yahoo Finance
ACV,2026-08-25,26.56999969482422,26.90999984741211,26.356000900268555,26.559999465942383,26.377037048339844,42200,USD,NYQ,America/New_York,Yahoo Finance
ACV,2026-08-26,26.43000030517578,26.690000534057617,26.204999923706055,26.43000030517578,26.247934341430664,48800,USD,NYQ,America/New_York,Yahoo Finance
ACV,2026-08-27,26.790000915527344,26.790000915527344,26.350000381469727,26.65999984741211,26.476348876953125,50200,USD,NYQ,America/New_York,Yahoo Finance
ACV,2026-08-28,26.75,26.75,26.260000228881836,26.450000762939453,26.267797470092773,23000,USD,NYQ,America/New_York,Yahoo Finance
ACV,2026-08-31,26.40999984741211,26.5,25.959999084472656,26.200000762939453,26.01951789855957,32800,USD,NYQ,America/New_York,Yahoo Finance
ACV,2026-09-01,25.829999923706055,26.270000457763672,25.704999923706055,25.940000534057617,25.761308670043945,34900,USD,NYQ,America/New_York,Yahoo Finance
ACV,2026-09-02,26.229999542236328,26.229999542236328,25.809999465942383,26.06999969482422,25.890413284301758,46300,USD,NYQ,America/New_York,Yahoo Finance
ACV,2026-09-03,26.100000381469727,26.43000030517578,26.010000228881836,26.15999984741211,25.979793548583984,11100,USD,NYQ,America/New_York,Yahoo Finance
ACV,2026-09-04,26.290000915527344,26.360000610351562,26.145000457763672,26.280000686645508,26.098966598510742,8600,USD,NYQ,America/New_York,Yahoo Finance
ACV,2026-09-08,26.360000610351562,26.540000915527344,26.010000228881836,26.5,26.31745147705078,15500,USD,NYQ,America/New_York,Yahoo Finance
ACV,2026-09-09,26.5,26.5049991607666,26.030000686645508,26.450000762939453,26.267797470092773,25100,USD,NYQ,America/New_York,Yahoo Finance
ACV,2026-09-10,26.280000686645508,26.3700008392334,25.950000762939453,26.0,25.82089614868164,37000,USD,NYQ,America/New_York,Yahoo Finance
ACV,2026-09-11,26.280000686645508,26.385000228881836,25.951000213623047,26.1299991607666,25.94999885559082,13300,USD,NYQ,America/New_York,Yahoo Finance
ACV,2026-09-14,26.739999771118164,26.739999771118164,25.3700008392334,25.6299991607666,25.6299991607666,12600,USD,NYQ,America/New_York,Yahoo Finance
ACV,2026-09-15,25.600000381469727,25.959999084472656,25.229999542236328,25.299999237060547,25.299999237060547,10300,USD,NYQ,America/New_York,Yahoo Finance
ACV,2026-09-16,25.360000610351562,25.790000915527344,24.729999542236328,25.34000015258789,25.34000015258789,20500,USD,NYQ,America/New_York,Yahoo Finance
ACV,2026-09-17,25.600000381469727,26.3799991607666,25.1200008392334,25.600000381469727,25.600000381469727,8200,USD,NYQ,America/New_York,Yahoo Finance
ACV,2026-09-18,25.639999389648438,26.200000762939453,25.25,25.459999084472656,25.459999084472656,13600,USD,NYQ,America/New_York,Yahoo Finance
ACV,2026-09-21,25.700000762939453,25.89900016784668,25.44499969482422,25.709999084472656,25.709999084472656,10900,USD,NYQ,America/New_York,Yahoo Finance
ACV,2026-09-22,25.56999969482422,25.799999237060547,25.489999771118164,25.6299991607666,25.6299991607666,25000,USD,NYQ,America/New_York,Yahoo Finance
ACV,2026-09-23,25.170000076293945,26.1299991607666,25.139999389648438,25.25,25.25,25000,USD,NYQ,America/New_York,Yahoo Finance
ACV,2026-09-24,25.15999984741211,25.28499984741211,24.719999313354492,24.940000534057617,24.940000534057617,29100,USD,NYQ,America/New_York,Yahoo Finance
ACV,2026-09-25,25.15999984741211,25.549999237060547,24.6299991607666,24.729999542236328,24.729999542236328,35200,USD,NYQ,America/New_York,Yahoo Finance
ACV,2026-09-28,24.670000076293945,25.344999313354492,24.209999084472656,24.43000030517578,24.43000030517578,29700,USD,NYQ,America/New_York,Yahoo Finance
ACV,2026-09-29,24.530000686645508,24.8700008392334,24.139999389648438,24.40999984741211,24.40999984741211,49400,USD,NYQ,America/New_York,Yahoo Finance
ACV,2026-09-30,24.15999984741211,24.625,24.1200008392334,24.18000030517578,24.18000030517578,45000,USD,NYQ,America/New_York,Yahoo Finance
ACV,2026-10-01,24.100000381469727,24.200000762939453,23.899999618530273,23.969999313354492,23.969999313354492,26700,USD,NYQ,America/New_York,Yahoo Finance
ACV,2026-10-02,24.170000076293945,24.368999481201172,24.100000381469727,24.229999542236328,24.229999542236328,40200,USD,NYQ,America/New_York,Yahoo Finance
ADBE,2026-08-17,259.8999938964844,261.6499938964844,251.1999969482422,254.0399932861328,254.0399932861328,3871100,USD,NMS,America/New_York,Yahoo Finance
ADBE,2026-08-18,259.8299865722656,267.3900146484375,258.19000244140625,263.1400146484375,263.1400146484375,4774100,USD,NMS,America/New_York,Yahoo Finance
ADBE,2026-08-19,262.19000244140625,275.79998779296875,261.6700134277344,272.4700012207031,272.4700012207031,5541800,USD,NMS,America/New_York,Yahoo Finance
ADBE,2026-08-20,272.7300109863281,274.25,269.6600036621094,272.2200012207031,272.2200012207031,2631400,USD,NMS,America/New_York,Yahoo Finance
ADBE,2026-08-21,272.3699951171875,277.1000061035156,269.9200134277344,275.29998779296875,275.29998779296875,4343100,USD,NMS,America/New_York,Yahoo Finance
ADBE,2026-08-24,275.0,279.0,273.25,276.2699890136719,276.2699890136719,3593200,USD,NMS,America/New_York,Yahoo Finance
ADBE,2026-08-25,270.760009765625,275.9100036621094,269.2799987792969,273.9200134277344,273.9200134277344,3137600,USD,NMS,America/New_York,Yahoo Finance
ADBE,2026-08-26,265.19000244140625,274.6000061035156,265.0400085449219,273.4700012207031,273.4700012207031,3630300,USD,NMS,America/New_York,Yahoo Finance
ADBE,2026-08-27,279.1600036621094,291.17999267578125,278.3699951171875,289.1499938964844,289.1499938964844,6521600,USD,NMS,America/New_York,Yahoo Finance
ADBE,2026-08-28,288.2200012207031,294.0899963378906,286.5199890136719,291.5199890136719,291.5199890136719,3649300,USD,NMS,America/New_York,Yahoo Finance
ADBE,2026-08-31,287.6499938964844,294.1300048828125,286.260009765625,292.7900085449219,292.7900085449219,5207600,USD,NMS,America/New_York,Yahoo Finance
ADBE,2026-09-01,288.260009765625,294.5299987792969,285.4800109863281,286.0799865722656,286.0799865722656,4449300,USD,NMS,America/New_York,Yahoo Finance
ADBE,2026-09-02,283.5,287.489990234375,279.42999267578125,279.7900085449219,279.7900085449219,3855000,USD,NMS,America/New_York,Yahoo Finance
ADBE,2026-09-03,285.4800109863281,292.8800048828125,283.8399963378906,285.75,285.75,3538800,USD,NMS,America/New_York,Yahoo Finance
ADBE,2026-09-04,274.4700012207031,275.9100036621094,263.92999267578125,266.510009765625,266.510009765625,6637100,USD,NMS,America/New_York,Yahoo Finance
ADBE,2026-09-08,262.80999755859375,262.80999755859375,254.25,257.260009765625,257.260009765625,5484900,USD,NMS,America/New_York,Yahoo Finance
ADBE,2026-09-09,258.1300048828125,259.42999267578125,254.39999389648438,254.86000061035156,254.86000061035156,4165500,USD,NMS,America/New_York,Yahoo Finance
ADBE,2026-09-10,251.80999755859375,255.0,247.19000244140625,248.8300018310547,248.8300018310547,10397200,USD,NMS,America/New_York,Yahoo Finance
ADBE,2026-09-11,242.1699981689453,255.3000030517578,241.50999450683594,252.22999572753906,252.22999572753906,10780400,USD,NMS,America/New_York,Yahoo Finance
ADBE,2026-09-14,261.510009765625,266.1000061035156,256.6600036621094,265.6000061035156,265.6000061035156,5718700,USD,NMS,America/New_York,Yahoo Finance
ADBE,2026-09-15,261.70001220703125,264.4599914550781,257.25,257.760009765625,257.760009765625,4888900,USD,NMS,America/New_York,Yahoo Finance
ADBE,2026-09-16,253.33999633789062,254.97999572753906,249.27000427246094,250.5,250.5,4469100,USD,NMS,America/New_York,Yahoo Finance
ADBE,2026-09-17,250.35000610351562,252.83999633789062,245.39999389648438,252.6699981689453,252.6699981689453,5111400,USD,NMS,America/New_York,Yahoo Finance
ADBE,2026-09-18,251.5800018310547,252.6699981689453,247.2100067138672,248.9199981689453,248.9199981689453,10194800,USD,NMS,America/New_York,Yahoo Finance
ADBE,2026-09-21,248.9199981689453,251.47999572753906,244.22999572753906,249.52000427246094,249.52000427246094,5179400,USD,NMS,America/New_York,Yahoo Finance
ADBE,2026-09-22,254.52000427246094,254.6699981689453,237.69000244140625,238.25,238.25,7368200,USD,NMS,America/New_York,Yahoo Finance
ADBE,2026-09-23,239.47999572753906,241.74000549316406,237.50999450683594,240.69000244140625,240.69000244140625,3855100,USD,NMS,America/New_York,Yahoo Finance
ADBE,2026-09-24,241.6699981689453,244.2100067138672,236.83999633789062,238.92999267578125,238.92999267578125,3673700,USD,NMS,America/New_York,Yahoo Finance
ADBE,2026-09-25,238.85000610351562,241.16000366210938,234.9600067138672,235.47000122070312,235.47000122070312,3112700,USD,NMS,America/New_York,Yahoo Finance
ADBE,2026-09-28,229.72000122070312,231.49000549316406,224.6699981689453,231.00999450683594,231.00999450683594,5208600,USD,NMS,America/New_York,Yahoo Finance
ADEA,2026-08-17,29.790000915527344,30.010000228881836,29.229999542236328,29.670000076293945,29.61348533630371,882505,USD,NMS,America/New_York,Yahoo Finance
ADEA,2026-08-18,28.565000534057617,28.959999084472656,27.770000457763672,28.020000457763672,27.966629028320312,1279794,USD,NMS,America/New_York,Yahoo Finance
ADEA,2026-08-19,28.299999237060547,28.416400909423828,26.700000762939453,27.489999771118164,27.437637329101562,783334,USD,NMS,America/New_York,Yahoo Finance
ADEA,2026-08-20,27.450000762939453,27.760000228881836,26.760000228881836,26.959999084472656,26.908645629882812,602448,USD,NMS,America/New_York,Yahoo Finance
ADEA,2026-08-21,27.280000686645508,27.290000915527344,26.149999618530273,26.25,26.19999885559082,553795,USD,NMS,America/New_York,Yahoo Finance
ADEA,2026-08-24,26.110000610351562,26.5,25.598499298095703,26.280000686645508,26.280000686645508,982189,USD,NMS,America/New_York,Yahoo Finance
ADEA,2026-08-25,26.780000686645508,27.295000076293945,26.059999465942383,27.1299991607666,27.1299991607666,784536,USD,NMS,America/New_York,Yahoo Finance
ADEA,2026-08-26,26.940000534057617,27.530000686645508,26.079999923706055,26.1299991607666,26.1299991607666,786019,USD,NMS,America/New_York,Yahoo Finance
ADEA,2026-08-27,26.700000762939453,27.110000610351562,26.09000015258789,26.219999313354492,26.219999313354492,814657,USD,NMS,America/New_York,Yahoo Finance
ADEA,2026-08-28,26.049999237060547,26.28499984741211,25.639999389648438,25.719999313354492,25.719999313354492,934005,USD,NMS,America/New_York,Yahoo Finance
ADEA,2026-08-31,25.639999389648438,25.899999618530273,25.030000686645508,25.229999542236328,25.229999542236328,998568,USD,NMS,America/New_York,Yahoo Finance
ADEA,2026-09-01,24.990999221801758,25.0,24.15999984741211,24.3700008392334,24.3700008392334,812533,USD,NMS,America/New_York,Yahoo Finance
ADEA,2026-09-02,24.469999313354492,25.0049991607666,24.450000762939453,24.979999542236328,24.979999542236328,681263,USD,NMS,America/New_York,Yahoo Finance
ADEA,2026-09-03,25.09000015258789,25.649999618530273,24.853500366210938,25.459999084472656,25.459999084472656,727577,USD,NMS,America/New_York,Yahoo Finance
ADEA,2026-09-04,25.530000686645508,26.6299991607666,25.399999618530273,26.5,26.5,848617,USD,NMS,America/New_York,Yahoo Finance
ADEA,2026-09-08,26.100000381469727,27.389999389648438,26.100000381469727,27.200000762939453,27.200000762939453,786744,USD,NMS,America/New_York,Yahoo Finance
ADEA,2026-09-09,27.200000762939453,27.3700008392334,26.5,26.790000915527344,26.790000915527344,649725,USD,NMS,America/New_York,Yahoo Finance
ADEA,2026-09-10,26.1200008392334,26.790000915527344,26.100000381469727,26.30500030517578,26.30500030517578,732220,USD,NMS,America/New_York,Yahoo Finance
ADEA,2026-09-11,26.809999465942383,27.09000015258789,26.59000015258789,26.709999084472656,26.709999084472656,572687,USD,NMS,America/New_York,Yahoo Finance
ADEA,2026-09-14,25.719999313354492,26.0,24.579999923706055,24.65999984741211,24.65999984741211,1040685,USD,NMS,America/New_York,Yahoo Finance
ADEA,2026-09-15,24.700000762939453,25.05900001525879,24.68000030517578,24.899999618530273,24.899999618530273,1141326,USD,NMS,America/New_York,Yahoo Finance
ADEA,2026-09-16,24.969999313354492,25.420000076293945,24.65999984741211,24.969999313354492,24.969999313354492,1308462,USD,NMS,America/New_York,Yahoo Finance
ADEA,2026-09-17,25.600000381469727,25.700000762939453,24.899999618530273,24.920000076293945,24.920000076293945,652009,USD,NMS,America/New_York,Yahoo Finance
ADEA,2026-09-18,25.09000015258789,25.219999313354492,24.3700008392334,24.81999969482422,24.81999969482422,1876243,USD,NMS,America/New_York,Yahoo Finance
ADEA,2026-09-21,25.040000915527344,25.625,24.764999389648438,25.530000686645508,25.530000686645508,730329,USD,NMS,America/New_York,Yahoo Finance
ADEA,2026-09-22,25.6200008392334,25.93000030517578,25.06999969482422,25.829999923706055,25.829999923706055,725894,USD,NMS,America/New_York,Yahoo Finance
ADEA,2026-09-23,25.690000534057617,25.739999771118164,24.6200008392334,25.049999237060547,25.049999237060547,723234,USD,NMS,America/New_York,Yahoo Finance
ADEA,2026-09-24,24.559999465942383,25.139999389648438,24.399999618530273,25.010000228881836,25.010000228881836,734224,USD,NMS,America/New_York,Yahoo Finance
ADEA,2026-09-25,25.229999542236328,25.6200008392334,24.899999618530273,25.479999542236328,25.479999542236328,775427,USD,NMS,America/New_York,Yahoo Finance
ADEA,2026-09-28,25.190000534057617,25.190000534057617,24.469999313354492,24.920000076293945,24.920000076293945,692332,USD,NMS,America/New_York,Yahoo Finance
AG,2026-08-17,19.530000686645508,19.940000534057617,19.200000762939453,19.56999969482422,19.56999969482422,7440100,USD,NYQ,America/New_York,Yahoo Finance
AG,2026-08-18,19.0,19.219999313354492,18.469999313354492,18.479999542236328,18.479999542236328,8274700,USD,NYQ,America/New_York,Yahoo Finance
AG,2026-08-19,19.799999237060547,20.8799991607666,19.700000762939453,20.850000381469727,20.850000381469727,16140300,USD,NYQ,America/New_York,Yahoo Finance
AG,2026-08-20,20.549999237060547,21.690000534057617,20.510000228881836,21.190000534057617,21.190000534057617,12160700,USD,NYQ,America/New_York,Yahoo Finance
AG,2026-08-21,21.899999618530273,22.020000457763672,21.059999465942383,21.09000015258789,21.09000015258789,12885400,USD,NYQ,America/New_York,Yahoo Finance
AG,2026-08-24,21.299999237060547,21.520000457763672,20.520000457763672,20.829999923706055,20.829999923706055,9118700,USD,NYQ,America/New_York,Yahoo Finance
AG,2026-08-25,20.31999969482422,21.280000686645508,20.290000915527344,21.239999771118164,21.239999771118164,7955400,USD,NYQ,America/New_York,Yahoo Finance
AG,2026-08-26,20.6299991607666,21.309999465942383,20.6299991607666,20.989999771118164,20.989999771118164,6854700,USD,NYQ,America/New_York,Yahoo Finance
AG,2026-08-27,20.93000030517578,21.8700008392334,20.920000076293945,21.739999771118164,21.739999771118164,8450200,USD,NYQ,America/New_York,Yahoo Finance
AG,2026-08-28,22.149999618530273,22.190000534057617,20.3799991607666,20.760000228881836,20.760000228881836,14989300,USD,NYQ,America/New_York,Yahoo Finance
AG,2026-08-31,20.760000228881836,20.760000228881836,20.190000534057617,20.59000015258789,20.59000015258789,6944900,USD,NYQ,America/New_York,Yahoo Finance
AG,2026-09-01,19.729999542236328,20.770000457763672,19.549999237060547,19.860000610351562,19.860000610351562,12433800,USD,NYQ,America/New_York,Yahoo Finance
AG,2026-09-02,20.479999542236328,21.229999542236328,20.399999618530273,21.200000762939453,21.200000762939453,9551800,USD,NYQ,America/New_York,Yahoo Finance
AG,2026-09-03,22.0,22.030000686645508,20.959999084472656,21.389999389648438,21.389999389648438,10076800,USD,NYQ,America/New_York,Yahoo Finance
AG,2026-09-04,20.709999084472656,21.229999542236328,20.489999771118164,20.969999313354492,20.969999313354492,7556600,USD,NYQ,America/New_York,Yahoo Finance
AG,2026-09-08,20.989999771118164,21.219999313354492,20.719999313354492,20.75,20.75,6689200,USD,NYQ,America/New_York,Yahoo Finance
AG,2026-09-09,21.209999084472656,21.489999771118164,20.8700008392334,21.18000030517578,21.18000030517578,9402100,USD,NYQ,America/New_York,Yahoo Finance
AG,2026-09-10,20.139999389648438,20.59000015258789,19.920000076293945,20.149999618530273,20.149999618530273,9077600,USD,NYQ,America/New_York,Yahoo Finance
AG,2026-09-11,20.459999084472656,20.75,19.43000030517578,19.559999465942383,19.559999465942383,9409800,USD,NYQ,America/New_York,Yahoo Finance
AG,2026-09-14,18.81999969482422,19.06999969482422,18.43000030517578,18.799999237060547,18.799999237060547,9375400,USD,NYQ,America/New_York,Yahoo Finance
AG,2026-09-15,18.90999984741211,19.010000228881836,18.280000686645508,18.639999389648438,18.639999389648438,5484800,USD,NYQ,America/New_York,Yahoo Finance
AG,2026-09-16,19.059999465942383,19.18000030517578,17.93000030517578,18.329999923706055,18.329999923706055,11636400,USD,NYQ,America/New_York,Yahoo Finance
AG,2026-09-17,19.25,19.639999389648438,18.969999313354492,19.489999771118164,19.489999771118164,7590600,USD,NYQ,America/New_York,Yahoo Finance
AG,2026-09-18,19.709999084472656,19.950000762939453,19.270000457763672,19.84000015258789,19.84000015258789,12018400,USD,NYQ,America/New_York,Yahoo Finance
AG,2026-09-21,19.959999084472656,20.09000015258789,19.020000457763672,19.309999465942383,19.309999465942383,10516700,USD,NYQ,America/New_York,Yahoo Finance
AG,2026-09-22,19.3700008392334,20.450000762939453,19.239999771118164,20.31999969482422,20.31999969482422,10034600,USD,NYQ,America/New_York,Yahoo Finance
AG,2026-09-23,19.6200008392334,19.719999313354492,18.889999389648438,19.049999237060547,19.049999237060547,10638100,USD,NYQ,America/New_York,Yahoo Finance
AG,2026-09-24,18.850000381469727,18.899999618530273,18.3799991607666,18.760000228881836,18.760000228881836,8719700,USD,NYQ,America/New_York,Yahoo Finance
AG,2026-09-25,18.760000228881836,19.1200008392334,18.510000228881836,19.010000228881836,19.010000228881836,6029300,USD,NYQ,America/New_York,Yahoo Finance
AG,2026-09-28,17.860000610351562,18.270000457763672,17.610000610351562,17.950000762939453,17.950000762939453,10066300,USD,NYQ,America/New_York,Yahoo Finance
AGI,2026-08-17,33.65999984741211,34.56999969482422,33.5,33.9900016784668,33.95318603515625,3869300,USD,NYQ,America/New_York,Yahoo Finance
AGI,2026-08-18,33.38999938964844,33.68000030517578,32.84000015258789,32.900001525878906,32.86436462402344,2988800,USD,NYQ,America/New_York,Yahoo Finance
AGI,2026-08-19,34.540000915527344,36.34000015258789,34.540000915527344,35.7400016784668,35.701290130615234,6595600,USD,NYQ,America/New_York,Yahoo Finance
AGI,2026-08-20,35.349998474121094,36.7599983215332,35.349998474121094,36.689998626708984,36.6502571105957,4889700,USD,NYQ,America/New_York,Yahoo Finance
AGI,2026-08-21,37.93000030517578,38.2599983215332,37.45000076293945,37.86000061035156,37.818992614746094,7145900,USD,NYQ,America/New_York,Yahoo Finance
AGI,2026-08-24,38.150001525878906,38.810001373291016,37.45000076293945,38.31999969482422,38.27849578857422,5660800,USD,NYQ,America/New_York,Yahoo Finance
AGI,2026-08-25,37.619998931884766,39.11000061035156,37.52000045776367,39.02000045776367,38.97773742675781,4306400,USD,NYQ,America/New_York,Yahoo Finance
AGI,2026-08-26,38.08000183105469,38.56999969482422,37.52000045776367,37.54999923706055,37.50932693481445,2813700,USD,NYQ,America/New_York,Yahoo Finance
AGI,2026-08-27,37.540000915527344,38.209999084472656,37.43000030517578,37.880001068115234,37.83897018432617,2342600,USD,NYQ,America/New_York,Yahoo Finance
AGI,2026-08-28,38.099998474121094,38.15999984741211,36.310001373291016,36.75,36.7101936340332,4511800,USD,NYQ,America/New_York,Yahoo Finance
AGI,2026-08-31,36.41999816894531,37.189998626708984,35.66999816894531,36.61000061035156,36.57034683227539,3175600,USD,NYQ,America/New_York,Yahoo Finance
AGI,2026-09-01,35.20000076293945,36.209999084472656,34.84000015258789,34.91999816894531,34.88217544555664,3459100,USD,NYQ,America/New_York,Yahoo Finance
AGI,2026-09-02,35.77000045776367,36.63999938964844,35.63999938964844,36.130001068115234,36.09086608886719,2575600,USD,NYQ,America/New_York,Yahoo Finance
AGI,2026-09-03,37.400001525878906,37.84000015258789,36.529998779296875,37.689998626708984,37.649173736572266,4229200,USD,NYQ,America/New_York,Yahoo Finance
AGI,2026-09-04,36.7400016784668,37.459999084472656,36.66999816894531,36.970001220703125,36.92995834350586,2730200,USD,NYQ,America/New_York,Yahoo Finance
AGI,2026-09-08,36.70000076293945,37.060001373291016,36.43000030517578,36.45000076293945,36.410518646240234,2300500,USD,NYQ,America/New_York,Yahoo Finance
AGI,2026-09-09,37.22999954223633,37.790000915527344,36.72999954223633,36.93000030517578,36.88999938964844,2141200,USD,NYQ,America/New_York,Yahoo Finance
AGI,2026-09-10,35.70000076293945,36.099998474121094,35.4900016784668,35.66999816894531,35.66999816894531,2957100,USD,NYQ,America/New_York,Yahoo Finance
AGI,2026-09-11,36.25,36.869998931884766,35.619998931884766,35.91999816894531,35.91999816894531,2573900,USD,NYQ,America/New_York,Yahoo Finance
AGI,2026-09-14,34.900001525878906,35.900001525878906,34.68000030517578,35.65999984741211,35.65999984741211,2971400,USD,NYQ,America/New_York,Yahoo Finance
AGI,2026-09-15,35.77000045776367,35.869998931884766,34.70000076293945,35.16999816894531,35.16999816894531,4385900,USD,NYQ,America/New_York,Yahoo Finance
AGI,2026-09-16,36.0,36.02000045776367,33.970001220703125,34.45000076293945,34.45000076293945,5560800,USD,NYQ,America/New_York,Yahoo Finance
AGI,2026-09-17,35.61000061035156,36.18000030517578,34.9900016784668,35.7599983215332,35.7599983215332,3197800,USD,NYQ,America/New_York,Yahoo Finance
AGI,2026-09-18,36.029998779296875,36.099998474121094,35.290000915527344,35.720001220703125,35.720001220703125,6834100,USD,NYQ,America/New_York,Yahoo Finance
AGI,2026-09-21,35.63999938964844,35.650001525878906,34.790000915527344,35.209999084472656,35.209999084472656,2656900,USD,NYQ,America/New_York,Yahoo Finance
AGI,2026-09-22,35.220001220703125,36.41999816894531,35.119998931884766,36.290000915527344,36.290000915527344,4539400,USD,NYQ,America/New_York,Yahoo Finance
AGI,2026-09-23,35.150001525878906,35.31999969482422,34.33000183105469,34.4900016784668,34.4900016784668,4358200,USD,NYQ,America/New_York,Yahoo Finance
AGI,2026-09-24,33.959999084472656,34.220001220703125,33.47999954223633,34.099998474121094,34.099998474121094,4459100,USD,NYQ,America/New_York,Yahoo Finance
AGI,2026-09-25,34.150001525878906,34.59000015258789,33.81999969482422,34.5,34.5,3264600,USD,NYQ,America/New_York,Yahoo Finance
AGI,2026-09-28,32.599998474121094,33.2599983215332,32.11000061035156,32.720001220703125,32.720001220703125,5110400,USD,NYQ,America/New_York,Yahoo Finance
AIO,2026-08-17,26.709999084472656,27.09000015258789,26.642000198364258,26.950000762939453,26.75924301147461,76700,USD,NYQ,America/New_York,Yahoo Finance
AIO,2026-08-18,26.790000915527344,26.850000381469727,26.31999969482422,26.469999313354492,26.282638549804688,70300,USD,NYQ,America/New_York,Yahoo Finance
AIO,2026-08-19,26.56999969482422,26.700000762939453,26.0,26.229999542236328,26.04433822631836,57500,USD,NYQ,America/New_York,Yahoo Finance
AIO,2026-08-20,25.959999084472656,26.149999618530273,25.5,25.649999618530273,25.468442916870117,58400,USD,NYQ,America/New_York,Yahoo Finance
AIO,2026-08-21,25.799999237060547,25.860000610351562,25.49799919128418,25.729999542236328,25.547876358032227,47500,USD,NYQ,America/New_York,Yahoo Finance
AIO,2026-08-24,25.600000381469727,25.725000381469727,25.31999969482422,25.59000015258789,25.40886878967285,82600,USD,NYQ,America/New_York,Yahoo Finance
AIO,2026-08-25,25.75,25.889999389648438,25.608999252319336,25.889999389648438,25.706743240356445,38000,USD,NYQ,America/New_York,Yahoo Finance
AIO,2026-08-26,25.889999389648438,26.149999618530273,25.735000610351562,26.0,25.81596565246582,36500,USD,NYQ,America/New_York,Yahoo Finance
AIO,2026-08-27,26.010000228881836,26.5049991607666,25.950000762939453,26.399999618530273,26.213134765625,110200,USD,NYQ,America/New_York,Yahoo Finance
AIO,2026-08-28,26.31999969482422,26.610000610351562,26.0,26.229999542236328,26.04433822631836,127700,USD,NYQ,America/New_York,Yahoo Finance
AIO,2026-08-31,26.100000381469727,26.27899932861328,25.90999984741211,26.260000228881836,26.074125289916992,84800,USD,NYQ,America/New_York,Yahoo Finance
AIO,2026-09-01,26.040000915527344,26.040000915527344,25.7549991607666,25.799999237060547,25.617380142211914,42600,USD,NYQ,America/New_York,Yahoo Finance
AIO,2026-09-02,25.8700008392334,25.8700008392334,25.56999969482422,25.829999923706055,25.64716911315918,46300,USD,NYQ,America/New_York,Yahoo Finance
AIO,2026-09-03,25.920000076293945,26.020000457763672,25.7450008392334,26.0,25.81596565246582,37000,USD,NYQ,America/New_York,Yahoo Finance
AIO,2026-09-04,26.040000915527344,26.19499969482422,25.850000381469727,25.959999084472656,25.776248931884766,42600,USD,NYQ,America/New_York,Yahoo Finance
AIO,2026-09-08,26.049999237060547,26.1200008392334,25.75,25.899999618530273,25.716672897338867,50500,USD,NYQ,America/New_York,Yahoo Finance
AIO,2026-09-09,25.829999923706055,26.110000610351562,25.729999542236328,25.770000457763672,25.587594985961914,76100,USD,NYQ,America/New_York,Yahoo Finance
AIO,2026-09-10,25.600000381469727,25.899999618530273,25.3799991607666,25.489999771118164,25.3095760345459,66600,USD,NYQ,America/New_York,Yahoo Finance
AIO,2026-09-11,25.670000076293945,25.826000213623047,25.3799991607666,25.43000030517578,25.25,48900,USD,NYQ,America/New_York,Yahoo Finance
AIO,2026-09-14,24.850000381469727,25.0,24.540000915527344,24.65999984741211,24.65999984741211,85900,USD,NYQ,America/New_York,Yahoo Finance
AIO,2026-09-15,24.59000015258789,24.65999984741211,23.979999542236328,24.1200008392334,24.1200008392334,104400,USD,NYQ,America/New_York,Yahoo Finance
AIO,2026-09-16,24.25,24.440000534057617,24.0,24.0,24.0,76900,USD,NYQ,America/New_York,Yahoo Finance
AIO,2026-09-17,24.360000610351562,24.700000762939453,24.350000381469727,24.59000015258789,24.59000015258789,46100,USD,NYQ,America/New_York,Yahoo Finance
AIO,2026-09-18,24.610000610351562,24.75,24.59000015258789,24.649999618530273,24.649999618530273,46000,USD,NYQ,America/New_York,Yahoo Finance
AIO,2026-09-21,24.920000076293945,25.15999984741211,24.575000762939453,25.1299991607666,25.1299991607666,59500,USD,NYQ,America/New_York,Yahoo Finance
AIO,2026-09-22,25.139999389648438,25.55900001525879,24.950000762939453,25.3700008392334,25.3700008392334,31000,USD,NYQ,America/New_York,Yahoo Finance
AIO,2026-09-23,25.18000030517578,25.4950008392334,24.799999237060547,24.950000762939453,24.950000762939453,54600,USD,NYQ,America/New_York,Yahoo Finance
AIO,2026-09-24,24.809999465942383,25.739999771118164,24.639999389648438,24.780000686645508,24.780000686645508,61300,USD,NYQ,America/New_York,Yahoo Finance
AIO,2026-09-25,24.790000915527344,25.295000076293945,24.65999984741211,24.770000457763672,24.770000457763672,86900,USD,NYQ,America/New_York,Yahoo Finance
AIO,2026-09-28,24.75,25.639999389648438,24.600000381469727,24.989999771118164,24.989999771118164,119900,USD,NYQ,America/New_York,Yahoo Finance
ALG,2026-08-17,163.92999267578125,165.61000061035156,161.75,161.8699951171875,161.8699951171875,202800,USD,NYQ,America/New_York,Yahoo Finance
ALG,2026-08-18,162.6300048828125,164.8699951171875,158.8000030517578,159.25,159.25,224900,USD,NYQ,America/New_York,Yahoo Finance
ALG,2026-08-19,159.91000366210938,163.00999450683594,159.38999938964844,162.3699951171875,162.3699951171875,132600,USD,NYQ,America/New_York,Yahoo Finance
ALG,2026-08-20,160.6999969482422,163.94000244140625,160.47999572753906,162.4600067138672,162.4600067138672,126600,USD,NYQ,America/New_York,Yahoo Finance
ALG,2026-08-21,163.72999572753906,165.3000030517578,161.10000610351562,164.39999389648438,164.39999389648438,146400,USD,NYQ,America/New_York,Yahoo Finance
ALG,2026-08-24,165.1699981689453,166.9199981689453,164.36000061035156,165.24000549316406,165.24000549316406,218300,USD,NYQ,America/New_York,Yahoo Finance
ALG,2026-08-25,166.77000427246094,166.77000427246094,161.07000732421875,162.0800018310547,162.0800018310547,132400,USD,NYQ,America/New_York,Yahoo Finance
ALG,2026-08-26,162.75999450683594,165.7899932861328,160.72000122070312,164.7899932861328,164.7899932861328,187600,USD,NYQ,America/New_York,Yahoo Finance
ALG,2026-08-27,163.41000366210938,165.10000610351562,160.1300048828125,164.1199951171875,164.1199951171875,146900,USD,NYQ,America/New_York,Yahoo Finance
ALG,2026-08-28,163.9600067138672,165.5,161.77999877929688,165.27000427246094,165.27000427246094,146500,USD,NYQ,America/New_York,Yahoo Finance
ALG,2026-08-31,163.6300048828125,166.0,163.3699951171875,164.5800018310547,164.5800018310547,119900,USD,NYQ,America/New_York,Yahoo Finance
ALG,2026-09-01,163.5500030517578,165.25999450683594,162.99000549316406,164.10000610351562,164.10000610351562,156300,USD,NYQ,America/New_York,Yahoo Finance
ALG,2026-09-02,165.07000732421875,173.83999633789062,164.24000549316406,171.30999755859375,171.30999755859375,150600,USD,NYQ,America/New_York,Yahoo Finance
ALG,2026-09-03,173.11000061035156,173.97999572753906,166.8300018310547,171.5399932861328,171.5399932861328,180000,USD,NYQ,America/New_York,Yahoo Finance
ALG,2026-09-04,169.8000030517578,175.08999633789062,169.25,173.55999755859375,173.55999755859375,178900,USD,NYQ,America/New_York,Yahoo Finance
ALG,2026-09-08,172.4600067138672,174.5,170.97999572753906,172.52999877929688,172.52999877929688,152400,USD,NYQ,America/New_York,Yahoo Finance
ALG,2026-09-09,171.74000549316406,174.9499969482422,169.2899932861328,171.6199951171875,171.6199951171875,198100,USD,NYQ,America/New_York,Yahoo Finance
ALG,2026-09-10,169.3000030517578,173.8800048828125,166.80999755859375,167.27999877929688,167.27999877929688,134000,USD,NYQ,America/New_York,Yahoo Finance
ALG,2026-09-11,170.72999572753906,170.75999450683594,166.72000122070312,169.0800018310547,169.0800018310547,134600,USD,NYQ,America/New_York,Yahoo Finance
ALG,2026-09-14,166.77000427246094,170.6199951171875,166.0,168.4600067138672,168.4600067138672,122500,USD,NYQ,America/New_York,Yahoo Finance
ALG,2026-09-15,168.75,170.0,166.6999969482422,169.47000122070312,169.47000122070312,155800,USD,NYQ,America/New_York,Yahoo Finance
ALG,2026-09-16,170.4499969482422,170.6300048828125,165.52999877929688,168.4199981689453,168.4199981689453,139300,USD,NYQ,America/New_York,Yahoo Finance
ALG,2026-09-17,170.52000427246094,170.52000427246094,166.52000427246094,168.6199951171875,168.6199951171875,166400,USD,NYQ,America/New_York,Yahoo Finance
ALG,2026-09-18,168.4600067138672,171.77000427246094,165.5,166.64999389648438,166.64999389648438,626900,USD,NYQ,America/New_York,Yahoo Finance
ALG,2026-09-21,167.9499969482422,169.0,162.41000366210938,164.8699951171875,164.8699951171875,198700,USD,NYQ,America/New_York,Yahoo Finance
ALG,2026-09-22,167.22999572753906,168.6999969482422,164.8699951171875,165.50999450683594,165.50999450683594,224700,USD,NYQ,America/New_York,Yahoo Finance
ALG,2026-09-23,164.9600067138672,165.97999572753906,163.60000610351562,164.63999938964844,164.63999938964844,314900,USD,NYQ,America/New_York,Yahoo Finance
ALG,2026-09-24,164.11000061035156,164.94000244140625,154.1999969482422,159.02999877929688,159.02999877929688,247900,USD,NYQ,America/New_York,Yahoo Finance
ALG,2026-09-25,159.8300018310547,162.3300018310547,158.0800018310547,159.4499969482422,159.4499969482422,277600,USD,NYQ,America/New_York,Yahoo Finance
ALG,2026-09-28,158.44000244140625,160.0,155.8000030517578,157.72000122070312,157.72000122070312,238900,USD,NYQ,America/New_York,Yahoo Finance
ALLE,2026-08-17,163.60000610351562,163.86000061035156,162.10000610351562,162.10000610351562,161.5262451171875,1272900,USD,NYQ,America/New_York,Yahoo Finance
ALLE,2026-08-18,162.77999877929688,163.22999572753906,159.82000732421875,159.8300018310547,159.2642822265625,887100,USD,NYQ,America/New_York,Yahoo Finance
ALLE,2026-08-19,161.47000122070312,166.6300048828125,160.9600067138672,162.75999450683594,162.18389892578125,939600,USD,NYQ,America/New_York,Yahoo Finance
ALLE,2026-08-20,160.9199981689453,163.41000366210938,160.1199951171875,161.72000122070312,161.14759826660156,935500,USD,NYQ,America/New_York,Yahoo Finance
ALLE,2026-08-21,162.1699981689453,164.1699981689453,161.7899932861328,162.30999755859375,161.73550415039062,936200,USD,NYQ,America/New_York,Yahoo Finance
ALLE,2026-08-24,163.0,166.02000427246094,161.69000244140625,162.6300048828125,162.05438232421875,1329600,USD,NYQ,America/New_York,Yahoo Finance
ALLE,2026-08-25,163.60000610351562,163.67999267578125,159.97999572753906,160.3699951171875,159.8023681640625,1016500,USD,NYQ,America/New_York,Yahoo Finance
ALLE,2026-08-26,160.0500030517578,161.9199981689453,159.3699951171875,160.27999877929688,159.7126922607422,993500,USD,NYQ,America/New_York,Yahoo Finance
ALLE,2026-08-27,158.72000122070312,160.2100067138672,157.39999389648438,159.72000122070312,159.15467834472656,1019200,USD,NYQ,America/New_York,Yahoo Finance
ALLE,2026-08-28,160.00999450683594,160.89999389648438,156.3699951171875,157.47999572753906,156.92259216308594,1202000,USD,NYQ,America/New_York,Yahoo Finance
ALLE,2026-08-31,156.3800048828125,156.82000732421875,154.61000061035156,155.25,154.7004852294922,7471000,USD,NYQ,America/New_York,Yahoo Finance
ALLE,2026-09-01,155.83999633789062,156.64999389648438,151.74000549316406,151.82000732421875,151.2826385498047,1146000,USD,NYQ,America/New_York,Yahoo Finance
ALLE,2026-09-02,152.64999389648438,157.35000610351562,151.22999572753906,155.07000732421875,154.52113342285156,1204900,USD,NYQ,America/New_York,Yahoo Finance
ALLE,2026-09-03,156.8300018310547,158.57000732421875,154.41000366210938,155.55999755859375,155.0093994140625,1022200,USD,NYQ,America/New_York,Yahoo Finance
ALLE,2026-09-04,155.49000549316406,157.27000427246094,155.22999572753906,157.1199951171875,156.56387329101562,746300,USD,NYQ,America/New_York,Yahoo Finance
ALLE,2026-09-08,157.4199981689453,158.3000030517578,155.35000610351562,156.0500030517578,155.49766540527344,770000,USD,NYQ,America/New_York,Yahoo Finance
ALLE,2026-09-09,154.7899932861328,155.38999938964844,151.3300018310547,151.72999572753906,151.1929473876953,838300,USD,NYQ,America/New_York,Yahoo Finance
ALLE,2026-09-10,151.66000366210938,152.39999389648438,150.69000244140625,151.27000427246094,150.73458862304688,812500,USD,NYQ,America/New_York,Yahoo Finance
ALLE,2026-09-11,152.94000244140625,153.8699951171875,151.75,153.35000610351562,152.80722045898438,1061000,USD,NYQ,America/New_York,Yahoo Finance
ALLE,2026-09-14,151.77000427246094,156.49000549316406,151.77000427246094,155.38999938964844,154.83999633789062,1256600,USD,NYQ,America/New_York,Yahoo Finance
ALLE,2026-09-15,154.61000061035156,155.00999450683594,153.75999450683594,154.60000610351562,154.60000610351562,1065500,USD,NYQ,America/New_York,Yahoo Finance
ALLE,2026-09-16,155.2100067138672,155.7899932861328,151.6199951171875,152.80999755859375,152.80999755859375,1044100,USD,NYQ,America/New_York,Yahoo Finance
ALLE,2026-09-17,155.02000427246094,155.5399932861328,152.52999877929688,153.6300048828125,153.6300048828125,1006900,USD,NYQ,America/New_York,Yahoo Finance
ALLE,2026-09-18,153.4600067138672,154.0800018310547,151.14999389648438,152.27999877929688,152.27999877929688,2416300,USD,NYQ,America/New_York,Yahoo Finance
ALLE,2026-09-21,153.08999633789062,153.08999633789062,151.35000610351562,151.36000061035156,151.36000061035156,1528000,USD,NYQ,America/New_York,Yahoo Finance
ALLE,2026-09-22,153.52999877929688,154.32000732421875,152.41000366210938,153.9499969482422,153.9499969482422,1031300,USD,NYQ,America/New_York,Yahoo Finance
ALLE,2026-09-23,153.02000427246094,155.6199951171875,153.02000427246094,154.08999633789062,154.08999633789062,902800,USD,NYQ,America/New_York,Yahoo Finance
ALLE,2026-09-24,153.63999938964844,154.2899932861328,151.3300018310547,152.47999572753906,152.47999572753906,986000,USD,NYQ,America/New_York,Yahoo Finance
ALLE,2026-09-25,152.64999389648438,155.83999633789062,152.5399932861328,154.47000122070312,154.47000122070312,654800,USD,NYQ,America/New_York,Yahoo Finance
ALLE,2026-09-28,153.0399932861328,155.91000366210938,152.4199981689453,155.3800048828125,155.3800048828125,1003200,USD,NYQ,America/New_York,Yahoo Finance
ALRS,2026-08-17,33.630001068115234,33.709999084472656,33.40999984741211,33.4900016784668,33.261260986328125,116100,USD,NCM,America/New_York,Yahoo Finance
ALRS,2026-08-18,33.5,33.849998474121094,33.220001220703125,33.599998474121094,33.370506286621094,138100,USD,NCM,America/New_York,Yahoo Finance
ALRS,2026-08-19,33.68000030517578,33.70000076293945,32.650001525878906,32.68000030517578,32.456790924072266,139600,USD,NCM,America/New_York,Yahoo Finance
ALRS,2026-08-20,32.59000015258789,32.630001068115234,32.0,32.59000015258789,32.36740493774414,112600,USD,NCM,America/New_York,Yahoo Finance
ALRS,2026-08-21,32.7599983215332,32.900001525878906,32.31999969482422,32.77000045776367,32.54617691040039,212200,USD,NCM,America/New_York,Yahoo Finance
ALRS,2026-08-24,32.849998474121094,33.189998626708984,32.810001373291016,32.86000061035156,32.635562896728516,116500,USD,NCM,America/New_York,Yahoo Finance
ALRS,2026-08-25,32.939998626708984,33.11000061035156,32.72999954223633,33.06999969482422,32.8441276550293,113500,USD,NCM,America/New_York,Yahoo Finance
ALRS,2026-08-26,33.25,33.470001220703125,33.09000015258789,33.22999954223633,33.00303268432617,102400,USD,NCM,America/New_York,Yahoo Finance
ALRS,2026-08-27,33.150001525878906,33.36000061035156,32.7400016784668,33.2400016784668,33.01296615600586,102700,USD,NCM,America/New_York,Yahoo Finance
ALRS,2026-08-28,33.54999923706055,33.93000030517578,33.08000183105469,33.119998931884766,32.89378356933594,125400,USD,NCM,America/New_York,Yahoo Finance
ALRS,2026-08-31,32.970001220703125,32.970001220703125,32.619998931884766,32.900001525878906,32.675289154052734,114800,USD,NCM,America/New_York,Yahoo Finance
ALRS,2026-09-01,32.88999938964844,33.04999923706055,32.38999938964844,32.61000061035156,32.38726806640625,117000,USD,NCM,America/New_York,Yahoo Finance
ALRS,2026-09-02,32.81999969482422,33.540000915527344,32.75,33.310001373291016,33.082489013671875,152400,USD,NCM,America/New_York,Yahoo Finance
ALRS,2026-09-03,33.54999923706055,33.560001373291016,33.29999923706055,33.369998931884766,33.1420783996582,147400,USD,NCM,America/New_York,Yahoo Finance
ALRS,2026-09-04,33.189998626708984,33.880001068115234,33.189998626708984,33.790000915527344,33.55921173095703,112400,USD,NCM,America/New_York,Yahoo Finance
ALRS,2026-09-08,33.61000061035156,33.66999816894531,33.16999816894531,33.22999954223633,33.00303268432617,130200,USD,NCM,America/New_York,Yahoo Finance
ALRS,2026-09-09,33.11000061035156,33.130001068115234,32.65999984741211,32.79999923706055,32.57596969604492,118500,USD,NCM,America/New_York,Yahoo Finance
ALRS,2026-09-10,32.779998779296875,32.93000030517578,32.27000045776367,32.93000030517578,32.705081939697266,191000,USD,NCM,America/New_York,Yahoo Finance
ALRS,2026-09-11,33.25,33.4900016784668,32.75,33.27000045776367,33.042762756347656,115500,USD,NCM,America/New_York,Yahoo Finance
ALRS,2026-09-14,33.15999984741211,33.599998474121094,33.040000915527344,33.31999969482422,33.0924186706543,129800,USD,NCM,America/New_York,Yahoo Finance
ALRS,2026-09-15,33.209999084472656,33.38999938964844,32.849998474121094,33.369998931884766,33.1420783996582,165600,USD,NCM,America/New_York,Yahoo Finance
ALRS,2026-09-16,33.310001373291016,33.40999984741211,32.4900016784668,33.040000915527344,32.8143310546875,144800,USD,NCM,America/New_York,Yahoo Finance
ALRS,2026-09-17,33.29999923706055,33.29999923706055,32.560001373291016,32.779998779296875,32.55610656738281,166300,USD,NCM,America/New_York,Yahoo Finance
ALRS,2026-09-18,32.529998779296875,32.88999938964844,32.15999984741211,32.75,32.52631378173828,508300,USD,NCM,America/New_York,Yahoo Finance
ALRS,2026-09-21,32.790000915527344,33.040000915527344,32.400001525878906,32.439998626708984,32.21842956542969,126500,USD,NCM,America/New_York,Yahoo Finance
ALRS,2026-09-22,32.65999984741211,32.9900016784668,31.889999389648438,32.20000076293945,31.980070114135742,152800,USD,NCM,America/New_York,Yahoo Finance
ALRS,2026-09-23,32.04999923706055,32.16999816894531,31.670000076293945,31.770000457763672,31.553007125854492,131700,USD,NCM,America/New_York,Yahoo Finance
ALRS,2026-09-24,31.579999923706055,32.34000015258789,31.579999923706055,32.209999084472656,31.989999771118164,187300,USD,NCM,America/New_York,Yahoo Finance
ALRS,2026-09-25,32.06999969482422,32.439998626708984,31.84000015258789,32.16999816894531,32.16999816894531,460500,USD,NCM,America/New_York,Yahoo Finance
ALRS,2026-09-28,32.16999816894531,32.279998779296875,31.8700008392334,32.060001373291016,32.060001373291016,157300,USD,NCM,America/New_York,Yahoo Finance
ALTG,2026-08-21,6.429999828338623,6.579999923706055,6.300000190734863,6.5,6.5,84100,USD,NYQ,America/New_York,Yahoo Finance
ALTG,2026-08-24,6.510000228881836,6.610000133514404,6.28000020980835,6.360000133514404,6.360000133514404,106200,USD,NYQ,America/New_York,Yahoo Finance
ALTG,2026-08-25,6.449999809265137,6.449999809265137,6.119999885559082,6.190000057220459,6.190000057220459,139400,USD,NYQ,America/New_York,Yahoo Finance
ALTG,2026-08-26,6.159999847412109,6.239999771118164,6.090000152587891,6.199999809265137,6.199999809265137,100400,USD,NYQ,America/New_York,Yahoo Finance
ALTG,2026-08-27,6.099999904632568,6.269999980926514,6.099999904632568,6.179999828338623,6.179999828338623,112800,USD,NYQ,America/New_York,Yahoo Finance
ALTG,2026-08-28,6.150000095367432,6.460000038146973,5.829999923706055,5.889999866485596,5.889999866485596,267400,USD,NYQ,America/New_York,Yahoo Finance
ALTG,2026-08-31,5.909999847412109,6.014999866485596,5.809999942779541,5.900000095367432,5.900000095367432,242400,USD,NYQ,America/New_York,Yahoo Finance
ALTG,2026-09-01,5.820000171661377,6.25,5.664999961853027,5.71999979019165,5.71999979019165,415600,USD,NYQ,America/New_York,Yahoo Finance
ALTG,2026-09-02,5.699999809265137,6.130000114440918,5.699999809265137,5.909999847412109,5.909999847412109,254200,USD,NYQ,America/New_York,Yahoo Finance
ALTG,2026-09-03,5.989999771118164,6.0279998779296875,5.630000114440918,5.730000019073486,5.730000019073486,160000,USD,NYQ,America/New_York,Yahoo Finance
ALTG,2026-09-04,5.75,6.130000114440918,5.75,6.099999904632568,6.099999904632568,194600,USD,NYQ,America/New_York,Yahoo Finance
ALTG,2026-09-08,6.110000133514404,6.239999771118164,6.010000228881836,6.119999885559082,6.119999885559082,123500,USD,NYQ,America/New_York,Yahoo Finance
ALTG,2026-09-09,6.099999904632568,6.2270002365112305,5.860000133514404,5.940000057220459,5.940000057220459,167000,USD,NYQ,America/New_York,Yahoo Finance
ALTG,2026-09-10,5.840000152587891,5.96999979019165,5.670000076293945,5.730000019073486,5.730000019073486,176100,USD,NYQ,America/New_York,Yahoo Finance
ALTG,2026-09-11,5.889999866485596,6.039999961853027,5.800000190734863,5.880000114440918,5.880000114440918,165300,USD,NYQ,America/New_York,Yahoo Finance
ALTG,2026-09-14,5.730000019073486,6.0,5.639999866485596,5.960000038146973,5.960000038146973,187500,USD,NYQ,America/New_York,Yahoo Finance
ALTG,2026-09-15,6.010000228881836,6.010000228881836,5.699999809265137,5.78000020980835,5.78000020980835,190000,USD,NYQ,America/New_York,Yahoo Finance
ALTG,2026-09-16,5.849999904632568,5.920000076293945,5.71999979019165,5.820000171661377,5.820000171661377,133300,USD,NYQ,America/New_York,Yahoo Finance
ALTG,2026-09-17,5.949999809265137,6.130000114440918,5.925000190734863,6.130000114440918,6.130000114440918,138400,USD,NYQ,America/New_York,Yahoo Finance
ALTG,2026-09-18,6.179999828338623,6.179999828338623,5.920000076293945,6.079999923706055,6.079999923706055,257200,USD,NYQ,America/New_York,Yahoo Finance
ALTG,2026-09-21,6.170000076293945,6.289999961853027,5.873000144958496,6.03000020980835,6.03000020980835,247400,USD,NYQ,America/New_York,Yahoo Finance
ALTG,2026-09-22,6.159999847412109,6.329999923706055,5.929999828338623,6.28000020980835,6.28000020980835,231600,USD,NYQ,America/New_York,Yahoo Finance
ALTG,2026-09-23,6.28000020980835,6.28000020980835,5.985000133514404,6.010000228881836,6.010000228881836,360800,USD,NYQ,America/New_York,Yahoo Finance
ALTG,2026-09-24,6.010000228881836,6.079999923706055,5.769999980926514,5.820000171661377,5.820000171661377,179400,USD,NYQ,America/New_York,Yahoo Finance
ALTG,2026-09-25,5.75,6.230000019073486,5.75,6.21999979019165,6.21999979019165,254000,USD,NYQ,America/New_York,Yahoo Finance
ALTG,2026-09-28,6.150000095367432,6.159999847412109,5.690000057220459,5.78000020980835,5.78000020980835,462400,USD,NYQ,America/New_York,Yahoo Finance
ALTG,2026-09-29,5.769999980926514,5.989999771118164,5.75,5.929999828338623,5.929999828338623,166700,USD,NYQ,America/New_York,Yahoo Finance
ALTG,2026-09-30,6.050000190734863,6.110000133514404,5.840000152587891,6.079999923706055,6.079999923706055,296900,USD,NYQ,America/New_York,Yahoo Finance
ALTG,2026-10-01,6.019999980926514,6.320000171661377,5.800000190734863,6.320000171661377,6.320000171661377,204400,USD,NYQ,America/New_York,Yahoo Finance
ALTG,2026-10-02,6.510000228881836,6.639999866485596,6.369999885559082,6.480000019073486,6.480000019073486,284800,USD,NYQ,America/New_York,Yahoo Finance
ALX,2026-08-17,265.42999267578125,267.7099914550781,259.9800109863281,267.2200012207031,267.2200012207031,22100,USD,NYQ,America/New_York,Yahoo Finance
ALX,2026-08-18,269.6000061035156,269.79998779296875,266.0,268.0799865722656,268.0799865722656,40300,USD,NYQ,America/New_York,Yahoo Finance
ALX,2026-08-19,268.9200134277344,275.0,267.0199890136719,273.3999938964844,273.3999938964844,39100,USD,NYQ,America/New_York,Yahoo Finance
ALX,2026-08-20,271.3999938964844,274.75,270.32000732421875,272.260009765625,272.260009765625,21800,USD,NYQ,America/New_York,Yahoo Finance
ALX,2026-08-21,273.82000732421875,273.82000732421875,263.6499938964844,265.0299987792969,265.0299987792969,28200,USD,NYQ,America/New_York,Yahoo Finance
ALX,2026-08-24,265.0,269.82000732421875,264.1099853515625,269.5400085449219,269.5400085449219,37500,USD,NYQ,America/New_York,Yahoo Finance
ALX,2026-08-25,270.0,271.3999938964844,268.6000061035156,270.69000244140625,270.69000244140625,37100,USD,NYQ,America/New_York,Yahoo Finance
ALX,2026-08-26,271.42999267578125,272.8999938964844,268.6600036621094,271.8399963378906,271.8399963378906,40500,USD,NYQ,America/New_York,Yahoo Finance
ALX,2026-08-27,270.7200012207031,270.9200134277344,267.92999267578125,270.8500061035156,270.8500061035156,36200,USD,NYQ,America/New_York,Yahoo Finance
ALX,2026-08-28,274.6099853515625,276.9700012207031,269.760009765625,270.19000244140625,270.19000244140625,38600,USD,NYQ,America/New_York,Yahoo Finance
ALX,2026-08-31,270.0,271.8500061035156,266.1499938964844,271.6600036621094,271.6600036621094,75500,USD,NYQ,America/New_York,Yahoo Finance
ALX,2026-09-01,271.5199890136719,272.9800109863281,264.1099853515625,267.25,267.25,34400,USD,NYQ,America/New_York,Yahoo Finance
ALX,2026-09-02,270.6400146484375,271.2099914550781,265.010009765625,265.010009765625,265.010009765625,37200,USD,NYQ,America/New_York,Yahoo Finance
ALX,2026-09-03,265.6700134277344,267.25,262.57000732421875,263.20001220703125,263.20001220703125,27300,USD,NYQ,America/New_York,Yahoo Finance
ALX,2026-09-04,260.010009765625,264.25,260.010009765625,262.4200134277344,262.4200134277344,24700,USD,NYQ,America/New_York,Yahoo Finance
ALX,2026-09-08,260.8500061035156,264.20001220703125,260.70001220703125,261.489990234375,261.489990234375,20800,USD,NYQ,America/New_York,Yahoo Finance
ALX,2026-09-09,258.6400146484375,263.3500061035156,255.88999938964844,257.80999755859375,257.80999755859375,41000,USD,NYQ,America/New_York,Yahoo Finance
ALX,2026-09-10,258.82000732421875,259.5,253.13999938964844,253.3000030517578,253.3000030517578,49900,USD,NYQ,America/New_York,Yahoo Finance
ALX,2026-09-11,254.61000061035156,254.61000061035156,245.7100067138672,249.17999267578125,249.17999267578125,64100,USD,NYQ,America/New_York,Yahoo Finance
ALX,2026-09-14,249.60000610351562,251.8300018310547,248.36000061035156,250.61000061035156,250.61000061035156,54300,USD,NYQ,America/New_York,Yahoo Finance
ALX,2026-09-15,250.36000061035156,250.36000061035156,245.44000244140625,245.64999389648438,245.64999389648438,39200,USD,NYQ,America/New_York,Yahoo Finance
ALX,2026-09-16,245.57000732421875,249.35000610351562,244.07000732421875,246.2899932861328,246.2899932861328,35800,USD,NYQ,America/New_York,Yahoo Finance
ALX,2026-09-17,246.14999389648438,249.72000122070312,246.14999389648438,247.52000427246094,247.52000427246094,40100,USD,NYQ,America/New_York,Yahoo Finance
ALX,2026-09-18,245.7100067138672,247.14999389648438,242.3000030517578,247.14999389648438,247.14999389648438,67800,USD,NYQ,America/New_York,Yahoo Finance
ALX,2026-09-21,248.0,250.33999633789062,247.41000366210938,247.41000366210938,247.41000366210938,29700,USD,NYQ,America/New_York,Yahoo Finance
ALX,2026-09-22,245.36000061035156,250.0,245.36000061035156,248.39999389648438,248.39999389648438,40300,USD,NYQ,America/New_York,Yahoo Finance
ALX,2026-09-23,248.83999633789062,248.83999633789062,245.4499969482422,247.8699951171875,247.8699951171875,31400,USD,NYQ,America/New_York,Yahoo Finance
ALX,2026-09-24,249.0800018310547,250.27999877929688,244.50999450683594,245.4600067138672,245.4600067138672,41900,USD,NYQ,America/New_York,Yahoo Finance
ALX,2026-09-25,244.8699951171875,249.42999267578125,243.27000427246094,247.1199951171875,247.1199951171875,58500,USD,NYQ,America/New_York,Yahoo Finance
ALX,2026-09-28,247.64999389648438,250.9199981689453,247.64999389648438,249.0800018310547,249.0800018310547,28000,USD,NYQ,America/New_York,Yahoo Finance
ALXO,2026-08-21,2.009999990463257,2.069999933242798,1.9800000190734863,2.0399999618530273,2.0399999618530273,410900,USD,NMS,America/New_York,Yahoo Finance
ALXO,2026-08-24,2.0199999809265137,2.0299999713897705,1.9500000476837158,1.9900000095367432,1.9900000095367432,273500,USD,NMS,America/New_York,Yahoo Finance
ALXO,2026-08-25,1.9800000190734863,2.0450000762939453,1.9800000190734863,2.0,2.0,466000,USD,NMS,America/New_York,Yahoo Finance
ALXO,2026-08-26,1.9800000190734863,2.005000114440918,1.9500000476837158,1.9800000190734863,1.9800000190734863,385100,USD,NMS,America/New_York,Yahoo Finance
ALXO,2026-08-27,1.9700000286102295,2.055000066757202,1.965000033378601,2.049999952316284,2.049999952316284,628200,USD,NMS,America/New_York,Yahoo Finance
ALXO,2026-08-28,2.0199999809265137,2.0399999618530273,1.9800000190734863,2.0,2.0,639800,USD,NMS,America/New_York,Yahoo Finance
ALXO,2026-08-31,2.069999933242798,2.069999933242798,1.8949999809265137,1.9299999475479126,1.9299999475479126,349400,USD,NMS,America/New_York,Yahoo Finance
ALXO,2026-09-01,1.909999966621399,2.0,1.8949999809265137,1.9800000190734863,1.9800000190734863,1441500,USD,NMS,America/New_York,Yahoo Finance
ALXO,2026-09-02,1.9800000190734863,2.0899999141693115,1.9800000190734863,2.0799999237060547,2.0799999237060547,855100,USD,NMS,America/New_York,Yahoo Finance
ALXO,2026-09-03,2.0899999141693115,2.0899999141693115,1.9950000047683716,2.0299999713897705,2.0299999713897705,603400,USD,NMS,America/New_York,Yahoo Finance
ALXO,2026-09-04,2.0,2.0299999713897705,1.9900000095367432,2.009999990463257,2.009999990463257,301100,USD,NMS,America/New_York,Yahoo Finance
ALXO,2026-09-08,1.9700000286102295,2.0199999809265137,1.9600000381469727,2.0,2.0,425500,USD,NMS,America/New_York,Yahoo Finance
ALXO,2026-09-09,1.9700000286102295,2.0199999809265137,1.840000033378601,1.840000033378601,1.840000033378601,770500,USD,NMS,America/New_York,Yahoo Finance
ALXO,2026-09-10,1.850000023841858,1.9249999523162842,1.809999942779541,1.899999976158142,1.899999976158142,1061200,USD,NMS,America/New_York,Yahoo Finance
ALXO,2026-09-11,1.909999966621399,2.005000114440918,1.850000023841858,1.940000057220459,1.940000057220459,1036400,USD,NMS,America/New_York,Yahoo Finance
ALXO,2026-09-14,1.9800000190734863,1.9800000190734863,1.9149999618530273,1.9249999523162842,1.9249999523162842,879700,USD,NMS,America/New_York,Yahoo Finance
ALXO,2026-09-15,1.9199999570846558,1.9199999570846558,1.8600000143051147,1.8899999856948853,1.8899999856948853,759000,USD,NMS,America/New_York,Yahoo Finance
ALXO,2026-09-16,1.899999976158142,1.909999966621399,1.7400000095367432,1.7599999904632568,1.7599999904632568,821200,USD,NMS,America/New_York,Yahoo Finance
ALXO,2026-09-17,1.7899999618530273,1.7999999523162842,1.7350000143051147,1.7400000095367432,1.7400000095367432,526500,USD,NMS,America/New_York,Yahoo Finance
ALXO,2026-09-18,1.7400000095367432,1.75,1.6699999570846558,1.7000000476837158,1.7000000476837158,5063200,USD,NMS,America/New_York,Yahoo Finance
ALXO,2026-09-21,1.7200000286102295,1.7200000286102295,1.649999976158142,1.659999966621399,1.659999966621399,849500,USD,NMS,America/New_York,Yahoo Finance
ALXO,2026-09-22,1.6799999475479126,1.6799999475479126,1.600000023841858,1.600000023841858,1.600000023841858,652800,USD,NMS,America/New_York,Yahoo Finance
ALXO,2026-09-23,1.590000033378601,1.600000023841858,1.4299999475479126,1.4700000286102295,1.4700000286102295,1277100,USD,NMS,America/New_York,Yahoo Finance
ALXO,2026-09-24,1.4600000381469727,1.4900000095367432,1.340000033378601,1.3550000190734863,1.3550000190734863,1204400,USD,NMS,America/New_York,Yahoo Finance
ALXO,2026-09-25,1.340000033378601,1.3700000047683716,1.2899999618530273,1.309999942779541,1.309999942779541,1165800,USD,NMS,America/New_York,Yahoo Finance
ALXO,2026-09-28,1.3200000524520874,1.4450000524520874,1.2999999523162842,1.3899999856948853,1.3899999856948853,1958700,USD,NMS,America/New_York,Yahoo Finance
ALXO,2026-09-29,1.3700000047683716,1.4450000524520874,1.3250000476837158,1.350000023841858,1.350000023841858,1772000,USD,NMS,America/New_York,Yahoo Finance
ALXO,2026-09-30,1.340000033378601,1.4600000381469727,1.309999942779541,1.3899999856948853,1.3899999856948853,1343800,USD,NMS,America/New_York,Yahoo Finance
ALXO,2026-10-01,1.3700000047683716,1.4199999570846558,1.2799999713897705,1.2999999523162842,1.2999999523162842,1481200,USD,NMS,America/New_York,Yahoo Finance
ALXO,2026-10-02,1.2999999523162842,1.378999948501587,1.2050000429153442,1.2200000286102295,1.2200000286102295,2256800,USD,NMS,America/New_York,Yahoo Finance
AMBQ,2026-08-17,66.91000366210938,68.83000183105469,65.0,67.86000061035156,67.86000061035156,532400,USD,NYQ,America/New_York,Yahoo Finance
AMBQ,2026-08-18,64.5,65.375,61.86000061035156,63.0099983215332,63.0099983215332,439500,USD,NYQ,America/New_York,Yahoo Finance
AMBQ,2026-08-19,64.38999938964844,64.38999938964844,59.0,59.189998626708984,59.189998626708984,410500,USD,NYQ,America/New_York,Yahoo Finance
AMBQ,2026-08-20,59.310001373291016,59.900001525878906,56.099998474121094,57.81999969482422,57.81999969482422,435000,USD,NYQ,America/New_York,Yahoo Finance
AMBQ,2026-08-21,58.630001068115234,59.72999954223633,57.09000015258789,59.02000045776367,59.02000045776367,333100,USD,NYQ,America/New_York,Yahoo Finance
AMBQ,2026-08-24,58.13999938964844,58.599998474121094,56.119998931884766,56.72999954223633,56.72999954223633,266900,USD,NYQ,America/New_York,Yahoo Finance
AMBQ,2026-08-25,58.90999984741211,60.3650016784668,58.33000183105469,60.119998931884766,60.119998931884766,318200,USD,NYQ,America/New_York,Yahoo Finance
AMBQ,2026-08-26,61.0,61.439998626708984,58.959999084472656,58.97999954223633,58.97999954223633,359200,USD,NYQ,America/New_York,Yahoo Finance
AMBQ,2026-08-27,60.79999923706055,60.9900016784668,59.060001373291016,60.09000015258789,60.09000015258789,572900,USD,NYQ,America/New_York,Yahoo Finance
AMBQ,2026-08-28,59.97999954223633,60.22800064086914,57.08000183105469,57.34000015258789,57.34000015258789,279100,USD,NYQ,America/New_York,Yahoo Finance
AMBQ,2026-08-31,58.040000915527344,58.90399932861328,56.25,58.310001373291016,58.310001373291016,715500,USD,NYQ,America/New_York,Yahoo Finance
AMBQ,2026-09-01,57.20000076293945,57.69499969482422,55.02000045776367,55.939998626708984,55.939998626708984,614700,USD,NYQ,America/New_York,Yahoo Finance
AMBQ,2026-09-02,56.08000183105469,57.790000915527344,55.29499816894531,57.29999923706055,57.29999923706055,385100,USD,NYQ,America/New_York,Yahoo Finance
AMBQ,2026-09-03,56.97999954223633,57.540000915527344,54.8650016784668,56.43000030517578,56.43000030517578,249600,USD,NYQ,America/New_York,Yahoo Finance
AMBQ,2026-09-04,57.66999816894531,57.875,56.619998931884766,57.45000076293945,57.45000076293945,255000,USD,NYQ,America/New_York,Yahoo Finance
AMBQ,2026-09-08,58.63999938964844,60.650001525878906,57.650001525878906,59.619998931884766,59.619998931884766,475500,USD,NYQ,America/New_York,Yahoo Finance
AMBQ,2026-09-09,59.18000030517578,66.08000183105469,59.18000030517578,63.77000045776367,63.77000045776367,969200,USD,NYQ,America/New_York,Yahoo Finance
AMBQ,2026-09-10,60.65999984741211,63.130001068115234,60.45000076293945,60.65999984741211,60.65999984741211,392300,USD,NYQ,America/New_York,Yahoo Finance
AMBQ,2026-09-11,61.970001220703125,64.05000305175781,61.16999816894531,63.52000045776367,63.52000045776367,428500,USD,NYQ,America/New_York,Yahoo Finance
AMBQ,2026-09-14,61.0,61.25,58.560001373291016,59.61000061035156,59.61000061035156,354600,USD,NYQ,America/New_York,Yahoo Finance
AMBQ,2026-09-15,60.650001525878906,61.04499816894531,58.709999084472656,60.849998474121094,60.849998474121094,358300,USD,NYQ,America/New_York,Yahoo Finance
AMBQ,2026-09-16,62.56999969482422,62.650001525878906,58.470001220703125,59.900001525878906,59.900001525878906,362700,USD,NYQ,America/New_York,Yahoo Finance
AMBQ,2026-09-17,61.7599983215332,64.04000091552734,61.01499938964844,62.349998474121094,62.349998474121094,453400,USD,NYQ,America/New_York,Yahoo Finance
AMBQ,2026-09-18,63.86000061035156,66.0,62.91999816894531,65.45999908447266,65.45999908447266,2821600,USD,NYQ,America/New_York,Yahoo Finance
AMBQ,2026-09-21,66.19999694824219,71.26000213623047,65.5,71.08999633789062,71.08999633789062,807600,USD,NYQ,America/New_York,Yahoo Finance
AMBQ,2026-09-22,69.83000183105469,73.08000183105469,69.80999755859375,71.05000305175781,71.05000305175781,643200,USD,NYQ,America/New_York,Yahoo Finance
AMBQ,2026-09-23,70.47000122070312,71.91999816894531,67.45500183105469,69.12999725341797,69.12999725341797,365400,USD,NYQ,America/New_York,Yahoo Finance
AMBQ,2026-09-24,67.44999694824219,70.31999969482422,66.8499984741211,68.91999816894531,68.91999816894531,388800,USD,NYQ,America/New_York,Yahoo Finance
AMBQ,2026-09-25,69.8499984741211,70.87999725341797,68.63300323486328,69.79000091552734,69.79000091552734,268500,USD,NYQ,America/New_York,Yahoo Finance
AMBQ,2026-09-28,69.79000091552734,70.77999877929688,66.73500061035156,68.30000305175781,68.30000305175781,278000,USD,NYQ,America/New_York,Yahoo Finance
AMPH,2026-08-17,20.899999618530273,21.229999542236328,20.770000457763672,20.860000610351562,20.860000610351562,533500,USD,NMS,America/New_York,Yahoo Finance
AMPH,2026-08-18,21.110000610351562,21.59000015258789,21.079999923706055,21.34000015258789,21.34000015258789,411800,USD,NMS,America/New_York,Yahoo Finance
AMPH,2026-08-19,21.639999389648438,21.989999771118164,21.149999618530273,21.739999771118164,21.739999771118164,410800,USD,NMS,America/New_York,Yahoo Finance
AMPH,2026-08-20,21.3799991607666,21.760000228881836,21.239999771118164,21.68000030517578,21.68000030517578,338700,USD,NMS,America/New_York,Yahoo Finance
AMPH,2026-08-21,21.639999389648438,22.200000762939453,21.440000534057617,21.600000381469727,21.600000381469727,376600,USD,NMS,America/New_York,Yahoo Finance
AMPH,2026-08-24,21.600000381469727,21.809999465942383,21.260000228881836,21.520000457763672,21.520000457763672,210300,USD,NMS,America/New_York,Yahoo Finance
AMPH,2026-08-25,21.5,22.06999969482422,21.40999984741211,21.979999542236328,21.979999542236328,283800,USD,NMS,America/New_York,Yahoo Finance
AMPH,2026-08-26,21.860000610351562,22.440000534057617,21.719999313354492,22.020000457763672,22.020000457763672,395600,USD,NMS,America/New_York,Yahoo Finance
AMPH,2026-08-27,21.690000534057617,21.969999313354492,21.6299991607666,21.8799991607666,21.8799991607666,259800,USD,NMS,America/New_York,Yahoo Finance
AMPH,2026-08-28,21.8799991607666,22.149999618530273,21.690000534057617,22.010000228881836,22.010000228881836,224500,USD,NMS,America/New_York,Yahoo Finance
AMPH,2026-08-31,21.860000610351562,22.649999618530273,21.520000457763672,22.530000686645508,22.530000686645508,274000,USD,NMS,America/New_York,Yahoo Finance
AMPH,2026-09-01,22.59000015258789,23.049999237060547,22.59000015258789,22.959999084472656,22.959999084472656,551000,USD,NMS,America/New_York,Yahoo Finance
AMPH,2026-09-02,23.049999237060547,23.829999923706055,23.030000686645508,23.739999771118164,23.739999771118164,456700,USD,NMS,America/New_York,Yahoo Finance
AMPH,2026-09-03,23.8799991607666,23.920000076293945,23.040000915527344,23.84000015258789,23.84000015258789,469800,USD,NMS,America/New_York,Yahoo Finance
AMPH,2026-09-04,23.469999313354492,23.739999771118164,23.06999969482422,23.18000030517578,23.18000030517578,650100,USD,NMS,America/New_York,Yahoo Finance
AMPH,2026-09-08,22.81999969482422,23.139999389648438,22.299999237060547,22.93000030517578,22.93000030517578,460000,USD,NMS,America/New_York,Yahoo Finance
AMPH,2026-09-09,22.84000015258789,23.06999969482422,22.56999969482422,23.040000915527344,23.040000915527344,351600,USD,NMS,America/New_York,Yahoo Finance
AMPH,2026-09-10,23.0,23.690000534057617,22.760000228881836,23.540000915527344,23.540000915527344,515000,USD,NMS,America/New_York,Yahoo Finance
AMPH,2026-09-11,23.649999618530273,23.799999237060547,23.239999771118164,23.780000686645508,23.780000686645508,410900,USD,NMS,America/New_York,Yahoo Finance
AMPH,2026-09-14,23.84000015258789,24.280000686645508,23.559999465942383,23.90999984741211,23.90999984741211,474900,USD,NMS,America/New_York,Yahoo Finance
AMPH,2026-09-15,23.75,23.940000534057617,23.559999465942383,23.639999389648438,23.639999389648438,354400,USD,NMS,America/New_York,Yahoo Finance
AMPH,2026-09-16,23.639999389648438,24.389999389648438,23.489999771118164,23.950000762939453,23.950000762939453,503900,USD,NMS,America/New_York,Yahoo Finance
AMPH,2026-09-17,24.079999923706055,24.18000030517578,23.5,23.81999969482422,23.81999969482422,465600,USD,NMS,America/New_York,Yahoo Finance
AMPH,2026-09-18,23.690000534057617,23.989999771118164,23.510000228881836,23.6200008392334,23.6200008392334,1453800,USD,NMS,America/New_York,Yahoo Finance
AMPH,2026-09-21,23.540000915527344,25.40999984741211,23.450000762939453,24.479999542236328,24.479999542236328,595800,USD,NMS,America/New_York,Yahoo Finance
AMPH,2026-09-22,24.600000381469727,24.829999923706055,24.0,24.31999969482422,24.31999969482422,522400,USD,NMS,America/New_York,Yahoo Finance
AMPH,2026-09-23,24.389999389648438,25.1200008392334,24.200000762939453,24.959999084472656,24.959999084472656,508100,USD,NMS,America/New_York,Yahoo Finance
AMPH,2026-09-24,24.809999465942383,26.309999465942383,24.649999618530273,26.270000457763672,26.270000457763672,572100,USD,NMS,America/New_York,Yahoo Finance
AMPH,2026-09-25,26.25,26.6299991607666,25.65999984741211,26.1299991607666,26.1299991607666,376900,USD,NMS,America/New_York,Yahoo Finance
AMPH,2026-09-28,25.989999771118164,27.799999237060547,25.959999084472656,27.389999389648438,27.389999389648438,747900,USD,NMS,America/New_York,Yahoo Finance
AMRC,2026-08-17,28.200000762939453,28.6200008392334,27.780000686645508,28.5,28.5,475000,USD,NYQ,America/New_York,Yahoo Finance
AMRC,2026-08-18,26.649999618530273,26.969999313354492,25.43000030517578,25.489999771118164,25.489999771118164,985000,USD,NYQ,America/New_York,Yahoo Finance
AMRC,2026-08-19,25.739999771118164,26.729999542236328,25.280000686645508,25.350000381469727,25.350000381469727,645000,USD,NYQ,America/New_York,Yahoo Finance
AMRC,2026-08-20,24.40999984741211,24.469999313354492,22.06999969482422,22.190000534057617,22.190000534057617,1965900,USD,NYQ,America/New_York,Yahoo Finance
AMRC,2026-08-21,22.510000228881836,22.6299991607666,21.299999237060547,21.3799991607666,21.3799991607666,791500,USD,NYQ,America/New_York,Yahoo Finance
AMRC,2026-08-24,21.190000534057617,21.290000915527344,20.3700008392334,20.969999313354492,20.969999313354492,965400,USD,NYQ,America/New_York,Yahoo Finance
AMRC,2026-08-25,21.520000457763672,22.440000534057617,20.6200008392334,22.06999969482422,22.06999969482422,995600,USD,NYQ,America/New_York,Yahoo Finance
AMRC,2026-08-26,22.850000381469727,23.0,21.600000381469727,22.15999984741211,22.15999984741211,642400,USD,NYQ,America/New_York,Yahoo Finance
AMRC,2026-08-27,23.0,23.100000381469727,22.3700008392334,22.90999984741211,22.90999984741211,687900,USD,NYQ,America/New_York,Yahoo Finance
AMRC,2026-08-28,23.350000381469727,23.469999313354492,21.829999923706055,21.989999771118164,21.989999771118164,618600,USD,NYQ,America/New_York,Yahoo Finance
AMRC,2026-08-31,21.75,22.3700008392334,21.68000030517578,22.1200008392334,22.1200008392334,571800,USD,NYQ,America/New_York,Yahoo Finance
AMRC,2026-09-01,22.0,22.649999618530273,21.90999984741211,22.600000381469727,22.600000381469727,802600,USD,NYQ,America/New_York,Yahoo Finance
AMRC,2026-09-02,22.350000381469727,22.920000076293945,21.770000457763672,21.81999969482422,21.81999969482422,737100,USD,NYQ,America/New_York,Yahoo Finance
AMRC,2026-09-03,21.959999084472656,22.799999237060547,21.6299991607666,22.770000457763672,22.770000457763672,723100,USD,NYQ,America/New_York,Yahoo Finance
AMRC,2026-09-04,22.799999237060547,23.440000534057617,22.530000686645508,23.149999618530273,23.149999618530273,604100,USD,NYQ,America/New_York,Yahoo Finance
AMRC,2026-09-08,23.5,24.530000686645508,23.459999084472656,23.93000030517578,23.93000030517578,580600,USD,NYQ,America/New_York,Yahoo Finance
AMRC,2026-09-09,23.959999084472656,24.360000610351562,22.649999618530273,22.799999237060547,22.799999237060547,453200,USD,NYQ,America/New_York,Yahoo Finance
AMRC,2026-09-10,22.1299991607666,23.149999618530273,22.049999237060547,22.790000915527344,22.790000915527344,692000,USD,NYQ,America/New_York,Yahoo Finance
AMRC,2026-09-11,23.100000381469727,24.09000015258789,23.100000381469727,23.780000686645508,23.780000686645508,516100,USD,NYQ,America/New_York,Yahoo Finance
AMRC,2026-09-14,22.600000381469727,23.3700008392334,22.40999984741211,22.68000030517578,22.68000030517578,924200,USD,NYQ,America/New_York,Yahoo Finance
AMRC,2026-09-15,22.989999771118164,23.1200008392334,21.809999465942383,22.350000381469727,22.350000381469727,809200,USD,NYQ,America/New_York,Yahoo Finance
AMRC,2026-09-16,22.899999618530273,22.989999771118164,22.219999313354492,22.860000610351562,22.860000610351562,454400,USD,NYQ,America/New_York,Yahoo Finance
AMRC,2026-09-17,23.549999237060547,24.540000915527344,23.299999237060547,23.700000762939453,23.700000762939453,639500,USD,NYQ,America/New_York,Yahoo Finance
AMRC,2026-09-18,24.229999542236328,24.229999542236328,22.90999984741211,23.75,23.75,1235300,USD,NYQ,America/New_York,Yahoo Finance
AMRC,2026-09-21,24.5,24.649999618530273,23.799999237060547,24.079999923706055,24.079999923706055,467700,USD,NYQ,America/New_York,Yahoo Finance
AMRC,2026-09-22,24.31999969482422,24.5,23.84000015258789,24.219999313354492,24.219999313354492,612200,USD,NYQ,America/New_York,Yahoo Finance
AMRC,2026-09-23,23.920000076293945,24.09000015258789,22.700000762939453,22.729999542236328,22.729999542236328,399800,USD,NYQ,America/New_York,Yahoo Finance
AMRC,2026-09-24,22.09000015258789,22.09000015258789,20.959999084472656,21.670000076293945,21.670000076293945,481100,USD,NYQ,America/New_York,Yahoo Finance
AMRC,2026-09-25,21.979999542236328,22.309999465942383,21.389999389648438,21.479999542236328,21.479999542236328,613100,USD,NYQ,America/New_York,Yahoo Finance
AMRC,2026-09-28,21.030000686645508,21.360000610351562,20.260000228881836,20.31999969482422,20.31999969482422,457000,USD,NYQ,America/New_York,Yahoo Finance
AMRN,2026-08-21,14.039999961853027,14.229999542236328,14.020000457763672,14.09000015258789,14.09000015258789,36600,USD,NCM,America/New_York,Yahoo Finance
AMRN,2026-08-24,14.09000015258789,14.100000381469727,13.8100004196167,13.84000015258789,13.84000015258789,106400,USD,NCM,America/New_York,Yahoo Finance
AMRN,2026-08-25,14.010000228881836,14.430000305175781,13.90999984741211,14.149999618530273,14.149999618530273,505100,USD,NCM,America/New_York,Yahoo Finance
AMRN,2026-08-26,14.170000076293945,15.25,14.109999656677246,14.380000114440918,14.380000114440918,159400,USD,NCM,America/New_York,Yahoo Finance
AMRN,2026-08-27,14.40999984741211,14.430000305175781,13.800000190734863,14.069999694824219,14.069999694824219,83400,USD,NCM,America/New_York,Yahoo Finance
AMRN,2026-08-28,14.149999618530273,14.899999618530273,13.880000114440918,13.970000267028809,13.970000267028809,78200,USD,NCM,America/New_York,Yahoo Finance
AMRN,2026-08-31,13.970000267028809,14.319999694824219,13.729999542236328,13.880000114440918,13.880000114440918,40900,USD,NCM,America/New_York,Yahoo Finance
AMRN,2026-09-01,13.8100004196167,14.1899995803833,13.8100004196167,13.850000381469727,13.850000381469727,39900,USD,NCM,America/New_York,Yahoo Finance
AMRN,2026-09-02,13.880000114440918,14.020000457763672,13.680000305175781,13.699999809265137,13.699999809265137,45600,USD,NCM,America/New_York,Yahoo Finance
AMRN,2026-09-03,13.680000305175781,13.869999885559082,13.600000381469727,13.710000038146973,13.710000038146973,48400,USD,NCM,America/New_York,Yahoo Finance
AMRN,2026-09-04,13.670000076293945,13.850000381469727,13.520000457763672,13.630000114440918,13.630000114440918,80500,USD,NCM,America/New_York,Yahoo Finance
AMRN,2026-09-08,13.520000457763672,14.300000190734863,13.1899995803833,14.25,14.25,99800,USD,NCM,America/New_York,Yahoo Finance
AMRN,2026-09-09,14.170000076293945,14.399999618530273,14.069999694824219,14.390000343322754,14.390000343322754,33500,USD,NCM,America/New_York,Yahoo Finance
AMRN,2026-09-10,14.270000457763672,14.300000190734863,13.899999618530273,14.039999961853027,14.039999961853027,51800,USD,NCM,America/New_York,Yahoo Finance
AMRN,2026-09-11,14.09000015258789,14.100000381469727,13.680000305175781,13.800000190734863,13.800000190734863,49400,USD,NCM,America/New_York,Yahoo Finance
AMRN,2026-09-14,13.760000228881836,14.079999923706055,13.760000228881836,14.0,14.0,38300,USD,NCM,America/New_York,Yahoo Finance
AMRN,2026-09-15,13.949999809265137,13.970000267028809,13.720000267028809,13.930000305175781,13.930000305175781,41100,USD,NCM,America/New_York,Yahoo Finance
AMRN,2026-09-16,13.970000267028809,14.079999923706055,13.779999732971191,13.84000015258789,13.84000015258789,45100,USD,NCM,America/New_York,Yahoo Finance
AMRN,2026-09-17,13.920000076293945,13.949999809265137,13.720000267028809,13.869999885559082,13.869999885559082,24300,USD,NCM,America/New_York,Yahoo Finance
AMRN,2026-09-18,13.84000015258789,13.899999618530273,13.579999923706055,13.630000114440918,13.630000114440918,50700,USD,NCM,America/New_York,Yahoo Finance
AMRN,2026-09-21,13.630000114440918,13.800000190734863,13.380000114440918,13.479999542236328,13.479999542236328,38800,USD,NCM,America/New_York,Yahoo Finance
AMRN,2026-09-22,13.520000457763672,13.899999618530273,13.520000457763672,13.75,13.75,59100,USD,NCM,America/New_York,Yahoo Finance
AMRN,2026-09-23,13.710000038146973,13.8100004196167,13.5,13.720000267028809,13.720000267028809,59800,USD,NCM,America/New_York,Yahoo Finance
AMRN,2026-09-24,13.579999923706055,13.630000114440918,13.399999618530273,13.430000305175781,13.430000305175781,47900,USD,NCM,America/New_York,Yahoo Finance
AMRN,2026-09-25,13.399999618530273,13.399999618530273,13.0,13.199999809265137,13.199999809265137,127300,USD,NCM,America/New_York,Yahoo Finance
AMRN,2026-09-28,13.1899995803833,13.470000267028809,13.0600004196167,13.25,13.25,22800,USD,NCM,America/New_York,Yahoo Finance
AMRN,2026-09-29,13.239999771118164,13.279999732971191,13.039999961853027,13.140000343322754,13.140000343322754,19800,USD,NCM,America/New_York,Yahoo Finance
AMRN,2026-09-30,13.010000228881836,13.229999542236328,12.979999542236328,13.0,13.0,62500,USD,NCM,America/New_York,Yahoo Finance
AMRN,2026-10-01,13.0,13.039999961853027,12.630000114440918,12.720000267028809,12.720000267028809,77300,USD,NCM,America/New_York,Yahoo Finance
AMRN,2026-10-02,13.0,13.020000457763672,12.3100004196167,12.350000381469727,12.350000381469727,100400,USD,NCM,America/New_York,Yahoo Finance
AN,2026-08-17,207.6300048828125,209.32000732421875,204.83999633789062,204.9600067138672,204.9600067138672,257400,USD,NYQ,America/New_York,Yahoo Finance
AN,2026-08-18,207.57000732421875,207.8000030517578,196.80999755859375,196.89999389648438,196.89999389648438,458900,USD,NYQ,America/New_York,Yahoo Finance
AN,2026-08-19,199.05999755859375,204.7100067138672,199.05999755859375,200.52000427246094,200.52000427246094,312500,USD,NYQ,America/New_York,Yahoo Finance
AN,2026-08-20,197.77000427246094,201.25999450683594,196.4600067138672,200.08999633789062,200.08999633789062,247700,USD,NYQ,America/New_York,Yahoo Finance
AN,2026-08-21,201.64999389648438,203.07000732421875,198.75999450683594,199.49000549316406,199.49000549316406,278000,USD,NYQ,America/New_York,Yahoo Finance
AN,2026-08-24,206.22000122070312,206.22000122070312,195.10000610351562,195.1300048828125,195.1300048828125,287700,USD,NYQ,America/New_York,Yahoo Finance
AN,2026-08-25,197.39999389648438,197.39999389648438,192.0,196.8000030517578,196.8000030517578,452900,USD,NYQ,America/New_York,Yahoo Finance
AN,2026-08-26,196.5399932861328,199.9199981689453,195.97000122070312,196.57000732421875,196.57000732421875,326600,USD,NYQ,America/New_York,Yahoo Finance
AN,2026-08-27,195.1199951171875,200.14999389648438,194.0500030517578,198.75,198.75,346300,USD,NYQ,America/New_York,Yahoo Finance
AN,2026-08-28,199.92999267578125,202.32000732421875,199.92999267578125,200.08999633789062,200.08999633789062,320300,USD,NYQ,America/New_York,Yahoo Finance
AN,2026-08-31,199.52000427246094,203.47999572753906,198.33999633789062,201.25,201.25,532200,USD,NYQ,America/New_York,Yahoo Finance
AN,2026-09-01,200.38999938964844,204.58999633789062,199.99000549316406,204.0800018310547,204.0800018310547,422100,USD,NYQ,America/New_York,Yahoo Finance
AN,2026-09-02,204.67999267578125,207.6199951171875,204.14999389648438,205.83999633789062,205.83999633789062,359300,USD,NYQ,America/New_York,Yahoo Finance
AN,2026-09-03,202.88999938964844,211.8300018310547,202.7899932861328,207.17999267578125,207.17999267578125,373300,USD,NYQ,America/New_York,Yahoo Finance
AN,2026-09-04,206.35000610351562,213.2100067138672,204.72000122070312,212.36000061035156,212.36000061035156,358400,USD,NYQ,America/New_York,Yahoo Finance
AN,2026-09-08,210.97000122070312,212.85000610351562,208.05999755859375,209.3000030517578,209.3000030517578,929400,USD,NYQ,America/New_York,Yahoo Finance
AN,2026-09-09,207.94000244140625,209.69000244140625,205.91000366210938,209.17999267578125,209.17999267578125,461900,USD,NYQ,America/New_York,Yahoo Finance
AN,2026-09-10,209.1199951171875,212.25999450683594,204.50999450683594,207.22000122070312,207.22000122070312,457400,USD,NYQ,America/New_York,Yahoo Finance
AN,2026-09-11,209.42999267578125,211.00999450683594,202.97999572753906,203.6699981689453,203.6699981689453,493400,USD,NYQ,America/New_York,Yahoo Finance
AN,2026-09-14,203.8000030517578,208.61000061035156,203.8000030517578,205.58999633789062,205.58999633789062,337500,USD,NYQ,America/New_York,Yahoo Finance
AN,2026-09-15,203.6300048828125,206.52999877929688,202.67999267578125,203.61000061035156,203.61000061035156,452200,USD,NYQ,America/New_York,Yahoo Finance
AN,2026-09-16,203.86000061035156,204.13999938964844,192.10000610351562,195.3699951171875,195.3699951171875,587700,USD,NYQ,America/New_York,Yahoo Finance
AN,2026-09-17,198.8000030517578,202.07000732421875,172.5800018310547,174.8800048828125,174.8800048828125,2027500,USD,NYQ,America/New_York,Yahoo Finance
AN,2026-09-18,174.00999450683594,175.30999755859375,167.0500030517578,168.2899932861328,168.2899932861328,1523200,USD,NYQ,America/New_York,Yahoo Finance
AN,2026-09-21,168.74000549316406,170.6699981689453,165.13999938964844,168.75999450683594,168.75999450683594,624500,USD,NYQ,America/New_York,Yahoo Finance
AN,2026-09-22,171.69000244140625,171.99000549316406,166.66000366210938,169.61000061035156,169.61000061035156,550900,USD,NYQ,America/New_York,Yahoo Finance
AN,2026-09-23,169.91000366210938,170.3000030517578,164.6999969482422,165.0500030517578,165.0500030517578,467600,USD,NYQ,America/New_York,Yahoo Finance
AN,2026-09-24,165.25,166.5800018310547,161.9499969482422,162.88999938964844,162.88999938964844,546400,USD,NYQ,America/New_York,Yahoo Finance
AN,2026-09-25,162.94000244140625,169.0500030517578,162.00999450683594,166.97999572753906,166.97999572753906,466600,USD,NYQ,America/New_York,Yahoo Finance
AN,2026-09-28,166.4600067138672,167.5800018310547,161.3300018310547,161.36000061035156,161.36000061035156,480400,USD,NYQ,America/New_York,Yahoo Finance
AOSL,2026-08-17,31.3799991607666,31.920000076293945,30.43000030517578,31.06999969482422,31.06999969482422,678200,USD,NMS,America/New_York,Yahoo Finance
AOSL,2026-08-18,29.219999313354492,29.68000030517578,27.790000915527344,28.3799991607666,28.3799991607666,583800,USD,NMS,America/New_York,Yahoo Finance
AOSL,2026-08-19,28.450000762939453,28.899999618530273,26.860000610351562,27.139999389648438,27.139999389648438,462800,USD,NMS,America/New_York,Yahoo Finance
AOSL,2026-08-20,27.0,27.6299991607666,25.989999771118164,26.219999313354492,26.219999313354492,707300,USD,NMS,America/New_York,Yahoo Finance
AOSL,2026-08-21,26.65999984741211,26.739999771118164,25.770000457763672,26.389999389648438,26.389999389648438,507700,USD,NMS,America/New_York,Yahoo Finance
AOSL,2026-08-24,26.010000228881836,26.6299991607666,25.030000686645508,25.889999389648438,25.889999389648438,938700,USD,NMS,America/New_York,Yahoo Finance
AOSL,2026-08-25,26.530000686645508,26.959999084472656,25.75,26.6200008392334,26.6200008392334,603000,USD,NMS,America/New_York,Yahoo Finance
AOSL,2026-08-26,26.770000457763672,26.770000457763672,26.010000228881836,26.200000762939453,26.200000762939453,493500,USD,NMS,America/New_York,Yahoo Finance
AOSL,2026-08-27,26.979999542236328,26.979999542236328,25.950000762939453,26.229999542236328,26.229999542236328,438200,USD,NMS,America/New_York,Yahoo Finance
AOSL,2026-08-28,26.020000457763672,26.020000457763672,24.489999771118164,24.6299991607666,24.6299991607666,551400,USD,NMS,America/New_York,Yahoo Finance
AOSL,2026-08-31,24.6299991607666,25.040000915527344,24.149999618530273,24.65999984741211,24.65999984741211,688800,USD,NMS,America/New_York,Yahoo Finance
AOSL,2026-09-01,23.93000030517578,24.100000381469727,23.350000381469727,23.639999389648438,23.639999389648438,615700,USD,NMS,America/New_York,Yahoo Finance
AOSL,2026-09-02,23.639999389648438,24.780000686645508,23.5,24.6200008392334,24.6200008392334,560800,USD,NMS,America/New_York,Yahoo Finance
AOSL,2026-09-03,24.280000686645508,24.8700008392334,23.5,24.450000762939453,24.450000762939453,434200,USD,NMS,America/New_York,Yahoo Finance
AOSL,2026-09-04,24.950000762939453,25.399999618530273,24.75,25.200000762939453,25.200000762939453,354600,USD,NMS,America/New_York,Yahoo Finance
AOSL,2026-09-08,26.010000228881836,26.25,25.399999618530273,25.510000228881836,25.510000228881836,555200,USD,NMS,America/New_York,Yahoo Finance
AOSL,2026-09-09,25.229999542236328,26.049999237060547,25.229999542236328,25.510000228881836,25.510000228881836,490900,USD,NMS,America/New_York,Yahoo Finance
AOSL,2026-09-10,24.489999771118164,25.09000015258789,24.280000686645508,24.809999465942383,24.809999465942383,412700,USD,NMS,America/New_York,Yahoo Finance
AOSL,2026-09-11,25.350000381469727,26.139999389648438,25.110000610351562,25.780000686645508,25.780000686645508,506900,USD,NMS,America/New_York,Yahoo Finance
AOSL,2026-09-14,24.329999923706055,24.770000457763672,24.0,24.219999313354492,24.219999313354492,608400,USD,NMS,America/New_York,Yahoo Finance
AOSL,2026-09-15,24.559999465942383,24.889999389648438,23.8700008392334,24.760000228881836,24.760000228881836,535700,USD,NMS,America/New_York,Yahoo Finance
AOSL,2026-09-16,25.049999237060547,25.149999618530273,24.209999084472656,24.700000762939453,24.700000762939453,541400,USD,NMS,America/New_York,Yahoo Finance
AOSL,2026-09-17,25.610000610351562,25.75,24.81999969482422,25.209999084472656,25.209999084472656,505400,USD,NMS,America/New_York,Yahoo Finance
AOSL,2026-09-18,25.309999465942383,25.6299991607666,25.06999969482422,25.399999618530273,25.399999618530273,1761900,USD,NMS,America/New_York,Yahoo Finance
AOSL,2026-09-21,26.219999313354492,26.3799991607666,25.31999969482422,26.270000457763672,26.270000457763672,472500,USD,NMS,America/New_York,Yahoo Finance
AOSL,2026-09-22,26.049999237060547,28.31999969482422,25.770000457763672,28.280000686645508,28.280000686645508,806800,USD,NMS,America/New_York,Yahoo Finance
AOSL,2026-09-23,28.110000610351562,28.219999313354492,27.049999237060547,27.709999084472656,27.709999084472656,378800,USD,NMS,America/New_York,Yahoo Finance
AOSL,2026-09-24,27.079999923706055,27.350000381469727,26.40999984741211,27.309999465942383,27.309999465942383,499000,USD,NMS,America/New_York,Yahoo Finance
AOSL,2026-09-25,27.719999313354492,28.190000534057617,27.3700008392334,27.93000030517578,27.93000030517578,300400,USD,NMS,America/New_York,Yahoo Finance
AOSL,2026-09-28,27.829999923706055,27.889999389648438,26.610000610351562,27.360000610351562,27.360000610351562,392100,USD,NMS,America/New_York,Yahoo Finance
APPF,2026-08-17,200.52999877929688,202.32000732421875,193.6699981689453,195.96499633789062,195.96499633789062,344300,USD,NGM,America/New_York,Yahoo Finance
APPF,2026-08-18,197.5,206.69000244140625,197.5,203.9499969482422,203.9499969482422,285400,USD,NGM,America/New_York,Yahoo Finance
APPF,2026-08-19,202.61000061035156,215.80999755859375,201.6300048828125,215.22000122070312,215.22000122070312,445200,USD,NGM,America/New_York,Yahoo Finance
APPF,2026-08-20,214.2899932861328,220.80999755859375,214.2899932861328,218.85000610351562,218.85000610351562,333000,USD,NGM,America/New_York,Yahoo Finance
APPF,2026-08-21,216.6300048828125,224.44000244140625,214.94200134277344,224.39999389648438,224.39999389648438,362100,USD,NGM,America/New_York,Yahoo Finance
APPF,2026-08-24,223.89999389648438,228.5800018310547,221.08999633789062,225.10000610351562,225.10000610351562,416000,USD,NGM,America/New_York,Yahoo Finance
APPF,2026-08-25,222.66000366210938,225.75799560546875,220.50999450683594,223.0500030517578,223.0500030517578,307400,USD,NGM,America/New_York,Yahoo Finance
APPF,2026-08-26,217.82000732421875,224.0,217.82000732421875,223.17999267578125,223.17999267578125,240900,USD,NGM,America/New_York,Yahoo Finance
APPF,2026-08-27,223.52000427246094,233.19500732421875,222.66000366210938,232.05499267578125,232.05499267578125,396400,USD,NGM,America/New_York,Yahoo Finance
APPF,2026-08-28,231.52000427246094,234.89999389648438,231.52000427246094,234.49000549316406,234.49000549316406,402700,USD,NGM,America/New_York,Yahoo Finance
APPF,2026-08-31,232.52999877929688,235.9550018310547,232.0,234.2100067138672,234.2100067138672,472100,USD,NGM,America/New_York,Yahoo Finance
APPF,2026-09-01,232.39999389648438,236.5800018310547,224.8699951171875,225.27999877929688,225.27999877929688,327500,USD,NGM,America/New_York,Yahoo Finance
APPF,2026-09-02,223.1999969482422,227.67999267578125,222.19200134277344,224.27000427246094,224.27000427246094,276000,USD,NGM,America/New_York,Yahoo Finance
APPF,2026-09-03,229.38999938964844,232.19500732421875,222.16000366210938,223.57000732421875,223.57000732421875,319800,USD,NGM,America/New_York,Yahoo Finance
APPF,2026-09-04,218.32000732421875,218.39999389648438,206.9459991455078,214.27999877929688,214.27999877929688,355900,USD,NGM,America/New_York,Yahoo Finance
APPF,2026-09-08,214.27999877929688,214.27999877929688,202.31100463867188,206.01499938964844,206.01499938964844,360400,USD,NGM,America/New_York,Yahoo Finance
APPF,2026-09-09,205.41000366210938,206.2100067138672,200.57000732421875,205.64999389648438,205.64999389648438,157800,USD,NGM,America/New_York,Yahoo Finance
APPF,2026-09-10,205.13999938964844,209.2550048828125,203.17999267578125,205.75999450683594,205.75999450683594,152500,USD,NGM,America/New_York,Yahoo Finance
APPF,2026-09-11,205.50999450683594,211.01499938964844,205.4499969482422,208.47999572753906,208.47999572753906,192400,USD,NGM,America/New_York,Yahoo Finance
APPF,2026-09-14,215.25,222.17999267578125,213.82000732421875,221.8699951171875,221.8699951171875,263600,USD,NGM,America/New_York,Yahoo Finance
APPF,2026-09-15,219.33999633789062,227.9600067138672,219.33999633789062,225.9499969482422,225.9499969482422,488600,USD,NGM,America/New_York,Yahoo Finance
APPF,2026-09-16,223.1699981689453,225.11000061035156,215.92999267578125,221.1699981689453,221.1699981689453,292100,USD,NGM,America/New_York,Yahoo Finance
APPF,2026-09-17,221.24000549316406,222.8979949951172,217.89999389648438,219.73500061035156,219.73500061035156,255700,USD,NGM,America/New_York,Yahoo Finance
APPF,2026-09-18,219.5800018310547,219.5800018310547,213.2050018310547,214.6300048828125,214.6300048828125,518700,USD,NGM,America/New_York,Yahoo Finance
APPF,2026-09-21,215.2899932861328,216.97999572753906,209.4199981689453,209.83999633789062,209.83999633789062,231800,USD,NGM,America/New_York,Yahoo Finance
APPF,2026-09-22,213.41000366210938,214.0,202.64999389648438,206.27000427246094,206.27000427246094,336300,USD,NGM,America/New_York,Yahoo Finance
APPF,2026-09-23,206.35000610351562,211.00999450683594,206.35000610351562,210.00999450683594,210.00999450683594,268100,USD,NGM,America/New_York,Yahoo Finance
APPF,2026-09-24,211.0,212.5399932861328,203.72000122070312,204.42999267578125,204.42999267578125,202800,USD,NGM,America/New_York,Yahoo Finance
APPF,2026-09-25,202.57000732421875,205.6649932861328,201.75999450683594,204.22000122070312,204.22000122070312,151600,USD,NGM,America/New_York,Yahoo Finance
APPF,2026-09-28,203.27000427246094,203.27000427246094,196.8699951171875,197.91000366210938,197.91000366210938,293500,USD,NGM,America/New_York,Yahoo Finance
ARBE,2026-08-21,0.7649999856948853,0.7799999713897705,0.7110000252723694,0.7149999737739563,0.7149999737739563,711900,USD,NCM,America/New_York,Yahoo Finance
ARBE,2026-08-24,0.699999988079071,0.7139999866485596,0.6620000004768372,0.6769999861717224,0.6769999861717224,1131900,USD,NCM,America/New_York,Yahoo Finance
ARBE,2026-08-25,0.6800000071525574,0.7149999737739563,0.6800000071525574,0.699999988079071,0.699999988079071,1039500,USD,NCM,America/New_York,Yahoo Finance
ARBE,2026-08-26,0.6990000009536743,0.6990000009536743,0.6579999923706055,0.6700000166893005,0.6700000166893005,787900,USD,NCM,America/New_York,Yahoo Finance
ARBE,2026-08-27,0.6679999828338623,0.6809999942779541,0.6610000133514404,0.6660000085830688,0.6660000085830688,718200,USD,NCM,America/New_York,Yahoo Finance
ARBE,2026-08-28,0.6600000262260437,0.6769999861717224,0.640999972820282,0.656000018119812,0.656000018119812,534900,USD,NCM,America/New_York,Yahoo Finance
ARBE,2026-08-31,0.6320000290870667,0.6629999876022339,0.6299999952316284,0.652999997138977,0.652999997138977,544600,USD,NCM,America/New_York,Yahoo Finance
ARBE,2026-09-01,0.6499999761581421,0.6549999713897705,0.6309999823570251,0.6439999938011169,0.6439999938011169,610900,USD,NCM,America/New_York,Yahoo Finance
ARBE,2026-09-02,0.6449999809265137,0.6520000100135803,0.6299999952316284,0.6299999952316284,0.6299999952316284,541300,USD,NCM,America/New_York,Yahoo Finance
ARBE,2026-09-03,0.6510000228881836,0.6510000228881836,0.6230000257492065,0.625,0.625,636500,USD,NCM,America/New_York,Yahoo Finance
ARBE,2026-09-04,0.6240000128746033,0.6399999856948853,0.6240000128746033,0.6359999775886536,0.6359999775886536,419800,USD,NCM,America/New_York,Yahoo Finance
ARBE,2026-09-08,0.8259999752044678,0.8479999899864197,0.7260000109672546,0.7429999709129333,0.7429999709129333,101226700,USD,NCM,America/New_York,Yahoo Finance
ARBE,2026-09-09,0.7720000147819519,0.9100000262260437,0.7639999985694885,0.7940000295639038,0.7940000295639038,14792100,USD,NCM,America/New_York,Yahoo Finance
ARBE,2026-09-10,0.7940000295639038,0.8270000219345093,0.7400000095367432,0.7590000033378601,0.7590000033378601,3229700,USD,NCM,America/New_York,Yahoo Finance
ARBE,2026-09-11,0.7799999713897705,0.8199999928474426,0.7599999904632568,0.7839999794960022,0.7839999794960022,1484300,USD,NCM,America/New_York,Yahoo Finance
ARBE,2026-09-14,0.7929999828338623,0.8090000152587891,0.7279999852180481,0.7390000224113464,0.7390000224113464,1745700,USD,NCM,America/New_York,Yahoo Finance
ARBE,2026-09-15,0.7300000190734863,0.7390000224113464,0.6830000281333923,0.6919999718666077,0.6919999718666077,1288800,USD,NCM,America/New_York,Yahoo Finance
ARBE,2026-09-16,0.7110000252723694,0.7129999995231628,0.6430000066757202,0.6669999957084656,0.6669999957084656,1741200,USD,NCM,America/New_York,Yahoo Finance
ARBE,2026-09-17,0.6800000071525574,0.699999988079071,0.6700000166893005,0.6700000166893005,0.6700000166893005,998400,USD,NCM,America/New_York,Yahoo Finance
ARBE,2026-09-18,0.6700000166893005,0.6949999928474426,0.6549999713897705,0.6700000166893005,0.6700000166893005,996400,USD,NCM,America/New_York,Yahoo Finance
ARBE,2026-09-21,0.671999990940094,0.6890000104904175,0.6700000166893005,0.6869999766349792,0.6869999766349792,772400,USD,NCM,America/New_York,Yahoo Finance
ARBE,2026-09-22,0.6850000023841858,0.7129999995231628,0.6700000166893005,0.6880000233650208,0.6880000233650208,1346500,USD,NCM,America/New_York,Yahoo Finance
ARBE,2026-09-23,0.6930000185966492,0.6980000138282776,0.6679999828338623,0.671999990940094,0.671999990940094,996200,USD,NCM,America/New_York,Yahoo Finance
ARBE,2026-09-24,0.6690000295639038,0.6890000104904175,0.6499999761581421,0.6740000247955322,0.6740000247955322,811000,USD,NCM,America/New_York,Yahoo Finance
ARBE,2026-09-25,0.6460000276565552,0.6480000019073486,0.6000000238418579,0.6349999904632568,0.6349999904632568,3899200,USD,NCM,America/New_York,Yahoo Finance
ARBE,2026-09-28,0.6499999761581421,0.6499999761581421,0.6000000238418579,0.6000000238418579,0.6000000238418579,1309400,USD,NCM,America/New_York,Yahoo Finance
ARBE,2026-09-29,0.6169999837875366,0.6269999742507935,0.5849999785423279,0.6079999804496765,0.6079999804496765,1312800,USD,NCM,America/New_York,Yahoo Finance
ARBE,2026-09-30,0.6100000143051147,0.6240000128746033,0.6000000238418579,0.6200000047683716,0.6200000047683716,620100,USD,NCM,America/New_York,Yahoo Finance
ARBE,2026-10-01,0.6200000047683716,0.6320000290870667,0.5910000205039978,0.5920000076293945,0.5920000076293945,1366900,USD,NCM,America/New_York,Yahoo Finance
ARBE,2026-10-02,0.6100000143051147,0.628000020980835,0.6010000109672546,0.6129999756813049,0.6129999756813049,1014000,USD,NCM,America/New_York,Yahoo Finance
ASM,2026-08-17,7.110000133514404,7.25,6.949999809265137,7.199999809265137,7.199999809265137,3960100,USD,ASE,America/New_York,Yahoo Finance
ASM,2026-08-18,7.050000190734863,7.199999809265137,6.75,6.829999923706055,6.829999923706055,4679200,USD,ASE,America/New_York,Yahoo Finance
ASM,2026-08-19,7.179999828338623,7.619999885559082,7.170000076293945,7.570000171661377,7.570000171661377,4910300,USD,ASE,America/New_York,Yahoo Finance
ASM,2026-08-20,7.46999979019165,7.880000114440918,7.440000057220459,7.599999904632568,7.599999904632568,6622400,USD,ASE,America/New_York,Yahoo Finance
ASM,2026-08-21,7.849999904632568,7.880000114440918,7.380000114440918,7.400000095367432,7.400000095367432,5462700,USD,ASE,America/New_York,Yahoo Finance
ASM,2026-08-24,7.579999923706055,7.610000133514404,7.269999980926514,7.360000133514404,7.360000133514404,2901800,USD,ASE,America/New_York,Yahoo Finance
ASM,2026-08-25,7.199999809265137,7.53000020980835,7.179999828338623,7.489999771118164,7.489999771118164,2313400,USD,ASE,America/New_York,Yahoo Finance
ASM,2026-08-26,7.309999942779541,7.670000076293945,7.28000020980835,7.590000152587891,7.590000152587891,3592100,USD,ASE,America/New_York,Yahoo Finance
ASM,2026-08-27,7.570000171661377,7.769999980926514,7.550000190734863,7.730000019073486,7.730000019073486,3890500,USD,ASE,America/New_York,Yahoo Finance
ASM,2026-08-28,7.840000152587891,7.900000095367432,7.289999961853027,7.46999979019165,7.46999979019165,5604200,USD,ASE,America/New_York,Yahoo Finance
ASM,2026-08-31,7.369999885559082,7.420000076293945,7.159999847412109,7.300000190734863,7.300000190734863,2832400,USD,ASE,America/New_York,Yahoo Finance
ASM,2026-09-01,6.989999771118164,7.360000133514404,6.920000076293945,7.010000228881836,7.010000228881836,3462400,USD,ASE,America/New_York,Yahoo Finance
ASM,2026-09-02,7.190000057220459,7.599999904632568,7.179999828338623,7.5,7.5,4380400,USD,ASE,America/New_York,Yahoo Finance
ASM,2026-09-03,7.800000190734863,7.840000152587891,7.46999979019165,7.690000057220459,7.690000057220459,5350700,USD,ASE,America/New_York,Yahoo Finance
ASM,2026-09-04,7.360000133514404,7.599999904632568,7.320000171661377,7.329999923706055,7.329999923706055,5042300,USD,ASE,America/New_York,Yahoo Finance
ASM,2026-09-08,7.320000171661377,7.480000019073486,7.28000020980835,7.300000190734863,7.300000190734863,4087500,USD,ASE,America/New_York,Yahoo Finance
ASM,2026-09-09,7.480000019073486,7.550000190734863,7.260000228881836,7.360000133514404,7.360000133514404,5214400,USD,ASE,America/New_York,Yahoo Finance
ASM,2026-09-10,7.079999923706055,7.300000190734863,7.010000228881836,7.119999885559082,7.119999885559082,3370000,USD,ASE,America/New_York,Yahoo Finance
ASM,2026-09-11,7.21999979019165,7.300000190734863,6.429999828338623,6.489999771118164,6.489999771118164,6046500,USD,ASE,America/New_York,Yahoo Finance
ASM,2026-09-14,6.190000057220459,6.360000133514404,6.079999923706055,6.230000019073486,6.230000019073486,3430700,USD,ASE,America/New_York,Yahoo Finance
ASM,2026-09-15,6.28000020980835,6.309999942779541,6.03000020980835,6.139999866485596,6.139999866485596,3448300,USD,ASE,America/New_York,Yahoo Finance
ASM,2026-09-16,6.300000190734863,6.309999942779541,5.829999923706055,5.96999979019165,5.96999979019165,3976700,USD,ASE,America/New_York,Yahoo Finance
ASM,2026-09-17,6.289999961853027,6.349999904632568,6.150000095367432,6.289999961853027,6.289999961853027,3007500,USD,ASE,America/New_York,Yahoo Finance
ASM,2026-09-18,6.400000095367432,6.460000038146973,6.25,6.380000114440918,6.380000114440918,2723700,USD,ASE,America/New_York,Yahoo Finance
ASM,2026-09-21,6.429999828338623,6.440000057220459,6.139999866485596,6.179999828338623,6.179999828338623,3239400,USD,ASE,America/New_York,Yahoo Finance
ASM,2026-09-22,6.170000076293945,6.519999980926514,6.150000095367432,6.489999771118164,6.489999771118164,3306000,USD,ASE,America/New_York,Yahoo Finance
ASM,2026-09-23,6.239999771118164,6.260000228881836,5.949999809265137,6.039999961853027,6.039999961853027,3374500,USD,ASE,America/New_York,Yahoo Finance
ASM,2026-09-24,5.929999828338623,5.96999979019165,5.809999942779541,5.909999847412109,5.909999847412109,2561300,USD,ASE,America/New_York,Yahoo Finance
ASM,2026-09-25,5.980000019073486,5.980000019073486,5.769999980926514,5.940000057220459,5.940000057220459,2682600,USD,ASE,America/New_York,Yahoo Finance
ASM,2026-09-28,5.679999828338623,5.75,5.559999942779541,5.610000133514404,5.610000133514404,3137400,USD,ASE,America/New_York,Yahoo Finance
ASST,2026-08-17,12.350000381469727,13.345000267028809,12.270000457763672,13.199999809265137,13.199999809265137,2992900,USD,NGM,America/New_York,Yahoo Finance
ASST,2026-08-18,13.180000305175781,13.4399995803833,12.704999923706055,12.800000190734863,12.800000190734863,3893200,USD,NGM,America/New_York,Yahoo Finance
ASST,2026-08-19,12.949999809265137,14.829999923706055,12.9399995803833,14.729999542236328,14.729999542236328,7615700,USD,NGM,America/New_York,Yahoo Finance
ASST,2026-08-20,16.0,16.239999771118164,15.140000343322754,16.1299991607666,16.1299991607666,9901700,USD,NGM,America/New_York,Yahoo Finance
ASST,2026-08-21,17.65999984741211,19.09000015258789,17.18000030517578,18.219999313354492,18.219999313354492,14978200,USD,NGM,America/New_York,Yahoo Finance
ASST,2026-08-24,18.760000228881836,20.316999435424805,18.549999237060547,19.729999542236328,19.729999542236328,14707700,USD,NGM,America/New_York,Yahoo Finance
ASST,2026-08-25,19.040000915527344,22.15999984741211,18.8799991607666,21.389999389648438,21.389999389648438,12934800,USD,NGM,America/New_York,Yahoo Finance
ASST,2026-08-26,20.719999313354492,21.65999984741211,20.17099952697754,21.5,21.5,9747200,USD,NGM,America/New_York,Yahoo Finance
ASST,2026-08-27,22.450000762939453,24.3799991607666,21.850000381469727,23.1200008392334,23.1200008392334,13398300,USD,NGM,America/New_York,Yahoo Finance
ASST,2026-08-28,22.5,23.59000015258789,21.389999389648438,21.739999771118164,21.739999771118164,11772600,USD,NGM,America/New_York,Yahoo Finance
ASST,2026-08-31,22.540000915527344,24.479999542236328,21.950000762939453,24.219999313354492,24.219999313354492,15178300,USD,NGM,America/New_York,Yahoo Finance
ASST,2026-09-01,23.459999084472656,24.68000030517578,23.049999237060547,24.0,24.0,11096500,USD,NGM,America/New_York,Yahoo Finance
ASST,2026-09-02,23.06999969482422,24.5,22.299999237060547,24.31999969482422,24.31999969482422,9593100,USD,NGM,America/New_York,Yahoo Finance
ASST,2026-09-03,25.625,27.229999542236328,25.145000457763672,26.81999969482422,26.81999969482422,17194100,USD,NGM,America/New_York,Yahoo Finance
ASST,2026-09-04,25.18000030517578,27.350000381469727,25.18000030517578,27.139999389648438,27.139999389648438,8996800,USD,NGM,America/New_York,Yahoo Finance
ASST,2026-09-08,26.440000534057617,27.655000686645508,25.600000381469727,27.15999984741211,27.15999984741211,8992500,USD,NGM,America/New_York,Yahoo Finance
ASST,2026-09-09,28.0,28.530000686645508,26.299999237060547,26.690000534057617,26.690000534057617,8040100,USD,NGM,America/New_York,Yahoo Finance
ASST,2026-09-10,26.059999465942383,27.75,25.81999969482422,26.899999618530273,26.899999618530273,8802500,USD,NGM,America/New_York,Yahoo Finance
ASST,2026-09-11,27.110000610351562,29.040000915527344,26.700000762939453,27.6200008392334,27.6200008392334,8935000,USD,NGM,America/New_York,Yahoo Finance
ASST,2026-09-14,27.729999542236328,29.600000381469727,27.600000381469727,29.030000686645508,29.030000686645508,9811900,USD,NGM,America/New_York,Yahoo Finance
ASST,2026-09-15,28.0,28.360000610351562,26.6299991607666,27.56999969482422,27.56999969482422,10791900,USD,NGM,America/New_York,Yahoo Finance
ASST,2026-09-16,27.81999969482422,28.110000610351562,26.850000381469727,27.40999984741211,27.40999984741211,7803000,USD,NGM,America/New_York,Yahoo Finance
ASST,2026-09-17,28.03499984741211,29.40999984741211,27.610000610351562,28.280000686645508,28.280000686645508,9726600,USD,NGM,America/New_York,Yahoo Finance
ASST,2026-09-18,29.540000915527344,30.3799991607666,29.329999923706055,30.09000015258789,30.09000015258789,16154500,USD,NGM,America/New_York,Yahoo Finance
ASST,2026-09-21,31.639999389648438,31.950000762939453,28.829999923706055,30.329999923706055,30.329999923706055,17634500,USD,NGM,America/New_York,Yahoo Finance
ASST,2026-09-22,29.299999237060547,31.020000457763672,29.010000228881836,29.350000381469727,29.350000381469727,8409200,USD,NGM,America/New_York,Yahoo Finance
ASST,2026-09-23,28.65999984741211,29.829999923706055,28.309999465942383,28.989999771118164,28.989999771118164,6075000,USD,NGM,America/New_York,Yahoo Finance
ASST,2026-09-24,28.610000610351562,30.59000015258789,28.489999771118164,29.940000534057617,29.940000534057617,7615200,USD,NGM,America/New_York,Yahoo Finance
ASST,2026-09-25,29.895000457763672,30.06999969482422,29.110000610351562,29.440000534057617,29.440000534057617,4412600,USD,NGM,America/New_York,Yahoo Finance
ASST,2026-09-28,29.549999237060547,30.399999618530273,28.71500015258789,29.0,29.0,7237300,USD,NGM,America/New_York,Yahoo Finance
ASYS,2026-08-21,14.619999885559082,14.75,14.130000114440918,14.630000114440918,14.630000114440918,361300,USD,NMS,America/New_York,Yahoo Finance
ASYS,2026-08-24,14.300000190734863,14.350000381469727,13.649999618530273,14.0,14.0,424100,USD,NMS,America/New_York,Yahoo Finance
ASYS,2026-08-25,14.300000190734863,14.4399995803833,14.0,14.25,14.25,230900,USD,NMS,America/New_York,Yahoo Finance
ASYS,2026-08-26,14.729999542236328,15.510000228881836,14.6899995803833,15.170000076293945,15.170000076293945,718100,USD,NMS,America/New_York,Yahoo Finance
ASYS,2026-08-27,15.520000457763672,16.079999923706055,15.289999961853027,15.829999923706055,15.829999923706055,515600,USD,NMS,America/New_York,Yahoo Finance
ASYS,2026-08-28,15.529999732971191,15.829999923706055,14.930000305175781,15.0600004196167,15.0600004196167,355200,USD,NMS,America/New_York,Yahoo Finance
ASYS,2026-08-31,15.029999732971191,15.270000457763672,14.510000228881836,14.619999885559082,14.619999885559082,363500,USD,NMS,America/New_York,Yahoo Finance
ASYS,2026-09-01,14.229999542236328,14.550000190734863,14.0,14.520000457763672,14.520000457763672,425100,USD,NMS,America/New_York,Yahoo Finance
ASYS,2026-09-02,14.359999656677246,14.65999984741211,14.3100004196167,14.600000381469727,14.600000381469727,272400,USD,NMS,America/New_York,Yahoo Finance
ASYS,2026-09-03,14.59000015258789,14.640000343322754,13.84000015258789,14.369999885559082,14.369999885559082,285900,USD,NMS,America/New_York,Yahoo Finance
ASYS,2026-09-04,14.5600004196167,15.029999732971191,14.40999984741211,14.949999809265137,14.949999809265137,312800,USD,NMS,America/New_York,Yahoo Finance
ASYS,2026-09-08,15.079999923706055,15.619999885559082,15.079999923706055,15.489999771118164,15.489999771118164,161200,USD,NMS,America/New_York,Yahoo Finance
ASYS,2026-09-09,15.3100004196167,15.670000076293945,15.140000343322754,15.260000228881836,15.260000228881836,398900,USD,NMS,America/New_York,Yahoo Finance
ASYS,2026-09-10,14.729999542236328,15.470000267028809,14.720000267028809,15.0600004196167,15.0600004196167,318400,USD,NMS,America/New_York,Yahoo Finance
ASYS,2026-09-11,15.300000190734863,15.579999923706055,14.859999656677246,14.90999984741211,14.90999984741211,174800,USD,NMS,America/New_York,Yahoo Finance
ASYS,2026-09-14,14.0,14.25,13.569999694824219,13.609999656677246,13.609999656677246,253900,USD,NMS,America/New_York,Yahoo Finance
ASYS,2026-09-15,13.8100004196167,13.850000381469727,13.34000015258789,13.829999923706055,13.829999923706055,267800,USD,NMS,America/New_York,Yahoo Finance
ASYS,2026-09-16,13.979999542236328,14.260000228881836,13.619999885559082,13.850000381469727,13.850000381469727,235100,USD,NMS,America/New_York,Yahoo Finance
ASYS,2026-09-17,14.399999618530273,14.609999656677246,13.859999656677246,13.859999656677246,13.859999656677246,295800,USD,NMS,America/New_York,Yahoo Finance
ASYS,2026-09-18,14.380000114440918,14.380000114440918,13.899999618530273,14.199999809265137,14.199999809265137,757600,USD,NMS,America/New_York,Yahoo Finance
ASYS,2026-09-21,14.550000190734863,15.239999771118164,14.289999961853027,14.979999542236328,14.979999542236328,311100,USD,NMS,America/New_York,Yahoo Finance
ASYS,2026-09-22,14.869999885559082,15.3100004196167,14.739999771118164,15.300000190734863,15.300000190734863,198200,USD,NMS,America/New_York,Yahoo Finance
ASYS,2026-09-23,15.09000015258789,15.460000038146973,14.84000015258789,15.430000305175781,15.430000305175781,196000,USD,NMS,America/New_York,Yahoo Finance
ASYS,2026-09-24,15.029999732971191,15.399999618530273,14.489999771118164,15.399999618530273,15.399999618530273,210000,USD,NMS,America/New_York,Yahoo Finance
ASYS,2026-09-25,15.4399995803833,15.90999984741211,15.319999694824219,15.779999732971191,15.779999732971191,180900,USD,NMS,America/New_York,Yahoo Finance
ASYS,2026-09-28,15.609999656677246,15.970000267028809,15.449999809265137,15.850000381469727,15.850000381469727,226900,USD,NMS,America/New_York,Yahoo Finance
ASYS,2026-09-29,16.260000228881836,16.68000030517578,16.139999389648438,16.610000610351562,16.610000610351562,347100,USD,NMS,America/New_York,Yahoo Finance
ASYS,2026-09-30,16.700000762939453,16.90999984741211,16.559999465942383,16.780000686645508,16.780000686645508,179900,USD,NMS,America/New_York,Yahoo Finance
ASYS,2026-10-01,16.780000686645508,17.350000381469727,16.65999984741211,17.25,17.25,212700,USD,NMS,America/New_York,Yahoo Finance
ASYS,2026-10-02,17.81999969482422,18.110000610351562,17.600000381469727,18.010000228881836,18.010000228881836,285900,USD,NMS,America/New_York,Yahoo Finance
AWI,2026-08-17,181.4499969482422,182.1199951171875,178.47999572753906,179.1699981689453,179.1699981689453,248700,USD,NYQ,America/New_York,Yahoo Finance
AWI,2026-08-18,179.72000122070312,179.72000122070312,176.49000549316406,177.14999389648438,177.14999389648438,259000,USD,NYQ,America/New_York,Yahoo Finance
AWI,2026-08-19,178.86000061035156,180.9199981689453,178.3000030517578,178.60000610351562,178.60000610351562,241200,USD,NYQ,America/New_York,Yahoo Finance
AWI,2026-08-20,176.1999969482422,179.66000366210938,175.9499969482422,178.11000061035156,178.11000061035156,428400,USD,NYQ,America/New_York,Yahoo Finance
AWI,2026-08-21,178.66000366210938,179.8699951171875,176.97000122070312,178.5399932861328,178.5399932861328,336400,USD,NYQ,America/New_York,Yahoo Finance
AWI,2026-08-24,179.1199951171875,180.97999572753906,177.4499969482422,178.25,178.25,376600,USD,NYQ,America/New_York,Yahoo Finance
AWI,2026-08-25,180.9199981689453,181.2899932861328,179.0,179.80999755859375,179.80999755859375,307400,USD,NYQ,America/New_York,Yahoo Finance
AWI,2026-08-26,180.58999633789062,181.92999267578125,177.77999877929688,177.77999877929688,177.77999877929688,332500,USD,NYQ,America/New_York,Yahoo Finance
AWI,2026-08-27,176.8800048828125,181.2899932861328,175.49000549316406,175.5500030517578,175.5500030517578,255100,USD,NYQ,America/New_York,Yahoo Finance
AWI,2026-08-28,175.8699951171875,177.33999633789062,173.5,175.08999633789062,175.08999633789062,226000,USD,NYQ,America/New_York,Yahoo Finance
AWI,2026-08-31,173.8800048828125,174.49000549316406,172.2899932861328,172.5800018310547,172.5800018310547,302200,USD,NYQ,America/New_York,Yahoo Finance
AWI,2026-09-01,171.6199951171875,173.47999572753906,167.75999450683594,168.94000244140625,168.94000244140625,389300,USD,NYQ,America/New_York,Yahoo Finance
AWI,2026-09-02,169.02999877929688,171.39999389648438,166.77000427246094,169.11000061035156,169.11000061035156,311700,USD,NYQ,America/New_York,Yahoo Finance
AWI,2026-09-03,171.16000366210938,173.08999633789062,167.6699981689453,170.83999633789062,170.83999633789062,505600,USD,NYQ,America/New_York,Yahoo Finance
AWI,2026-09-04,170.02000427246094,173.49000549316406,169.88999938964844,173.3300018310547,173.3300018310547,441500,USD,NYQ,America/New_York,Yahoo Finance
AWI,2026-09-08,172.6699981689453,172.6699981689453,170.32000732421875,170.41000366210938,170.41000366210938,289700,USD,NYQ,America/New_York,Yahoo Finance
AWI,2026-09-09,169.39999389648438,171.47999572753906,166.4199981689453,167.2100067138672,167.2100067138672,273700,USD,NYQ,America/New_York,Yahoo Finance
AWI,2026-09-10,166.5800018310547,166.8300018310547,161.10000610351562,162.72999572753906,162.72999572753906,394000,USD,NYQ,America/New_York,Yahoo Finance
AWI,2026-09-11,164.27000427246094,165.2100067138672,162.17999267578125,163.8699951171875,163.8699951171875,307300,USD,NYQ,America/New_York,Yahoo Finance
AWI,2026-09-14,161.57000732421875,163.61000061035156,160.08999633789062,160.22999572753906,160.22999572753906,301700,USD,NYQ,America/New_York,Yahoo Finance
AWI,2026-09-15,160.42999267578125,160.42999267578125,156.91000366210938,160.08999633789062,160.08999633789062,337700,USD,NYQ,America/New_York,Yahoo Finance
AWI,2026-09-16,161.38999938964844,161.38999938964844,157.22000122070312,157.9199981689453,157.9199981689453,400300,USD,NYQ,America/New_York,Yahoo Finance
AWI,2026-09-17,160.75,163.00999450683594,158.1999969482422,159.88999938964844,159.88999938964844,323300,USD,NYQ,America/New_York,Yahoo Finance
AWI,2026-09-18,159.38999938964844,160.41000366210938,157.74000549316406,159.6300048828125,159.6300048828125,933900,USD,NYQ,America/New_York,Yahoo Finance
AWI,2026-09-21,162.0,162.69000244140625,160.17999267578125,161.8800048828125,161.8800048828125,342000,USD,NYQ,America/New_York,Yahoo Finance
AWI,2026-09-22,165.6199951171875,165.82000732421875,161.83999633789062,163.80999755859375,163.80999755859375,330000,USD,NYQ,America/New_York,Yahoo Finance
AWI,2026-09-23,162.4199981689453,166.75,162.0,163.97000122070312,163.97000122070312,342600,USD,NYQ,America/New_York,Yahoo Finance
AWI,2026-09-24,163.83999633789062,164.9600067138672,160.35000610351562,162.1300048828125,162.1300048828125,293000,USD,NYQ,America/New_York,Yahoo Finance
AWI,2026-09-25,162.19000244140625,164.35000610351562,160.97000122070312,162.80999755859375,162.80999755859375,270000,USD,NYQ,America/New_York,Yahoo Finance
AWI,2026-09-28,161.97999572753906,165.19000244140625,161.30999755859375,164.75,164.75,400500,USD,NYQ,America/New_York,Yahoo Finance
AWK,2026-08-17,135.19000244140625,135.94000244140625,133.25,134.35000610351562,134.35000610351562,2106000,USD,NYQ,America/New_York,Yahoo Finance
AWK,2026-08-18,135.92999267578125,137.75,135.36000061035156,136.27000427246094,136.27000427246094,1892700,USD,NYQ,America/New_York,Yahoo Finance
AWK,2026-08-19,136.41000366210938,139.36000061035156,136.3000030517578,138.7100067138672,138.7100067138672,3029200,USD,NYQ,America/New_York,Yahoo Finance
AWK,2026-08-20,137.9600067138672,139.33999633789062,137.08999633789062,137.2100067138672,137.2100067138672,1661700,USD,NYQ,America/New_York,Yahoo Finance
AWK,2026-08-21,136.80999755859375,137.38999938964844,135.25999450683594,135.38999938964844,135.38999938964844,1942400,USD,NYQ,America/New_York,Yahoo Finance
AWK,2026-08-24,136.0,140.1300048828125,135.0399932861328,139.91000366210938,139.91000366210938,2406000,USD,NYQ,America/New_York,Yahoo Finance
AWK,2026-08-25,139.0,139.8000030517578,137.10000610351562,137.60000610351562,137.60000610351562,1939600,USD,NYQ,America/New_York,Yahoo Finance
AWK,2026-08-26,137.47999572753906,138.6199951171875,137.22999572753906,137.49000549316406,137.49000549316406,1361800,USD,NYQ,America/New_York,Yahoo Finance
AWK,2026-08-27,136.0500030517578,138.25999450683594,135.27000427246094,136.69000244140625,136.69000244140625,2364100,USD,NYQ,America/New_York,Yahoo Finance
AWK,2026-08-28,137.0,138.4499969482422,136.22999572753906,138.3000030517578,138.3000030517578,1908200,USD,NYQ,America/New_York,Yahoo Finance
AWK,2026-08-31,136.97999572753906,138.88999938964844,136.36000061035156,138.22999572753906,138.22999572753906,2420100,USD,NYQ,America/New_York,Yahoo Finance
AWK,2026-09-01,139.1699981689453,139.55999755859375,136.72999572753906,137.39999389648438,137.39999389648438,1661800,USD,NYQ,America/New_York,Yahoo Finance
AWK,2026-09-02,137.17999267578125,142.27000427246094,136.22000122070312,139.49000549316406,139.49000549316406,2386700,USD,NYQ,America/New_York,Yahoo Finance
AWK,2026-09-03,139.75999450683594,141.27000427246094,139.75999450683594,140.88999938964844,140.88999938964844,1835700,USD,NYQ,America/New_York,Yahoo Finance
AWK,2026-09-04,140.0,141.27999877929688,139.42999267578125,140.6999969482422,140.6999969482422,2074100,USD,NYQ,America/New_York,Yahoo Finance
AWK,2026-09-08,140.8000030517578,141.85000610351562,140.36000061035156,140.3800048828125,140.3800048828125,2058100,USD,NYQ,America/New_York,Yahoo Finance
AWK,2026-09-09,140.52999877929688,142.0399932861328,139.77000427246094,140.3300018310547,140.3300018310547,2132000,USD,NYQ,America/New_York,Yahoo Finance
AWK,2026-09-10,141.80999755859375,142.3699951171875,139.72000122070312,139.83999633789062,139.83999633789062,2015600,USD,NYQ,America/New_York,Yahoo Finance
AWK,2026-09-11,140.47000122070312,140.9499969482422,137.27000427246094,137.69000244140625,137.69000244140625,1403600,USD,NYQ,America/New_York,Yahoo Finance
AWK,2026-09-14,138.8800048828125,139.72999572753906,137.52999877929688,138.9199981689453,138.9199981689453,1577100,USD,NYQ,America/New_York,Yahoo Finance
AWK,2026-09-15,138.75999450683594,139.33999633789062,137.5500030517578,138.02000427246094,138.02000427246094,1661900,USD,NYQ,America/New_York,Yahoo Finance
AWK,2026-09-16,138.30999755859375,139.00999450683594,137.25,137.75999450683594,137.75999450683594,1382000,USD,NYQ,America/New_York,Yahoo Finance
AWK,2026-09-17,138.10000610351562,138.5399932861328,136.2899932861328,138.24000549316406,138.24000549316406,1961200,USD,NYQ,America/New_York,Yahoo Finance
AWK,2026-09-18,136.85000610351562,137.32000732421875,135.44000244140625,135.89999389648438,135.89999389648438,3583100,USD,NYQ,America/New_York,Yahoo Finance
AWK,2026-09-21,135.30999755859375,136.02999877929688,133.72999572753906,133.97000122070312,133.97000122070312,1442200,USD,NYQ,America/New_York,Yahoo Finance
AWK,2026-09-22,134.05999755859375,135.0800018310547,133.52000427246094,133.82000732421875,133.82000732421875,2071200,USD,NYQ,America/New_York,Yahoo Finance
AWK,2026-09-23,133.27999877929688,134.32000732421875,132.07000732421875,133.05999755859375,133.05999755859375,2119600,USD,NYQ,America/New_York,Yahoo Finance
AWK,2026-09-24,133.83999633789062,134.75,131.39999389648438,131.52999877929688,131.52999877929688,1287100,USD,NYQ,America/New_York,Yahoo Finance
AWK,2026-09-25,131.60000610351562,131.72000122070312,129.8000030517578,130.91000366210938,130.91000366210938,1232500,USD,NYQ,America/New_York,Yahoo Finance
AWK,2026-09-28,130.44000244140625,131.0500030517578,128.47000122070312,128.92999267578125,128.92999267578125,1744500,USD,NYQ,America/New_York,Yahoo Finance
AZN,2026-08-17,156.3000030517578,157.25999450683594,155.77999877929688,156.88999938964844,156.88999938964844,3361600,USD,NYQ,America/New_York,Yahoo Finance
AZN,2026-08-18,159.1199951171875,160.63999938964844,158.97999572753906,160.10000610351562,160.10000610351562,3001300,USD,NYQ,America/New_York,Yahoo Finance
AZN,2026-08-19,162.1300048828125,165.91000366210938,162.0,164.9499969482422,164.9499969482422,3817900,USD,NYQ,America/New_York,Yahoo Finance
AZN,2026-08-20,163.39999389648438,165.57000732421875,161.47999572753906,164.49000549316406,164.49000549316406,5094000,USD,NYQ,America/New_York,Yahoo Finance
AZN,2026-08-21,164.0399932861328,167.25,163.9600067138672,165.97999572753906,165.97999572753906,3179600,USD,NYQ,America/New_York,Yahoo Finance
AZN,2026-08-24,164.57000732421875,167.0800018310547,163.97000122070312,166.7100067138672,166.7100067138672,2780100,USD,NYQ,America/New_York,Yahoo Finance
AZN,2026-08-25,167.0800018310547,170.17999267578125,166.77999877929688,169.66000366210938,169.66000366210938,3453200,USD,NYQ,America/New_York,Yahoo Finance
AZN,2026-08-26,167.4600067138672,167.88999938964844,165.1699981689453,166.27000427246094,166.27000427246094,2680600,USD,NYQ,America/New_York,Yahoo Finance
AZN,2026-08-27,165.27000427246094,165.5800018310547,163.97999572753906,164.52000427246094,164.52000427246094,2495200,USD,NYQ,America/New_York,Yahoo Finance
AZN,2026-08-28,163.52000427246094,163.5399932861328,161.17999267578125,162.6999969482422,162.6999969482422,2880700,USD,NYQ,America/New_York,Yahoo Finance
AZN,2026-08-31,162.6999969482422,163.75,161.9499969482422,162.1300048828125,162.1300048828125,3067800,USD,NYQ,America/New_York,Yahoo Finance
AZN,2026-09-01,163.66000366210938,164.24000549316406,161.38999938964844,162.47000122070312,162.47000122070312,2598500,USD,NYQ,America/New_York,Yahoo Finance
AZN,2026-09-02,162.5399932861328,164.69000244140625,160.8699951171875,161.6300048828125,161.6300048828125,3300800,USD,NYQ,America/New_York,Yahoo Finance
AZN,2026-09-03,165.63999938964844,165.74000549316406,162.24000549316406,164.77000427246094,164.77000427246094,2425200,USD,NYQ,America/New_York,Yahoo Finance
AZN,2026-09-04,162.82000732421875,163.77999877929688,161.1300048828125,162.6999969482422,162.6999969482422,3070400,USD,NYQ,America/New_York,Yahoo Finance
AZN,2026-09-08,163.9600067138672,163.9600067138672,159.39999389648438,160.0399932861328,160.0399932861328,5145600,USD,NYQ,America/New_York,Yahoo Finance
AZN,2026-09-09,158.30999755859375,159.1300048828125,156.74000549316406,156.94000244140625,156.94000244140625,3873500,USD,NYQ,America/New_York,Yahoo Finance
AZN,2026-09-10,157.67999267578125,160.3000030517578,157.22999572753906,159.63999938964844,159.63999938964844,2935300,USD,NYQ,America/New_York,Yahoo Finance
AZN,2026-09-11,161.42999267578125,161.50999450683594,158.1300048828125,160.1699981689453,160.1699981689453,2227300,USD,NYQ,America/New_York,Yahoo Finance
AZN,2026-09-14,164.0800018310547,164.5500030517578,162.13999938964844,163.77999877929688,163.77999877929688,3093600,USD,NYQ,America/New_York,Yahoo Finance
AZN,2026-09-15,161.4199981689453,163.89999389648438,160.7100067138672,161.85000610351562,161.85000610351562,2939400,USD,NYQ,America/New_York,Yahoo Finance
AZN,2026-09-16,164.2100067138672,165.4199981689453,162.02000427246094,162.88999938964844,162.88999938964844,3859100,USD,NYQ,America/New_York,Yahoo Finance
AZN,2026-09-17,164.58999633789062,166.2899932861328,164.3000030517578,166.13999938964844,166.13999938964844,3807500,USD,NYQ,America/New_York,Yahoo Finance
AZN,2026-09-18,167.14999389648438,167.8300018310547,165.5399932861328,166.0800018310547,166.0800018310547,3060300,USD,NYQ,America/New_York,Yahoo Finance
AZN,2026-09-21,168.4499969482422,169.0,167.11000061035156,168.10000610351562,168.10000610351562,2937800,USD,NYQ,America/New_York,Yahoo Finance
AZN,2026-09-22,167.83999633789062,169.35000610351562,166.74000549316406,168.3699951171875,168.3699951171875,2306200,USD,NYQ,America/New_York,Yahoo Finance
AZN,2026-09-23,166.5800018310547,167.58999633789062,163.3300018310547,163.3300018310547,163.3300018310547,2361200,USD,NYQ,America/New_York,Yahoo Finance
AZN,2026-09-24,162.91000366210938,166.25,162.91000366210938,164.55999755859375,164.55999755859375,3188400,USD,NYQ,America/New_York,Yahoo Finance
AZN,2026-09-25,166.16000366210938,166.80999755859375,164.60000610351562,166.5800018310547,166.5800018310547,2067900,USD,NYQ,America/New_York,Yahoo Finance
AZN,2026-09-28,165.69000244140625,167.52000427246094,165.38999938964844,166.14999389648438,166.14999389648438,1714400,USD,NYQ,America/New_York,Yahoo Finance
BBCP,2026-08-21,9.029999732971191,9.319999694824219,8.890000343322754,9.319999694824219,9.196367263793945,150200,USD,NCM,America/New_York,Yahoo Finance
BBCP,2026-08-24,9.319999694824219,9.470000267028809,9.229999542236328,9.40999984741211,9.285173416137695,234300,USD,NCM,America/New_York,Yahoo Finance
BBCP,2026-08-25,9.40999984741211,9.494999885559082,9.119999885559082,9.479999542236328,9.354244232177734,293500,USD,NCM,America/New_York,Yahoo Finance
BBCP,2026-08-26,9.449999809265137,9.59000015258789,9.140000343322754,9.569999694824219,9.443050384521484,139400,USD,NCM,America/New_York,Yahoo Finance
BBCP,2026-08-27,9.569999694824219,9.640000343322754,9.26200008392334,9.430000305175781,9.304908752441406,262400,USD,NCM,America/New_York,Yahoo Finance
BBCP,2026-08-28,9.390000343322754,9.449999809265137,9.015000343322754,9.210000038146973,9.0878267288208,305500,USD,NCM,America/New_York,Yahoo Finance
BBCP,2026-08-31,9.149999618530273,9.194999694824219,8.760000228881836,9.029999732971191,8.9102144241333,172900,USD,NCM,America/New_York,Yahoo Finance
BBCP,2026-09-01,8.979999542236328,9.039999961853027,8.800999641418457,9.010000228881836,8.890480041503906,104600,USD,NCM,America/New_York,Yahoo Finance
BBCP,2026-09-02,9.039999961853027,9.100000381469727,8.819999694824219,8.880000114440918,8.76220417022705,275900,USD,NCM,America/New_York,Yahoo Finance
BBCP,2026-09-03,8.979999542236328,9.199999809265137,8.760000228881836,9.050000190734863,8.929948806762695,388200,USD,NCM,America/New_York,Yahoo Finance
BBCP,2026-09-04,10.850000381469727,10.970000267028809,9.6899995803833,10.5,10.360713958740234,869400,USD,NCM,America/New_York,Yahoo Finance
BBCP,2026-09-08,10.5,10.739999771118164,10.149999618530273,10.380000114440918,10.242305755615234,451300,USD,NCM,America/New_York,Yahoo Finance
BBCP,2026-09-09,10.380000114440918,10.449999809265137,10.09000015258789,10.180000305175781,10.04495906829834,253900,USD,NCM,America/New_York,Yahoo Finance
BBCP,2026-09-10,10.199999809265137,10.329999923706055,10.119999885559082,10.180000305175781,10.04495906829834,206200,USD,NCM,America/New_York,Yahoo Finance
BBCP,2026-09-11,10.270000457763672,10.460000038146973,10.130000114440918,10.430000305175781,10.291643142700195,142700,USD,NCM,America/New_York,Yahoo Finance
BBCP,2026-09-14,10.220000267028809,10.5,10.11299991607666,10.289999961853027,10.153499603271484,245000,USD,NCM,America/New_York,Yahoo Finance
BBCP,2026-09-15,10.25,10.359999656677246,10.154999732971191,10.25,10.114030838012695,261400,USD,NCM,America/New_York,Yahoo Finance
BBCP,2026-09-16,10.25,10.383999824523926,10.039999961853027,10.09000015258789,9.95615291595459,324300,USD,NCM,America/New_York,Yahoo Finance
BBCP,2026-09-17,10.25,10.25,9.75,9.800000190734863,9.670000076293945,245600,USD,NCM,America/New_York,Yahoo Finance
BBCP,2026-09-18,9.670000076293945,9.819999694824219,9.640000343322754,9.760000228881836,9.760000228881836,311700,USD,NCM,America/New_York,Yahoo Finance
BBCP,2026-09-21,9.819999694824219,9.989999771118164,9.59000015258789,9.9399995803833,9.9399995803833,195600,USD,NCM,America/New_York,Yahoo Finance
BBCP,2026-09-22,10.0,10.130000114440918,9.979999542236328,10.020000457763672,10.020000457763672,193100,USD,NCM,America/New_York,Yahoo Finance
BBCP,2026-09-23,10.010000228881836,10.010000228881836,9.654999732971191,9.6850004196167,9.6850004196167,96600,USD,NCM,America/New_York,Yahoo Finance
BBCP,2026-09-24,9.680000305175781,9.739999771118164,9.529999732971191,9.600000381469727,9.600000381469727,118100,USD,NCM,America/New_York,Yahoo Finance
BBCP,2026-09-25,9.630000114440918,9.789999961853027,9.529999732971191,9.770000457763672,9.770000457763672,95500,USD,NCM,America/New_York,Yahoo Finance
BBCP,2026-09-28,9.770000457763672,9.9399995803833,9.6899995803833,9.899999618530273,9.899999618530273,144600,USD,NCM,America/New_York,Yahoo Finance
BBCP,2026-09-29,10.010000228881836,10.100000381469727,9.579999923706055,9.699999809265137,9.699999809265137,128900,USD,NCM,America/New_York,Yahoo Finance
BBCP,2026-09-30,9.720000267028809,9.930000305175781,9.609999656677246,9.6899995803833,9.6899995803833,137200,USD,NCM,America/New_York,Yahoo Finance
BBCP,2026-10-01,9.6899995803833,9.9399995803833,9.619999885559082,9.880000114440918,9.880000114440918,120100,USD,NCM,America/New_York,Yahoo Finance
BBCP,2026-10-02,10.010000228881836,10.100000381469727,9.789999961853027,9.850000381469727,9.850000381469727,127900,USD,NCM,America/New_York,Yahoo Finance
BHP.AX,2026-08-21,65.54000091552734,65.79000091552734,64.8499984741211,65.16000366210938,63.76923370361328,13883988,AUD,ASX,Australia/Sydney,Yahoo Finance
BHP.AX,2026-08-24,67.31999969482422,67.72000122070312,67.02999877929688,67.12000274658203,65.68739318847656,7292811,AUD,ASX,Australia/Sydney,Yahoo Finance
BHP.AX,2026-08-25,67.94999694824219,68.22000122070312,67.33999633789062,67.66999816894531,66.22565460205078,6669787,AUD,ASX,Australia/Sydney,Yahoo Finance
BHP.AX,2026-08-26,68.6500015258789,68.7699966430664,67.29000091552734,67.4000015258789,65.96141815185547,7763091,AUD,ASX,Australia/Sydney,Yahoo Finance
BHP.AX,2026-08-27,67.1500015258789,67.51000213623047,66.4000015258789,66.4000015258789,64.9827651977539,6670139,AUD,ASX,Australia/Sydney,Yahoo Finance
BHP.AX,2026-08-28,66.5999984741211,67.30000305175781,66.33999633789062,67.30000305175781,65.86355590820312,8442389,AUD,ASX,Australia/Sydney,Yahoo Finance
BHP.AX,2026-08-31,66.68000030517578,66.73999786376953,65.2699966430664,66.2300033569336,64.81639099121094,15540156,AUD,ASX,Australia/Sydney,Yahoo Finance
BHP.AX,2026-09-01,65.9800033569336,66.87000274658203,65.70999908447266,66.83999633789062,65.41336822509766,5661370,AUD,ASX,Australia/Sydney,Yahoo Finance
BHP.AX,2026-09-02,65.26000213623047,65.47000122070312,64.25,64.6500015258789,63.27011489868164,8174214,AUD,ASX,Australia/Sydney,Yahoo Finance
BHP.AX,2026-09-03,63.630001068115234,64.16000366210938,63.2400016784668,63.779998779296875,63.779998779296875,8669790,AUD,ASX,Australia/Sydney,Yahoo Finance
BHP.AX,2026-09-04,63.720001220703125,63.720001220703125,61.970001220703125,62.25,62.25,6747774,AUD,ASX,Australia/Sydney,Yahoo Finance
BHP.AX,2026-09-07,62.77000045776367,63.56999969482422,62.5,62.93000030517578,62.93000030517578,5923786,AUD,ASX,Australia/Sydney,Yahoo Finance
BHP.AX,2026-09-08,63.04999923706055,63.189998626708984,62.404998779296875,62.54999923706055,62.54999923706055,5852628,AUD,ASX,Australia/Sydney,Yahoo Finance
BHP.AX,2026-09-09,63.88999938964844,64.58000183105469,63.790000915527344,64.58000183105469,64.58000183105469,7990305,AUD,ASX,Australia/Sydney,Yahoo Finance
BHP.AX,2026-09-10,63.790000915527344,63.91999816894531,62.1150016784668,63.439998626708984,63.439998626708984,7680694,AUD,ASX,Australia/Sydney,Yahoo Finance
BHP.AX,2026-09-11,60.5,61.13999938964844,60.27000045776367,60.869998931884766,60.869998931884766,7950459,AUD,ASX,Australia/Sydney,Yahoo Finance
BHP.AX,2026-09-14,60.68000030517578,60.75,59.88999938964844,60.59000015258789,60.59000015258789,6593698,AUD,ASX,Australia/Sydney,Yahoo Finance
BHP.AX,2026-09-15,59.59000015258789,59.77000045776367,58.970001220703125,59.25,59.25,7891370,AUD,ASX,Australia/Sydney,Yahoo Finance
BHP.AX,2026-09-16,59.599998474121094,60.20000076293945,59.25,60.20000076293945,60.20000076293945,6658462,AUD,ASX,Australia/Sydney,Yahoo Finance
BHP.AX,2026-09-17,61.0,61.0,59.75,60.209999084472656,60.209999084472656,11308664,AUD,ASX,Australia/Sydney,Yahoo Finance
BHP.AX,2026-09-18,60.90999984741211,61.060001373291016,60.369998931884766,61.04999923706055,61.04999923706055,17133189,AUD,ASX,Australia/Sydney,Yahoo Finance
BHP.AX,2026-09-21,60.63999938964844,60.939998626708984,60.459999084472656,60.779998779296875,60.779998779296875,4246860,AUD,ASX,Australia/Sydney,Yahoo Finance
BHP.AX,2026-09-22,60.5,61.375,60.47999954223633,61.220001220703125,61.220001220703125,5687714,AUD,ASX,Australia/Sydney,Yahoo Finance
BHP.AX,2026-09-23,61.83000183105469,62.689998626708984,61.75,62.06999969482422,62.06999969482422,7354781,AUD,ASX,Australia/Sydney,Yahoo Finance
BHP.AX,2026-09-24,60.47999954223633,61.130001068115234,60.34000015258789,61.02000045776367,61.02000045776367,7669696,AUD,ASX,Australia/Sydney,Yahoo Finance
BHP.AX,2026-09-25,60.45000076293945,60.84000015258789,60.31999969482422,60.720001220703125,60.720001220703125,6511835,AUD,ASX,Australia/Sydney,Yahoo Finance
BHP.AX,2026-09-28,60.900001525878906,60.959999084472656,59.7599983215332,59.79999923706055,59.79999923706055,8255663,AUD,ASX,Australia/Sydney,Yahoo Finance
BHP.AX,2026-09-29,60.09000015258789,60.630001068115234,59.9900016784668,60.630001068115234,60.630001068115234,5727042,AUD,ASX,Australia/Sydney,Yahoo Finance
BHP.AX,2026-09-30,60.529998779296875,61.30500030517578,60.45000076293945,60.81999969482422,60.81999969482422,9355885,AUD,ASX,Australia/Sydney,Yahoo Finance
BHP.AX,2026-10-01,61.47999954223633,61.5,60.2599983215332,60.2599983215332,60.2599983215332,9925386,AUD,ASX,Australia/Sydney,Yahoo Finance
BILI,2026-08-17,17.385000228881836,17.389999389648438,17.1299991607666,17.229999542236328,17.229999542236328,1519900,USD,NMS,America/New_York,Yahoo Finance
BILI,2026-08-18,16.959999084472656,17.139999389648438,16.905000686645508,16.989999771118164,16.989999771118164,2161400,USD,NMS,America/New_York,Yahoo Finance
BILI,2026-08-19,17.100000381469727,17.329999923706055,17.03499984741211,17.309999465942383,17.309999465942383,2344700,USD,NMS,America/New_York,Yahoo Finance
BILI,2026-08-20,16.610000610351562,16.80500030517578,16.40999984741211,16.65999984741211,16.65999984741211,3689200,USD,NMS,America/New_York,Yahoo Finance
BILI,2026-08-21,17.059999465942383,17.2549991607666,16.920000076293945,17.059999465942383,17.059999465942383,2906700,USD,NMS,America/New_York,Yahoo Finance
BILI,2026-08-24,16.665000915527344,16.690000534057617,16.424999237060547,16.5,16.5,2800100,USD,NMS,America/New_York,Yahoo Finance
BILI,2026-08-25,16.540000915527344,16.735000610351562,16.5,16.56999969482422,16.56999969482422,3163300,USD,NMS,America/New_York,Yahoo Finance
BILI,2026-08-26,16.219999313354492,16.3700008392334,16.100000381469727,16.149999618530273,16.149999618530273,4055600,USD,NMS,America/New_York,Yahoo Finance
BILI,2026-08-27,16.18000030517578,16.795000076293945,15.970000267028809,16.764999389648438,16.764999389648438,6739100,USD,NMS,America/New_York,Yahoo Finance
BILI,2026-08-28,16.940000534057617,17.1299991607666,16.520000457763672,16.600000381469727,16.600000381469727,3557800,USD,NMS,America/New_York,Yahoo Finance
BILI,2026-08-31,16.530000686645508,16.600000381469727,16.149999618530273,16.15999984741211,16.15999984741211,2009600,USD,NMS,America/New_York,Yahoo Finance
BILI,2026-09-01,15.970000267028809,16.1299991607666,15.774999618530273,15.789999961853027,15.789999961853027,3219800,USD,NMS,America/New_York,Yahoo Finance
BILI,2026-09-02,15.520000457763672,15.625,15.399999618530273,15.449999809265137,15.449999809265137,2891700,USD,NMS,America/New_York,Yahoo Finance
BILI,2026-09-03,15.3100004196167,15.569999694824219,15.15999984741211,15.5,15.5,2696900,USD,NMS,America/New_York,Yahoo Finance
BILI,2026-09-04,15.3100004196167,16.125999450683594,15.175000190734863,15.229999542236328,15.229999542236328,10680300,USD,NMS,America/New_York,Yahoo Finance
BILI,2026-09-08,15.819999694824219,16.360000610351562,15.795000076293945,16.200000762939453,16.200000762939453,7116800,USD,NMS,America/New_York,Yahoo Finance
BILI,2026-09-09,15.925000190734863,16.059999465942383,15.75,15.90999984741211,15.90999984741211,4312600,USD,NMS,America/New_York,Yahoo Finance
BILI,2026-09-10,15.449999809265137,15.609999656677246,15.369999885559082,15.470000267028809,15.470000267028809,3423400,USD,NMS,America/New_York,Yahoo Finance
BILI,2026-09-11,15.5,15.604999542236328,15.399999618530273,15.539999961853027,15.539999961853027,3656500,USD,NMS,America/New_York,Yahoo Finance
BILI,2026-09-14,15.529999732971191,15.904999732971191,15.479999542236328,15.739999771118164,15.739999771118164,2335800,USD,NMS,America/New_York,Yahoo Finance
BILI,2026-09-15,15.5600004196167,15.5649995803833,15.265000343322754,15.460000038146973,15.460000038146973,2010400,USD,NMS,America/New_York,Yahoo Finance
BILI,2026-09-16,15.140000343322754,15.15999984741211,14.890000343322754,14.899999618530273,14.899999618530273,3525600,USD,NMS,America/New_York,Yahoo Finance
BILI,2026-09-17,14.649999618530273,14.649999618530273,14.390000343322754,14.399999618530273,14.399999618530273,5666600,USD,NMS,America/New_York,Yahoo Finance
BILI,2026-09-18,14.805000305175781,15.069999694824219,14.739999771118164,14.899999618530273,14.899999618530273,3048600,USD,NMS,America/New_York,Yahoo Finance
BILI,2026-09-21,15.09000015258789,15.21500015258789,14.829999923706055,15.180000305175781,15.180000305175781,2311600,USD,NMS,America/New_York,Yahoo Finance
BILI,2026-09-22,15.380000114440918,15.524999618530273,15.149999618530273,15.289999961853027,15.289999961853027,2188600,USD,NMS,America/New_York,Yahoo Finance
BILI,2026-09-23,15.140000343322754,15.1899995803833,14.925000190734863,15.010000228881836,15.010000228881836,2701300,USD,NMS,America/New_York,Yahoo Finance
BILI,2026-09-24,14.84000015258789,14.949999809265137,14.710000038146973,14.8100004196167,14.8100004196167,2600700,USD,NMS,America/New_York,Yahoo Finance
BILI,2026-09-25,14.890000343322754,14.949999809265137,14.805000305175781,14.895000457763672,14.895000457763672,1333600,USD,NMS,America/New_York,Yahoo Finance
BILI,2026-09-28,15.295000076293945,15.359999656677246,15.125,15.140000343322754,15.140000343322754,4312800,USD,NMS,America/New_York,Yahoo Finance
BLK,2026-08-17,1167.31005859375,1169.47998046875,1146.969970703125,1147.1099853515625,1141.2532958984375,450300,USD,NYQ,America/New_York,Yahoo Finance
BLK,2026-08-18,1149.0,1161.81005859375,1143.1300048828125,1154.3499755859375,1148.456298828125,355300,USD,NYQ,America/New_York,Yahoo Finance
BLK,2026-08-19,1161.52001953125,1181.6800537109375,1155.0999755859375,1158.9200439453125,1153.0030517578125,584600,USD,NYQ,America/New_York,Yahoo Finance
BLK,2026-08-20,1154.760009765625,1159.81005859375,1139.2900390625,1139.8199462890625,1134.00048828125,702200,USD,NYQ,America/New_York,Yahoo Finance
BLK,2026-08-21,1150.6800537109375,1160.0,1147.3299560546875,1156.550048828125,1150.6451416015625,380600,USD,NYQ,America/New_York,Yahoo Finance
BLK,2026-08-24,1158.8399658203125,1174.4300537109375,1156.5699462890625,1172.6099853515625,1166.623046875,585000,USD,NYQ,America/New_York,Yahoo Finance
BLK,2026-08-25,1170.93994140625,1180.780029296875,1163.3599853515625,1176.6400146484375,1170.632568359375,488500,USD,NYQ,America/New_York,Yahoo Finance
BLK,2026-08-26,1175.7099609375,1182.010009765625,1170.8800048828125,1173.2099609375,1167.219970703125,644900,USD,NYQ,America/New_York,Yahoo Finance
BLK,2026-08-27,1168.4300537109375,1187.1700439453125,1161.9000244140625,1167.5699462890625,1161.6087646484375,751300,USD,NYQ,America/New_York,Yahoo Finance
BLK,2026-08-28,1170.56005859375,1183.3900146484375,1158.3199462890625,1164.47998046875,1158.5345458984375,721300,USD,NYQ,America/New_York,Yahoo Finance
BLK,2026-08-31,1152.8699951171875,1158.8299560546875,1142.5699462890625,1155.6099853515625,1149.7098388671875,796600,USD,NYQ,America/New_York,Yahoo Finance
BLK,2026-09-01,1142.010009765625,1149.1400146484375,1124.1500244140625,1128.0999755859375,1122.34033203125,575500,USD,NYQ,America/New_York,Yahoo Finance
BLK,2026-09-02,1128.7900390625,1137.010009765625,1106.4000244140625,1107.0799560546875,1101.4276123046875,736900,USD,NYQ,America/New_York,Yahoo Finance
BLK,2026-09-03,1117.4200439453125,1132.989990234375,1112.0699462890625,1126.1500244140625,1120.400390625,519900,USD,NYQ,America/New_York,Yahoo Finance
BLK,2026-09-04,1112.0,1124.8199462890625,1111.1700439453125,1122.2900390625,1116.56005859375,410800,USD,NYQ,America/New_York,Yahoo Finance
BLK,2026-09-08,1107.780029296875,1113.030029296875,1094.1700439453125,1095.3699951171875,1095.3699951171875,575900,USD,NYQ,America/New_York,Yahoo Finance
BLK,2026-09-09,1092.77001953125,1092.8900146484375,1071.199951171875,1072.030029296875,1072.030029296875,468400,USD,NYQ,America/New_York,Yahoo Finance
BLK,2026-09-10,1065.3399658203125,1074.52001953125,1061.550048828125,1062.4000244140625,1062.4000244140625,368200,USD,NYQ,America/New_York,Yahoo Finance
BLK,2026-09-11,1082.81005859375,1092.0,1072.3900146484375,1079.6500244140625,1079.6500244140625,479800,USD,NYQ,America/New_York,Yahoo Finance
BLK,2026-09-14,1073.7099609375,1080.02001953125,1057.719970703125,1065.5999755859375,1065.5999755859375,481900,USD,NYQ,America/New_York,Yahoo Finance
BLK,2026-09-15,1062.18994140625,1067.5899658203125,1049.75,1058.6600341796875,1058.6600341796875,444800,USD,NYQ,America/New_York,Yahoo Finance
BLK,2026-09-16,1063.3800048828125,1063.4000244140625,1017.4600219726562,1037.239990234375,1037.239990234375,633900,USD,NYQ,America/New_York,Yahoo Finance
BLK,2026-09-17,1052.06005859375,1061.1099853515625,1047.5999755859375,1053.9599609375,1053.9599609375,586400,USD,NYQ,America/New_York,Yahoo Finance
BLK,2026-09-18,1047.1400146484375,1070.1099853515625,1041.9100341796875,1069.780029296875,1069.780029296875,1086200,USD,NYQ,America/New_York,Yahoo Finance
BLK,2026-09-21,1080.0,1091.1800537109375,1064.9000244140625,1090.27001953125,1090.27001953125,512400,USD,NYQ,America/New_York,Yahoo Finance
BLK,2026-09-22,1089.93994140625,1098.1099853515625,1065.0,1066.6600341796875,1066.6600341796875,500100,USD,NYQ,America/New_York,Yahoo Finance
BLK,2026-09-23,1055.93994140625,1073.3599853515625,1055.93994140625,1060.8900146484375,1060.8900146484375,460700,USD,NYQ,America/New_York,Yahoo Finance
BLK,2026-09-24,1059.6700439453125,1073.77001953125,1053.489990234375,1073.449951171875,1073.449951171875,501200,USD,NYQ,America/New_York,Yahoo Finance
BLK,2026-09-25,1076.219970703125,1087.8299560546875,1066.530029296875,1086.31005859375,1086.31005859375,513500,USD,NYQ,America/New_York,Yahoo Finance
BLK,2026-09-28,1076.989990234375,1083.0,1063.199951171875,1071.25,1071.25,517800,USD,NYQ,America/New_York,Yahoo Finance
BLW,2026-08-21,12.729999542236328,12.760000228881836,12.65999984741211,12.670000076293945,12.553411483764648,63300,USD,NYQ,America/New_York,Yahoo Finance
BLW,2026-08-24,12.699999809265137,12.75,12.600000381469727,12.710000038146973,12.593043327331543,208700,USD,NYQ,America/New_York,Yahoo Finance
BLW,2026-08-25,12.6899995803833,12.829999923706055,12.649999618530273,12.800000190734863,12.682215690612793,158200,USD,NYQ,America/New_York,Yahoo Finance
BLW,2026-08-26,12.800000190734863,12.800000190734863,12.649999618530273,12.699999809265137,12.583134651184082,239300,USD,NYQ,America/New_York,Yahoo Finance
BLW,2026-08-27,12.720000267028809,12.760000228881836,12.619999885559082,12.710000038146973,12.593043327331543,56200,USD,NYQ,America/New_York,Yahoo Finance
BLW,2026-08-28,12.6899995803833,12.800000190734863,12.649999618530273,12.729999542236328,12.612858772277832,71600,USD,NYQ,America/New_York,Yahoo Finance
BLW,2026-08-31,12.729999542236328,12.760000228881836,12.65999984741211,12.729999542236328,12.612858772277832,108600,USD,NYQ,America/New_York,Yahoo Finance
BLW,2026-09-01,12.649999618530273,12.670000076293945,12.59000015258789,12.59000015258789,12.47414779663086,90600,USD,NYQ,America/New_York,Yahoo Finance
BLW,2026-09-02,12.630000114440918,12.640000343322754,12.569999694824219,12.640000343322754,12.523687362670898,55500,USD,NYQ,America/New_York,Yahoo Finance
BLW,2026-09-03,12.680000305175781,12.680000305175781,12.539999961853027,12.59000015258789,12.47414779663086,87100,USD,NYQ,America/New_York,Yahoo Finance
BLW,2026-09-04,12.59000015258789,12.619999885559082,12.510000228881836,12.550000190734863,12.434515953063965,72400,USD,NYQ,America/New_York,Yahoo Finance
BLW,2026-09-08,12.520000457763672,12.600000381469727,12.489999771118164,12.520000457763672,12.404791831970215,151400,USD,NYQ,America/New_York,Yahoo Finance
BLW,2026-09-09,12.470000267028809,12.520000457763672,12.420000076293945,12.449999809265137,12.33543586730957,155700,USD,NYQ,America/New_York,Yahoo Finance
BLW,2026-09-10,12.40999984741211,12.510000228881836,12.350000381469727,12.380000114440918,12.266079902648926,60500,USD,NYQ,America/New_York,Yahoo Finance
BLW,2026-09-11,12.4399995803833,12.4399995803833,12.329999923706055,12.380000114440918,12.266079902648926,86900,USD,NYQ,America/New_York,Yahoo Finance
BLW,2026-09-14,12.359999656677246,12.369999885559082,12.260000228881836,12.279999732971191,12.166999816894531,95600,USD,NYQ,America/New_York,Yahoo Finance
BLW,2026-09-15,12.210000038146973,12.279999732971191,12.100000381469727,12.130000114440918,12.130000114440918,125700,USD,NYQ,America/New_York,Yahoo Finance
BLW,2026-09-16,12.140000343322754,12.239999771118164,12.09000015258789,12.119999885559082,12.119999885559082,255700,USD,NYQ,America/New_York,Yahoo Finance
BLW,2026-09-17,12.210000038146973,12.260000228881836,12.09000015258789,12.149999618530273,12.149999618530273,350800,USD,NYQ,America/New_York,Yahoo Finance
BLW,2026-09-18,12.180000305175781,12.1899995803833,11.9399995803833,11.970000267028809,11.970000267028809,441000,USD,NYQ,America/New_York,Yahoo Finance
BLW,2026-09-21,11.979999542236328,12.050000190734863,11.84000015258789,11.84000015258789,11.84000015258789,365600,USD,NYQ,America/New_York,Yahoo Finance
BLW,2026-09-22,11.890000343322754,11.960000038146973,11.779999732971191,11.8100004196167,11.8100004196167,298500,USD,NYQ,America/New_York,Yahoo Finance
BLW,2026-09-23,11.779999732971191,11.800000190734863,11.630000114440918,11.680000305175781,11.680000305175781,286700,USD,NYQ,America/New_York,Yahoo Finance
BLW,2026-09-24,11.630000114440918,11.680000305175781,11.529999732971191,11.579999923706055,11.579999923706055,215200,USD,NYQ,America/New_York,Yahoo Finance
BLW,2026-09-25,11.579999923706055,11.649999618530273,11.510000228881836,11.609999656677246,11.609999656677246,197800,USD,NYQ,America/New_York,Yahoo Finance
BLW,2026-09-28,11.600000381469727,11.600000381469727,11.430000305175781,11.529999732971191,11.529999732971191,144700,USD,NYQ,America/New_York,Yahoo Finance
BLW,2026-09-29,11.489999771118164,11.670000076293945,11.489999771118164,11.649999618530273,11.649999618530273,293800,USD,NYQ,America/New_York,Yahoo Finance
BLW,2026-09-30,11.649999618530273,11.789999961853027,11.489999771118164,11.489999771118164,11.489999771118164,359700,USD,NYQ,America/New_York,Yahoo Finance
BLW,2026-10-01,11.529999732971191,11.760000228881836,11.529999732971191,11.699999809265137,11.699999809265137,754400,USD,NYQ,America/New_York,Yahoo Finance
BLW,2026-10-02,11.710000038146973,11.850000381469727,11.699999809265137,11.720000267028809,11.720000267028809,200900,USD,NYQ,America/New_York,Yahoo Finance
BMA,2026-08-17,78.44999694824219,80.6500015258789,77.51000213623047,78.83000183105469,78.83000183105469,255300,USD,NYQ,America/New_York,Yahoo Finance
BMA,2026-08-18,77.77999877929688,79.25,74.88999938964844,76.08000183105469,76.08000183105469,395700,USD,NYQ,America/New_York,Yahoo Finance
BMA,2026-08-19,76.44999694824219,77.4800033569336,73.95999908447266,75.22000122070312,75.22000122070312,302200,USD,NYQ,America/New_York,Yahoo Finance
BMA,2026-08-20,75.2699966430664,76.1500015258789,71.2699966430664,72.87000274658203,72.87000274658203,793700,USD,NYQ,America/New_York,Yahoo Finance
BMA,2026-08-21,74.38999938964844,75.75,72.41000366210938,72.83999633789062,72.83999633789062,530200,USD,NYQ,America/New_York,Yahoo Finance
BMA,2026-08-24,72.11000061035156,77.37000274658203,72.11000061035156,76.6500015258789,76.6500015258789,469300,USD,NYQ,America/New_York,Yahoo Finance
BMA,2026-08-25,77.69999694824219,78.2699966430664,75.48999786376953,77.7699966430664,77.7699966430664,255000,USD,NYQ,America/New_York,Yahoo Finance
BMA,2026-08-26,78.0199966430664,79.23999786376953,77.13999938964844,78.05000305175781,78.05000305175781,308400,USD,NYQ,America/New_York,Yahoo Finance
BMA,2026-08-27,77.93000030517578,78.69999694824219,76.0199966430664,76.87000274658203,76.87000274658203,227000,USD,NYQ,America/New_York,Yahoo Finance
BMA,2026-08-28,77.91000366210938,77.93000030517578,75.16000366210938,76.05000305175781,76.05000305175781,371500,USD,NYQ,America/New_York,Yahoo Finance
BMA,2026-08-31,76.4000015258789,79.69000244140625,76.02999877929688,78.68000030517578,78.68000030517578,300900,USD,NYQ,America/New_York,Yahoo Finance
BMA,2026-09-01,78.0,80.69999694824219,77.2699966430664,78.41000366210938,78.41000366210938,340300,USD,NYQ,America/New_York,Yahoo Finance
BMA,2026-09-02,78.77999877929688,79.62000274658203,77.70999908447266,79.06999969482422,79.06999969482422,447300,USD,NYQ,America/New_York,Yahoo Finance
BMA,2026-09-03,79.30999755859375,80.7699966430664,77.5199966430664,79.18000030517578,79.18000030517578,256600,USD,NYQ,America/New_York,Yahoo Finance
BMA,2026-09-04,79.16000366210938,80.2699966430664,77.52999877929688,78.56999969482422,78.56999969482422,289400,USD,NYQ,America/New_York,Yahoo Finance
BMA,2026-09-08,79.51000213623047,79.5999984741211,77.11000061035156,78.30000305175781,78.30000305175781,293200,USD,NYQ,America/New_York,Yahoo Finance
BMA,2026-09-09,77.79000091552734,79.44000244140625,76.4000015258789,79.16999816894531,79.16999816894531,207300,USD,NYQ,America/New_York,Yahoo Finance
BMA,2026-09-10,78.52999877929688,80.70999908447266,77.47000122070312,78.83000183105469,78.83000183105469,188800,USD,NYQ,America/New_York,Yahoo Finance
BMA,2026-09-11,79.70999908447266,79.70999908447266,76.88999938964844,77.81999969482422,77.81999969482422,196700,USD,NYQ,America/New_York,Yahoo Finance
BMA,2026-09-14,77.04000091552734,78.27999877929688,76.47000122070312,77.0199966430664,77.0199966430664,150300,USD,NYQ,America/New_York,Yahoo Finance
BMA,2026-09-15,76.41000366210938,77.05999755859375,75.16000366210938,76.0199966430664,76.0199966430664,141100,USD,NYQ,America/New_York,Yahoo Finance
BMA,2026-09-16,75.73999786376953,77.66999816894531,75.2300033569336,76.1500015258789,76.1500015258789,131100,USD,NYQ,America/New_York,Yahoo Finance
BMA,2026-09-17,77.2699966430664,78.37000274658203,76.27999877929688,76.7699966430664,76.7699966430664,150700,USD,NYQ,America/New_York,Yahoo Finance
BMA,2026-09-18,76.11000061035156,76.86000061035156,74.25,75.05999755859375,75.05999755859375,179900,USD,NYQ,America/New_York,Yahoo Finance
BMA,2026-09-21,76.2300033569336,76.47000122070312,74.62999725341797,75.20999908447266,75.20999908447266,133100,USD,NYQ,America/New_York,Yahoo Finance
BMA,2026-09-22,75.0999984741211,75.58999633789062,72.94000244140625,74.5999984741211,74.5999984741211,308500,USD,NYQ,America/New_York,Yahoo Finance
BMA,2026-09-23,73.44000244140625,75.58999633789062,72.0,72.0,72.0,262200,USD,NYQ,America/New_York,Yahoo Finance
BMA,2026-09-24,71.69000244140625,72.94999694824219,70.51000213623047,71.0,71.0,233600,USD,NYQ,America/New_York,Yahoo Finance
BMA,2026-09-25,71.43000030517578,71.43000030517578,68.43000030517578,68.86000061035156,68.86000061035156,330700,USD,NYQ,America/New_York,Yahoo Finance
BMA,2026-09-28,68.08000183105469,68.08000183105469,65.63999938964844,66.04000091552734,66.04000091552734,302800,USD,NYQ,America/New_York,Yahoo Finance
BMEZ,2026-08-17,16.0,16.139999389648438,16.0,16.020000457763672,15.911690711975098,82100,USD,NYQ,America/New_York,Yahoo Finance
BMEZ,2026-08-18,16.030000686645508,16.290000915527344,16.030000686645508,16.290000915527344,16.179866790771484,132600,USD,NYQ,America/New_York,Yahoo Finance
BMEZ,2026-08-19,16.670000076293945,17.25,16.549999237060547,17.25,17.13337516784668,332800,USD,NYQ,America/New_York,Yahoo Finance
BMEZ,2026-08-20,17.15999984741211,17.15999984741211,16.649999618530273,16.969999313354492,16.855266571044922,210100,USD,NYQ,America/New_York,Yahoo Finance
BMEZ,2026-08-21,16.979999542236328,17.200000762939453,16.850000381469727,17.040000915527344,16.924795150756836,208400,USD,NYQ,America/New_York,Yahoo Finance
BMEZ,2026-08-24,17.040000915527344,17.139999389648438,16.81999969482422,16.829999923706055,16.71621322631836,148300,USD,NYQ,America/New_York,Yahoo Finance
BMEZ,2026-08-25,16.809999465942383,17.100000381469727,16.809999465942383,17.010000228881836,16.894996643066406,156000,USD,NYQ,America/New_York,Yahoo Finance
BMEZ,2026-08-26,17.09000015258789,17.09000015258789,16.8799991607666,17.0,16.88506507873535,131200,USD,NYQ,America/New_York,Yahoo Finance
BMEZ,2026-08-27,16.950000762939453,17.100000381469727,16.940000534057617,17.100000381469727,16.98438835144043,114900,USD,NYQ,America/New_York,Yahoo Finance
BMEZ,2026-08-28,17.049999237060547,17.049999237060547,16.610000610351562,16.780000686645508,16.666553497314453,182600,USD,NYQ,America/New_York,Yahoo Finance
BMEZ,2026-08-31,16.75,16.8700008392334,16.600000381469727,16.739999771118164,16.626821517944336,180600,USD,NYQ,America/New_York,Yahoo Finance
BMEZ,2026-09-01,16.68000030517578,16.8700008392334,16.6200008392334,16.799999237060547,16.686416625976562,149200,USD,NYQ,America/New_York,Yahoo Finance
BMEZ,2026-09-02,16.760000228881836,17.0,16.75,16.8700008392334,16.755945205688477,113400,USD,NYQ,America/New_York,Yahoo Finance
BMEZ,2026-09-03,16.90999984741211,16.989999771118164,16.760000228881836,16.940000534057617,16.825471878051758,67300,USD,NYQ,America/New_York,Yahoo Finance
BMEZ,2026-09-04,16.940000534057617,17.0,16.850000381469727,16.969999313354492,16.855266571044922,140700,USD,NYQ,America/New_York,Yahoo Finance
BMEZ,2026-09-08,16.799999237060547,17.059999465942383,16.790000915527344,16.969999313354492,16.855266571044922,236200,USD,NYQ,America/New_York,Yahoo Finance
BMEZ,2026-09-09,16.899999618530273,16.979999542236328,16.59000015258789,16.75,16.636754989624023,100500,USD,NYQ,America/New_York,Yahoo Finance
BMEZ,2026-09-10,16.639999389648438,16.739999771118164,16.5,16.559999465942383,16.44803810119629,103700,USD,NYQ,America/New_York,Yahoo Finance
BMEZ,2026-09-11,16.6200008392334,16.6200008392334,16.399999618530273,16.450000762939453,16.338783264160156,173700,USD,NYQ,America/New_York,Yahoo Finance
BMEZ,2026-09-14,16.520000457763672,16.690000534057617,16.170000076293945,16.270000457763672,16.15999984741211,145800,USD,NYQ,America/New_York,Yahoo Finance
BMEZ,2026-09-15,16.139999389648438,16.229999542236328,15.930000305175781,16.030000686645508,16.030000686645508,228000,USD,NYQ,America/New_York,Yahoo Finance
BMEZ,2026-09-16,16.139999389648438,16.459999084472656,16.049999237060547,16.459999084472656,16.459999084472656,101500,USD,NYQ,America/New_York,Yahoo Finance
BMEZ,2026-09-17,16.520000457763672,16.6299991607666,16.450000762939453,16.549999237060547,16.549999237060547,96500,USD,NYQ,America/New_York,Yahoo Finance
BMEZ,2026-09-18,16.549999237060547,16.600000381469727,16.3700008392334,16.5,16.5,144300,USD,NYQ,America/New_York,Yahoo Finance
BMEZ,2026-09-21,16.610000610351562,16.75,16.530000686645508,16.75,16.75,78100,USD,NYQ,America/New_York,Yahoo Finance
BMEZ,2026-09-22,16.770000457763672,16.93000030517578,16.75,16.8700008392334,16.8700008392334,84200,USD,NYQ,America/New_York,Yahoo Finance
BMEZ,2026-09-23,16.809999465942383,16.850000381469727,16.6200008392334,16.700000762939453,16.700000762939453,141800,USD,NYQ,America/New_York,Yahoo Finance
BMEZ,2026-09-24,16.700000762939453,16.850000381469727,16.450000762939453,16.799999237060547,16.799999237060547,83900,USD,NYQ,America/New_York,Yahoo Finance
BMEZ,2026-09-25,16.700000762939453,16.860000610351562,16.700000762939453,16.809999465942383,16.809999465942383,148000,USD,NYQ,America/New_York,Yahoo Finance
BMEZ,2026-09-28,16.799999237060547,16.940000534057617,16.700000762939453,16.829999923706055,16.829999923706055,136700,USD,NYQ,America/New_York,Yahoo Finance
BMO,2026-08-17,186.0,187.22000122070312,185.24000549316406,185.27999877929688,185.27999877929688,397300,USD,NYQ,America/New_York,Yahoo Finance
BMO,2026-08-18,185.25,185.82000732421875,181.4499969482422,182.57000732421875,182.57000732421875,418200,USD,NYQ,America/New_York,Yahoo Finance
BMO,2026-08-19,183.02999877929688,184.25999450683594,175.57000732421875,175.72999572753906,175.72999572753906,1844800,USD,NYQ,America/New_York,Yahoo Finance
BMO,2026-08-20,175.6999969482422,175.77000427246094,171.77000427246094,172.89999389648438,172.89999389648438,1294500,USD,NYQ,America/New_York,Yahoo Finance
BMO,2026-08-21,174.39999389648438,176.19000244140625,173.47000122070312,174.42999267578125,174.42999267578125,766000,USD,NYQ,America/New_York,Yahoo Finance
BMO,2026-08-24,172.5399932861328,173.77999877929688,171.4600067138672,172.35000610351562,172.35000610351562,1233600,USD,NYQ,America/New_York,Yahoo Finance
BMO,2026-08-25,175.00999450683594,175.00999450683594,169.77000427246094,173.4600067138672,173.4600067138672,1341800,USD,NYQ,America/New_York,Yahoo Finance
BMO,2026-08-26,173.22000122070312,174.27000427246094,171.88999938964844,172.89999389648438,172.89999389648438,1173000,USD,NYQ,America/New_York,Yahoo Finance
BMO,2026-08-27,172.85000610351562,174.16000366210938,171.38999938964844,172.1300048828125,172.1300048828125,925200,USD,NYQ,America/New_York,Yahoo Finance
BMO,2026-08-28,172.75999450683594,173.2899932861328,170.02000427246094,171.86000061035156,171.86000061035156,1225400,USD,NYQ,America/New_York,Yahoo Finance
BMO,2026-08-31,172.11000061035156,172.67999267578125,169.52000427246094,170.30999755859375,170.30999755859375,986700,USD,NYQ,America/New_York,Yahoo Finance
BMO,2026-09-01,169.97999572753906,170.63999938964844,166.9600067138672,168.3000030517578,168.3000030517578,840900,USD,NYQ,America/New_York,Yahoo Finance
BMO,2026-09-02,169.10000610351562,173.02000427246094,169.02999877929688,172.82000732421875,172.82000732421875,699600,USD,NYQ,America/New_York,Yahoo Finance
BMO,2026-09-03,173.72000122070312,177.1300048828125,173.33999633789062,176.86000061035156,176.86000061035156,694200,USD,NYQ,America/New_York,Yahoo Finance
BMO,2026-09-04,176.14999389648438,176.63999938964844,174.6999969482422,175.39999389648438,175.39999389648438,543900,USD,NYQ,America/New_York,Yahoo Finance
BMO,2026-09-08,174.60000610351562,177.0,174.60000610351562,175.0500030517578,175.0500030517578,558200,USD,NYQ,America/New_York,Yahoo Finance
BMO,2026-09-09,174.1699981689453,174.1699981689453,172.38999938964844,172.6300048828125,172.6300048828125,1036700,USD,NYQ,America/New_York,Yahoo Finance
BMO,2026-09-10,172.25999450683594,173.8699951171875,171.85000610351562,173.69000244140625,173.69000244140625,488300,USD,NYQ,America/New_York,Yahoo Finance
BMO,2026-09-11,175.60000610351562,176.0,173.27000427246094,174.8800048828125,174.8800048828125,477800,USD,NYQ,America/New_York,Yahoo Finance
BMO,2026-09-14,173.5,175.6699981689453,173.5,174.27999877929688,174.27999877929688,657400,USD,NYQ,America/New_York,Yahoo Finance
BMO,2026-09-15,176.14999389648438,176.14999389648438,171.5800018310547,173.6999969482422,173.6999969482422,296000,USD,NYQ,America/New_York,Yahoo Finance
BMO,2026-09-16,173.75,174.6300048828125,170.97000122070312,172.60000610351562,172.60000610351562,374000,USD,NYQ,America/New_York,Yahoo Finance
BMO,2026-09-17,174.02999877929688,174.7100067138672,172.94000244140625,173.7899932861328,173.7899932861328,444600,USD,NYQ,America/New_York,Yahoo Finance
BMO,2026-09-18,172.74000549316406,174.77000427246094,172.74000549316406,174.49000549316406,174.49000549316406,448800,USD,NYQ,America/New_York,Yahoo Finance
BMO,2026-09-21,175.67999267578125,177.4499969482422,175.67999267578125,177.19000244140625,177.19000244140625,1878600,USD,NYQ,America/New_York,Yahoo Finance
BMO,2026-09-22,177.6300048828125,177.66000366210938,173.02999877929688,174.35000610351562,174.35000610351562,539600,USD,NYQ,America/New_York,Yahoo Finance
BMO,2026-09-23,173.5500030517578,174.10000610351562,170.35000610351562,170.3699951171875,170.3699951171875,538800,USD,NYQ,America/New_York,Yahoo Finance
BMO,2026-09-24,172.1300048828125,172.1300048828125,168.86000061035156,171.05999755859375,171.05999755859375,494700,USD,NYQ,America/New_York,Yahoo Finance
BMO,2026-09-25,172.0,172.66000366210938,170.77999877929688,172.3000030517578,172.3000030517578,345500,USD,NYQ,America/New_York,Yahoo Finance
BMO,2026-09-28,171.9600067138672,172.69000244140625,170.72999572753906,171.14999389648438,171.14999389648438,373900,USD,NYQ,America/New_York,Yahoo Finance
BRK-B,2026-08-17,504.45001220703125,505.30999755859375,498.07000732421875,498.2300109863281,498.2300109863281,4789800,USD,NYQ,America/New_York,Yahoo Finance
BRK-B,2026-08-18,501.0400085449219,504.5,499.6000061035156,502.9599914550781,502.9599914550781,3380700,USD,NYQ,America/New_York,Yahoo Finance
BRK-B,2026-08-19,503.4100036621094,507.07000732421875,499.4100036621094,499.6199951171875,499.6199951171875,3562300,USD,NYQ,America/New_York,Yahoo Finance
BRK-B,2026-08-20,499.6499938964844,500.44000244140625,496.4800109863281,496.8599853515625,496.8599853515625,3288700,USD,NYQ,America/New_York,Yahoo Finance
BRK-B,2026-08-21,498.5,501.0,495.67999267578125,495.82000732421875,495.82000732421875,4645800,USD,NYQ,America/New_York,Yahoo Finance
BRK-B,2026-08-24,498.1300048828125,504.4599914550781,498.1099853515625,504.32000732421875,504.32000732421875,3194900,USD,NYQ,America/New_York,Yahoo Finance
BRK-B,2026-08-25,503.95001220703125,504.75,501.1600036621094,504.32000732421875,504.32000732421875,3032800,USD,NYQ,America/New_York,Yahoo Finance
BRK-B,2026-08-26,505.92999267578125,506.70001220703125,503.6499938964844,504.9100036621094,504.9100036621094,3002200,USD,NYQ,America/New_York,Yahoo Finance
BRK-B,2026-08-27,500.5,505.3999938964844,499.2200012207031,503.70001220703125,503.70001220703125,6302000,USD,NYQ,America/New_York,Yahoo Finance
BRK-B,2026-08-28,504.8999938964844,506.5799865722656,502.94000244140625,505.0,505.0,4851200,USD,NYQ,America/New_York,Yahoo Finance
BRK-B,2026-08-31,504.05999755859375,505.29998779296875,502.20001220703125,504.0299987792969,504.0299987792969,5127900,USD,NYQ,America/New_York,Yahoo Finance
BRK-B,2026-09-01,506.0,506.75,501.2699890136719,502.3299865722656,502.3299865722656,4839100,USD,NYQ,America/New_York,Yahoo Finance
BRK-B,2026-09-02,503.4599914550781,508.92999267578125,502.6000061035156,505.239990234375,505.239990234375,3298400,USD,NYQ,America/New_York,Yahoo Finance
BRK-B,2026-09-03,506.6000061035156,508.95001220703125,505.2099914550781,508.1300048828125,508.1300048828125,3847300,USD,NYQ,America/New_York,Yahoo Finance
BRK-B,2026-09-04,505.30999755859375,507.5,504.29998779296875,506.0299987792969,506.0299987792969,3277400,USD,NYQ,America/New_York,Yahoo Finance
BRK-B,2026-09-08,503.0,507.29998779296875,500.70001220703125,505.8299865722656,505.8299865722656,4398000,USD,NYQ,America/New_York,Yahoo Finance
BRK-B,2026-09-09,504.1000061035156,509.510009765625,501.2099914550781,506.7200012207031,506.7200012207031,3359600,USD,NYQ,America/New_York,Yahoo Finance
BRK-B,2026-09-10,508.739990234375,510.5799865722656,504.739990234375,507.0,507.0,3805200,USD,NYQ,America/New_York,Yahoo Finance
BRK-B,2026-09-11,508.8500061035156,510.6300048828125,506.0,510.3699951171875,510.3699951171875,3587200,USD,NYQ,America/New_York,Yahoo Finance
BRK-B,2026-09-14,512.7999877929688,516.4500122070312,510.5,514.9500122070312,514.9500122070312,3964400,USD,NYQ,America/New_York,Yahoo Finance
BRK-B,2026-09-15,515.0,516.8699951171875,512.4099731445312,516.760009765625,516.760009765625,3761300,USD,NYQ,America/New_York,Yahoo Finance
BRK-B,2026-09-16,516.3599853515625,523.739990234375,515.2999877929688,519.7999877929688,519.7999877929688,5254600,USD,NYQ,America/New_York,Yahoo Finance
BRK-B,2026-09-17,518.9500122070312,520.0,508.7799987792969,509.20001220703125,509.20001220703125,5993400,USD,NYQ,America/New_York,Yahoo Finance
BRK-B,2026-09-18,507.1600036621094,512.0700073242188,506.1300048828125,509.7699890136719,509.7699890136719,12497100,USD,NYQ,America/New_York,Yahoo Finance
BRK-B,2026-09-21,507.92999267578125,510.5,501.9800109863281,502.010009765625,502.010009765625,4807400,USD,NYQ,America/New_York,Yahoo Finance
BRK-B,2026-09-22,503.3299865722656,505.5799865722656,501.4100036621094,503.489990234375,503.489990234375,4704000,USD,NYQ,America/New_York,Yahoo Finance
BRK-B,2026-09-23,503.8599853515625,511.2799987792969,502.80999755859375,507.1700134277344,507.1700134277344,5400400,USD,NYQ,America/New_York,Yahoo Finance
BRK-B,2026-09-24,509.5799865722656,510.0,504.9800109863281,505.17999267578125,505.17999267578125,2701200,USD,NYQ,America/New_York,Yahoo Finance
BRK-B,2026-09-25,505.25,505.8699951171875,502.239990234375,505.4800109863281,505.4800109863281,2992300,USD,NYQ,America/New_York,Yahoo Finance
BRK-B,2026-09-28,505.0,507.239990234375,502.57000732421875,503.0899963378906,503.0899963378906,3855100,USD,NYQ,America/New_York,Yahoo Finance
BROS,2026-08-17,52.0,52.0,49.790000915527344,50.41999816894531,50.41999816894531,4803400,USD,NYQ,America/New_York,Yahoo Finance
BROS,2026-08-18,49.88999938964844,50.2400016784668,48.369998931884766,48.439998626708984,48.439998626708984,5506400,USD,NYQ,America/New_York,Yahoo Finance
BROS,2026-08-19,48.25,51.18000030517578,48.07099914550781,50.27000045776367,50.27000045776367,4459400,USD,NYQ,America/New_York,Yahoo Finance
BROS,2026-08-20,50.20000076293945,50.25,48.650001525878906,49.369998931884766,49.369998931884766,3769000,USD,NYQ,America/New_York,Yahoo Finance
BROS,2026-08-21,49.36000061035156,49.970001220703125,48.90999984741211,49.869998931884766,49.869998931884766,2573200,USD,NYQ,America/New_York,Yahoo Finance
BROS,2026-08-24,50.47999954223633,52.27000045776367,50.33599853515625,51.95000076293945,51.95000076293945,4195300,USD,NYQ,America/New_York,Yahoo Finance
BROS,2026-08-25,51.849998474121094,52.56999969482422,50.733001708984375,51.08000183105469,51.08000183105469,4000600,USD,NYQ,America/New_York,Yahoo Finance
BROS,2026-08-26,50.88999938964844,51.290000915527344,49.90999984741211,51.22999954223633,51.22999954223633,3046800,USD,NYQ,America/New_York,Yahoo Finance
BROS,2026-08-27,51.65999984741211,51.83000183105469,50.5,50.709999084472656,50.709999084472656,2457800,USD,NYQ,America/New_York,Yahoo Finance
BROS,2026-08-28,51.25,51.720001220703125,49.84000015258789,49.90999984741211,49.90999984741211,2607700,USD,NYQ,America/New_York,Yahoo Finance
BROS,2026-08-31,49.599998474121094,50.130001068115234,48.61000061035156,48.86000061035156,48.86000061035156,2967800,USD,NYQ,America/New_York,Yahoo Finance
BROS,2026-09-01,48.130001068115234,48.5099983215332,45.599998474121094,46.310001373291016,46.310001373291016,7240600,USD,NYQ,America/New_York,Yahoo Finance
BROS,2026-09-02,46.11000061035156,48.290000915527344,45.880001068115234,48.130001068115234,48.130001068115234,4395100,USD,NYQ,America/New_York,Yahoo Finance
BROS,2026-09-03,48.400001525878906,48.67499923706055,46.099998474121094,46.2400016784668,46.2400016784668,4971600,USD,NYQ,America/New_York,Yahoo Finance
BROS,2026-09-04,45.880001068115234,46.8489990234375,45.25,46.58000183105469,46.58000183105469,2810800,USD,NYQ,America/New_York,Yahoo Finance
BROS,2026-09-08,46.4900016784668,47.47999954223633,45.724998474121094,45.880001068115234,45.880001068115234,3885900,USD,NYQ,America/New_York,Yahoo Finance
BROS,2026-09-09,45.54999923706055,45.70000076293945,44.77000045776367,44.959999084472656,44.959999084472656,2835600,USD,NYQ,America/New_York,Yahoo Finance
BROS,2026-09-10,44.5,44.8650016784668,43.290000915527344,43.439998626708984,43.439998626708984,5373700,USD,NYQ,America/New_York,Yahoo Finance
BROS,2026-09-11,43.75,44.540000915527344,43.310001373291016,43.900001525878906,43.900001525878906,3048500,USD,NYQ,America/New_York,Yahoo Finance
BROS,2026-09-14,43.25,44.29800033569336,43.150001525878906,44.04999923706055,44.04999923706055,3077700,USD,NYQ,America/New_York,Yahoo Finance
BROS,2026-09-15,44.11000061035156,44.26599884033203,41.88999938964844,41.97999954223633,41.97999954223633,4574700,USD,NYQ,America/New_York,Yahoo Finance
BROS,2026-09-16,42.08000183105469,42.4900016784668,41.165000915527344,41.369998931884766,41.369998931884766,4420000,USD,NYQ,America/New_York,Yahoo Finance
BROS,2026-09-17,41.88999938964844,42.1609992980957,40.11000061035156,40.15999984741211,40.15999984741211,5417900,USD,NYQ,America/New_York,Yahoo Finance
BROS,2026-09-18,40.439998626708984,40.60300064086914,39.5099983215332,40.029998779296875,40.029998779296875,6641600,USD,NYQ,America/New_York,Yahoo Finance
BROS,2026-09-21,40.54999923706055,40.558998107910156,38.279998779296875,39.150001525878906,39.150001525878906,6349800,USD,NYQ,America/New_York,Yahoo Finance
BROS,2026-09-22,39.849998474121094,40.099998474121094,38.58000183105469,38.7599983215332,38.7599983215332,5910000,USD,NYQ,America/New_York,Yahoo Finance
BROS,2026-09-23,38.72999954223633,39.029998779296875,37.720001220703125,38.43000030517578,38.43000030517578,4525500,USD,NYQ,America/New_York,Yahoo Finance
BROS,2026-09-24,38.45000076293945,38.81999969482422,37.900001525878906,38.5099983215332,38.5099983215332,2776400,USD,NYQ,America/New_York,Yahoo Finance
BROS,2026-09-25,38.43000030517578,38.79999923706055,37.79999923706055,37.88999938964844,37.88999938964844,3254000,USD,NYQ,America/New_York,Yahoo Finance
BROS,2026-09-28,37.40999984741211,38.380001068115234,37.400001525878906,37.7400016784668,37.7400016784668,4503300,USD,NYQ,America/New_York,Yahoo Finance
BRTM,2026-09-10,10.0,10.25,9.779999732971191,9.859999656677246,9.859999656677246,242100,USD,NGM,America/New_York,Yahoo Finance
BRTM,2026-09-11,9.899999618530273,9.90999984741211,9.8100004196167,9.869999885559082,9.869999885559082,32200,USD,NGM,America/New_York,Yahoo Finance
BRTM,2026-09-14,9.829999923706055,9.850000381469727,9.829999923706055,9.850000381469727,9.850000381469727,14400,USD,NGM,America/New_York,Yahoo Finance
BRTM,2026-09-15,9.800000190734863,9.869999885559082,9.800000190734863,9.869999885559082,9.869999885559082,284500,USD,NGM,America/New_York,Yahoo Finance
BRTM,2026-09-16,9.8100004196167,9.859999656677246,9.800000190734863,9.84000015258789,9.84000015258789,10300,USD,NGM,America/New_York,Yahoo Finance
BRTM,2026-09-17,9.819999694824219,9.84000015258789,9.8100004196167,9.829999923706055,9.829999923706055,32000,USD,NGM,America/New_York,Yahoo Finance
BRTM,2026-09-18,9.819999694824219,9.829999923706055,9.800000190734863,9.800000190734863,9.800000190734863,113800,USD,NGM,America/New_York,Yahoo Finance
BRTM,2026-09-21,9.8100004196167,9.8100004196167,9.800000190734863,9.8100004196167,9.8100004196167,25100,USD,NGM,America/New_York,Yahoo Finance
BRTM,2026-09-22,9.800000190734863,9.829999923706055,9.800000190734863,9.819999694824219,9.819999694824219,358600,USD,NGM,America/New_York,Yahoo Finance
BRTM,2026-09-23,9.819999694824219,9.829999923706055,9.8100004196167,9.829999923706055,9.829999923706055,10200,USD,NGM,America/New_York,Yahoo Finance
BRTM,2026-09-24,9.8100004196167,9.84000015258789,9.8100004196167,9.8100004196167,9.8100004196167,11400,USD,NGM,America/New_York,Yahoo Finance
BRTM,2026-09-25,9.819999694824219,9.819999694824219,9.800000190734863,9.800000190734863,9.800000190734863,21300,USD,NGM,America/New_York,Yahoo Finance
BRTM,2026-09-28,9.8100004196167,9.819999694824219,9.800000190734863,9.819999694824219,9.819999694824219,3300,USD,NGM,America/New_York,Yahoo Finance
BRTM,2026-09-29,9.8100004196167,9.819999694824219,9.800000190734863,9.8100004196167,9.8100004196167,1600,USD,NGM,America/New_York,Yahoo Finance
BRTM,2026-09-30,9.8100004196167,9.8100004196167,9.800000190734863,9.8100004196167,9.8100004196167,600,USD,NGM,America/New_York,Yahoo Finance
BRTM,2026-10-01,9.8100004196167,9.8100004196167,9.800000190734863,9.800000190734863,9.800000190734863,197900,USD,NGM,America/New_York,Yahoo Finance
BRTM,2026-10-02,9.800000190734863,9.800000190734863,9.800000190734863,9.800000190734863,9.800000190734863,0,USD,NGM,America/New_York,Yahoo Finance
BSL,2026-08-21,12.989999771118164,13.029999732971191,12.989999771118164,13.010000228881836,12.838760375976562,43500,USD,NYQ,America/New_York,Yahoo Finance
BSL,2026-08-24,12.920000076293945,12.9399995803833,12.90999984741211,12.920000076293945,12.836772918701172,26600,USD,NYQ,America/New_York,Yahoo Finance
BSL,2026-08-25,12.949999809265137,12.960000038146973,12.920000076293945,12.9399995803833,12.856643676757812,47600,USD,NYQ,America/New_York,Yahoo Finance
BSL,2026-08-26,12.920000076293945,13.020000457763672,12.920000076293945,13.020000457763672,12.936129570007324,41400,USD,NYQ,America/New_York,Yahoo Finance
BSL,2026-08-27,12.949999809265137,13.0,12.949999809265137,12.970000267028809,12.886451721191406,35500,USD,NYQ,America/New_York,Yahoo Finance
BSL,2026-08-28,12.989999771118164,13.069999694824219,12.960000038146973,13.0600004196167,12.975872039794922,41900,USD,NYQ,America/New_York,Yahoo Finance
BSL,2026-08-31,13.100000381469727,13.109999656677246,13.0,13.020000457763672,12.936129570007324,115600,USD,NYQ,America/New_York,Yahoo Finance
BSL,2026-09-01,12.989999771118164,13.020000457763672,12.960000038146973,13.010000228881836,12.926193237304688,29400,USD,NYQ,America/New_York,Yahoo Finance
BSL,2026-09-02,12.989999771118164,13.0600004196167,12.949999809265137,13.050000190734863,12.965935707092285,34400,USD,NYQ,America/New_York,Yahoo Finance
BSL,2026-09-03,13.039999961853027,13.039999961853027,12.949999809265137,12.960000038146973,12.87651538848877,260900,USD,NYQ,America/New_York,Yahoo Finance
BSL,2026-09-04,12.960000038146973,12.989999771118164,12.960000038146973,12.960000038146973,12.87651538848877,30200,USD,NYQ,America/New_York,Yahoo Finance
BSL,2026-09-08,12.960000038146973,12.979999542236328,12.930000305175781,12.960000038146973,12.87651538848877,72000,USD,NYQ,America/New_York,Yahoo Finance
BSL,2026-09-09,12.989999771118164,12.989999771118164,12.949999809265137,12.960000038146973,12.87651538848877,50200,USD,NYQ,America/New_York,Yahoo Finance
BSL,2026-09-10,12.9399995803833,12.979999542236328,12.90999984741211,12.930000305175781,12.846709251403809,48100,USD,NYQ,America/New_York,Yahoo Finance
BSL,2026-09-11,12.930000305175781,12.989999771118164,12.930000305175781,12.960000038146973,12.87651538848877,60300,USD,NYQ,America/New_York,Yahoo Finance
BSL,2026-09-14,12.90999984741211,12.960000038146973,12.90999984741211,12.930000305175781,12.846709251403809,52900,USD,NYQ,America/New_York,Yahoo Finance
BSL,2026-09-15,12.960000038146973,12.970000267028809,12.90999984741211,12.960000038146973,12.87651538848877,41400,USD,NYQ,America/New_York,Yahoo Finance
BSL,2026-09-16,12.9399995803833,12.989999771118164,12.9399995803833,12.989999771118164,12.90632152557373,40000,USD,NYQ,America/New_York,Yahoo Finance
BSL,2026-09-17,12.970000267028809,13.050000190734863,12.970000267028809,13.029999732971191,12.946063995361328,33600,USD,NYQ,America/New_York,Yahoo Finance
BSL,2026-09-18,13.010000228881836,13.050000190734863,13.010000228881836,13.039999961853027,12.956000328063965,12800,USD,NYQ,America/New_York,Yahoo Finance
BSL,2026-09-21,13.010000228881836,13.0600004196167,13.010000228881836,13.039999961853027,12.956000328063965,25100,USD,NYQ,America/New_York,Yahoo Finance
BSL,2026-09-22,13.039999961853027,13.0600004196167,13.029999732971191,13.039999961853027,12.956000328063965,32600,USD,NYQ,America/New_York,Yahoo Finance
BSL,2026-09-23,13.0,13.0,12.920000076293945,12.949999809265137,12.949999809265137,104200,USD,NYQ,America/New_York,Yahoo Finance
BSL,2026-09-24,12.920000076293945,12.949999809265137,12.850000381469727,12.850000381469727,12.850000381469727,80500,USD,NYQ,America/New_York,Yahoo Finance
BSL,2026-09-25,12.869999885559082,12.899999618530273,12.850000381469727,12.899999618530273,12.899999618530273,26900,USD,NYQ,America/New_York,Yahoo Finance
BSL,2026-09-28,12.890000343322754,12.920000076293945,12.869999885559082,12.890000343322754,12.890000343322754,41000,USD,NYQ,America/New_York,Yahoo Finance
BSL,2026-09-29,12.920000076293945,12.920000076293945,12.850000381469727,12.920000076293945,12.920000076293945,47600,USD,NYQ,America/New_York,Yahoo Finance
BSL,2026-09-30,12.949999809265137,13.0,12.930000305175781,12.949999809265137,12.949999809265137,35700,USD,NYQ,America/New_York,Yahoo Finance
BSL,2026-10-01,12.949999809265137,12.979999542236328,12.920000076293945,12.920000076293945,12.920000076293945,25900,USD,NYQ,America/New_York,Yahoo Finance
BSL,2026-10-02,12.930000305175781,13.010000228881836,12.930000305175781,12.979999542236328,12.979999542236328,51400,USD,NYQ,America/New_York,Yahoo Finance
BSVN,2026-08-21,51.95000076293945,52.13999938964844,51.15999984741211,51.83000183105469,51.545013427734375,35500,USD,NMS,America/New_York,Yahoo Finance
BSVN,2026-08-24,51.720001220703125,53.81999969482422,51.720001220703125,52.15999984741211,51.87319564819336,56100,USD,NMS,America/New_York,Yahoo Finance
BSVN,2026-08-25,52.0099983215332,52.29999923706055,51.63999938964844,51.91999816894531,51.63451385498047,22100,USD,NMS,America/New_York,Yahoo Finance
BSVN,2026-08-26,52.290000915527344,52.5,51.61000061035156,51.790000915527344,51.50523376464844,32100,USD,NMS,America/New_York,Yahoo Finance
BSVN,2026-08-27,51.689998626708984,53.029998779296875,51.31999969482422,52.34000015258789,52.052207946777344,21200,USD,NMS,America/New_York,Yahoo Finance
BSVN,2026-08-28,52.20000076293945,53.47999954223633,52.029998779296875,52.209999084472656,51.92292022705078,19000,USD,NMS,America/New_York,Yahoo Finance
BSVN,2026-08-31,52.0,52.61000061035156,51.34000015258789,51.36000061035156,51.07759475708008,37900,USD,NMS,America/New_York,Yahoo Finance
BSVN,2026-09-01,51.22999954223633,52.09000015258789,50.970001220703125,51.41999816894531,51.137264251708984,42000,USD,NMS,America/New_York,Yahoo Finance
BSVN,2026-09-02,51.470001220703125,52.630001068115234,51.470001220703125,52.2400016784668,51.9527587890625,50200,USD,NMS,America/New_York,Yahoo Finance
BSVN,2026-09-03,52.40999984741211,53.290000915527344,52.40999984741211,52.45000076293945,52.16160202026367,18000,USD,NMS,America/New_York,Yahoo Finance
BSVN,2026-09-04,54.25,57.68000030517578,54.0,57.43000030517578,57.114219665527344,117000,USD,NMS,America/New_York,Yahoo Finance
BSVN,2026-09-08,57.25,57.41999816894531,54.529998779296875,54.529998779296875,54.23016357421875,63200,USD,NMS,America/New_York,Yahoo Finance
BSVN,2026-09-09,54.25,55.13999938964844,54.029998779296875,54.63999938964844,54.339561462402344,44700,USD,NMS,America/New_York,Yahoo Finance
BSVN,2026-09-10,54.66999816894531,55.11000061035156,53.95000076293945,54.810001373291016,54.508628845214844,67700,USD,NMS,America/New_York,Yahoo Finance
BSVN,2026-09-11,55.150001525878906,55.22999954223633,54.560001373291016,54.88999938964844,54.58818435668945,28900,USD,NMS,America/New_York,Yahoo Finance
BSVN,2026-09-14,54.790000915527344,57.279998779296875,54.72999954223633,55.2400016784668,54.93626403808594,71100,USD,NMS,America/New_York,Yahoo Finance
BSVN,2026-09-15,54.97999954223633,55.81999969482422,54.619998931884766,55.130001068115234,54.826866149902344,40800,USD,NMS,America/New_York,Yahoo Finance
BSVN,2026-09-16,54.619998931884766,55.349998474121094,53.61000061035156,54.369998931884766,54.071044921875,43700,USD,NMS,America/New_York,Yahoo Finance
BSVN,2026-09-17,54.380001068115234,55.83000183105469,53.97999954223633,54.560001373291016,54.26000213623047,108400,USD,NMS,America/New_York,Yahoo Finance
BSVN,2026-09-18,54.400001525878906,55.220001220703125,53.5099983215332,54.150001525878906,54.150001525878906,104500,USD,NMS,America/New_York,Yahoo Finance
BSVN,2026-09-21,54.20000076293945,54.81999969482422,53.869998931884766,53.939998626708984,53.939998626708984,41300,USD,NMS,America/New_York,Yahoo Finance
BSVN,2026-09-22,54.20000076293945,55.25,54.0,54.540000915527344,54.540000915527344,58800,USD,NMS,America/New_York,Yahoo Finance
BSVN,2026-09-23,55.029998779296875,56.099998474121094,54.61000061035156,55.099998474121094,55.099998474121094,43200,USD,NMS,America/New_York,Yahoo Finance
BSVN,2026-09-24,55.2400016784668,55.75,55.16999816894531,55.290000915527344,55.290000915527344,31800,USD,NMS,America/New_York,Yahoo Finance
BSVN,2026-09-25,55.279998779296875,56.189998626708984,55.279998779296875,55.849998474121094,55.849998474121094,47000,USD,NMS,America/New_York,Yahoo Finance
BSVN,2026-09-28,55.470001220703125,56.34000015258789,55.470001220703125,56.02000045776367,56.02000045776367,40200,USD,NMS,America/New_York,Yahoo Finance
BSVN,2026-09-29,56.220001220703125,56.689998626708984,55.029998779296875,55.279998779296875,55.279998779296875,46200,USD,NMS,America/New_York,Yahoo Finance
BSVN,2026-09-30,55.38999938964844,55.619998931884766,54.529998779296875,54.529998779296875,54.529998779296875,99300,USD,NMS,America/New_York,Yahoo Finance
BSVN,2026-10-01,54.529998779296875,55.09000015258789,53.5,54.9900016784668,54.9900016784668,49800,USD,NMS,America/New_York,Yahoo Finance
BSVN,2026-10-02,55.470001220703125,56.33000183105469,55.310001373291016,55.47999954223633,55.47999954223633,33900,USD,NMS,America/New_York,Yahoo Finance
BWAY,2026-08-21,14.850000381469727,15.15999984741211,14.680000305175781,14.739999771118164,14.739999771118164,47300,USD,NGM,America/New_York,Yahoo Finance
BWAY,2026-08-24,14.529999732971191,14.529999732971191,14.100000381469727,14.1899995803833,14.1899995803833,97700,USD,NGM,America/New_York,Yahoo Finance
BWAY,2026-08-25,14.319999694824219,14.619999885559082,14.21500015258789,14.430000305175781,14.430000305175781,56600,USD,NGM,America/New_York,Yahoo Finance
BWAY,2026-08-26,14.430000305175781,14.585000038146973,14.020000457763672,14.300000190734863,14.300000190734863,74200,USD,NGM,America/New_York,Yahoo Finance
BWAY,2026-08-27,14.609999656677246,14.609999656677246,14.149999618530273,14.399999618530273,14.399999618530273,96600,USD,NGM,America/New_York,Yahoo Finance
BWAY,2026-08-28,14.550000190734863,14.670000076293945,14.09000015258789,14.300000190734863,14.300000190734863,53400,USD,NGM,America/New_York,Yahoo Finance
BWAY,2026-08-31,14.420000076293945,14.670000076293945,14.1899995803833,14.520000457763672,14.520000457763672,80900,USD,NGM,America/New_York,Yahoo Finance
BWAY,2026-09-01,14.520000457763672,14.585000038146973,14.180000305175781,14.270000457763672,14.270000457763672,67100,USD,NGM,America/New_York,Yahoo Finance
BWAY,2026-09-02,14.34000015258789,14.779999732971191,14.079999923706055,14.279999732971191,14.279999732971191,86500,USD,NGM,America/New_York,Yahoo Finance
BWAY,2026-09-03,14.40999984741211,14.680000305175781,14.300000190734863,14.510000228881836,14.510000228881836,59800,USD,NGM,America/New_York,Yahoo Finance
BWAY,2026-09-04,14.550000190734863,14.550000190734863,14.0600004196167,14.149999618530273,14.149999618530273,49600,USD,NGM,America/New_York,Yahoo Finance
BWAY,2026-09-08,14.010000228881836,14.479999542236328,14.0,14.15999984741211,14.15999984741211,75900,USD,NGM,America/New_York,Yahoo Finance
BWAY,2026-09-09,14.109999656677246,14.46500015258789,14.100000381469727,14.40999984741211,14.40999984741211,129000,USD,NGM,America/New_York,Yahoo Finance
BWAY,2026-09-10,14.119999885559082,14.175000190734863,13.859999656677246,13.90999984741211,13.90999984741211,137300,USD,NGM,America/New_York,Yahoo Finance
BWAY,2026-09-11,14.100000381469727,14.114999771118164,13.680000305175781,13.930000305175781,13.930000305175781,68000,USD,NGM,America/New_York,Yahoo Finance
BWAY,2026-09-14,13.510000228881836,13.835000038146973,13.300999641418457,13.630000114440918,13.630000114440918,113100,USD,NGM,America/New_York,Yahoo Finance
BWAY,2026-09-15,13.5,13.5,13.130000114440918,13.460000038146973,13.460000038146973,123200,USD,NGM,America/New_York,Yahoo Finance
BWAY,2026-09-16,13.40999984741211,13.630000114440918,13.270000457763672,13.460000038146973,13.460000038146973,88900,USD,NGM,America/New_York,Yahoo Finance
BWAY,2026-09-17,13.425000190734863,13.699999809265137,13.149999618530273,13.529999732971191,13.529999732971191,32400,USD,NGM,America/New_York,Yahoo Finance
BWAY,2026-09-18,13.609999656677246,13.625,13.140000343322754,13.609999656677246,13.609999656677246,47200,USD,NGM,America/New_York,Yahoo Finance
BWAY,2026-09-21,13.609999656677246,13.699999809265137,13.380000114440918,13.569999694824219,13.569999694824219,59600,USD,NGM,America/New_York,Yahoo Finance
BWAY,2026-09-22,13.140000343322754,13.720000267028809,13.02400016784668,13.630000114440918,13.630000114440918,190900,USD,NGM,America/New_York,Yahoo Finance
BWAY,2026-09-23,13.829999923706055,14.114999771118164,13.4399995803833,13.449999809265137,13.449999809265137,90400,USD,NGM,America/New_York,Yahoo Finance
BWAY,2026-09-24,13.25,13.300000190734863,13.0600004196167,13.210000038146973,13.210000038146973,65800,USD,NGM,America/New_York,Yahoo Finance
BWAY,2026-09-25,13.210000038146973,14.380000114440918,13.069999694824219,13.3100004196167,13.3100004196167,54500,USD,NGM,America/New_York,Yahoo Finance
BWAY,2026-09-28,13.100000381469727,13.4399995803833,12.989999771118164,13.25,13.25,179100,USD,NGM,America/New_York,Yahoo Finance
BWAY,2026-09-29,13.359999656677246,13.994000434875488,13.15999984741211,13.479999542236328,13.479999542236328,113400,USD,NGM,America/New_York,Yahoo Finance
BWAY,2026-09-30,13.5600004196167,13.84000015258789,13.170000076293945,13.199999809265137,13.199999809265137,70700,USD,NGM,America/New_York,Yahoo Finance
BWAY,2026-10-01,12.90999984741211,12.989999771118164,12.5,12.600000381469727,12.600000381469727,137900,USD,NGM,America/New_York,Yahoo Finance
BWAY,2026-10-02,12.75,12.960000038146973,12.40999984741211,12.5,12.5,50800,USD,NGM,America/New_York,Yahoo Finance
BYFC,2026-08-21,11.930000305175781,11.930000305175781,11.90999984741211,11.90999984741211,11.90999984741211,2500,USD,NCM,America/New_York,Yahoo Finance
BYFC,2026-08-24,11.869999885559082,11.90999984741211,11.869999885559082,11.90999984741211,11.90999984741211,800,USD,NCM,America/New_York,Yahoo Finance
BYFC,2026-08-25,12.0,12.050000190734863,11.789999961853027,11.880000114440918,11.880000114440918,4600,USD,NCM,America/New_York,Yahoo Finance
BYFC,2026-08-26,12.050000190734863,12.100000381469727,12.050000190734863,12.050000190734863,12.050000190734863,1200,USD,NCM,America/New_York,Yahoo Finance
BYFC,2026-08-27,11.869999885559082,12.050000190734863,11.869999885559082,12.050000190734863,12.050000190734863,6000,USD,NCM,America/New_York,Yahoo Finance
BYFC,2026-08-28,12.100000381469727,12.3100004196167,12.100000381469727,12.3100004196167,12.3100004196167,4800,USD,NCM,America/New_York,Yahoo Finance
BYFC,2026-08-31,12.020000457763672,12.020000457763672,11.880000114440918,11.880000114440918,11.880000114440918,800,USD,NCM,America/New_York,Yahoo Finance
BYFC,2026-09-01,12.039999961853027,12.039999961853027,11.770000457763672,11.800000190734863,11.800000190734863,1400,USD,NCM,America/New_York,Yahoo Finance
BYFC,2026-09-02,12.0,12.130000114440918,11.760000228881836,11.970000267028809,11.970000267028809,2100,USD,NCM,America/New_York,Yahoo Finance
BYFC,2026-09-03,12.069999694824219,12.069999694824219,12.069999694824219,12.069999694824219,12.069999694824219,300,USD,NCM,America/New_York,Yahoo Finance
BYFC,2026-09-04,11.930000305175781,12.350000381469727,11.930000305175781,12.119999885559082,12.119999885559082,2400,USD,NCM,America/New_York,Yahoo Finance
BYFC,2026-09-08,11.90999984741211,12.100000381469727,11.789999961853027,12.029999732971191,12.029999732971191,1500,USD,NCM,America/New_York,Yahoo Finance
BYFC,2026-09-09,12.0,12.0,11.800000190734863,11.850000381469727,11.850000381469727,3300,USD,NCM,America/New_York,Yahoo Finance
BYFC,2026-09-10,11.880000114440918,11.880000114440918,11.850000381469727,11.880000114440918,11.880000114440918,1800,USD,NCM,America/New_York,Yahoo Finance
BYFC,2026-09-11,11.789999961853027,11.880000114440918,11.789999961853027,11.850000381469727,11.850000381469727,1200,USD,NCM,America/New_York,Yahoo Finance
BYFC,2026-09-14,11.8100004196167,11.8100004196167,11.8100004196167,11.8100004196167,11.8100004196167,1800,USD,NCM,America/New_York,Yahoo Finance
BYFC,2026-09-15,11.8100004196167,11.859999656677246,11.8100004196167,11.859999656677246,11.859999656677246,2600,USD,NCM,America/New_York,Yahoo Finance
BYFC,2026-09-16,11.850000381469727,11.859999656677246,11.84000015258789,11.859999656677246,11.859999656677246,1600,USD,NCM,America/New_York,Yahoo Finance
BYFC,2026-09-17,11.899999618530273,11.899999618530273,11.880000114440918,11.899999618530273,11.899999618530273,900,USD,NCM,America/New_York,Yahoo Finance
BYFC,2026-09-18,11.890000343322754,12.149999618530273,11.850000381469727,12.149999618530273,12.149999618530273,6700,USD,NCM,America/New_York,Yahoo Finance
BYFC,2026-09-21,12.010000228881836,12.09000015258789,12.010000228881836,12.09000015258789,12.09000015258789,700,USD,NCM,America/New_York,Yahoo Finance
BYFC,2026-09-22,12.0,12.0,11.930000305175781,12.0,12.0,4500,USD,NCM,America/New_York,Yahoo Finance
BYFC,2026-09-23,12.119999885559082,12.119999885559082,11.890000343322754,11.890000343322754,11.890000343322754,1100,USD,NCM,America/New_York,Yahoo Finance
BYFC,2026-09-24,11.890000343322754,11.90999984741211,11.800000190734863,11.90999984741211,11.90999984741211,2900,USD,NCM,America/New_York,Yahoo Finance
BYFC,2026-09-25,11.90999984741211,11.90999984741211,11.90999984741211,11.90999984741211,11.90999984741211,0,USD,NCM,America/New_York,Yahoo Finance
BYFC,2026-09-28,11.819999694824219,11.84000015258789,11.819999694824219,11.84000015258789,11.84000015258789,1500,USD,NCM,America/New_York,Yahoo Finance
BYFC,2026-09-29,11.989999771118164,11.989999771118164,11.989999771118164,11.989999771118164,11.989999771118164,300,USD,NCM,America/New_York,Yahoo Finance
BYFC,2026-09-30,11.819999694824219,11.869999885559082,11.819999694824219,11.829999923706055,11.829999923706055,1700,USD,NCM,America/New_York,Yahoo Finance
BYFC,2026-10-01,11.819999694824219,11.819999694824219,11.449999809265137,11.539999961853027,11.539999961853027,5800,USD,NCM,America/New_York,Yahoo Finance
BYFC,2026-10-02,11.6899995803833,11.869999885559082,11.420000076293945,11.420000076293945,11.420000076293945,1600,USD,NCM,America/New_York,Yahoo Finance
CCB,2026-08-21,46.41999816894531,47.6150016784668,45.2400016784668,46.275001525878906,46.275001525878906,135300,USD,NMS,America/New_York,Yahoo Finance
CCB,2026-08-24,46.209999084472656,47.03499984741211,45.75,46.959999084472656,46.959999084472656,125000,USD,NMS,America/New_York,Yahoo Finance
CCB,2026-08-25,46.61000061035156,47.72999954223633,46.400001525878906,47.16999816894531,47.16999816894531,142700,USD,NMS,America/New_York,Yahoo Finance
CCB,2026-08-26,46.970001220703125,48.154998779296875,46.5,46.86000061035156,46.86000061035156,108500,USD,NMS,America/New_York,Yahoo Finance
CCB,2026-08-27,46.380001068115234,47.630001068115234,46.29999923706055,46.7400016784668,46.7400016784668,142600,USD,NMS,America/New_York,Yahoo Finance
CCB,2026-08-28,47.130001068115234,48.70399856567383,47.084999084472656,48.47999954223633,48.47999954223633,199300,USD,NMS,America/New_York,Yahoo Finance
CCB,2026-08-31,48.470001220703125,49.25,46.86000061035156,47.11000061035156,47.11000061035156,160000,USD,NMS,America/New_York,Yahoo Finance
CCB,2026-09-01,46.529998779296875,47.694000244140625,45.95000076293945,47.16999816894531,47.16999816894531,149800,USD,NMS,America/New_York,Yahoo Finance
CCB,2026-09-02,47.60499954223633,48.79999923706055,47.06999969482422,48.52000045776367,48.52000045776367,174500,USD,NMS,America/New_York,Yahoo Finance
CCB,2026-09-03,49.20000076293945,50.05500030517578,48.400001525878906,49.189998626708984,49.189998626708984,134500,USD,NMS,America/New_York,Yahoo Finance
CCB,2026-09-04,48.68000030517578,50.72999954223633,48.11000061035156,50.33000183105469,50.33000183105469,198500,USD,NMS,America/New_York,Yahoo Finance
CCB,2026-09-08,50.33000183105469,50.779998779296875,49.29999923706055,49.470001220703125,49.470001220703125,161200,USD,NMS,America/New_York,Yahoo Finance
CCB,2026-09-09,49.08000183105469,49.78900146484375,46.0,47.43000030517578,47.43000030517578,239800,USD,NMS,America/New_York,Yahoo Finance
CCB,2026-09-10,47.400001525878906,48.21500015258789,46.34000015258789,48.04999923706055,48.04999923706055,176200,USD,NMS,America/New_York,Yahoo Finance
CCB,2026-09-11,48.959999084472656,48.959999084472656,47.09000015258789,47.459999084472656,47.459999084472656,160000,USD,NMS,America/New_York,Yahoo Finance
CCB,2026-09-14,47.189998626708984,48.78499984741211,46.939998626708984,48.040000915527344,48.040000915527344,193200,USD,NMS,America/New_York,Yahoo Finance
CCB,2026-09-15,47.77000045776367,47.875,46.5099983215332,46.849998474121094,46.849998474121094,167300,USD,NMS,America/New_York,Yahoo Finance
CCB,2026-09-16,46.77000045776367,46.8849983215332,44.81999969482422,45.40999984741211,45.40999984741211,293200,USD,NMS,America/New_York,Yahoo Finance
CCB,2026-09-17,46.189998626708984,46.63999938964844,45.38999938964844,46.0,46.0,136500,USD,NMS,America/New_York,Yahoo Finance
CCB,2026-09-18,45.93000030517578,46.27000045776367,45.40999984741211,45.970001220703125,45.970001220703125,321200,USD,NMS,America/New_York,Yahoo Finance
CCB,2026-09-21,46.0099983215332,46.5,45.06999969482422,45.13999938964844,45.13999938964844,117000,USD,NMS,America/New_York,Yahoo Finance
CCB,2026-09-22,45.7599983215332,45.970001220703125,44.630001068115234,45.09000015258789,45.09000015258789,141400,USD,NMS,America/New_York,Yahoo Finance
CCB,2026-09-23,45.119998931884766,45.34000015258789,43.84000015258789,43.90999984741211,43.90999984741211,94700,USD,NMS,America/New_York,Yahoo Finance
CCB,2026-09-24,44.20000076293945,44.5,43.4900016784668,43.619998931884766,43.619998931884766,197700,USD,NMS,America/New_York,Yahoo Finance
CCB,2026-09-25,43.75,45.21500015258789,43.41999816894531,44.81999969482422,44.81999969482422,183800,USD,NMS,America/New_York,Yahoo Finance
CCB,2026-09-28,43.38999938964844,43.38999938964844,35.560001373291016,37.54499816894531,37.54499816894531,776300,USD,NMS,America/New_York,Yahoo Finance
CCB,2026-09-29,37.5,40.13999938964844,37.5,39.97999954223633,39.97999954223633,356300,USD,NMS,America/New_York,Yahoo Finance
CCB,2026-09-30,39.97999954223633,40.60300064086914,39.3849983215332,39.939998626708984,39.939998626708984,294400,USD,NMS,America/New_York,Yahoo Finance
CCB,2026-10-01,40.029998779296875,40.88999938964844,39.040000915527344,40.540000915527344,40.540000915527344,310900,USD,NMS,America/New_York,Yahoo Finance
CCB,2026-10-02,41.06999969482422,41.529998779296875,38.83000183105469,40.16999816894531,40.16999816894531,351400,USD,NMS,America/New_York,Yahoo Finance
CCL,2026-08-17,27.979999542236328,28.100000381469727,27.549999237060547,27.729999542236328,27.729999542236328,13672000,USD,NYQ,America/New_York,Yahoo Finance
CCL,2026-08-18,27.399999618530273,27.65999984741211,27.219999313354492,27.270000457763672,27.270000457763672,11002100,USD,NYQ,America/New_York,Yahoo Finance
CCL,2026-08-19,27.579999923706055,27.610000610351562,26.6299991607666,26.690000534057617,26.690000534057617,16238400,USD,NYQ,America/New_York,Yahoo Finance
CCL,2026-08-20,26.200000762939453,26.280000686645508,25.190000534057617,25.3700008392334,25.3700008392334,26822600,USD,NYQ,America/New_York,Yahoo Finance
CCL,2026-08-21,25.639999389648438,25.8700008392334,25.459999084472656,25.729999542236328,25.729999542236328,17040800,USD,NYQ,America/New_York,Yahoo Finance
CCL,2026-08-24,26.040000915527344,26.420000076293945,25.549999237060547,25.709999084472656,25.709999084472656,20293600,USD,NYQ,America/New_York,Yahoo Finance
CCL,2026-08-25,26.200000762939453,26.290000915527344,25.709999084472656,26.139999389648438,26.139999389648438,19139400,USD,NYQ,America/New_York,Yahoo Finance
CCL,2026-08-26,26.209999084472656,26.459999084472656,25.540000915527344,25.59000015258789,25.59000015258789,16190600,USD,NYQ,America/New_York,Yahoo Finance
CCL,2026-08-27,25.399999618530273,25.600000381469727,24.90999984741211,24.950000762939453,24.950000762939453,15695900,USD,NYQ,America/New_York,Yahoo Finance
CCL,2026-08-28,25.200000762939453,25.479999542236328,24.690000534057617,24.760000228881836,24.760000228881836,19188000,USD,NYQ,America/New_York,Yahoo Finance
CCL,2026-08-31,24.5,24.559999465942383,23.889999389648438,23.889999389648438,23.889999389648438,31286000,USD,NYQ,America/New_York,Yahoo Finance
CCL,2026-09-01,23.600000381469727,23.969999313354492,23.079999923706055,23.229999542236328,23.229999542236328,25367200,USD,NYQ,America/New_York,Yahoo Finance
CCL,2026-09-02,23.6200008392334,23.920000076293945,23.350000381469727,23.739999771118164,23.739999771118164,22804100,USD,NYQ,America/New_York,Yahoo Finance
CCL,2026-09-03,23.850000381469727,23.950000762939453,23.260000228881836,23.479999542236328,23.479999542236328,19918900,USD,NYQ,America/New_York,Yahoo Finance
CCL,2026-09-04,23.450000762939453,23.639999389648438,23.290000915527344,23.510000228881836,23.510000228881836,16193400,USD,NYQ,America/New_York,Yahoo Finance
CCL,2026-09-08,23.270000457763672,23.68000030517578,23.149999618530273,23.200000762939453,23.200000762939453,18954200,USD,NYQ,America/New_York,Yahoo Finance
CCL,2026-09-09,22.940000534057617,23.020000457763672,22.700000762939453,22.700000762939453,22.700000762939453,19365800,USD,NYQ,America/New_York,Yahoo Finance
CCL,2026-09-10,22.399999618530273,22.799999237060547,22.280000686645508,22.469999313354492,22.469999313354492,20342700,USD,NYQ,America/New_York,Yahoo Finance
CCL,2026-09-11,23.059999465942383,23.170000076293945,22.729999542236328,22.75,22.75,16373800,USD,NYQ,America/New_York,Yahoo Finance
CCL,2026-09-14,22.31999969482422,22.809999465942383,22.110000610351562,22.559999465942383,22.559999465942383,17677700,USD,NYQ,America/New_York,Yahoo Finance
CCL,2026-09-15,22.81999969482422,22.81999969482422,21.93000030517578,22.110000610351562,22.110000610351562,19612700,USD,NYQ,America/New_York,Yahoo Finance
CCL,2026-09-16,22.399999618530273,22.690000534057617,21.989999771118164,22.350000381469727,22.350000381469727,25253200,USD,NYQ,America/New_York,Yahoo Finance
CCL,2026-09-17,22.700000762939453,22.950000762939453,22.149999618530273,22.170000076293945,22.170000076293945,18279400,USD,NYQ,America/New_York,Yahoo Finance
CCL,2026-09-18,22.139999389648438,22.209999084472656,21.809999465942383,21.84000015258789,21.84000015258789,27272300,USD,NYQ,America/New_York,Yahoo Finance
CCL,2026-09-21,22.34000015258789,22.450000762939453,22.040000915527344,22.309999465942383,22.309999465942383,18274500,USD,NYQ,America/New_York,Yahoo Finance
CCL,2026-09-22,23.190000534057617,23.350000381469727,22.1299991607666,22.280000686645508,22.280000686645508,40626400,USD,NYQ,America/New_York,Yahoo Finance
CCL,2026-09-23,22.079999923706055,22.15999984741211,21.520000457763672,21.799999237060547,21.799999237060547,28796000,USD,NYQ,America/New_York,Yahoo Finance
CCL,2026-09-24,21.510000228881836,22.15999984741211,21.450000762939453,21.790000915527344,21.790000915527344,28503300,USD,NYQ,America/New_York,Yahoo Finance
CCL,2026-09-25,21.959999084472656,22.670000076293945,21.690000534057617,22.25,22.25,22098900,USD,NYQ,America/New_York,Yahoo Finance
CCL,2026-09-28,21.850000381469727,22.65999984741211,21.850000381469727,22.139999389648438,22.139999389648438,31165600,USD,NYQ,America/New_York,Yahoo Finance
CCXI,2026-08-21,14.5,14.859999656677246,13.880000114440918,14.569999694824219,14.569999694824219,1813100,USD,NGM,America/New_York,Yahoo Finance
CCXI,2026-08-24,14.109999656677246,14.329999923706055,13.8100004196167,14.09000015258789,14.09000015258789,1789700,USD,NGM,America/New_York,Yahoo Finance
CCXI,2026-08-25,14.300000190734863,14.65999984741211,14.0,14.449999809265137,14.449999809265137,1130300,USD,NGM,America/New_York,Yahoo Finance
CCXI,2026-08-26,14.470000267028809,14.84000015258789,14.050000190734863,14.819999694824219,14.819999694824219,811100,USD,NGM,America/New_York,Yahoo Finance
CCXI,2026-08-27,14.9399995803833,14.970000267028809,14.329999923706055,14.40999984741211,14.40999984741211,966800,USD,NGM,America/New_York,Yahoo Finance
CCXI,2026-08-28,14.369999885559082,14.489999771118164,13.65999984741211,13.970000267028809,13.970000267028809,1722600,USD,NGM,America/New_York,Yahoo Finance
CCXI,2026-08-31,13.9399995803833,13.970000267028809,13.270000457763672,13.380000114440918,13.380000114440918,1545200,USD,NGM,America/New_York,Yahoo Finance
CCXI,2026-09-01,13.100000381469727,13.359999656677246,13.0,13.050000190734863,13.050000190734863,1319400,USD,NGM,America/New_York,Yahoo Finance
CCXI,2026-09-02,13.220000267028809,13.59000015258789,13.149999618530273,13.260000228881836,13.260000228881836,923400,USD,NGM,America/New_York,Yahoo Finance
CCXI,2026-09-03,13.829999923706055,14.149999618530273,13.670000076293945,13.819999694824219,13.819999694824219,2027000,USD,NGM,America/New_York,Yahoo Finance
CCXI,2026-09-04,13.880000114440918,13.899999618530273,13.329999923706055,13.399999618530273,13.399999618530273,945900,USD,NGM,America/New_York,Yahoo Finance
CCXI,2026-09-08,13.359999656677246,14.15999984741211,13.100000381469727,13.600000381469727,13.600000381469727,1738600,USD,NGM,America/New_York,Yahoo Finance
CCXI,2026-09-09,13.5,13.899999618530273,13.170000076293945,13.199999809265137,13.199999809265137,1675500,USD,NGM,America/New_York,Yahoo Finance
CCXI,2026-09-10,13.0,13.119999885559082,12.800000190734863,12.8100004196167,12.8100004196167,1349300,USD,NGM,America/New_York,Yahoo Finance
CCXI,2026-09-11,12.949999809265137,13.0,12.239999771118164,12.319999694824219,12.319999694824219,2475400,USD,NGM,America/New_York,Yahoo Finance
CCXI,2026-09-14,12.130000114440918,12.279999732971191,11.800000190734863,12.0,12.0,3531000,USD,NGM,America/New_York,Yahoo Finance
CCXI,2026-09-15,12.029999732971191,12.5,11.770000457763672,12.050000190734863,12.050000190734863,4568500,USD,NGM,America/New_York,Yahoo Finance
CCXI,2026-09-16,12.25,12.59000015258789,11.760000228881836,12.09000015258789,12.09000015258789,2459900,USD,NGM,America/New_York,Yahoo Finance
CCXI,2026-09-17,12.59000015258789,12.6899995803833,11.970000267028809,12.079999923706055,12.079999923706055,2407900,USD,NGM,America/New_York,Yahoo Finance
CCXI,2026-09-18,12.130000114440918,13.029999732971191,12.130000114440918,12.899999618530273,12.899999618530273,2986400,USD,NGM,America/New_York,Yahoo Finance
CCXI,2026-09-21,13.029999732971191,13.640000343322754,12.8100004196167,13.579999923706055,13.579999923706055,2363400,USD,NGM,America/New_York,Yahoo Finance
CCXI,2026-09-22,13.5,13.630000114440918,12.90999984741211,13.140000343322754,13.140000343322754,1766300,USD,NGM,America/New_York,Yahoo Finance
CCXI,2026-09-23,13.079999923706055,13.079999923706055,12.369999885559082,12.720000267028809,12.720000267028809,1083400,USD,NGM,America/New_York,Yahoo Finance
CCXI,2026-09-24,12.380000114440918,12.489999771118164,12.050000190734863,12.229999542236328,12.229999542236328,2176300,USD,NGM,America/New_York,Yahoo Finance
CCXI,2026-09-25,12.279999732971191,12.449999809265137,12.079999923706055,12.430000305175781,12.430000305175781,1478200,USD,NGM,America/New_York,Yahoo Finance
CCXI,2026-09-28,12.199999809265137,12.3100004196167,12.039999961853027,12.050000190734863,12.050000190734863,982100,USD,NGM,America/New_York,Yahoo Finance
CCXI,2026-09-29,12.149999618530273,12.75,11.8100004196167,12.329999923706055,12.329999923706055,3721700,USD,NGM,America/New_York,Yahoo Finance
CCXI,2026-09-30,12.329999923706055,12.329999923706055,11.510000228881836,11.619999885559082,11.619999885559082,3213900,USD,NGM,America/New_York,Yahoo Finance
CCXI,2026-10-01,11.720000267028809,11.779999732971191,11.460000038146973,11.619999885559082,11.619999885559082,1777600,USD,NGM,America/New_York,Yahoo Finance
CCXI,2026-10-02,11.800000190734863,12.149999618530273,11.710000038146973,11.989999771118164,11.989999771118164,2114000,USD,NGM,America/New_York,Yahoo Finance
CFFN,2026-08-17,8.720000267028809,8.770000457763672,8.680000305175781,8.720000267028809,8.720000267028809,749400,USD,NMS,America/New_York,Yahoo Finance
CFFN,2026-08-18,8.729999542236328,8.760000228881836,8.5600004196167,8.640000343322754,8.640000343322754,784800,USD,NMS,America/New_York,Yahoo Finance
CFFN,2026-08-19,8.65999984741211,8.710000038146973,8.4399995803833,8.489999771118164,8.489999771118164,894900,USD,NMS,America/New_York,Yahoo Finance
CFFN,2026-08-20,8.460000038146973,8.550000190734863,8.4399995803833,8.489999771118164,8.489999771118164,941700,USD,NMS,America/New_York,Yahoo Finance
CFFN,2026-08-21,8.5600004196167,8.59000015258789,8.390000343322754,8.529999732971191,8.529999732971191,907300,USD,NMS,America/New_York,Yahoo Finance
CFFN,2026-08-24,8.59000015258789,8.600000381469727,8.520000457763672,8.529999732971191,8.529999732971191,628500,USD,NMS,America/New_York,Yahoo Finance
CFFN,2026-08-25,8.569999694824219,8.670000076293945,8.5,8.539999961853027,8.539999961853027,741600,USD,NMS,America/New_York,Yahoo Finance
CFFN,2026-08-26,8.579999923706055,8.6899995803833,8.520000457763672,8.65999984741211,8.65999984741211,771200,USD,NMS,America/New_York,Yahoo Finance
CFFN,2026-08-27,8.600000381469727,8.6899995803833,8.539999961853027,8.640000343322754,8.640000343322754,664200,USD,NMS,America/New_York,Yahoo Finance
CFFN,2026-08-28,8.680000305175781,8.720000267028809,8.649999618530273,8.65999984741211,8.65999984741211,696800,USD,NMS,America/New_York,Yahoo Finance
CFFN,2026-08-31,8.65999984741211,8.65999984741211,8.569999694824219,8.609999656677246,8.609999656677246,642200,USD,NMS,America/New_York,Yahoo Finance
CFFN,2026-09-01,8.579999923706055,8.649999618530273,8.479999542236328,8.550000190734863,8.550000190734863,751000,USD,NMS,America/New_York,Yahoo Finance
CFFN,2026-09-02,8.619999885559082,8.760000228881836,8.579999923706055,8.6899995803833,8.6899995803833,785000,USD,NMS,America/New_York,Yahoo Finance
CFFN,2026-09-03,8.739999771118164,8.829999923706055,8.670000076293945,8.800000190734863,8.800000190734863,805100,USD,NMS,America/New_York,Yahoo Finance
CFFN,2026-09-04,8.770000457763672,8.890000343322754,8.760000228881836,8.869999885559082,8.869999885559082,1091800,USD,NMS,America/New_York,Yahoo Finance
CFFN,2026-09-08,8.84000015258789,8.859999656677246,8.770000457763672,8.800000190734863,8.800000190734863,695300,USD,NMS,America/New_York,Yahoo Finance
CFFN,2026-09-09,8.729999542236328,8.829999923706055,8.680000305175781,8.770000457763672,8.770000457763672,782200,USD,NMS,America/New_York,Yahoo Finance
CFFN,2026-09-10,8.729999542236328,8.8100004196167,8.670000076293945,8.800000190734863,8.800000190734863,593300,USD,NMS,America/New_York,Yahoo Finance
CFFN,2026-09-11,8.880000114440918,8.930000305175781,8.739999771118164,8.819999694824219,8.819999694824219,672400,USD,NMS,America/New_York,Yahoo Finance
CFFN,2026-09-14,8.789999961853027,8.930000305175781,8.789999961853027,8.90999984741211,8.90999984741211,835100,USD,NMS,America/New_York,Yahoo Finance
CFFN,2026-09-15,8.770000457763672,8.9399995803833,8.770000457763672,8.869999885559082,8.869999885559082,962600,USD,NMS,America/New_York,Yahoo Finance
CFFN,2026-09-16,8.869999885559082,8.930000305175781,8.680000305175781,8.859999656677246,8.859999656677246,976800,USD,NMS,America/New_York,Yahoo Finance
CFFN,2026-09-17,8.970000267028809,8.970000267028809,8.819999694824219,8.829999923706055,8.829999923706055,691500,USD,NMS,America/New_York,Yahoo Finance
CFFN,2026-09-18,8.829999923706055,8.920000076293945,8.720000267028809,8.899999618530273,8.899999618530273,3166800,USD,NMS,America/New_York,Yahoo Finance
CFFN,2026-09-21,8.920000076293945,8.949999809265137,8.829999923706055,8.850000381469727,8.850000381469727,628700,USD,NMS,America/New_York,Yahoo Finance
CFFN,2026-09-22,8.90999984741211,8.949999809265137,8.8100004196167,8.829999923706055,8.829999923706055,1226300,USD,NMS,America/New_York,Yahoo Finance
CFFN,2026-09-23,8.8100004196167,8.829999923706055,8.680000305175781,8.6899995803833,8.6899995803833,743500,USD,NMS,America/New_York,Yahoo Finance
CFFN,2026-09-24,8.680000305175781,8.720000267028809,8.489999771118164,8.65999984741211,8.65999984741211,978000,USD,NMS,America/New_York,Yahoo Finance
CFFN,2026-09-25,8.6899995803833,8.760000228881836,8.65999984741211,8.680000305175781,8.680000305175781,1274500,USD,NMS,America/New_York,Yahoo Finance
CFFN,2026-09-28,8.649999618530273,8.670000076293945,8.4399995803833,8.460000038146973,8.460000038146973,950600,USD,NMS,America/New_York,Yahoo Finance
CHCI,2026-08-21,18.56999969482422,18.600000381469727,18.059999465942383,18.280000686645508,18.280000686645508,14100,USD,NCM,America/New_York,Yahoo Finance
CHCI,2026-08-24,18.360000610351562,18.469999313354492,17.469999313354492,17.65999984741211,17.65999984741211,45200,USD,NCM,America/New_York,Yahoo Finance
CHCI,2026-08-25,17.799999237060547,19.610000610351562,17.75,19.520000457763672,19.520000457763672,89700,USD,NCM,America/New_York,Yahoo Finance
CHCI,2026-08-26,19.520000457763672,19.75,18.860000610351562,19.489999771118164,19.489999771118164,36700,USD,NCM,America/New_York,Yahoo Finance
CHCI,2026-08-27,19.510000228881836,20.399999618530273,19.219999313354492,19.8700008392334,19.8700008392334,26700,USD,NCM,America/New_York,Yahoo Finance
CHCI,2026-08-28,20.299999237060547,20.299999237060547,19.440000534057617,20.049999237060547,20.049999237060547,46900,USD,NCM,America/New_York,Yahoo Finance
CHCI,2026-08-31,19.850000381469727,20.790000915527344,19.610000610351562,19.760000228881836,19.760000228881836,60500,USD,NCM,America/New_York,Yahoo Finance
CHCI,2026-09-01,19.719999313354492,20.520000457763672,19.440000534057617,19.84000015258789,19.84000015258789,45300,USD,NCM,America/New_York,Yahoo Finance
CHCI,2026-09-02,20.6200008392334,20.739999771118164,19.979999542236328,20.020000457763672,20.020000457763672,23600,USD,NCM,America/New_York,Yahoo Finance
CHCI,2026-09-03,20.0,21.290000915527344,19.549999237060547,20.940000534057617,20.940000534057617,59800,USD,NCM,America/New_York,Yahoo Finance
CHCI,2026-09-04,21.06999969482422,21.690000534057617,20.389999389648438,21.149999618530273,21.149999618530273,24000,USD,NCM,America/New_York,Yahoo Finance
CHCI,2026-09-08,21.190000534057617,21.420000076293945,20.540000915527344,20.969999313354492,20.969999313354492,40000,USD,NCM,America/New_York,Yahoo Finance
CHCI,2026-09-09,21.799999237060547,21.799999237060547,20.25,20.65999984741211,20.65999984741211,126500,USD,NCM,America/New_York,Yahoo Finance
CHCI,2026-09-10,20.690000534057617,22.06999969482422,20.5,21.010000228881836,21.010000228881836,72800,USD,NCM,America/New_York,Yahoo Finance
CHCI,2026-09-11,21.309999465942383,21.450000762939453,19.899999618530273,20.06999969482422,20.06999969482422,38500,USD,NCM,America/New_York,Yahoo Finance
CHCI,2026-09-14,20.0,20.15999984741211,19.209999084472656,19.209999084472656,19.209999084472656,25700,USD,NCM,America/New_York,Yahoo Finance
CHCI,2026-09-15,19.030000686645508,20.290000915527344,19.030000686645508,20.239999771118164,20.239999771118164,62300,USD,NCM,America/New_York,Yahoo Finance
CHCI,2026-09-16,20.350000381469727,21.059999465942383,20.079999923706055,20.149999618530273,20.149999618530273,68100,USD,NCM,America/New_York,Yahoo Finance
CHCI,2026-09-17,20.479999542236328,21.0,20.110000610351562,20.270000457763672,20.270000457763672,26400,USD,NCM,America/New_York,Yahoo Finance
CHCI,2026-09-18,20.110000610351562,21.479999542236328,20.110000610351562,21.06999969482422,21.06999969482422,73400,USD,NCM,America/New_York,Yahoo Finance
CHCI,2026-09-21,20.959999084472656,21.190000534057617,20.06999969482422,20.06999969482422,20.06999969482422,33800,USD,NCM,America/New_York,Yahoo Finance
CHCI,2026-09-22,20.6200008392334,21.040000915527344,20.3799991607666,20.540000915527344,20.540000915527344,31700,USD,NCM,America/New_York,Yahoo Finance
CHCI,2026-09-23,20.229999542236328,20.5,19.510000228881836,19.700000762939453,19.700000762939453,70100,USD,NCM,America/New_York,Yahoo Finance
CHCI,2026-09-24,19.809999465942383,20.329999923706055,19.399999618530273,19.399999618530273,19.399999618530273,51400,USD,NCM,America/New_York,Yahoo Finance
CHCI,2026-09-25,19.5,20.100000381469727,19.329999923706055,19.329999923706055,19.329999923706055,28400,USD,NCM,America/New_York,Yahoo Finance
CHCI,2026-09-28,19.469999313354492,20.040000915527344,19.079999923706055,19.530000686645508,19.530000686645508,50300,USD,NCM,America/New_York,Yahoo Finance
CHCI,2026-09-29,19.510000228881836,19.770000457763672,19.170000076293945,19.450000762939453,19.450000762939453,47600,USD,NCM,America/New_York,Yahoo Finance
CHCI,2026-09-30,19.420000076293945,19.68000030517578,18.850000381469727,18.93000030517578,18.93000030517578,40200,USD,NCM,America/New_York,Yahoo Finance
CHCI,2026-10-01,19.0,19.5,18.510000228881836,19.030000686645508,19.030000686645508,47000,USD,NCM,America/New_York,Yahoo Finance
CHCI,2026-10-02,19.049999237060547,19.40999984741211,18.649999618530273,18.770000457763672,18.770000457763672,23400,USD,NCM,America/New_York,Yahoo Finance
CHYM,2026-08-17,31.8799991607666,31.8799991607666,31.170000076293945,31.450000762939453,31.450000762939453,6108200,USD,NMS,America/New_York,Yahoo Finance
CHYM,2026-08-18,31.219999313354492,32.64500045776367,30.378000259399414,31.90999984741211,31.90999984741211,8268800,USD,NMS,America/New_York,Yahoo Finance
CHYM,2026-08-19,32.0,33.380001068115234,31.774999618530273,33.06999969482422,33.06999969482422,16470500,USD,NMS,America/New_York,Yahoo Finance
CHYM,2026-08-20,33.25,33.744998931884766,31.920000076293945,31.950000762939453,31.950000762939453,6632800,USD,NMS,America/New_York,Yahoo Finance
CHYM,2026-08-21,32.0,32.90999984741211,31.674999237060547,32.779998779296875,32.779998779296875,5941500,USD,NMS,America/New_York,Yahoo Finance
CHYM,2026-08-24,32.75,33.56700134277344,32.439998626708984,32.70000076293945,32.70000076293945,8290600,USD,NMS,America/New_York,Yahoo Finance
CHYM,2026-08-25,33.029998779296875,33.15999984741211,32.38999938964844,33.099998474121094,33.099998474121094,5510000,USD,NMS,America/New_York,Yahoo Finance
CHYM,2026-08-26,33.0099983215332,33.56700134277344,32.849998474121094,33.150001525878906,33.150001525878906,5383800,USD,NMS,America/New_York,Yahoo Finance
CHYM,2026-08-27,33.40999984741211,33.974998474121094,32.77000045776367,33.36000061035156,33.36000061035156,4150900,USD,NMS,America/New_York,Yahoo Finance
CHYM,2026-08-28,33.45000076293945,34.15999984741211,33.13999938964844,33.20000076293945,33.20000076293945,5009300,USD,NMS,America/New_York,Yahoo Finance
CHYM,2026-08-31,33.11000061035156,33.43000030517578,32.310001373291016,33.11000061035156,33.11000061035156,7132600,USD,NMS,America/New_York,Yahoo Finance
CHYM,2026-09-01,32.6349983215332,32.94499969482422,31.530000686645508,31.65999984741211,31.65999984741211,8099500,USD,NMS,America/New_York,Yahoo Finance
CHYM,2026-09-02,31.889999389648438,33.46500015258789,31.520000457763672,33.40999984741211,33.40999984741211,5947600,USD,NMS,America/New_York,Yahoo Finance
CHYM,2026-09-03,33.7400016784668,34.435001373291016,33.0,33.650001525878906,33.650001525878906,4265400,USD,NMS,America/New_York,Yahoo Finance
CHYM,2026-09-04,33.40999984741211,33.790000915527344,33.0,33.7599983215332,33.7599983215332,2890300,USD,NMS,America/New_York,Yahoo Finance
CHYM,2026-09-08,33.70000076293945,33.70000076293945,32.15999984741211,32.310001373291016,32.310001373291016,5989700,USD,NMS,America/New_York,Yahoo Finance
CHYM,2026-09-09,35.33000183105469,35.54999923706055,33.52000045776367,34.54999923706055,34.54999923706055,14318500,USD,NMS,America/New_York,Yahoo Finance
CHYM,2026-09-10,33.755001068115234,33.974998474121094,32.4900016784668,32.66999816894531,32.66999816894531,10636800,USD,NMS,America/New_York,Yahoo Finance
CHYM,2026-09-11,32.66999816894531,33.20000076293945,32.400001525878906,33.0,33.0,8563800,USD,NMS,America/New_York,Yahoo Finance
CHYM,2026-09-14,33.5,34.58000183105469,33.18000030517578,33.970001220703125,33.970001220703125,9999300,USD,NMS,America/New_York,Yahoo Finance
CHYM,2026-09-15,33.834999084472656,33.970001220703125,32.7599983215332,33.61000061035156,33.61000061035156,10255500,USD,NMS,America/New_York,Yahoo Finance
CHYM,2026-09-16,33.36000061035156,33.3650016784668,30.854999542236328,31.25,31.25,8243200,USD,NMS,America/New_York,Yahoo Finance
CHYM,2026-09-17,31.975000381469727,32.18000030517578,30.700000762939453,30.719999313354492,30.719999313354492,5858000,USD,NMS,America/New_York,Yahoo Finance
CHYM,2026-09-18,30.639999389648438,30.905000686645508,30.040000915527344,30.329999923706055,30.329999923706055,19611900,USD,NMS,America/New_York,Yahoo Finance
CHYM,2026-09-21,30.670000076293945,30.790000915527344,29.700000762939453,29.920000076293945,29.920000076293945,7328400,USD,NMS,America/New_York,Yahoo Finance
CHYM,2026-09-22,30.309999465942383,30.309999465942383,28.579999923706055,28.6200008392334,28.6200008392334,7956100,USD,NMS,America/New_York,Yahoo Finance
CHYM,2026-09-23,28.434999465942383,28.469999313354492,26.299999237060547,26.459999084472656,26.459999084472656,10021600,USD,NMS,America/New_York,Yahoo Finance
CHYM,2026-09-24,26.399999618530273,27.209999084472656,26.059999465942383,27.06999969482422,27.06999969482422,5309300,USD,NMS,America/New_York,Yahoo Finance
CHYM,2026-09-25,26.809999465942383,27.1299991607666,26.600000381469727,26.780000686645508,26.780000686645508,3998100,USD,NMS,America/New_York,Yahoo Finance
CHYM,2026-09-28,26.219999313354492,27.020000457763672,25.920000076293945,26.690000534057617,26.690000534057617,4580300,USD,NMS,America/New_York,Yahoo Finance
CION,2026-08-21,7.320000171661377,7.414999961853027,7.264999866485596,7.329999923706055,7.227910995483398,291800,USD,NYQ,America/New_York,Yahoo Finance
CION,2026-08-24,7.340000152587891,7.440000057220459,7.269999980926514,7.380000114440918,7.277214527130127,255900,USD,NYQ,America/New_York,Yahoo Finance
CION,2026-08-25,7.420000076293945,7.630000114440918,7.349999904632568,7.510000228881836,7.405404090881348,466900,USD,NYQ,America/New_York,Yahoo Finance
CION,2026-08-26,7.440000057220459,7.489999771118164,7.315000057220459,7.340000152587891,7.237771511077881,603100,USD,NYQ,America/New_York,Yahoo Finance
CION,2026-08-27,7.349999904632568,7.5,7.300000190734863,7.409999847412109,7.306796550750732,315100,USD,NYQ,America/New_York,Yahoo Finance
CION,2026-08-28,7.409999847412109,7.519999980926514,7.340000152587891,7.380000114440918,7.277214527130127,396700,USD,NYQ,America/New_York,Yahoo Finance
CION,2026-08-31,7.380000114440918,7.578999996185303,7.360000133514404,7.510000228881836,7.405404090881348,421900,USD,NYQ,America/New_York,Yahoo Finance
CION,2026-09-01,7.449999809265137,7.550000190734863,7.40500020980835,7.420000076293945,7.316657543182373,446400,USD,NYQ,America/New_York,Yahoo Finance
CION,2026-09-02,7.440000057220459,7.514999866485596,7.429999828338623,7.449999809265137,7.3462395668029785,247500,USD,NYQ,America/New_York,Yahoo Finance
CION,2026-09-03,7.539999961853027,7.590000152587891,7.335000038146973,7.360000133514404,7.257493019104004,316900,USD,NYQ,America/New_York,Yahoo Finance
CION,2026-09-04,7.380000114440918,7.429999828338623,7.309999942779541,7.340000152587891,7.237771511077881,233800,USD,NYQ,America/New_York,Yahoo Finance
CION,2026-09-08,7.340000152587891,7.400000095367432,7.215000152587891,7.28000020980835,7.17860746383667,335100,USD,NYQ,America/New_York,Yahoo Finance
CION,2026-09-09,7.25,7.295000076293945,7.190000057220459,7.25,7.149024963378906,407200,USD,NYQ,America/New_York,Yahoo Finance
CION,2026-09-10,7.21999979019165,7.244999885559082,7.170000076293945,7.179999828338623,7.079999923706055,465700,USD,NYQ,America/New_York,Yahoo Finance
CION,2026-09-11,7.150000095367432,7.204999923706055,7.070000171661377,7.179999828338623,7.179999828338623,243100,USD,NYQ,America/New_York,Yahoo Finance
CION,2026-09-14,7.170000076293945,7.204999923706055,7.099999904632568,7.110000133514404,7.110000133514404,298100,USD,NYQ,America/New_York,Yahoo Finance
CION,2026-09-15,7.099999904632568,7.144999980926514,7.03000020980835,7.090000152587891,7.090000152587891,311000,USD,NYQ,America/New_York,Yahoo Finance
CION,2026-09-16,7.090000152587891,7.199999809265137,6.994999885559082,7.110000133514404,7.110000133514404,295700,USD,NYQ,America/New_York,Yahoo Finance
CION,2026-09-17,7.150000095367432,7.340000152587891,7.119999885559082,7.260000228881836,7.260000228881836,315500,USD,NYQ,America/New_York,Yahoo Finance
CION,2026-09-18,7.199999809265137,7.199999809265137,7.014999866485596,7.130000114440918,7.130000114440918,732700,USD,NYQ,America/New_York,Yahoo Finance
CION,2026-09-21,7.130000114440918,7.239999771118164,7.110000133514404,7.159999847412109,7.159999847412109,248400,USD,NYQ,America/New_York,Yahoo Finance
CION,2026-09-22,7.199999809265137,7.239999771118164,7.144999980926514,7.199999809265137,7.199999809265137,298500,USD,NYQ,America/New_York,Yahoo Finance
CION,2026-09-23,7.170000076293945,7.199999809265137,7.139999866485596,7.179999828338623,7.179999828338623,282700,USD,NYQ,America/New_York,Yahoo Finance
CION,2026-09-24,7.170000076293945,7.210000038146973,7.079999923706055,7.130000114440918,7.130000114440918,257400,USD,NYQ,America/New_York,Yahoo Finance
CION,2026-09-25,7.139999866485596,7.184999942779541,7.050000190734863,7.159999847412109,7.159999847412109,342300,USD,NYQ,America/New_York,Yahoo Finance
CION,2026-09-28,7.139999866485596,7.159999847412109,7.039999961853027,7.070000171661377,7.070000171661377,329700,USD,NYQ,America/New_York,Yahoo Finance
CION,2026-09-29,7.119999885559082,7.260000228881836,7.090000152587891,7.159999847412109,7.159999847412109,319100,USD,NYQ,America/New_York,Yahoo Finance
CION,2026-09-30,7.159999847412109,7.190000057220459,7.010000228881836,7.019999980926514,7.019999980926514,359900,USD,NYQ,America/New_York,Yahoo Finance
CION,2026-10-01,7.110000133514404,7.150000095367432,6.994999885559082,7.150000095367432,7.150000095367432,385100,USD,NYQ,America/New_York,Yahoo Finance
CION,2026-10-02,7.179999828338623,7.190000057220459,6.994999885559082,7.0,7.0,315000,USD,NYQ,America/New_York,Yahoo Finance
CL,2026-08-17,91.05000305175781,91.18000030517578,89.47000122070312,90.20999908447266,90.20999908447266,3969700,USD,NYQ,America/New_York,Yahoo Finance
CL,2026-08-18,91.19000244140625,92.0,90.66000366210938,91.45999908447266,91.45999908447266,5230100,USD,NYQ,America/New_York,Yahoo Finance
CL,2026-08-19,92.08999633789062,92.91999816894531,90.7300033569336,90.87000274658203,90.87000274658203,4099400,USD,NYQ,America/New_York,Yahoo Finance
CL,2026-08-20,90.5,91.26000213623047,89.54000091552734,89.69999694824219,89.69999694824219,5082500,USD,NYQ,America/New_York,Yahoo Finance
CL,2026-08-21,89.87000274658203,91.30999755859375,89.16000366210938,91.08000183105469,91.08000183105469,3667300,USD,NYQ,America/New_York,Yahoo Finance
CL,2026-08-24,91.58000183105469,92.55000305175781,91.55000305175781,92.55000305175781,92.55000305175781,4649500,USD,NYQ,America/New_York,Yahoo Finance
CL,2026-08-25,92.08999633789062,92.54000091552734,91.19000244140625,91.33000183105469,91.33000183105469,2683000,USD,NYQ,America/New_York,Yahoo Finance
CL,2026-08-26,91.54000091552734,92.30999755859375,91.31999969482422,92.05999755859375,92.05999755859375,3663300,USD,NYQ,America/New_York,Yahoo Finance
CL,2026-08-27,90.73999786376953,91.66000366210938,90.4800033569336,90.95999908447266,90.95999908447266,3318800,USD,NYQ,America/New_York,Yahoo Finance
CL,2026-08-28,91.4000015258789,91.66000366210938,90.5,90.75,90.75,3016100,USD,NYQ,America/New_York,Yahoo Finance
CL,2026-08-31,90.41999816894531,90.63999938964844,89.80999755859375,89.81999969482422,89.81999969482422,5898900,USD,NYQ,America/New_York,Yahoo Finance
CL,2026-09-01,90.37000274658203,91.44000244140625,89.45999908447266,89.62999725341797,89.62999725341797,4582800,USD,NYQ,America/New_York,Yahoo Finance
CL,2026-09-02,90.08999633789062,90.98999786376953,89.54000091552734,90.0999984741211,90.0999984741211,4117800,USD,NYQ,America/New_York,Yahoo Finance
CL,2026-09-03,90.04000091552734,90.62999725341797,89.13999938964844,90.08999633789062,90.08999633789062,5324000,USD,NYQ,America/New_York,Yahoo Finance
CL,2026-09-04,89.52999877929688,90.54000091552734,88.66000366210938,88.7699966430664,88.7699966430664,4100600,USD,NYQ,America/New_York,Yahoo Finance
CL,2026-09-08,88.04000091552734,88.66000366210938,87.66999816894531,88.41000366210938,88.41000366210938,4127900,USD,NYQ,America/New_York,Yahoo Finance
CL,2026-09-09,87.94999694824219,88.44000244140625,87.30000305175781,88.02999877929688,88.02999877929688,4819200,USD,NYQ,America/New_York,Yahoo Finance
CL,2026-09-10,88.2699966430664,88.81999969482422,87.7699966430664,87.9000015258789,87.9000015258789,3587200,USD,NYQ,America/New_York,Yahoo Finance
CL,2026-09-11,88.3499984741211,90.54000091552734,86.37999725341797,86.80000305175781,86.80000305175781,5767300,USD,NYQ,America/New_York,Yahoo Finance
CL,2026-09-14,87.63999938964844,88.70999908447266,87.63999938964844,87.88999938964844,87.88999938964844,4324000,USD,NYQ,America/New_York,Yahoo Finance
CL,2026-09-15,87.5,87.83999633789062,86.47000122070312,87.0,87.0,5311600,USD,NYQ,America/New_York,Yahoo Finance
CL,2026-09-16,87.0999984741211,87.76000213623047,86.68000030517578,87.0199966430664,87.0199966430664,5864200,USD,NYQ,America/New_York,Yahoo Finance
CL,2026-09-17,87.30999755859375,87.73999786376953,86.7699966430664,87.7300033569336,87.7300033569336,6226900,USD,NYQ,America/New_York,Yahoo Finance
CL,2026-09-18,87.11000061035156,87.7300033569336,86.79000091552734,87.47000122070312,87.47000122070312,10838600,USD,NYQ,America/New_York,Yahoo Finance
CL,2026-09-21,87.26000213623047,87.2699966430664,86.02999877929688,86.26000213623047,86.26000213623047,7281300,USD,NYQ,America/New_York,Yahoo Finance
CL,2026-09-22,87.08999633789062,87.55000305175781,86.86000061035156,87.05000305175781,87.05000305175781,7589000,USD,NYQ,America/New_York,Yahoo Finance
CL,2026-09-23,86.7699966430664,87.4000015258789,85.7699966430664,85.93000030517578,85.93000030517578,6221300,USD,NYQ,America/New_York,Yahoo Finance
CL,2026-09-24,86.33000183105469,87.25,85.29000091552734,85.31999969482422,85.31999969482422,4778500,USD,NYQ,America/New_York,Yahoo Finance
CL,2026-09-25,85.08999633789062,86.13999938964844,85.05000305175781,86.05999755859375,86.05999755859375,3540200,USD,NYQ,America/New_York,Yahoo Finance
CL,2026-09-28,85.6500015258789,86.61000061035156,85.30000305175781,86.5199966430664,86.5199966430664,4415000,USD,NYQ,America/New_York,Yahoo Finance
CLS,2026-08-17,337.5799865722656,346.239990234375,335.6300048828125,340.3999938964844,340.3999938964844,2164000,USD,NYQ,America/New_York,Yahoo Finance
CLS,2026-08-18,330.3699951171875,331.1300048828125,308.5199890136719,310.5899963378906,310.5899963378906,3315400,USD,NYQ,America/New_York,Yahoo Finance
CLS,2026-08-19,311.989990234375,314.260009765625,292.5,301.3599853515625,301.3599853515625,2695300,USD,NYQ,America/New_York,Yahoo Finance
CLS,2026-08-20,301.0,304.1600036621094,294.55999755859375,302.0,302.0,1565500,USD,NYQ,America/New_York,Yahoo Finance
CLS,2026-08-21,304.6000061035156,306.0,292.6400146484375,296.54998779296875,296.54998779296875,1676900,USD,NYQ,America/New_York,Yahoo Finance
CLS,2026-08-24,298.6300048828125,299.0,284.54998779296875,294.57000732421875,294.57000732421875,1651400,USD,NYQ,America/New_York,Yahoo Finance
CLS,2026-08-25,303.8299865722656,307.3399963378906,298.4599914550781,306.8599853515625,306.8599853515625,1748900,USD,NYQ,America/New_York,Yahoo Finance
CLS,2026-08-26,305.2099914550781,313.1099853515625,303.19000244140625,307.32000732421875,307.32000732421875,1515500,USD,NYQ,America/New_York,Yahoo Finance
CLS,2026-08-27,316.55999755859375,325.82000732421875,313.6000061035156,317.3800048828125,317.3800048828125,1897200,USD,NYQ,America/New_York,Yahoo Finance
CLS,2026-08-28,315.0,316.0,298.5299987792969,298.70001220703125,298.70001220703125,1850000,USD,NYQ,America/New_York,Yahoo Finance
CLS,2026-08-31,299.7099914550781,302.0799865722656,296.4200134277344,299.3999938964844,299.3999938964844,1271200,USD,NYQ,America/New_York,Yahoo Finance
CLS,2026-09-01,293.8800048828125,296.9800109863281,287.5,292.5899963378906,292.5899963378906,1437400,USD,NYQ,America/New_York,Yahoo Finance
CLS,2026-09-02,291.239990234375,291.75,273.79998779296875,277.7699890136719,277.7699890136719,3252600,USD,NYQ,America/New_York,Yahoo Finance
CLS,2026-09-03,282.6400146484375,314.0899963378906,280.70001220703125,309.8399963378906,309.8399963378906,3895000,USD,NYQ,America/New_York,Yahoo Finance
CLS,2026-09-04,316.29998779296875,318.4100036621094,308.29998779296875,312.3500061035156,312.3500061035156,2165700,USD,NYQ,America/New_York,Yahoo Finance
CLS,2026-09-08,318.3699951171875,336.5799865722656,317.30999755859375,329.9700012207031,329.9700012207031,2982000,USD,NYQ,America/New_York,Yahoo Finance
CLS,2026-09-09,333.5,346.7200012207031,331.6400146484375,333.6000061035156,333.6000061035156,2871300,USD,NYQ,America/New_York,Yahoo Finance
CLS,2026-09-10,324.9200134277344,335.8999938964844,322.07000732421875,325.2200012207031,325.2200012207031,1301200,USD,NYQ,America/New_York,Yahoo Finance
CLS,2026-09-11,329.04998779296875,353.0,324.1000061035156,346.54998779296875,346.54998779296875,2556700,USD,NYQ,America/New_York,Yahoo Finance
CLS,2026-09-14,323.1499938964844,325.2099914550781,313.0,316.0799865722656,316.0799865722656,2383500,USD,NYQ,America/New_York,Yahoo Finance
CLS,2026-09-15,317.69000244140625,324.8900146484375,313.6000061035156,316.80999755859375,316.80999755859375,1581400,USD,NYQ,America/New_York,Yahoo Finance
CLS,2026-09-16,320.20001220703125,329.9599914550781,318.0,323.8299865722656,323.8299865722656,1707000,USD,NYQ,America/New_York,Yahoo Finance
CLS,2026-09-17,337.75,353.9599914550781,329.5199890136719,329.94000244140625,329.94000244140625,2079700,USD,NYQ,America/New_York,Yahoo Finance
CLS,2026-09-18,332.05999755859375,339.8999938964844,328.9200134277344,332.6300048828125,332.6300048828125,2050900,USD,NYQ,America/New_York,Yahoo Finance
CLS,2026-09-21,341.45001220703125,348.0,333.1000061035156,344.3999938964844,344.3999938964844,2000000,USD,NYQ,America/New_York,Yahoo Finance
CLS,2026-09-22,342.489990234375,359.04998779296875,341.5,356.0899963378906,356.0899963378906,2478300,USD,NYQ,America/New_York,Yahoo Finance
CLS,2026-09-23,356.0199890136719,367.8999938964844,354.3699951171875,361.8399963378906,361.8399963378906,2391200,USD,NYQ,America/New_York,Yahoo Finance
CLS,2026-09-24,354.25,379.0,352.8999938964844,373.55999755859375,373.55999755859375,2961900,USD,NYQ,America/New_York,Yahoo Finance
CLS,2026-09-25,380.510009765625,381.29998779296875,365.010009765625,365.44000244140625,365.44000244140625,2270200,USD,NYQ,America/New_York,Yahoo Finance
CLS,2026-09-28,363.92999267578125,372.9700012207031,349.5199890136719,356.5299987792969,356.5299987792969,2434400,USD,NYQ,America/New_York,Yahoo Finance
CMC,2026-08-17,71.3499984741211,72.81999969482422,70.80999755859375,72.7300033569336,72.7300033569336,859800,USD,NYQ,America/New_York,Yahoo Finance
CMC,2026-08-18,72.01000213623047,72.0999984741211,69.93000030517578,70.9800033569336,70.9800033569336,735400,USD,NYQ,America/New_York,Yahoo Finance
CMC,2026-08-19,71.81999969482422,72.58999633789062,66.12999725341797,68.16000366210938,68.16000366210938,2324400,USD,NYQ,America/New_York,Yahoo Finance
CMC,2026-08-20,66.81999969482422,67.12999725341797,65.12999725341797,65.27999877929688,65.27999877929688,1481600,USD,NYQ,America/New_York,Yahoo Finance
CMC,2026-08-21,66.5,67.80999755859375,65.51000213623047,66.30999755859375,66.30999755859375,1424100,USD,NYQ,America/New_York,Yahoo Finance
CMC,2026-08-24,67.41000366210938,68.69999694824219,64.38999938964844,64.87000274658203,64.87000274658203,1492200,USD,NYQ,America/New_York,Yahoo Finance
CMC,2026-08-25,65.5999984741211,67.18000030517578,64.54000091552734,66.8499984741211,66.8499984741211,1129800,USD,NYQ,America/New_York,Yahoo Finance
CMC,2026-08-26,67.19999694824219,68.5,66.9000015258789,68.41000366210938,68.41000366210938,1132300,USD,NYQ,America/New_York,Yahoo Finance
CMC,2026-08-27,68.18000030517578,68.87999725341797,67.83000183105469,68.76000213623047,68.76000213623047,907400,USD,NYQ,America/New_York,Yahoo Finance
CMC,2026-08-28,68.9000015258789,69.6500015258789,67.47000122070312,67.62999725341797,67.62999725341797,643600,USD,NYQ,America/New_York,Yahoo Finance
CMC,2026-08-31,67.73999786376953,68.4000015258789,66.91000366210938,67.47000122070312,67.47000122070312,790900,USD,NYQ,America/New_York,Yahoo Finance
CMC,2026-09-01,66.41000366210938,68.0199966430664,65.70999908447266,67.13999938964844,67.13999938964844,677200,USD,NYQ,America/New_York,Yahoo Finance
CMC,2026-09-02,67.69999694824219,69.77999877929688,67.51000213623047,69.1500015258789,69.1500015258789,1277700,USD,NYQ,America/New_York,Yahoo Finance
CMC,2026-09-03,70.0,70.0,67.91000366210938,68.75,68.75,595800,USD,NYQ,America/New_York,Yahoo Finance
CMC,2026-09-04,69.01000213623047,70.37999725341797,68.4000015258789,70.27999877929688,70.27999877929688,731000,USD,NYQ,America/New_York,Yahoo Finance
CMC,2026-09-08,70.29000091552734,71.80999755859375,70.20999908447266,70.76000213623047,70.76000213623047,1082000,USD,NYQ,America/New_York,Yahoo Finance
CMC,2026-09-09,69.81999969482422,70.5199966430664,68.47000122070312,68.9800033569336,68.9800033569336,880200,USD,NYQ,America/New_York,Yahoo Finance
CMC,2026-09-10,67.7699966430664,68.1500015258789,66.44000244140625,66.62000274658203,66.62000274658203,987200,USD,NYQ,America/New_York,Yahoo Finance
CMC,2026-09-11,67.55999755859375,67.55999755859375,64.87999725341797,67.16999816894531,67.16999816894531,1188000,USD,NYQ,America/New_York,Yahoo Finance
CMC,2026-09-14,65.5999984741211,66.69999694824219,64.91999816894531,64.98999786376953,64.98999786376953,1093400,USD,NYQ,America/New_York,Yahoo Finance
CMC,2026-09-15,65.51000213623047,65.5999984741211,64.70999908447266,65.19000244140625,65.19000244140625,1040700,USD,NYQ,America/New_York,Yahoo Finance
CMC,2026-09-16,65.79000091552734,67.30000305175781,64.8499984741211,65.81999969482422,65.81999969482422,962800,USD,NYQ,America/New_York,Yahoo Finance
CMC,2026-09-17,67.11000061035156,67.91999816894531,66.81999969482422,67.0999984741211,67.0999984741211,781800,USD,NYQ,America/New_York,Yahoo Finance
CMC,2026-09-18,66.69000244140625,66.69000244140625,64.43000030517578,64.5,64.5,3208000,USD,NYQ,America/New_York,Yahoo Finance
CMC,2026-09-21,64.94000244140625,64.94000244140625,63.97999954223633,63.97999954223633,63.97999954223633,1055600,USD,NYQ,America/New_York,Yahoo Finance
CMC,2026-09-22,64.77999877929688,65.29000091552734,64.06999969482422,65.0,65.0,1099500,USD,NYQ,America/New_York,Yahoo Finance
CMC,2026-09-23,64.33999633789062,65.31999969482422,63.900001525878906,64.66000366210938,64.66000366210938,670200,USD,NYQ,America/New_York,Yahoo Finance
CMC,2026-09-24,64.48999786376953,65.25,63.97999954223633,64.22000122070312,64.22000122070312,886400,USD,NYQ,America/New_York,Yahoo Finance
CMC,2026-09-25,64.2699966430664,66.02999877929688,64.16000366210938,65.7300033569336,65.7300033569336,959600,USD,NYQ,America/New_York,Yahoo Finance
CMC,2026-09-28,64.4800033569336,65.69999694824219,63.939998626708984,64.48999786376953,64.48999786376953,1369000,USD,NYQ,America/New_York,Yahoo Finance
CNM,2026-08-17,45.86000061035156,46.130001068115234,45.08000183105469,45.34000015258789,45.34000015258789,2355500,USD,NYQ,America/New_York,Yahoo Finance
CNM,2026-08-18,45.15999984741211,45.880001068115234,44.939998626708984,45.45000076293945,45.45000076293945,2694200,USD,NYQ,America/New_York,Yahoo Finance
CNM,2026-08-19,45.349998474121094,46.220001220703125,45.189998626708984,45.290000915527344,45.290000915527344,1650000,USD,NYQ,America/New_York,Yahoo Finance
CNM,2026-08-20,44.529998779296875,45.119998931884766,44.36000061035156,44.459999084472656,44.459999084472656,1435300,USD,NYQ,America/New_York,Yahoo Finance
CNM,2026-08-21,44.650001525878906,45.29999923706055,44.63999938964844,44.880001068115234,44.880001068115234,1319500,USD,NYQ,America/New_York,Yahoo Finance
CNM,2026-08-24,44.93000030517578,45.279998779296875,44.18000030517578,44.38999938964844,44.38999938964844,2170900,USD,NYQ,America/New_York,Yahoo Finance
CNM,2026-08-25,44.689998626708984,44.845001220703125,43.70000076293945,44.08000183105469,44.08000183105469,1594300,USD,NYQ,America/New_York,Yahoo Finance
CNM,2026-08-26,43.189998626708984,44.4900016784668,42.77199935913086,43.369998931884766,43.369998931884766,2838900,USD,NYQ,America/New_York,Yahoo Finance
CNM,2026-08-27,43.36000061035156,44.06999969482422,42.88999938964844,43.7400016784668,43.7400016784668,1713800,USD,NYQ,America/New_York,Yahoo Finance
CNM,2026-08-28,43.90999984741211,44.005001068115234,42.529998779296875,43.02000045776367,43.02000045776367,1662600,USD,NYQ,America/New_York,Yahoo Finance
CNM,2026-08-31,42.880001068115234,43.25,42.349998474121094,42.959999084472656,42.959999084472656,1715900,USD,NYQ,America/New_York,Yahoo Finance
CNM,2026-09-01,42.400001525878906,42.834999084472656,41.869998931884766,42.06999969482422,42.06999969482422,2173900,USD,NYQ,America/New_York,Yahoo Finance
CNM,2026-09-02,41.9900016784668,44.17499923706055,41.54999923706055,43.77000045776367,43.77000045776367,2885400,USD,NYQ,America/New_York,Yahoo Finance
CNM,2026-09-03,44.25,44.75,43.810001373291016,43.97999954223633,43.97999954223633,2115500,USD,NYQ,America/New_York,Yahoo Finance
CNM,2026-09-04,43.81999969482422,44.47999954223633,43.29999923706055,44.31999969482422,44.31999969482422,1330700,USD,NYQ,America/New_York,Yahoo Finance
CNM,2026-09-08,44.540000915527344,44.54999923706055,43.41999816894531,44.060001373291016,44.060001373291016,3643400,USD,NYQ,America/New_York,Yahoo Finance
CNM,2026-09-09,44.279998779296875,44.279998779296875,41.25,41.599998474121094,41.599998474121094,5648800,USD,NYQ,America/New_York,Yahoo Finance
CNM,2026-09-10,41.0,41.900001525878906,40.40999984741211,40.849998474121094,40.849998474121094,5432800,USD,NYQ,America/New_York,Yahoo Finance
CNM,2026-09-11,41.380001068115234,41.380001068115234,40.439998626708984,40.619998931884766,40.619998931884766,3841200,USD,NYQ,America/New_York,Yahoo Finance
CNM,2026-09-14,40.209999084472656,41.20000076293945,40.029998779296875,40.810001373291016,40.810001373291016,3011600,USD,NYQ,America/New_York,Yahoo Finance
CNM,2026-09-15,41.130001068115234,41.52000045776367,40.27000045776367,41.08000183105469,41.08000183105469,2860600,USD,NYQ,America/New_York,Yahoo Finance
CNM,2026-09-16,41.439998626708984,43.02000045776367,41.290000915527344,42.81999969482422,42.81999969482422,4112300,USD,NYQ,America/New_York,Yahoo Finance
CNM,2026-09-17,43.279998779296875,43.48500061035156,42.189998626708984,42.900001525878906,42.900001525878906,3190700,USD,NYQ,America/New_York,Yahoo Finance
CNM,2026-09-18,42.869998931884766,42.869998931884766,42.369998931884766,42.61000061035156,42.61000061035156,3950200,USD,NYQ,America/New_York,Yahoo Finance
CNM,2026-09-21,42.849998474121094,43.25,42.27000045776367,43.060001373291016,43.060001373291016,1936900,USD,NYQ,America/New_York,Yahoo Finance
CNM,2026-09-22,43.75,43.849998474121094,43.0,43.0099983215332,43.0099983215332,2807300,USD,NYQ,America/New_York,Yahoo Finance
CNM,2026-09-23,42.75,43.14500045776367,42.34000015258789,42.7599983215332,42.7599983215332,2605200,USD,NYQ,America/New_York,Yahoo Finance
CNM,2026-09-24,42.36000061035156,42.47999954223633,41.22999954223633,41.619998931884766,41.619998931884766,2412700,USD,NYQ,America/New_York,Yahoo Finance
CNM,2026-09-25,41.619998931884766,43.005001068115234,41.51499938964844,42.63999938964844,42.63999938964844,1936400,USD,NYQ,America/New_York,Yahoo Finance
CNM,2026-09-28,42.15999984741211,42.665000915527344,41.58000183105469,42.38999938964844,42.38999938964844,2009700,USD,NYQ,America/New_York,Yahoo Finance
COIN,2026-08-17,148.36000061035156,152.1999969482422,147.1999969482422,150.5500030517578,150.5500030517578,5768300,USD,NMS,America/New_York,Yahoo Finance
COIN,2026-08-18,148.0,150.72999572753906,146.02000427246094,146.22999572753906,146.22999572753906,6746700,USD,NMS,America/New_York,Yahoo Finance
COIN,2026-08-19,147.5,165.74000549316406,147.5,160.1999969482422,160.1999969482422,16961300,USD,NMS,America/New_York,Yahoo Finance
COIN,2026-08-20,172.75,174.77999877929688,166.11000061035156,172.35000610351562,172.35000610351562,17570800,USD,NMS,America/New_York,Yahoo Finance
COIN,2026-08-21,180.05999755859375,191.36000061035156,179.1999969482422,186.49000549316406,186.49000549316406,22736000,USD,NMS,America/New_York,Yahoo Finance
COIN,2026-08-24,188.75,191.83999633789062,178.52000427246094,179.47999572753906,179.47999572753906,13193700,USD,NMS,America/New_York,Yahoo Finance
COIN,2026-08-25,176.0,189.27000427246094,174.72999572753906,187.16000366210938,187.16000366210938,10565300,USD,NMS,America/New_York,Yahoo Finance
COIN,2026-08-26,181.64999389648438,185.5,179.42999267578125,181.77999877929688,181.77999877929688,6275800,USD,NMS,America/New_York,Yahoo Finance
COIN,2026-08-27,186.3300018310547,193.80999755859375,180.11000061035156,190.72000122070312,190.72000122070312,9240900,USD,NMS,America/New_York,Yahoo Finance
COIN,2026-08-28,186.02999877929688,189.10000610351562,176.05999755859375,178.63999938964844,178.63999938964844,10016500,USD,NMS,America/New_York,Yahoo Finance
COIN,2026-08-31,178.50999450683594,189.9499969482422,176.7100067138672,188.1199951171875,188.1199951171875,10710600,USD,NMS,America/New_York,Yahoo Finance
COIN,2026-09-01,181.4499969482422,183.99000549316406,175.0,176.82000732421875,176.82000732421875,8429200,USD,NMS,America/New_York,Yahoo Finance
COIN,2026-09-02,174.3000030517578,178.72000122070312,172.02999877929688,174.9600067138672,174.9600067138672,5264100,USD,NMS,America/New_York,Yahoo Finance
COIN,2026-09-03,181.44000244140625,195.85000610351562,181.0,192.6999969482422,192.6999969482422,13741500,USD,NMS,America/New_York,Yahoo Finance
COIN,2026-09-04,184.97000122070312,189.0,182.8699951171875,184.63999938964844,184.63999938964844,8177700,USD,NMS,America/New_York,Yahoo Finance
COIN,2026-09-08,180.67999267578125,182.25,178.3300018310547,178.94000244140625,178.94000244140625,6044600,USD,NMS,America/New_York,Yahoo Finance
COIN,2026-09-09,184.5500030517578,184.92999267578125,174.61000061035156,174.72000122070312,174.72000122070312,5989000,USD,NMS,America/New_York,Yahoo Finance
COIN,2026-09-10,170.83999633789062,174.4600067138672,170.38999938964844,172.27999877929688,172.27999877929688,4848700,USD,NMS,America/New_York,Yahoo Finance
COIN,2026-09-11,174.0500030517578,182.0800018310547,172.8000030517578,175.25999450683594,175.25999450683594,7821500,USD,NMS,America/New_York,Yahoo Finance
COIN,2026-09-14,180.80999755859375,193.22000122070312,180.2899932861328,191.4499969482422,191.4499969482422,13252000,USD,NMS,America/New_York,Yahoo Finance
COIN,2026-09-15,183.6199951171875,184.13999938964844,168.07000732421875,172.11000061035156,172.11000061035156,18766500,USD,NMS,America/New_York,Yahoo Finance
COIN,2026-09-16,172.5,174.0,161.17999267578125,164.50999450683594,164.50999450683594,13773100,USD,NMS,America/New_York,Yahoo Finance
COIN,2026-09-17,169.8000030517578,174.22000122070312,165.72999572753906,173.97000122070312,173.97000122070312,9987500,USD,NMS,America/New_York,Yahoo Finance
COIN,2026-09-18,178.16000366210938,196.2100067138672,177.6699981689453,194.25,194.25,21920000,USD,NMS,America/New_York,Yahoo Finance
COIN,2026-09-21,205.19000244140625,208.3300018310547,200.64999389648438,201.0500030517578,201.0500030517578,14506900,USD,NMS,America/New_York,Yahoo Finance
COIN,2026-09-22,199.39999389648438,203.0,197.1999969482422,201.07000732421875,201.07000732421875,7305800,USD,NMS,America/New_York,Yahoo Finance
COIN,2026-09-23,198.0,204.5,195.63999938964844,198.1300048828125,198.1300048828125,7183800,USD,NMS,America/New_York,Yahoo Finance
COIN,2026-09-24,196.77000427246094,202.77999877929688,193.69000244140625,199.2100067138672,199.2100067138672,7383800,USD,NMS,America/New_York,Yahoo Finance
COIN,2026-09-25,199.16000366210938,199.75,192.5800018310547,195.11000061035156,195.11000061035156,6277400,USD,NMS,America/New_York,Yahoo Finance
COIN,2026-09-28,196.08999633789062,198.77999877929688,191.10000610351562,191.7899932861328,191.7899932861328,6678000,USD,NMS,America/New_York,Yahoo Finance
CORT,2026-08-17,115.0,117.48999786376953,114.38999938964844,117.16999816894531,117.16999816894531,541100,USD,NCM,America/New_York,Yahoo Finance
CORT,2026-08-18,116.5999984741211,119.94999694824219,116.5999984741211,118.0999984741211,118.0999984741211,804000,USD,NCM,America/New_York,Yahoo Finance
CORT,2026-08-19,119.37000274658203,121.11000061035156,118.37000274658203,119.0199966430664,119.0199966430664,859600,USD,NCM,America/New_York,Yahoo Finance
CORT,2026-08-20,118.11000061035156,121.72000122070312,116.30999755859375,121.05000305175781,121.05000305175781,787400,USD,NCM,America/New_York,Yahoo Finance
CORT,2026-08-21,121.4800033569336,123.44000244140625,120.55999755859375,122.25,122.25,656400,USD,NCM,America/New_York,Yahoo Finance
CORT,2026-08-24,120.55999755859375,124.13999938964844,119.16999816894531,123.23999786376953,123.23999786376953,1012700,USD,NCM,America/New_York,Yahoo Finance
CORT,2026-08-25,124.88999938964844,126.37999725341797,122.0,123.56999969482422,123.56999969482422,981700,USD,NCM,America/New_York,Yahoo Finance
CORT,2026-08-26,122.56999969482422,123.63999938964844,119.73999786376953,119.80000305175781,119.80000305175781,980800,USD,NCM,America/New_York,Yahoo Finance
CORT,2026-08-27,119.25,121.30000305175781,116.69999694824219,116.93000030517578,116.93000030517578,640500,USD,NCM,America/New_York,Yahoo Finance
CORT,2026-08-28,117.13999938964844,118.66999816894531,112.97000122070312,113.87999725341797,113.87999725341797,917900,USD,NCM,America/New_York,Yahoo Finance
CORT,2026-08-31,113.63999938964844,114.52999877929688,111.2300033569336,113.3499984741211,113.3499984741211,636500,USD,NCM,America/New_York,Yahoo Finance
CORT,2026-09-01,113.91999816894531,115.8499984741211,111.12999725341797,113.37999725341797,113.37999725341797,1112200,USD,NCM,America/New_York,Yahoo Finance
CORT,2026-09-02,113.37999725341797,115.77999877929688,108.7300033569336,110.43000030517578,110.43000030517578,960800,USD,NCM,America/New_York,Yahoo Finance
CORT,2026-09-03,110.37999725341797,114.61000061035156,109.43000030517578,112.80000305175781,112.80000305175781,611100,USD,NCM,America/New_York,Yahoo Finance
CORT,2026-09-04,110.58999633789062,112.12999725341797,109.26000213623047,111.62000274658203,111.62000274658203,604500,USD,NCM,America/New_York,Yahoo Finance
CORT,2026-09-08,108.87000274658203,115.27999877929688,108.25,113.9800033569336,113.9800033569336,1045800,USD,NCM,America/New_York,Yahoo Finance
CORT,2026-09-09,114.19999694824219,117.5,113.7699966430664,115.69999694824219,115.69999694824219,572000,USD,NCM,America/New_York,Yahoo Finance
CORT,2026-09-10,114.41999816894531,116.98999786376953,113.19999694824219,114.91999816894531,114.91999816894531,683000,USD,NCM,America/New_York,Yahoo Finance
CORT,2026-09-11,115.22000122070312,117.83999633789062,109.30000305175781,112.79000091552734,112.79000091552734,1282400,USD,NCM,America/New_York,Yahoo Finance
CORT,2026-09-14,113.37999725341797,114.5199966430664,111.0999984741211,111.80000305175781,111.80000305175781,1230700,USD,NCM,America/New_York,Yahoo Finance
CORT,2026-09-15,111.97000122070312,112.80000305175781,109.4000015258789,110.81999969482422,110.81999969482422,1458700,USD,NCM,America/New_York,Yahoo Finance
CORT,2026-09-16,110.81999969482422,113.5999984741211,110.48999786376953,111.80999755859375,111.80999755859375,668600,USD,NCM,America/New_York,Yahoo Finance
CORT,2026-09-17,113.18000030517578,115.08999633789062,111.06999969482422,114.86000061035156,114.86000061035156,883600,USD,NCM,America/New_York,Yahoo Finance
CORT,2026-09-18,116.80000305175781,117.9000015258789,108.41000366210938,110.29000091552734,110.29000091552734,17233200,USD,NCM,America/New_York,Yahoo Finance
CORT,2026-09-21,110.29000091552734,116.6500015258789,109.0,113.76000213623047,113.76000213623047,1347000,USD,NCM,America/New_York,Yahoo Finance
CORT,2026-09-22,113.95999908447266,119.0,113.08999633789062,117.51000213623047,117.51000213623047,810200,USD,NCM,America/New_York,Yahoo Finance
CORT,2026-09-23,117.33000183105469,118.79000091552734,112.05000305175781,112.94000244140625,112.94000244140625,809800,USD,NCM,America/New_York,Yahoo Finance
CORT,2026-09-24,111.86000061035156,119.1500015258789,111.68000030517578,118.51000213623047,118.51000213623047,983600,USD,NCM,America/New_York,Yahoo Finance
CORT,2026-09-25,119.0,120.44000244140625,114.51000213623047,116.0999984741211,116.0999984741211,800800,USD,NCM,America/New_York,Yahoo Finance
CORT,2026-09-28,116.0,117.06999969482422,114.36000061035156,115.62999725341797,115.62999725341797,1149000,USD,NCM,America/New_York,Yahoo Finance
COSO,2026-08-21,27.309999465942383,27.729999542236328,27.100000381469727,27.389999389648438,27.389999389648438,294700,USD,NYQ,America/New_York,Yahoo Finance
COSO,2026-08-24,27.530000686645508,27.989999771118164,27.40999984741211,27.540000915527344,27.540000915527344,60000,USD,NYQ,America/New_York,Yahoo Finance
COSO,2026-08-25,27.520000457763672,27.920000076293945,27.354999542236328,27.540000915527344,27.540000915527344,55000,USD,NYQ,America/New_York,Yahoo Finance
COSO,2026-08-26,27.65999984741211,27.895000457763672,27.295000076293945,27.350000381469727,27.350000381469727,86700,USD,NYQ,America/New_York,Yahoo Finance
COSO,2026-08-27,27.09000015258789,27.510000228881836,27.09000015258789,27.34000015258789,27.34000015258789,77200,USD,NYQ,America/New_York,Yahoo Finance
COSO,2026-08-28,27.40999984741211,27.725000381469727,27.40999984741211,27.489999771118164,27.489999771118164,67300,USD,NYQ,America/New_York,Yahoo Finance
COSO,2026-08-31,27.290000915527344,27.600000381469727,27.219999313354492,27.40999984741211,27.40999984741211,92000,USD,NYQ,America/New_York,Yahoo Finance
COSO,2026-09-01,27.360000610351562,27.5,27.0,27.190000534057617,27.190000534057617,80300,USD,NYQ,America/New_York,Yahoo Finance
COSO,2026-09-02,27.290000915527344,27.579999923706055,27.170000076293945,27.200000762939453,27.200000762939453,151700,USD,NYQ,America/New_York,Yahoo Finance
COSO,2026-09-03,27.31999969482422,27.90999984741211,27.15999984741211,27.700000762939453,27.700000762939453,108200,USD,NYQ,America/New_York,Yahoo Finance
COSO,2026-09-04,27.59000015258789,28.040000915527344,27.59000015258789,27.889999389648438,27.889999389648438,96500,USD,NYQ,America/New_York,Yahoo Finance
COSO,2026-09-08,28.06999969482422,28.06999969482422,27.5,27.770000457763672,27.770000457763672,70000,USD,NYQ,America/New_York,Yahoo Finance
COSO,2026-09-09,27.549999237060547,27.774999618530273,27.15999984741211,27.399999618530273,27.399999618530273,78600,USD,NYQ,America/New_York,Yahoo Finance
COSO,2026-09-10,27.309999465942383,27.639999389648438,27.309999465942383,27.56999969482422,27.56999969482422,96400,USD,NYQ,America/New_York,Yahoo Finance
COSO,2026-09-11,27.579999923706055,27.940000534057617,27.34000015258789,27.479999542236328,27.479999542236328,109300,USD,NYQ,America/New_York,Yahoo Finance
COSO,2026-09-14,27.43000030517578,27.844999313354492,27.424999237060547,27.540000915527344,27.540000915527344,157600,USD,NYQ,America/New_York,Yahoo Finance
COSO,2026-09-15,27.610000610351562,27.780000686645508,27.5,27.6299991607666,27.6299991607666,305100,USD,NYQ,America/New_York,Yahoo Finance
COSO,2026-09-16,27.68000030517578,27.690000534057617,26.90999984741211,27.229999542236328,27.229999542236328,97600,USD,NYQ,America/New_York,Yahoo Finance
COSO,2026-09-17,27.280000686645508,27.43000030517578,27.15999984741211,27.25,27.25,229200,USD,NYQ,America/New_York,Yahoo Finance
COSO,2026-09-18,27.200000762939453,27.489999771118164,26.739999771118164,26.90999984741211,26.90999984741211,292500,USD,NYQ,America/New_York,Yahoo Finance
COSO,2026-09-21,26.920000076293945,27.549999237060547,26.600000381469727,26.739999771118164,26.739999771118164,136200,USD,NYQ,America/New_York,Yahoo Finance
COSO,2026-09-22,26.809999465942383,27.075000762939453,26.600000381469727,26.65999984741211,26.65999984741211,113300,USD,NYQ,America/New_York,Yahoo Finance
COSO,2026-09-23,26.59000015258789,26.774999618530273,26.200000762939453,26.309999465942383,26.309999465942383,112100,USD,NYQ,America/New_York,Yahoo Finance
COSO,2026-09-24,26.360000610351562,26.579999923706055,26.260000228881836,26.56999969482422,26.56999969482422,112300,USD,NYQ,America/New_York,Yahoo Finance
COSO,2026-09-25,26.690000534057617,26.989999771118164,26.600000381469727,26.610000610351562,26.610000610351562,106300,USD,NYQ,America/New_York,Yahoo Finance
COSO,2026-09-28,26.639999389648438,26.75,26.479999542236328,26.559999465942383,26.559999465942383,131000,USD,NYQ,America/New_York,Yahoo Finance
COSO,2026-09-29,26.540000915527344,26.81999969482422,26.014999389648438,26.329999923706055,26.329999923706055,139100,USD,NYQ,America/New_York,Yahoo Finance
COSO,2026-09-30,26.360000610351562,26.670000076293945,26.020000457763672,26.219999313354492,26.219999313354492,103800,USD,NYQ,America/New_York,Yahoo Finance
COSO,2026-10-01,26.139999389648438,26.524999618530273,25.979999542236328,26.389999389648438,26.389999389648438,104800,USD,NYQ,America/New_York,Yahoo Finance
COSO,2026-10-02,26.65999984741211,27.209999084472656,26.65999984741211,26.979999542236328,26.979999542236328,297600,USD,NYQ,America/New_York,Yahoo Finance
COUR,2026-08-17,5.710000038146973,5.849999904632568,5.53000020980835,5.539999961853027,5.539999961853027,4928800,USD,NYQ,America/New_York,Yahoo Finance
COUR,2026-08-18,5.699999809265137,5.764999866485596,5.659999847412109,5.690000057220459,5.690000057220459,4764300,USD,NYQ,America/New_York,Yahoo Finance
COUR,2026-08-19,5.599999904632568,5.880000114440918,5.599999904632568,5.849999904632568,5.849999904632568,3397600,USD,NYQ,America/New_York,Yahoo Finance
COUR,2026-08-20,5.880000114440918,5.909999847412109,5.755000114440918,5.849999904632568,5.849999904632568,2780000,USD,NYQ,America/New_York,Yahoo Finance
COUR,2026-08-21,5.849999904632568,6.109000205993652,5.784999847412109,6.0,6.0,3736100,USD,NYQ,America/New_York,Yahoo Finance
COUR,2026-08-24,6.0,6.210000038146973,5.925000190734863,6.019999980926514,6.019999980926514,4449900,USD,NYQ,America/New_York,Yahoo Finance
COUR,2026-08-25,6.0,6.230000019073486,5.96999979019165,6.190000057220459,6.190000057220459,4286500,USD,NYQ,America/New_York,Yahoo Finance
COUR,2026-08-26,6.090000152587891,6.125,5.960000038146973,6.059999942779541,6.059999942779541,4922300,USD,NYQ,America/New_York,Yahoo Finance
COUR,2026-08-27,6.059999942779541,6.434999942779541,6.050000190734863,6.389999866485596,6.389999866485596,5294700,USD,NYQ,America/New_York,Yahoo Finance
COUR,2026-08-28,6.46999979019165,6.635000228881836,6.400000095367432,6.46999979019165,6.46999979019165,4834600,USD,NYQ,America/New_York,Yahoo Finance
COUR,2026-08-31,6.400000095367432,6.599999904632568,6.309999942779541,6.519999980926514,6.519999980926514,5447000,USD,NYQ,America/New_York,Yahoo Finance
COUR,2026-09-01,6.420000076293945,6.454999923706055,6.159999847412109,6.179999828338623,6.179999828338623,3747300,USD,NYQ,America/New_York,Yahoo Finance
COUR,2026-09-02,6.159999847412109,6.313000202178955,6.09499979019165,6.110000133514404,6.110000133514404,3939500,USD,NYQ,America/New_York,Yahoo Finance
COUR,2026-09-03,6.210000038146973,6.28000020980835,5.940000057220459,6.010000228881836,6.010000228881836,4463800,USD,NYQ,America/New_York,Yahoo Finance
COUR,2026-09-04,5.929999828338623,5.965000152587891,5.75,5.800000190734863,5.800000190734863,4649600,USD,NYQ,America/New_York,Yahoo Finance
COUR,2026-09-08,5.78000020980835,5.800000190734863,5.559999942779541,5.570000171661377,5.570000171661377,4200900,USD,NYQ,America/New_York,Yahoo Finance
COUR,2026-09-09,5.570000171661377,5.579999923706055,5.300000190734863,5.300000190734863,5.300000190734863,4159200,USD,NYQ,America/New_York,Yahoo Finance
COUR,2026-09-10,5.260000228881836,5.389999866485596,5.21999979019165,5.230000019073486,5.230000019073486,4735200,USD,NYQ,America/New_York,Yahoo Finance
COUR,2026-09-11,5.25,5.349999904632568,5.190000057220459,5.21999979019165,5.21999979019165,3912400,USD,NYQ,America/New_York,Yahoo Finance
COUR,2026-09-14,5.360000133514404,5.429999828338623,5.289999961853027,5.420000076293945,5.420000076293945,5491700,USD,NYQ,America/New_York,Yahoo Finance
COUR,2026-09-15,5.340000152587891,5.440000057220459,5.28000020980835,5.28000020980835,5.28000020980835,4335100,USD,NYQ,America/New_York,Yahoo Finance
COUR,2026-09-16,5.329999923706055,5.329999923706055,5.139999866485596,5.239999771118164,5.239999771118164,5167500,USD,NYQ,America/New_York,Yahoo Finance
COUR,2026-09-17,5.269999980926514,5.289999961853027,5.114999771118164,5.150000095367432,5.150000095367432,4683200,USD,NYQ,America/New_York,Yahoo Finance
COUR,2026-09-18,5.139999866485596,5.175000190734863,5.019999980926514,5.039999961853027,5.039999961853027,6673300,USD,NYQ,America/New_York,Yahoo Finance
COUR,2026-09-21,5.039999961853027,5.190000057220459,4.980000019073486,5.159999847412109,5.159999847412109,6536600,USD,NYQ,America/New_York,Yahoo Finance
COUR,2026-09-22,5.239999771118164,5.300000190734863,5.110000133514404,5.139999866485596,5.139999866485596,7602200,USD,NYQ,America/New_York,Yahoo Finance
COUR,2026-09-23,5.139999866485596,5.195000171661377,5.059999942779541,5.119999885559082,5.119999885559082,4646600,USD,NYQ,America/New_York,Yahoo Finance
COUR,2026-09-24,5.159999847412109,5.289999961853027,5.059999942779541,5.059999942779541,5.059999942779541,4728700,USD,NYQ,America/New_York,Yahoo Finance
COUR,2026-09-25,5.039999961853027,5.139999866485596,4.954999923706055,5.050000190734863,5.050000190734863,14179800,USD,NYQ,America/New_York,Yahoo Finance
COUR,2026-09-28,4.949999809265137,4.96999979019165,4.59499979019165,4.639999866485596,4.639999866485596,10042000,USD,NYQ,America/New_York,Yahoo Finance
CPB,2026-08-17,23.1200008392334,23.299999237060547,22.670000076293945,22.68000030517578,22.68000030517578,4292200,USD,NMS,America/New_York,Yahoo Finance
CPB,2026-08-18,22.920000076293945,23.040000915527344,22.75,22.860000610351562,22.860000610351562,3925000,USD,NMS,America/New_York,Yahoo Finance
CPB,2026-08-19,22.84000015258789,24.260000228881836,22.84000015258789,23.809999465942383,23.809999465942383,12085000,USD,NMS,America/New_York,Yahoo Finance
CPB,2026-08-20,23.440000534057617,23.84000015258789,22.889999389648438,23.770000457763672,23.770000457763672,10127700,USD,NMS,America/New_York,Yahoo Finance
CPB,2026-08-21,23.700000762939453,24.15999984741211,23.59000015258789,23.950000762939453,23.950000762939453,5265300,USD,NMS,America/New_York,Yahoo Finance
CPB,2026-08-24,24.06999969482422,24.260000228881836,23.860000610351562,24.15999984741211,24.15999984741211,5963200,USD,NMS,America/New_York,Yahoo Finance
CPB,2026-08-25,24.09000015258789,24.18000030517578,23.309999465942383,23.469999313354492,23.469999313354492,4593100,USD,NMS,America/New_York,Yahoo Finance
CPB,2026-08-26,23.420000076293945,23.739999771118164,23.209999084472656,23.229999542236328,23.229999542236328,4641800,USD,NMS,America/New_York,Yahoo Finance
CPB,2026-08-27,23.010000228881836,23.459999084472656,22.889999389648438,23.280000686645508,23.280000686645508,3465000,USD,NMS,America/New_York,Yahoo Finance
CPB,2026-08-28,23.31999969482422,23.59000015258789,23.229999542236328,23.389999389648438,23.389999389648438,3513200,USD,NMS,America/New_York,Yahoo Finance
CPB,2026-08-31,23.329999923706055,23.790000915527344,23.239999771118164,23.68000030517578,23.68000030517578,6556700,USD,NMS,America/New_York,Yahoo Finance
CPB,2026-09-01,23.729999542236328,24.15999984741211,23.649999618530273,23.709999084472656,23.709999084472656,6516400,USD,NMS,America/New_York,Yahoo Finance
CPB,2026-09-02,23.799999237060547,24.1299991607666,23.719999313354492,23.780000686645508,23.780000686645508,6883600,USD,NMS,America/New_York,Yahoo Finance
CPB,2026-09-03,22.31999969482422,22.610000610351562,21.149999618530273,22.1299991607666,22.1299991607666,37457700,USD,NMS,America/New_York,Yahoo Finance
CPB,2026-09-04,22.100000381469727,22.170000076293945,21.030000686645508,21.3799991607666,21.3799991607666,14733700,USD,NMS,America/New_York,Yahoo Finance
CPB,2026-09-08,21.299999237060547,21.90999984741211,20.690000534057617,21.760000228881836,21.760000228881836,11108200,USD,NMS,America/New_York,Yahoo Finance
CPB,2026-09-09,21.670000076293945,22.1299991607666,21.530000686645508,21.8799991607666,21.8799991607666,7737300,USD,NMS,America/New_York,Yahoo Finance
CPB,2026-09-10,21.8799991607666,21.899999618530273,20.799999237060547,20.940000534057617,20.940000534057617,9274400,USD,NMS,America/New_York,Yahoo Finance
CPB,2026-09-11,21.059999465942383,21.329999923706055,20.889999389648438,21.0,21.0,8315100,USD,NMS,America/New_York,Yahoo Finance
CPB,2026-09-14,21.200000762939453,21.600000381469727,21.149999618530273,21.25,21.25,5734400,USD,NMS,America/New_York,Yahoo Finance
CPB,2026-09-15,21.270000457763672,21.389999389648438,21.010000228881836,21.360000610351562,21.360000610351562,4956600,USD,NMS,America/New_York,Yahoo Finance
CPB,2026-09-16,21.360000610351562,21.790000915527344,21.350000381469727,21.389999389648438,21.389999389648438,8615600,USD,NMS,America/New_York,Yahoo Finance
CPB,2026-09-17,21.649999618530273,21.829999923706055,21.15999984741211,21.18000030517578,21.18000030517578,4068400,USD,NMS,America/New_York,Yahoo Finance
CPB,2026-09-18,21.299999237060547,21.299999237060547,20.649999618530273,20.690000534057617,20.690000534057617,7825900,USD,NMS,America/New_York,Yahoo Finance
CPB,2026-09-21,20.649999618530273,20.790000915527344,19.81999969482422,19.93000030517578,19.93000030517578,9482300,USD,NMS,America/New_York,Yahoo Finance
CPB,2026-09-22,20.139999389648438,20.559999465942383,20.0,20.209999084472656,20.209999084472656,6436300,USD,NMS,America/New_York,Yahoo Finance
CPB,2026-09-23,20.360000610351562,20.5,20.030000686645508,20.34000015258789,20.34000015258789,6079200,USD,NMS,America/New_York,Yahoo Finance
CPB,2026-09-24,20.479999542236328,20.5,19.790000915527344,19.850000381469727,19.850000381469727,5059800,USD,NMS,America/New_York,Yahoo Finance
CPB,2026-09-25,19.850000381469727,19.940000534057617,19.260000228881836,19.3700008392334,19.3700008392334,7909100,USD,NMS,America/New_York,Yahoo Finance
CPB,2026-09-28,19.309999465942383,20.079999923706055,19.299999237060547,20.040000915527344,20.040000915527344,7296200,USD,NMS,America/New_York,Yahoo Finance
CPRT,2026-08-17,31.329999923706055,32.150001525878906,31.280000686645508,31.700000762939453,31.700000762939453,19659200,USD,NMS,America/New_York,Yahoo Finance
CPRT,2026-08-18,32.02000045776367,33.54999923706055,30.899999618530273,31.510000228881836,31.510000228881836,17667600,USD,NMS,America/New_York,Yahoo Finance
CPRT,2026-08-19,31.639999389648438,33.880001068115234,31.549999237060547,33.849998474121094,33.849998474121094,13729500,USD,NMS,America/New_York,Yahoo Finance
CPRT,2026-08-20,33.4900016784668,34.630001068115234,33.41999816894531,34.33000183105469,34.33000183105469,10797300,USD,NMS,America/New_York,Yahoo Finance
CPRT,2026-08-21,34.47999954223633,34.599998474121094,33.779998779296875,33.79999923706055,33.79999923706055,11079600,USD,NMS,America/New_York,Yahoo Finance
CPRT,2026-08-24,34.040000915527344,34.08000183105469,33.150001525878906,33.2599983215332,33.2599983215332,8497200,USD,NMS,America/New_York,Yahoo Finance
CPRT,2026-08-25,32.79999923706055,33.5,32.220001220703125,33.33000183105469,33.33000183105469,9980600,USD,NMS,America/New_York,Yahoo Finance
CPRT,2026-08-26,33.0,33.41999816894531,32.650001525878906,32.66999816894531,32.66999816894531,5403300,USD,NMS,America/New_York,Yahoo Finance
CPRT,2026-08-27,32.43000030517578,32.959999084472656,32.38999938964844,32.7599983215332,32.7599983215332,7715500,USD,NMS,America/New_York,Yahoo Finance
CPRT,2026-08-28,32.86000061035156,33.25,32.84000015258789,32.9900016784668,32.9900016784668,6772000,USD,NMS,America/New_York,Yahoo Finance
CPRT,2026-08-31,32.959999084472656,33.47999954223633,32.7599983215332,32.9900016784668,32.9900016784668,9723100,USD,NMS,America/New_York,Yahoo Finance
CPRT,2026-09-01,32.7400016784668,32.86000061035156,32.27000045776367,32.470001220703125,32.470001220703125,5552600,USD,NMS,America/New_York,Yahoo Finance
CPRT,2026-09-02,32.380001068115234,32.4900016784668,31.889999389648438,32.15999984741211,32.15999984741211,6512200,USD,NMS,America/New_York,Yahoo Finance
CPRT,2026-09-03,33.52000045776367,34.439998626708984,32.939998626708984,33.58000183105469,33.58000183105469,8396900,USD,NMS,America/New_York,Yahoo Finance
CPRT,2026-09-04,33.33000183105469,33.90999984741211,33.0099983215332,33.720001220703125,33.720001220703125,6588900,USD,NMS,America/New_York,Yahoo Finance
CPRT,2026-09-08,33.16999816894531,33.529998779296875,32.400001525878906,32.599998474121094,32.599998474121094,7170800,USD,NMS,America/New_York,Yahoo Finance
CPRT,2026-09-09,32.36000061035156,32.5,31.739999771118164,32.029998779296875,32.029998779296875,7688500,USD,NMS,America/New_York,Yahoo Finance
CPRT,2026-09-10,31.90999984741211,32.2599983215332,30.540000915527344,30.75,30.75,15203700,USD,NMS,America/New_York,Yahoo Finance
CPRT,2026-09-11,32.0099983215332,32.04999923706055,29.579999923706055,29.950000762939453,29.950000762939453,21854400,USD,NMS,America/New_York,Yahoo Finance
CPRT,2026-09-14,30.6299991607666,31.829999923706055,30.25,31.729999542236328,31.729999542236328,11283800,USD,NMS,America/New_York,Yahoo Finance
CPRT,2026-09-15,31.549999237060547,31.829999923706055,30.989999771118164,31.040000915527344,31.040000915527344,7434100,USD,NMS,America/New_York,Yahoo Finance
CPRT,2026-09-16,30.56999969482422,30.959999084472656,30.469999313354492,30.81999969482422,30.81999969482422,7486200,USD,NMS,America/New_York,Yahoo Finance
CPRT,2026-09-17,30.799999237060547,30.799999237060547,29.450000762939453,29.65999984741211,29.65999984741211,9308100,USD,NMS,America/New_York,Yahoo Finance
CPRT,2026-09-18,29.639999389648438,29.639999389648438,29.170000076293945,29.280000686645508,29.280000686645508,25589200,USD,NMS,America/New_York,Yahoo Finance
CPRT,2026-09-21,29.190000534057617,29.309999465942383,28.709999084472656,28.90999984741211,28.90999984741211,11103700,USD,NMS,America/New_York,Yahoo Finance
CPRT,2026-09-22,29.299999237060547,29.3700008392334,28.700000762939453,28.799999237060547,28.799999237060547,8778400,USD,NMS,America/New_York,Yahoo Finance
CPRT,2026-09-23,28.760000228881836,28.8700008392334,28.31999969482422,28.8700008392334,28.8700008392334,11025600,USD,NMS,America/New_York,Yahoo Finance
CPRT,2026-09-24,28.780000686645508,28.8799991607666,28.0,28.040000915527344,28.040000915527344,8375200,USD,NMS,America/New_York,Yahoo Finance
CPRT,2026-09-25,27.8799991607666,27.989999771118164,27.540000915527344,27.59000015258789,27.59000015258789,10902500,USD,NMS,America/New_York,Yahoo Finance
CPRT,2026-09-28,27.450000762939453,27.549999237060547,27.110000610351562,27.219999313354492,27.219999313354492,8004000,USD,NMS,America/New_York,Yahoo Finance
CRCL,2026-08-17,71.20500183105469,75.66999816894531,70.72699737548828,74.58999633789062,74.58999633789062,9772500,USD,NYQ,America/New_York,Yahoo Finance
CRCL,2026-08-18,72.80999755859375,74.22000122070312,71.41000366210938,71.7300033569336,71.7300033569336,9000500,USD,NYQ,America/New_York,Yahoo Finance
CRCL,2026-08-19,73.76499938964844,81.22000122070312,73.69000244140625,78.58999633789062,78.58999633789062,23236800,USD,NYQ,America/New_York,Yahoo Finance
CRCL,2026-08-20,82.98999786376953,85.27999877929688,79.5,83.66000366210938,83.66000366210938,22190600,USD,NYQ,America/New_York,Yahoo Finance
CRCL,2026-08-21,87.9800033569336,92.97000122070312,86.36000061035156,87.9800033569336,87.9800033569336,26018000,USD,NYQ,America/New_York,Yahoo Finance
CRCL,2026-08-24,89.93000030517578,92.30699920654297,86.63999938964844,87.72000122070312,87.72000122070312,17470100,USD,NYQ,America/New_York,Yahoo Finance
CRCL,2026-08-25,84.7300033569336,93.44999694824219,84.25,92.0199966430664,92.0199966430664,18132200,USD,NYQ,America/New_York,Yahoo Finance
CRCL,2026-08-26,89.70999908447266,92.95600128173828,87.0199966430664,89.91000366210938,89.91000366210938,15275100,USD,NYQ,America/New_York,Yahoo Finance
CRCL,2026-08-27,92.1500015258789,96.23899841308594,90.3499984741211,94.23999786376953,94.23999786376953,14319000,USD,NYQ,America/New_York,Yahoo Finance
CRCL,2026-08-28,92.61000061035156,93.95800018310547,86.91000366210938,87.13999938964844,87.13999938964844,14725900,USD,NYQ,America/New_York,Yahoo Finance
CRCL,2026-08-31,87.04000091552734,96.4000015258789,86.41999816894531,95.55000305175781,95.55000305175781,19885800,USD,NYQ,America/New_York,Yahoo Finance
CRCL,2026-09-01,92.125,93.30000305175781,88.11000061035156,89.4800033569336,89.4800033569336,13697600,USD,NYQ,America/New_York,Yahoo Finance
CRCL,2026-09-02,87.75499725341797,89.68000030517578,85.87000274658203,88.63999938964844,88.63999938964844,8368600,USD,NYQ,America/New_York,Yahoo Finance
CRCL,2026-09-03,92.07499694824219,103.27999877929688,91.69999694824219,103.2300033569336,103.2300033569336,24733900,USD,NYQ,America/New_York,Yahoo Finance
CRCL,2026-09-04,97.9800033569336,102.78500366210938,97.0999984741211,102.05000305175781,102.05000305175781,14220000,USD,NYQ,America/New_York,Yahoo Finance
CRCL,2026-09-08,100.6500015258789,100.80000305175781,95.8499984741211,96.18000030517578,96.18000030517578,12927000,USD,NYQ,America/New_York,Yahoo Finance
CRCL,2026-09-09,98.90499877929688,98.90499877929688,92.80999755859375,92.98999786376953,92.98999786376953,9368800,USD,NYQ,America/New_York,Yahoo Finance
CRCL,2026-09-10,90.0,92.95999908447266,89.5,90.31999969482422,90.31999969482422,8343300,USD,NYQ,America/New_York,Yahoo Finance
CRCL,2026-09-11,92.0,95.80000305175781,90.13999938964844,90.5999984741211,90.5999984741211,10404700,USD,NYQ,America/New_York,Yahoo Finance
CRCL,2026-09-14,92.1050033569336,97.75,92.0,97.41999816894531,97.41999816894531,16955600,USD,NYQ,America/New_York,Yahoo Finance
CRCL,2026-09-15,92.30000305175781,93.29000091552734,84.80000305175781,86.30000305175781,86.30000305175781,23093100,USD,NYQ,America/New_York,Yahoo Finance
CRCL,2026-09-16,85.71499633789062,85.95999908447266,78.26000213623047,80.44999694824219,80.44999694824219,25812600,USD,NYQ,America/New_York,Yahoo Finance
CRCL,2026-09-17,83.0,85.94999694824219,81.51000213623047,85.08999633789062,85.08999633789062,14259300,USD,NYQ,America/New_York,Yahoo Finance
CRCL,2026-09-18,87.40499877929688,92.5530014038086,87.0199966430664,91.77999877929688,91.77999877929688,30537000,USD,NYQ,America/New_York,Yahoo Finance
CRCL,2026-09-21,98.08999633789062,99.97000122070312,93.12000274658203,94.48999786376953,94.48999786376953,16512400,USD,NYQ,America/New_York,Yahoo Finance
CRCL,2026-09-22,96.9800033569336,97.55999755859375,93.05000305175781,94.58999633789062,94.58999633789062,12448000,USD,NYQ,America/New_York,Yahoo Finance
CRCL,2026-09-23,93.0199966430664,97.44999694824219,91.52999877929688,91.72000122070312,91.72000122070312,10945800,USD,NYQ,America/New_York,Yahoo Finance
CRCL,2026-09-24,91.40499877929688,95.38999938964844,90.33000183105469,93.0,93.0,12422900,USD,NYQ,America/New_York,Yahoo Finance
CRCL,2026-09-25,92.0,92.20999908447266,87.58999633789062,89.0,89.0,11210900,USD,NYQ,America/New_York,Yahoo Finance
CRCL,2026-09-28,86.99500274658203,88.33999633789062,84.81999969482422,85.80000305175781,85.80000305175781,9731300,USD,NYQ,America/New_York,Yahoo Finance
CRGY,2026-08-17,12.170000076293945,12.699999809265137,12.050000190734863,12.6899995803833,12.6899995803833,4110100,USD,NYQ,America/New_York,Yahoo Finance
CRGY,2026-08-18,12.899999618530273,12.949999809265137,12.649999618530273,12.949999809265137,12.949999809265137,6308600,USD,NYQ,America/New_York,Yahoo Finance
CRGY,2026-08-19,13.050000190734863,13.430000305175781,13.050000190734863,13.430000305175781,13.430000305175781,6299400,USD,NYQ,America/New_York,Yahoo Finance
CRGY,2026-08-20,13.6899995803833,13.975000381469727,13.470000267028809,13.8100004196167,13.8100004196167,6391500,USD,NYQ,America/New_York,Yahoo Finance
CRGY,2026-08-21,13.850000381469727,14.119999885559082,13.760000228881836,14.0600004196167,14.0600004196167,5276200,USD,NYQ,America/New_York,Yahoo Finance
CRGY,2026-08-24,13.850000381469727,13.9399995803833,13.479999542236328,13.850000381469727,13.850000381469727,4529200,USD,NYQ,America/New_York,Yahoo Finance
CRGY,2026-08-25,13.430000305175781,13.640000343322754,13.345000267028809,13.449999809265137,13.449999809265137,4168100,USD,NYQ,America/New_York,Yahoo Finance
CRGY,2026-08-26,13.199999809265137,13.53499984741211,13.071000099182129,13.369999885559082,13.369999885559082,4034000,USD,NYQ,America/New_York,Yahoo Finance
CRGY,2026-08-27,13.319999694824219,13.760000228881836,13.1899995803833,13.649999618530273,13.649999618530273,4478800,USD,NYQ,America/New_York,Yahoo Finance
CRGY,2026-08-28,13.649999618530273,13.755000114440918,13.390000343322754,13.539999961853027,13.539999961853027,3666700,USD,NYQ,America/New_York,Yahoo Finance
CRGY,2026-08-31,13.920000076293945,14.020000457763672,13.600000381469727,13.6899995803833,13.6899995803833,3700400,USD,NYQ,America/New_York,Yahoo Finance
CRGY,2026-09-01,14.0,14.09000015258789,13.800000190734863,14.069999694824219,14.069999694824219,6266500,USD,NYQ,America/New_York,Yahoo Finance
CRGY,2026-09-02,13.960000038146973,14.53499984741211,13.902000427246094,14.270000457763672,14.270000457763672,6212000,USD,NYQ,America/New_York,Yahoo Finance
CRGY,2026-09-03,14.130000114440918,14.244999885559082,13.90999984741211,13.960000038146973,13.960000038146973,6339800,USD,NYQ,America/New_York,Yahoo Finance
CRGY,2026-09-04,13.850000381469727,13.899999618530273,13.585000038146973,13.770000457763672,13.770000457763672,4402700,USD,NYQ,America/New_York,Yahoo Finance
CRGY,2026-09-08,14.25,14.399999618530273,14.050000190734863,14.1899995803833,14.1899995803833,7479200,USD,NYQ,America/New_York,Yahoo Finance
CRGY,2026-09-09,14.449999809265137,14.470000267028809,14.170000076293945,14.239999771118164,14.239999771118164,6221500,USD,NYQ,America/New_York,Yahoo Finance
CRGY,2026-09-10,14.600000381469727,14.600000381469727,14.104999542236328,14.40999984741211,14.40999984741211,6390500,USD,NYQ,America/New_York,Yahoo Finance
CRGY,2026-09-11,14.300000190734863,14.670000076293945,14.300000190734863,14.65999984741211,14.65999984741211,5396800,USD,NYQ,America/New_York,Yahoo Finance
CRGY,2026-09-14,14.989999771118164,15.039999961853027,14.529999732971191,14.59000015258789,14.59000015258789,6065000,USD,NYQ,America/New_York,Yahoo Finance
CRGY,2026-09-15,14.8100004196167,15.470000267028809,14.75,15.369999885559082,15.369999885559082,7056900,USD,NYQ,America/New_York,Yahoo Finance
CRGY,2026-09-16,15.114999771118164,15.1899995803833,14.34000015258789,14.399999618530273,14.399999618530273,9478200,USD,NYQ,America/New_York,Yahoo Finance
CRGY,2026-09-17,14.40999984741211,14.614999771118164,14.074999809265137,14.109999656677246,14.109999656677246,6748100,USD,NYQ,America/New_York,Yahoo Finance
CRGY,2026-09-18,14.020000457763672,14.199999809265137,13.864999771118164,13.899999618530273,13.899999618530273,20484300,USD,NYQ,America/New_York,Yahoo Finance
CRGY,2026-09-21,13.619999885559082,13.654999732971191,13.210000038146973,13.260000228881836,13.260000228881836,5392100,USD,NYQ,America/New_York,Yahoo Finance
CRGY,2026-09-22,13.079999923706055,13.420000076293945,12.949999809265137,13.010000228881836,13.010000228881836,7017100,USD,NYQ,America/New_York,Yahoo Finance
CRGY,2026-09-23,13.175000190734863,13.460000038146973,13.020000457763672,13.180000305175781,13.180000305175781,5871300,USD,NYQ,America/New_York,Yahoo Finance
CRGY,2026-09-24,13.300000190734863,13.6899995803833,13.25,13.420000076293945,13.420000076293945,5816500,USD,NYQ,America/New_York,Yahoo Finance
CRGY,2026-09-25,13.15999984741211,13.324999809265137,13.109999656677246,13.149999618530273,13.149999618530273,4534900,USD,NYQ,America/New_York,Yahoo Finance
CRGY,2026-09-28,13.34000015258789,13.350000381469727,12.9350004196167,12.979999542236328,12.979999542236328,5673300,USD,NYQ,America/New_York,Yahoo Finance
CRS,2026-08-17,546.780029296875,546.9299926757812,536.0700073242188,542.3800048828125,542.1526489257812,427400,USD,NYQ,America/New_York,Yahoo Finance
CRS,2026-08-18,531.4600219726562,537.1599731445312,520.25,531.9600219726562,531.7369995117188,480100,USD,NYQ,America/New_York,Yahoo Finance
CRS,2026-08-19,534.010009765625,534.010009765625,505.4200134277344,509.9599914550781,509.7462158203125,505900,USD,NYQ,America/New_York,Yahoo Finance
CRS,2026-08-20,504.6000061035156,508.54998779296875,483.2300109863281,489.0799865722656,488.8749694824219,834700,USD,NYQ,America/New_York,Yahoo Finance
CRS,2026-08-21,493.17999267578125,495.510009765625,484.0,492.3800048828125,492.1736145019531,615700,USD,NYQ,America/New_York,Yahoo Finance
CRS,2026-08-24,489.4200134277344,489.6099853515625,471.07000732421875,477.1000061035156,476.8999938964844,761800,USD,NYQ,America/New_York,Yahoo Finance
CRS,2026-08-25,490.2699890136719,490.2900085449219,479.42999267578125,486.0899963378906,486.0899963378906,757200,USD,NYQ,America/New_York,Yahoo Finance
CRS,2026-08-26,490.489990234375,493.4100036621094,476.30999755859375,483.70001220703125,483.70001220703125,480000,USD,NYQ,America/New_York,Yahoo Finance
CRS,2026-08-27,486.1400146484375,495.989990234375,482.6700134277344,490.5799865722656,490.5799865722656,555100,USD,NYQ,America/New_York,Yahoo Finance
CRS,2026-08-28,489.739990234375,490.1600036621094,476.0400085449219,476.42999267578125,476.42999267578125,393400,USD,NYQ,America/New_York,Yahoo Finance
CRS,2026-08-31,477.42999267578125,481.1700134277344,465.0199890136719,476.4200134277344,476.4200134277344,4021100,USD,NYQ,America/New_York,Yahoo Finance
CRS,2026-09-01,473.0199890136719,476.3599853515625,466.05999755859375,473.05999755859375,473.05999755859375,648000,USD,NYQ,America/New_York,Yahoo Finance
CRS,2026-09-02,474.2300109863281,474.9599914550781,456.8699951171875,460.9700012207031,460.9700012207031,1094400,USD,NYQ,America/New_York,Yahoo Finance
CRS,2026-09-03,461.4200134277344,476.3900146484375,458.1300048828125,467.4800109863281,467.4800109863281,490600,USD,NYQ,America/New_York,Yahoo Finance
CRS,2026-09-04,464.25,480.3699951171875,463.739990234375,475.3299865722656,475.3299865722656,445100,USD,NYQ,America/New_York,Yahoo Finance
CRS,2026-09-08,470.1700134277344,470.3999938964844,456.07000732421875,458.55999755859375,458.55999755859375,638900,USD,NYQ,America/New_York,Yahoo Finance
CRS,2026-09-09,455.92999267578125,462.7799987792969,450.4100036621094,458.45001220703125,458.45001220703125,404900,USD,NYQ,America/New_York,Yahoo Finance
CRS,2026-09-10,450.4100036621094,458.3800048828125,446.45001220703125,448.25,448.25,331200,USD,NYQ,America/New_York,Yahoo Finance
CRS,2026-09-11,455.29998779296875,457.42999267578125,441.8800048828125,443.19000244140625,443.19000244140625,403200,USD,NYQ,America/New_York,Yahoo Finance
CRS,2026-09-14,431.3299865722656,431.3299865722656,418.2699890136719,420.3800048828125,420.3800048828125,683800,USD,NYQ,America/New_York,Yahoo Finance
CRS,2026-09-15,426.04998779296875,428.20001220703125,405.8299865722656,415.32000732421875,415.32000732421875,951800,USD,NYQ,America/New_York,Yahoo Finance
CRS,2026-09-16,420.2699890136719,423.8900146484375,409.1499938964844,411.79998779296875,411.79998779296875,768300,USD,NYQ,America/New_York,Yahoo Finance
CRS,2026-09-17,421.8800048828125,422.07000732421875,395.0,406.7099914550781,406.7099914550781,974300,USD,NYQ,America/New_York,Yahoo Finance
CRS,2026-09-18,409.2799987792969,411.739990234375,399.0799865722656,408.1199951171875,408.1199951171875,1434000,USD,NYQ,America/New_York,Yahoo Finance
CRS,2026-09-21,409.7200012207031,410.2099914550781,400.1499938964844,402.8999938964844,402.8999938964844,694800,USD,NYQ,America/New_York,Yahoo Finance
CRS,2026-09-22,401.1300048828125,404.0,395.3299865722656,400.0199890136719,400.0199890136719,599500,USD,NYQ,America/New_York,Yahoo Finance
CRS,2026-09-23,397.0,400.19000244140625,392.19000244140625,395.0299987792969,395.0299987792969,951400,USD,NYQ,America/New_York,Yahoo Finance
CRS,2026-09-24,391.2099914550781,402.5299987792969,386.510009765625,400.8500061035156,400.8500061035156,656000,USD,NYQ,America/New_York,Yahoo Finance
CRS,2026-09-25,399.2799987792969,399.82000732421875,388.6000061035156,396.8399963378906,396.8399963378906,682700,USD,NYQ,America/New_York,Yahoo Finance
CRS,2026-09-28,390.989990234375,392.3299865722656,382.1099853515625,385.29998779296875,385.29998779296875,637800,USD,NYQ,America/New_York,Yahoo Finance
CSBR,2026-08-21,5.239999771118164,5.239999771118164,4.909999847412109,4.960000038146973,4.960000038146973,8200,USD,NCM,America/New_York,Yahoo Finance
CSBR,2026-08-24,5.070000171661377,5.139999866485596,4.860000133514404,4.96999979019165,4.96999979019165,9300,USD,NCM,America/New_York,Yahoo Finance
CSBR,2026-08-25,4.909999847412109,4.980000019073486,4.909999847412109,4.980000019073486,4.980000019073486,2400,USD,NCM,America/New_York,Yahoo Finance
CSBR,2026-08-26,4.940000057220459,4.949999809265137,4.849999904632568,4.920000076293945,4.920000076293945,4400,USD,NCM,America/New_York,Yahoo Finance
CSBR,2026-08-27,4.900000095367432,5.019999980926514,4.869999885559082,5.019999980926514,5.019999980926514,4400,USD,NCM,America/New_York,Yahoo Finance
CSBR,2026-08-28,5.099999904632568,5.099999904632568,4.929999828338623,4.929999828338623,4.929999828338623,5100,USD,NCM,America/New_York,Yahoo Finance
CSBR,2026-08-31,5.019999980926514,5.019999980926514,4.96999979019165,5.0,5.0,700,USD,NCM,America/New_York,Yahoo Finance
CSBR,2026-09-01,5.059999942779541,5.059999942779541,5.0,5.0,5.0,2000,USD,NCM,America/New_York,Yahoo Finance
CSBR,2026-09-02,5.150000095367432,5.239999771118164,5.0,5.150000095367432,5.150000095367432,9200,USD,NCM,America/New_York,Yahoo Finance
CSBR,2026-09-03,5.28000020980835,5.510000228881836,5.159999847412109,5.28000020980835,5.28000020980835,11800,USD,NCM,America/New_York,Yahoo Finance
CSBR,2026-09-04,5.28000020980835,5.409999847412109,5.059999942779541,5.21999979019165,5.21999979019165,10900,USD,NCM,America/New_York,Yahoo Finance
CSBR,2026-09-08,5.110000133514404,5.210000038146973,5.050000190734863,5.050000190734863,5.050000190734863,15300,USD,NCM,America/New_York,Yahoo Finance
CSBR,2026-09-09,4.949999809265137,5.150000095367432,4.849999904632568,5.010000228881836,5.010000228881836,28800,USD,NCM,America/New_York,Yahoo Finance
CSBR,2026-09-10,5.190000057220459,5.269999980926514,5.050000190734863,5.099999904632568,5.099999904632568,14400,USD,NCM,America/New_York,Yahoo Finance
CSBR,2026-09-11,5.170000076293945,5.230000019073486,5.0,5.099999904632568,5.099999904632568,10100,USD,NCM,America/New_York,Yahoo Finance
CSBR,2026-09-14,5.0,5.010000228881836,4.920000076293945,4.920000076293945,4.920000076293945,1800,USD,NCM,America/New_York,Yahoo Finance
CSBR,2026-09-15,4.849999904632568,5.059999942779541,4.639999866485596,4.769999980926514,4.769999980926514,30200,USD,NCM,America/New_York,Yahoo Finance
CSBR,2026-09-16,4.75,5.119999885559082,4.590000152587891,4.949999809265137,4.949999809265137,31700,USD,NCM,America/New_York,Yahoo Finance
CSBR,2026-09-17,4.989999771118164,5.199999809265137,4.869999885559082,5.079999923706055,5.079999923706055,28900,USD,NCM,America/New_York,Yahoo Finance
CSBR,2026-09-18,5.090000152587891,5.639999866485596,4.940000057220459,5.300000190734863,5.300000190734863,28900,USD,NCM,America/New_York,Yahoo Finance
CSBR,2026-09-21,5.300000190734863,5.300000190734863,5.079999923706055,5.260000228881836,5.260000228881836,10400,USD,NCM,America/New_York,Yahoo Finance
CSBR,2026-09-22,4.940000057220459,5.289999961853027,4.940000057220459,5.289999961853027,5.289999961853027,11300,USD,NCM,America/New_York,Yahoo Finance
CSBR,2026-09-23,5.099999904632568,5.309999942779541,5.019999980926514,5.019999980926514,5.019999980926514,1500,USD,NCM,America/New_York,Yahoo Finance
CSBR,2026-09-24,4.940000057220459,4.949999809265137,4.940000057220459,4.949999809265137,4.949999809265137,3700,USD,NCM,America/New_York,Yahoo Finance
CSBR,2026-09-25,4.809999942779541,4.960000038146973,4.800000190734863,4.900000095367432,4.900000095367432,8800,USD,NCM,America/New_York,Yahoo Finance
CSBR,2026-09-28,4.900000095367432,4.980000019073486,4.889999866485596,4.929999828338623,4.929999828338623,4400,USD,NCM,America/New_York,Yahoo Finance
CSBR,2026-09-29,4.96999979019165,5.039999961853027,4.789999961853027,4.789999961853027,4.789999961853027,15100,USD,NCM,America/New_York,Yahoo Finance
CSBR,2026-09-30,4.860000133514404,5.0,4.800000190734863,5.0,5.0,35200,USD,NCM,America/New_York,Yahoo Finance
CSBR,2026-10-01,4.96999979019165,5.039999961853027,4.860000133514404,4.880000114440918,4.880000114440918,2400,USD,NCM,America/New_York,Yahoo Finance
CSBR,2026-10-02,5.039999961853027,5.070000171661377,4.920000076293945,4.940000057220459,4.940000057220459,3600,USD,NCM,America/New_York,Yahoo Finance
CVI,2026-08-17,35.310001373291016,36.869998931884766,34.86000061035156,36.41999816894531,36.41999816894531,664900,USD,NYQ,America/New_York,Yahoo Finance
CVI,2026-08-18,36.970001220703125,37.130001068115234,35.70000076293945,36.65999984741211,36.65999984741211,594200,USD,NYQ,America/New_York,Yahoo Finance
CVI,2026-08-19,36.689998626708984,37.29999923706055,36.189998626708984,36.70000076293945,36.70000076293945,566200,USD,NYQ,America/New_York,Yahoo Finance
CVI,2026-08-20,37.15999984741211,37.5,35.790000915527344,35.83000183105469,35.83000183105469,716700,USD,NYQ,America/New_York,Yahoo Finance
CVI,2026-08-21,36.18000030517578,40.16999816894531,36.13999938964844,39.5099983215332,39.5099983215332,1771100,USD,NYQ,America/New_York,Yahoo Finance
CVI,2026-08-24,39.09000015258789,40.0,37.68000030517578,38.029998779296875,38.029998779296875,924600,USD,NYQ,America/New_York,Yahoo Finance
CVI,2026-08-25,37.54999923706055,38.38999938964844,37.380001068115234,37.88999938964844,37.88999938964844,562900,USD,NYQ,America/New_York,Yahoo Finance
CVI,2026-08-26,37.31999969482422,40.70000076293945,37.31999969482422,40.029998779296875,40.029998779296875,888300,USD,NYQ,America/New_York,Yahoo Finance
CVI,2026-08-27,40.040000915527344,40.29999923706055,38.939998626708984,39.7599983215332,39.7599983215332,1003600,USD,NYQ,America/New_York,Yahoo Finance
CVI,2026-08-28,39.849998474121094,42.20000076293945,39.849998474121094,41.7599983215332,41.7599983215332,929700,USD,NYQ,America/New_York,Yahoo Finance
CVI,2026-08-31,43.470001220703125,43.470001220703125,40.220001220703125,41.86000061035156,41.86000061035156,1677800,USD,NYQ,America/New_York,Yahoo Finance
CVI,2026-09-01,42.939998626708984,43.150001525878906,41.13999938964844,42.869998931884766,42.869998931884766,1096900,USD,NYQ,America/New_York,Yahoo Finance
CVI,2026-09-02,42.58000183105469,44.33000183105469,42.58000183105469,42.91999816894531,42.91999816894531,1163400,USD,NYQ,America/New_York,Yahoo Finance
CVI,2026-09-03,42.45000076293945,43.63999938964844,42.11000061035156,43.58000183105469,43.58000183105469,989500,USD,NYQ,America/New_York,Yahoo Finance
CVI,2026-09-04,42.88999938964844,44.650001525878906,42.439998626708984,44.5,44.5,1030800,USD,NYQ,America/New_York,Yahoo Finance
CVI,2026-09-08,45.0,46.279998779296875,44.880001068115234,46.119998931884766,46.119998931884766,1193300,USD,NYQ,America/New_York,Yahoo Finance
CVI,2026-09-09,46.68000030517578,47.849998474121094,44.939998626708984,47.72999954223633,47.72999954223633,1162700,USD,NYQ,America/New_York,Yahoo Finance
CVI,2026-09-10,48.7599983215332,50.27000045776367,48.20000076293945,48.599998474121094,48.599998474121094,1656500,USD,NYQ,America/New_York,Yahoo Finance
CVI,2026-09-11,48.36000061035156,52.400001525878906,48.20000076293945,49.65999984741211,49.65999984741211,1310700,USD,NYQ,America/New_York,Yahoo Finance
CVI,2026-09-14,50.25,51.11000061035156,47.470001220703125,48.630001068115234,48.630001068115234,1670700,USD,NYQ,America/New_York,Yahoo Finance
CVI,2026-09-15,48.869998931884766,52.54999923706055,48.689998626708984,52.16999816894531,52.16999816894531,1021400,USD,NYQ,America/New_York,Yahoo Finance
CVI,2026-09-16,51.04999923706055,53.93000030517578,50.75,53.04999923706055,53.04999923706055,1326700,USD,NYQ,America/New_York,Yahoo Finance
CVI,2026-09-17,51.880001068115234,54.38999938964844,51.7599983215332,54.13999938964844,54.13999938964844,952100,USD,NYQ,America/New_York,Yahoo Finance
CVI,2026-09-18,54.099998474121094,54.63999938964844,53.040000915527344,53.689998626708984,53.689998626708984,1884700,USD,NYQ,America/New_York,Yahoo Finance
CVI,2026-09-21,53.189998626708984,55.189998626708984,52.70000076293945,53.150001525878906,53.150001525878906,1206100,USD,NYQ,America/New_York,Yahoo Finance
CVI,2026-09-22,52.0,54.11000061035156,51.220001220703125,52.130001068115234,52.130001068115234,1140600,USD,NYQ,America/New_York,Yahoo Finance
CVI,2026-09-23,52.65999984741211,53.47999954223633,50.18000030517578,51.79999923706055,51.79999923706055,1230900,USD,NYQ,America/New_York,Yahoo Finance
CVI,2026-09-24,52.54999923706055,52.9900016784668,51.060001373291016,51.29999923706055,51.29999923706055,900900,USD,NYQ,America/New_York,Yahoo Finance
CVI,2026-09-25,50.58000183105469,52.310001373291016,49.7599983215332,51.52000045776367,51.52000045776367,1169200,USD,NYQ,America/New_York,Yahoo Finance
CVI,2026-09-28,52.0,52.869998931884766,49.81999969482422,50.75,50.75,1203200,USD,NYQ,America/New_York,Yahoo Finance
CYH,2026-08-21,2.9800000190734863,3.049999952316284,2.950000047683716,3.009999990463257,3.009999990463257,564000,USD,NYQ,America/New_York,Yahoo Finance
CYH,2026-08-24,3.0199999809265137,3.059999942779541,2.9800000190734863,3.009999990463257,3.009999990463257,685000,USD,NYQ,America/New_York,Yahoo Finance
CYH,2026-08-25,2.9800000190734863,2.990000009536743,2.940000057220459,2.9700000286102295,2.9700000286102295,688900,USD,NYQ,America/New_York,Yahoo Finance
CYH,2026-08-26,2.9600000381469727,2.9800000190734863,2.9100000858306885,2.9200000762939453,2.9200000762939453,1027200,USD,NYQ,America/New_York,Yahoo Finance
CYH,2026-08-27,2.930000066757202,2.950000047683716,2.880000114440918,2.930000066757202,2.930000066757202,763000,USD,NYQ,America/New_York,Yahoo Finance
CYH,2026-08-28,2.9600000381469727,2.9700000286102295,2.869999885559082,2.930000066757202,2.930000066757202,1966800,USD,NYQ,America/New_York,Yahoo Finance
CYH,2026-08-31,2.9100000858306885,2.930000066757202,2.8499999046325684,2.9200000762939453,2.9200000762939453,1629900,USD,NYQ,America/New_York,Yahoo Finance
CYH,2026-09-01,2.9100000858306885,2.950000047683716,2.890000104904175,2.930000066757202,2.930000066757202,1128200,USD,NYQ,America/New_York,Yahoo Finance
CYH,2026-09-02,2.940000057220459,2.940000057220459,2.890000104904175,2.9000000953674316,2.9000000953674316,1557300,USD,NYQ,America/New_York,Yahoo Finance
CYH,2026-09-03,2.9200000762939453,2.9600000381469727,2.890000104904175,2.9100000858306885,2.9100000858306885,726700,USD,NYQ,America/New_York,Yahoo Finance
CYH,2026-09-04,2.880000114440918,2.9200000762939453,2.869999885559082,2.890000104904175,2.890000104904175,1048100,USD,NYQ,America/New_York,Yahoo Finance
CYH,2026-09-08,2.859999895095825,2.890000104904175,2.809999942779541,2.8399999141693115,2.8399999141693115,969800,USD,NYQ,America/New_York,Yahoo Finance
CYH,2026-09-09,2.819999933242798,2.9800000190734863,2.7799999713897705,2.950000047683716,2.950000047683716,1505100,USD,NYQ,America/New_York,Yahoo Finance
CYH,2026-09-10,2.930000066757202,2.950000047683716,2.8499999046325684,2.890000104904175,2.890000104904175,883100,USD,NYQ,America/New_York,Yahoo Finance
CYH,2026-09-11,2.930000066757202,2.950000047683716,2.880000114440918,2.9200000762939453,2.9200000762939453,855100,USD,NYQ,America/New_York,Yahoo Finance
CYH,2026-09-14,2.9100000858306885,2.9700000286102295,2.9000000953674316,2.950000047683716,2.950000047683716,1077400,USD,NYQ,America/New_York,Yahoo Finance
CYH,2026-09-15,2.950000047683716,2.9800000190734863,2.8299999237060547,2.9700000286102295,2.9700000286102295,1032100,USD,NYQ,America/New_York,Yahoo Finance
CYH,2026-09-16,2.990000009536743,3.0299999713897705,2.940000057220459,2.9800000190734863,2.9800000190734863,1236300,USD,NYQ,America/New_York,Yahoo Finance
CYH,2026-09-17,3.0199999809265137,3.0299999713897705,2.890000104904175,2.9200000762939453,2.9200000762939453,836700,USD,NYQ,America/New_York,Yahoo Finance
CYH,2026-09-18,2.940000057220459,2.940000057220459,2.8299999237060547,2.869999885559082,2.869999885559082,2936300,USD,NYQ,America/New_York,Yahoo Finance
CYH,2026-09-21,2.869999885559082,2.930000066757202,2.8299999237060547,2.890000104904175,2.890000104904175,1091900,USD,NYQ,America/New_York,Yahoo Finance
CYH,2026-09-22,2.9200000762939453,3.0399999618530273,2.9200000762939453,3.0199999809265137,3.0199999809265137,896500,USD,NYQ,America/New_York,Yahoo Finance
CYH,2026-09-23,2.990000009536743,3.0799999237060547,2.9600000381469727,3.009999990463257,3.009999990463257,996900,USD,NYQ,America/New_York,Yahoo Finance
CYH,2026-09-24,3.0299999713897705,3.0299999713897705,2.8299999237060547,2.880000114440918,2.880000114440918,1036400,USD,NYQ,America/New_York,Yahoo Finance
CYH,2026-09-25,2.8499999046325684,2.990000009536743,2.8499999046325684,2.940000057220459,2.940000057220459,1205200,USD,NYQ,America/New_York,Yahoo Finance
CYH,2026-09-28,2.9000000953674316,3.009999990463257,2.890000104904175,2.890000104904175,2.890000104904175,1267800,USD,NYQ,America/New_York,Yahoo Finance
CYH,2026-09-29,2.869999885559082,2.950000047683716,2.859999895095825,2.9100000858306885,2.9100000858306885,1261400,USD,NYQ,America/New_York,Yahoo Finance
CYH,2026-09-30,2.9200000762939453,2.9700000286102295,2.859999895095825,2.859999895095825,2.859999895095825,1144700,USD,NYQ,America/New_York,Yahoo Finance
CYH,2026-10-01,2.859999895095825,2.890000104904175,2.7300000190734863,2.75,2.75,1578000,USD,NYQ,America/New_York,Yahoo Finance
CYH,2026-10-02,2.759999990463257,2.809999942779541,2.690000057220459,2.7200000286102295,2.7200000286102295,737500,USD,NYQ,America/New_York,Yahoo Finance
CYRX,2026-08-17,15.149999618530273,15.380000114440918,15.039999961853027,15.319999694824219,15.319999694824219,382800,USD,NCM,America/New_York,Yahoo Finance
CYRX,2026-08-18,15.229999542236328,15.329999923706055,14.880000114440918,15.09000015258789,15.09000015258789,456200,USD,NCM,America/New_York,Yahoo Finance
CYRX,2026-08-19,15.399999618530273,16.579999923706055,15.399999618530273,16.309999465942383,16.309999465942383,999300,USD,NCM,America/New_York,Yahoo Finance
CYRX,2026-08-20,16.06999969482422,16.829999923706055,16.06999969482422,16.709999084472656,16.709999084472656,879100,USD,NCM,America/New_York,Yahoo Finance
CYRX,2026-08-21,16.799999237060547,17.200000762939453,16.329999923706055,17.1299991607666,17.1299991607666,1028900,USD,NCM,America/New_York,Yahoo Finance
CYRX,2026-08-24,17.0,17.010000228881836,16.100000381469727,16.34000015258789,16.34000015258789,493300,USD,NCM,America/New_York,Yahoo Finance
CYRX,2026-08-25,16.510000228881836,16.940000534057617,16.420000076293945,16.719999313354492,16.719999313354492,476800,USD,NCM,America/New_York,Yahoo Finance
CYRX,2026-08-26,16.56999969482422,17.079999923706055,16.270000457763672,16.56999969482422,16.56999969482422,267300,USD,NCM,America/New_York,Yahoo Finance
CYRX,2026-08-27,16.489999771118164,16.90999984741211,16.469999313354492,16.56999969482422,16.56999969482422,328700,USD,NCM,America/New_York,Yahoo Finance
CYRX,2026-08-28,16.540000915527344,16.6299991607666,15.850000381469727,16.09000015258789,16.09000015258789,431200,USD,NCM,America/New_York,Yahoo Finance
CYRX,2026-08-31,15.920000076293945,16.059999465942383,15.770000457763672,16.0,16.0,482500,USD,NCM,America/New_York,Yahoo Finance
CYRX,2026-09-01,15.770000457763672,16.049999237060547,15.40999984741211,15.550000190734863,15.550000190734863,445000,USD,NCM,America/New_York,Yahoo Finance
CYRX,2026-09-02,15.609999656677246,16.15999984741211,15.5600004196167,15.779999732971191,15.779999732971191,420100,USD,NCM,America/New_York,Yahoo Finance
CYRX,2026-09-03,15.930000305175781,16.25,15.5,15.859999656677246,15.859999656677246,467600,USD,NCM,America/New_York,Yahoo Finance
CYRX,2026-09-04,15.649999618530273,16.0,15.489999771118164,15.8100004196167,15.8100004196167,316800,USD,NCM,America/New_York,Yahoo Finance
CYRX,2026-09-08,15.630000114440918,15.640000343322754,15.229999542236328,15.470000267028809,15.470000267028809,544700,USD,NCM,America/New_York,Yahoo Finance
CYRX,2026-09-09,15.390000343322754,15.699999809265137,15.079999923706055,15.140000343322754,15.140000343322754,531900,USD,NCM,America/New_York,Yahoo Finance
CYRX,2026-09-10,14.829999923706055,15.359999656677246,14.59000015258789,15.270000457763672,15.270000457763672,470600,USD,NCM,America/New_York,Yahoo Finance
CYRX,2026-09-11,15.460000038146973,15.800000190734863,15.390000343322754,15.550000190734863,15.550000190734863,473800,USD,NCM,America/New_York,Yahoo Finance
CYRX,2026-09-14,15.390000343322754,15.979999542236328,15.390000343322754,15.960000038146973,15.960000038146973,473600,USD,NCM,America/New_York,Yahoo Finance
CYRX,2026-09-15,15.829999923706055,16.43000030517578,15.829999923706055,16.309999465942383,16.309999465942383,688300,USD,NCM,America/New_York,Yahoo Finance
CYRX,2026-09-16,16.290000915527344,16.899999618530273,16.290000915527344,16.510000228881836,16.510000228881836,590600,USD,NCM,America/New_York,Yahoo Finance
CYRX,2026-09-17,16.799999237060547,17.1200008392334,16.549999237060547,16.780000686645508,16.780000686645508,753500,USD,NCM,America/New_York,Yahoo Finance
CYRX,2026-09-18,16.670000076293945,17.049999237060547,16.510000228881836,17.020000457763672,17.020000457763672,856800,USD,NCM,America/New_York,Yahoo Finance
CYRX,2026-09-21,17.170000076293945,17.649999618530273,17.0,17.6200008392334,17.6200008392334,760600,USD,NCM,America/New_York,Yahoo Finance
CYRX,2026-09-22,17.790000915527344,17.850000381469727,17.399999618530273,17.56999969482422,17.56999969482422,588000,USD,NCM,America/New_York,Yahoo Finance
CYRX,2026-09-23,17.459999084472656,17.639999389648438,17.0,17.489999771118164,17.489999771118164,568900,USD,NCM,America/New_York,Yahoo Finance
CYRX,2026-09-24,17.329999923706055,17.979999542236328,17.25,17.399999618530273,17.399999618530273,694800,USD,NCM,America/New_York,Yahoo Finance
CYRX,2026-09-25,17.360000610351562,17.59000015258789,17.219999313354492,17.40999984741211,17.40999984741211,729900,USD,NCM,America/New_York,Yahoo Finance
CYRX,2026-09-28,17.290000915527344,17.559999465942383,17.110000610351562,17.3799991607666,17.3799991607666,645800,USD,NCM,America/New_York,Yahoo Finance
DAC,2026-08-17,142.52000427246094,146.8000030517578,142.52000427246094,146.27999877929688,146.27999877929688,115200,USD,NYQ,America/New_York,Yahoo Finance
DAC,2026-08-18,146.5,147.0,144.5,145.3000030517578,145.3000030517578,107600,USD,NYQ,America/New_York,Yahoo Finance
DAC,2026-08-19,145.77000427246094,147.72999572753906,145.32000732421875,147.60000610351562,147.60000610351562,108600,USD,NYQ,America/New_York,Yahoo Finance
DAC,2026-08-20,147.5,149.80999755859375,147.17999267578125,148.6999969482422,148.6999969482422,86500,USD,NYQ,America/New_York,Yahoo Finance
DAC,2026-08-21,150.3300018310547,152.52000427246094,149.02000427246094,149.75,149.75,99800,USD,NYQ,America/New_York,Yahoo Finance
DAC,2026-08-24,150.5500030517578,151.47999572753906,149.5500030517578,150.5,150.5,139800,USD,NYQ,America/New_York,Yahoo Finance
DAC,2026-08-25,150.22000122070312,152.97999572753906,149.0,152.5800018310547,152.5800018310547,157500,USD,NYQ,America/New_York,Yahoo Finance
DAC,2026-08-26,151.3800048828125,151.38999938964844,147.0,147.77999877929688,147.77999877929688,146300,USD,NYQ,America/New_York,Yahoo Finance
DAC,2026-08-27,148.7100067138672,151.25,148.7100067138672,151.25,151.25,80900,USD,NYQ,America/New_York,Yahoo Finance
DAC,2026-08-28,151.25,152.74000549316406,150.22000122070312,150.67999267578125,150.67999267578125,98100,USD,NYQ,America/New_York,Yahoo Finance
DAC,2026-08-31,151.30999755859375,151.91000366210938,149.9199981689453,151.47999572753906,151.47999572753906,96600,USD,NYQ,America/New_York,Yahoo Finance
DAC,2026-09-01,151.39999389648438,152.0,148.9199981689453,151.08999633789062,151.08999633789062,102200,USD,NYQ,America/New_York,Yahoo Finance
DAC,2026-09-02,150.92999267578125,153.49000549316406,149.02000427246094,153.30999755859375,153.30999755859375,117100,USD,NYQ,America/New_York,Yahoo Finance
DAC,2026-09-03,154.67999267578125,155.88999938964844,153.41000366210938,154.14999389648438,154.14999389648438,138100,USD,NYQ,America/New_York,Yahoo Finance
DAC,2026-09-04,154.14999389648438,155.44000244140625,154.14999389648438,155.25999450683594,155.25999450683594,106000,USD,NYQ,America/New_York,Yahoo Finance
DAC,2026-09-08,155.69000244140625,155.69000244140625,152.1300048828125,153.07000732421875,153.07000732421875,107600,USD,NYQ,America/New_York,Yahoo Finance
DAC,2026-09-09,153.41000366210938,155.38999938964844,152.0,154.69000244140625,154.69000244140625,78600,USD,NYQ,America/New_York,Yahoo Finance
DAC,2026-09-10,154.89999389648438,156.88999938964844,153.75,156.88999938964844,156.88999938964844,135500,USD,NYQ,America/New_York,Yahoo Finance
DAC,2026-09-11,157.2100067138672,159.3800048828125,156.82000732421875,159.3300018310547,159.3300018310547,140700,USD,NYQ,America/New_York,Yahoo Finance
DAC,2026-09-14,158.67999267578125,159.47000122070312,157.11000061035156,158.25999450683594,158.25999450683594,117600,USD,NYQ,America/New_York,Yahoo Finance
DAC,2026-09-15,157.77000427246094,159.72999572753906,156.5399932861328,159.58999633789062,159.58999633789062,133900,USD,NYQ,America/New_York,Yahoo Finance
DAC,2026-09-16,160.0,160.52999877929688,157.86000061035156,159.16000366210938,159.16000366210938,174100,USD,NYQ,America/New_York,Yahoo Finance
DAC,2026-09-17,159.49000549316406,163.63999938964844,159.49000549316406,162.39999389648438,162.39999389648438,168900,USD,NYQ,America/New_York,Yahoo Finance
DAC,2026-09-18,162.5399932861328,163.35000610351562,161.0500030517578,161.19000244140625,161.19000244140625,115000,USD,NYQ,America/New_York,Yahoo Finance
DAC,2026-09-21,161.07000732421875,163.1300048828125,159.25,159.61000061035156,159.61000061035156,113300,USD,NYQ,America/New_York,Yahoo Finance
DAC,2026-09-22,159.0,160.7100067138672,155.3699951171875,156.0,156.0,149300,USD,NYQ,America/New_York,Yahoo Finance
DAC,2026-09-23,156.00999450683594,156.6300048828125,153.3000030517578,154.4199981689453,154.4199981689453,111700,USD,NYQ,America/New_York,Yahoo Finance
DAC,2026-09-24,154.8000030517578,156.07000732421875,153.25999450683594,154.66000366210938,154.66000366210938,153700,USD,NYQ,America/New_York,Yahoo Finance
DAC,2026-09-25,154.92999267578125,154.92999267578125,151.0,154.13999938964844,154.13999938964844,187500,USD,NYQ,America/New_York,Yahoo Finance
DAC,2026-09-28,154.52000427246094,155.22999572753906,152.89999389648438,153.27999877929688,153.27999877929688,81700,USD,NYQ,America/New_York,Yahoo Finance
DAR,2026-08-17,66.66000366210938,67.94999694824219,66.5,67.66999816894531,67.66999816894531,1820100,USD,NYQ,America/New_York,Yahoo Finance
DAR,2026-08-18,67.51000213623047,68.58999633789062,66.72000122070312,68.33999633789062,68.33999633789062,1900500,USD,NYQ,America/New_York,Yahoo Finance
DAR,2026-08-19,68.3499984741211,68.7699966430664,66.56999969482422,66.94000244140625,66.94000244140625,2410700,USD,NYQ,America/New_York,Yahoo Finance
DAR,2026-08-20,67.77999877929688,69.9800033569336,67.33000183105469,67.83999633789062,67.83999633789062,2136600,USD,NYQ,America/New_York,Yahoo Finance
DAR,2026-08-21,67.80999755859375,68.44000244140625,60.849998474121094,65.73999786376953,65.73999786376953,7350300,USD,NYQ,America/New_York,Yahoo Finance
DAR,2026-08-24,63.83000183105469,64.58999633789062,62.06999969482422,62.31999969482422,62.31999969482422,3258600,USD,NYQ,America/New_York,Yahoo Finance
DAR,2026-08-25,61.38999938964844,63.189998626708984,58.959999084472656,62.58000183105469,62.58000183105469,4006400,USD,NYQ,America/New_York,Yahoo Finance
DAR,2026-08-26,61.779998779296875,63.2400016784668,60.59000015258789,62.5,62.5,1875800,USD,NYQ,America/New_York,Yahoo Finance
DAR,2026-08-27,62.16999816894531,62.869998931884766,60.439998626708984,61.38999938964844,61.38999938964844,2484600,USD,NYQ,America/New_York,Yahoo Finance
DAR,2026-08-28,62.119998931884766,64.48999786376953,62.119998931884766,64.31999969482422,64.31999969482422,2965600,USD,NYQ,America/New_York,Yahoo Finance
DAR,2026-08-31,65.37999725341797,66.77999877929688,61.349998474121094,66.2699966430664,66.2699966430664,4344900,USD,NYQ,America/New_York,Yahoo Finance
DAR,2026-09-01,66.33999633789062,67.87000274658203,65.36000061035156,67.69999694824219,67.69999694824219,3209800,USD,NYQ,America/New_York,Yahoo Finance
DAR,2026-09-02,67.3499984741211,68.58999633789062,66.1500015258789,67.62000274658203,67.62000274658203,2288600,USD,NYQ,America/New_York,Yahoo Finance
DAR,2026-09-03,67.5999984741211,67.73999786376953,64.80999755859375,65.75,65.75,2061500,USD,NYQ,America/New_York,Yahoo Finance
DAR,2026-09-04,64.81999969482422,65.5199966430664,63.689998626708984,65.19000244140625,65.19000244140625,1906600,USD,NYQ,America/New_York,Yahoo Finance
DAR,2026-09-08,66.51000213623047,67.4800033569336,65.5199966430664,67.11000061035156,67.11000061035156,1969200,USD,NYQ,America/New_York,Yahoo Finance
DAR,2026-09-09,67.87999725341797,68.6500015258789,66.79000091552734,67.51000213623047,67.51000213623047,1730900,USD,NYQ,America/New_York,Yahoo Finance
DAR,2026-09-10,68.2300033569336,68.38999938964844,66.22000122070312,66.37000274658203,66.37000274658203,1478000,USD,NYQ,America/New_York,Yahoo Finance
DAR,2026-09-11,65.83000183105469,66.7300033569336,64.81999969482422,65.11000061035156,65.11000061035156,1563900,USD,NYQ,America/New_York,Yahoo Finance
DAR,2026-09-14,65.69000244140625,66.7699966430664,64.8499984741211,64.91999816894531,64.91999816894531,2202300,USD,NYQ,America/New_York,Yahoo Finance
DAR,2026-09-15,64.94999694824219,67.37000274658203,64.94999694824219,66.54000091552734,66.54000091552734,2463300,USD,NYQ,America/New_York,Yahoo Finance
DAR,2026-09-16,66.0,66.7300033569336,65.16999816894531,65.55999755859375,65.55999755859375,1874600,USD,NYQ,America/New_York,Yahoo Finance
DAR,2026-09-17,65.05000305175781,67.08000183105469,64.51000213623047,66.48999786376953,66.48999786376953,2014800,USD,NYQ,America/New_York,Yahoo Finance
DAR,2026-09-18,66.27999877929688,66.76000213623047,64.72000122070312,65.36000061035156,65.36000061035156,4201400,USD,NYQ,America/New_York,Yahoo Finance
DAR,2026-09-21,65.18000030517578,65.66000366210938,62.7599983215332,63.2599983215332,63.2599983215332,1919300,USD,NYQ,America/New_York,Yahoo Finance
DAR,2026-09-22,64.72000122070312,64.72000122070312,61.25,61.630001068115234,61.630001068115234,3041500,USD,NYQ,America/New_York,Yahoo Finance
DAR,2026-09-23,61.63999938964844,63.04999923706055,60.02000045776367,61.36000061035156,61.36000061035156,3532900,USD,NYQ,America/New_York,Yahoo Finance
DAR,2026-09-24,61.59000015258789,62.7400016784668,60.7599983215332,61.7400016784668,61.7400016784668,2238200,USD,NYQ,America/New_York,Yahoo Finance
DAR,2026-09-25,61.220001220703125,61.93000030517578,60.189998626708984,61.290000915527344,61.290000915527344,2107400,USD,NYQ,America/New_York,Yahoo Finance
DAR,2026-09-28,61.900001525878906,62.08000183105469,60.11000061035156,60.59000015258789,60.59000015258789,2140300,USD,NYQ,America/New_York,Yahoo Finance
DAVE,2026-08-17,336.94000244140625,342.30999755859375,325.0799865722656,341.42999267578125,341.42999267578125,686900,USD,NGM,America/New_York,Yahoo Finance
DAVE,2026-08-18,330.5299987792969,349.0,330.5299987792969,333.1400146484375,333.1400146484375,356500,USD,NGM,America/New_York,Yahoo Finance
DAVE,2026-08-19,334.0,359.8500061035156,334.0,345.04998779296875,345.04998779296875,495500,USD,NGM,America/New_York,Yahoo Finance
DAVE,2026-08-20,346.8800048828125,346.8800048828125,327.32000732421875,335.010009765625,335.010009765625,313600,USD,NGM,America/New_York,Yahoo Finance
DAVE,2026-08-21,339.29998779296875,355.2300109863281,330.02801513671875,354.7200012207031,354.7200012207031,355000,USD,NGM,America/New_York,Yahoo Finance
DAVE,2026-08-24,350.19000244140625,363.7300109863281,348.5,354.7900085449219,354.7900085449219,320100,USD,NGM,America/New_York,Yahoo Finance
DAVE,2026-08-25,362.3299865722656,362.3299865722656,347.42999267578125,349.4700012207031,349.4700012207031,288100,USD,NGM,America/New_York,Yahoo Finance
DAVE,2026-08-26,347.6300048828125,375.57501220703125,347.6300048828125,372.29998779296875,372.29998779296875,276500,USD,NGM,America/New_York,Yahoo Finance
DAVE,2026-08-27,373.7900085449219,380.42999267578125,366.1000061035156,374.010009765625,374.010009765625,288400,USD,NGM,America/New_York,Yahoo Finance
DAVE,2026-08-28,378.1000061035156,388.0,365.989990234375,378.54998779296875,378.54998779296875,360700,USD,NGM,America/New_York,Yahoo Finance
DAVE,2026-08-31,376.260009765625,378.0,357.8399963378906,359.5199890136719,359.5199890136719,507000,USD,NGM,America/New_York,Yahoo Finance
DAVE,2026-09-01,349.5799865722656,359.9200134277344,330.32000732421875,340.6400146484375,340.6400146484375,454300,USD,NGM,America/New_York,Yahoo Finance
DAVE,2026-09-02,338.29998779296875,373.0400085449219,338.29998779296875,372.8500061035156,372.8500061035156,335800,USD,NGM,America/New_York,Yahoo Finance
DAVE,2026-09-03,376.0,391.0,371.4200134277344,390.8599853515625,390.8599853515625,350700,USD,NGM,America/New_York,Yahoo Finance
DAVE,2026-09-04,381.3399963378906,394.989990234375,379.2099914550781,380.69000244140625,380.69000244140625,312900,USD,NGM,America/New_York,Yahoo Finance
DAVE,2026-09-08,373.55999755859375,379.0899963378906,365.010009765625,376.3800048828125,376.3800048828125,335800,USD,NGM,America/New_York,Yahoo Finance
DAVE,2026-09-09,382.0299987792969,383.989990234375,361.07000732421875,361.875,361.875,200800,USD,NGM,America/New_York,Yahoo Finance
DAVE,2026-09-10,358.4800109863281,363.7650146484375,353.30999755859375,358.3599853515625,358.3599853515625,191200,USD,NGM,America/New_York,Yahoo Finance
DAVE,2026-09-11,363.260009765625,366.114990234375,345.6099853515625,350.7099914550781,350.7099914550781,365000,USD,NGM,America/New_York,Yahoo Finance
DAVE,2026-09-14,345.8999938964844,373.44000244140625,345.0,365.7799987792969,365.7799987792969,291700,USD,NGM,America/New_York,Yahoo Finance
DAVE,2026-09-15,376.5,389.3399963378906,370.5,374.6650085449219,374.6650085449219,406200,USD,NGM,America/New_York,Yahoo Finance
DAVE,2026-09-16,370.70001220703125,378.9200134277344,362.3800048828125,365.8299865722656,365.8299865722656,264000,USD,NGM,America/New_York,Yahoo Finance
DAVE,2026-09-17,374.510009765625,374.510009765625,356.0299987792969,356.489990234375,356.489990234375,200900,USD,NGM,America/New_York,Yahoo Finance
DAVE,2026-09-18,355.54998779296875,361.0,336.7049865722656,337.82000732421875,337.82000732421875,466900,USD,NGM,America/New_York,Yahoo Finance
DAVE,2026-09-21,344.2799987792969,352.9859924316406,337.8399963378906,350.6499938964844,350.6499938964844,299400,USD,NGM,America/New_York,Yahoo Finance
DAVE,2026-09-22,358.9200134277344,361.30999755859375,345.0,353.57000732421875,353.57000732421875,356400,USD,NGM,America/New_York,Yahoo Finance
DAVE,2026-09-23,354.3599853515625,354.3599853515625,316.6499938964844,326.19000244140625,326.19000244140625,644400,USD,NGM,America/New_York,Yahoo Finance
DAVE,2026-09-24,323.9800109863281,334.9849853515625,318.6400146484375,331.4549865722656,331.4549865722656,329900,USD,NGM,America/New_York,Yahoo Finance
DAVE,2026-09-25,336.42999267578125,339.6300048828125,324.4800109863281,324.8800048828125,324.8800048828125,200400,USD,NGM,America/New_York,Yahoo Finance
DAVE,2026-09-28,314.4599914550781,324.4360046386719,310.8800048828125,320.70001220703125,320.70001220703125,308800,USD,NGM,America/New_York,Yahoo Finance
DBX,2026-08-17,34.02000045776367,34.02000045776367,33.290000915527344,33.380001068115234,33.380001068115234,2832400,USD,NMS,America/New_York,Yahoo Finance
DBX,2026-08-18,33.439998626708984,34.560001373291016,33.310001373291016,33.869998931884766,33.869998931884766,4117600,USD,NMS,America/New_York,Yahoo Finance
DBX,2026-08-19,33.88999938964844,34.650001525878906,33.845001220703125,33.9900016784668,33.9900016784668,2883500,USD,NMS,America/New_York,Yahoo Finance
DBX,2026-08-20,34.0099983215332,34.31999969482422,33.7599983215332,34.0,34.0,1789000,USD,NMS,America/New_York,Yahoo Finance
DBX,2026-08-21,34.0,34.55500030517578,33.56999969482422,34.470001220703125,34.470001220703125,2041400,USD,NMS,America/New_York,Yahoo Finance
DBX,2026-08-24,34.560001373291016,34.97999954223633,34.45000076293945,34.880001068115234,34.880001068115234,2415600,USD,NMS,America/New_York,Yahoo Finance
DBX,2026-08-25,34.599998474121094,34.81999969482422,34.19499969482422,34.779998779296875,34.779998779296875,2465300,USD,NMS,America/New_York,Yahoo Finance
DBX,2026-08-26,34.400001525878906,35.255001068115234,34.2400016784668,34.79999923706055,34.79999923706055,3271600,USD,NMS,America/New_York,Yahoo Finance
DBX,2026-08-27,35.13999938964844,35.994998931884766,34.755001068115234,35.880001068115234,35.880001068115234,4194000,USD,NMS,America/New_York,Yahoo Finance
DBX,2026-08-28,35.880001068115234,36.36600112915039,35.630001068115234,35.70000076293945,35.70000076293945,3065200,USD,NMS,America/New_York,Yahoo Finance
DBX,2026-08-31,35.61199951171875,35.95000076293945,35.09000015258789,35.189998626708984,35.189998626708984,5709700,USD,NMS,America/New_York,Yahoo Finance
DBX,2026-09-01,34.93000030517578,35.34000015258789,34.14500045776367,34.2599983215332,34.2599983215332,3870700,USD,NMS,America/New_York,Yahoo Finance
DBX,2026-09-02,34.04999923706055,34.72999954223633,33.779998779296875,34.5,34.5,3458900,USD,NMS,America/New_York,Yahoo Finance
DBX,2026-09-03,35.04999923706055,35.95000076293945,34.90999984741211,35.70000076293945,35.70000076293945,3401500,USD,NMS,America/New_York,Yahoo Finance
DBX,2026-09-04,35.099998474121094,35.2400016784668,34.31999969482422,34.83000183105469,34.83000183105469,2722400,USD,NMS,America/New_York,Yahoo Finance
DBX,2026-09-08,34.439998626708984,34.47999954223633,33.494998931884766,33.810001373291016,33.810001373291016,3259700,USD,NMS,America/New_York,Yahoo Finance
DBX,2026-09-09,33.84000015258789,34.61000061035156,33.61000061035156,34.59000015258789,34.59000015258789,4083600,USD,NMS,America/New_York,Yahoo Finance
DBX,2026-09-10,34.58000183105469,35.29999923706055,34.150001525878906,35.04999923706055,35.04999923706055,5520000,USD,NMS,America/New_York,Yahoo Finance
DBX,2026-09-11,35.22999954223633,35.849998474121094,34.88999938964844,35.560001373291016,35.560001373291016,3981400,USD,NMS,America/New_York,Yahoo Finance
DBX,2026-09-14,36.099998474121094,37.38999938964844,36.099998474121094,37.310001373291016,37.310001373291016,4240300,USD,NMS,America/New_York,Yahoo Finance
DBX,2026-09-15,36.698001861572266,38.16999816894531,36.685001373291016,37.630001068115234,37.630001068115234,4287900,USD,NMS,America/New_York,Yahoo Finance
DBX,2026-09-16,37.130001068115234,38.130001068115234,36.959999084472656,37.7400016784668,37.7400016784668,3951200,USD,NMS,America/New_York,Yahoo Finance
DBX,2026-09-17,37.63999938964844,38.0099983215332,37.08000183105469,37.61000061035156,37.61000061035156,4137500,USD,NMS,America/New_York,Yahoo Finance
DBX,2026-09-18,37.650001525878906,37.650001525878906,36.349998474121094,36.47999954223633,36.47999954223633,8589100,USD,NMS,America/New_York,Yahoo Finance
DBX,2026-09-21,36.345001220703125,36.65999984741211,35.720001220703125,36.0099983215332,36.0099983215332,3815300,USD,NMS,America/New_York,Yahoo Finance
DBX,2026-09-22,36.459999084472656,36.564998626708984,33.130001068115234,33.900001525878906,33.900001525878906,10202500,USD,NMS,America/New_York,Yahoo Finance
DBX,2026-09-23,33.91999816894531,34.30500030517578,33.29999923706055,34.220001220703125,34.220001220703125,5116000,USD,NMS,America/New_York,Yahoo Finance
DBX,2026-09-24,33.07500076293945,33.76499938964844,32.41999816894531,32.65999984741211,32.65999984741211,6632600,USD,NMS,America/New_York,Yahoo Finance
DBX,2026-09-25,32.65999984741211,32.814998626708984,32.20500183105469,32.31999969482422,32.31999969482422,4044000,USD,NMS,America/New_York,Yahoo Finance
DBX,2026-09-28,31.709999084472656,31.9950008392334,31.110000610351562,31.920000076293945,31.920000076293945,5530900,USD,NMS,America/New_York,Yahoo Finance
DFH,2026-08-17,15.220000267028809,15.305000305175781,14.949999809265137,15.079999923706055,15.079999923706055,514400,USD,NYQ,America/New_York,Yahoo Finance
DFH,2026-08-18,15.119999885559082,15.449999809265137,14.279999732971191,14.289999961853027,14.289999961853027,593400,USD,NYQ,America/New_York,Yahoo Finance
DFH,2026-08-19,15.109999656677246,16.139999389648438,14.819999694824219,14.90999984741211,14.90999984741211,640100,USD,NYQ,America/New_York,Yahoo Finance
DFH,2026-08-20,14.600000381469727,14.914999961853027,14.260000228881836,14.6899995803833,14.6899995803833,482400,USD,NYQ,America/New_York,Yahoo Finance
DFH,2026-08-21,14.779999732971191,15.274999618530273,14.744999885559082,14.920000076293945,14.920000076293945,400500,USD,NYQ,America/New_York,Yahoo Finance
DFH,2026-08-24,14.960000038146973,15.324999809265137,14.680000305175781,14.760000228881836,14.760000228881836,382800,USD,NYQ,America/New_York,Yahoo Finance
DFH,2026-08-25,15.1899995803833,15.449999809265137,14.600000381469727,15.3100004196167,15.3100004196167,382400,USD,NYQ,America/New_York,Yahoo Finance
DFH,2026-08-26,15.229999542236328,15.34000015258789,14.654999732971191,14.699999809265137,14.699999809265137,314400,USD,NYQ,America/New_York,Yahoo Finance
DFH,2026-08-27,14.510000228881836,14.6899995803833,14.260000228881836,14.369999885559082,14.369999885559082,529200,USD,NYQ,America/New_York,Yahoo Finance
DFH,2026-08-28,14.579999923706055,14.914999961853027,14.579999923706055,14.760000228881836,14.760000228881836,302200,USD,NYQ,America/New_York,Yahoo Finance
DFH,2026-08-31,14.40999984741211,14.545000076293945,14.020000457763672,14.050000190734863,14.050000190734863,586600,USD,NYQ,America/New_York,Yahoo Finance
DFH,2026-09-01,13.90999984741211,14.125,13.520000457763672,13.710000038146973,13.710000038146973,572500,USD,NYQ,America/New_York,Yahoo Finance
DFH,2026-09-02,13.739999771118164,13.920000076293945,13.380000114440918,13.380000114440918,13.380000114440918,714800,USD,NYQ,America/New_York,Yahoo Finance
DFH,2026-09-03,13.75,13.970000267028809,13.260000228881836,13.800000190734863,13.800000190734863,1045000,USD,NYQ,America/New_York,Yahoo Finance
DFH,2026-09-04,13.800000190734863,13.989999771118164,13.640000343322754,13.800000190734863,13.800000190734863,451500,USD,NYQ,America/New_York,Yahoo Finance
DFH,2026-09-08,13.739999771118164,13.895000457763672,13.140000343322754,13.279999732971191,13.279999732971191,608400,USD,NYQ,America/New_York,Yahoo Finance
DFH,2026-09-09,13.279999732971191,13.444999694824219,12.734999656677246,12.920000076293945,12.920000076293945,597500,USD,NYQ,America/New_York,Yahoo Finance
DFH,2026-09-10,12.539999961853027,12.720000267028809,11.760000228881836,12.020000457763672,12.020000457763672,1097700,USD,NYQ,America/New_York,Yahoo Finance
DFH,2026-09-11,12.270000457763672,12.729999542236328,11.949999809265137,12.270000457763672,12.270000457763672,872800,USD,NYQ,America/New_York,Yahoo Finance
DFH,2026-09-14,12.020000457763672,12.789999961853027,12.020000457763672,12.699999809265137,12.699999809265137,911700,USD,NYQ,America/New_York,Yahoo Finance
DFH,2026-09-15,12.720000267028809,12.824999809265137,12.260000228881836,12.539999961853027,12.539999961853027,952600,USD,NYQ,America/New_York,Yahoo Finance
DFH,2026-09-16,12.579999923706055,12.765000343322754,11.850000381469727,12.010000228881836,12.010000228881836,1388100,USD,NYQ,America/New_York,Yahoo Finance
DFH,2026-09-17,12.40999984741211,12.5,11.65999984741211,11.710000038146973,11.710000038146973,1452100,USD,NYQ,America/New_York,Yahoo Finance
DFH,2026-09-18,11.5600004196167,11.670000076293945,11.26099967956543,11.350000381469727,11.350000381469727,1947400,USD,NYQ,America/New_York,Yahoo Finance
DFH,2026-09-21,11.479999542236328,11.569999694824219,11.279999732971191,11.399999618530273,11.399999618530273,1268400,USD,NYQ,America/New_York,Yahoo Finance
DFH,2026-09-22,11.789999961853027,12.329999923706055,11.550000190734863,12.260000228881836,12.260000228881836,1434800,USD,NYQ,America/New_York,Yahoo Finance
DFH,2026-09-23,11.960000038146973,11.960000038146973,11.59000015258789,11.630000114440918,11.630000114440918,889000,USD,NYQ,America/New_York,Yahoo Finance
DFH,2026-09-24,11.649999618530273,11.760000228881836,10.864999771118164,11.09000015258789,11.09000015258789,1468200,USD,NYQ,America/New_York,Yahoo Finance
DFH,2026-09-25,11.130000114440918,11.5,10.920000076293945,11.300000190734863,11.300000190734863,1075700,USD,NYQ,America/New_York,Yahoo Finance
DFH,2026-09-28,11.100000381469727,11.4399995803833,10.869999885559082,10.880000114440918,10.880000114440918,664200,USD,NYQ,America/New_York,Yahoo Finance
DGICA,2026-08-21,18.670000076293945,18.850000381469727,18.510000228881836,18.670000076293945,18.670000076293945,417300,USD,NMS,America/New_York,Yahoo Finance
DGICA,2026-08-24,18.690000534057617,19.209999084472656,18.610000610351562,18.979999542236328,18.979999542236328,142100,USD,NMS,America/New_York,Yahoo Finance
DGICA,2026-08-25,18.989999771118164,19.270000457763672,18.84000015258789,19.1299991607666,19.1299991607666,120400,USD,NMS,America/New_York,Yahoo Finance
DGICA,2026-08-26,19.15999984741211,19.290000915527344,18.709999084472656,19.100000381469727,19.100000381469727,96000,USD,NMS,America/New_York,Yahoo Finance
DGICA,2026-08-27,19.06999969482422,19.110000610351562,18.75,18.979999542236328,18.979999542236328,100300,USD,NMS,America/New_York,Yahoo Finance
DGICA,2026-08-28,18.979999542236328,19.25,18.889999389648438,19.239999771118164,19.239999771118164,94900,USD,NMS,America/New_York,Yahoo Finance
DGICA,2026-08-31,19.219999313354492,19.280000686645508,18.299999237060547,19.1200008392334,19.1200008392334,117900,USD,NMS,America/New_York,Yahoo Finance
DGICA,2026-09-01,19.209999084472656,19.440000534057617,19.040000915527344,19.170000076293945,19.170000076293945,75200,USD,NMS,America/New_York,Yahoo Finance
DGICA,2026-09-02,19.34000015258789,19.540000915527344,19.170000076293945,19.350000381469727,19.350000381469727,107400,USD,NMS,America/New_York,Yahoo Finance
DGICA,2026-09-03,19.489999771118164,19.760000228881836,19.219999313354492,19.420000076293945,19.420000076293945,98600,USD,NMS,America/New_York,Yahoo Finance
DGICA,2026-09-04,19.290000915527344,19.549999237060547,19.0,19.450000762939453,19.450000762939453,76500,USD,NMS,America/New_York,Yahoo Finance
DGICA,2026-09-08,19.309999465942383,19.450000762939453,18.989999771118164,19.0,19.0,95600,USD,NMS,America/New_York,Yahoo Finance
DGICA,2026-09-09,18.889999389648438,19.020000457763672,18.6200008392334,19.0,19.0,138900,USD,NMS,America/New_York,Yahoo Finance
DGICA,2026-09-10,19.100000381469727,19.270000457763672,19.030000686645508,19.260000228881836,19.260000228881836,84400,USD,NMS,America/New_York,Yahoo Finance
DGICA,2026-09-11,19.34000015258789,19.399999618530273,19.139999389648438,19.360000610351562,19.360000610351562,91800,USD,NMS,America/New_York,Yahoo Finance
DGICA,2026-09-14,19.43000030517578,19.709999084472656,18.979999542236328,19.450000762939453,19.450000762939453,69900,USD,NMS,America/New_York,Yahoo Finance
DGICA,2026-09-15,19.450000762939453,19.520000457763672,19.260000228881836,19.450000762939453,19.450000762939453,77000,USD,NMS,America/New_York,Yahoo Finance
DGICA,2026-09-16,19.350000381469727,19.559999465942383,18.969999313354492,19.0,19.0,167900,USD,NMS,America/New_York,Yahoo Finance
DGICA,2026-09-17,19.06999969482422,19.110000610351562,18.510000228881836,18.8700008392334,18.8700008392334,126300,USD,NMS,America/New_York,Yahoo Finance
DGICA,2026-09-18,18.84000015258789,19.0,18.5,18.729999542236328,18.729999542236328,240000,USD,NMS,America/New_York,Yahoo Finance
DGICA,2026-09-21,18.719999313354492,18.8700008392334,18.56999969482422,18.600000381469727,18.600000381469727,91900,USD,NMS,America/New_York,Yahoo Finance
DGICA,2026-09-22,18.729999542236328,18.729999542236328,18.399999618530273,18.579999923706055,18.579999923706055,106700,USD,NMS,America/New_York,Yahoo Finance
DGICA,2026-09-23,18.530000686645508,18.559999465942383,18.1200008392334,18.1299991607666,18.1299991607666,126600,USD,NMS,America/New_York,Yahoo Finance
DGICA,2026-09-24,18.190000534057617,18.260000228881836,17.920000076293945,17.920000076293945,17.920000076293945,111500,USD,NMS,America/New_York,Yahoo Finance
DGICA,2026-09-25,17.920000076293945,18.200000762939453,17.719999313354492,18.09000015258789,18.09000015258789,160800,USD,NMS,America/New_York,Yahoo Finance
DGICA,2026-09-28,18.079999923706055,18.170000076293945,17.799999237060547,18.020000457763672,18.020000457763672,123700,USD,NMS,America/New_York,Yahoo Finance
DGICA,2026-09-29,17.959999084472656,18.100000381469727,17.860000610351562,18.06999969482422,18.06999969482422,62300,USD,NMS,America/New_York,Yahoo Finance
DGICA,2026-09-30,17.8700008392334,18.09000015258789,17.760000228881836,17.790000915527344,17.790000915527344,143800,USD,NMS,America/New_York,Yahoo Finance
DGICA,2026-10-01,17.81999969482422,18.190000534057617,17.68000030517578,18.170000076293945,18.170000076293945,124800,USD,NMS,America/New_York,Yahoo Finance
DGICA,2026-10-02,18.290000915527344,18.450000762939453,18.020000457763672,18.270000457763672,18.270000457763672,97300,USD,NMS,America/New_York,Yahoo Finance
DHR,2026-08-17,199.99000549316406,203.42999267578125,199.99000549316406,202.6300048828125,202.6300048828125,2982200,USD,NYQ,America/New_York,Yahoo Finance
DHR,2026-08-18,203.97000122070312,204.22999572753906,199.49000549316406,199.5800018310547,199.5800018310547,2289900,USD,NYQ,America/New_York,Yahoo Finance
DHR,2026-08-19,203.10000610351562,212.19000244140625,202.91000366210938,211.5,211.5,5253000,USD,NYQ,America/New_York,Yahoo Finance
DHR,2026-08-20,210.1199951171875,220.6699981689453,208.2100067138672,215.91000366210938,215.91000366210938,5503200,USD,NYQ,America/New_York,Yahoo Finance
DHR,2026-08-21,215.5800018310547,220.25,213.4600067138672,218.85000610351562,218.85000610351562,4701700,USD,NYQ,America/New_York,Yahoo Finance
DHR,2026-08-24,218.3300018310547,218.33999633789062,213.8800048828125,215.11000061035156,215.11000061035156,2510300,USD,NYQ,America/New_York,Yahoo Finance
DHR,2026-08-25,213.8800048828125,216.77000427246094,212.24000549316406,215.97000122070312,215.97000122070312,2339300,USD,NYQ,America/New_York,Yahoo Finance
DHR,2026-08-26,213.22999572753906,216.85000610351562,212.80999755859375,215.36000061035156,215.36000061035156,2531100,USD,NYQ,America/New_York,Yahoo Finance
DHR,2026-08-27,214.77999877929688,218.57000732421875,213.08999633789062,215.67999267578125,215.67999267578125,2926500,USD,NYQ,America/New_York,Yahoo Finance
DHR,2026-08-28,215.10000610351562,217.0399932861328,212.85000610351562,216.07000732421875,216.07000732421875,2860000,USD,NYQ,America/New_York,Yahoo Finance
DHR,2026-08-31,213.4499969482422,215.38999938964844,212.22000122070312,213.55999755859375,213.55999755859375,3608400,USD,NYQ,America/New_York,Yahoo Finance
DHR,2026-09-01,214.74000549316406,215.0,206.5500030517578,206.92999267578125,206.92999267578125,3149200,USD,NYQ,America/New_York,Yahoo Finance
DHR,2026-09-02,207.77000427246094,212.77999877929688,206.10000610351562,209.91000366210938,209.91000366210938,2951000,USD,NYQ,America/New_York,Yahoo Finance
DHR,2026-09-03,210.50999450683594,213.1300048828125,206.0500030517578,211.02999877929688,211.02999877929688,2424200,USD,NYQ,America/New_York,Yahoo Finance
DHR,2026-09-04,207.19000244140625,208.6999969482422,205.22999572753906,207.66000366210938,207.66000366210938,2898100,USD,NYQ,America/New_York,Yahoo Finance
DHR,2026-09-08,205.0,207.83999633789062,202.1199951171875,205.22999572753906,205.22999572753906,3276300,USD,NYQ,America/New_York,Yahoo Finance
DHR,2026-09-09,206.0,206.0500030517578,201.9499969482422,204.85000610351562,204.85000610351562,2773100,USD,NYQ,America/New_York,Yahoo Finance
DHR,2026-09-10,202.3300018310547,203.10000610351562,200.33999633789062,200.52999877929688,200.52999877929688,3021100,USD,NYQ,America/New_York,Yahoo Finance
DHR,2026-09-11,201.99000549316406,202.67999267578125,199.16000366210938,200.13999938964844,200.13999938964844,3628500,USD,NYQ,America/New_York,Yahoo Finance
DHR,2026-09-14,202.47999572753906,203.80999755859375,199.08999633789062,203.25,203.25,3428300,USD,NYQ,America/New_York,Yahoo Finance
DHR,2026-09-15,203.0800018310547,209.5500030517578,202.6199951171875,209.36000061035156,209.36000061035156,3504900,USD,NYQ,America/New_York,Yahoo Finance
DHR,2026-09-16,209.6699981689453,211.97999572753906,206.67999267578125,208.36000061035156,208.36000061035156,3566900,USD,NYQ,America/New_York,Yahoo Finance
DHR,2026-09-17,210.47999572753906,213.27000427246094,206.69000244140625,212.5,212.5,6179100,USD,NYQ,America/New_York,Yahoo Finance
DHR,2026-09-18,212.63999938964844,214.97999572753906,210.10000610351562,211.80999755859375,211.80999755859375,8830000,USD,NYQ,America/New_York,Yahoo Finance
DHR,2026-09-21,212.02999877929688,216.19000244140625,209.60000610351562,215.83999633789062,215.83999633789062,5164000,USD,NYQ,America/New_York,Yahoo Finance
DHR,2026-09-22,215.10000610351562,222.4199981689453,214.27999877929688,221.08999633789062,221.08999633789062,4633000,USD,NYQ,America/New_York,Yahoo Finance
DHR,2026-09-23,221.27000427246094,223.4199981689453,219.9199981689453,221.55999755859375,221.55999755859375,3401500,USD,NYQ,America/New_York,Yahoo Finance
DHR,2026-09-24,220.5,226.64999389648438,219.0,223.77000427246094,223.77000427246094,6196400,USD,NYQ,America/New_York,Yahoo Finance
DHR,2026-09-25,223.3699951171875,224.89999389648438,221.60000610351562,224.49000549316406,224.49000549316406,4423500,USD,NYQ,America/New_York,Yahoo Finance
DHR,2026-09-28,223.39999389648438,228.3800048828125,222.10000610351562,227.3300018310547,227.3300018310547,4898600,USD,NYQ,America/New_York,Yahoo Finance
DHT,2026-08-17,18.420000076293945,18.920000076293945,18.270000457763672,18.899999618530273,18.899999618530273,3508900,USD,NYQ,America/New_York,Yahoo Finance
DHT,2026-08-18,18.940000534057617,19.389999389648438,18.799999237060547,19.309999465942383,19.309999465942383,2723400,USD,NYQ,America/New_York,Yahoo Finance
DHT,2026-08-19,19.559999465942383,20.079999923706055,19.360000610351562,19.989999771118164,19.989999771118164,4041000,USD,NYQ,America/New_York,Yahoo Finance
DHT,2026-08-20,19.799999237060547,20.030000686645508,19.540000915527344,19.799999237060547,19.799999237060547,3876600,USD,NYQ,America/New_York,Yahoo Finance
DHT,2026-08-21,20.0,20.6200008392334,19.719999313354492,19.81999969482422,19.81999969482422,4952800,USD,NYQ,America/New_York,Yahoo Finance
DHT,2026-08-24,19.6299991607666,19.860000610351562,19.43000030517578,19.719999313354492,19.719999313354492,2743500,USD,NYQ,America/New_York,Yahoo Finance
DHT,2026-08-25,19.6200008392334,19.790000915527344,19.1200008392334,19.170000076293945,19.170000076293945,3537700,USD,NYQ,America/New_York,Yahoo Finance
DHT,2026-08-26,19.040000915527344,19.09000015258789,18.25,18.31999969482422,18.31999969482422,4950400,USD,NYQ,America/New_York,Yahoo Finance
DHT,2026-08-27,18.770000457763672,19.56999969482422,18.770000457763672,19.350000381469727,19.350000381469727,3159600,USD,NYQ,America/New_York,Yahoo Finance
DHT,2026-08-28,19.420000076293945,19.860000610351562,19.399999618530273,19.65999984741211,19.65999984741211,1969600,USD,NYQ,America/New_York,Yahoo Finance
DHT,2026-08-31,19.84000015258789,19.940000534057617,19.40999984741211,19.600000381469727,19.600000381469727,2340100,USD,NYQ,America/New_York,Yahoo Finance
DHT,2026-09-01,19.65999984741211,19.920000076293945,19.450000762939453,19.690000534057617,19.690000534057617,2436700,USD,NYQ,America/New_York,Yahoo Finance
DHT,2026-09-02,19.65999984741211,20.100000381469727,19.549999237060547,20.06999969482422,20.06999969482422,2047000,USD,NYQ,America/New_York,Yahoo Finance
DHT,2026-09-03,20.209999084472656,20.469999313354492,19.90999984741211,20.190000534057617,20.190000534057617,4172300,USD,NYQ,America/New_York,Yahoo Finance
DHT,2026-09-04,20.18000030517578,21.09000015258789,20.18000030517578,20.8700008392334,20.8700008392334,5255800,USD,NYQ,America/New_York,Yahoo Finance
DHT,2026-09-08,21.059999465942383,21.149999618530273,20.56999969482422,20.81999969482422,20.81999969482422,2787500,USD,NYQ,America/New_York,Yahoo Finance
DHT,2026-09-09,21.0,21.290000915527344,20.690000534057617,21.200000762939453,21.200000762939453,2746100,USD,NYQ,America/New_York,Yahoo Finance
DHT,2026-09-10,21.40999984741211,21.59000015258789,21.06999969482422,21.43000030517578,21.43000030517578,3633500,USD,NYQ,America/New_York,Yahoo Finance
DHT,2026-09-11,21.299999237060547,22.280000686645508,21.290000915527344,22.0,22.0,5204000,USD,NYQ,America/New_York,Yahoo Finance
DHT,2026-09-14,22.139999389648438,22.280000686645508,21.549999237060547,22.149999618530273,22.149999618530273,3949600,USD,NYQ,America/New_York,Yahoo Finance
DHT,2026-09-15,22.399999618530273,22.81999969482422,21.950000762939453,22.139999389648438,22.139999389648438,6057000,USD,NYQ,America/New_York,Yahoo Finance
DHT,2026-09-16,22.190000534057617,23.459999084472656,22.1299991607666,23.040000915527344,23.040000915527344,5315700,USD,NYQ,America/New_York,Yahoo Finance
DHT,2026-09-17,22.969999313354492,23.25,22.739999771118164,22.81999969482422,22.81999969482422,5456300,USD,NYQ,America/New_York,Yahoo Finance
DHT,2026-09-18,23.15999984741211,23.510000228881836,22.8799991607666,23.270000457763672,23.270000457763672,4464000,USD,NYQ,America/New_York,Yahoo Finance
DHT,2026-09-21,23.0,23.559999465942383,22.290000915527344,22.450000762939453,22.450000762939453,4427000,USD,NYQ,America/New_York,Yahoo Finance
DHT,2026-09-22,21.799999237060547,21.979999542236328,21.31999969482422,21.389999389648438,21.389999389648438,4824100,USD,NYQ,America/New_York,Yahoo Finance
DHT,2026-09-23,21.350000381469727,21.5,20.639999389648438,21.280000686645508,21.280000686645508,3743400,USD,NYQ,America/New_York,Yahoo Finance
DHT,2026-09-24,21.229999542236328,21.899999618530273,21.040000915527344,21.68000030517578,21.68000030517578,5039900,USD,NYQ,America/New_York,Yahoo Finance
DHT,2026-09-25,21.459999084472656,21.93000030517578,21.31999969482422,21.780000686645508,21.780000686645508,3392200,USD,NYQ,America/New_York,Yahoo Finance
DHT,2026-09-28,22.079999923706055,22.31999969482422,21.610000610351562,21.899999618530273,21.899999618530273,3707900,USD,NYQ,America/New_York,Yahoo Finance
DHX,2026-08-21,4.170000076293945,4.25,4.099999904632568,4.190000057220459,4.190000057220459,117200,USD,NYQ,America/New_York,Yahoo Finance
DHX,2026-08-24,4.170000076293945,4.269999980926514,3.9700000286102295,4.21999979019165,4.21999979019165,352200,USD,NYQ,America/New_York,Yahoo Finance
DHX,2026-08-25,4.230000019073486,4.480000019073486,4.159999847412109,4.380000114440918,4.380000114440918,556400,USD,NYQ,America/New_York,Yahoo Finance
DHX,2026-08-26,4.389999866485596,4.5,4.309999942779541,4.449999809265137,4.449999809265137,195900,USD,NYQ,America/New_York,Yahoo Finance
DHX,2026-08-27,4.400000095367432,4.409999847412109,4.03000020980835,4.099999904632568,4.099999904632568,230000,USD,NYQ,America/New_York,Yahoo Finance
DHX,2026-08-28,4.130000114440918,4.28000020980835,3.9800000190734863,4.050000190734863,4.050000190734863,127700,USD,NYQ,America/New_York,Yahoo Finance
DHX,2026-08-31,3.9100000858306885,4.329999923706055,3.9100000858306885,4.289999961853027,4.289999961853027,295800,USD,NYQ,America/New_York,Yahoo Finance
DHX,2026-09-01,4.230000019073486,4.53000020980835,4.230000019073486,4.46999979019165,4.46999979019165,449000,USD,NYQ,America/New_York,Yahoo Finance
DHX,2026-09-02,4.46999979019165,4.75,4.440000057220459,4.639999866485596,4.639999866485596,367600,USD,NYQ,America/New_York,Yahoo Finance
DHX,2026-09-03,4.679999828338623,4.789999961853027,4.539999961853027,4.579999923706055,4.579999923706055,217500,USD,NYQ,America/New_York,Yahoo Finance
DHX,2026-09-04,4.519999980926514,4.639999866485596,4.300000190734863,4.519999980926514,4.519999980926514,225200,USD,NYQ,America/New_York,Yahoo Finance
DHX,2026-09-08,4.489999771118164,4.489999771118164,4.059999942779541,4.300000190734863,4.300000190734863,481800,USD,NYQ,America/New_York,Yahoo Finance
DHX,2026-09-09,4.340000152587891,4.550000190734863,4.340000152587891,4.519999980926514,4.519999980926514,239700,USD,NYQ,America/New_York,Yahoo Finance
DHX,2026-09-10,4.5,4.5,4.400000095367432,4.46999979019165,4.46999979019165,171300,USD,NYQ,America/New_York,Yahoo Finance
DHX,2026-09-11,4.489999771118164,4.71999979019165,4.489999771118164,4.53000020980835,4.53000020980835,254000,USD,NYQ,America/New_York,Yahoo Finance
DHX,2026-09-14,4.5,4.909999847412109,4.5,4.800000190734863,4.800000190734863,398300,USD,NYQ,America/New_York,Yahoo Finance
DHX,2026-09-15,4.730000019073486,4.949999809265137,4.710000038146973,4.889999866485596,4.889999866485596,272600,USD,NYQ,America/New_York,Yahoo Finance
DHX,2026-09-16,4.889999866485596,5.190000057220459,4.889999866485596,4.949999809265137,4.949999809265137,516700,USD,NYQ,America/New_York,Yahoo Finance
DHX,2026-09-17,5.059999942779541,5.059999942779541,4.889999866485596,4.989999771118164,4.989999771118164,292000,USD,NYQ,America/New_York,Yahoo Finance
DHX,2026-09-18,5.0,5.0,4.71999979019165,4.900000095367432,4.900000095367432,368700,USD,NYQ,America/New_York,Yahoo Finance
DHX,2026-09-21,4.889999866485596,4.949999809265137,4.670000076293945,4.730000019073486,4.730000019073486,342000,USD,NYQ,America/New_York,Yahoo Finance
DHX,2026-09-22,4.739999771118164,4.840000152587891,4.670000076293945,4.710000038146973,4.710000038146973,279000,USD,NYQ,America/New_York,Yahoo Finance
DHX,2026-09-23,4.71999979019165,4.71999979019165,4.559999942779541,4.599999904632568,4.599999904632568,292300,USD,NYQ,America/New_York,Yahoo Finance
DHX,2026-09-24,4.590000152587891,4.730000019073486,4.590000152587891,4.730000019073486,4.730000019073486,193100,USD,NYQ,America/New_York,Yahoo Finance
DHX,2026-09-25,4.670000076293945,4.78000020980835,4.670000076293945,4.730000019073486,4.730000019073486,127200,USD,NYQ,America/New_York,Yahoo Finance
DHX,2026-09-28,4.730000019073486,4.730000019073486,4.539999961853027,4.630000114440918,4.630000114440918,220600,USD,NYQ,America/New_York,Yahoo Finance
DHX,2026-09-29,4.710000038146973,5.0,4.650000095367432,4.880000114440918,4.880000114440918,283200,USD,NYQ,America/New_York,Yahoo Finance
DHX,2026-09-30,4.869999885559082,4.869999885559082,4.659999847412109,4.699999809265137,4.699999809265137,156600,USD,NYQ,America/New_York,Yahoo Finance
DHX,2026-10-01,4.730000019073486,4.809999942779541,4.639999866485596,4.769999980926514,4.769999980926514,194700,USD,NYQ,America/New_York,Yahoo Finance
DHX,2026-10-02,4.760000228881836,4.889999866485596,4.699999809265137,4.809999942779541,4.809999942779541,146800,USD,NYQ,America/New_York,Yahoo Finance
DIOD,2026-08-17,104.0,110.11000061035156,103.4000015258789,107.55999755859375,107.55999755859375,918600,USD,NMS,America/New_York,Yahoo Finance
DIOD,2026-08-18,103.01000213623047,103.63999938964844,98.1500015258789,99.0999984741211,99.0999984741211,742400,USD,NMS,America/New_York,Yahoo Finance
DIOD,2026-08-19,100.88999938964844,100.88999938964844,91.9000015258789,94.31999969482422,94.31999969482422,704900,USD,NMS,America/New_York,Yahoo Finance
DIOD,2026-08-20,93.51000213623047,95.80999755859375,90.37999725341797,90.73999786376953,90.73999786376953,459600,USD,NMS,America/New_York,Yahoo Finance
DIOD,2026-08-21,92.1500015258789,95.16999816894531,90.36000061035156,94.04000091552734,94.04000091552734,719800,USD,NMS,America/New_York,Yahoo Finance
DIOD,2026-08-24,92.22000122070312,92.22000122070312,88.55999755859375,89.75,89.75,502300,USD,NMS,America/New_York,Yahoo Finance
DIOD,2026-08-25,92.27999877929688,92.95999908447266,89.73999786376953,92.94999694824219,92.94999694824219,646200,USD,NMS,America/New_York,Yahoo Finance
DIOD,2026-08-26,93.19000244140625,94.31999969482422,90.30999755859375,90.54000091552734,90.54000091552734,560300,USD,NMS,America/New_York,Yahoo Finance
DIOD,2026-08-27,92.44999694824219,92.88999938964844,90.19999694824219,90.86000061035156,90.86000061035156,542300,USD,NMS,America/New_York,Yahoo Finance
DIOD,2026-08-28,90.87000274658203,90.87000274658203,86.0,88.0,88.0,654600,USD,NMS,America/New_York,Yahoo Finance
DIOD,2026-08-31,89.13999938964844,90.94999694824219,88.0,90.80000305175781,90.80000305175781,825500,USD,NMS,America/New_York,Yahoo Finance
DIOD,2026-09-01,88.61000061035156,89.08000183105469,86.72000122070312,87.12999725341797,87.12999725341797,621800,USD,NMS,America/New_York,Yahoo Finance
DIOD,2026-09-02,87.72000122070312,90.1500015258789,85.7699966430664,90.02999877929688,90.02999877929688,657700,USD,NMS,America/New_York,Yahoo Finance
DIOD,2026-09-03,89.83000183105469,90.66999816894531,87.2300033569336,89.94999694824219,89.94999694824219,321100,USD,NMS,America/New_York,Yahoo Finance
DIOD,2026-09-04,91.29000091552734,92.05999755859375,88.87999725341797,91.79000091552734,91.79000091552734,351600,USD,NMS,America/New_York,Yahoo Finance
DIOD,2026-09-08,93.33999633789062,93.76000213623047,90.27999877929688,90.91999816894531,90.91999816894531,312200,USD,NMS,America/New_York,Yahoo Finance
DIOD,2026-09-09,89.55999755859375,92.23999786376953,89.37999725341797,90.06999969482422,90.06999969482422,285900,USD,NMS,America/New_York,Yahoo Finance
DIOD,2026-09-10,87.30000305175781,92.55000305175781,87.0999984741211,91.66000366210938,91.66000366210938,442000,USD,NMS,America/New_York,Yahoo Finance
DIOD,2026-09-11,93.36000061035156,95.76000213623047,91.37000274658203,95.01000213623047,95.01000213623047,484200,USD,NMS,America/New_York,Yahoo Finance
DIOD,2026-09-14,89.48999786376953,92.12999725341797,88.23999786376953,90.30999755859375,90.30999755859375,932100,USD,NMS,America/New_York,Yahoo Finance
DIOD,2026-09-15,91.70999908447266,91.80999755859375,86.8499984741211,90.2699966430664,90.2699966430664,419800,USD,NMS,America/New_York,Yahoo Finance
DIOD,2026-09-16,91.62000274658203,92.68000030517578,87.43000030517578,89.43000030517578,89.43000030517578,521300,USD,NMS,America/New_York,Yahoo Finance
DIOD,2026-09-17,92.79000091552734,93.5,90.58000183105469,90.79000091552734,90.79000091552734,375400,USD,NMS,America/New_York,Yahoo Finance
DIOD,2026-09-18,92.19999694824219,92.43000030517578,90.25,92.37000274658203,92.37000274658203,705200,USD,NMS,America/New_York,Yahoo Finance
DIOD,2026-09-21,94.43000030517578,94.43000030517578,90.68000030517578,90.7300033569336,90.7300033569336,686600,USD,NMS,America/New_York,Yahoo Finance
DIOD,2026-09-22,90.25,96.43000030517578,89.55999755859375,95.94000244140625,95.94000244140625,945500,USD,NMS,America/New_York,Yahoo Finance
DIOD,2026-09-23,94.79000091552734,95.83000183105469,92.2300033569336,95.51000213623047,95.51000213623047,328700,USD,NMS,America/New_York,Yahoo Finance
DIOD,2026-09-24,93.69999694824219,95.16999816894531,91.8499984741211,94.73999786376953,94.73999786376953,518600,USD,NMS,America/New_York,Yahoo Finance
DIOD,2026-09-25,95.88999938964844,97.91000366210938,95.12999725341797,95.83999633789062,95.83999633789062,353200,USD,NMS,America/New_York,Yahoo Finance
DIOD,2026-09-28,95.83999633789062,96.56999969482422,92.9000015258789,96.37000274658203,96.37000274658203,465500,USD,NMS,America/New_York,Yahoo Finance
DLX,2026-08-17,23.950000762939453,24.309999465942383,23.549999237060547,24.270000457763672,23.970001220703125,544800,USD,NYQ,America/New_York,Yahoo Finance
DLX,2026-08-18,23.979999542236328,24.059999465942383,23.31999969482422,23.31999969482422,23.31999969482422,509200,USD,NYQ,America/New_York,Yahoo Finance
DLX,2026-08-19,23.600000381469727,23.979999542236328,23.579999923706055,23.600000381469727,23.600000381469727,538800,USD,NYQ,America/New_York,Yahoo Finance
DLX,2026-08-20,23.450000762939453,24.079999923706055,23.34000015258789,23.899999618530273,23.899999618530273,437700,USD,NYQ,America/New_York,Yahoo Finance
DLX,2026-08-21,23.90999984741211,24.0,23.56999969482422,23.610000610351562,23.610000610351562,928000,USD,NYQ,America/New_York,Yahoo Finance
DLX,2026-08-24,23.799999237060547,24.229999542236328,23.799999237060547,24.079999923706055,24.079999923706055,359300,USD,NYQ,America/New_York,Yahoo Finance
DLX,2026-08-25,24.079999923706055,24.139999389648438,23.760000228881836,23.93000030517578,23.93000030517578,332400,USD,NYQ,America/New_York,Yahoo Finance
DLX,2026-08-26,24.040000915527344,24.09000015258789,23.600000381469727,23.6200008392334,23.6200008392334,291600,USD,NYQ,America/New_York,Yahoo Finance
DLX,2026-08-27,23.5,23.959999084472656,23.450000762939453,23.579999923706055,23.579999923706055,305600,USD,NYQ,America/New_York,Yahoo Finance
DLX,2026-08-28,23.780000686645508,24.020000457763672,23.510000228881836,23.639999389648438,23.639999389648438,272800,USD,NYQ,America/New_York,Yahoo Finance
DLX,2026-08-31,23.5,23.530000686645508,22.920000076293945,23.100000381469727,23.100000381469727,391000,USD,NYQ,America/New_York,Yahoo Finance
DLX,2026-09-01,23.170000076293945,23.31999969482422,22.670000076293945,22.829999923706055,22.829999923706055,515800,USD,NYQ,America/New_York,Yahoo Finance
DLX,2026-09-02,22.899999618530273,23.950000762939453,22.889999389648438,23.780000686645508,23.780000686645508,474700,USD,NYQ,America/New_York,Yahoo Finance
DLX,2026-09-03,24.040000915527344,24.420000076293945,23.600000381469727,24.399999618530273,24.399999618530273,510500,USD,NYQ,America/New_York,Yahoo Finance
DLX,2026-09-04,24.030000686645508,24.299999237060547,23.84000015258789,24.290000915527344,24.290000915527344,819800,USD,NYQ,America/New_York,Yahoo Finance
DLX,2026-09-08,24.079999923706055,24.079999923706055,23.440000534057617,23.450000762939453,23.450000762939453,520100,USD,NYQ,America/New_York,Yahoo Finance
DLX,2026-09-09,23.399999618530273,23.81999969482422,23.280000686645508,23.5,23.5,433800,USD,NYQ,America/New_York,Yahoo Finance
DLX,2026-09-10,23.520000457763672,23.729999542236328,23.25,23.639999389648438,23.639999389648438,291400,USD,NYQ,America/New_York,Yahoo Finance
DLX,2026-09-11,23.889999389648438,24.040000915527344,23.549999237060547,23.6200008392334,23.6200008392334,360900,USD,NYQ,America/New_York,Yahoo Finance
DLX,2026-09-14,23.93000030517578,24.209999084472656,23.770000457763672,23.790000915527344,23.790000915527344,271300,USD,NYQ,America/New_York,Yahoo Finance
DLX,2026-09-15,23.56999969482422,23.719999313354492,23.420000076293945,23.559999465942383,23.559999465942383,329600,USD,NYQ,America/New_York,Yahoo Finance
DLX,2026-09-16,23.450000762939453,23.940000534057617,23.450000762939453,23.649999618530273,23.649999618530273,299800,USD,NYQ,America/New_York,Yahoo Finance
DLX,2026-09-17,23.969999313354492,24.229999542236328,23.639999389648438,23.920000076293945,23.920000076293945,390000,USD,NYQ,America/New_York,Yahoo Finance
DLX,2026-09-18,23.600000381469727,23.610000610351562,23.040000915527344,23.309999465942383,23.309999465942383,1120300,USD,NYQ,America/New_York,Yahoo Finance
DLX,2026-09-21,23.389999389648438,23.809999465942383,23.3700008392334,23.450000762939453,23.450000762939453,416300,USD,NYQ,America/New_York,Yahoo Finance
DLX,2026-09-22,23.729999542236328,23.950000762939453,23.450000762939453,23.809999465942383,23.809999465942383,311000,USD,NYQ,America/New_York,Yahoo Finance
DLX,2026-09-23,23.690000534057617,24.020000457763672,23.600000381469727,23.8799991607666,23.8799991607666,427200,USD,NYQ,America/New_York,Yahoo Finance
DLX,2026-09-24,23.889999389648438,24.350000381469727,23.5,24.290000915527344,24.290000915527344,355200,USD,NYQ,America/New_York,Yahoo Finance
DLX,2026-09-25,24.3700008392334,24.5,24.09000015258789,24.329999923706055,24.329999923706055,415300,USD,NYQ,America/New_York,Yahoo Finance
DLX,2026-09-28,24.190000534057617,24.200000762939453,23.600000381469727,23.8799991607666,23.8799991607666,483700,USD,NYQ,America/New_York,Yahoo Finance
DNLI,2026-08-17,24.290000915527344,24.65999984741211,24.110000610351562,24.350000381469727,24.350000381469727,1003100,USD,NMS,America/New_York,Yahoo Finance
DNLI,2026-08-18,24.170000076293945,24.489999771118164,24.010000228881836,24.309999465942383,24.309999465942383,1099600,USD,NMS,America/New_York,Yahoo Finance
DNLI,2026-08-19,25.0,25.700000762939453,24.610000610351562,25.690000534057617,25.690000534057617,1150300,USD,NMS,America/New_York,Yahoo Finance
DNLI,2026-08-20,25.149999618530273,25.60300064086914,24.649999618530273,24.950000762939453,24.950000762939453,976600,USD,NMS,America/New_York,Yahoo Finance
DNLI,2026-08-21,25.25,25.3700008392334,24.600000381469727,24.920000076293945,24.920000076293945,681000,USD,NMS,America/New_York,Yahoo Finance
DNLI,2026-08-24,24.8799991607666,25.26799964904785,23.40999984741211,24.200000762939453,24.200000762939453,1321100,USD,NMS,America/New_York,Yahoo Finance
DNLI,2026-08-25,24.860000610351562,25.260000228881836,24.809999465942383,24.93000030517578,24.93000030517578,1120500,USD,NMS,America/New_York,Yahoo Finance
DNLI,2026-08-26,24.75,24.889999389648438,24.329999923706055,24.56999969482422,24.56999969482422,771300,USD,NMS,America/New_York,Yahoo Finance
DNLI,2026-08-27,24.43000030517578,24.739999771118164,24.15999984741211,24.670000076293945,24.670000076293945,700100,USD,NMS,America/New_York,Yahoo Finance
DNLI,2026-08-28,24.420000076293945,24.614999771118164,23.920000076293945,24.0,24.0,807600,USD,NMS,America/New_York,Yahoo Finance
DNLI,2026-08-31,23.719999313354492,24.010000228881836,23.410999298095703,23.760000228881836,23.760000228881836,985800,USD,NMS,America/New_York,Yahoo Finance
DNLI,2026-09-01,23.440000534057617,23.75,23.059999465942383,23.264999389648438,23.264999389648438,1431700,USD,NMS,America/New_York,Yahoo Finance
DNLI,2026-09-02,23.329999923706055,23.860000610351562,22.530000686645508,22.850000381469727,22.850000381469727,1768600,USD,NMS,America/New_York,Yahoo Finance
DNLI,2026-09-03,23.0,23.024999618530273,22.350000381469727,22.799999237060547,22.799999237060547,1728000,USD,NMS,America/New_York,Yahoo Finance
DNLI,2026-09-04,22.31999969482422,22.475000381469727,22.145000457763672,22.280000686645508,22.280000686645508,799600,USD,NMS,America/New_York,Yahoo Finance
DNLI,2026-09-08,21.790000915527344,22.25,21.65999984741211,22.079999923706055,22.079999923706055,1653800,USD,NMS,America/New_York,Yahoo Finance
DNLI,2026-09-09,21.690000534057617,22.059999465942383,21.34000015258789,21.56999969482422,21.56999969482422,2091500,USD,NMS,America/New_York,Yahoo Finance
DNLI,2026-09-10,21.239999771118164,21.579999923706055,21.09000015258789,21.399999618530273,21.399999618530273,938600,USD,NMS,America/New_York,Yahoo Finance
DNLI,2026-09-11,21.648000717163086,21.79199981689453,21.05500030517578,21.09000015258789,21.09000015258789,1239500,USD,NMS,America/New_York,Yahoo Finance
DNLI,2026-09-14,21.09000015258789,21.579999923706055,20.959999084472656,21.219999313354492,21.219999313354492,1074000,USD,NMS,America/New_York,Yahoo Finance
DNLI,2026-09-15,21.010000228881836,21.100000381469727,20.270000457763672,20.3799991607666,20.3799991607666,1837300,USD,NMS,America/New_York,Yahoo Finance
DNLI,2026-09-16,20.399999618530273,20.510000228881836,19.8700008392334,20.059999465942383,20.059999465942383,1855600,USD,NMS,America/New_York,Yahoo Finance
DNLI,2026-09-17,20.56999969482422,20.649999618530273,19.899999618530273,20.1299991607666,20.1299991607666,1421400,USD,NMS,America/New_York,Yahoo Finance
DNLI,2026-09-18,20.06999969482422,20.155000686645508,19.559999465942383,19.719999313354492,19.719999313354492,2956000,USD,NMS,America/New_York,Yahoo Finance
DNLI,2026-09-21,19.989999771118164,20.549999237060547,19.399999618530273,20.469999313354492,20.469999313354492,2393800,USD,NMS,America/New_York,Yahoo Finance
DNLI,2026-09-22,20.7549991607666,21.790000915527344,20.469999313354492,21.600000381469727,21.600000381469727,2336600,USD,NMS,America/New_York,Yahoo Finance
DNLI,2026-09-23,21.5,21.510000228881836,20.329999923706055,20.459999084472656,20.459999084472656,1914000,USD,NMS,America/New_York,Yahoo Finance
DNLI,2026-09-24,20.399999618530273,20.639999389648438,19.725000381469727,20.469999313354492,20.469999313354492,2273000,USD,NMS,America/New_York,Yahoo Finance
DNLI,2026-09-25,20.459999084472656,20.594999313354492,19.959999084472656,20.389999389648438,20.389999389648438,1257500,USD,NMS,America/New_York,Yahoo Finance
DNLI,2026-09-28,20.049999237060547,21.260000228881836,19.93000030517578,20.979999542236328,20.979999542236328,2559500,USD,NMS,America/New_York,Yahoo Finance
DOLE,2026-08-17,13.180000305175781,13.229999542236328,12.875,12.930000305175781,12.847115516662598,1320200,USD,NYQ,America/New_York,Yahoo Finance
DOLE,2026-08-18,13.130000114440918,13.1899995803833,12.920000076293945,12.920000076293945,12.837180137634277,1132500,USD,NYQ,America/New_York,Yahoo Finance
DOLE,2026-08-19,13.109999656677246,13.40999984741211,13.074999809265137,13.289999961853027,13.204808235168457,817100,USD,NYQ,America/New_York,Yahoo Finance
DOLE,2026-08-20,13.170000076293945,13.460000038146973,13.170000076293945,13.369999885559082,13.284295082092285,828800,USD,NYQ,America/New_York,Yahoo Finance
DOLE,2026-08-21,13.40999984741211,13.4399995803833,13.220000267028809,13.3100004196167,13.224679946899414,676500,USD,NYQ,America/New_York,Yahoo Finance
DOLE,2026-08-24,13.420000076293945,13.579999923706055,13.40999984741211,13.460000038146973,13.37371826171875,959100,USD,NYQ,America/New_York,Yahoo Finance
DOLE,2026-08-25,13.420000076293945,13.59000015258789,13.369999885559082,13.539999961853027,13.453205108642578,1111100,USD,NYQ,America/New_York,Yahoo Finance
DOLE,2026-08-26,13.529999732971191,13.71500015258789,13.505000114440918,13.630000114440918,13.542628288269043,1582200,USD,NYQ,America/New_York,Yahoo Finance
DOLE,2026-08-27,13.5,13.805000305175781,13.479999542236328,13.6899995803833,13.602243423461914,1471400,USD,NYQ,America/New_York,Yahoo Finance
DOLE,2026-08-28,13.75,13.906999588012695,13.6850004196167,13.779999732971191,13.691666603088379,857500,USD,NYQ,America/New_York,Yahoo Finance
DOLE,2026-08-31,13.770000457763672,13.890000343322754,13.706999778747559,13.850000381469727,13.761218070983887,1002500,USD,NYQ,America/New_York,Yahoo Finance
DOLE,2026-09-01,13.869999885559082,14.03499984741211,13.850000381469727,13.850000381469727,13.761218070983887,1166000,USD,NYQ,America/New_York,Yahoo Finance
DOLE,2026-09-02,13.930000305175781,14.095000267028809,13.84000015258789,14.0600004196167,13.96987247467041,1147400,USD,NYQ,America/New_York,Yahoo Finance
DOLE,2026-09-03,14.140000343322754,14.140000343322754,13.800000190734863,13.899999618530273,13.810896873474121,899100,USD,NYQ,America/New_York,Yahoo Finance
DOLE,2026-09-04,13.8100004196167,14.09000015258789,13.800000190734863,14.010000228881836,13.92019271850586,809400,USD,NYQ,America/New_York,Yahoo Finance
DOLE,2026-09-08,13.920000076293945,14.010000228881836,13.760000228881836,13.890000343322754,13.800962448120117,1043500,USD,NYQ,America/New_York,Yahoo Finance
DOLE,2026-09-09,13.859999656677246,14.029999732971191,13.635000228881836,13.789999961853027,13.701602935791016,1256300,USD,NYQ,America/New_York,Yahoo Finance
DOLE,2026-09-10,13.819999694824219,13.890000343322754,13.520000457763672,13.569999694824219,13.483013153076172,798400,USD,NYQ,America/New_York,Yahoo Finance
DOLE,2026-09-11,13.720000267028809,13.770000457763672,13.329999923706055,13.329999923706055,13.244551658630371,1003300,USD,NYQ,America/New_York,Yahoo Finance
DOLE,2026-09-14,13.5,13.635000228881836,13.170000076293945,13.239999771118164,13.155128479003906,1955100,USD,NYQ,America/New_York,Yahoo Finance
DOLE,2026-09-15,13.220000267028809,13.3100004196167,13.109999656677246,13.260000228881836,13.175000190734863,964100,USD,NYQ,America/New_York,Yahoo Finance
DOLE,2026-09-16,13.15999984741211,13.345000267028809,13.100000381469727,13.100000381469727,13.100000381469727,857900,USD,NYQ,America/New_York,Yahoo Finance
DOLE,2026-09-17,13.15999984741211,13.25,13.079999923706055,13.140000343322754,13.140000343322754,746400,USD,NYQ,America/New_York,Yahoo Finance
DOLE,2026-09-18,13.069999694824219,13.170000076293945,12.979999542236328,13.029999732971191,13.029999732971191,1203800,USD,NYQ,America/New_York,Yahoo Finance
DOLE,2026-09-21,13.039999961853027,13.09000015258789,12.970000267028809,13.0,13.0,1126100,USD,NYQ,America/New_York,Yahoo Finance
DOLE,2026-09-22,13.109999656677246,13.289999961853027,13.0600004196167,13.199999809265137,13.199999809265137,844400,USD,NYQ,America/New_York,Yahoo Finance
DOLE,2026-09-23,13.199999809265137,13.229999542236328,12.920000076293945,12.920000076293945,12.920000076293945,569000,USD,NYQ,America/New_York,Yahoo Finance
DOLE,2026-09-24,13.020000457763672,13.020000457763672,12.829999923706055,12.899999618530273,12.899999618530273,833800,USD,NYQ,America/New_York,Yahoo Finance
DOLE,2026-09-25,12.880000114440918,13.010000228881836,12.760000228881836,12.979999542236328,12.979999542236328,759000,USD,NYQ,America/New_York,Yahoo Finance
DOLE,2026-09-28,12.96500015258789,13.079999923706055,12.920000076293945,12.979999542236328,12.979999542236328,774000,USD,NYQ,America/New_York,Yahoo Finance
DORM,2026-08-17,135.2100067138672,136.36000061035156,133.47000122070312,133.6999969482422,133.6999969482422,121600,USD,NMS,America/New_York,Yahoo Finance
DORM,2026-08-18,134.1300048828125,134.86000061035156,131.9499969482422,132.82000732421875,132.82000732421875,189400,USD,NMS,America/New_York,Yahoo Finance
DORM,2026-08-19,134.02999877929688,136.77000427246094,132.72999572753906,134.1199951171875,134.1199951171875,162700,USD,NMS,America/New_York,Yahoo Finance
DORM,2026-08-20,131.72999572753906,134.0399932861328,130.61000061035156,131.3699951171875,131.3699951171875,160800,USD,NMS,America/New_York,Yahoo Finance
DORM,2026-08-21,132.52999877929688,133.38999938964844,131.5,132.1199951171875,132.1199951171875,166400,USD,NMS,America/New_York,Yahoo Finance
DORM,2026-08-24,133.0399932861328,133.19000244140625,129.77999877929688,131.08999633789062,131.08999633789062,134900,USD,NMS,America/New_York,Yahoo Finance
DORM,2026-08-25,131.25,132.63999938964844,128.99000549316406,130.4600067138672,130.4600067138672,156000,USD,NMS,America/New_York,Yahoo Finance
DORM,2026-08-26,130.4600067138672,130.8699951171875,128.1999969482422,129.39999389648438,129.39999389648438,139900,USD,NMS,America/New_York,Yahoo Finance
DORM,2026-08-27,128.25999450683594,129.22000122070312,126.91000366210938,128.2100067138672,128.2100067138672,125200,USD,NMS,America/New_York,Yahoo Finance
DORM,2026-08-28,128.8699951171875,130.86000061035156,125.54000091552734,129.35000610351562,129.35000610351562,156000,USD,NMS,America/New_York,Yahoo Finance
DORM,2026-08-31,129.00999450683594,129.7100067138672,127.8499984741211,128.85000610351562,128.85000610351562,159000,USD,NMS,America/New_York,Yahoo Finance
DORM,2026-09-01,127.44000244140625,128.5399932861328,126.05000305175781,127.18000030517578,127.18000030517578,141700,USD,NMS,America/New_York,Yahoo Finance
DORM,2026-09-02,128.0500030517578,129.74000549316406,124.44000244140625,128.5399932861328,128.5399932861328,279200,USD,NMS,America/New_York,Yahoo Finance
DORM,2026-09-03,130.44000244140625,131.86000061035156,126.88999938964844,129.66000366210938,129.66000366210938,244900,USD,NMS,America/New_York,Yahoo Finance
DORM,2026-09-04,128.63999938964844,132.0500030517578,128.49000549316406,131.3000030517578,131.3000030517578,167400,USD,NMS,America/New_York,Yahoo Finance
DORM,2026-09-08,129.89999389648438,131.22000122070312,128.5399932861328,128.77999877929688,128.77999877929688,163800,USD,NMS,America/New_York,Yahoo Finance
DORM,2026-09-09,127.5199966430664,130.2100067138672,126.12999725341797,126.5999984741211,126.5999984741211,196100,USD,NMS,America/New_York,Yahoo Finance
DORM,2026-09-10,126.36000061035156,127.30999755859375,125.16000366210938,126.62999725341797,126.62999725341797,144200,USD,NMS,America/New_York,Yahoo Finance
DORM,2026-09-11,128.72000122070312,128.72000122070312,126.0999984741211,126.66000366210938,126.66000366210938,126500,USD,NMS,America/New_York,Yahoo Finance
DORM,2026-09-14,126.19999694824219,127.0,125.75,126.5999984741211,126.5999984741211,140200,USD,NMS,America/New_York,Yahoo Finance
DORM,2026-09-15,126.5999984741211,126.5999984741211,124.20999908447266,125.19000244140625,125.19000244140625,193100,USD,NMS,America/New_York,Yahoo Finance
DORM,2026-09-16,125.70999908447266,126.94000244140625,124.1500015258789,124.95999908447266,124.95999908447266,215000,USD,NMS,America/New_York,Yahoo Finance
DORM,2026-09-17,126.73999786376953,126.73999786376953,123.01000213623047,123.12000274658203,123.12000274658203,146100,USD,NMS,America/New_York,Yahoo Finance
DORM,2026-09-18,122.1500015258789,123.44000244140625,119.48999786376953,122.44000244140625,122.44000244140625,364100,USD,NMS,America/New_York,Yahoo Finance
DORM,2026-09-21,122.33000183105469,122.5999984741211,119.66000366210938,120.41999816894531,120.41999816894531,229000,USD,NMS,America/New_York,Yahoo Finance
DORM,2026-09-22,122.7699966430664,124.70999908447266,119.54000091552734,120.80999755859375,120.80999755859375,223100,USD,NMS,America/New_York,Yahoo Finance
DORM,2026-09-23,119.66000366210938,121.95999908447266,118.30000305175781,121.41000366210938,121.41000366210938,237500,USD,NMS,America/New_York,Yahoo Finance
DORM,2026-09-24,121.80999755859375,123.51000213623047,120.23999786376953,122.5999984741211,122.5999984741211,212200,USD,NMS,America/New_York,Yahoo Finance
DORM,2026-09-25,123.26000213623047,125.01000213623047,122.0,124.0199966430664,124.0199966430664,198700,USD,NMS,America/New_York,Yahoo Finance
DORM,2026-09-28,122.93000030517578,124.37000274658203,122.04000091552734,123.70999908447266,123.70999908447266,183100,USD,NMS,America/New_York,Yahoo Finance
DRVN,2026-08-17,12.75,12.770000457763672,12.375,12.755000114440918,12.755000114440918,761500,USD,NMS,America/New_York,Yahoo Finance
DRVN,2026-08-18,12.899999618530273,13.255000114440918,12.600000381469727,12.890000343322754,12.890000343322754,1664500,USD,NMS,America/New_York,Yahoo Finance
DRVN,2026-08-19,12.960000038146973,13.359999656677246,12.960000038146973,13.229999542236328,13.229999542236328,1272400,USD,NMS,America/New_York,Yahoo Finance
DRVN,2026-08-20,13.350000381469727,13.380000114440918,12.850000381469727,13.039999961853027,13.039999961853027,1087500,USD,NMS,America/New_York,Yahoo Finance
DRVN,2026-08-21,13.079999923706055,13.229999542236328,12.84000015258789,13.170000076293945,13.170000076293945,649000,USD,NMS,America/New_York,Yahoo Finance
DRVN,2026-08-24,13.15999984741211,13.3149995803833,12.90999984741211,13.029999732971191,13.029999732971191,568800,USD,NMS,America/New_York,Yahoo Finance
DRVN,2026-08-25,13.100000381469727,13.204999923706055,12.920000076293945,13.15999984741211,13.15999984741211,1150700,USD,NMS,America/New_York,Yahoo Finance
DRVN,2026-08-26,13.180000305175781,13.34000015258789,12.84000015258789,13.0,13.0,750300,USD,NMS,America/New_York,Yahoo Finance
DRVN,2026-08-27,12.960000038146973,13.064000129699707,12.640000343322754,12.649999618530273,12.649999618530273,722900,USD,NMS,America/New_York,Yahoo Finance
DRVN,2026-08-28,12.755000114440918,12.850000381469727,12.4350004196167,12.470000267028809,12.470000267028809,810200,USD,NMS,America/New_York,Yahoo Finance
DRVN,2026-08-31,12.420000076293945,12.484999656677246,12.135000228881836,12.420000076293945,12.420000076293945,637700,USD,NMS,America/New_York,Yahoo Finance
DRVN,2026-09-01,12.350000381469727,12.914999961853027,12.194999694824219,12.800000190734863,12.800000190734863,1356400,USD,NMS,America/New_York,Yahoo Finance
DRVN,2026-09-02,12.880000114440918,13.085000038146973,12.760000228881836,12.880000114440918,12.880000114440918,1489300,USD,NMS,America/New_York,Yahoo Finance
DRVN,2026-09-03,13.100000381469727,13.600000381469727,12.979999542236328,13.579999923706055,13.579999923706055,1143100,USD,NMS,America/New_York,Yahoo Finance
DRVN,2026-09-04,13.399999618530273,13.84000015258789,13.34000015258789,13.5600004196167,13.5600004196167,896700,USD,NMS,America/New_York,Yahoo Finance
DRVN,2026-09-08,13.470000267028809,13.515000343322754,13.210000038146973,13.220000267028809,13.220000267028809,1059000,USD,NMS,America/New_York,Yahoo Finance
DRVN,2026-09-09,13.15999984741211,13.204999923706055,12.460000038146973,12.529999732971191,12.529999732971191,1169600,USD,NMS,America/New_York,Yahoo Finance
DRVN,2026-09-10,12.25,12.40999984741211,11.960000038146973,12.300000190734863,12.300000190734863,2744100,USD,NMS,America/New_York,Yahoo Finance
DRVN,2026-09-11,12.550000190734863,12.550000190734863,12.0600004196167,12.149999618530273,12.149999618530273,862300,USD,NMS,America/New_York,Yahoo Finance
DRVN,2026-09-14,12.329999923706055,12.65999984741211,12.180000305175781,12.470000267028809,12.470000267028809,1020500,USD,NMS,America/New_York,Yahoo Finance
DRVN,2026-09-15,12.979999542236328,13.289999961853027,12.460000038146973,12.520000457763672,12.520000457763672,1110800,USD,NMS,America/New_York,Yahoo Finance
DRVN,2026-09-16,12.520000457763672,12.75,12.0,12.069999694824219,12.069999694824219,1423700,USD,NMS,America/New_York,Yahoo Finance
DRVN,2026-09-17,12.25,12.354999542236328,11.96500015258789,12.260000228881836,12.260000228881836,2859600,USD,NMS,America/New_York,Yahoo Finance
DRVN,2026-09-18,12.260000228881836,12.3100004196167,12.100000381469727,12.279999732971191,12.279999732971191,1734100,USD,NMS,America/New_York,Yahoo Finance
DRVN,2026-09-21,12.3100004196167,12.319999694824219,12.010000228881836,12.109999656677246,12.109999656677246,709300,USD,NMS,America/New_York,Yahoo Finance
DRVN,2026-09-22,12.119999885559082,12.420000076293945,12.119999885559082,12.270000457763672,12.270000457763672,796300,USD,NMS,America/New_York,Yahoo Finance
DRVN,2026-09-23,12.414999961853027,12.414999961853027,12.045000076293945,12.335000038146973,12.335000038146973,738100,USD,NMS,America/New_York,Yahoo Finance
DRVN,2026-09-24,12.300000190734863,12.420000076293945,11.970000267028809,12.039999961853027,12.039999961853027,964900,USD,NMS,America/New_York,Yahoo Finance
DRVN,2026-09-25,12.140000343322754,12.444999694824219,11.9399995803833,12.3100004196167,12.3100004196167,1113500,USD,NMS,America/New_York,Yahoo Finance
DRVN,2026-09-28,12.260000228881836,12.289999961853027,11.710000038146973,11.760000228881836,11.760000228881836,947700,USD,NMS,America/New_York,Yahoo Finance
ECL,2026-08-17,274.1199951171875,277.2099914550781,273.3299865722656,275.8399963378906,275.109130859375,2384200,USD,NYQ,America/New_York,Yahoo Finance
ECL,2026-08-18,276.3999938964844,282.1499938964844,275.239990234375,280.0,279.25811767578125,2087600,USD,NYQ,America/New_York,Yahoo Finance
ECL,2026-08-19,280.3500061035156,285.7799987792969,279.1000061035156,285.6199951171875,284.86322021484375,1555300,USD,NYQ,America/New_York,Yahoo Finance
ECL,2026-08-20,282.44000244140625,286.6000061035156,280.3299865722656,281.4800109863281,280.73419189453125,1862800,USD,NYQ,America/New_York,Yahoo Finance
ECL,2026-08-21,281.32000732421875,283.6499938964844,278.45001220703125,281.6300048828125,280.8837890625,2403400,USD,NYQ,America/New_York,Yahoo Finance
ECL,2026-08-24,284.05999755859375,287.3800048828125,283.8999938964844,286.9800109863281,286.2196350097656,1683000,USD,NYQ,America/New_York,Yahoo Finance
ECL,2026-08-25,286.989990234375,290.2799987792969,285.0,289.5400085449219,288.7728271484375,1779300,USD,NYQ,America/New_York,Yahoo Finance
ECL,2026-08-26,290.45001220703125,295.3299865722656,289.8900146484375,290.6000061035156,289.83001708984375,1426700,USD,NYQ,America/New_York,Yahoo Finance
ECL,2026-08-27,287.3800048828125,288.75,284.42999267578125,285.9100036621094,285.1524658203125,1384400,USD,NYQ,America/New_York,Yahoo Finance
ECL,2026-08-28,287.7300109863281,289.989990234375,285.1600036621094,286.75,285.990234375,732400,USD,NYQ,America/New_York,Yahoo Finance
ECL,2026-08-31,285.3500061035156,286.30999755859375,281.3299865722656,283.20001220703125,282.44964599609375,1531000,USD,NYQ,America/New_York,Yahoo Finance
ECL,2026-09-01,282.7099914550781,284.2099914550781,279.32000732421875,280.25,279.5074462890625,1356500,USD,NYQ,America/New_York,Yahoo Finance
ECL,2026-09-02,281.67999267578125,284.9599914550781,278.8900146484375,279.8999938964844,279.1583557128906,1383300,USD,NYQ,America/New_York,Yahoo Finance
ECL,2026-09-03,281.5400085449219,283.0,276.1499938964844,278.9700012207031,278.2308349609375,929000,USD,NYQ,America/New_York,Yahoo Finance
ECL,2026-09-04,275.8699951171875,280.5,275.25,279.2799987792969,278.5400085449219,1017300,USD,NYQ,America/New_York,Yahoo Finance
ECL,2026-09-08,277.4599914550781,280.510009765625,276.0,278.1099853515625,277.37310791015625,1531700,USD,NYQ,America/New_York,Yahoo Finance
ECL,2026-09-09,276.0,277.1700134277344,272.2099914550781,272.2099914550781,271.4887390136719,1051500,USD,NYQ,America/New_York,Yahoo Finance
ECL,2026-09-10,270.2799987792969,272.239990234375,268.5199890136719,271.6000061035156,270.88037109375,1175300,USD,NYQ,America/New_York,Yahoo Finance
ECL,2026-09-11,274.2099914550781,277.54998779296875,273.0400085449219,276.17999267578125,275.4482116699219,1289100,USD,NYQ,America/New_York,Yahoo Finance
ECL,2026-09-14,276.55999755859375,277.1199951171875,273.8299865722656,275.510009765625,274.780029296875,975800,USD,NYQ,America/New_York,Yahoo Finance
ECL,2026-09-15,276.3999938964844,277.45001220703125,272.57000732421875,274.6000061035156,274.6000061035156,1008000,USD,NYQ,America/New_York,Yahoo Finance
ECL,2026-09-16,275.5899963378906,278.1499938964844,272.25,274.0799865722656,274.0799865722656,1271200,USD,NYQ,America/New_York,Yahoo Finance
ECL,2026-09-17,276.9800109863281,276.9800109863281,271.6700134277344,271.67999267578125,271.67999267578125,985300,USD,NYQ,America/New_York,Yahoo Finance
ECL,2026-09-18,269.9700012207031,271.6400146484375,267.9100036621094,269.4599914550781,269.4599914550781,2570200,USD,NYQ,America/New_York,Yahoo Finance
ECL,2026-09-21,272.1000061035156,272.1099853515625,267.8299865722656,269.9800109863281,269.9800109863281,803700,USD,NYQ,America/New_York,Yahoo Finance
ECL,2026-09-22,272.8399963378906,277.1099853515625,271.0,276.2200012207031,276.2200012207031,1204200,USD,NYQ,America/New_York,Yahoo Finance
ECL,2026-09-23,275.3900146484375,277.80999755859375,273.6600036621094,276.7200012207031,276.7200012207031,1058700,USD,NYQ,America/New_York,Yahoo Finance
ECL,2026-09-24,276.07000732421875,278.1400146484375,273.75,275.3699951171875,275.3699951171875,976100,USD,NYQ,America/New_York,Yahoo Finance
ECL,2026-09-25,276.3599853515625,280.6600036621094,273.1400146484375,279.489990234375,279.489990234375,1006100,USD,NYQ,America/New_York,Yahoo Finance
ECL,2026-09-28,277.57000732421875,281.2699890136719,277.0,280.2300109863281,280.2300109863281,942400,USD,NYQ,America/New_York,Yahoo Finance
EDU,2026-08-17,53.22999954223633,53.900001525878906,52.900001525878906,53.20000076293945,53.20000076293945,698700,USD,NYQ,America/New_York,Yahoo Finance
EDU,2026-08-18,53.79999923706055,54.75,53.5,54.52000045776367,54.52000045776367,480800,USD,NYQ,America/New_York,Yahoo Finance
EDU,2026-08-19,54.86000061035156,57.09000015258789,54.619998931884766,56.880001068115234,56.880001068115234,910200,USD,NYQ,America/New_York,Yahoo Finance
EDU,2026-08-20,56.349998474121094,56.900001525878906,54.70000076293945,54.90999984741211,54.90999984741211,632800,USD,NYQ,America/New_York,Yahoo Finance
EDU,2026-08-21,56.18000030517578,56.18000030517578,55.36000061035156,55.79999923706055,55.79999923706055,357700,USD,NYQ,America/New_York,Yahoo Finance
EDU,2026-08-24,55.93000030517578,57.040000915527344,55.790000915527344,56.380001068115234,56.380001068115234,411700,USD,NYQ,America/New_York,Yahoo Finance
EDU,2026-08-25,56.130001068115234,57.27000045776367,56.130001068115234,57.06999969482422,57.06999969482422,469100,USD,NYQ,America/New_York,Yahoo Finance
EDU,2026-08-26,57.0,58.290000915527344,56.72999954223633,57.720001220703125,57.720001220703125,2068400,USD,NYQ,America/New_York,Yahoo Finance
EDU,2026-08-27,57.099998474121094,59.13999938964844,57.099998474121094,57.939998626708984,57.939998626708984,579900,USD,NYQ,America/New_York,Yahoo Finance
EDU,2026-08-28,57.630001068115234,58.88999938964844,57.31999969482422,58.83000183105469,58.83000183105469,779200,USD,NYQ,America/New_York,Yahoo Finance
EDU,2026-08-31,58.22999954223633,58.22999954223633,57.15999984741211,57.70000076293945,57.70000076293945,732500,USD,NYQ,America/New_York,Yahoo Finance
EDU,2026-09-01,58.40999984741211,59.599998474121094,57.95000076293945,59.060001373291016,59.060001373291016,1351800,USD,NYQ,America/New_York,Yahoo Finance
EDU,2026-09-02,59.25,60.22999954223633,59.09000015258789,59.150001525878906,59.150001525878906,1068400,USD,NYQ,America/New_York,Yahoo Finance
EDU,2026-09-03,58.29999923706055,58.65999984741211,57.09000015258789,58.220001220703125,58.220001220703125,754600,USD,NYQ,America/New_York,Yahoo Finance
EDU,2026-09-04,58.599998474121094,59.529998779296875,58.33000183105469,59.5099983215332,59.5099983215332,376800,USD,NYQ,America/New_York,Yahoo Finance
EDU,2026-09-08,57.65999984741211,57.81999969482422,56.95000076293945,57.150001525878906,57.150001525878906,1097900,USD,NYQ,America/New_York,Yahoo Finance
EDU,2026-09-09,56.56999969482422,56.84000015258789,55.25,55.4900016784668,55.4900016784668,418800,USD,NYQ,America/New_York,Yahoo Finance
EDU,2026-09-10,55.43000030517578,55.43000030517578,54.5,54.58000183105469,54.58000183105469,824700,USD,NYQ,America/New_York,Yahoo Finance
EDU,2026-09-11,55.36000061035156,56.099998474121094,55.150001525878906,55.81999969482422,55.81999969482422,333500,USD,NYQ,America/New_York,Yahoo Finance
EDU,2026-09-14,56.81999969482422,57.150001525878906,56.310001373291016,56.81999969482422,56.81999969482422,675100,USD,NYQ,America/New_York,Yahoo Finance
EDU,2026-09-15,56.34000015258789,56.86000061035156,55.9900016784668,56.2599983215332,56.2599983215332,681400,USD,NYQ,America/New_York,Yahoo Finance
EDU,2026-09-16,55.630001068115234,56.38999938964844,55.56999969482422,55.81999969482422,55.81999969482422,892400,USD,NYQ,America/New_York,Yahoo Finance
EDU,2026-09-17,55.5099983215332,55.9900016784668,55.36000061035156,55.540000915527344,55.540000915527344,310800,USD,NYQ,America/New_York,Yahoo Finance
EDU,2026-09-18,55.20000076293945,56.52000045776367,55.20000076293945,55.63999938964844,55.63999938964844,370500,USD,NYQ,America/New_York,Yahoo Finance
EDU,2026-09-21,55.68000030517578,55.7400016784668,54.939998626708984,55.13999938964844,55.13999938964844,411500,USD,NYQ,America/New_York,Yahoo Finance
EDU,2026-09-22,55.040000915527344,55.41999816894531,54.29999923706055,54.7400016784668,54.7400016784668,364000,USD,NYQ,America/New_York,Yahoo Finance
EDU,2026-09-23,55.29999923706055,56.130001068115234,54.869998931884766,56.08000183105469,56.08000183105469,854600,USD,NYQ,America/New_York,Yahoo Finance
EDU,2026-09-24,56.95000076293945,58.91999816894531,56.709999084472656,57.08000183105469,57.08000183105469,1390500,USD,NYQ,America/New_York,Yahoo Finance
EDU,2026-09-25,56.970001220703125,57.060001373291016,56.2400016784668,56.470001220703125,56.470001220703125,305000,USD,NYQ,America/New_York,Yahoo Finance
EDU,2026-09-28,56.900001525878906,56.900001525878906,55.84000015258789,55.869998931884766,55.869998931884766,605700,USD,NYQ,America/New_York,Yahoo Finance
EGO,2026-08-17,40.16999816894531,41.68000030517578,40.119998931884766,40.33000183105469,40.26254653930664,1887300,USD,NYQ,America/New_York,Yahoo Finance
EGO,2026-08-18,39.560001373291016,39.77000045776367,38.54999923706055,38.709999084472656,38.6452522277832,1828100,USD,NYQ,America/New_York,Yahoo Finance
EGO,2026-08-19,41.0099983215332,42.279998779296875,40.79999923706055,41.7599983215332,41.69015121459961,3629700,USD,NYQ,America/New_York,Yahoo Finance
EGO,2026-08-20,41.380001068115234,42.790000915527344,41.2400016784668,42.650001525878906,42.57866287231445,2823000,USD,NYQ,America/New_York,Yahoo Finance
EGO,2026-08-21,43.91999816894531,45.869998931884766,43.91999816894531,45.720001220703125,45.64352798461914,4389900,USD,NYQ,America/New_York,Yahoo Finance
EGO,2026-08-24,46.08000183105469,46.75,45.290000915527344,46.369998931884766,46.29243850708008,3452600,USD,NYQ,America/New_York,Yahoo Finance
EGO,2026-08-25,45.380001068115234,48.369998931884766,45.189998626708984,48.13999938964844,48.059478759765625,2778800,USD,NYQ,America/New_York,Yahoo Finance
EGO,2026-08-26,47.0099983215332,47.810001373291016,46.7599983215332,46.959999084472656,46.88145446777344,2832200,USD,NYQ,America/New_York,Yahoo Finance
EGO,2026-08-27,46.869998931884766,48.369998931884766,46.77000045776367,48.029998779296875,47.94966125488281,3237500,USD,NYQ,America/New_York,Yahoo Finance
EGO,2026-08-28,48.290000915527344,48.29999923706055,45.08000183105469,45.47999954223633,45.403926849365234,3099600,USD,NYQ,America/New_York,Yahoo Finance
EGO,2026-08-31,45.72999954223633,45.72999954223633,44.130001068115234,44.84000015258789,44.76499938964844,2474300,USD,NYQ,America/New_York,Yahoo Finance
EGO,2026-09-01,43.0,43.790000915527344,42.189998626708984,42.86000061035156,42.86000061035156,5165600,USD,NYQ,America/New_York,Yahoo Finance
EGO,2026-09-02,43.91999816894531,44.689998626708984,42.86000061035156,43.150001525878906,43.150001525878906,3679300,USD,NYQ,America/New_York,Yahoo Finance
EGO,2026-09-03,44.68000030517578,44.77000045776367,43.25,43.790000915527344,43.790000915527344,2914200,USD,NYQ,America/New_York,Yahoo Finance
EGO,2026-09-04,42.720001220703125,43.380001068115234,42.33000183105469,43.02000045776367,43.02000045776367,1578500,USD,NYQ,America/New_York,Yahoo Finance
EGO,2026-09-08,43.060001373291016,44.380001068115234,43.029998779296875,43.880001068115234,43.880001068115234,1291300,USD,NYQ,America/New_York,Yahoo Finance
EGO,2026-09-09,44.9900016784668,45.72999954223633,44.29999923706055,44.58000183105469,44.58000183105469,1853500,USD,NYQ,America/New_York,Yahoo Finance
EGO,2026-09-10,42.84000015258789,43.72999954223633,42.5099983215332,42.790000915527344,42.790000915527344,2161200,USD,NYQ,America/New_York,Yahoo Finance
EGO,2026-09-11,43.529998779296875,44.529998779296875,43.2400016784668,43.75,43.75,1009900,USD,NYQ,America/New_York,Yahoo Finance
EGO,2026-09-14,41.63999938964844,41.849998474121094,40.47999954223633,41.15999984741211,41.15999984741211,3665000,USD,NYQ,America/New_York,Yahoo Finance
EGO,2026-09-15,41.529998779296875,41.720001220703125,39.70000076293945,40.209999084472656,40.209999084472656,2892900,USD,NYQ,America/New_York,Yahoo Finance
EGO,2026-09-16,41.119998931884766,42.060001373291016,39.75,40.56999969482422,40.56999969482422,4589700,USD,NYQ,America/New_York,Yahoo Finance
EGO,2026-09-17,41.9900016784668,42.720001220703125,41.060001373291016,42.38999938964844,42.38999938964844,3836400,USD,NYQ,America/New_York,Yahoo Finance
EGO,2026-09-18,42.7400016784668,43.599998474121094,42.25,43.220001220703125,43.220001220703125,9057500,USD,NYQ,America/New_York,Yahoo Finance
EGO,2026-09-21,43.540000915527344,43.540000915527344,42.09000015258789,42.369998931884766,42.369998931884766,2033800,USD,NYQ,America/New_York,Yahoo Finance
EGO,2026-09-22,43.29999923706055,45.380001068115234,43.29999923706055,44.849998474121094,44.849998474121094,3672500,USD,NYQ,America/New_York,Yahoo Finance
EGO,2026-09-23,43.47999954223633,43.77000045776367,42.5,42.84000015258789,42.84000015258789,2787200,USD,NYQ,America/New_York,Yahoo Finance
EGO,2026-09-24,42.130001068115234,42.65999984741211,41.150001525878906,42.130001068115234,42.130001068115234,2561600,USD,NYQ,America/New_York,Yahoo Finance
EGO,2026-09-25,42.20000076293945,42.290000915527344,41.130001068115234,41.91999816894531,41.91999816894531,1427300,USD,NYQ,America/New_York,Yahoo Finance
EGO,2026-09-28,39.540000915527344,40.20000076293945,38.86000061035156,39.439998626708984,39.439998626708984,5509900,USD,NYQ,America/New_York,Yahoo Finance
EME,2026-08-17,842.0399780273438,864.8300170898438,840.2899780273438,862.5399780273438,862.5399780273438,315000,USD,NYQ,America/New_York,Yahoo Finance
EME,2026-08-18,843.3699951171875,843.5599975585938,817.010009765625,824.530029296875,824.530029296875,288300,USD,NYQ,America/New_York,Yahoo Finance
EME,2026-08-19,830.5,830.5,793.8400268554688,805.780029296875,805.780029296875,409400,USD,NYQ,America/New_York,Yahoo Finance
EME,2026-08-20,799.1400146484375,807.4199829101562,784.8900146484375,787.3900146484375,787.3900146484375,285500,USD,NYQ,America/New_York,Yahoo Finance
EME,2026-08-21,791.72998046875,794.27001953125,775.530029296875,776.6199951171875,776.6199951171875,326200,USD,NYQ,America/New_York,Yahoo Finance
EME,2026-08-24,769.989990234375,773.3900146484375,758.760009765625,764.9000244140625,764.9000244140625,304300,USD,NYQ,America/New_York,Yahoo Finance
EME,2026-08-25,780.1799926757812,780.22998046875,730.9000244140625,739.8699951171875,739.8699951171875,388200,USD,NYQ,America/New_York,Yahoo Finance
EME,2026-08-26,743.219970703125,767.8800048828125,743.219970703125,763.5900268554688,763.5900268554688,405900,USD,NYQ,America/New_York,Yahoo Finance
EME,2026-08-27,771.2999877929688,776.7000122070312,754.5399780273438,775.0399780273438,775.0399780273438,465700,USD,NYQ,America/New_York,Yahoo Finance
EME,2026-08-28,773.9099731445312,785.9000244140625,739.3800048828125,740.1699829101562,740.1699829101562,371000,USD,NYQ,America/New_York,Yahoo Finance
EME,2026-08-31,741.0,741.8099975585938,732.239990234375,734.5399780273438,734.5399780273438,578900,USD,NYQ,America/New_York,Yahoo Finance
EME,2026-09-01,730.25,738.02001953125,722.0800170898438,735.25,735.25,354500,USD,NYQ,America/New_York,Yahoo Finance
EME,2026-09-02,735.0,736.239990234375,724.25,734.260009765625,734.260009765625,300900,USD,NYQ,America/New_York,Yahoo Finance
EME,2026-09-03,735.8099975585938,745.9099731445312,729.47998046875,741.3200073242188,741.3200073242188,247800,USD,NYQ,America/New_York,Yahoo Finance
EME,2026-09-04,748.5399780273438,757.9199829101562,746.9600219726562,754.1599731445312,754.1599731445312,344600,USD,NYQ,America/New_York,Yahoo Finance
EME,2026-09-08,757.969970703125,777.2100219726562,755.5,773.1599731445312,773.1599731445312,338600,USD,NYQ,America/New_York,Yahoo Finance
EME,2026-09-09,761.6300048828125,774.3900146484375,754.030029296875,754.2899780273438,754.2899780273438,270300,USD,NYQ,America/New_York,Yahoo Finance
EME,2026-09-10,746.760009765625,756.8900146484375,740.0,748.3300170898438,748.3300170898438,231200,USD,NYQ,America/New_York,Yahoo Finance
EME,2026-09-11,757.1699829101562,782.5999755859375,749.4000244140625,780.6599731445312,780.6599731445312,241000,USD,NYQ,America/New_York,Yahoo Finance
EME,2026-09-14,740.3400268554688,756.239990234375,736.010009765625,749.7000122070312,749.7000122070312,391600,USD,NYQ,America/New_York,Yahoo Finance
EME,2026-09-15,757.3200073242188,760.719970703125,732.5700073242188,735.52001953125,735.52001953125,321800,USD,NYQ,America/New_York,Yahoo Finance
EME,2026-09-16,747.0399780273438,754.25,732.8800048828125,739.4600219726562,739.4600219726562,309400,USD,NYQ,America/New_York,Yahoo Finance
EME,2026-09-17,757.989990234375,758.3200073242188,723.8699951171875,729.260009765625,729.260009765625,479200,USD,NYQ,America/New_York,Yahoo Finance
EME,2026-09-18,731.1500244140625,754.739990234375,729.9099731445312,750.0900268554688,750.0900268554688,848500,USD,NYQ,America/New_York,Yahoo Finance
EME,2026-09-21,760.0599975585938,762.1900024414062,737.47998046875,757.7100219726562,757.7100219726562,381400,USD,NYQ,America/New_York,Yahoo Finance
EME,2026-09-22,757.280029296875,762.2999877929688,752.1900024414062,756.5,756.5,344100,USD,NYQ,America/New_York,Yahoo Finance
EME,2026-09-23,756.7000122070312,762.0,750.0700073242188,751.7999877929688,751.7999877929688,219200,USD,NYQ,America/New_York,Yahoo Finance
EME,2026-09-24,739.4500122070312,755.489990234375,730.0,751.9600219726562,751.9600219726562,327700,USD,NYQ,America/New_York,Yahoo Finance
EME,2026-09-25,754.27001953125,763.6900024414062,747.8699951171875,762.2100219726562,762.2100219726562,265200,USD,NYQ,America/New_York,Yahoo Finance
EME,2026-09-28,761.260009765625,774.5399780273438,752.25,765.52001953125,765.52001953125,381100,USD,NYQ,America/New_York,Yahoo Finance
EQX,2026-08-17,11.729999542236328,12.029999732971191,11.592000007629395,11.789999961853027,11.766317367553711,9175500,USD,ASE,America/New_York,Yahoo Finance
EQX,2026-08-18,11.579999923706055,11.739999771118164,11.399999618530273,11.449999809265137,11.427000045776367,8788200,USD,ASE,America/New_York,Yahoo Finance
EQX,2026-08-19,12.130000114440918,12.704999923706055,12.0600004196167,12.65999984741211,12.65999984741211,16237000,USD,ASE,America/New_York,Yahoo Finance
EQX,2026-08-20,12.510000228881836,12.949999809265137,12.5,12.880000114440918,12.880000114440918,14660400,USD,ASE,America/New_York,Yahoo Finance
EQX,2026-08-21,13.229999542236328,13.555000305175781,13.145000457763672,13.529999732971191,13.529999732971191,16071600,USD,ASE,America/New_York,Yahoo Finance
EQX,2026-08-24,13.758000373840332,13.90999984741211,13.404999732971191,13.760000228881836,13.760000228881836,16849500,USD,ASE,America/New_York,Yahoo Finance
EQX,2026-08-25,13.5600004196167,14.079999923706055,13.354999542236328,13.979999542236328,13.979999542236328,11995700,USD,ASE,America/New_York,Yahoo Finance
EQX,2026-08-26,13.600000381469727,13.920000076293945,13.579999923706055,13.630000114440918,13.630000114440918,11283600,USD,ASE,America/New_York,Yahoo Finance
EQX,2026-08-27,13.569999694824219,13.65999984741211,13.265000343322754,13.449999809265137,13.449999809265137,12443300,USD,ASE,America/New_York,Yahoo Finance
EQX,2026-08-28,13.529999732971191,13.5600004196167,12.774999618530273,12.989999771118164,12.989999771118164,14725200,USD,ASE,America/New_York,Yahoo Finance
EQX,2026-08-31,12.970000267028809,13.020000457763672,12.369999885559082,12.859999656677246,12.859999656677246,11285300,USD,ASE,America/New_York,Yahoo Finance
EQX,2026-09-01,12.329999923706055,12.729999542236328,12.149999618530273,12.180000305175781,12.180000305175781,11905000,USD,ASE,America/New_York,Yahoo Finance
EQX,2026-09-02,12.539999961853027,12.869999885559082,12.489999771118164,12.630000114440918,12.630000114440918,9673900,USD,ASE,America/New_York,Yahoo Finance
EQX,2026-09-03,13.119999885559082,13.189000129699707,12.75,13.119999885559082,13.119999885559082,10254600,USD,ASE,America/New_York,Yahoo Finance
EQX,2026-09-04,12.654999732971191,12.930000305175781,12.654999732971191,12.8100004196167,12.8100004196167,7863700,USD,ASE,America/New_York,Yahoo Finance
EQX,2026-09-08,12.800000190734863,12.869999885559082,12.609999656677246,12.640000343322754,12.640000343322754,7043000,USD,ASE,America/New_York,Yahoo Finance
EQX,2026-09-09,12.899999618530273,13.170000076293945,12.729999542236328,12.850000381469727,12.850000381469727,8671700,USD,ASE,America/New_York,Yahoo Finance
EQX,2026-09-10,12.300000190734863,12.390000343322754,12.15999984741211,12.199999809265137,12.199999809265137,14654000,USD,ASE,America/New_York,Yahoo Finance
EQX,2026-09-11,12.470000267028809,12.645000457763672,12.28499984741211,12.399999618530273,12.399999618530273,10798200,USD,ASE,America/New_York,Yahoo Finance
EQX,2026-09-14,11.9399995803833,12.050000190734863,11.71500015258789,11.850000381469727,11.850000381469727,11372100,USD,ASE,America/New_York,Yahoo Finance
EQX,2026-09-15,11.90999984741211,12.0,11.614999771118164,11.859999656677246,11.859999656677246,7406100,USD,ASE,America/New_York,Yahoo Finance
EQX,2026-09-16,12.100000381469727,12.170000076293945,11.42199993133545,11.579999923706055,11.579999923706055,12353800,USD,ASE,America/New_York,Yahoo Finance
EQX,2026-09-17,12.039999961853027,12.289999961853027,11.930000305175781,12.220000267028809,12.220000267028809,10676000,USD,ASE,America/New_York,Yahoo Finance
EQX,2026-09-18,12.40999984741211,12.510000228881836,12.09000015258789,12.449999809265137,12.449999809265137,25892600,USD,ASE,America/New_York,Yahoo Finance
EQX,2026-09-21,12.239999771118164,12.399999618530273,12.0,12.15999984741211,12.15999984741211,28148000,USD,ASE,America/New_York,Yahoo Finance
EQX,2026-09-22,12.210000038146973,12.850000381469727,12.15999984741211,12.760000228881836,12.760000228881836,16167700,USD,ASE,America/New_York,Yahoo Finance
EQX,2026-09-23,12.369999885559082,12.395000457763672,11.899999618530273,12.050000190734863,12.050000190734863,15430600,USD,ASE,America/New_York,Yahoo Finance
EQX,2026-09-24,11.920000076293945,11.979999542236328,11.579999923706055,11.729999542236328,11.729999542236328,15067500,USD,ASE,America/New_York,Yahoo Finance
EQX,2026-09-25,11.739999771118164,12.0,11.59000015258789,11.9399995803833,11.9399995803833,9211500,USD,ASE,America/New_York,Yahoo Finance
EQX,2026-09-28,11.289999961853027,11.489999771118164,11.119999885559082,11.229999542236328,11.229999542236328,13235200,USD,ASE,America/New_York,Yahoo Finance
ESI,2026-08-17,39.060001373291016,39.560001373291016,38.90999984741211,39.220001220703125,39.131717681884766,2660100,USD,NYQ,America/New_York,Yahoo Finance
ESI,2026-08-18,38.31999969482422,38.439998626708984,37.25,37.290000915527344,37.20606231689453,2537200,USD,NYQ,America/New_York,Yahoo Finance
ESI,2026-08-19,37.83000183105469,37.869998931884766,36.08000183105469,36.18000030517578,36.09856033325195,5405300,USD,NYQ,America/New_York,Yahoo Finance
ESI,2026-08-20,36.0,36.279998779296875,35.209999084472656,35.540000915527344,35.46000289916992,3791400,USD,NYQ,America/New_York,Yahoo Finance
ESI,2026-08-21,35.939998626708984,36.34000015258789,35.2400016784668,35.310001373291016,35.23051834106445,3036500,USD,NYQ,America/New_York,Yahoo Finance
ESI,2026-08-24,35.02000045776367,35.43000030517578,34.619998931884766,34.97999954223633,34.90126037597656,3698600,USD,NYQ,America/New_York,Yahoo Finance
ESI,2026-08-25,35.52000045776367,35.540000915527344,34.900001525878906,35.5,35.42008972167969,2115400,USD,NYQ,America/New_York,Yahoo Finance
ESI,2026-08-26,35.650001525878906,36.34000015258789,35.540000915527344,36.02000045776367,35.93891906738281,2125800,USD,NYQ,America/New_York,Yahoo Finance
ESI,2026-08-27,36.540000915527344,36.959999084472656,36.08000183105469,36.52000045776367,36.43779373168945,3348100,USD,NYQ,America/New_York,Yahoo Finance
ESI,2026-08-28,37.290000915527344,37.5,33.70000076293945,34.93000030517578,34.851375579833984,20716400,USD,NYQ,America/New_York,Yahoo Finance
ESI,2026-08-31,35.06999969482422,35.63999938964844,34.310001373291016,35.540000915527344,35.46000289916992,6451900,USD,NYQ,America/New_York,Yahoo Finance
ESI,2026-09-01,34.88999938964844,35.15999984741211,33.83000183105469,34.36000061035156,34.36000061035156,7651900,USD,NYQ,America/New_York,Yahoo Finance
ESI,2026-09-02,35.2599983215332,35.43000030517578,34.029998779296875,34.43000030517578,34.43000030517578,4718200,USD,NYQ,America/New_York,Yahoo Finance
ESI,2026-09-03,34.290000915527344,35.029998779296875,33.4900016784668,34.97999954223633,34.97999954223633,4860100,USD,NYQ,America/New_York,Yahoo Finance
ESI,2026-09-04,35.060001373291016,36.130001068115234,35.060001373291016,36.0099983215332,36.0099983215332,4272500,USD,NYQ,America/New_York,Yahoo Finance
ESI,2026-09-08,36.290000915527344,36.790000915527344,35.9900016784668,36.209999084472656,36.209999084472656,4735300,USD,NYQ,America/New_York,Yahoo Finance
ESI,2026-09-09,36.04999923706055,36.310001373291016,35.75,35.779998779296875,35.779998779296875,3983800,USD,NYQ,America/New_York,Yahoo Finance
ESI,2026-09-10,34.900001525878906,34.939998626708984,33.7400016784668,34.16999816894531,34.16999816894531,4552900,USD,NYQ,America/New_York,Yahoo Finance
ESI,2026-09-11,34.900001525878906,35.20000076293945,33.869998931884766,34.34000015258789,34.34000015258789,4851500,USD,NYQ,America/New_York,Yahoo Finance
ESI,2026-09-14,32.7400016784668,32.93000030517578,31.799999237060547,32.130001068115234,32.130001068115234,4780700,USD,NYQ,America/New_York,Yahoo Finance
ESI,2026-09-15,32.58000183105469,32.709999084472656,31.440000534057617,31.790000915527344,31.790000915527344,5060200,USD,NYQ,America/New_York,Yahoo Finance
ESI,2026-09-16,32.220001220703125,33.08000183105469,31.760000228881836,32.099998474121094,32.099998474121094,5088300,USD,NYQ,America/New_York,Yahoo Finance
ESI,2026-09-17,33.04999923706055,33.20000076293945,32.52000045776367,33.15999984741211,33.15999984741211,3944600,USD,NYQ,America/New_York,Yahoo Finance
ESI,2026-09-18,33.43000030517578,33.59000015258789,32.540000915527344,32.72999954223633,32.72999954223633,10125000,USD,NYQ,America/New_York,Yahoo Finance
ESI,2026-09-21,33.560001373291016,33.720001220703125,32.939998626708984,33.41999816894531,33.41999816894531,2744100,USD,NYQ,America/New_York,Yahoo Finance
ESI,2026-09-22,33.459999084472656,35.369998931884766,33.369998931884766,35.189998626708984,35.189998626708984,6005200,USD,NYQ,America/New_York,Yahoo Finance
ESI,2026-09-23,34.81999969482422,35.91999816894531,34.38999938964844,35.470001220703125,35.470001220703125,4752500,USD,NYQ,America/New_York,Yahoo Finance
ESI,2026-09-24,34.880001068115234,35.2400016784668,34.40999984741211,34.5,34.5,3277600,USD,NYQ,America/New_York,Yahoo Finance
ESI,2026-09-25,34.7400016784668,35.9900016784668,34.459999084472656,35.709999084472656,35.709999084472656,3689800,USD,NYQ,America/New_York,Yahoo Finance
ESI,2026-09-28,35.16999816894531,35.75,34.779998779296875,35.119998931884766,35.119998931884766,3438300,USD,NYQ,America/New_York,Yahoo Finance
ETV,2026-08-17,15.020000457763672,15.149999618530273,15.0,15.100000381469727,15.001909255981445,144300,USD,NYQ,America/New_York,Yahoo Finance
ETV,2026-08-18,15.079999923706055,15.199999809265137,14.949999809265137,15.079999923706055,14.982039451599121,236000,USD,NYQ,America/New_York,Yahoo Finance
ETV,2026-08-19,15.100000381469727,15.25,15.050000190734863,15.239999771118164,15.140999794006348,155700,USD,NYQ,America/New_York,Yahoo Finance
ETV,2026-08-20,15.199999809265137,15.25,15.140000343322754,15.15999984741211,15.061519622802734,234000,USD,NYQ,America/New_York,Yahoo Finance
ETV,2026-08-21,15.199999809265137,15.279999732971191,15.039999961853027,15.079999923706055,14.982039451599121,120800,USD,NYQ,America/New_York,Yahoo Finance
ETV,2026-08-24,15.109999656677246,15.109999656677246,14.899999618530273,14.979999542236328,14.882688522338867,112600,USD,NYQ,America/New_York,Yahoo Finance
ETV,2026-08-25,15.010000228881836,15.140000343322754,15.010000228881836,15.100000381469727,15.001909255981445,84800,USD,NYQ,America/New_York,Yahoo Finance
ETV,2026-08-26,15.010000228881836,15.210000038146973,15.010000228881836,15.180000305175781,15.081390380859375,154100,USD,NYQ,America/New_York,Yahoo Finance
ETV,2026-08-27,15.210000038146973,15.300000190734863,15.149999618530273,15.289999961853027,15.190674781799316,130600,USD,NYQ,America/New_York,Yahoo Finance
ETV,2026-08-28,15.319999694824219,15.489999771118164,15.260000228881836,15.489999771118164,15.389375686645508,205200,USD,NYQ,America/New_York,Yahoo Finance
ETV,2026-08-31,15.470000267028809,15.470000267028809,15.260000228881836,15.369999885559082,15.27015495300293,209400,USD,NYQ,America/New_York,Yahoo Finance
ETV,2026-09-01,15.220000267028809,15.359999656677246,15.149999618530273,15.199999809265137,15.101259231567383,124700,USD,NYQ,America/New_York,Yahoo Finance
ETV,2026-09-02,15.199999809265137,15.40999984741211,15.149999618530273,15.319999694824219,15.220479965209961,148300,USD,NYQ,America/New_York,Yahoo Finance
ETV,2026-09-03,15.3100004196167,15.390000343322754,15.25,15.300000190734863,15.200610160827637,123400,USD,NYQ,America/New_York,Yahoo Finance
ETV,2026-09-04,15.289999961853027,15.420000076293945,15.239999771118164,15.329999923706055,15.230415344238281,98600,USD,NYQ,America/New_York,Yahoo Finance
ETV,2026-09-08,15.3100004196167,15.399999618530273,15.270000457763672,15.380000114440918,15.28009033203125,118000,USD,NYQ,America/New_York,Yahoo Finance
ETV,2026-09-09,15.369999885559082,15.369999885559082,15.260000228881836,15.279999732971191,15.180739402770996,117700,USD,NYQ,America/New_York,Yahoo Finance
ETV,2026-09-10,15.149999618530273,15.229999542236328,15.0600004196167,15.170000076293945,15.071455001831055,161900,USD,NYQ,America/New_York,Yahoo Finance
ETV,2026-09-11,15.25,15.25,15.100000381469727,15.1899995803833,15.091323852539062,138800,USD,NYQ,America/New_York,Yahoo Finance
ETV,2026-09-14,15.100000381469727,15.260000228881836,15.100000381469727,15.239999771118164,15.140999794006348,120400,USD,NYQ,America/New_York,Yahoo Finance
ETV,2026-09-15,15.170000076293945,15.210000038146973,15.010000228881836,15.039999961853027,15.039999961853027,131700,USD,NYQ,America/New_York,Yahoo Finance
ETV,2026-09-16,15.079999923706055,15.109999656677246,14.899999618530273,14.949999809265137,14.949999809265137,108600,USD,NYQ,America/New_York,Yahoo Finance
ETV,2026-09-17,15.239999771118164,15.289999961853027,15.069999694824219,15.180000305175781,15.180000305175781,213800,USD,NYQ,America/New_York,Yahoo Finance
ETV,2026-09-18,15.1899995803833,15.270000457763672,15.100000381469727,15.239999771118164,15.239999771118164,97900,USD,NYQ,America/New_York,Yahoo Finance
ETV,2026-09-21,15.350000381469727,15.479999542236328,15.279999732971191,15.479999542236328,15.479999542236328,110800,USD,NYQ,America/New_York,Yahoo Finance
ETV,2026-09-22,15.479999542236328,15.479999542236328,15.350000381469727,15.430000305175781,15.430000305175781,122700,USD,NYQ,America/New_York,Yahoo Finance
ETV,2026-09-23,15.449999809265137,15.489999771118164,15.3100004196167,15.359999656677246,15.359999656677246,120800,USD,NYQ,America/New_York,Yahoo Finance
ETV,2026-09-24,15.329999923706055,15.369999885559082,15.149999618530273,15.239999771118164,15.239999771118164,163900,USD,NYQ,America/New_York,Yahoo Finance
ETV,2026-09-25,15.239999771118164,15.289999961853027,15.109999656677246,15.1899995803833,15.1899995803833,194500,USD,NYQ,America/New_York,Yahoo Finance
ETV,2026-09-28,15.109999656677246,15.220000267028809,14.90999984741211,14.920000076293945,14.920000076293945,254300,USD,NYQ,America/New_York,Yahoo Finance
EXC,2026-08-17,45.66999816894531,45.7599983215332,45.209999084472656,45.56999969482422,45.14019012451172,4994000,USD,NMS,America/New_York,Yahoo Finance
EXC,2026-08-18,46.25,46.43000030517578,45.290000915527344,45.310001373291016,44.88264465332031,7126900,USD,NMS,America/New_York,Yahoo Finance
EXC,2026-08-19,45.709999084472656,45.959999084472656,45.15999984741211,45.29999923706055,44.872737884521484,4844500,USD,NMS,America/New_York,Yahoo Finance
EXC,2026-08-20,45.15999984741211,45.720001220703125,45.0099983215332,45.060001373291016,44.63500213623047,4863400,USD,NMS,America/New_York,Yahoo Finance
EXC,2026-08-21,45.439998626708984,45.439998626708984,43.75,43.779998779296875,43.36707305908203,5324800,USD,NMS,America/New_York,Yahoo Finance
EXC,2026-08-24,43.97999954223633,44.41999816894531,43.79999923706055,44.34000015258789,43.921791076660156,4871800,USD,NMS,America/New_York,Yahoo Finance
EXC,2026-08-25,44.27000045776367,44.439998626708984,43.869998931884766,44.310001373291016,43.8920783996582,5181100,USD,NMS,America/New_York,Yahoo Finance
EXC,2026-08-26,44.130001068115234,44.5099983215332,44.0099983215332,44.439998626708984,44.02084732055664,6180600,USD,NMS,America/New_York,Yahoo Finance
EXC,2026-08-27,44.029998779296875,44.099998474121094,43.61000061035156,43.959999084472656,43.54537582397461,5293100,USD,NMS,America/New_York,Yahoo Finance
EXC,2026-08-28,44.25,44.43000030517578,43.68000030517578,43.93000030517578,43.51565933227539,5471800,USD,NMS,America/New_York,Yahoo Finance
EXC,2026-08-31,43.79999923706055,43.81999969482422,43.040000915527344,43.720001220703125,43.307640075683594,9488600,USD,NMS,America/New_York,Yahoo Finance
EXC,2026-09-01,43.83000183105469,44.22999954223633,43.560001373291016,43.83000183105469,43.416603088378906,7324100,USD,NMS,America/New_York,Yahoo Finance
EXC,2026-09-02,43.65999984741211,44.06999969482422,43.220001220703125,43.970001220703125,43.55528259277344,11922000,USD,NMS,America/New_York,Yahoo Finance
EXC,2026-09-03,44.060001373291016,44.59000015258789,44.060001373291016,44.529998779296875,44.11000061035156,11710500,USD,NMS,America/New_York,Yahoo Finance
EXC,2026-09-04,43.79999923706055,44.16999816894531,43.5099983215332,43.63999938964844,43.63999938964844,8368800,USD,NMS,America/New_York,Yahoo Finance
EXC,2026-09-08,43.5,44.33000183105469,43.5,43.95000076293945,43.95000076293945,9173500,USD,NMS,America/New_York,Yahoo Finance
EXC,2026-09-09,43.90999984741211,44.06999969482422,43.47999954223633,43.70000076293945,43.70000076293945,7624700,USD,NMS,America/New_York,Yahoo Finance
EXC,2026-09-10,43.72999954223633,43.97999954223633,43.31999969482422,43.38999938964844,43.38999938964844,12461600,USD,NMS,America/New_York,Yahoo Finance
EXC,2026-09-11,43.7599983215332,43.84000015258789,43.040000915527344,43.15999984741211,43.15999984741211,4644200,USD,NMS,America/New_York,Yahoo Finance
EXC,2026-09-14,43.349998474121094,43.54999923706055,42.599998474121094,42.720001220703125,42.720001220703125,5429400,USD,NMS,America/New_York,Yahoo Finance
EXC,2026-09-15,42.869998931884766,42.95000076293945,42.13999938964844,42.20000076293945,42.20000076293945,5492900,USD,NMS,America/New_York,Yahoo Finance
EXC,2026-09-16,42.290000915527344,42.75,42.279998779296875,42.439998626708984,42.439998626708984,5347600,USD,NMS,America/New_York,Yahoo Finance
EXC,2026-09-17,42.56999969482422,42.720001220703125,42.2400016784668,42.63999938964844,42.63999938964844,5585000,USD,NMS,America/New_York,Yahoo Finance
EXC,2026-09-18,42.52000045776367,42.540000915527344,42.0099983215332,42.06999969482422,42.06999969482422,11193600,USD,NMS,America/New_York,Yahoo Finance
EXC,2026-09-21,41.90999984741211,42.22999954223633,41.84000015258789,41.97999954223633,41.97999954223633,6379100,USD,NMS,America/New_York,Yahoo Finance
EXC,2026-09-22,41.880001068115234,42.08000183105469,41.720001220703125,41.79999923706055,41.79999923706055,4544900,USD,NMS,America/New_York,Yahoo Finance
EXC,2026-09-23,41.56999969482422,41.619998931884766,40.619998931884766,40.689998626708984,40.689998626708984,7038400,USD,NMS,America/New_York,Yahoo Finance
EXC,2026-09-24,40.720001220703125,40.91999816894531,40.15999984741211,40.20000076293945,40.20000076293945,8097000,USD,NMS,America/New_York,Yahoo Finance
EXC,2026-09-25,40.130001068115234,40.380001068115234,39.72999954223633,40.34000015258789,40.34000015258789,6910400,USD,NMS,America/New_York,Yahoo Finance
EXC,2026-09-28,40.34000015258789,40.43000030517578,39.9900016784668,40.31999969482422,40.31999969482422,7470500,USD,NMS,America/New_York,Yahoo Finance
FE,2026-08-17,47.29999923706055,47.52000045776367,46.91999816894531,47.41999816894531,47.41999816894531,2992800,USD,NYQ,America/New_York,Yahoo Finance
FE,2026-08-18,48.0,48.2599983215332,47.22999954223633,47.2599983215332,47.2599983215332,4302800,USD,NYQ,America/New_York,Yahoo Finance
FE,2026-08-19,47.599998474121094,47.709999084472656,46.79999923706055,47.25,47.25,3476100,USD,NYQ,America/New_York,Yahoo Finance
FE,2026-08-20,47.16999816894531,47.779998779296875,47.09000015258789,47.18000030517578,47.18000030517578,3392800,USD,NYQ,America/New_York,Yahoo Finance
FE,2026-08-21,47.18000030517578,47.349998474121094,45.91999816894531,45.959999084472656,45.959999084472656,4443500,USD,NYQ,America/New_York,Yahoo Finance
FE,2026-08-24,46.189998626708984,46.66999816894531,45.90999984741211,46.56999969482422,46.56999969482422,3383400,USD,NYQ,America/New_York,Yahoo Finance
FE,2026-08-25,46.689998626708984,46.91999816894531,46.5099983215332,46.619998931884766,46.619998931884766,3179200,USD,NYQ,America/New_York,Yahoo Finance
FE,2026-08-26,46.619998931884766,47.029998779296875,46.5099983215332,46.72999954223633,46.72999954223633,4498800,USD,NYQ,America/New_York,Yahoo Finance
FE,2026-08-27,46.310001373291016,46.400001525878906,46.029998779296875,46.25,46.25,3627100,USD,NYQ,America/New_York,Yahoo Finance
FE,2026-08-28,46.52000045776367,46.63999938964844,45.720001220703125,45.880001068115234,45.880001068115234,2343100,USD,NYQ,America/New_York,Yahoo Finance
FE,2026-08-31,45.529998779296875,46.0099983215332,45.31999969482422,45.86000061035156,45.86000061035156,5125000,USD,NYQ,America/New_York,Yahoo Finance
FE,2026-09-01,46.060001373291016,46.29999923706055,45.75,46.15999984741211,46.15999984741211,5257700,USD,NYQ,America/New_York,Yahoo Finance
FE,2026-09-02,46.13999938964844,46.36000061035156,45.540000915527344,46.290000915527344,46.290000915527344,3358700,USD,NYQ,America/New_York,Yahoo Finance
FE,2026-09-03,46.5,47.11000061035156,46.36000061035156,47.040000915527344,47.040000915527344,4890300,USD,NYQ,America/New_York,Yahoo Finance
FE,2026-09-04,46.75,47.2400016784668,46.65999984741211,46.77000045776367,46.77000045776367,3992200,USD,NYQ,America/New_York,Yahoo Finance
FE,2026-09-08,46.63999938964844,47.029998779296875,46.45000076293945,46.45000076293945,46.45000076293945,5662900,USD,NYQ,America/New_York,Yahoo Finance
FE,2026-09-09,46.54999923706055,46.68000030517578,45.779998779296875,46.209999084472656,46.209999084472656,5595600,USD,NYQ,America/New_York,Yahoo Finance
FE,2026-09-10,46.369998931884766,46.689998626708984,46.0099983215332,46.25,46.25,4505700,USD,NYQ,America/New_York,Yahoo Finance
FE,2026-09-11,46.58000183105469,46.58000183105469,45.88999938964844,46.130001068115234,46.130001068115234,3827100,USD,NYQ,America/New_York,Yahoo Finance
FE,2026-09-14,46.40999984741211,46.43000030517578,45.439998626708984,45.83000183105469,45.83000183105469,4098900,USD,NYQ,America/New_York,Yahoo Finance
FE,2026-09-15,45.75,45.900001525878906,45.11000061035156,45.33000183105469,45.33000183105469,3458700,USD,NYQ,America/New_York,Yahoo Finance
FE,2026-09-16,45.61000061035156,45.72999954223633,45.18000030517578,45.380001068115234,45.380001068115234,3252900,USD,NYQ,America/New_York,Yahoo Finance
FE,2026-09-17,45.52000045776367,45.7599983215332,45.310001373291016,45.72999954223633,45.72999954223633,2907200,USD,NYQ,America/New_York,Yahoo Finance
FE,2026-09-18,45.52000045776367,45.599998474121094,45.13999938964844,45.2599983215332,45.2599983215332,5593800,USD,NYQ,America/New_York,Yahoo Finance
FE,2026-09-21,45.25,45.310001373291016,44.88999938964844,44.970001220703125,44.970001220703125,3279900,USD,NYQ,America/New_York,Yahoo Finance
FE,2026-09-22,44.900001525878906,45.27000045776367,44.70000076293945,44.72999954223633,44.72999954223633,2871400,USD,NYQ,America/New_York,Yahoo Finance
FE,2026-09-23,44.54999923706055,44.58000183105469,43.630001068115234,43.650001525878906,43.650001525878906,4230100,USD,NYQ,America/New_York,Yahoo Finance
FE,2026-09-24,43.70000076293945,43.84000015258789,43.16999816894531,43.189998626708984,43.189998626708984,4020000,USD,NYQ,America/New_York,Yahoo Finance
FE,2026-09-25,43.130001068115234,43.369998931884766,42.810001373291016,43.29999923706055,43.29999923706055,4121400,USD,NYQ,America/New_York,Yahoo Finance
FE,2026-09-28,43.209999084472656,43.279998779296875,42.66999816894531,43.02000045776367,43.02000045776367,3481100,USD,NYQ,America/New_York,Yahoo Finance
FINV,2026-08-17,4.400000095367432,4.40500020980835,4.269999980926514,4.369999885559082,4.369999885559082,664000,USD,NYQ,America/New_York,Yahoo Finance
FINV,2026-08-18,4.329999923706055,4.425000190734863,4.300000190734863,4.380000114440918,4.380000114440918,582600,USD,NYQ,America/New_York,Yahoo Finance
FINV,2026-08-19,4.400000095367432,4.445000171661377,4.349999904632568,4.420000076293945,4.420000076293945,485000,USD,NYQ,America/New_York,Yahoo Finance
FINV,2026-08-20,4.409999847412109,4.425000190734863,4.340000152587891,4.400000095367432,4.400000095367432,526300,USD,NYQ,America/New_York,Yahoo Finance
FINV,2026-08-21,4.409999847412109,4.478000164031982,4.324999809265137,4.349999904632568,4.349999904632568,598400,USD,NYQ,America/New_York,Yahoo Finance
FINV,2026-08-24,4.389999866485596,4.440000057220459,4.304999828338623,4.340000152587891,4.340000152587891,437900,USD,NYQ,America/New_York,Yahoo Finance
FINV,2026-08-25,4.300000190734863,4.375,4.289999961853027,4.369999885559082,4.369999885559082,505300,USD,NYQ,America/New_York,Yahoo Finance
FINV,2026-08-26,4.260000228881836,4.349999904632568,4.190000057220459,4.210000038146973,4.210000038146973,1911700,USD,NYQ,America/New_York,Yahoo Finance
FINV,2026-08-27,4.260000228881836,4.329999923706055,3.940000057220459,4.019999980926514,4.019999980926514,2013700,USD,NYQ,America/New_York,Yahoo Finance
FINV,2026-08-28,3.880000114440918,3.9049999713897705,3.3550000190734863,3.4000000953674316,3.4000000953674316,3594300,USD,NYQ,America/New_York,Yahoo Finance
FINV,2026-08-31,3.390000104904175,3.700000047683716,3.375,3.6700000762939453,3.6700000762939453,2065600,USD,NYQ,America/New_York,Yahoo Finance
FINV,2026-09-01,3.5799999237060547,3.5799999237060547,3.2200000286102295,3.319999933242798,3.319999933242798,2334400,USD,NYQ,America/New_York,Yahoo Finance
FINV,2026-09-02,3.319999933242798,3.505000114440918,3.309999942779541,3.440000057220459,3.440000057220459,1442300,USD,NYQ,America/New_York,Yahoo Finance
FINV,2026-09-03,3.4000000953674316,3.4149999618530273,3.2300000190734863,3.299999952316284,3.299999952316284,1820800,USD,NYQ,America/New_York,Yahoo Finance
FINV,2026-09-04,3.2799999713897705,3.4549999237060547,3.2699999809265137,3.390000104904175,3.390000104904175,1245600,USD,NYQ,America/New_York,Yahoo Finance
FINV,2026-09-08,3.3499999046325684,3.4649999141693115,3.319999933242798,3.4000000953674316,3.4000000953674316,883800,USD,NYQ,America/New_York,Yahoo Finance
FINV,2026-09-09,3.390000104904175,3.4649999141693115,3.3499999046325684,3.369999885559082,3.369999885559082,1090700,USD,NYQ,America/New_York,Yahoo Finance
FINV,2026-09-10,3.3499999046325684,3.4700000286102295,3.319999933242798,3.4000000953674316,3.4000000953674316,1231300,USD,NYQ,America/New_York,Yahoo Finance
FINV,2026-09-11,3.390000104904175,3.4600000381469727,3.380000114440918,3.4000000953674316,3.4000000953674316,704900,USD,NYQ,America/New_York,Yahoo Finance
FINV,2026-09-14,3.4100000858306885,3.490000009536743,3.375,3.390000104904175,3.390000104904175,949300,USD,NYQ,America/New_York,Yahoo Finance
FINV,2026-09-15,3.359999895095825,3.390000104904175,3.25,3.2699999809265137,3.2699999809265137,1005300,USD,NYQ,America/New_York,Yahoo Finance
FINV,2026-09-16,3.240000009536743,3.359999895095825,3.2200000286102295,3.3399999141693115,3.3399999141693115,1082000,USD,NYQ,America/New_York,Yahoo Finance
FINV,2026-09-17,3.3399999141693115,3.4200000762939453,3.3350000381469727,3.380000114440918,3.380000114440918,941900,USD,NYQ,America/New_York,Yahoo Finance
FINV,2026-09-18,3.4000000953674316,3.4700000286102295,3.2699999809265137,3.299999952316284,3.299999952316284,5940700,USD,NYQ,America/New_York,Yahoo Finance
FINV,2026-09-21,3.309999942779541,3.315000057220459,3.2100000381469727,3.25,3.25,573800,USD,NYQ,America/New_York,Yahoo Finance
FINV,2026-09-22,3.25,3.26200008392334,3.180999994277954,3.259999990463257,3.259999990463257,478500,USD,NYQ,America/New_York,Yahoo Finance
FINV,2026-09-23,3.200000047683716,3.259999990463257,3.190000057220459,3.190000057220459,3.190000057220459,949200,USD,NYQ,America/New_York,Yahoo Finance
FINV,2026-09-24,3.1700000762939453,3.2200000286102295,3.109999895095825,3.130000114440918,3.130000114440918,1098200,USD,NYQ,America/New_York,Yahoo Finance
FINV,2026-09-25,3.1500000953674316,3.1700000762939453,3.0999999046325684,3.109999895095825,3.109999895095825,376400,USD,NYQ,America/New_York,Yahoo Finance
FINV,2026-09-28,3.140000104904175,3.140000104904175,3.059999942779541,3.069999933242798,3.069999933242798,496300,USD,NYQ,America/New_York,Yahoo Finance
GCT,2026-08-17,52.34000015258789,52.55500030517578,50.13999938964844,50.279998779296875,50.279998779296875,387800,USD,NGM,America/New_York,Yahoo Finance
GCT,2026-08-18,50.2400016784668,51.32899856567383,48.540000915527344,49.06999969482422,49.06999969482422,568600,USD,NGM,America/New_York,Yahoo Finance
GCT,2026-08-19,50.0,52.130001068115234,49.45399856567383,52.06999969482422,52.06999969482422,412400,USD,NGM,America/New_York,Yahoo Finance
GCT,2026-08-20,51.20000076293945,51.220001220703125,49.34000015258789,49.86000061035156,49.86000061035156,428800,USD,NGM,America/New_York,Yahoo Finance
GCT,2026-08-21,50.0099983215332,50.64500045776367,49.52000045776367,49.650001525878906,49.650001525878906,561300,USD,NGM,America/New_York,Yahoo Finance
GCT,2026-08-24,49.650001525878906,50.617000579833984,48.56999969482422,50.5099983215332,50.5099983215332,375100,USD,NGM,America/New_York,Yahoo Finance
GCT,2026-08-25,50.84000015258789,53.2599983215332,50.45000076293945,52.220001220703125,52.220001220703125,421200,USD,NGM,America/New_York,Yahoo Finance
GCT,2026-08-26,52.06999969482422,52.5,51.04999923706055,52.08000183105469,52.08000183105469,260200,USD,NGM,America/New_York,Yahoo Finance
GCT,2026-08-27,51.7599983215332,52.560001373291016,51.3849983215332,51.58000183105469,51.58000183105469,307500,USD,NGM,America/New_York,Yahoo Finance
GCT,2026-08-28,51.83000183105469,53.709999084472656,51.599998474121094,52.95000076293945,52.95000076293945,896900,USD,NGM,America/New_York,Yahoo Finance
GCT,2026-08-31,52.150001525878906,52.38800048828125,48.41999816894531,48.529998779296875,48.529998779296875,820100,USD,NGM,America/New_York,Yahoo Finance
GCT,2026-09-01,47.59000015258789,48.099998474121094,46.0099983215332,47.369998931884766,47.369998931884766,622800,USD,NGM,America/New_York,Yahoo Finance
GCT,2026-09-02,47.5,50.667999267578125,47.23500061035156,50.5,50.5,452300,USD,NGM,America/New_York,Yahoo Finance
GCT,2026-09-03,50.95500183105469,52.11800003051758,50.7400016784668,50.869998931884766,50.869998931884766,574800,USD,NGM,America/New_York,Yahoo Finance
GCT,2026-09-04,50.15999984741211,52.70000076293945,49.79999923706055,51.75,51.75,520300,USD,NGM,America/New_York,Yahoo Finance
GCT,2026-09-08,51.79999923706055,52.599998474121094,50.5,52.20000076293945,52.20000076293945,470300,USD,NGM,America/New_York,Yahoo Finance
GCT,2026-09-09,52.150001525878906,53.63999938964844,50.11000061035156,51.880001068115234,51.880001068115234,719800,USD,NGM,America/New_York,Yahoo Finance
GCT,2026-09-10,51.189998626708984,53.354000091552734,50.38199996948242,51.79999923706055,51.79999923706055,549400,USD,NGM,America/New_York,Yahoo Finance
GCT,2026-09-11,52.68000030517578,53.29999923706055,51.25,51.869998931884766,51.869998931884766,380600,USD,NGM,America/New_York,Yahoo Finance
GCT,2026-09-14,50.84000015258789,53.119998931884766,50.84000015258789,52.7400016784668,52.7400016784668,546400,USD,NGM,America/New_York,Yahoo Finance
GCT,2026-09-15,52.47999954223633,53.2599983215332,51.744998931884766,52.685001373291016,52.685001373291016,347400,USD,NGM,America/New_York,Yahoo Finance
GCT,2026-09-16,52.88999938964844,53.70000076293945,50.5,51.63999938964844,51.63999938964844,676800,USD,NGM,America/New_York,Yahoo Finance
GCT,2026-09-17,52.599998474121094,53.459999084472656,51.625,53.150001525878906,53.150001525878906,630500,USD,NGM,America/New_York,Yahoo Finance
GCT,2026-09-18,53.060001373291016,54.130001068115234,52.27199935913086,52.86000061035156,52.86000061035156,1362900,USD,NGM,America/New_York,Yahoo Finance
GCT,2026-09-21,53.630001068115234,54.0099983215332,52.880001068115234,53.060001373291016,53.060001373291016,515600,USD,NGM,America/New_York,Yahoo Finance
GCT,2026-09-22,53.81999969482422,54.70000076293945,49.34000015258789,53.119998931884766,53.119998931884766,1689500,USD,NGM,America/New_York,Yahoo Finance
GCT,2026-09-23,52.80500030517578,53.16999816894531,51.15999984741211,52.5,52.5,554600,USD,NGM,America/New_York,Yahoo Finance
GCT,2026-09-24,51.52000045776367,54.04999923706055,50.18000030517578,53.90999984741211,53.90999984741211,713500,USD,NGM,America/New_York,Yahoo Finance
GCT,2026-09-25,54.0099983215332,55.597999572753906,53.26100158691406,53.97999954223633,53.97999954223633,584300,USD,NGM,America/New_York,Yahoo Finance
GCT,2026-09-28,53.16999816894531,54.0,51.86000061035156,52.619998931884766,52.619998931884766,459200,USD,NGM,America/New_York,Yahoo Finance
GEF-B,2026-08-17,110.0999984741211,111.80000305175781,109.5,110.20999908447266,109.2529067993164,66500,USD,NYQ,America/New_York,Yahoo Finance
GEF-B,2026-08-18,110.0,111.33000183105469,109.26000213623047,111.0199966430664,110.05587005615234,161400,USD,NYQ,America/New_York,Yahoo Finance
GEF-B,2026-08-19,112.0,113.98999786376953,111.0999984741211,111.45999908447266,110.49205017089844,73200,USD,NYQ,America/New_York,Yahoo Finance
GEF-B,2026-08-20,109.8499984741211,113.36000061035156,109.8499984741211,110.0,109.04473114013672,88200,USD,NYQ,America/New_York,Yahoo Finance
GEF-B,2026-08-21,111.05000305175781,111.68000030517578,110.5999984741211,111.43000030517578,110.46231079101562,39300,USD,NYQ,America/New_York,Yahoo Finance
GEF-B,2026-08-24,110.36000061035156,112.36000061035156,108.75,108.87000274658203,107.92454528808594,70900,USD,NYQ,America/New_York,Yahoo Finance
GEF-B,2026-08-25,109.55999755859375,110.66000366210938,107.73999786376953,107.73999786376953,106.80435180664062,51500,USD,NYQ,America/New_York,Yahoo Finance
GEF-B,2026-08-26,107.79000091552734,110.04000091552734,107.68000030517578,108.37000274658203,107.42888641357422,81100,USD,NYQ,America/New_York,Yahoo Finance
GEF-B,2026-08-27,107.5999984741211,108.5999984741211,107.51000213623047,108.04000091552734,107.10175323486328,64700,USD,NYQ,America/New_York,Yahoo Finance
GEF-B,2026-08-28,109.1500015258789,109.30000305175781,106.4000015258789,107.52999877929688,106.59617614746094,100100,USD,NYQ,America/New_York,Yahoo Finance
GEF-B,2026-08-31,107.5,107.5,105.27999877929688,105.63999938964844,104.72259521484375,42300,USD,NYQ,America/New_York,Yahoo Finance
GEF-B,2026-09-01,104.48999786376953,105.9800033569336,104.4000015258789,105.54000091552734,104.62345886230469,35400,USD,NYQ,America/New_York,Yahoo Finance
GEF-B,2026-09-02,106.80000305175781,108.2699966430664,106.26000213623047,107.31999969482422,106.38800048828125,47100,USD,NYQ,America/New_York,Yahoo Finance
GEF-B,2026-09-03,108.19999694824219,109.25,106.70999908447266,107.62000274658203,106.6854019165039,104700,USD,NYQ,America/New_York,Yahoo Finance
GEF-B,2026-09-04,105.56999969482422,108.97000122070312,105.56999969482422,108.62000274658203,107.67671966552734,112200,USD,NYQ,America/New_York,Yahoo Finance
GEF-B,2026-09-08,106.43000030517578,109.58999633789062,106.43000030517578,108.9000015258789,107.95428466796875,61600,USD,NYQ,America/New_York,Yahoo Finance
GEF-B,2026-09-09,110.0,110.0,107.0199966430664,107.04000091552734,106.11043548583984,64200,USD,NYQ,America/New_York,Yahoo Finance
GEF-B,2026-09-10,106.04000091552734,107.9000015258789,106.0,106.80000305175781,105.87252044677734,108500,USD,NYQ,America/New_York,Yahoo Finance
GEF-B,2026-09-11,107.94999694824219,108.0,104.73999786376953,105.18000030517578,104.26658630371094,61400,USD,NYQ,America/New_York,Yahoo Finance
GEF-B,2026-09-14,104.98999786376953,106.02999877929688,103.33000183105469,105.45999908447266,104.54415893554688,114100,USD,NYQ,America/New_York,Yahoo Finance
GEF-B,2026-09-15,106.43000030517578,106.43000030517578,103.0,105.66999816894531,104.75232696533203,165500,USD,NYQ,America/New_York,Yahoo Finance
GEF-B,2026-09-16,105.4000015258789,108.52999877929688,103.93000030517578,107.08999633789062,106.15999603271484,111800,USD,NYQ,America/New_York,Yahoo Finance
GEF-B,2026-09-17,107.5999984741211,109.47000122070312,106.36000061035156,109.43000030517578,109.43000030517578,137900,USD,NYQ,America/New_York,Yahoo Finance
GEF-B,2026-09-18,108.2699966430664,109.02999877929688,105.63999938964844,108.23999786376953,108.23999786376953,80000,USD,NYQ,America/New_York,Yahoo Finance
GEF-B,2026-09-21,107.70999908447266,110.16999816894531,107.70999908447266,109.6500015258789,109.6500015258789,163600,USD,NYQ,America/New_York,Yahoo Finance
GEF-B,2026-09-22,109.58999633789062,114.63999938964844,109.30000305175781,113.58999633789062,113.58999633789062,87800,USD,NYQ,America/New_York,Yahoo Finance
GEF-B,2026-09-23,113.19999694824219,113.25,110.8499984741211,111.0199966430664,111.0199966430664,55500,USD,NYQ,America/New_York,Yahoo Finance
GEF-B,2026-09-24,111.0,112.5,107.4000015258789,107.47000122070312,107.47000122070312,98900,USD,NYQ,America/New_York,Yahoo Finance
GEF-B,2026-09-25,109.0,109.1500015258789,107.2699966430664,108.1500015258789,108.1500015258789,173200,USD,NYQ,America/New_York,Yahoo Finance
GEF-B,2026-09-28,107.29000091552734,108.20999908447266,106.44999694824219,106.91999816894531,106.91999816894531,150300,USD,NYQ,America/New_York,Yahoo Finance
GMAB,2026-08-17,32.310001373291016,32.935001373291016,32.279998779296875,32.84000015258789,32.84000015258789,3432000,USD,NMS,America/New_York,Yahoo Finance
GMAB,2026-08-18,32.86000061035156,33.11000061035156,32.65999984741211,32.959999084472656,32.959999084472656,2706900,USD,NMS,America/New_York,Yahoo Finance
GMAB,2026-08-19,33.40999984741211,34.185001373291016,33.255001068115234,34.11000061035156,34.11000061035156,3229200,USD,NMS,America/New_York,Yahoo Finance
GMAB,2026-08-20,33.599998474121094,33.77000045776367,33.20000076293945,33.40999984741211,33.40999984741211,6348500,USD,NMS,America/New_York,Yahoo Finance
GMAB,2026-08-21,33.36000061035156,33.97999954223633,33.279998779296875,33.45000076293945,33.45000076293945,2535300,USD,NMS,America/New_York,Yahoo Finance
GMAB,2026-08-24,32.81999969482422,33.31999969482422,32.7400016784668,33.02000045776367,33.02000045776367,3246500,USD,NMS,America/New_York,Yahoo Finance
GMAB,2026-08-25,33.810001373291016,34.470001220703125,33.720001220703125,34.36000061035156,34.36000061035156,2026300,USD,NMS,America/New_York,Yahoo Finance
GMAB,2026-08-26,33.779998779296875,33.900001525878906,33.36000061035156,33.75,33.75,3086700,USD,NMS,America/New_York,Yahoo Finance
GMAB,2026-08-27,33.90999984741211,34.165000915527344,33.66999816894531,34.099998474121094,34.099998474121094,1866300,USD,NMS,America/New_York,Yahoo Finance
GMAB,2026-08-28,33.779998779296875,33.93000030517578,33.1150016784668,33.22999954223633,33.22999954223633,1514300,USD,NMS,America/New_York,Yahoo Finance
GMAB,2026-08-31,32.7599983215332,33.2599983215332,32.540000915527344,33.15999984741211,33.15999984741211,1733000,USD,NMS,America/New_York,Yahoo Finance
GMAB,2026-09-01,33.33000183105469,33.66999816894531,33.150001525878906,33.290000915527344,33.290000915527344,1563200,USD,NMS,America/New_York,Yahoo Finance
GMAB,2026-09-02,34.040000915527344,34.5,33.7400016784668,34.21500015258789,34.21500015258789,2079400,USD,NMS,America/New_York,Yahoo Finance
GMAB,2026-09-03,34.630001068115234,34.65999984741211,34.08000183105469,34.40999984741211,34.40999984741211,890900,USD,NMS,America/New_York,Yahoo Finance
GMAB,2026-09-04,33.959999084472656,34.189998626708984,33.54499816894531,33.599998474121094,33.599998474121094,1002600,USD,NMS,America/New_York,Yahoo Finance
GMAB,2026-09-08,33.709999084472656,33.84000015258789,33.36000061035156,33.529998779296875,33.529998779296875,1550700,USD,NMS,America/New_York,Yahoo Finance
GMAB,2026-09-09,33.470001220703125,33.75,32.97999954223633,33.040000915527344,33.040000915527344,2125100,USD,NMS,America/New_York,Yahoo Finance
GMAB,2026-09-10,32.459999084472656,32.68000030517578,32.209999084472656,32.22999954223633,32.22999954223633,1015800,USD,NMS,America/New_York,Yahoo Finance
GMAB,2026-09-11,32.45000076293945,32.70000076293945,32.27000045776367,32.470001220703125,32.470001220703125,1393800,USD,NMS,America/New_York,Yahoo Finance
GMAB,2026-09-14,32.790000915527344,32.959999084472656,32.52000045776367,32.650001525878906,32.650001525878906,1411700,USD,NMS,America/New_York,Yahoo Finance
GMAB,2026-09-15,32.34000015258789,34.185001373291016,32.34000015258789,34.150001525878906,34.150001525878906,3085300,USD,NMS,America/New_York,Yahoo Finance
GMAB,2026-09-16,34.36000061035156,34.630001068115234,34.04999923706055,34.400001525878906,34.400001525878906,2885800,USD,NMS,America/New_York,Yahoo Finance
GMAB,2026-09-17,34.279998779296875,34.77000045776367,34.220001220703125,34.53499984741211,34.53499984741211,2703000,USD,NMS,America/New_York,Yahoo Finance
GMAB,2026-09-18,34.91999816894531,35.150001525878906,34.71500015258789,34.7400016784668,34.7400016784668,2711600,USD,NMS,America/New_York,Yahoo Finance
GMAB,2026-09-21,34.70000076293945,34.8650016784668,34.36000061035156,34.689998626708984,34.689998626708984,1577500,USD,NMS,America/New_York,Yahoo Finance
GMAB,2026-09-22,34.459999084472656,35.29499816894531,34.369998931884766,35.220001220703125,35.220001220703125,2297600,USD,NMS,America/New_York,Yahoo Finance
GMAB,2026-09-23,35.38999938964844,35.65999984741211,34.60499954223633,34.75,34.75,2509700,USD,NMS,America/New_York,Yahoo Finance
GMAB,2026-09-24,34.689998626708984,35.029998779296875,34.36000061035156,34.83000183105469,34.83000183105469,2514900,USD,NMS,America/New_York,Yahoo Finance
GMAB,2026-09-25,34.95000076293945,35.470001220703125,34.70000076293945,35.31999969482422,35.31999969482422,3583100,USD,NMS,America/New_York,Yahoo Finance
GMAB,2026-09-28,34.7599983215332,35.70000076293945,34.630001068115234,35.36000061035156,35.36000061035156,2794600,USD,NMS,America/New_York,Yahoo Finance
GRDN,2026-08-17,38.34000015258789,38.775001525878906,37.529998779296875,38.0,38.0,459500,USD,NYQ,America/New_York,Yahoo Finance
GRDN,2026-08-18,37.93000030517578,38.86000061035156,37.70000076293945,38.279998779296875,38.279998779296875,369000,USD,NYQ,America/New_York,Yahoo Finance
GRDN,2026-08-19,38.439998626708984,39.56999969482422,37.70500183105469,37.970001220703125,37.970001220703125,230700,USD,NYQ,America/New_York,Yahoo Finance
GRDN,2026-08-20,37.5099983215332,37.994998931884766,37.2400016784668,37.47999954223633,37.47999954223633,214900,USD,NYQ,America/New_York,Yahoo Finance
GRDN,2026-08-21,37.54999923706055,38.119998931884766,36.900001525878906,37.93000030517578,37.93000030517578,396500,USD,NYQ,America/New_York,Yahoo Finance
GRDN,2026-08-24,38.09000015258789,38.36000061035156,37.334999084472656,37.70000076293945,37.70000076293945,349300,USD,NYQ,America/New_York,Yahoo Finance
GRDN,2026-08-25,37.880001068115234,37.880001068115234,36.790000915527344,37.29999923706055,37.29999923706055,321500,USD,NYQ,America/New_York,Yahoo Finance
GRDN,2026-08-26,37.470001220703125,38.130001068115234,37.21500015258789,37.47999954223633,37.47999954223633,284600,USD,NYQ,America/New_York,Yahoo Finance
GRDN,2026-08-27,37.400001525878906,37.7400016784668,36.86000061035156,37.33000183105469,37.33000183105469,219100,USD,NYQ,America/New_York,Yahoo Finance
GRDN,2026-08-28,37.52000045776367,37.61000061035156,36.84000015258789,37.060001373291016,37.060001373291016,412400,USD,NYQ,America/New_York,Yahoo Finance
GRDN,2026-08-31,36.970001220703125,37.439998626708984,36.650001525878906,37.09000015258789,37.09000015258789,299000,USD,NYQ,America/New_York,Yahoo Finance
GRDN,2026-09-01,37.060001373291016,39.34000015258789,35.900001525878906,38.869998931884766,38.869998931884766,537300,USD,NYQ,America/New_York,Yahoo Finance
GRDN,2026-09-02,38.869998931884766,40.08000183105469,38.6609992980957,39.040000915527344,39.040000915527344,469700,USD,NYQ,America/New_York,Yahoo Finance
GRDN,2026-09-03,39.40999984741211,40.150001525878906,38.04399871826172,40.130001068115234,40.130001068115234,652700,USD,NYQ,America/New_York,Yahoo Finance
GRDN,2026-09-04,40.130001068115234,40.95000076293945,39.97999954223633,40.77000045776367,40.77000045776367,418400,USD,NYQ,America/New_York,Yahoo Finance
GRDN,2026-09-08,40.61000061035156,42.630001068115234,40.0099983215332,42.45000076293945,42.45000076293945,653100,USD,NYQ,America/New_York,Yahoo Finance
GRDN,2026-09-09,42.310001373291016,43.73500061035156,41.98500061035156,43.38999938964844,43.38999938964844,518500,USD,NYQ,America/New_York,Yahoo Finance
GRDN,2026-09-10,43.22999954223633,44.54999923706055,42.869998931884766,43.83000183105469,43.83000183105469,698600,USD,NYQ,America/New_York,Yahoo Finance
GRDN,2026-09-11,44.060001373291016,44.7599983215332,43.38999938964844,43.63999938964844,43.63999938964844,923200,USD,NYQ,America/New_York,Yahoo Finance
GRDN,2026-09-14,43.5,46.814998626708984,43.5,46.4900016784668,46.4900016784668,925900,USD,NYQ,America/New_York,Yahoo Finance
GRDN,2026-09-15,46.0,48.13999938964844,46.0,48.0,48.0,719400,USD,NYQ,America/New_York,Yahoo Finance
GRDN,2026-09-16,47.56999969482422,48.33000183105469,45.189998626708984,46.52000045776367,46.52000045776367,836800,USD,NYQ,America/New_York,Yahoo Finance
GRDN,2026-09-17,46.529998779296875,46.970001220703125,45.01499938964844,45.04999923706055,45.04999923706055,604000,USD,NYQ,America/New_York,Yahoo Finance
GRDN,2026-09-18,45.0099983215332,45.63999938964844,44.2400016784668,44.9900016784668,44.9900016784668,3205600,USD,NYQ,America/New_York,Yahoo Finance
GRDN,2026-09-21,45.13999938964844,45.13999938964844,43.34000015258789,44.15999984741211,44.15999984741211,570300,USD,NYQ,America/New_York,Yahoo Finance
GRDN,2026-09-22,44.36000061035156,45.369998931884766,44.36000061035156,44.66999816894531,44.66999816894531,396900,USD,NYQ,America/New_York,Yahoo Finance
GRDN,2026-09-23,44.650001525878906,45.06999969482422,43.16999816894531,43.2599983215332,43.2599983215332,440800,USD,NYQ,America/New_York,Yahoo Finance
GRDN,2026-09-24,43.09000015258789,43.81999969482422,41.5,41.790000915527344,41.790000915527344,494400,USD,NYQ,America/New_York,Yahoo Finance
GRDN,2026-09-25,41.70000076293945,42.34000015258789,41.189998626708984,41.209999084472656,41.209999084472656,720600,USD,NYQ,America/New_York,Yahoo Finance
GRDN,2026-09-28,41.119998931884766,42.41999816894531,40.09000015258789,40.7400016784668,40.7400016784668,604100,USD,NYQ,America/New_York,Yahoo Finance
GT,2026-08-17,6.159999847412109,6.210000038146973,6.010000228881836,6.050000190734863,6.050000190734863,8745400,USD,NMS,America/New_York,Yahoo Finance
GT,2026-08-18,6.059999942779541,6.139999866485596,5.929999828338623,5.929999828338623,5.929999828338623,7992300,USD,NMS,America/New_York,Yahoo Finance
GT,2026-08-19,6.050000190734863,6.139999866485596,5.900000095367432,5.989999771118164,5.989999771118164,6568400,USD,NMS,America/New_York,Yahoo Finance
GT,2026-08-20,5.960000038146973,5.96999979019165,5.769999980926514,5.840000152587891,5.840000152587891,6663200,USD,NMS,America/New_York,Yahoo Finance
GT,2026-08-21,5.869999885559082,6.0,5.860000133514404,5.96999979019165,5.96999979019165,5836700,USD,NMS,America/New_York,Yahoo Finance
GT,2026-08-24,5.96999979019165,6.050000190734863,5.900000095367432,6.0,6.0,5859000,USD,NMS,America/New_York,Yahoo Finance
GT,2026-08-25,6.0,6.230000019073486,5.949999809265137,6.199999809265137,6.199999809265137,7192400,USD,NMS,America/New_York,Yahoo Finance
GT,2026-08-26,6.159999847412109,6.579999923706055,6.159999847412109,6.260000228881836,6.260000228881836,12026100,USD,NMS,America/New_York,Yahoo Finance
GT,2026-08-27,6.25,6.25,6.119999885559082,6.150000095367432,6.150000095367432,5412500,USD,NMS,America/New_York,Yahoo Finance
GT,2026-08-28,6.150000095367432,6.369999885559082,6.079999923706055,6.349999904632568,6.349999904632568,5256800,USD,NMS,America/New_York,Yahoo Finance
GT,2026-08-31,6.320000171661377,6.360000133514404,6.179999828338623,6.269999980926514,6.269999980926514,6071900,USD,NMS,America/New_York,Yahoo Finance
GT,2026-09-01,6.329999923706055,6.329999923706055,5.980000019073486,5.989999771118164,5.989999771118164,6698800,USD,NMS,America/New_York,Yahoo Finance
GT,2026-09-02,6.0,6.239999771118164,5.960000038146973,6.210000038146973,6.210000038146973,8949500,USD,NMS,America/New_York,Yahoo Finance
GT,2026-09-03,6.289999961853027,6.400000095367432,6.070000171661377,6.110000133514404,6.110000133514404,6575400,USD,NMS,America/New_York,Yahoo Finance
GT,2026-09-04,6.090000152587891,6.25,6.03000020980835,6.25,6.25,4982600,USD,NMS,America/New_York,Yahoo Finance
GT,2026-09-08,6.199999809265137,6.21999979019165,5.829999923706055,5.849999904632568,5.849999904632568,13203000,USD,NMS,America/New_York,Yahoo Finance
GT,2026-09-09,5.840000152587891,5.860000133514404,5.659999847412109,5.75,5.75,9572400,USD,NMS,America/New_York,Yahoo Finance
GT,2026-09-10,5.690000057220459,5.699999809265137,5.5,5.539999961853027,5.539999961853027,10006900,USD,NMS,America/New_York,Yahoo Finance
GT,2026-09-11,5.639999866485596,5.710000038146973,5.349999904632568,5.369999885559082,5.369999885559082,13745300,USD,NMS,America/New_York,Yahoo Finance
GT,2026-09-14,5.340000152587891,5.480000019073486,5.300000190734863,5.320000171661377,5.320000171661377,9307200,USD,NMS,America/New_York,Yahoo Finance
GT,2026-09-15,5.329999923706055,5.349999904632568,5.179999828338623,5.25,5.25,12055000,USD,NMS,America/New_York,Yahoo Finance
GT,2026-09-16,5.309999942779541,5.340000152587891,5.139999866485596,5.159999847412109,5.159999847412109,9293800,USD,NMS,America/New_York,Yahoo Finance
GT,2026-09-17,5.28000020980835,5.329999923706055,5.039999961853027,5.150000095367432,5.150000095367432,13061400,USD,NMS,America/New_York,Yahoo Finance
GT,2026-09-18,5.139999866485596,5.159999847412109,5.039999961853027,5.050000190734863,5.050000190734863,15895000,USD,NMS,America/New_York,Yahoo Finance
GT,2026-09-21,5.119999885559082,5.130000114440918,4.909999847412109,5.019999980926514,5.019999980926514,13419500,USD,NMS,America/New_York,Yahoo Finance
GT,2026-09-22,5.150000095367432,5.550000190734863,5.150000095367432,5.489999771118164,5.489999771118164,14345900,USD,NMS,America/New_York,Yahoo Finance
GT,2026-09-23,5.449999809265137,5.449999809265137,5.28000020980835,5.340000152587891,5.340000152587891,6466600,USD,NMS,America/New_York,Yahoo Finance
GT,2026-09-24,5.369999885559082,5.369999885559082,5.059999942779541,5.070000171661377,5.070000171661377,10474300,USD,NMS,America/New_York,Yahoo Finance
GT,2026-09-25,5.119999885559082,5.150000095367432,5.039999961853027,5.130000114440918,5.130000114440918,5690300,USD,NMS,America/New_York,Yahoo Finance
GT,2026-09-28,5.130000114440918,5.130000114440918,5.0,5.019999980926514,5.019999980926514,7501000,USD,NMS,America/New_York,Yahoo Finance
HASI,2026-08-17,42.029998779296875,42.540000915527344,41.779998779296875,42.130001068115234,42.130001068115234,1029200,USD,NYQ,America/New_York,Yahoo Finance
HASI,2026-08-18,42.189998626708984,42.2599983215332,41.220001220703125,41.36000061035156,41.36000061035156,870900,USD,NYQ,America/New_York,Yahoo Finance
HASI,2026-08-19,41.75,42.31999969482422,41.529998779296875,41.880001068115234,41.880001068115234,753400,USD,NYQ,America/New_York,Yahoo Finance
HASI,2026-08-20,41.41999816894531,41.66999816894531,40.540000915527344,40.619998931884766,40.619998931884766,934600,USD,NYQ,America/New_York,Yahoo Finance
HASI,2026-08-21,40.900001525878906,40.9900016784668,39.40999984741211,39.47999954223633,39.47999954223633,1089200,USD,NYQ,America/New_York,Yahoo Finance
HASI,2026-08-24,39.439998626708984,39.790000915527344,38.7599983215332,39.470001220703125,39.470001220703125,1010000,USD,NYQ,America/New_York,Yahoo Finance
HASI,2026-08-25,39.529998779296875,40.040000915527344,38.970001220703125,39.63999938964844,39.63999938964844,1097900,USD,NYQ,America/New_York,Yahoo Finance
HASI,2026-08-26,39.5099983215332,40.08000183105469,39.369998931884766,40.060001373291016,40.060001373291016,509400,USD,NYQ,America/New_York,Yahoo Finance
HASI,2026-08-27,40.02000045776367,40.34000015258789,39.77000045776367,40.27000045776367,40.27000045776367,609600,USD,NYQ,America/New_York,Yahoo Finance
HASI,2026-08-28,40.08000183105469,40.560001373291016,40.0,40.0,40.0,552300,USD,NYQ,America/New_York,Yahoo Finance
HASI,2026-08-31,39.75,39.75,39.20000076293945,39.54999923706055,39.54999923706055,641100,USD,NYQ,America/New_York,Yahoo Finance
HASI,2026-09-01,39.310001373291016,39.63999938964844,38.939998626708984,39.52000045776367,39.52000045776367,4727300,USD,NYQ,America/New_York,Yahoo Finance
HASI,2026-09-02,39.59000015258789,40.220001220703125,39.22999954223633,39.83000183105469,39.83000183105469,1033400,USD,NYQ,America/New_York,Yahoo Finance
HASI,2026-09-03,40.13999938964844,40.5,39.380001068115234,39.84000015258789,39.84000015258789,569300,USD,NYQ,America/New_York,Yahoo Finance
HASI,2026-09-04,38.02000045776367,38.81999969482422,37.63999938964844,38.34000015258789,38.34000015258789,1905400,USD,NYQ,America/New_York,Yahoo Finance
HASI,2026-09-08,38.16999816894531,39.45000076293945,38.0,39.369998931884766,39.369998931884766,851400,USD,NYQ,America/New_York,Yahoo Finance
HASI,2026-09-09,39.61000061035156,39.91999816894531,38.04999923706055,38.400001525878906,38.400001525878906,1036300,USD,NYQ,America/New_York,Yahoo Finance
HASI,2026-09-10,38.209999084472656,38.25,37.380001068115234,37.61000061035156,37.61000061035156,873000,USD,NYQ,America/New_York,Yahoo Finance
HASI,2026-09-11,37.959999084472656,37.959999084472656,37.11000061035156,37.369998931884766,37.369998931884766,668900,USD,NYQ,America/New_York,Yahoo Finance
HASI,2026-09-14,37.2400016784668,37.439998626708984,36.689998626708984,36.84000015258789,36.84000015258789,843200,USD,NYQ,America/New_York,Yahoo Finance
HASI,2026-09-15,36.88999938964844,36.97999954223633,36.31999969482422,36.43000030517578,36.43000030517578,844300,USD,NYQ,America/New_York,Yahoo Finance
HASI,2026-09-16,36.68000030517578,36.970001220703125,35.9900016784668,36.400001525878906,36.400001525878906,827500,USD,NYQ,America/New_York,Yahoo Finance
HASI,2026-09-17,36.599998474121094,37.439998626708984,36.38999938964844,37.18000030517578,37.18000030517578,913200,USD,NYQ,America/New_York,Yahoo Finance
HASI,2026-09-18,37.029998779296875,37.150001525878906,36.15999984741211,36.72999954223633,36.72999954223633,2315400,USD,NYQ,America/New_York,Yahoo Finance
HASI,2026-09-21,37.13999938964844,37.279998779296875,36.7599983215332,37.029998779296875,37.029998779296875,589800,USD,NYQ,America/New_York,Yahoo Finance
HASI,2026-09-22,37.380001068115234,37.630001068115234,37.150001525878906,37.209999084472656,37.209999084472656,653400,USD,NYQ,America/New_York,Yahoo Finance
HASI,2026-09-23,36.79999923706055,36.95000076293945,36.18000030517578,36.209999084472656,36.209999084472656,915400,USD,NYQ,America/New_York,Yahoo Finance
HASI,2026-09-24,35.91999816894531,36.31999969482422,35.65999984741211,36.15999984741211,36.15999984741211,1451300,USD,NYQ,America/New_York,Yahoo Finance
HASI,2026-09-25,36.38999938964844,36.79999923706055,35.97999954223633,36.439998626708984,36.439998626708984,2300100,USD,NYQ,America/New_York,Yahoo Finance
HASI,2026-09-28,36.209999084472656,36.52000045776367,35.70000076293945,36.25,36.25,729700,USD,NYQ,America/New_York,Yahoo Finance
HCM,2026-08-17,12.640000343322754,12.899999618530273,12.510000228881836,12.5600004196167,12.5600004196167,89200,USD,NMS,America/New_York,Yahoo Finance
HCM,2026-08-18,12.600000381469727,12.770000457763672,12.479999542236328,12.640000343322754,12.640000343322754,284800,USD,NMS,America/New_York,Yahoo Finance
HCM,2026-08-19,12.300000190734863,12.59000015258789,12.300000190734863,12.59000015258789,12.59000015258789,50700,USD,NMS,America/New_York,Yahoo Finance
HCM,2026-08-20,12.649999618530273,12.670000076293945,12.470000267028809,12.5600004196167,12.5600004196167,49900,USD,NMS,America/New_York,Yahoo Finance
HCM,2026-08-21,12.5600004196167,12.699999809265137,12.545000076293945,12.630000114440918,12.630000114440918,64400,USD,NMS,America/New_York,Yahoo Finance
HCM,2026-08-24,12.579999923706055,12.579999923706055,12.09000015258789,12.180000305175781,12.180000305175781,56400,USD,NMS,America/New_York,Yahoo Finance
HCM,2026-08-25,12.180000305175781,12.300000190734863,12.15999984741211,12.260000228881836,12.260000228881836,73600,USD,NMS,America/New_York,Yahoo Finance
HCM,2026-08-26,12.40999984741211,12.5600004196167,12.34000015258789,12.350000381469727,12.350000381469727,62700,USD,NMS,America/New_York,Yahoo Finance
HCM,2026-08-27,12.3100004196167,12.449999809265137,12.3100004196167,12.414999961853027,12.414999961853027,89100,USD,NMS,America/New_York,Yahoo Finance
HCM,2026-08-28,12.399999618530273,12.479999542236328,12.34000015258789,12.380000114440918,12.380000114440918,59100,USD,NMS,America/New_York,Yahoo Finance
HCM,2026-08-31,12.4399995803833,12.4399995803833,12.079999923706055,12.119999885559082,12.119999885559082,69200,USD,NMS,America/New_York,Yahoo Finance
HCM,2026-09-01,12.140000343322754,12.140000343322754,11.800000190734863,11.90999984741211,11.90999984741211,74500,USD,NMS,America/New_York,Yahoo Finance
HCM,2026-09-02,11.949999809265137,12.149999618530273,11.949999809265137,12.039999961853027,12.039999961853027,62200,USD,NMS,America/New_York,Yahoo Finance
HCM,2026-09-03,13.600000381469727,14.229999542236328,13.510000228881836,14.109999656677246,14.109999656677246,510900,USD,NMS,America/New_York,Yahoo Finance
HCM,2026-09-04,14.25,14.324999809265137,14.0649995803833,14.09000015258789,14.09000015258789,150500,USD,NMS,America/New_York,Yahoo Finance
HCM,2026-09-08,14.0,14.050000190734863,13.699999809265137,13.880000114440918,13.880000114440918,109100,USD,NMS,America/New_York,Yahoo Finance
HCM,2026-09-09,13.90999984741211,13.90999984741211,13.510000228881836,13.569999694824219,13.569999694824219,95000,USD,NMS,America/New_York,Yahoo Finance
HCM,2026-09-10,13.350000381469727,13.350000381469727,13.09000015258789,13.119999885559082,13.119999885559082,45200,USD,NMS,America/New_York,Yahoo Finance
HCM,2026-09-11,13.0600004196167,13.0600004196167,12.789999961853027,12.819999694824219,12.819999694824219,82700,USD,NMS,America/New_York,Yahoo Finance
HCM,2026-09-14,13.350000381469727,13.710000038146973,13.350000381469727,13.65999984741211,13.65999984741211,114600,USD,NMS,America/New_York,Yahoo Finance
HCM,2026-09-15,13.680000305175781,13.789999961853027,13.585000038146973,13.789999961853027,13.789999961853027,68800,USD,NMS,America/New_York,Yahoo Finance
HCM,2026-09-16,13.619999885559082,13.619999885559082,13.380000114440918,13.460000038146973,13.460000038146973,31200,USD,NMS,America/New_York,Yahoo Finance
HCM,2026-09-17,13.600000381469727,13.890000343322754,13.600000381469727,13.819999694824219,13.819999694824219,35100,USD,NMS,America/New_York,Yahoo Finance
HCM,2026-09-18,13.680000305175781,13.770000457763672,13.569999694824219,13.670000076293945,13.670000076293945,15800,USD,NMS,America/New_York,Yahoo Finance
HCM,2026-09-21,14.0600004196167,14.550000190734863,14.0600004196167,14.479999542236328,14.479999542236328,113600,USD,NMS,America/New_York,Yahoo Finance
HCM,2026-09-22,14.170000076293945,14.229999542236328,14.010000228881836,14.069999694824219,14.069999694824219,37000,USD,NMS,America/New_York,Yahoo Finance
HCM,2026-09-23,14.130000114440918,14.430000305175781,14.100000381469727,14.369999885559082,14.369999885559082,117600,USD,NMS,America/New_York,Yahoo Finance
HCM,2026-09-24,13.970000267028809,14.079999923706055,13.8100004196167,13.899999618530273,13.899999618530273,44300,USD,NMS,America/New_York,Yahoo Finance
HCM,2026-09-25,14.0600004196167,14.140000343322754,13.914999961853027,13.9399995803833,13.9399995803833,71300,USD,NMS,America/New_York,Yahoo Finance
HCM,2026-09-28,13.930000305175781,14.220000267028809,13.930000305175781,14.130000114440918,14.130000114440918,29700,USD,NMS,America/New_York,Yahoo Finance
HCSG,2026-08-17,21.469999313354492,21.700000762939453,21.360000610351562,21.59000015258789,21.59000015258789,788100,USD,NMS,America/New_York,Yahoo Finance
HCSG,2026-08-18,21.75,22.190000534057617,21.739999771118164,21.940000534057617,21.940000534057617,594100,USD,NMS,America/New_York,Yahoo Finance
HCSG,2026-08-19,22.610000610351562,23.649999618530273,22.549999237060547,22.93000030517578,22.93000030517578,1064800,USD,NMS,America/New_York,Yahoo Finance
HCSG,2026-08-20,22.700000762939453,23.09000015258789,22.700000762939453,23.0,23.0,747200,USD,NMS,America/New_York,Yahoo Finance
HCSG,2026-08-21,23.170000076293945,23.170000076293945,22.43000030517578,22.770000457763672,22.770000457763672,461600,USD,NMS,America/New_York,Yahoo Finance
HCSG,2026-08-24,22.719999313354492,23.170000076293945,22.459999084472656,22.799999237060547,22.799999237060547,559100,USD,NMS,America/New_York,Yahoo Finance
HCSG,2026-08-25,22.8799991607666,22.959999084472656,22.489999771118164,22.940000534057617,22.940000534057617,406600,USD,NMS,America/New_York,Yahoo Finance
HCSG,2026-08-26,22.93000030517578,23.100000381469727,22.670000076293945,22.90999984741211,22.90999984741211,485200,USD,NMS,America/New_York,Yahoo Finance
HCSG,2026-08-27,22.81999969482422,22.969999313354492,22.520000457763672,22.940000534057617,22.940000534057617,361800,USD,NMS,America/New_York,Yahoo Finance
HCSG,2026-08-28,22.940000534057617,23.0,22.270000457763672,22.440000534057617,22.440000534057617,632700,USD,NMS,America/New_York,Yahoo Finance
HCSG,2026-08-31,22.360000610351562,22.360000610351562,21.829999923706055,21.989999771118164,21.989999771118164,632000,USD,NMS,America/New_York,Yahoo Finance
HCSG,2026-09-01,21.770000457763672,22.299999237060547,21.649999618530273,21.81999969482422,21.81999969482422,536800,USD,NMS,America/New_York,Yahoo Finance
HCSG,2026-09-02,21.84000015258789,22.270000457763672,21.579999923706055,21.770000457763672,21.770000457763672,558500,USD,NMS,America/New_York,Yahoo Finance
HCSG,2026-09-03,22.079999923706055,22.360000610351562,21.65999984741211,21.709999084472656,21.709999084472656,582200,USD,NMS,America/New_York,Yahoo Finance
HCSG,2026-09-04,21.389999389648438,21.93000030517578,21.25,21.81999969482422,21.81999969482422,593500,USD,NMS,America/New_York,Yahoo Finance
HCSG,2026-09-08,21.59000015258789,21.989999771118164,21.329999923706055,21.780000686645508,21.780000686645508,636000,USD,NMS,America/New_York,Yahoo Finance
HCSG,2026-09-09,21.690000534057617,22.040000915527344,21.3799991607666,22.030000686645508,22.030000686645508,507800,USD,NMS,America/New_York,Yahoo Finance
HCSG,2026-09-10,21.93000030517578,22.280000686645508,21.75,21.84000015258789,21.84000015258789,392600,USD,NMS,America/New_York,Yahoo Finance
HCSG,2026-09-11,22.079999923706055,22.110000610351562,21.8700008392334,21.979999542236328,21.979999542236328,548800,USD,NMS,America/New_York,Yahoo Finance
HCSG,2026-09-14,22.110000610351562,22.1299991607666,21.780000686645508,22.040000915527344,22.040000915527344,482600,USD,NMS,America/New_York,Yahoo Finance
HCSG,2026-09-15,22.020000457763672,22.059999465942383,21.780000686645508,21.90999984741211,21.90999984741211,481500,USD,NMS,America/New_York,Yahoo Finance
HCSG,2026-09-16,21.90999984741211,22.399999618530273,21.829999923706055,21.889999389648438,21.889999389648438,632900,USD,NMS,America/New_York,Yahoo Finance
HCSG,2026-09-17,22.09000015258789,22.1200008392334,21.43000030517578,21.489999771118164,21.489999771118164,724400,USD,NMS,America/New_York,Yahoo Finance
HCSG,2026-09-18,21.25,21.5,21.010000228881836,21.469999313354492,21.469999313354492,1533600,USD,NMS,America/New_York,Yahoo Finance
HCSG,2026-09-21,21.600000381469727,21.690000534057617,21.270000457763672,21.299999237060547,21.299999237060547,736100,USD,NMS,America/New_York,Yahoo Finance
HCSG,2026-09-22,21.5,21.649999618530273,21.1200008392334,21.56999969482422,21.56999969482422,1422800,USD,NMS,America/New_York,Yahoo Finance
HCSG,2026-09-23,21.56999969482422,21.719999313354492,21.170000076293945,21.25,21.25,567100,USD,NMS,America/New_York,Yahoo Finance
HCSG,2026-09-24,21.239999771118164,21.399999618530273,20.829999923706055,20.969999313354492,20.969999313354492,936600,USD,NMS,America/New_York,Yahoo Finance
HCSG,2026-09-25,21.0,21.079999923706055,20.809999465942383,21.049999237060547,21.049999237060547,400700,USD,NMS,America/New_York,Yahoo Finance
HCSG,2026-09-28,20.829999923706055,21.100000381469727,20.700000762939453,20.780000686645508,20.780000686645508,573100,USD,NMS,America/New_York,Yahoo Finance
HQH,2026-08-17,23.34000015258789,23.670000076293945,23.31999969482422,23.670000076293945,23.029483795166016,220900,USD,NYQ,America/New_York,Yahoo Finance
HQH,2026-08-18,23.649999618530273,23.979999542236328,23.610000610351562,23.979999542236328,23.33109474182129,169400,USD,NYQ,America/New_York,Yahoo Finance
HQH,2026-08-19,24.440000534057617,24.850000381469727,24.3700008392334,24.65999984741211,23.992692947387695,407400,USD,NYQ,America/New_York,Yahoo Finance
HQH,2026-08-20,24.079999923706055,24.579999923706055,23.799999237060547,23.84000015258789,23.194883346557617,384500,USD,NYQ,America/New_York,Yahoo Finance
HQH,2026-08-21,24.010000228881836,24.420000076293945,23.8700008392334,24.389999389648438,23.729999542236328,203100,USD,NYQ,America/New_York,Yahoo Finance
HQH,2026-08-24,23.899999618530273,23.899999618530273,23.329999923706055,23.389999389648438,23.389999389648438,221400,USD,NYQ,America/New_York,Yahoo Finance
HQH,2026-08-25,23.549999237060547,23.719999313354492,23.440000534057617,23.610000610351562,23.610000610351562,206300,USD,NYQ,America/New_York,Yahoo Finance
HQH,2026-08-26,23.520000457763672,23.520000457763672,23.25,23.389999389648438,23.389999389648438,124300,USD,NYQ,America/New_York,Yahoo Finance
HQH,2026-08-27,23.389999389648438,23.479999542236328,23.15999984741211,23.18000030517578,23.18000030517578,103000,USD,NYQ,America/New_York,Yahoo Finance
HQH,2026-08-28,23.170000076293945,23.170000076293945,22.59000015258789,22.670000076293945,22.670000076293945,214900,USD,NYQ,America/New_York,Yahoo Finance
HQH,2026-08-31,22.59000015258789,22.739999771118164,22.399999618530273,22.719999313354492,22.719999313354492,158300,USD,NYQ,America/New_York,Yahoo Finance
HQH,2026-09-01,22.6299991607666,22.799999237060547,22.56999969482422,22.639999389648438,22.639999389648438,108400,USD,NYQ,America/New_York,Yahoo Finance
HQH,2026-09-02,22.739999771118164,23.1299991607666,22.59000015258789,22.739999771118164,22.739999771118164,85100,USD,NYQ,America/New_York,Yahoo Finance
HQH,2026-09-03,22.899999618530273,22.989999771118164,22.530000686645508,22.649999618530273,22.649999618530273,90200,USD,NYQ,America/New_York,Yahoo Finance
HQH,2026-09-04,22.610000610351562,22.649999618530273,22.469999313354492,22.559999465942383,22.559999465942383,79500,USD,NYQ,America/New_York,Yahoo Finance
HQH,2026-09-08,22.6299991607666,22.649999618530273,22.25,22.489999771118164,22.489999771118164,173700,USD,NYQ,America/New_York,Yahoo Finance
HQH,2026-09-09,22.399999618530273,22.510000228881836,22.280000686645508,22.350000381469727,22.350000381469727,120900,USD,NYQ,America/New_York,Yahoo Finance
HQH,2026-09-10,22.25,22.25,21.75,21.75,21.75,136200,USD,NYQ,America/New_York,Yahoo Finance
HQH,2026-09-11,21.940000534057617,22.059999465942383,21.75,21.760000228881836,21.760000228881836,122600,USD,NYQ,America/New_York,Yahoo Finance
HQH,2026-09-14,21.75,22.059999465942383,21.649999618530273,21.979999542236328,21.979999542236328,116900,USD,NYQ,America/New_York,Yahoo Finance
HQH,2026-09-15,22.139999389648438,22.139999389648438,21.190000534057617,21.389999389648438,21.389999389648438,236100,USD,NYQ,America/New_York,Yahoo Finance
HQH,2026-09-16,21.350000381469727,21.639999389648438,21.200000762939453,21.31999969482422,21.31999969482422,148900,USD,NYQ,America/New_York,Yahoo Finance
HQH,2026-09-17,21.530000686645508,21.829999923706055,21.530000686645508,21.639999389648438,21.639999389648438,128400,USD,NYQ,America/New_York,Yahoo Finance
HQH,2026-09-18,21.450000762939453,21.65999984741211,21.309999465942383,21.440000534057617,21.440000534057617,143500,USD,NYQ,America/New_York,Yahoo Finance
HQH,2026-09-21,21.510000228881836,21.719999313354492,21.450000762939453,21.579999923706055,21.579999923706055,102900,USD,NYQ,America/New_York,Yahoo Finance
HQH,2026-09-22,21.649999618530273,22.09000015258789,21.6299991607666,22.030000686645508,22.030000686645508,135700,USD,NYQ,America/New_York,Yahoo Finance
HQH,2026-09-23,22.100000381469727,22.18000030517578,21.530000686645508,21.600000381469727,21.600000381469727,93400,USD,NYQ,America/New_York,Yahoo Finance
HQH,2026-09-24,21.40999984741211,21.510000228881836,21.200000762939453,21.290000915527344,21.290000915527344,101400,USD,NYQ,America/New_York,Yahoo Finance
HQH,2026-09-25,21.360000610351562,21.489999771118164,21.149999618530273,21.239999771118164,21.239999771118164,136700,USD,NYQ,America/New_York,Yahoo Finance
HQH,2026-09-28,21.149999618530273,21.329999923706055,21.040000915527344,21.25,21.25,111700,USD,NYQ,America/New_York,Yahoo Finance
HTLD,2026-08-17,12.779999732971191,13.010000228881836,12.75,12.819999694824219,12.797449111938477,691100,USD,NMS,America/New_York,Yahoo Finance
HTLD,2026-08-18,12.800000190734863,12.869999885559082,12.5,12.75,12.727572441101074,1076100,USD,NMS,America/New_York,Yahoo Finance
HTLD,2026-08-19,12.789999961853027,12.949999809265137,12.65999984741211,12.670000076293945,12.647713661193848,1049400,USD,NMS,America/New_York,Yahoo Finance
HTLD,2026-08-20,12.579999923706055,12.699999809265137,12.3100004196167,12.359999656677246,12.338258743286133,1094900,USD,NMS,America/New_York,Yahoo Finance
HTLD,2026-08-21,12.550000190734863,12.880000114440918,12.489999771118164,12.84000015258789,12.817414283752441,604900,USD,NMS,America/New_York,Yahoo Finance
HTLD,2026-08-24,12.899999618530273,12.979999542236328,12.229999542236328,12.510000228881836,12.487995147705078,579800,USD,NMS,America/New_York,Yahoo Finance
HTLD,2026-08-25,12.579999923706055,12.789999961853027,12.260000228881836,12.289999961853027,12.26838207244873,540300,USD,NMS,America/New_York,Yahoo Finance
HTLD,2026-08-26,12.270000457763672,12.479999542236328,12.109999656677246,12.470000267028809,12.448065757751465,448500,USD,NMS,America/New_York,Yahoo Finance
HTLD,2026-08-27,12.420000076293945,12.470000267028809,12.279999732971191,12.359999656677246,12.338258743286133,480200,USD,NMS,America/New_York,Yahoo Finance
HTLD,2026-08-28,12.380000114440918,12.529999732971191,12.069999694824219,12.180000305175781,12.158576011657715,620000,USD,NMS,America/New_York,Yahoo Finance
HTLD,2026-08-31,12.180000305175781,12.420000076293945,12.0,12.359999656677246,12.338258743286133,576300,USD,NMS,America/New_York,Yahoo Finance
HTLD,2026-09-01,12.260000228881836,12.369999885559082,11.75,11.90999984741211,11.889050483703613,584000,USD,NMS,America/New_York,Yahoo Finance
HTLD,2026-09-02,11.979999542236328,12.3100004196167,11.949999809265137,12.100000381469727,12.078716278076172,873700,USD,NMS,America/New_York,Yahoo Finance
HTLD,2026-09-03,12.260000228881836,12.449999809265137,11.84000015258789,12.359999656677246,12.338258743286133,447700,USD,NMS,America/New_York,Yahoo Finance
HTLD,2026-09-04,12.199999809265137,12.729999542236328,12.15999984741211,12.4399995803833,12.41811752319336,573300,USD,NMS,America/New_York,Yahoo Finance
HTLD,2026-09-08,12.380000114440918,12.510000228881836,12.319999694824219,12.319999694824219,12.29832935333252,366300,USD,NMS,America/New_York,Yahoo Finance
HTLD,2026-09-09,12.289999961853027,12.5,12.149999618530273,12.229999542236328,12.208487510681152,633200,USD,NMS,America/New_York,Yahoo Finance
HTLD,2026-09-10,12.1899995803833,12.329999923706055,12.100000381469727,12.1899995803833,12.168557167053223,752200,USD,NMS,America/New_York,Yahoo Finance
HTLD,2026-09-11,12.289999961853027,12.4399995803833,12.119999885559082,12.34000015258789,12.318294525146484,531400,USD,NMS,America/New_York,Yahoo Finance
HTLD,2026-09-14,12.170000076293945,12.489999771118164,12.079999923706055,12.449999809265137,12.4281005859375,543600,USD,NMS,America/New_York,Yahoo Finance
HTLD,2026-09-15,12.449999809265137,12.739999771118164,12.350000381469727,12.520000457763672,12.497978210449219,709200,USD,NMS,America/New_York,Yahoo Finance
HTLD,2026-09-16,12.3100004196167,12.470000267028809,11.680000305175781,11.880000114440918,11.859103202819824,1984900,USD,NMS,America/New_York,Yahoo Finance
HTLD,2026-09-17,12.029999732971191,12.199999809265137,11.920000076293945,11.920000076293945,11.899032592773438,988300,USD,NMS,America/New_York,Yahoo Finance
HTLD,2026-09-18,11.869999885559082,11.960000038146973,11.729999542236328,11.869999885559082,11.84912109375,1294800,USD,NMS,America/New_York,Yahoo Finance
HTLD,2026-09-21,11.949999809265137,11.949999809265137,11.399999618530273,11.640000343322754,11.619525909423828,759100,USD,NMS,America/New_York,Yahoo Finance
HTLD,2026-09-22,11.779999732971191,11.949999809265137,11.649999618530273,11.829999923706055,11.80919075012207,904500,USD,NMS,America/New_York,Yahoo Finance
HTLD,2026-09-23,11.770000457763672,11.8100004196167,11.529999732971191,11.680000305175781,11.659455299377441,901700,USD,NMS,America/New_York,Yahoo Finance
HTLD,2026-09-24,11.779999732971191,11.850000381469727,11.289999961853027,11.369999885559082,11.350000381469727,858400,USD,NMS,America/New_York,Yahoo Finance
HTLD,2026-09-25,11.420000076293945,11.4399995803833,11.1899995803833,11.300000190734863,11.300000190734863,543600,USD,NMS,America/New_York,Yahoo Finance
HTLD,2026-09-28,11.220000267028809,11.479999542236328,11.140000343322754,11.4399995803833,11.4399995803833,635900,USD,NMS,America/New_York,Yahoo Finance
ICE,2026-08-17,154.02000427246094,156.1199951171875,154.0,154.30999755859375,153.798583984375,2639600,USD,NYQ,America/New_York,Yahoo Finance
ICE,2026-08-18,156.32000732421875,158.16000366210938,154.94000244140625,156.17999267578125,155.66238403320312,3619700,USD,NYQ,America/New_York,Yahoo Finance
ICE,2026-08-19,156.3000030517578,159.63999938964844,155.0,157.24000549316406,156.71888732910156,3757100,USD,NYQ,America/New_York,Yahoo Finance
ICE,2026-08-20,156.42999267578125,160.50999450683594,156.2100067138672,158.61000061035156,158.08433532714844,4522300,USD,NYQ,America/New_York,Yahoo Finance
ICE,2026-08-21,160.0,162.0800018310547,159.5500030517578,161.25,160.71559143066406,3665400,USD,NYQ,America/New_York,Yahoo Finance
ICE,2026-08-24,161.52999877929688,163.02999877929688,160.58999633789062,162.99000549316406,162.4498291015625,3641800,USD,NYQ,America/New_York,Yahoo Finance
ICE,2026-08-25,161.47999572753906,162.9600067138672,159.83999633789062,161.77999877929688,161.24383544921875,2119800,USD,NYQ,America/New_York,Yahoo Finance
ICE,2026-08-26,161.16000366210938,163.3000030517578,160.97000122070312,161.9199981689453,161.38336181640625,1998900,USD,NYQ,America/New_York,Yahoo Finance
ICE,2026-08-27,161.85000610351562,163.38999938964844,160.94000244140625,161.24000549316406,160.70562744140625,3119500,USD,NYQ,America/New_York,Yahoo Finance
ICE,2026-08-28,162.41000366210938,162.9600067138672,161.36000061035156,162.3300018310547,161.79200744628906,3000900,USD,NYQ,America/New_York,Yahoo Finance
ICE,2026-08-31,161.50999450683594,162.64999389648438,157.75999450683594,160.6999969482422,160.1674041748047,4121700,USD,NYQ,America/New_York,Yahoo Finance
ICE,2026-09-01,160.58999633789062,161.2899932861328,157.97000122070312,159.60000610351562,159.07106018066406,2696900,USD,NYQ,America/New_York,Yahoo Finance
ICE,2026-09-02,158.8699951171875,159.97999572753906,156.9499969482422,157.85000610351562,157.3268585205078,3192900,USD,NYQ,America/New_York,Yahoo Finance
ICE,2026-09-03,159.50999450683594,164.66000366210938,159.02999877929688,164.58999633789062,164.0445098876953,4676900,USD,NYQ,America/New_York,Yahoo Finance
ICE,2026-09-04,162.13999938964844,162.55999755859375,161.0500030517578,161.25999450683594,160.7255401611328,3184100,USD,NYQ,America/New_York,Yahoo Finance
ICE,2026-09-08,160.0,160.6300048828125,157.58999633789062,157.75999450683594,157.23715209960938,5726000,USD,NYQ,America/New_York,Yahoo Finance
ICE,2026-09-09,157.5,158.0,155.8699951171875,156.5,155.9813232421875,3006300,USD,NYQ,America/New_York,Yahoo Finance
ICE,2026-09-10,156.52999877929688,157.75,155.27999877929688,155.80999755859375,155.29360961914062,3298700,USD,NYQ,America/New_York,Yahoo Finance
ICE,2026-09-11,157.47000122070312,158.30999755859375,154.9499969482422,157.39999389648438,156.8783416748047,2486900,USD,NYQ,America/New_York,Yahoo Finance
ICE,2026-09-14,159.83999633789062,160.52999877929688,156.9600067138672,157.75,157.22718811035156,2315100,USD,NYQ,America/New_York,Yahoo Finance
ICE,2026-09-15,156.6300048828125,157.5,155.5,156.89999389648438,156.37998962402344,2191400,USD,NYQ,America/New_York,Yahoo Finance
ICE,2026-09-16,155.7899932861328,156.5800018310547,152.3000030517578,154.10000610351562,154.10000610351562,2896700,USD,NYQ,America/New_York,Yahoo Finance
ICE,2026-09-17,154.3000030517578,154.3000030517578,152.61000061035156,153.3000030517578,153.3000030517578,3098900,USD,NYQ,America/New_York,Yahoo Finance
ICE,2026-09-18,152.47000122070312,156.0500030517578,152.0800018310547,155.47000122070312,155.47000122070312,4298100,USD,NYQ,America/New_York,Yahoo Finance
ICE,2026-09-21,156.22000122070312,157.22000122070312,154.25999450683594,155.3699951171875,155.3699951171875,2986900,USD,NYQ,America/New_York,Yahoo Finance
ICE,2026-09-22,155.9199981689453,155.9199981689453,152.50999450683594,152.92999267578125,152.92999267578125,2700800,USD,NYQ,America/New_York,Yahoo Finance
ICE,2026-09-23,152.2899932861328,157.77000427246094,151.4199981689453,156.35000610351562,156.35000610351562,3042100,USD,NYQ,America/New_York,Yahoo Finance
ICE,2026-09-24,156.74000549316406,157.1999969482422,154.8699951171875,156.92999267578125,156.92999267578125,2683500,USD,NYQ,America/New_York,Yahoo Finance
ICE,2026-09-25,156.5800018310547,158.0800018310547,152.9499969482422,154.30999755859375,154.30999755859375,2506300,USD,NYQ,America/New_York,Yahoo Finance
ICE,2026-09-28,153.67999267578125,155.4600067138672,152.50999450683594,152.91000366210938,152.91000366210938,2346900,USD,NYQ,America/New_York,Yahoo Finance
IMVT,2026-08-17,41.720001220703125,43.88999938964844,41.459999084472656,43.709999084472656,43.709999084472656,1216500,USD,NMS,America/New_York,Yahoo Finance
IMVT,2026-08-18,42.95000076293945,44.380001068115234,42.63999938964844,44.29999923706055,44.29999923706055,1544300,USD,NMS,America/New_York,Yahoo Finance
IMVT,2026-08-19,45.26499938964844,45.41999816894531,44.11000061035156,44.959999084472656,44.959999084472656,1273500,USD,NMS,America/New_York,Yahoo Finance
IMVT,2026-08-20,44.369998931884766,44.689998626708984,43.41999816894531,44.349998474121094,44.349998474121094,954400,USD,NMS,America/New_York,Yahoo Finance
IMVT,2026-08-21,44.849998474121094,45.12099838256836,44.08000183105469,44.369998931884766,44.369998931884766,846600,USD,NMS,America/New_York,Yahoo Finance
IMVT,2026-08-24,44.0,44.040000915527344,43.20000076293945,43.31999969482422,43.31999969482422,1189300,USD,NMS,America/New_York,Yahoo Finance
IMVT,2026-08-25,43.790000915527344,44.5,43.27000045776367,43.5,43.5,1346800,USD,NMS,America/New_York,Yahoo Finance
IMVT,2026-08-26,43.540000915527344,44.209999084472656,42.64500045776367,43.88999938964844,43.88999938964844,852400,USD,NMS,America/New_York,Yahoo Finance
IMVT,2026-08-27,43.599998474121094,43.94499969482422,43.13999938964844,43.81999969482422,43.81999969482422,868500,USD,NMS,America/New_York,Yahoo Finance
IMVT,2026-08-28,43.27000045776367,43.375,41.084999084472656,41.20000076293945,41.20000076293945,1082500,USD,NMS,America/New_York,Yahoo Finance
IMVT,2026-08-31,40.959999084472656,41.279998779296875,39.90999984741211,40.81999969482422,40.81999969482422,1391700,USD,NMS,America/New_York,Yahoo Finance
IMVT,2026-09-01,40.599998474121094,41.369998931884766,39.20000076293945,39.900001525878906,39.900001525878906,1585500,USD,NMS,America/New_York,Yahoo Finance
IMVT,2026-09-02,40.150001525878906,40.95500183105469,38.61000061035156,39.4900016784668,39.4900016784668,1331000,USD,NMS,America/New_York,Yahoo Finance
IMVT,2026-09-03,39.47999954223633,39.47999954223633,38.63999938964844,39.119998931884766,39.119998931884766,1235400,USD,NMS,America/New_York,Yahoo Finance
IMVT,2026-09-04,39.439998626708984,39.72999954223633,38.72999954223633,39.25,39.25,765600,USD,NMS,America/New_York,Yahoo Finance
IMVT,2026-09-08,38.59000015258789,40.560001373291016,38.34000015258789,39.56999969482422,39.56999969482422,1513700,USD,NMS,America/New_York,Yahoo Finance
IMVT,2026-09-09,39.11000061035156,39.72999954223633,38.66999816894531,38.75,38.75,1023700,USD,NMS,America/New_York,Yahoo Finance
IMVT,2026-09-10,38.18000030517578,38.30500030517578,37.525001525878906,38.099998474121094,38.099998474121094,1083400,USD,NMS,America/New_York,Yahoo Finance
IMVT,2026-09-11,38.619998931884766,38.93000030517578,37.189998626708984,37.36000061035156,37.36000061035156,1031900,USD,NMS,America/New_York,Yahoo Finance
IMVT,2026-09-14,37.25,38.029998779296875,37.0,37.65999984741211,37.65999984741211,1110900,USD,NMS,America/New_York,Yahoo Finance
IMVT,2026-09-15,37.43000030517578,37.494998931884766,36.189998626708984,36.650001525878906,36.650001525878906,1573800,USD,NMS,America/New_York,Yahoo Finance
IMVT,2026-09-16,36.75,37.220001220703125,36.11000061035156,36.380001068115234,36.380001068115234,1169200,USD,NMS,America/New_York,Yahoo Finance
IMVT,2026-09-17,37.09000015258789,37.68000030517578,36.540000915527344,37.650001525878906,37.650001525878906,1330600,USD,NMS,America/New_York,Yahoo Finance
IMVT,2026-09-18,37.52000045776367,38.349998474121094,36.79999923706055,36.95000076293945,36.95000076293945,2943800,USD,NMS,America/New_York,Yahoo Finance
IMVT,2026-09-21,37.22999954223633,37.4900016784668,36.54999923706055,37.18000030517578,37.18000030517578,1031400,USD,NMS,America/New_York,Yahoo Finance
IMVT,2026-09-22,37.380001068115234,38.150001525878906,36.84000015258789,37.290000915527344,37.290000915527344,2255200,USD,NMS,America/New_York,Yahoo Finance
IMVT,2026-09-23,36.349998474121094,37.0,33.599998474121094,34.540000915527344,34.540000915527344,3652800,USD,NMS,America/New_York,Yahoo Finance
IMVT,2026-09-24,34.209999084472656,34.54499816894531,33.349998474121094,34.0,34.0,1479300,USD,NMS,America/New_York,Yahoo Finance
IMVT,2026-09-25,34.0,34.21500015258789,33.16999816894531,33.29999923706055,33.29999923706055,2350000,USD,NMS,America/New_York,Yahoo Finance
IMVT,2026-09-28,32.93000030517578,33.77000045776367,32.650001525878906,33.4900016784668,33.4900016784668,1229300,USD,NMS,America/New_York,Yahoo Finance
INDB,2026-08-17,85.51000213623047,86.55999755859375,85.4800033569336,86.04000091552734,85.36185455322266,281600,USD,NMS,America/New_York,Yahoo Finance
INDB,2026-08-18,86.33000183105469,86.37999725341797,84.75,85.33999633789062,84.66736602783203,271100,USD,NMS,America/New_York,Yahoo Finance
INDB,2026-08-19,85.37000274658203,85.51000213623047,83.1500015258789,83.33000183105469,82.6732177734375,365500,USD,NMS,America/New_York,Yahoo Finance
INDB,2026-08-20,82.98999786376953,83.87000274658203,82.73999786376953,83.51000213623047,82.85179901123047,337900,USD,NMS,America/New_York,Yahoo Finance
INDB,2026-08-21,84.0,84.43000030517578,82.81999969482422,83.7300033569336,83.07006072998047,331700,USD,NMS,America/New_York,Yahoo Finance
INDB,2026-08-24,83.66000366210938,84.5199966430664,83.33999633789062,83.4800033569336,82.82203674316406,365700,USD,NMS,America/New_York,Yahoo Finance
INDB,2026-08-25,83.4800033569336,83.73999786376953,82.7699966430664,83.19000244140625,82.53431701660156,303500,USD,NMS,America/New_York,Yahoo Finance
INDB,2026-08-26,83.4800033569336,83.4800033569336,82.62000274658203,82.77999877929688,82.12754821777344,235600,USD,NMS,America/New_York,Yahoo Finance
INDB,2026-08-27,82.2699966430664,82.56999969482422,81.08000183105469,82.41999816894531,81.7703857421875,195000,USD,NMS,America/New_York,Yahoo Finance
INDB,2026-08-28,82.66000366210938,83.41999816894531,81.75,82.05999755859375,81.41322326660156,195400,USD,NMS,America/New_York,Yahoo Finance
INDB,2026-08-31,81.98999786376953,82.05999755859375,81.0199966430664,81.18000030517578,80.5401611328125,147700,USD,NMS,America/New_York,Yahoo Finance
INDB,2026-09-01,81.05999755859375,81.44000244140625,79.69000244140625,79.94000244140625,79.3099365234375,185400,USD,NMS,America/New_York,Yahoo Finance
INDB,2026-09-02,80.38999938964844,82.3499984741211,79.87000274658203,81.6500015258789,81.00645446777344,285400,USD,NMS,America/New_York,Yahoo Finance
INDB,2026-09-03,82.0199966430664,82.98999786376953,82.0199966430664,82.87999725341797,82.22675323486328,269800,USD,NMS,America/New_York,Yahoo Finance
INDB,2026-09-04,82.5,84.0199966430664,82.5,83.9000015258789,83.23872375488281,217100,USD,NMS,America/New_York,Yahoo Finance
INDB,2026-09-08,83.45999908447266,83.45999908447266,82.23999786376953,82.54000091552734,81.88944244384766,283500,USD,NMS,America/New_York,Yahoo Finance
INDB,2026-09-09,81.79000091552734,82.87000274658203,81.73999786376953,82.30999755859375,81.66124725341797,307400,USD,NMS,America/New_York,Yahoo Finance
INDB,2026-09-10,82.19000244140625,82.83000183105469,81.30999755859375,82.80000305175781,82.14739227294922,399000,USD,NMS,America/New_York,Yahoo Finance
INDB,2026-09-11,83.7699966430664,84.0199966430664,81.80000305175781,82.73999786376953,82.08786010742188,275000,USD,NMS,America/New_York,Yahoo Finance
INDB,2026-09-14,82.80000305175781,83.9000015258789,82.47000122070312,83.43000030517578,82.77242279052734,306100,USD,NMS,America/New_York,Yahoo Finance
INDB,2026-09-15,83.37999725341797,84.33999633789062,83.37999725341797,83.63999938964844,82.98076629638672,376300,USD,NMS,America/New_York,Yahoo Finance
INDB,2026-09-16,83.63999938964844,83.80999755859375,81.06999969482422,82.4800033569336,81.82991790771484,448600,USD,NMS,America/New_York,Yahoo Finance
INDB,2026-09-17,83.26000213623047,83.26000213623047,81.98999786376953,82.41999816894531,81.7703857421875,329000,USD,NMS,America/New_York,Yahoo Finance
INDB,2026-09-18,81.9800033569336,82.52999877929688,81.19999694824219,82.23999786376953,81.59180450439453,1258900,USD,NMS,America/New_York,Yahoo Finance
INDB,2026-09-21,82.30000305175781,82.5,81.16999816894531,81.19999694824219,80.55999755859375,327500,USD,NMS,America/New_York,Yahoo Finance
INDB,2026-09-22,81.87000274658203,81.87000274658203,80.27999877929688,80.30000305175781,79.66709899902344,371300,USD,NMS,America/New_York,Yahoo Finance
INDB,2026-09-23,79.91000366210938,80.9000015258789,79.75,79.79000091552734,79.16111755371094,291500,USD,NMS,America/New_York,Yahoo Finance
INDB,2026-09-24,80.27999877929688,80.66000366210938,79.33999633789062,80.23999786376953,79.6075668334961,346200,USD,NMS,America/New_York,Yahoo Finance
INDB,2026-09-25,80.81999969482422,81.73999786376953,80.69000244140625,81.19999694824219,80.55999755859375,275100,USD,NMS,America/New_York,Yahoo Finance
INDB,2026-09-28,80.4800033569336,80.62999725341797,79.3499984741211,79.54000091552734,79.54000091552734,332500,USD,NMS,America/New_York,Yahoo Finance
INFQ,2026-08-17,12.920000076293945,13.5,12.649999618530273,13.40999984741211,13.40999984741211,9997400,USD,NYQ,America/New_York,Yahoo Finance
INFQ,2026-08-18,12.720000267028809,13.180000305175781,12.510000228881836,12.90999984741211,12.90999984741211,7618200,USD,NYQ,America/New_York,Yahoo Finance
INFQ,2026-08-19,12.779999732971191,12.880000114440918,11.989999771118164,12.5,12.5,8612200,USD,NYQ,America/New_York,Yahoo Finance
INFQ,2026-08-20,12.449999809265137,12.550000190734863,11.8100004196167,12.550000190734863,12.550000190734863,7324400,USD,NYQ,America/New_York,Yahoo Finance
INFQ,2026-08-21,12.670000076293945,14.140000343322754,12.65999984741211,14.119999885559082,14.119999885559082,15389000,USD,NYQ,America/New_York,Yahoo Finance
INFQ,2026-08-24,13.619999885559082,13.789999961853027,12.75,13.050000190734863,13.050000190734863,9309400,USD,NYQ,America/New_York,Yahoo Finance
INFQ,2026-08-25,13.4399995803833,14.050000190734863,13.149999618530273,13.829999923706055,13.829999923706055,8716200,USD,NYQ,America/New_York,Yahoo Finance
INFQ,2026-08-26,13.800000190734863,14.0600004196167,13.15999984741211,13.529999732971191,13.529999732971191,6444800,USD,NYQ,America/New_York,Yahoo Finance
INFQ,2026-08-27,14.420000076293945,14.529999732971191,13.920000076293945,14.319999694824219,14.319999694824219,10116100,USD,NYQ,America/New_York,Yahoo Finance
INFQ,2026-08-28,13.930000305175781,14.220000267028809,12.760000228881836,12.800000190734863,12.800000190734863,8928800,USD,NYQ,America/New_York,Yahoo Finance
INFQ,2026-08-31,12.609999656677246,13.319999694824219,12.399999618530273,13.069999694824219,13.069999694824219,7712500,USD,NYQ,America/New_York,Yahoo Finance
INFQ,2026-09-01,12.680000305175781,13.020000457763672,12.510000228881836,12.6899995803833,12.6899995803833,5732700,USD,NYQ,America/New_York,Yahoo Finance
INFQ,2026-09-02,12.569999694824219,12.739999771118164,12.199999809265137,12.649999618530273,12.649999618530273,5724300,USD,NYQ,America/New_York,Yahoo Finance
INFQ,2026-09-03,12.760000228881836,12.979999542236328,12.4399995803833,12.65999984741211,12.65999984741211,5703300,USD,NYQ,America/New_York,Yahoo Finance
INFQ,2026-09-04,12.899999618530273,13.180000305175781,12.670000076293945,12.850000381469727,12.850000381469727,5433700,USD,NYQ,America/New_York,Yahoo Finance
INFQ,2026-09-08,13.399999618530273,14.470000267028809,13.380000114440918,13.65999984741211,13.65999984741211,15454900,USD,NYQ,America/New_York,Yahoo Finance
INFQ,2026-09-09,13.609999656677246,13.989999771118164,13.239999771118164,13.260000228881836,13.260000228881836,6861100,USD,NYQ,America/New_York,Yahoo Finance
INFQ,2026-09-10,13.180000305175781,13.770000457763672,12.949999809265137,12.960000038146973,12.960000038146973,7653700,USD,NYQ,America/New_York,Yahoo Finance
INFQ,2026-09-11,13.079999923706055,13.470000267028809,12.75,13.119999885559082,13.119999885559082,6322000,USD,NYQ,America/New_York,Yahoo Finance
INFQ,2026-09-14,12.449999809265137,13.180000305175781,12.359999656677246,12.600000381469727,12.600000381469727,8298400,USD,NYQ,America/New_York,Yahoo Finance
INFQ,2026-09-15,12.5,13.020000457763672,12.289999961853027,12.670000076293945,12.670000076293945,6979800,USD,NYQ,America/New_York,Yahoo Finance
INFQ,2026-09-16,12.680000305175781,12.920000076293945,12.359999656677246,12.84000015258789,12.84000015258789,7837900,USD,NYQ,America/New_York,Yahoo Finance
INFQ,2026-09-17,13.289999961853027,14.130000114440918,13.25,13.859999656677246,13.859999656677246,8646900,USD,NYQ,America/New_York,Yahoo Finance
INFQ,2026-09-18,14.010000228881836,14.09000015258789,12.670000076293945,13.229999542236328,13.229999542236328,16124300,USD,NYQ,America/New_York,Yahoo Finance
INFQ,2026-09-21,13.59000015258789,14.289999961853027,13.449999809265137,13.960000038146973,13.960000038146973,10331500,USD,NYQ,America/New_York,Yahoo Finance
INFQ,2026-09-22,13.989999771118164,14.140000343322754,13.670000076293945,14.0600004196167,14.0600004196167,8244200,USD,NYQ,America/New_York,Yahoo Finance
INFQ,2026-09-23,14.9399995803833,15.0600004196167,13.6899995803833,13.829999923706055,13.829999923706055,10600700,USD,NYQ,America/New_York,Yahoo Finance
INFQ,2026-09-24,13.84000015258789,14.6899995803833,13.800000190734863,14.300000190734863,14.300000190734863,10571900,USD,NYQ,America/New_York,Yahoo Finance
INFQ,2026-09-25,14.470000267028809,14.880000114440918,14.079999923706055,14.510000228881836,14.510000228881836,6694300,USD,NYQ,America/New_York,Yahoo Finance
INFQ,2026-09-28,14.180000305175781,14.800000190734863,14.039999961853027,14.130000114440918,14.130000114440918,6301600,USD,NYQ,America/New_York,Yahoo Finance
IQV,2026-08-17,235.33999633789062,241.8699951171875,233.75999450683594,241.24000549316406,241.24000549316406,1521500,USD,NYQ,America/New_York,Yahoo Finance
IQV,2026-08-18,244.36000061035156,246.02000427246094,239.97999572753906,240.02999877929688,240.02999877929688,1095600,USD,NYQ,America/New_York,Yahoo Finance
IQV,2026-08-19,240.4600067138672,251.0,240.4600067138672,249.27999877929688,249.27999877929688,1209500,USD,NYQ,America/New_York,Yahoo Finance
IQV,2026-08-20,246.8699951171875,260.29998779296875,246.8699951171875,256.04998779296875,256.04998779296875,1787200,USD,NYQ,America/New_York,Yahoo Finance
IQV,2026-08-21,256.7900085449219,260.3999938964844,254.92999267578125,259.82000732421875,259.82000732421875,1307300,USD,NYQ,America/New_York,Yahoo Finance
IQV,2026-08-24,256.80999755859375,261.8800048828125,255.7899932861328,260.239990234375,260.239990234375,1114100,USD,NYQ,America/New_York,Yahoo Finance
IQV,2026-08-25,258.5899963378906,261.79998779296875,256.45001220703125,259.4200134277344,259.4200134277344,901400,USD,NYQ,America/New_York,Yahoo Finance
IQV,2026-08-26,254.91000366210938,262.510009765625,253.16000366210938,261.510009765625,261.510009765625,1272100,USD,NYQ,America/New_York,Yahoo Finance
IQV,2026-08-27,261.489990234375,265.25,259.75,262.3800048828125,262.3800048828125,1232400,USD,NYQ,America/New_York,Yahoo Finance
IQV,2026-08-28,260.54998779296875,262.82000732421875,258.0799865722656,261.75,261.75,1842100,USD,NYQ,America/New_York,Yahoo Finance
IQV,2026-08-31,258.07000732421875,261.8699951171875,256.0199890136719,261.19000244140625,261.19000244140625,1303900,USD,NYQ,America/New_York,Yahoo Finance
IQV,2026-09-01,262.0899963378906,262.6400146484375,257.19000244140625,258.3500061035156,258.3500061035156,1240000,USD,NYQ,America/New_York,Yahoo Finance
IQV,2026-09-02,258.0,266.0799865722656,257.17999267578125,263.8399963378906,263.8399963378906,1127700,USD,NYQ,America/New_York,Yahoo Finance
IQV,2026-09-03,265.80999755859375,271.7099914550781,263.3800048828125,271.6199951171875,271.6199951171875,2012500,USD,NYQ,America/New_York,Yahoo Finance
IQV,2026-09-04,268.4800109863281,271.79998779296875,262.6000061035156,267.7699890136719,267.7699890136719,1197800,USD,NYQ,America/New_York,Yahoo Finance
IQV,2026-09-08,264.0,264.7900085449219,259.0,259.2099914550781,259.2099914550781,1381300,USD,NYQ,America/New_York,Yahoo Finance
IQV,2026-09-09,257.1000061035156,258.1400146484375,254.2100067138672,256.9800109863281,256.9800109863281,1090300,USD,NYQ,America/New_York,Yahoo Finance
IQV,2026-09-10,254.57000732421875,258.92999267578125,252.52999877929688,257.29998779296875,257.29998779296875,1319900,USD,NYQ,America/New_York,Yahoo Finance
IQV,2026-09-11,258.82000732421875,262.8900146484375,256.9700012207031,261.7699890136719,261.7699890136719,1428600,USD,NYQ,America/New_York,Yahoo Finance
IQV,2026-09-14,265.7699890136719,267.95001220703125,262.55999755859375,265.6700134277344,265.6700134277344,1279800,USD,NYQ,America/New_York,Yahoo Finance
IQV,2026-09-15,263.1700134277344,272.3500061035156,262.95001220703125,269.6700134277344,269.6700134277344,1439000,USD,NYQ,America/New_York,Yahoo Finance
IQV,2026-09-16,270.8900146484375,273.55999755859375,268.57000732421875,268.82000732421875,268.82000732421875,1671600,USD,NYQ,America/New_York,Yahoo Finance
IQV,2026-09-17,273.1499938964844,273.8800048828125,267.9200134277344,269.44000244140625,269.44000244140625,1714600,USD,NYQ,America/New_York,Yahoo Finance
IQV,2026-09-18,269.45001220703125,269.45001220703125,264.8800048828125,266.4200134277344,266.4200134277344,5594600,USD,NYQ,America/New_York,Yahoo Finance
IQV,2026-09-21,266.760009765625,270.8599853515625,265.25,269.8800048828125,269.8800048828125,1928100,USD,NYQ,America/New_York,Yahoo Finance
IQV,2026-09-22,270.25,272.44000244140625,267.260009765625,270.0899963378906,270.0899963378906,950700,USD,NYQ,America/New_York,Yahoo Finance
IQV,2026-09-23,270.6600036621094,277.3999938964844,267.4200134277344,267.8599853515625,267.8599853515625,1116500,USD,NYQ,America/New_York,Yahoo Finance
IQV,2026-09-24,266.4599914550781,277.1300048828125,266.4599914550781,275.0199890136719,275.0199890136719,1893400,USD,NYQ,America/New_York,Yahoo Finance
IQV,2026-09-25,274.8999938964844,274.8999938964844,269.42999267578125,270.3699951171875,270.3699951171875,1104700,USD,NYQ,America/New_York,Yahoo Finance
IQV,2026-09-28,266.5199890136719,272.75,265.9700012207031,270.9700012207031,270.9700012207031,1595000,USD,NYQ,America/New_York,Yahoo Finance
IRON,2026-08-17,78.52999877929688,80.08999633789062,74.45999908447266,80.05000305175781,80.05000305175781,384200,USD,NGM,America/New_York,Yahoo Finance
IRON,2026-08-18,79.66999816894531,81.41000366210938,78.6500015258789,80.19999694824219,80.19999694824219,337000,USD,NGM,America/New_York,Yahoo Finance
IRON,2026-08-19,81.91000366210938,81.98999786376953,79.58999633789062,80.31999969482422,80.31999969482422,457200,USD,NGM,America/New_York,Yahoo Finance
IRON,2026-08-20,79.44999694824219,80.1449966430664,78.48999786376953,78.83999633789062,78.83999633789062,333600,USD,NGM,America/New_York,Yahoo Finance
IRON,2026-08-21,79.5,80.0,77.98999786376953,79.80999755859375,79.80999755859375,370400,USD,NGM,America/New_York,Yahoo Finance
IRON,2026-08-24,79.87999725341797,82.73999786376953,79.33000183105469,80.94000244140625,80.94000244140625,277200,USD,NGM,America/New_York,Yahoo Finance
IRON,2026-08-25,81.98999786376953,83.58999633789062,81.7699966430664,82.41000366210938,82.41000366210938,320900,USD,NGM,America/New_York,Yahoo Finance
IRON,2026-08-26,82.27999877929688,83.62999725341797,81.54000091552734,82.66999816894531,82.66999816894531,586900,USD,NGM,America/New_York,Yahoo Finance
IRON,2026-08-27,82.25,83.19499969482422,81.0999984741211,82.55000305175781,82.55000305175781,324100,USD,NGM,America/New_York,Yahoo Finance
IRON,2026-08-28,81.79000091552734,82.69999694824219,79.7699966430664,80.02999877929688,80.02999877929688,665600,USD,NGM,America/New_York,Yahoo Finance
IRON,2026-08-31,79.19000244140625,80.5250015258789,77.5,78.6500015258789,78.6500015258789,882000,USD,NGM,America/New_York,Yahoo Finance
IRON,2026-09-01,78.55999755859375,79.94999694824219,75.87999725341797,78.66999816894531,78.66999816894531,549400,USD,NGM,America/New_York,Yahoo Finance
IRON,2026-09-02,79.44000244140625,81.01000213623047,77.68000030517578,80.05000305175781,80.05000305175781,522500,USD,NGM,America/New_York,Yahoo Finance
IRON,2026-09-03,80.33999633789062,80.88500213623047,78.2750015258789,79.37000274658203,79.37000274658203,501000,USD,NGM,America/New_York,Yahoo Finance
IRON,2026-09-04,78.13999938964844,80.01000213623047,78.13999938964844,79.2300033569336,79.2300033569336,204800,USD,NGM,America/New_York,Yahoo Finance
IRON,2026-09-08,76.70999908447266,79.12999725341797,74.5,76.83999633789062,76.83999633789062,463300,USD,NGM,America/New_York,Yahoo Finance
IRON,2026-09-09,76.55000305175781,77.26499938964844,75.23999786376953,76.51000213623047,76.51000213623047,719500,USD,NGM,America/New_York,Yahoo Finance
IRON,2026-09-10,75.88999938964844,76.58999633789062,73.16000366210938,74.13999938964844,74.13999938964844,480900,USD,NGM,America/New_York,Yahoo Finance
IRON,2026-09-11,74.66000366210938,75.0,69.2750015258789,70.05999755859375,70.05999755859375,621000,USD,NGM,America/New_York,Yahoo Finance
IRON,2026-09-14,70.05999755859375,70.83100128173828,67.5199966430664,68.91999816894531,68.91999816894531,695000,USD,NGM,America/New_York,Yahoo Finance
IRON,2026-09-15,68.86000061035156,69.44499969482422,66.72000122070312,67.30000305175781,67.30000305175781,603900,USD,NGM,America/New_York,Yahoo Finance
IRON,2026-09-16,67.87999725341797,70.0,67.48999786376953,68.56999969482422,68.56999969482422,433800,USD,NGM,America/New_York,Yahoo Finance
IRON,2026-09-17,69.83999633789062,72.06999969482422,68.47000122070312,69.18000030517578,69.18000030517578,621200,USD,NGM,America/New_York,Yahoo Finance
IRON,2026-09-18,69.12999725341797,69.5999984741211,67.70500183105469,69.52999877929688,69.52999877929688,1077100,USD,NGM,America/New_York,Yahoo Finance
IRON,2026-09-21,69.83999633789062,69.83999633789062,67.15499877929688,68.48999786376953,68.48999786376953,406500,USD,NGM,America/New_York,Yahoo Finance
IRON,2026-09-22,69.6500015258789,69.79000091552734,67.68000030517578,68.4800033569336,68.4800033569336,450800,USD,NGM,America/New_York,Yahoo Finance
IRON,2026-09-23,68.54000091552734,68.94499969482422,65.30999755859375,66.08999633789062,66.08999633789062,541800,USD,NGM,America/New_York,Yahoo Finance
IRON,2026-09-24,66.08999633789062,66.58000183105469,64.30999755859375,66.44000244140625,66.44000244140625,455600,USD,NGM,America/New_York,Yahoo Finance
IRON,2026-09-25,66.88999938964844,66.88999938964844,64.58999633789062,65.23999786376953,65.23999786376953,427200,USD,NGM,America/New_York,Yahoo Finance
IRON,2026-09-28,64.83000183105469,66.25499725341797,63.959999084472656,64.91999816894531,64.91999816894531,480500,USD,NGM,America/New_York,Yahoo Finance
ITRN,2026-08-17,53.20000076293945,53.959999084472656,52.36000061035156,52.83000183105469,52.83000183105469,128100,USD,NMS,America/New_York,Yahoo Finance
ITRN,2026-08-18,52.13999938964844,52.779998779296875,51.810001373291016,52.0099983215332,52.0099983215332,145900,USD,NMS,America/New_York,Yahoo Finance
ITRN,2026-08-19,52.22999954223633,52.22999954223633,50.560001373291016,50.79999923706055,50.79999923706055,128100,USD,NMS,America/New_York,Yahoo Finance
ITRN,2026-08-20,49.86000061035156,52.04999923706055,49.86000061035156,50.54999923706055,50.54999923706055,183000,USD,NMS,America/New_York,Yahoo Finance
ITRN,2026-08-21,50.97999954223633,51.2400016784668,49.880001068115234,50.88999938964844,50.88999938964844,116000,USD,NMS,America/New_York,Yahoo Finance
ITRN,2026-08-24,50.400001525878906,51.220001220703125,50.02000045776367,50.619998931884766,50.619998931884766,77500,USD,NMS,America/New_York,Yahoo Finance
ITRN,2026-08-25,51.04999923706055,51.75,50.619998931884766,51.279998779296875,51.279998779296875,89000,USD,NMS,America/New_York,Yahoo Finance
ITRN,2026-08-26,51.38999938964844,52.630001068115234,51.38999938964844,52.09000015258789,52.09000015258789,123800,USD,NMS,America/New_York,Yahoo Finance
ITRN,2026-08-27,52.189998626708984,52.79999923706055,51.84000015258789,51.939998626708984,51.939998626708984,57000,USD,NMS,America/New_York,Yahoo Finance
ITRN,2026-08-28,52.16999816894531,52.41999816894531,50.66999816894531,50.779998779296875,50.779998779296875,153000,USD,NMS,America/New_York,Yahoo Finance
ITRN,2026-08-31,50.779998779296875,51.380001068115234,50.040000915527344,50.959999084472656,50.959999084472656,140600,USD,NMS,America/New_York,Yahoo Finance
ITRN,2026-09-01,50.849998474121094,51.75,49.959999084472656,51.060001373291016,51.060001373291016,100600,USD,NMS,America/New_York,Yahoo Finance
ITRN,2026-09-02,51.060001373291016,51.61000061035156,50.59000015258789,51.400001525878906,51.400001525878906,69800,USD,NMS,America/New_York,Yahoo Finance
ITRN,2026-09-03,51.59000015258789,51.59000015258789,50.880001068115234,51.13999938964844,51.13999938964844,97900,USD,NMS,America/New_York,Yahoo Finance
ITRN,2026-09-04,51.33000183105469,52.13999938964844,51.130001068115234,51.7400016784668,51.7400016784668,77600,USD,NMS,America/New_York,Yahoo Finance
ITRN,2026-09-08,52.18000030517578,52.380001068115234,51.65999984741211,51.790000915527344,51.790000915527344,81900,USD,NMS,America/New_York,Yahoo Finance
ITRN,2026-09-09,52.029998779296875,52.68000030517578,51.150001525878906,51.31999969482422,51.31999969482422,85800,USD,NMS,America/New_York,Yahoo Finance
ITRN,2026-09-10,51.310001373291016,52.290000915527344,51.0,51.75,51.75,111400,USD,NMS,America/New_York,Yahoo Finance
ITRN,2026-09-11,52.209999084472656,52.79999923706055,52.16999816894531,52.66999816894531,52.66999816894531,53700,USD,NMS,America/New_York,Yahoo Finance
ITRN,2026-09-14,51.880001068115234,52.20000076293945,51.11000061035156,51.56999969482422,51.56999969482422,95600,USD,NMS,America/New_York,Yahoo Finance
ITRN,2026-09-15,51.720001220703125,51.720001220703125,50.81999969482422,51.54999923706055,51.54999923706055,87600,USD,NMS,America/New_York,Yahoo Finance
ITRN,2026-09-16,51.619998931884766,52.11000061035156,51.0,51.54999923706055,51.54999923706055,98000,USD,NMS,America/New_York,Yahoo Finance
ITRN,2026-09-17,52.220001220703125,52.970001220703125,52.20000076293945,52.72999954223633,52.72999954223633,105300,USD,NMS,America/New_York,Yahoo Finance
ITRN,2026-09-18,52.22999954223633,52.54999923706055,51.33000183105469,51.65999984741211,51.65999984741211,155900,USD,NMS,America/New_York,Yahoo Finance
ITRN,2026-09-21,52.0,52.61000061035156,51.56999969482422,52.54999923706055,52.54999923706055,86200,USD,NMS,America/New_York,Yahoo Finance
ITRN,2026-09-22,52.540000915527344,52.9900016784668,52.029998779296875,52.599998474121094,52.599998474121094,115000,USD,NMS,America/New_York,Yahoo Finance
ITRN,2026-09-23,52.619998931884766,53.119998931884766,52.09000015258789,52.38999938964844,52.38999938964844,102200,USD,NMS,America/New_York,Yahoo Finance
ITRN,2026-09-24,52.20000076293945,52.5,51.47999954223633,51.880001068115234,51.880001068115234,119200,USD,NMS,America/New_York,Yahoo Finance
ITRN,2026-09-25,51.880001068115234,52.54999923706055,51.45000076293945,51.689998626708984,51.689998626708984,96700,USD,NMS,America/New_York,Yahoo Finance
ITRN,2026-09-28,51.43000030517578,51.88999938964844,50.90999984741211,51.72999954223633,51.72999954223633,68600,USD,NMS,America/New_York,Yahoo Finance
IVA,2026-08-17,4.690000057220459,4.75,4.630000114440918,4.699999809265137,4.699999809265137,554900,USD,NGM,America/New_York,Yahoo Finance
IVA,2026-08-18,4.639999866485596,4.679999828338623,4.449999809265137,4.639999866485596,4.639999866485596,770500,USD,NGM,America/New_York,Yahoo Finance
IVA,2026-08-19,4.730000019073486,4.789999961853027,4.690000057220459,4.760000228881836,4.760000228881836,575200,USD,NGM,America/New_York,Yahoo Finance
IVA,2026-08-20,4.739999771118164,4.739999771118164,4.570000171661377,4.650000095367432,4.650000095367432,517300,USD,NGM,America/New_York,Yahoo Finance
IVA,2026-08-21,4.650000095367432,4.78000020980835,4.630000114440918,4.679999828338623,4.679999828338623,461400,USD,NGM,America/New_York,Yahoo Finance
IVA,2026-08-24,4.610000133514404,4.710000038146973,4.53000020980835,4.699999809265137,4.699999809265137,648500,USD,NGM,America/New_York,Yahoo Finance
IVA,2026-08-25,4.684999942779541,4.835000038146973,4.684999942779541,4.690000057220459,4.690000057220459,381200,USD,NGM,America/New_York,Yahoo Finance
IVA,2026-08-26,4.869999885559082,4.880000114440918,4.71999979019165,4.820000171661377,4.820000171661377,924300,USD,NGM,America/New_York,Yahoo Finance
IVA,2026-08-27,4.809999942779541,4.980000019073486,4.710000038146973,4.900000095367432,4.900000095367432,880700,USD,NGM,America/New_York,Yahoo Finance
IVA,2026-08-28,4.829999923706055,4.829999923706055,4.619999885559082,4.704999923706055,4.704999923706055,1124700,USD,NGM,America/New_York,Yahoo Finance
IVA,2026-08-31,4.639999866485596,4.71999979019165,4.525000095367432,4.679999828338623,4.679999828338623,1004200,USD,NGM,America/New_York,Yahoo Finance
IVA,2026-09-01,4.550000190734863,4.809999942779541,4.53000020980835,4.769999980926514,4.769999980926514,841000,USD,NGM,America/New_York,Yahoo Finance
IVA,2026-09-02,4.920000076293945,5.019999980926514,4.760000228881836,4.860000133514404,4.860000133514404,811200,USD,NGM,America/New_York,Yahoo Finance
IVA,2026-09-03,5.079999923706055,5.099999904632568,4.71999979019165,4.840000152587891,4.840000152587891,1041900,USD,NGM,America/New_York,Yahoo Finance
IVA,2026-09-04,4.630000114440918,4.860000133514404,4.599999904632568,4.78000020980835,4.78000020980835,1350600,USD,NGM,America/New_York,Yahoo Finance
IVA,2026-09-08,4.690000057220459,4.800000190734863,4.570000171661377,4.670000076293945,4.670000076293945,1396200,USD,NGM,America/New_York,Yahoo Finance
IVA,2026-09-09,4.659999847412109,4.659999847412109,4.28000020980835,4.449999809265137,4.449999809265137,1975800,USD,NGM,America/New_York,Yahoo Finance
IVA,2026-09-10,4.409999847412109,4.409999847412109,4.130000114440918,4.139999866485596,4.139999866485596,808200,USD,NGM,America/New_York,Yahoo Finance
IVA,2026-09-11,4.25,4.260000228881836,3.9100000858306885,4.019999980926514,4.019999980926514,1713000,USD,NGM,America/New_York,Yahoo Finance
IVA,2026-09-14,3.890000104904175,4.019999980926514,3.799999952316284,3.880000114440918,3.880000114440918,1493400,USD,NGM,America/New_York,Yahoo Finance
IVA,2026-09-15,3.9000000953674316,4.03000020980835,3.7200000286102295,3.859999895095825,3.859999895095825,2633800,USD,NGM,America/New_York,Yahoo Finance
IVA,2026-09-16,3.880000114440918,3.944999933242798,3.680000066757202,3.7899999618530273,3.7899999618530273,2219700,USD,NGM,America/New_York,Yahoo Finance
IVA,2026-09-17,3.759999990463257,3.8399999141693115,3.674999952316284,3.75,3.75,1811000,USD,NGM,America/New_York,Yahoo Finance
IVA,2026-09-18,3.7899999618530273,3.819999933242798,3.6600000858306885,3.7799999713897705,3.7799999713897705,1045500,USD,NGM,America/New_York,Yahoo Finance
IVA,2026-09-21,3.700000047683716,3.700000047683716,3.565000057220459,3.6500000953674316,3.6500000953674316,1369100,USD,NGM,America/New_York,Yahoo Finance
IVA,2026-09-22,3.559999942779541,3.674999952316284,3.4800000190734863,3.6500000953674316,3.6500000953674316,2555100,USD,NGM,America/New_York,Yahoo Finance
IVA,2026-09-23,3.5799999237060547,3.5799999237060547,3.4000000953674316,3.450000047683716,3.450000047683716,2132800,USD,NGM,America/New_York,Yahoo Finance
IVA,2026-09-24,3.380000114440918,3.380000114440918,3.1050000190734863,3.259999990463257,3.259999990463257,2370200,USD,NGM,America/New_York,Yahoo Finance
IVA,2026-09-25,3.200000047683716,3.430000066757202,3.1600000858306885,3.369999885559082,3.369999885559082,2997000,USD,NGM,America/New_York,Yahoo Finance
IVA,2026-09-28,3.2699999809265137,3.619999885559082,3.2100000381469727,3.5299999713897705,3.5299999713897705,3418700,USD,NGM,America/New_York,Yahoo Finance
JLL,2026-08-17,372.75,373.1099853515625,368.4700012207031,370.30999755859375,370.30999755859375,341800,USD,NYQ,America/New_York,Yahoo Finance
JLL,2026-08-18,373.1000061035156,376.8500061035156,362.04998779296875,371.0299987792969,371.0299987792969,398800,USD,NYQ,America/New_York,Yahoo Finance
JLL,2026-08-19,375.1600036621094,393.8399963378906,375.1600036621094,390.2099914550781,390.2099914550781,429200,USD,NYQ,America/New_York,Yahoo Finance
JLL,2026-08-20,385.5299987792969,390.7099914550781,381.1600036621094,384.29998779296875,384.29998779296875,301800,USD,NYQ,America/New_York,Yahoo Finance
JLL,2026-08-21,391.79998779296875,391.79998779296875,383.1199951171875,387.3699951171875,387.3699951171875,257400,USD,NYQ,America/New_York,Yahoo Finance
JLL,2026-08-24,387.75,393.07000732421875,383.2200012207031,387.2099914550781,387.2099914550781,225200,USD,NYQ,America/New_York,Yahoo Finance
JLL,2026-08-25,385.5799865722656,393.1099853515625,382.5299987792969,392.7900085449219,392.7900085449219,243400,USD,NYQ,America/New_York,Yahoo Finance
JLL,2026-08-26,391.17999267578125,391.17999267578125,384.8699951171875,386.0799865722656,386.0799865722656,329100,USD,NYQ,America/New_York,Yahoo Finance
JLL,2026-08-27,383.1300048828125,386.489990234375,378.5899963378906,378.75,378.75,216600,USD,NYQ,America/New_York,Yahoo Finance
JLL,2026-08-28,379.8399963378906,383.57000732421875,377.739990234375,378.010009765625,378.010009765625,251000,USD,NYQ,America/New_York,Yahoo Finance
JLL,2026-08-31,374.2300109863281,375.760009765625,365.6400146484375,365.8699951171875,365.8699951171875,570300,USD,NYQ,America/New_York,Yahoo Finance
JLL,2026-09-01,366.6000061035156,366.6000061035156,353.5299987792969,354.6700134277344,354.6700134277344,355700,USD,NYQ,America/New_York,Yahoo Finance
JLL,2026-09-02,363.8599853515625,363.8599853515625,347.2200012207031,349.92999267578125,349.92999267578125,303000,USD,NYQ,America/New_York,Yahoo Finance
JLL,2026-09-03,356.760009765625,367.6099853515625,355.9200134277344,362.29998779296875,362.29998779296875,304600,USD,NYQ,America/New_York,Yahoo Finance
JLL,2026-09-04,357.9599914550781,364.5,355.5199890136719,362.3599853515625,362.3599853515625,240900,USD,NYQ,America/New_York,Yahoo Finance
JLL,2026-09-08,367.7799987792969,367.7799987792969,351.5799865722656,352.1099853515625,352.1099853515625,216500,USD,NYQ,America/New_York,Yahoo Finance
JLL,2026-09-09,356.9800109863281,357.2300109863281,345.29998779296875,346.20001220703125,346.20001220703125,288900,USD,NYQ,America/New_York,Yahoo Finance
JLL,2026-09-10,345.6700134277344,352.260009765625,339.7099914550781,342.1600036621094,342.1600036621094,273500,USD,NYQ,America/New_York,Yahoo Finance
JLL,2026-09-11,345.8599853515625,350.95001220703125,344.6000061035156,346.9700012207031,346.9700012207031,279100,USD,NYQ,America/New_York,Yahoo Finance
JLL,2026-09-14,351.2900085449219,351.989990234375,339.989990234375,343.54998779296875,343.54998779296875,435900,USD,NYQ,America/New_York,Yahoo Finance
JLL,2026-09-15,341.1400146484375,343.2300109863281,339.3299865722656,341.0400085449219,341.0400085449219,262900,USD,NYQ,America/New_York,Yahoo Finance
JLL,2026-09-16,339.8900146484375,350.6199951171875,336.760009765625,340.17999267578125,340.17999267578125,402000,USD,NYQ,America/New_York,Yahoo Finance
JLL,2026-09-17,345.9800109863281,346.6099853515625,336.3699951171875,336.8399963378906,336.8399963378906,239000,USD,NYQ,America/New_York,Yahoo Finance
JLL,2026-09-18,335.32000732421875,337.7799987792969,332.4700012207031,336.3800048828125,336.3800048828125,631400,USD,NYQ,America/New_York,Yahoo Finance
JLL,2026-09-21,339.3500061035156,342.0,338.3399963378906,340.07000732421875,340.07000732421875,326900,USD,NYQ,America/New_York,Yahoo Finance
JLL,2026-09-22,343.9700012207031,343.9700012207031,331.8699951171875,335.3599853515625,335.3599853515625,322900,USD,NYQ,America/New_York,Yahoo Finance
JLL,2026-09-23,331.30999755859375,333.57000732421875,323.1499938964844,324.05999755859375,324.05999755859375,403500,USD,NYQ,America/New_York,Yahoo Finance
JLL,2026-09-24,325.0400085449219,327.6000061035156,322.1300048828125,324.3999938964844,324.3999938964844,324000,USD,NYQ,America/New_York,Yahoo Finance
JLL,2026-09-25,324.94000244140625,327.0299987792969,321.6199951171875,321.9100036621094,321.9100036621094,367000,USD,NYQ,America/New_York,Yahoo Finance
JLL,2026-09-28,320.0,320.0199890136719,311.239990234375,314.1000061035156,314.1000061035156,443700,USD,NYQ,America/New_York,Yahoo Finance
KFRC,2026-08-17,57.459999084472656,57.59000015258789,56.04999923706055,57.060001373291016,56.616729736328125,207000,USD,NYQ,America/New_York,Yahoo Finance
KFRC,2026-08-18,57.88999938964844,58.59000015258789,57.400001525878906,58.290000915527344,57.83717346191406,179700,USD,NYQ,America/New_York,Yahoo Finance
KFRC,2026-08-19,58.15999984741211,60.04999923706055,57.849998474121094,58.68000030517578,58.224143981933594,200100,USD,NYQ,America/New_York,Yahoo Finance
KFRC,2026-08-20,58.11000061035156,59.47999954223633,57.84000015258789,58.130001068115234,57.67841720581055,200200,USD,NYQ,America/New_York,Yahoo Finance
KFRC,2026-08-21,58.029998779296875,58.970001220703125,57.41999816894531,58.38999938964844,57.936397552490234,227500,USD,NYQ,America/New_York,Yahoo Finance
KFRC,2026-08-24,58.790000915527344,59.47999954223633,57.41999816894531,57.689998626708984,57.2418327331543,210900,USD,NYQ,America/New_York,Yahoo Finance
KFRC,2026-08-25,57.29999923706055,57.939998626708984,56.849998474121094,57.619998931884766,57.17237854003906,161300,USD,NYQ,America/New_York,Yahoo Finance
KFRC,2026-08-26,57.310001373291016,58.33000183105469,56.25,57.0,56.557193756103516,325400,USD,NYQ,America/New_York,Yahoo Finance
KFRC,2026-08-27,57.09000015258789,57.91999816894531,56.650001525878906,57.91999816894531,57.47004699707031,198200,USD,NYQ,America/New_York,Yahoo Finance
KFRC,2026-08-28,58.33000183105469,59.290000915527344,56.209999084472656,58.099998474121094,57.64864730834961,203600,USD,NYQ,America/New_York,Yahoo Finance
KFRC,2026-08-31,57.66999816894531,58.08000183105469,56.68000030517578,57.58000183105469,57.1326904296875,305900,USD,NYQ,America/New_York,Yahoo Finance
KFRC,2026-09-01,57.5,58.310001373291016,54.43000030517578,54.88999938964844,54.463584899902344,343700,USD,NYQ,America/New_York,Yahoo Finance
KFRC,2026-09-02,54.70000076293945,55.86000061035156,53.72999954223633,54.040000915527344,53.62018966674805,239500,USD,NYQ,America/New_York,Yahoo Finance
KFRC,2026-09-03,54.279998779296875,54.709999084472656,52.95000076293945,53.95000076293945,53.53089141845703,449300,USD,NYQ,America/New_York,Yahoo Finance
KFRC,2026-09-04,53.029998779296875,54.529998779296875,52.880001068115234,54.529998779296875,54.106380462646484,422900,USD,NYQ,America/New_York,Yahoo Finance
KFRC,2026-09-08,53.849998474121094,53.849998474121094,50.400001525878906,51.13999938964844,50.74271774291992,303500,USD,NYQ,America/New_York,Yahoo Finance
KFRC,2026-09-09,51.0099983215332,51.5099983215332,49.63999938964844,51.349998474121094,50.95108413696289,242600,USD,NYQ,America/New_York,Yahoo Finance
KFRC,2026-09-10,51.58000183105469,52.2400016784668,50.349998474121094,51.4900016784668,51.09000015258789,268500,USD,NYQ,America/New_York,Yahoo Finance
KFRC,2026-09-11,51.529998779296875,51.529998779296875,50.5099983215332,51.2400016784668,51.2400016784668,257400,USD,NYQ,America/New_York,Yahoo Finance
KFRC,2026-09-14,52.400001525878906,52.7599983215332,51.15999984741211,52.27000045776367,52.27000045776367,208000,USD,NYQ,America/New_York,Yahoo Finance
KFRC,2026-09-15,51.59000015258789,52.52000045776367,51.459999084472656,51.869998931884766,51.869998931884766,196600,USD,NYQ,America/New_York,Yahoo Finance
KFRC,2026-09-16,51.33000183105469,52.209999084472656,50.97999954223633,52.189998626708984,52.189998626708984,210000,USD,NYQ,America/New_York,Yahoo Finance
KFRC,2026-09-17,52.459999084472656,52.779998779296875,50.970001220703125,51.599998474121094,51.599998474121094,275300,USD,NYQ,America/New_York,Yahoo Finance
KFRC,2026-09-18,51.619998931884766,52.150001525878906,50.36000061035156,51.880001068115234,51.880001068115234,487300,USD,NYQ,America/New_York,Yahoo Finance
KFRC,2026-09-21,51.88999938964844,52.2400016784668,51.15999984741211,51.58000183105469,51.58000183105469,319800,USD,NYQ,America/New_York,Yahoo Finance
KFRC,2026-09-22,52.31999969482422,52.59000015258789,51.060001373291016,51.9900016784668,51.9900016784668,284900,USD,NYQ,America/New_York,Yahoo Finance
KFRC,2026-09-23,51.939998626708984,53.41999816894531,51.40999984741211,52.06999969482422,52.06999969482422,185700,USD,NYQ,America/New_York,Yahoo Finance
KFRC,2026-09-24,52.18000030517578,52.9900016784668,49.65999984741211,51.349998474121094,51.349998474121094,209700,USD,NYQ,America/New_York,Yahoo Finance
KFRC,2026-09-25,50.880001068115234,51.58000183105469,50.869998931884766,51.560001373291016,51.560001373291016,205100,USD,NYQ,America/New_York,Yahoo Finance
KFRC,2026-09-28,51.18000030517578,51.7599983215332,50.95000076293945,51.279998779296875,51.279998779296875,146900,USD,NYQ,America/New_York,Yahoo Finance
KNSA,2026-08-17,76.88999938964844,79.21499633789062,76.75,79.18000030517578,79.18000030517578,328900,USD,NMS,America/New_York,Yahoo Finance
KNSA,2026-08-18,78.8499984741211,79.86000061035156,78.7699966430664,79.48999786376953,79.48999786376953,367300,USD,NMS,America/New_York,Yahoo Finance
KNSA,2026-08-19,80.5,81.56600189208984,79.2699966430664,80.80000305175781,80.80000305175781,872100,USD,NMS,America/New_York,Yahoo Finance
KNSA,2026-08-20,79.43000030517578,80.12000274658203,77.63899993896484,78.47000122070312,78.47000122070312,546900,USD,NMS,America/New_York,Yahoo Finance
KNSA,2026-08-21,78.27999877929688,79.93000030517578,78.01000213623047,79.02999877929688,79.02999877929688,270100,USD,NMS,America/New_York,Yahoo Finance
KNSA,2026-08-24,79.5,79.9800033569336,77.70999908447266,79.37999725341797,79.37999725341797,418900,USD,NMS,America/New_York,Yahoo Finance
KNSA,2026-08-25,79.36000061035156,80.86000061035156,79.12999725341797,80.19999694824219,80.19999694824219,402100,USD,NMS,America/New_York,Yahoo Finance
KNSA,2026-08-26,79.6500015258789,80.26000213623047,78.3499984741211,78.68000030517578,78.68000030517578,383800,USD,NMS,America/New_York,Yahoo Finance
KNSA,2026-08-27,78.19999694824219,80.79000091552734,77.80000305175781,79.80000305175781,79.80000305175781,413300,USD,NMS,America/New_York,Yahoo Finance
KNSA,2026-08-28,79.5999984741211,79.80999755859375,77.70999908447266,78.08000183105469,78.08000183105469,427200,USD,NMS,America/New_York,Yahoo Finance
KNSA,2026-08-31,78.0,78.95999908447266,76.6500015258789,78.62999725341797,78.62999725341797,428100,USD,NMS,America/New_York,Yahoo Finance
KNSA,2026-09-01,78.29000091552734,79.55000305175781,77.8550033569336,79.27999877929688,79.27999877929688,387200,USD,NMS,America/New_York,Yahoo Finance
KNSA,2026-09-02,79.52999877929688,80.18000030517578,77.86499786376953,79.88999938964844,79.88999938964844,568400,USD,NMS,America/New_York,Yahoo Finance
KNSA,2026-09-03,80.30000305175781,81.40699768066406,78.83999633789062,80.47000122070312,80.47000122070312,634900,USD,NMS,America/New_York,Yahoo Finance
KNSA,2026-09-04,79.75,80.43000030517578,77.9000015258789,77.91000366210938,77.91000366210938,429600,USD,NMS,America/New_York,Yahoo Finance
KNSA,2026-09-08,76.25,78.5,75.0,77.08999633789062,77.08999633789062,674500,USD,NMS,America/New_York,Yahoo Finance
KNSA,2026-09-09,78.72000122070312,80.22000122070312,77.33000183105469,78.5199966430664,78.5199966430664,588300,USD,NMS,America/New_York,Yahoo Finance
KNSA,2026-09-10,77.66000366210938,78.41999816894531,75.98600006103516,76.4800033569336,76.4800033569336,459700,USD,NMS,America/New_York,Yahoo Finance
KNSA,2026-09-11,77.69999694824219,78.58999633789062,76.13999938964844,76.2699966430664,76.2699966430664,576500,USD,NMS,America/New_York,Yahoo Finance
KNSA,2026-09-14,77.88999938964844,77.88999938964844,75.0199966430664,76.58000183105469,76.58000183105469,646100,USD,NMS,America/New_York,Yahoo Finance
KNSA,2026-09-15,76.45999908447266,76.62999725341797,74.47000122070312,75.1500015258789,75.1500015258789,488900,USD,NMS,America/New_York,Yahoo Finance
KNSA,2026-09-16,75.05999755859375,77.63999938964844,74.91000366210938,77.62000274658203,77.62000274658203,553900,USD,NMS,America/New_York,Yahoo Finance
KNSA,2026-09-17,78.66000366210938,79.76000213623047,78.29000091552734,79.33000183105469,79.33000183105469,722000,USD,NMS,America/New_York,Yahoo Finance
KNSA,2026-09-18,78.94999694824219,79.61000061035156,76.98999786376953,77.23999786376953,77.23999786376953,1058200,USD,NMS,America/New_York,Yahoo Finance
KNSA,2026-09-21,77.12000274658203,78.7300033569336,75.9000015258789,78.12999725341797,78.12999725341797,482800,USD,NMS,America/New_York,Yahoo Finance
KNSA,2026-09-22,78.08999633789062,79.54000091552734,77.37100219726562,78.0,78.0,403900,USD,NMS,America/New_York,Yahoo Finance
KNSA,2026-09-23,77.98999786376953,78.2300033569336,74.87999725341797,76.08000183105469,76.08000183105469,408200,USD,NMS,America/New_York,Yahoo Finance
KNSA,2026-09-24,76.0199966430664,76.9489974975586,74.45999908447266,75.33999633789062,75.33999633789062,433300,USD,NMS,America/New_York,Yahoo Finance
KNSA,2026-09-25,75.4000015258789,76.0,74.53399658203125,75.08000183105469,75.08000183105469,478500,USD,NMS,America/New_York,Yahoo Finance
KNSA,2026-09-28,75.0,76.41999816894531,74.0199966430664,76.0999984741211,76.0999984741211,562700,USD,NMS,America/New_York,Yahoo Finance
KOD,2026-08-17,40.56999969482422,43.040000915527344,39.869998931884766,40.97999954223633,40.97999954223633,628300,USD,NGM,America/New_York,Yahoo Finance
KOD,2026-08-18,40.060001373291016,40.939998626708984,39.060001373291016,40.650001525878906,40.650001525878906,623700,USD,NGM,America/New_York,Yahoo Finance
KOD,2026-08-19,41.720001220703125,41.720001220703125,39.29999923706055,40.06999969482422,40.06999969482422,595800,USD,NGM,America/New_York,Yahoo Finance
KOD,2026-08-20,39.5,40.52000045776367,38.689998626708984,39.84000015258789,39.84000015258789,486600,USD,NGM,America/New_York,Yahoo Finance
KOD,2026-08-21,40.38999938964844,40.900001525878906,37.9900016784668,38.33000183105469,38.33000183105469,509100,USD,NGM,America/New_York,Yahoo Finance
KOD,2026-08-24,38.33000183105469,38.900001525878906,36.459999084472656,37.220001220703125,37.220001220703125,717500,USD,NGM,America/New_York,Yahoo Finance
KOD,2026-08-25,37.9900016784668,39.68000030517578,37.70000076293945,39.459999084472656,39.459999084472656,571300,USD,NGM,America/New_York,Yahoo Finance
KOD,2026-08-26,39.939998626708984,40.029998779296875,38.400001525878906,39.33000183105469,39.33000183105469,296800,USD,NGM,America/New_York,Yahoo Finance
KOD,2026-08-27,39.369998931884766,40.11000061035156,38.650001525878906,39.119998931884766,39.119998931884766,474900,USD,NGM,America/New_York,Yahoo Finance
KOD,2026-08-28,38.72999954223633,39.619998931884766,37.400001525878906,37.720001220703125,37.720001220703125,469000,USD,NGM,America/New_York,Yahoo Finance
KOD,2026-08-31,37.279998779296875,37.7599983215332,35.5,37.349998474121094,37.349998474121094,1151500,USD,NGM,America/New_York,Yahoo Finance
KOD,2026-09-01,37.0099983215332,38.11000061035156,36.70000076293945,37.060001373291016,37.060001373291016,391600,USD,NGM,America/New_York,Yahoo Finance
KOD,2026-09-02,37.439998626708984,39.540000915527344,36.61000061035156,37.5,37.5,507400,USD,NGM,America/New_York,Yahoo Finance
KOD,2026-09-03,37.599998474121094,37.81999969482422,36.20000076293945,36.36000061035156,36.36000061035156,460200,USD,NGM,America/New_York,Yahoo Finance
KOD,2026-09-04,35.97999954223633,36.619998931884766,35.18000030517578,35.36000061035156,35.36000061035156,671800,USD,NGM,America/New_York,Yahoo Finance
KOD,2026-09-08,34.709999084472656,35.27000045776367,33.91999816894531,35.06999969482422,35.06999969482422,673200,USD,NGM,America/New_York,Yahoo Finance
KOD,2026-09-09,35.0,35.93000030517578,33.72999954223633,33.779998779296875,33.779998779296875,643500,USD,NGM,America/New_York,Yahoo Finance
KOD,2026-09-10,33.290000915527344,33.40999984741211,32.61000061035156,32.869998931884766,32.869998931884766,668200,USD,NGM,America/New_York,Yahoo Finance
KOD,2026-09-11,33.099998474121094,34.06999969482422,32.310001373291016,32.88999938964844,32.88999938964844,682600,USD,NGM,America/New_York,Yahoo Finance
KOD,2026-09-14,33.209999084472656,33.88999938964844,32.959999084472656,33.13999938964844,33.13999938964844,547600,USD,NGM,America/New_York,Yahoo Finance
KOD,2026-09-15,32.709999084472656,33.290000915527344,32.380001068115234,32.9900016784668,32.9900016784668,819600,USD,NGM,America/New_York,Yahoo Finance
KOD,2026-09-16,33.119998931884766,33.4900016784668,31.6200008392334,32.77000045776367,32.77000045776367,707900,USD,NGM,America/New_York,Yahoo Finance
KOD,2026-09-17,33.31999969482422,33.689998626708984,32.72999954223633,32.849998474121094,32.849998474121094,826100,USD,NGM,America/New_York,Yahoo Finance
KOD,2026-09-18,32.779998779296875,32.81999969482422,31.540000915527344,32.709999084472656,32.709999084472656,1608900,USD,NGM,America/New_York,Yahoo Finance
KOD,2026-09-21,33.040000915527344,33.34000015258789,32.0,32.41999816894531,32.41999816894531,666200,USD,NGM,America/New_York,Yahoo Finance
KOD,2026-09-22,32.709999084472656,34.45000076293945,32.459999084472656,33.79999923706055,33.79999923706055,1038200,USD,NGM,America/New_York,Yahoo Finance
KOD,2026-09-23,34.099998474121094,34.47999954223633,30.799999237060547,31.520000457763672,31.520000457763672,1052500,USD,NGM,America/New_York,Yahoo Finance
KOD,2026-09-24,30.899999618530273,33.779998779296875,29.809999465942383,33.220001220703125,33.220001220703125,1290100,USD,NGM,America/New_York,Yahoo Finance
KOD,2026-09-25,33.029998779296875,33.709999084472656,31.0,32.349998474121094,32.349998474121094,2277300,USD,NGM,America/New_York,Yahoo Finance
KOD,2026-09-28,61.709999084472656,95.7699966430664,60.4900016784668,89.91999816894531,89.91999816894531,38463100,USD,NGM,America/New_York,Yahoo Finance
KR,2026-08-17,56.20000076293945,56.31999969482422,55.65999984741211,56.06999969482422,56.06999969482422,5714100,USD,NYQ,America/New_York,Yahoo Finance
KR,2026-08-18,57.380001068115234,57.380001068115234,56.310001373291016,56.34000015258789,56.34000015258789,6102500,USD,NYQ,America/New_York,Yahoo Finance
KR,2026-08-19,56.20000076293945,57.689998626708984,56.04999923706055,56.27000045776367,56.27000045776367,6296400,USD,NYQ,America/New_York,Yahoo Finance
KR,2026-08-20,55.400001525878906,56.66999816894531,55.04999923706055,56.31999969482422,56.31999969482422,9700800,USD,NYQ,America/New_York,Yahoo Finance
KR,2026-08-21,56.4900016784668,57.959999084472656,56.47999954223633,57.900001525878906,57.900001525878906,5882200,USD,NYQ,America/New_York,Yahoo Finance
KR,2026-08-24,58.2400016784668,59.20000076293945,58.15999984741211,59.08000183105469,59.08000183105469,4675400,USD,NYQ,America/New_York,Yahoo Finance
KR,2026-08-25,58.220001220703125,58.66999816894531,57.93000030517578,58.45000076293945,58.45000076293945,4951800,USD,NYQ,America/New_York,Yahoo Finance
KR,2026-08-26,58.45000076293945,58.86000061035156,58.22999954223633,58.5099983215332,58.5099983215332,5533000,USD,NYQ,America/New_York,Yahoo Finance
KR,2026-08-27,57.779998779296875,58.13999938964844,56.86000061035156,56.93000030517578,56.93000030517578,5084800,USD,NYQ,America/New_York,Yahoo Finance
KR,2026-08-28,57.380001068115234,57.970001220703125,57.25,57.720001220703125,57.720001220703125,3970700,USD,NYQ,America/New_York,Yahoo Finance
KR,2026-08-31,57.849998474121094,58.220001220703125,57.27000045776367,57.540000915527344,57.540000915527344,8013100,USD,NYQ,America/New_York,Yahoo Finance
KR,2026-09-01,56.77000045776367,58.959999084472656,56.709999084472656,57.939998626708984,57.939998626708984,7304300,USD,NYQ,America/New_York,Yahoo Finance
KR,2026-09-02,58.0,58.529998779296875,57.5,58.220001220703125,58.220001220703125,4485900,USD,NYQ,America/New_York,Yahoo Finance
KR,2026-09-03,58.25,59.130001068115234,57.70000076293945,58.5099983215332,58.5099983215332,5262700,USD,NYQ,America/New_York,Yahoo Finance
KR,2026-09-04,58.36000061035156,58.88999938964844,57.9900016784668,58.59000015258789,58.59000015258789,3848500,USD,NYQ,America/New_York,Yahoo Finance
KR,2026-09-08,58.209999084472656,58.810001373291016,56.709999084472656,57.20000076293945,57.20000076293945,6862700,USD,NYQ,America/New_York,Yahoo Finance
KR,2026-09-09,57.279998779296875,57.380001068115234,56.369998931884766,56.439998626708984,56.439998626708984,7175800,USD,NYQ,America/New_York,Yahoo Finance
KR,2026-09-10,56.91999816894531,57.380001068115234,56.529998779296875,56.95000076293945,56.95000076293945,7739300,USD,NYQ,America/New_York,Yahoo Finance
KR,2026-09-11,56.02000045776367,59.4900016784668,55.650001525878906,58.4900016784668,58.4900016784668,12363100,USD,NYQ,America/New_York,Yahoo Finance
KR,2026-09-14,59.310001373291016,61.099998474121094,59.15999984741211,60.90999984741211,60.90999984741211,9018500,USD,NYQ,America/New_York,Yahoo Finance
KR,2026-09-15,60.77000045776367,62.54999923706055,60.349998474121094,62.25,62.25,10348000,USD,NYQ,America/New_York,Yahoo Finance
KR,2026-09-16,61.93000030517578,62.43000030517578,61.04999923706055,61.13999938964844,61.13999938964844,8506900,USD,NYQ,America/New_York,Yahoo Finance
KR,2026-09-17,61.02000045776367,61.279998779296875,60.599998474121094,60.75,60.75,7604800,USD,NYQ,America/New_York,Yahoo Finance
KR,2026-09-18,60.52000045776367,61.0,59.9900016784668,60.0,60.0,12114100,USD,NYQ,America/New_York,Yahoo Finance
KR,2026-09-21,60.060001373291016,60.61000061035156,59.459999084472656,59.689998626708984,59.689998626708984,7325700,USD,NYQ,America/New_York,Yahoo Finance
KR,2026-09-22,60.029998779296875,60.189998626708984,58.529998779296875,58.560001373291016,58.560001373291016,6222800,USD,NYQ,America/New_York,Yahoo Finance
KR,2026-09-23,58.560001373291016,59.38999938964844,57.560001373291016,57.63999938964844,57.63999938964844,6811900,USD,NYQ,America/New_York,Yahoo Finance
KR,2026-09-24,58.40999984741211,59.650001525878906,58.40999984741211,58.91999816894531,58.91999816894531,8088900,USD,NYQ,America/New_York,Yahoo Finance
KR,2026-09-25,58.630001068115234,58.97999954223633,57.70000076293945,58.7400016784668,58.7400016784668,10236400,USD,NYQ,America/New_York,Yahoo Finance
KR,2026-09-28,59.02000045776367,60.27000045776367,58.5,59.689998626708984,59.689998626708984,12036000,USD,NYQ,America/New_York,Yahoo Finance
KURA,2026-08-17,10.944999694824219,11.34000015258789,10.760000228881836,11.279999732971191,11.279999732971191,2103600,USD,NMS,America/New_York,Yahoo Finance
KURA,2026-08-18,11.984999656677246,12.845000267028809,11.984999656677246,12.329999923706055,12.329999923706055,4086900,USD,NMS,America/New_York,Yahoo Finance
KURA,2026-08-19,12.739999771118164,12.899999618530273,12.430000305175781,12.529999732971191,12.529999732971191,4077500,USD,NMS,America/New_York,Yahoo Finance
KURA,2026-08-20,12.359999656677246,12.5,11.649999618530273,11.710000038146973,11.710000038146973,2134400,USD,NMS,America/New_York,Yahoo Finance
KURA,2026-08-21,11.779999732971191,12.248000144958496,11.670000076293945,11.890000343322754,11.890000343322754,2025800,USD,NMS,America/New_York,Yahoo Finance
KURA,2026-08-24,11.770000457763672,12.869999885559082,11.430000305175781,12.399999618530273,12.399999618530273,2696300,USD,NMS,America/New_York,Yahoo Finance
KURA,2026-08-25,13.59000015258789,13.899999618530273,12.850000381469727,13.59000015258789,13.59000015258789,5382400,USD,NMS,America/New_York,Yahoo Finance
KURA,2026-08-26,13.630000114440918,13.65999984741211,12.984999656677246,13.0600004196167,13.0600004196167,2703100,USD,NMS,America/New_York,Yahoo Finance
KURA,2026-08-27,12.979999542236328,13.359999656677246,12.890000343322754,13.180000305175781,13.180000305175781,2366300,USD,NMS,America/New_York,Yahoo Finance
KURA,2026-08-28,13.050000190734863,13.170000076293945,12.609999656677246,12.65999984741211,12.65999984741211,1805600,USD,NMS,America/New_York,Yahoo Finance
KURA,2026-08-31,12.710000038146973,12.760000228881836,12.524999618530273,12.649999618530273,12.649999618530273,1964700,USD,NMS,America/New_York,Yahoo Finance
KURA,2026-09-01,12.539999961853027,12.960000038146973,12.432000160217285,12.890000343322754,12.890000343322754,1513300,USD,NMS,America/New_York,Yahoo Finance
KURA,2026-09-02,12.890000343322754,13.40999984741211,12.664999961853027,13.109999656677246,13.109999656677246,1880400,USD,NMS,America/New_York,Yahoo Finance
KURA,2026-09-03,13.25,13.289999961853027,12.85099983215332,13.149999618530273,13.149999618530273,1478000,USD,NMS,America/New_York,Yahoo Finance
KURA,2026-09-04,12.9399995803833,13.270000457763672,12.890000343322754,13.25,13.25,1312800,USD,NMS,America/New_York,Yahoo Finance
KURA,2026-09-08,12.925000190734863,12.925000190734863,12.5,12.520000457763672,12.520000457763672,1507600,USD,NMS,America/New_York,Yahoo Finance
KURA,2026-09-09,12.5,12.605999946594238,11.989999771118164,12.09000015258789,12.09000015258789,2212900,USD,NMS,America/New_York,Yahoo Finance
KURA,2026-09-10,12.0,12.0,11.440999984741211,11.569999694824219,11.569999694824219,1813800,USD,NMS,America/New_York,Yahoo Finance
KURA,2026-09-11,11.579999923706055,11.75,11.335000038146973,11.390000343322754,11.390000343322754,2117200,USD,NMS,America/New_York,Yahoo Finance
KURA,2026-09-14,11.369999885559082,11.680000305175781,11.25,11.5600004196167,11.5600004196167,1457700,USD,NMS,America/New_York,Yahoo Finance
KURA,2026-09-15,11.479999542236328,11.479999542236328,11.024999618530273,11.300000190734863,11.300000190734863,1825700,USD,NMS,America/New_York,Yahoo Finance
KURA,2026-09-16,11.3100004196167,11.520000457763672,11.140000343322754,11.199999809265137,11.199999809265137,1791600,USD,NMS,America/New_York,Yahoo Finance
KURA,2026-09-17,11.390000343322754,12.199999809265137,11.350000381469727,11.720000267028809,11.720000267028809,1851600,USD,NMS,America/New_York,Yahoo Finance
KURA,2026-09-18,11.640000343322754,11.84000015258789,11.5600004196167,11.729999542236328,11.729999542236328,2664900,USD,NMS,America/New_York,Yahoo Finance
KURA,2026-09-21,11.859999656677246,11.998000144958496,11.489999771118164,11.600000381469727,11.600000381469727,1763200,USD,NMS,America/New_York,Yahoo Finance
KURA,2026-09-22,11.800000190734863,11.984999656677246,11.585000038146973,11.729999542236328,11.729999542236328,1681000,USD,NMS,America/New_York,Yahoo Finance
KURA,2026-09-23,11.729999542236328,11.8100004196167,10.824999809265137,11.039999961853027,11.039999961853027,2771800,USD,NMS,America/New_York,Yahoo Finance
KURA,2026-09-24,11.0,11.074999809265137,10.65999984741211,10.859999656677246,10.859999656677246,1770700,USD,NMS,America/New_York,Yahoo Finance
KURA,2026-09-25,10.880000114440918,10.960000038146973,10.75,10.760000228881836,10.760000228881836,1227300,USD,NMS,America/New_York,Yahoo Finance
KURA,2026-09-28,10.710000038146973,10.829999923706055,10.359999656677246,10.609999656677246,10.609999656677246,1577100,USD,NMS,America/New_York,Yahoo Finance
LEN,2026-08-17,86.5,87.37000274658203,84.9800033569336,86.54000091552734,86.54000091552734,3012300,USD,NYQ,America/New_York,Yahoo Finance
LEN,2026-08-18,87.4800033569336,87.66000366210938,84.5999984741211,84.94000244140625,84.94000244140625,2542600,USD,NYQ,America/New_York,Yahoo Finance
LEN,2026-08-19,87.98999786376953,89.6500015258789,86.80999755859375,87.30000305175781,87.30000305175781,3431900,USD,NYQ,America/New_York,Yahoo Finance
LEN,2026-08-20,85.41999816894531,86.47000122070312,84.75,85.41999816894531,85.41999816894531,2186700,USD,NYQ,America/New_York,Yahoo Finance
LEN,2026-08-21,86.48999786376953,87.72000122070312,85.55000305175781,87.0199966430664,87.0199966430664,2038000,USD,NYQ,America/New_York,Yahoo Finance
LEN,2026-08-24,88.0,89.1500015258789,87.41999816894531,88.16000366210938,88.16000366210938,3575500,USD,NYQ,America/New_York,Yahoo Finance
LEN,2026-08-25,88.93000030517578,88.93000030517578,87.2699966430664,87.68000030517578,87.68000030517578,2034400,USD,NYQ,America/New_York,Yahoo Finance
LEN,2026-08-26,87.2699966430664,88.1500015258789,86.41000366210938,87.1500015258789,87.1500015258789,1559500,USD,NYQ,America/New_York,Yahoo Finance
LEN,2026-08-27,86.20999908447266,86.55000305175781,84.80000305175781,85.11000061035156,85.11000061035156,2042300,USD,NYQ,America/New_York,Yahoo Finance
LEN,2026-08-28,85.97000122070312,87.26000213623047,84.66999816894531,86.33000183105469,86.33000183105469,2359800,USD,NYQ,America/New_York,Yahoo Finance
LEN,2026-08-31,85.05000305175781,85.55000305175781,83.98999786376953,84.11000061035156,84.11000061035156,2337800,USD,NYQ,America/New_York,Yahoo Finance
LEN,2026-09-01,83.75,84.51000213623047,82.73999786376953,82.75,82.75,3753600,USD,NYQ,America/New_York,Yahoo Finance
LEN,2026-09-02,83.51000213623047,83.9800033569336,82.93000030517578,83.58000183105469,83.58000183105469,2245800,USD,NYQ,America/New_York,Yahoo Finance
LEN,2026-09-03,85.3499984741211,86.3499984741211,83.70999908447266,84.44999694824219,84.44999694824219,2136800,USD,NYQ,America/New_York,Yahoo Finance
LEN,2026-09-04,84.0,84.44999694824219,83.11000061035156,83.58000183105469,83.58000183105469,2328600,USD,NYQ,America/New_York,Yahoo Finance
LEN,2026-09-08,82.5999984741211,83.05000305175781,80.18000030517578,80.37000274658203,80.37000274658203,4700000,USD,NYQ,America/New_York,Yahoo Finance
LEN,2026-09-09,80.55000305175781,81.19000244140625,79.7699966430664,80.76000213623047,80.76000213623047,3381000,USD,NYQ,America/New_York,Yahoo Finance
LEN,2026-09-10,79.98999786376953,79.98999786376953,76.62999725341797,77.9000015258789,77.9000015258789,4914800,USD,NYQ,America/New_York,Yahoo Finance
LEN,2026-09-11,79.5999984741211,80.5,78.69000244140625,79.5999984741211,79.5999984741211,3620900,USD,NYQ,America/New_York,Yahoo Finance
LEN,2026-09-14,78.79000091552734,80.5,78.66000366210938,79.98999786376953,79.98999786376953,3710700,USD,NYQ,America/New_York,Yahoo Finance
LEN,2026-09-15,79.9800033569336,80.5,79.0,80.06999969482422,80.06999969482422,4496700,USD,NYQ,America/New_York,Yahoo Finance
LEN,2026-09-16,80.62999725341797,81.44999694824219,77.83000183105469,78.36000061035156,78.36000061035156,6164400,USD,NYQ,America/New_York,Yahoo Finance
LEN,2026-09-17,81.0,81.0,76.06999969482422,79.69999694824219,79.69999694824219,8643100,USD,NYQ,America/New_York,Yahoo Finance
LEN,2026-09-18,78.25,79.0999984741211,75.69999694824219,76.43000030517578,76.43000030517578,11848800,USD,NYQ,America/New_York,Yahoo Finance
LEN,2026-09-21,76.9800033569336,78.37999725341797,76.5,78.08000183105469,78.08000183105469,4951200,USD,NYQ,America/New_York,Yahoo Finance
LEN,2026-09-22,81.0,83.37000274658203,80.18000030517578,83.05999755859375,83.05999755859375,6465100,USD,NYQ,America/New_York,Yahoo Finance
LEN,2026-09-23,82.0,83.19000244140625,81.30999755859375,81.5199966430664,81.5199966430664,5863600,USD,NYQ,America/New_York,Yahoo Finance
LEN,2026-09-24,81.19000244140625,81.9800033569336,80.12000274658203,81.47000122070312,81.47000122070312,4781200,USD,NYQ,America/New_York,Yahoo Finance
LEN,2026-09-25,82.0,82.2699966430664,80.37000274658203,82.1500015258789,82.1500015258789,3890800,USD,NYQ,America/New_York,Yahoo Finance
LEN,2026-09-28,81.80999755859375,84.08000183105469,81.76000213623047,82.02999877929688,82.02999877929688,6782000,USD,NYQ,America/New_York,Yahoo Finance
LIVN,2026-08-17,81.37999725341797,81.91000366210938,80.81500244140625,81.4800033569336,81.4800033569336,445100,USD,NMS,America/New_York,Yahoo Finance
LIVN,2026-08-18,81.69000244140625,81.69000244140625,79.08999633789062,79.86000061035156,79.86000061035156,619100,USD,NMS,America/New_York,Yahoo Finance
LIVN,2026-08-19,80.81999969482422,81.66000366210938,80.40499877929688,80.83999633789062,80.83999633789062,496600,USD,NMS,America/New_York,Yahoo Finance
LIVN,2026-08-20,80.0,80.80999755859375,77.8949966430664,78.20999908447266,78.20999908447266,418800,USD,NMS,America/New_York,Yahoo Finance
LIVN,2026-08-21,78.80000305175781,79.55500030517578,77.94000244140625,78.73999786376953,78.73999786376953,440200,USD,NMS,America/New_York,Yahoo Finance
LIVN,2026-08-24,78.6500015258789,80.0,78.0,78.26000213623047,78.26000213623047,823200,USD,NMS,America/New_York,Yahoo Finance
LIVN,2026-08-25,78.7300033569336,79.58999633789062,77.9000015258789,79.41000366210938,79.41000366210938,562900,USD,NMS,America/New_York,Yahoo Finance
LIVN,2026-08-26,79.83000183105469,80.02999877929688,77.62999725341797,79.97000122070312,79.97000122070312,733400,USD,NMS,America/New_York,Yahoo Finance
LIVN,2026-08-27,79.33999633789062,80.2699966430664,78.95999908447266,80.02999877929688,80.02999877929688,611300,USD,NMS,America/New_York,Yahoo Finance
LIVN,2026-08-28,80.0999984741211,80.76499938964844,79.42500305175781,80.31999969482422,80.31999969482422,466000,USD,NMS,America/New_York,Yahoo Finance
LIVN,2026-08-31,79.86000061035156,80.1500015258789,77.27999877929688,79.80999755859375,79.80999755859375,593700,USD,NMS,America/New_York,Yahoo Finance
LIVN,2026-09-01,79.56999969482422,80.625,78.49400329589844,80.16000366210938,80.16000366210938,585400,USD,NMS,America/New_York,Yahoo Finance
LIVN,2026-09-02,80.16000366210938,83.31500244140625,80.16000366210938,82.4000015258789,82.4000015258789,769400,USD,NMS,America/New_York,Yahoo Finance
LIVN,2026-09-03,83.5,83.5199966430664,80.80500030517578,81.19999694824219,81.19999694824219,694100,USD,NMS,America/New_York,Yahoo Finance
LIVN,2026-09-04,80.66999816894531,82.22000122070312,80.38999938964844,81.91999816894531,81.91999816894531,334200,USD,NMS,America/New_York,Yahoo Finance
LIVN,2026-09-08,81.44000244140625,81.83000183105469,80.15499877929688,80.69999694824219,80.69999694824219,473000,USD,NMS,America/New_York,Yahoo Finance
LIVN,2026-09-09,80.22000122070312,80.37000274658203,78.1050033569336,78.93000030517578,78.93000030517578,674400,USD,NMS,America/New_York,Yahoo Finance
LIVN,2026-09-10,78.11000061035156,78.87999725341797,77.37000274658203,78.18000030517578,78.18000030517578,425900,USD,NMS,America/New_York,Yahoo Finance
LIVN,2026-09-11,79.22000122070312,79.2699966430664,77.1500015258789,78.18000030517578,78.18000030517578,552400,USD,NMS,America/New_York,Yahoo Finance
LIVN,2026-09-14,78.69999694824219,80.7699966430664,78.30000305175781,80.62999725341797,80.62999725341797,552000,USD,NMS,America/New_York,Yahoo Finance
LIVN,2026-09-15,80.19000244140625,80.23799896240234,79.12999725341797,79.47000122070312,79.47000122070312,587200,USD,NMS,America/New_York,Yahoo Finance
LIVN,2026-09-16,79.55999755859375,80.62999725341797,77.69000244140625,78.51000213623047,78.51000213623047,693600,USD,NMS,America/New_York,Yahoo Finance
LIVN,2026-09-17,79.2300033569336,79.2300033569336,77.51000213623047,77.79000091552734,77.79000091552734,627300,USD,NMS,America/New_York,Yahoo Finance
LIVN,2026-09-18,77.33999633789062,78.44000244140625,76.77999877929688,78.01000213623047,78.01000213623047,1377500,USD,NMS,America/New_York,Yahoo Finance
LIVN,2026-09-21,78.38999938964844,78.62999725341797,76.83000183105469,78.16999816894531,78.16999816894531,579200,USD,NMS,America/New_York,Yahoo Finance
LIVN,2026-09-22,79.19000244140625,80.19000244140625,78.18000030517578,78.48999786376953,78.48999786376953,640500,USD,NMS,America/New_York,Yahoo Finance
LIVN,2026-09-23,78.38999938964844,79.0199966430664,76.69999694824219,77.16000366210938,77.16000366210938,493100,USD,NMS,America/New_York,Yahoo Finance
LIVN,2026-09-24,77.26000213623047,77.44999694824219,74.11000061035156,75.44000244140625,75.44000244140625,1056400,USD,NMS,America/New_York,Yahoo Finance
LIVN,2026-09-25,75.44000244140625,77.45999908447266,75.12000274658203,76.62999725341797,76.62999725341797,745300,USD,NMS,America/New_York,Yahoo Finance
LIVN,2026-09-28,76.12999725341797,77.66000366210938,75.46499633789062,77.20999908447266,77.20999908447266,570700,USD,NMS,America/New_York,Yahoo Finance
LLYVA,2026-08-17,104.47000122070312,104.47000122070312,101.87999725341797,101.88999938964844,101.88999938964844,209700,USD,NMS,America/New_York,Yahoo Finance
LLYVA,2026-08-18,102.23999786376953,103.53500366210938,100.0,100.0,100.0,140200,USD,NMS,America/New_York,Yahoo Finance
LLYVA,2026-08-19,101.58999633789062,103.86000061035156,101.0,103.45999908447266,103.45999908447266,200400,USD,NMS,America/New_York,Yahoo Finance
LLYVA,2026-08-20,102.2699966430664,104.66000366210938,101.87000274658203,101.9000015258789,101.9000015258789,182800,USD,NMS,America/New_York,Yahoo Finance
LLYVA,2026-08-21,102.7300033569336,102.7300033569336,101.06999969482422,101.69999694824219,101.69999694824219,162900,USD,NMS,America/New_York,Yahoo Finance
LLYVA,2026-08-24,101.79000091552734,103.19999694824219,101.7699966430664,102.0999984741211,102.0999984741211,183600,USD,NMS,America/New_York,Yahoo Finance
LLYVA,2026-08-25,102.22000122070312,104.1500015258789,102.22000122070312,104.0,104.0,69500,USD,NMS,America/New_York,Yahoo Finance
LLYVA,2026-08-26,104.01000213623047,104.01000213623047,101.80999755859375,101.83999633789062,101.83999633789062,54000,USD,NMS,America/New_York,Yahoo Finance
LLYVA,2026-08-27,101.02999877929688,101.95999908447266,99.01000213623047,99.76000213623047,99.76000213623047,203700,USD,NMS,America/New_York,Yahoo Finance
LLYVA,2026-08-28,99.22000122070312,100.02999877929688,98.36000061035156,99.88999938964844,99.88999938964844,53000,USD,NMS,America/New_York,Yahoo Finance
LLYVA,2026-08-31,99.61000061035156,100.52999877929688,98.77999877929688,99.4800033569336,99.4800033569336,99700,USD,NMS,America/New_York,Yahoo Finance
LLYVA,2026-09-01,99.13999938964844,99.78500366210938,97.37000274658203,97.37999725341797,97.37999725341797,117400,USD,NMS,America/New_York,Yahoo Finance
LLYVA,2026-09-02,97.83999633789062,100.0,97.83999633789062,98.76000213623047,98.76000213623047,72800,USD,NMS,America/New_York,Yahoo Finance
LLYVA,2026-09-03,100.18000030517578,100.18000030517578,97.57499694824219,97.70999908447266,97.70999908447266,64100,USD,NMS,America/New_York,Yahoo Finance
LLYVA,2026-09-04,97.97000122070312,97.97000122070312,95.11499786376953,95.625,95.625,43500,USD,NMS,America/New_York,Yahoo Finance
LLYVA,2026-09-08,95.27999877929688,95.69999694824219,94.33000183105469,94.33999633789062,94.33999633789062,142300,USD,NMS,America/New_York,Yahoo Finance
LLYVA,2026-09-09,93.98999786376953,95.33000183105469,93.19999694824219,93.66000366210938,93.66000366210938,77000,USD,NMS,America/New_York,Yahoo Finance
LLYVA,2026-09-10,94.01000213623047,95.19000244140625,92.83999633789062,93.37999725341797,93.37999725341797,104200,USD,NMS,America/New_York,Yahoo Finance
LLYVA,2026-09-11,97.22000122070312,97.22000122070312,92.76000213623047,93.9800033569336,93.9800033569336,91800,USD,NMS,America/New_York,Yahoo Finance
LLYVA,2026-09-14,94.93499755859375,96.87999725341797,94.74500274658203,95.80999755859375,95.80999755859375,142000,USD,NMS,America/New_York,Yahoo Finance
LLYVA,2026-09-15,95.0999984741211,96.05999755859375,93.68000030517578,95.16000366210938,95.16000366210938,708600,USD,NMS,America/New_York,Yahoo Finance
LLYVA,2026-09-16,96.15499877929688,97.91999816894531,94.52999877929688,95.43000030517578,95.43000030517578,128600,USD,NMS,America/New_York,Yahoo Finance
LLYVA,2026-09-17,96.81300354003906,96.81300354003906,94.38999938964844,94.38999938964844,94.38999938964844,82700,USD,NMS,America/New_York,Yahoo Finance
LLYVA,2026-09-18,93.94000244140625,94.01000213623047,92.33999633789062,93.01000213623047,93.01000213623047,185300,USD,NMS,America/New_York,Yahoo Finance
LLYVA,2026-09-21,93.9800033569336,95.66000366210938,93.36000061035156,95.23999786376953,95.23999786376953,216500,USD,NMS,America/New_York,Yahoo Finance
LLYVA,2026-09-22,95.98999786376953,96.44000244140625,94.44999694824219,95.44000244140625,95.44000244140625,102900,USD,NMS,America/New_York,Yahoo Finance
LLYVA,2026-09-23,96.04000091552734,96.62999725341797,94.0,94.98999786376953,94.98999786376953,63200,USD,NMS,America/New_York,Yahoo Finance
LLYVA,2026-09-24,95.79000091552734,96.55000305175781,93.51000213623047,96.42500305175781,96.42500305175781,57700,USD,NMS,America/New_York,Yahoo Finance
LLYVA,2026-09-25,97.41999816894531,97.41999816894531,95.58000183105469,96.31999969482422,96.31999969482422,40400,USD,NMS,America/New_York,Yahoo Finance
LLYVA,2026-09-28,96.31999969482422,98.3499984741211,96.1500015258789,97.06999969482422,97.06999969482422,139100,USD,NMS,America/New_York,Yahoo Finance
LMRI,2026-08-17,12.0,12.218999862670898,11.567000389099121,11.8100004196167,11.8100004196167,573300,USD,NMS,America/New_York,Yahoo Finance
LMRI,2026-08-18,11.770000457763672,12.039999961853027,11.460000038146973,11.989999771118164,11.989999771118164,394300,USD,NMS,America/New_York,Yahoo Finance
LMRI,2026-08-19,12.25,12.449999809265137,11.720000267028809,11.850000381469727,11.850000381469727,624000,USD,NMS,America/New_York,Yahoo Finance
LMRI,2026-08-20,11.729999542236328,11.975000381469727,11.4399995803833,11.680000305175781,11.680000305175781,1231400,USD,NMS,America/New_York,Yahoo Finance
LMRI,2026-08-21,11.739999771118164,12.479999542236328,11.4399995803833,12.420000076293945,12.420000076293945,487200,USD,NMS,America/New_York,Yahoo Finance
LMRI,2026-08-24,12.390000343322754,12.51099967956543,11.770000457763672,11.850000381469727,11.850000381469727,214100,USD,NMS,America/New_York,Yahoo Finance
LMRI,2026-08-25,12.039999961853027,12.130000114440918,11.699999809265137,12.069999694824219,12.069999694824219,344900,USD,NMS,America/New_York,Yahoo Finance
LMRI,2026-08-26,12.029999732971191,12.140000343322754,11.789999961853027,11.960000038146973,11.960000038146973,218800,USD,NMS,America/New_York,Yahoo Finance
LMRI,2026-08-27,11.949999809265137,12.09000015258789,11.619999885559082,11.729999542236328,11.729999542236328,226700,USD,NMS,America/New_York,Yahoo Finance
LMRI,2026-08-28,11.770000457763672,12.104999542236328,11.40999984741211,11.510000228881836,11.510000228881836,342600,USD,NMS,America/New_York,Yahoo Finance
LMRI,2026-08-31,11.4399995803833,11.734999656677246,11.399999618530273,11.670000076293945,11.670000076293945,260100,USD,NMS,America/New_York,Yahoo Finance
LMRI,2026-09-01,11.630000114440918,11.8149995803833,11.387999534606934,11.640000343322754,11.640000343322754,196700,USD,NMS,America/New_York,Yahoo Finance
LMRI,2026-09-02,11.640000343322754,11.984999656677246,11.640000343322754,11.75,11.75,237700,USD,NMS,America/New_York,Yahoo Finance
LMRI,2026-09-03,11.949999809265137,12.15999984741211,11.579999923706055,11.899999618530273,11.899999618530273,339500,USD,NMS,America/New_York,Yahoo Finance
LMRI,2026-09-04,11.859999656677246,12.319999694824219,11.710000038146973,12.180000305175781,12.180000305175781,250700,USD,NMS,America/New_York,Yahoo Finance
LMRI,2026-09-08,12.020000457763672,12.050000190734863,11.25,11.539999961853027,11.539999961853027,293900,USD,NMS,America/New_York,Yahoo Finance
LMRI,2026-09-09,11.449999809265137,11.529999732971191,11.095000267028809,11.279999732971191,11.279999732971191,248700,USD,NMS,America/New_York,Yahoo Finance
LMRI,2026-09-10,11.210000038146973,11.449999809265137,11.100000381469727,11.1899995803833,11.1899995803833,222100,USD,NMS,America/New_York,Yahoo Finance
LMRI,2026-09-11,11.399999618530273,11.640000343322754,11.239999771118164,11.489999771118164,11.489999771118164,545700,USD,NMS,America/New_York,Yahoo Finance
LMRI,2026-09-14,11.4399995803833,11.75,11.270000457763672,11.390000343322754,11.390000343322754,320800,USD,NMS,America/New_York,Yahoo Finance
LMRI,2026-09-15,11.4399995803833,11.869999885559082,11.1899995803833,11.770000457763672,11.770000457763672,280200,USD,NMS,America/New_York,Yahoo Finance
LMRI,2026-09-16,11.789999961853027,12.020000457763672,11.390000343322754,11.649999618530273,11.649999618530273,305200,USD,NMS,America/New_York,Yahoo Finance
LMRI,2026-09-17,11.920000076293945,11.984999656677246,11.470000267028809,11.520000457763672,11.520000457763672,316500,USD,NMS,America/New_York,Yahoo Finance
LMRI,2026-09-18,11.4399995803833,11.449999809265137,11.0,11.079999923706055,11.079999923706055,678200,USD,NMS,America/New_York,Yahoo Finance
LMRI,2026-09-21,11.170000076293945,11.463000297546387,10.579999923706055,10.680000305175781,10.680000305175781,455200,USD,NMS,America/New_York,Yahoo Finance
LMRI,2026-09-22,10.800000190734863,11.069999694824219,10.489999771118164,10.520000457763672,10.520000457763672,658700,USD,NMS,America/New_York,Yahoo Finance
LMRI,2026-09-23,10.4399995803833,10.579999923706055,10.0,10.140000343322754,10.140000343322754,981000,USD,NMS,America/New_York,Yahoo Finance
LMRI,2026-09-24,10.109999656677246,10.15999984741211,9.829999923706055,9.880000114440918,9.880000114440918,326200,USD,NMS,America/New_York,Yahoo Finance
LMRI,2026-09-25,10.25,10.270000457763672,9.859999656677246,10.210000038146973,10.210000038146973,441200,USD,NMS,America/New_York,Yahoo Finance
LMRI,2026-09-28,10.100000381469727,10.3100004196167,9.979999542236328,10.145000457763672,10.145000457763672,165300,USD,NMS,America/New_York,Yahoo Finance
LNG,2026-08-17,273.42999267578125,273.42999267578125,264.739990234375,266.92999267578125,266.92999267578125,1513400,USD,NYQ,America/New_York,Yahoo Finance
LNG,2026-08-18,270.6300048828125,274.760009765625,270.1700134277344,273.7799987792969,273.7799987792969,1028600,USD,NYQ,America/New_York,Yahoo Finance
LNG,2026-08-19,274.1300048828125,275.5,271.54998779296875,274.29998779296875,274.29998779296875,1426500,USD,NYQ,America/New_York,Yahoo Finance
LNG,2026-08-20,276.0899963378906,280.6000061035156,275.94000244140625,279.1700134277344,279.1700134277344,1748400,USD,NYQ,America/New_York,Yahoo Finance
LNG,2026-08-21,279.9599914550781,281.739990234375,276.45001220703125,277.510009765625,277.510009765625,1279700,USD,NYQ,America/New_York,Yahoo Finance
LNG,2026-08-24,278.2099914550781,281.1300048828125,275.6199951171875,280.7900085449219,280.7900085449219,1137000,USD,NYQ,America/New_York,Yahoo Finance
LNG,2026-08-25,277.8500061035156,281.260009765625,276.0,278.79998779296875,278.79998779296875,1498300,USD,NYQ,America/New_York,Yahoo Finance
LNG,2026-08-26,275.19000244140625,284.5199890136719,274.0,284.0799865722656,284.0799865722656,1456000,USD,NYQ,America/New_York,Yahoo Finance
LNG,2026-08-27,283.67999267578125,284.2300109863281,275.92999267578125,280.79998779296875,280.79998779296875,2181500,USD,NYQ,America/New_York,Yahoo Finance
LNG,2026-08-28,281.4599914550781,282.9800109863281,279.8500061035156,282.3299865722656,282.3299865722656,1301300,USD,NYQ,America/New_York,Yahoo Finance
LNG,2026-08-31,286.67999267578125,293.260009765625,284.55999755859375,291.69000244140625,291.69000244140625,2078900,USD,NYQ,America/New_York,Yahoo Finance
LNG,2026-09-01,296.7200012207031,299.17999267578125,287.4100036621094,294.1300048828125,294.1300048828125,2144600,USD,NYQ,America/New_York,Yahoo Finance
LNG,2026-09-02,290.0400085449219,297.9200134277344,287.760009765625,295.8599853515625,295.8599853515625,2600600,USD,NYQ,America/New_York,Yahoo Finance
LNG,2026-09-03,296.0,296.2200012207031,289.4599914550781,290.8500061035156,290.8500061035156,2449700,USD,NYQ,America/New_York,Yahoo Finance
LNG,2026-09-04,289.9599914550781,292.3299865722656,286.82000732421875,292.0,292.0,3015200,USD,NYQ,America/New_York,Yahoo Finance
LNG,2026-09-08,280.67999267578125,281.8399963378906,274.4800109863281,276.0199890136719,276.0199890136719,4931500,USD,NYQ,America/New_York,Yahoo Finance
LNG,2026-09-09,278.989990234375,280.6000061035156,274.7200012207031,275.92999267578125,275.92999267578125,3018000,USD,NYQ,America/New_York,Yahoo Finance
LNG,2026-09-10,281.0,281.0,276.7300109863281,277.8399963378906,277.8399963378906,1487500,USD,NYQ,America/New_York,Yahoo Finance
LNG,2026-09-11,277.760009765625,280.42999267578125,274.57000732421875,278.3399963378906,278.3399963378906,1481400,USD,NYQ,America/New_York,Yahoo Finance
LNG,2026-09-14,281.1300048828125,283.54998779296875,273.19000244140625,274.2799987792969,274.2799987792969,1695800,USD,NYQ,America/New_York,Yahoo Finance
LNG,2026-09-15,273.32000732421875,275.489990234375,270.1300048828125,270.9800109863281,270.9800109863281,1900000,USD,NYQ,America/New_York,Yahoo Finance
LNG,2026-09-16,268.0,271.79998779296875,265.2699890136719,267.75,267.75,1701900,USD,NYQ,America/New_York,Yahoo Finance
LNG,2026-09-17,266.3800048828125,270.3599853515625,264.3599853515625,269.8500061035156,269.8500061035156,1622200,USD,NYQ,America/New_York,Yahoo Finance
LNG,2026-09-18,269.07000732421875,273.07000732421875,267.7099914550781,268.3399963378906,268.3399963378906,3030000,USD,NYQ,America/New_York,Yahoo Finance
LNG,2026-09-21,267.9200134277344,278.489990234375,266.8699951171875,274.9800109863281,274.9800109863281,3129000,USD,NYQ,America/New_York,Yahoo Finance
LNG,2026-09-22,271.0400085449219,279.57000732421875,268.760009765625,272.9599914550781,272.9599914550781,2477400,USD,NYQ,America/New_York,Yahoo Finance
LNG,2026-09-23,274.69000244140625,281.0,273.3500061035156,273.6099853515625,273.6099853515625,1784800,USD,NYQ,America/New_York,Yahoo Finance
LNG,2026-09-24,274.9100036621094,279.7099914550781,273.0899963378906,276.2799987792969,276.2799987792969,1660800,USD,NYQ,America/New_York,Yahoo Finance
LNG,2026-09-25,273.3999938964844,274.739990234375,267.94000244140625,268.5400085449219,268.5400085449219,1887800,USD,NYQ,America/New_York,Yahoo Finance
LNG,2026-09-28,271.2300109863281,273.4200134277344,269.510009765625,269.6499938964844,269.6499938964844,1742400,USD,NYQ,America/New_York,Yahoo Finance
MAAS,2026-08-17,16.520000457763672,16.979999542236328,15.579999923706055,16.8799991607666,16.8799991607666,289300,USD,NGM,America/New_York,Yahoo Finance
MAAS,2026-08-18,16.549999237060547,16.950000762939453,16.0,16.100000381469727,16.100000381469727,337700,USD,NGM,America/New_York,Yahoo Finance
MAAS,2026-08-19,16.260000228881836,16.260000228881836,15.510000228881836,15.930000305175781,15.930000305175781,256900,USD,NGM,America/New_York,Yahoo Finance
MAAS,2026-08-20,15.630000114440918,16.110000610351562,15.5,15.630000114440918,15.630000114440918,234900,USD,NGM,America/New_York,Yahoo Finance
MAAS,2026-08-21,15.789999961853027,16.489999771118164,15.098999977111816,15.625,15.625,130300,USD,NGM,America/New_York,Yahoo Finance
MAAS,2026-08-24,15.569999694824219,16.389999389648438,15.569999694824219,15.800000190734863,15.800000190734863,211300,USD,NGM,America/New_York,Yahoo Finance
MAAS,2026-08-25,15.760000228881836,15.899999618530273,13.15999984741211,15.005000114440918,15.005000114440918,335900,USD,NGM,America/New_York,Yahoo Finance
MAAS,2026-08-26,14.800000190734863,15.300000190734863,13.829999923706055,14.789999961853027,14.789999961853027,89200,USD,NGM,America/New_York,Yahoo Finance
MAAS,2026-08-27,14.829999923706055,16.639999389648438,14.829999923706055,16.540000915527344,16.540000915527344,126400,USD,NGM,America/New_York,Yahoo Finance
MAAS,2026-08-28,16.559999465942383,16.888999938964844,15.699999809265137,16.549999237060547,16.549999237060547,76800,USD,NGM,America/New_York,Yahoo Finance
MAAS,2026-08-31,16.399999618530273,16.729999542236328,16.309999465942383,16.309999465942383,16.309999465942383,63800,USD,NGM,America/New_York,Yahoo Finance
MAAS,2026-09-01,16.31999969482422,16.850000381469727,16.239999771118164,16.329999923706055,16.329999923706055,69400,USD,NGM,America/New_York,Yahoo Finance
MAAS,2026-09-02,16.299999237060547,17.8799991607666,16.299999237060547,17.399999618530273,17.399999618530273,147000,USD,NGM,America/New_York,Yahoo Finance
MAAS,2026-09-03,17.56999969482422,17.84000015258789,15.800000190734863,16.649999618530273,16.649999618530273,106900,USD,NGM,America/New_York,Yahoo Finance
MAAS,2026-09-04,16.649999618530273,16.93000030517578,16.299999237060547,16.350000381469727,16.350000381469727,53300,USD,NGM,America/New_York,Yahoo Finance
MAAS,2026-09-08,16.219999313354492,16.219999313354492,14.949999809265137,15.100000381469727,15.100000381469727,129000,USD,NGM,America/New_York,Yahoo Finance
MAAS,2026-09-09,14.90999984741211,15.460000038146973,14.850000381469727,15.020000457763672,15.020000457763672,112300,USD,NGM,America/New_York,Yahoo Finance
MAAS,2026-09-10,14.920000076293945,15.899999618530273,14.90999984741211,15.670000076293945,15.670000076293945,71500,USD,NGM,America/New_York,Yahoo Finance
MAAS,2026-09-11,15.789999961853027,16.5,15.699999809265137,15.789999961853027,15.789999961853027,124200,USD,NGM,America/New_York,Yahoo Finance
MAAS,2026-09-14,15.789999961853027,16.790000915527344,15.779999732971191,16.34000015258789,16.34000015258789,73900,USD,NGM,America/New_York,Yahoo Finance
MAAS,2026-09-15,16.40999984741211,17.5,16.399999618530273,17.010000228881836,17.010000228881836,109300,USD,NGM,America/New_York,Yahoo Finance
MAAS,2026-09-16,17.259000778198242,17.259000778198242,16.34000015258789,16.829999923706055,16.829999923706055,192500,USD,NGM,America/New_York,Yahoo Finance
MAAS,2026-09-17,16.860000610351562,17.100000381469727,16.139999389648438,16.200000762939453,16.200000762939453,499400,USD,NGM,America/New_York,Yahoo Finance
MAAS,2026-09-18,16.110000610351562,17.010000228881836,15.850000381469727,16.81999969482422,16.81999969482422,767700,USD,NGM,America/New_York,Yahoo Finance
MAAS,2026-09-21,16.809999465942383,17.149999618530273,15.630000114440918,15.859999656677246,15.859999656677246,1140300,USD,NGM,America/New_York,Yahoo Finance
MAAS,2026-09-22,15.859999656677246,16.299999237060547,14.649999618530273,14.899999618530273,14.899999618530273,1608800,USD,NGM,America/New_York,Yahoo Finance
MAAS,2026-09-23,14.880000114440918,16.59000015258789,13.760000228881836,15.0600004196167,15.0600004196167,2252000,USD,NGM,America/New_York,Yahoo Finance
MAAS,2026-09-24,15.100000381469727,15.25,12.020000457763672,14.029999732971191,14.029999732971191,1568400,USD,NGM,America/New_York,Yahoo Finance
MAAS,2026-09-25,13.970000267028809,16.010000228881836,13.970000267028809,15.369999885559082,15.369999885559082,183100,USD,NGM,America/New_York,Yahoo Finance
MAAS,2026-09-28,15.369999885559082,18.780000686645508,15.25,17.950000762939453,17.950000762939453,647800,USD,NGM,America/New_York,Yahoo Finance
MAS,2026-08-17,73.62999725341797,74.02999877929688,72.58000183105469,73.93000030517578,73.60720825195312,2002100,USD,NYQ,America/New_York,Yahoo Finance
MAS,2026-08-18,73.87999725341797,74.4000015258789,72.5999984741211,73.37999725341797,73.05960083007812,2028100,USD,NYQ,America/New_York,Yahoo Finance
MAS,2026-08-19,74.63999938964844,76.43000030517578,74.37999725341797,75.25,74.92144012451172,1701900,USD,NYQ,America/New_York,Yahoo Finance
MAS,2026-08-20,73.94000244140625,74.47000122070312,73.13999938964844,73.33000183105469,73.00982666015625,1329000,USD,NYQ,America/New_York,Yahoo Finance
MAS,2026-08-21,73.55999755859375,74.20999908447266,72.7699966430664,73.29000091552734,72.97000122070312,1184500,USD,NYQ,America/New_York,Yahoo Finance
MAS,2026-08-24,73.18000030517578,74.54000091552734,72.43000030517578,73.20999908447266,73.20999908447266,1285600,USD,NYQ,America/New_York,Yahoo Finance
MAS,2026-08-25,73.95999908447266,74.01000213623047,72.62999725341797,72.91999816894531,72.91999816894531,1620100,USD,NYQ,America/New_York,Yahoo Finance
MAS,2026-08-26,73.36000061035156,73.80000305175781,72.75,73.5999984741211,73.5999984741211,2007100,USD,NYQ,America/New_York,Yahoo Finance
MAS,2026-08-27,72.7300033569336,73.29000091552734,72.29000091552734,72.79000091552734,72.79000091552734,1748300,USD,NYQ,America/New_York,Yahoo Finance
MAS,2026-08-28,73.2300033569336,74.0199966430664,72.41999816894531,73.25,73.25,1314000,USD,NYQ,America/New_York,Yahoo Finance
MAS,2026-08-31,72.45999908447266,72.9800033569336,72.05999755859375,72.16000366210938,72.16000366210938,1781500,USD,NYQ,America/New_York,Yahoo Finance
MAS,2026-09-01,71.76000213623047,71.86000061035156,70.04000091552734,70.25,70.25,2432400,USD,NYQ,America/New_York,Yahoo Finance
MAS,2026-09-02,70.93000030517578,71.81999969482422,70.38999938964844,70.94000244140625,70.94000244140625,1929300,USD,NYQ,America/New_York,Yahoo Finance
MAS,2026-09-03,71.81999969482422,72.3499984741211,70.0999984741211,71.41999816894531,71.41999816894531,1557100,USD,NYQ,America/New_York,Yahoo Finance
MAS,2026-09-04,71.0,73.2699966430664,70.98999786376953,72.69999694824219,72.69999694824219,1992200,USD,NYQ,America/New_York,Yahoo Finance
MAS,2026-09-08,71.8499984741211,72.2699966430664,70.91000366210938,70.93000030517578,70.93000030517578,1926900,USD,NYQ,America/New_York,Yahoo Finance
MAS,2026-09-09,70.31999969482422,70.6500015258789,69.1500015258789,69.37999725341797,69.37999725341797,1863800,USD,NYQ,America/New_York,Yahoo Finance
MAS,2026-09-10,68.63999938964844,68.98999786376953,67.19000244140625,67.63999938964844,67.63999938964844,3030600,USD,NYQ,America/New_York,Yahoo Finance
MAS,2026-09-11,68.66000366210938,68.76000213623047,67.55000305175781,68.5199966430664,68.5199966430664,2651800,USD,NYQ,America/New_York,Yahoo Finance
MAS,2026-09-14,67.44000244140625,69.7300033569336,67.44000244140625,69.41000366210938,69.41000366210938,2138500,USD,NYQ,America/New_York,Yahoo Finance
MAS,2026-09-15,69.30999755859375,69.31999969482422,68.1500015258789,68.87999725341797,68.87999725341797,2122900,USD,NYQ,America/New_York,Yahoo Finance
MAS,2026-09-16,69.58000183105469,69.80000305175781,67.62999725341797,68.27999877929688,68.27999877929688,2738300,USD,NYQ,America/New_York,Yahoo Finance
MAS,2026-09-17,69.66999816894531,70.05000305175781,67.86000061035156,68.2300033569336,68.2300033569336,2399400,USD,NYQ,America/New_York,Yahoo Finance
MAS,2026-09-18,67.63999938964844,68.16999816894531,67.41999816894531,68.05999755859375,68.05999755859375,7228900,USD,NYQ,America/New_York,Yahoo Finance
MAS,2026-09-21,68.56999969482422,68.80000305175781,67.44000244140625,67.73999786376953,67.73999786376953,1798300,USD,NYQ,America/New_York,Yahoo Finance
MAS,2026-09-22,69.11000061035156,70.26000213623047,68.41000366210938,69.95999908447266,69.95999908447266,2462500,USD,NYQ,America/New_York,Yahoo Finance
MAS,2026-09-23,70.33000183105469,70.33000183105469,68.1500015258789,68.16000366210938,68.16000366210938,2096200,USD,NYQ,America/New_York,Yahoo Finance
MAS,2026-09-24,67.97000122070312,68.66000366210938,67.02999877929688,67.30999755859375,67.30999755859375,2295000,USD,NYQ,America/New_York,Yahoo Finance
MAS,2026-09-25,67.43000030517578,69.0199966430664,67.2300033569336,68.8499984741211,68.8499984741211,1820800,USD,NYQ,America/New_York,Yahoo Finance
MAS,2026-09-28,68.0,69.06999969482422,67.66000366210938,68.36000061035156,68.36000061035156,2668700,USD,NYQ,America/New_York,Yahoo Finance
MC,2026-08-17,68.05000305175781,68.75499725341797,66.6510009765625,66.7300033569336,66.7300033569336,626200,USD,NYQ,America/New_York,Yahoo Finance
MC,2026-08-18,66.58999633789062,67.48300170898438,65.0199966430664,66.56999969482422,66.56999969482422,522800,USD,NYQ,America/New_York,Yahoo Finance
MC,2026-08-19,67.0999984741211,69.8550033569336,66.4800033569336,68.55999755859375,68.55999755859375,877000,USD,NYQ,America/New_York,Yahoo Finance
MC,2026-08-20,69.3499984741211,69.3499984741211,66.05999755859375,66.87000274658203,66.87000274658203,702700,USD,NYQ,America/New_York,Yahoo Finance
MC,2026-08-21,67.54000091552734,68.94999694824219,66.82499694824219,68.29000091552734,68.29000091552734,730100,USD,NYQ,America/New_York,Yahoo Finance
MC,2026-08-24,68.47000122070312,69.22000122070312,67.7300033569336,68.5,68.5,557900,USD,NYQ,America/New_York,Yahoo Finance
MC,2026-08-25,69.41000366210938,69.41000366210938,66.55999755859375,68.01000213623047,68.01000213623047,882700,USD,NYQ,America/New_York,Yahoo Finance
MC,2026-08-26,67.91000366210938,68.30000305175781,66.66999816894531,67.20999908447266,67.20999908447266,586700,USD,NYQ,America/New_York,Yahoo Finance
MC,2026-08-27,68.13999938964844,69.12999725341797,67.0199966430664,68.62999725341797,68.62999725341797,760300,USD,NYQ,America/New_York,Yahoo Finance
MC,2026-08-28,68.66999816894531,69.3949966430664,68.16000366210938,68.4000015258789,68.4000015258789,475900,USD,NYQ,America/New_York,Yahoo Finance
MC,2026-08-31,67.77999877929688,68.26000213623047,67.33999633789062,68.06999969482422,68.06999969482422,465800,USD,NYQ,America/New_York,Yahoo Finance
MC,2026-09-01,68.1500015258789,69.45999908447266,65.61900329589844,66.76000213623047,66.76000213623047,738500,USD,NYQ,America/New_York,Yahoo Finance
MC,2026-09-02,66.66999816894531,68.94499969482422,66.61000061035156,67.5199966430664,67.5199966430664,586600,USD,NYQ,America/New_York,Yahoo Finance
MC,2026-09-03,67.31999969482422,70.19499969482422,67.31999969482422,69.13999938964844,69.13999938964844,463000,USD,NYQ,America/New_York,Yahoo Finance
MC,2026-09-04,68.69999694824219,69.26499938964844,67.81500244140625,69.0199966430664,69.0199966430664,398400,USD,NYQ,America/New_York,Yahoo Finance
MC,2026-09-08,68.55000305175781,69.94499969482422,67.97000122070312,68.7699966430664,68.7699966430664,489700,USD,NYQ,America/New_York,Yahoo Finance
MC,2026-09-09,69.3499984741211,69.3499984741211,65.33000183105469,65.38999938964844,65.38999938964844,1199300,USD,NYQ,America/New_York,Yahoo Finance
MC,2026-09-10,64.94000244140625,66.00499725341797,64.16500091552734,64.25,64.25,1336100,USD,NYQ,America/New_York,Yahoo Finance
MC,2026-09-11,65.37999725341797,65.58899688720703,63.5,64.02999877929688,64.02999877929688,1134300,USD,NYQ,America/New_York,Yahoo Finance
MC,2026-09-14,63.310001373291016,64.23999786376953,62.099998474121094,62.709999084472656,62.709999084472656,588200,USD,NYQ,America/New_York,Yahoo Finance
MC,2026-09-15,62.06999969482422,62.19499969482422,60.459999084472656,60.93000030517578,60.93000030517578,880000,USD,NYQ,America/New_York,Yahoo Finance
MC,2026-09-16,60.900001525878906,61.29999923706055,57.70000076293945,58.9900016784668,58.9900016784668,928600,USD,NYQ,America/New_York,Yahoo Finance
MC,2026-09-17,60.369998931884766,60.369998931884766,59.099998474121094,59.529998779296875,59.529998779296875,763200,USD,NYQ,America/New_York,Yahoo Finance
MC,2026-09-18,59.81999969482422,59.81999969482422,58.220001220703125,59.72999954223633,59.72999954223633,1809400,USD,NYQ,America/New_York,Yahoo Finance
MC,2026-09-21,60.7400016784668,60.98500061035156,59.11000061035156,60.560001373291016,60.560001373291016,677300,USD,NYQ,America/New_York,Yahoo Finance
MC,2026-09-22,61.099998474121094,61.099998474121094,58.25,58.880001068115234,58.880001068115234,1088100,USD,NYQ,America/New_York,Yahoo Finance
MC,2026-09-23,58.0,59.27000045776367,57.72999954223633,58.18000030517578,58.18000030517578,559800,USD,NYQ,America/New_York,Yahoo Finance
MC,2026-09-24,57.79999923706055,58.79999923706055,56.43000030517578,57.619998931884766,57.619998931884766,657300,USD,NYQ,America/New_York,Yahoo Finance
MC,2026-09-25,57.81999969482422,58.939998626708984,57.78499984741211,58.7400016784668,58.7400016784668,520100,USD,NYQ,America/New_York,Yahoo Finance
MC,2026-09-28,58.310001373291016,58.650001525878906,56.685001373291016,58.099998474121094,58.099998474121094,729300,USD,NYQ,America/New_York,Yahoo Finance
MCRI,2026-08-17,123.68000030517578,124.41000366210938,122.55000305175781,123.6500015258789,123.34203338623047,112000,USD,NMS,America/New_York,Yahoo Finance
MCRI,2026-08-18,124.2300033569336,125.5,123.0,123.2699966430664,122.96297454833984,118800,USD,NMS,America/New_York,Yahoo Finance
MCRI,2026-08-19,123.5999984741211,124.95999908447266,123.45999908447266,124.80999755859375,124.49913787841797,87900,USD,NMS,America/New_York,Yahoo Finance
MCRI,2026-08-20,123.87999725341797,125.9800033569336,123.68000030517578,125.6500015258789,125.33705139160156,137500,USD,NMS,America/New_York,Yahoo Finance
MCRI,2026-08-21,126.37999725341797,126.52999877929688,124.05999755859375,126.08999633789062,125.77595520019531,142900,USD,NMS,America/New_York,Yahoo Finance
MCRI,2026-08-24,125.9800033569336,127.08000183105469,124.12000274658203,124.27999877929688,123.970458984375,119800,USD,NMS,America/New_York,Yahoo Finance
MCRI,2026-08-25,125.05000305175781,125.05000305175781,123.12999725341797,123.70999908447266,123.4018783569336,133000,USD,NMS,America/New_York,Yahoo Finance
MCRI,2026-08-26,123.23999786376953,124.58999633789062,122.4000015258789,124.22000122070312,123.91061401367188,133300,USD,NMS,America/New_York,Yahoo Finance
MCRI,2026-08-27,123.41999816894531,124.16000366210938,121.95999908447266,123.62000274658203,123.3121109008789,214800,USD,NMS,America/New_York,Yahoo Finance
MCRI,2026-08-28,124.30999755859375,124.5,122.4800033569336,122.56999969482422,122.26472473144531,174200,USD,NMS,America/New_York,Yahoo Finance
MCRI,2026-08-31,122.73999786376953,122.73999786376953,119.83999633789062,120.44999694824219,120.1500015258789,177800,USD,NMS,America/New_York,Yahoo Finance
MCRI,2026-09-01,119.58999633789062,119.58999633789062,115.7300033569336,117.52999877929688,117.52999877929688,214200,USD,NMS,America/New_York,Yahoo Finance
MCRI,2026-09-02,118.48999786376953,120.01000213623047,118.19000244140625,118.56999969482422,118.56999969482422,151400,USD,NMS,America/New_York,Yahoo Finance
MCRI,2026-09-03,119.3499984741211,121.9800033569336,118.26000213623047,120.58999633789062,120.58999633789062,144000,USD,NMS,America/New_York,Yahoo Finance
MCRI,2026-09-04,119.94999694824219,121.6500015258789,119.43000030517578,121.5199966430664,121.5199966430664,115200,USD,NMS,America/New_York,Yahoo Finance
MCRI,2026-09-08,120.7699966430664,120.9000015258789,118.83999633789062,119.27999877929688,119.27999877929688,138100,USD,NMS,America/New_York,Yahoo Finance
MCRI,2026-09-09,119.98999786376953,121.58999633789062,118.5999984741211,120.94999694824219,120.94999694824219,153000,USD,NMS,America/New_York,Yahoo Finance
MCRI,2026-09-10,120.73999786376953,121.97000122070312,119.18000030517578,119.61000061035156,119.61000061035156,156300,USD,NMS,America/New_York,Yahoo Finance
MCRI,2026-09-11,120.63999938964844,122.33000183105469,120.16000366210938,121.88999938964844,121.88999938964844,141100,USD,NMS,America/New_York,Yahoo Finance
MCRI,2026-09-14,122.58000183105469,123.3499984741211,121.76000213623047,122.77999877929688,122.77999877929688,198100,USD,NMS,America/New_York,Yahoo Finance
MCRI,2026-09-15,121.94000244140625,123.5,121.72000122070312,121.91999816894531,121.91999816894531,269100,USD,NMS,America/New_York,Yahoo Finance
MCRI,2026-09-16,122.38999938964844,124.70999908447266,121.61000061035156,123.43000030517578,123.43000030517578,146300,USD,NMS,America/New_York,Yahoo Finance
MCRI,2026-09-17,124.01000213623047,126.30000305175781,121.95999908447266,122.61000061035156,122.61000061035156,229400,USD,NMS,America/New_York,Yahoo Finance
MCRI,2026-09-18,121.91999816894531,122.02999877929688,119.9000015258789,121.47000122070312,121.47000122070312,681700,USD,NMS,America/New_York,Yahoo Finance
MCRI,2026-09-21,121.27999877929688,122.13999938964844,119.51000213623047,119.86000061035156,119.86000061035156,143400,USD,NMS,America/New_York,Yahoo Finance
MCRI,2026-09-22,120.04000091552734,122.6500015258789,116.94999694824219,117.23999786376953,117.23999786376953,198300,USD,NMS,America/New_York,Yahoo Finance
MCRI,2026-09-23,117.30999755859375,117.79000091552734,116.0199966430664,117.56999969482422,117.56999969482422,198500,USD,NMS,America/New_York,Yahoo Finance
MCRI,2026-09-24,117.47000122070312,118.19000244140625,115.31999969482422,118.05000305175781,118.05000305175781,125100,USD,NMS,America/New_York,Yahoo Finance
MCRI,2026-09-25,118.66000366210938,118.94000244140625,115.8499984741211,117.73999786376953,117.73999786376953,180200,USD,NMS,America/New_York,Yahoo Finance
MCRI,2026-09-28,117.73999786376953,118.9000015258789,116.87999725341797,117.26000213623047,117.26000213623047,157200,USD,NMS,America/New_York,Yahoo Finance
MD,2026-08-17,26.389999389648438,26.639999389648438,25.8700008392334,26.34000015258789,26.34000015258789,613100,USD,NYQ,America/New_York,Yahoo Finance
MD,2026-08-18,26.540000915527344,27.139999389648438,26.450000762939453,26.559999465942383,26.559999465942383,943200,USD,NYQ,America/New_York,Yahoo Finance
MD,2026-08-19,26.149999618530273,26.440000534057617,25.149999618530273,26.219999313354492,26.219999313354492,1354100,USD,NYQ,America/New_York,Yahoo Finance
MD,2026-08-20,26.450000762939453,27.0,26.059999465942383,26.219999313354492,26.219999313354492,869700,USD,NYQ,America/New_York,Yahoo Finance
MD,2026-08-21,26.200000762939453,26.68000030517578,26.0,26.56999969482422,26.56999969482422,956100,USD,NYQ,America/New_York,Yahoo Finance
MD,2026-08-24,26.65999984741211,26.989999771118164,26.360000610351562,26.600000381469727,26.600000381469727,681700,USD,NYQ,America/New_York,Yahoo Finance
MD,2026-08-25,27.100000381469727,27.100000381469727,26.559999465942383,26.989999771118164,26.989999771118164,507700,USD,NYQ,America/New_York,Yahoo Finance
MD,2026-08-26,26.93000030517578,27.260000228881836,26.700000762939453,26.950000762939453,26.950000762939453,528200,USD,NYQ,America/New_York,Yahoo Finance
MD,2026-08-27,26.790000915527344,26.920000076293945,26.6299991607666,26.799999237060547,26.799999237060547,544500,USD,NYQ,America/New_York,Yahoo Finance
MD,2026-08-28,26.920000076293945,27.059999465942383,26.40999984741211,26.610000610351562,26.610000610351562,706800,USD,NYQ,America/New_York,Yahoo Finance
MD,2026-08-31,25.329999923706055,26.540000915527344,25.329999923706055,26.229999542236328,26.229999542236328,682400,USD,NYQ,America/New_York,Yahoo Finance
MD,2026-09-01,26.290000915527344,26.850000381469727,26.06999969482422,26.469999313354492,26.469999313354492,715400,USD,NYQ,America/New_York,Yahoo Finance
MD,2026-09-02,26.56999969482422,27.280000686645508,26.56999969482422,26.860000610351562,26.860000610351562,823700,USD,NYQ,America/New_York,Yahoo Finance
MD,2026-09-03,27.0,27.239999771118164,26.6299991607666,26.8799991607666,26.8799991607666,609900,USD,NYQ,America/New_York,Yahoo Finance
MD,2026-09-04,26.649999618530273,27.06999969482422,26.649999618530273,27.030000686645508,27.030000686645508,532900,USD,NYQ,America/New_York,Yahoo Finance
MD,2026-09-08,26.6200008392334,27.040000915527344,26.280000686645508,26.940000534057617,26.940000534057617,638900,USD,NYQ,America/New_York,Yahoo Finance
MD,2026-09-09,26.780000686645508,27.139999389648438,26.200000762939453,27.09000015258789,27.09000015258789,713700,USD,NYQ,America/New_York,Yahoo Finance
MD,2026-09-10,27.059999465942383,27.559999465942383,26.600000381469727,26.729999542236328,26.729999542236328,740600,USD,NYQ,America/New_York,Yahoo Finance
MD,2026-09-11,27.110000610351562,27.219999313354492,26.639999389648438,26.770000457763672,26.770000457763672,516900,USD,NYQ,America/New_York,Yahoo Finance
MD,2026-09-14,26.979999542236328,27.329999923706055,26.049999237060547,26.90999984741211,26.90999984741211,753700,USD,NYQ,America/New_York,Yahoo Finance
MD,2026-09-15,26.610000610351562,27.219999313354492,26.200000762939453,26.690000534057617,26.690000534057617,804400,USD,NYQ,America/New_York,Yahoo Finance
MD,2026-09-16,26.940000534057617,27.219999313354492,26.059999465942383,26.1299991607666,26.1299991607666,629200,USD,NYQ,America/New_York,Yahoo Finance
MD,2026-09-17,26.360000610351562,26.469999313354492,25.489999771118164,25.489999771118164,25.489999771118164,856600,USD,NYQ,America/New_York,Yahoo Finance
MD,2026-09-18,25.5,25.969999313354492,25.18000030517578,25.93000030517578,25.93000030517578,2057000,USD,NYQ,America/New_York,Yahoo Finance
MD,2026-09-21,26.059999465942383,26.059999465942383,25.299999237060547,25.770000457763672,25.770000457763672,506800,USD,NYQ,America/New_York,Yahoo Finance
MD,2026-09-22,25.610000610351562,26.489999771118164,25.610000610351562,26.350000381469727,26.350000381469727,818000,USD,NYQ,America/New_York,Yahoo Finance
MD,2026-09-23,26.229999542236328,26.399999618530273,25.790000915527344,25.860000610351562,25.860000610351562,454000,USD,NYQ,America/New_York,Yahoo Finance
MD,2026-09-24,26.25,26.25,25.549999237060547,25.65999984741211,25.65999984741211,732600,USD,NYQ,America/New_York,Yahoo Finance
MD,2026-09-25,25.65999984741211,26.34000015258789,25.65999984741211,26.309999465942383,26.309999465942383,386000,USD,NYQ,America/New_York,Yahoo Finance
MD,2026-09-28,26.229999542236328,26.81999969482422,25.850000381469727,25.93000030517578,25.93000030517578,629300,USD,NYQ,America/New_York,Yahoo Finance
MDA,2026-08-17,35.400001525878906,36.75,35.130001068115234,35.2599983215332,35.2599983215332,537600,USD,NYQ,America/New_York,Yahoo Finance
MDA,2026-08-18,34.84000015258789,34.97999954223633,33.65999984741211,34.0099983215332,34.0099983215332,720900,USD,NYQ,America/New_York,Yahoo Finance
MDA,2026-08-19,34.310001373291016,34.7599983215332,32.20000076293945,32.43000030517578,32.43000030517578,1429600,USD,NYQ,America/New_York,Yahoo Finance
MDA,2026-08-20,32.310001373291016,32.599998474121094,31.1299991607666,31.25,31.25,957800,USD,NYQ,America/New_York,Yahoo Finance
MDA,2026-08-21,31.719999313354492,32.0099983215332,30.860000610351562,30.920000076293945,30.920000076293945,1079000,USD,NYQ,America/New_York,Yahoo Finance
MDA,2026-08-24,30.68000030517578,30.68000030517578,29.549999237060547,29.690000534057617,29.690000534057617,1163200,USD,NYQ,America/New_York,Yahoo Finance
MDA,2026-08-25,30.600000381469727,30.600000381469727,29.149999618530273,29.459999084472656,29.459999084472656,2782700,USD,NYQ,America/New_York,Yahoo Finance
MDA,2026-08-26,29.59000015258789,30.579999923706055,29.329999923706055,29.579999923706055,29.579999923706055,645400,USD,NYQ,America/New_York,Yahoo Finance
MDA,2026-08-27,30.010000228881836,30.450000762939453,29.670000076293945,30.360000610351562,30.360000610351562,631900,USD,NYQ,America/New_York,Yahoo Finance
MDA,2026-08-28,30.299999237060547,30.5,28.75,28.8799991607666,28.8799991607666,948900,USD,NYQ,America/New_York,Yahoo Finance
MDA,2026-08-31,28.84000015258789,29.030000686645508,28.6200008392334,28.889999389648438,28.889999389648438,1583500,USD,NYQ,America/New_York,Yahoo Finance
MDA,2026-09-01,28.3700008392334,28.809999465942383,28.040000915527344,28.3700008392334,28.3700008392334,1461000,USD,NYQ,America/New_York,Yahoo Finance
MDA,2026-09-02,28.5,28.65999984741211,27.56999969482422,28.020000457763672,28.020000457763672,1311300,USD,NYQ,America/New_York,Yahoo Finance
MDA,2026-09-03,28.34000015258789,29.229999542236328,28.139999389648438,29.059999465942383,29.059999465942383,1318600,USD,NYQ,America/New_York,Yahoo Finance
MDA,2026-09-04,29.299999237060547,29.799999237060547,28.8799991607666,29.520000457763672,29.520000457763672,1039000,USD,NYQ,America/New_York,Yahoo Finance
MDA,2026-09-08,29.68000030517578,30.389999389648438,29.389999389648438,30.139999389648438,30.139999389648438,1809900,USD,NYQ,America/New_York,Yahoo Finance
MDA,2026-09-09,29.969999313354492,30.540000915527344,28.700000762939453,28.809999465942383,28.809999465942383,1150500,USD,NYQ,America/New_York,Yahoo Finance
MDA,2026-09-10,28.75,30.360000610351562,28.670000076293945,28.8799991607666,28.8799991607666,2071500,USD,NYQ,America/New_York,Yahoo Finance
MDA,2026-09-11,29.1299991607666,29.219999313354492,28.260000228881836,28.969999313354492,28.969999313354492,1262600,USD,NYQ,America/New_York,Yahoo Finance
MDA,2026-09-14,28.34000015258789,29.1299991607666,28.190000534057617,28.850000381469727,28.850000381469727,662200,USD,NYQ,America/New_York,Yahoo Finance
MDA,2026-09-15,28.90999984741211,29.899999618530273,28.600000381469727,28.950000762939453,28.950000762939453,751100,USD,NYQ,America/New_York,Yahoo Finance
MDA,2026-09-16,29.329999923706055,30.0,28.719999313354492,29.09000015258789,29.09000015258789,1224000,USD,NYQ,America/New_York,Yahoo Finance
MDA,2026-09-17,30.06999969482422,30.799999237060547,29.950000762939453,30.40999984741211,30.40999984741211,922500,USD,NYQ,America/New_York,Yahoo Finance
MDA,2026-09-18,30.459999084472656,30.670000076293945,29.149999618530273,30.06999969482422,30.06999969482422,1588600,USD,NYQ,America/New_York,Yahoo Finance
MDA,2026-09-21,31.010000228881836,32.279998779296875,30.93000030517578,31.790000915527344,31.790000915527344,1658900,USD,NYQ,America/New_York,Yahoo Finance
MDA,2026-09-22,32.06999969482422,32.29999923706055,31.049999237060547,31.329999923706055,31.329999923706055,1707300,USD,NYQ,America/New_York,Yahoo Finance
MDA,2026-09-23,31.510000228881836,31.889999389648438,31.0,31.59000015258789,31.59000015258789,1045600,USD,NYQ,America/New_York,Yahoo Finance
MDA,2026-09-24,31.100000381469727,32.15999984741211,30.719999313354492,31.479999542236328,31.479999542236328,982100,USD,NYQ,America/New_York,Yahoo Finance
MDA,2026-09-25,31.5,32.22999954223633,31.170000076293945,31.489999771118164,31.489999771118164,1491700,USD,NYQ,America/New_York,Yahoo Finance
MDA,2026-09-28,30.979999542236328,31.850000381469727,30.809999465942383,31.049999237060547,31.049999237060547,1214400,USD,NYQ,America/New_York,Yahoo Finance
MHO,2026-08-17,151.08999633789062,151.67999267578125,149.77000427246094,151.1999969482422,151.1999969482422,174300,USD,NYQ,America/New_York,Yahoo Finance
MHO,2026-08-18,152.6300048828125,152.6300048828125,148.47999572753906,148.5399932861328,148.5399932861328,155000,USD,NYQ,America/New_York,Yahoo Finance
MHO,2026-08-19,152.91000366210938,155.83999633789062,152.91000366210938,154.60000610351562,154.60000610351562,274700,USD,NYQ,America/New_York,Yahoo Finance
MHO,2026-08-20,150.77999877929688,151.16000366210938,148.64999389648438,149.9499969482422,149.9499969482422,144500,USD,NYQ,America/New_York,Yahoo Finance
MHO,2026-08-21,150.8300018310547,154.02999877929688,149.19000244140625,152.3699951171875,152.3699951171875,193600,USD,NYQ,America/New_York,Yahoo Finance
MHO,2026-08-24,153.22000122070312,156.02000427246094,151.9499969482422,152.0399932861328,152.0399932861328,139100,USD,NYQ,America/New_York,Yahoo Finance
MHO,2026-08-25,152.08999633789062,155.3000030517578,151.0500030517578,154.2100067138672,154.2100067138672,238600,USD,NYQ,America/New_York,Yahoo Finance
MHO,2026-08-26,154.47000122070312,154.99000549316406,151.8000030517578,152.2899932861328,152.2899932861328,207000,USD,NYQ,America/New_York,Yahoo Finance
MHO,2026-08-27,150.69000244140625,152.50999450683594,149.8699951171875,150.9600067138672,150.9600067138672,185200,USD,NYQ,America/New_York,Yahoo Finance
MHO,2026-08-28,152.27999877929688,153.74000549316406,150.25999450683594,151.39999389648438,151.39999389648438,152800,USD,NYQ,America/New_York,Yahoo Finance
MHO,2026-08-31,149.10000610351562,150.44000244140625,148.6699981689453,148.80999755859375,148.80999755859375,153300,USD,NYQ,America/New_York,Yahoo Finance
MHO,2026-09-01,147.77999877929688,149.11000061035156,145.74000549316406,146.02999877929688,146.02999877929688,266500,USD,NYQ,America/New_York,Yahoo Finance
MHO,2026-09-02,147.50999450683594,148.82000732421875,146.3300018310547,146.8000030517578,146.8000030517578,254700,USD,NYQ,America/New_York,Yahoo Finance
MHO,2026-09-03,148.83999633789062,149.4600067138672,146.2100067138672,147.47999572753906,147.47999572753906,205800,USD,NYQ,America/New_York,Yahoo Finance
MHO,2026-09-04,147.6999969482422,148.97000122070312,146.1199951171875,148.25999450683594,148.25999450683594,118300,USD,NYQ,America/New_York,Yahoo Finance
MHO,2026-09-08,146.3300018310547,146.42999267578125,143.1199951171875,143.2899932861328,143.2899932861328,232400,USD,NYQ,America/New_York,Yahoo Finance
MHO,2026-09-09,142.77000427246094,144.49000549316406,139.94000244140625,142.1699981689453,142.1699981689453,185900,USD,NYQ,America/New_York,Yahoo Finance
MHO,2026-09-10,141.0,141.0,137.4600067138672,139.10000610351562,139.10000610351562,272000,USD,NYQ,America/New_York,Yahoo Finance
MHO,2026-09-11,141.3699951171875,143.13999938964844,138.0,139.88999938964844,139.88999938964844,191000,USD,NYQ,America/New_York,Yahoo Finance
MHO,2026-09-14,139.02000427246094,141.5800018310547,138.02000427246094,140.61000061035156,140.61000061035156,176600,USD,NYQ,America/New_York,Yahoo Finance
MHO,2026-09-15,140.13999938964844,142.92999267578125,138.64999389648438,142.3300018310547,142.3300018310547,235500,USD,NYQ,America/New_York,Yahoo Finance
MHO,2026-09-16,142.5500030517578,144.3000030517578,139.49000549316406,140.47999572753906,140.47999572753906,147000,USD,NYQ,America/New_York,Yahoo Finance
MHO,2026-09-17,143.0500030517578,143.0500030517578,140.8800048828125,141.16000366210938,141.16000366210938,165300,USD,NYQ,America/New_York,Yahoo Finance
MHO,2026-09-18,139.83999633789062,141.25,138.3000030517578,138.83999633789062,138.83999633789062,437100,USD,NYQ,America/New_York,Yahoo Finance
MHO,2026-09-21,139.88999938964844,141.88999938964844,139.7899932861328,140.33999633789062,140.33999633789062,170700,USD,NYQ,America/New_York,Yahoo Finance
MHO,2026-09-22,143.44000244140625,144.0,141.72999572753906,142.6699981689453,142.6699981689453,226400,USD,NYQ,America/New_York,Yahoo Finance
MHO,2026-09-23,140.75999450683594,141.47999572753906,137.50999450683594,137.77000427246094,137.77000427246094,168400,USD,NYQ,America/New_York,Yahoo Finance
MHO,2026-09-24,138.24000549316406,138.69000244140625,136.72999572753906,137.75999450683594,137.75999450683594,282400,USD,NYQ,America/New_York,Yahoo Finance
MHO,2026-09-25,138.4600067138672,140.22000122070312,137.36000061035156,138.75,138.75,156000,USD,NYQ,America/New_York,Yahoo Finance
MHO,2026-09-28,137.33999633789062,140.0,137.2899932861328,137.39999389648438,137.39999389648438,190200,USD,NYQ,America/New_York,Yahoo Finance
MTW,2026-08-17,20.979999542236328,20.979999542236328,19.989999771118164,20.190000534057617,20.190000534057617,366600,USD,NYQ,America/New_York,Yahoo Finance
MTW,2026-08-18,20.0,20.010000228881836,19.15999984741211,19.299999237060547,19.299999237060547,374600,USD,NYQ,America/New_York,Yahoo Finance
MTW,2026-08-19,19.299999237060547,19.329999923706055,18.940000534057617,19.18000030517578,19.18000030517578,366900,USD,NYQ,America/New_York,Yahoo Finance
MTW,2026-08-20,19.350000381469727,19.350000381469727,18.56999969482422,19.09000015258789,19.09000015258789,386400,USD,NYQ,America/New_York,Yahoo Finance
MTW,2026-08-21,19.31999969482422,19.93000030517578,19.200000762939453,19.68000030517578,19.68000030517578,514700,USD,NYQ,America/New_York,Yahoo Finance
MTW,2026-08-24,19.850000381469727,20.190000534057617,19.65999984741211,19.68000030517578,19.68000030517578,331700,USD,NYQ,America/New_York,Yahoo Finance
MTW,2026-08-25,20.010000228881836,20.139999389648438,19.06999969482422,19.479999542236328,19.479999542236328,301200,USD,NYQ,America/New_York,Yahoo Finance
MTW,2026-08-26,19.549999237060547,19.899999618530273,19.209999084472656,19.450000762939453,19.450000762939453,445700,USD,NYQ,America/New_York,Yahoo Finance
MTW,2026-08-27,19.329999923706055,19.5,18.829999923706055,19.010000228881836,19.010000228881836,293300,USD,NYQ,America/New_York,Yahoo Finance
MTW,2026-08-28,19.139999389648438,19.600000381469727,18.860000610351562,19.59000015258789,19.59000015258789,324900,USD,NYQ,America/New_York,Yahoo Finance
MTW,2026-08-31,19.610000610351562,19.670000076293945,19.229999542236328,19.420000076293945,19.420000076293945,359300,USD,NYQ,America/New_York,Yahoo Finance
MTW,2026-09-01,19.110000610351562,19.219999313354492,18.729999542236328,18.959999084472656,18.959999084472656,378300,USD,NYQ,America/New_York,Yahoo Finance
MTW,2026-09-02,19.049999237060547,20.309999465942383,19.049999237060547,20.219999313354492,20.219999313354492,332200,USD,NYQ,America/New_York,Yahoo Finance
MTW,2026-09-03,20.670000076293945,20.75,19.68000030517578,20.450000762939453,20.450000762939453,364600,USD,NYQ,America/New_York,Yahoo Finance
MTW,2026-09-04,20.5,21.5,20.5,21.40999984741211,21.40999984741211,328800,USD,NYQ,America/New_York,Yahoo Finance
MTW,2026-09-08,20.799999237060547,21.43000030517578,20.799999237060547,20.989999771118164,20.989999771118164,345400,USD,NYQ,America/New_York,Yahoo Finance
MTW,2026-09-09,20.969999313354492,21.049999237060547,20.270000457763672,21.0,21.0,385700,USD,NYQ,America/New_York,Yahoo Finance
MTW,2026-09-10,20.670000076293945,20.739999771118164,20.0,20.559999465942383,20.559999465942383,453800,USD,NYQ,America/New_York,Yahoo Finance
MTW,2026-09-11,21.059999465942383,21.059999465942383,20.639999389648438,20.780000686645508,20.780000686645508,508600,USD,NYQ,America/New_York,Yahoo Finance
MTW,2026-09-14,20.25,20.489999771118164,19.6299991607666,20.18000030517578,20.18000030517578,361600,USD,NYQ,America/New_York,Yahoo Finance
MTW,2026-09-15,20.25,20.649999618530273,19.90999984741211,20.559999465942383,20.559999465942383,434700,USD,NYQ,America/New_York,Yahoo Finance
MTW,2026-09-16,20.739999771118164,20.940000534057617,20.290000915527344,20.8799991607666,20.8799991607666,324200,USD,NYQ,America/New_York,Yahoo Finance
MTW,2026-09-17,21.450000762939453,22.0,21.18000030517578,21.850000381469727,21.850000381469727,410700,USD,NYQ,America/New_York,Yahoo Finance
MTW,2026-09-18,21.75,22.3799991607666,21.469999313354492,22.350000381469727,22.350000381469727,783100,USD,NYQ,America/New_York,Yahoo Finance
MTW,2026-09-21,22.559999465942383,23.0,22.280000686645508,22.760000228881836,22.760000228881836,560300,USD,NYQ,America/New_York,Yahoo Finance
MTW,2026-09-22,22.989999771118164,23.170000076293945,22.450000762939453,22.610000610351562,22.610000610351562,407700,USD,NYQ,America/New_York,Yahoo Finance
MTW,2026-09-23,22.290000915527344,22.489999771118164,21.549999237060547,22.479999542236328,22.479999542236328,394500,USD,NYQ,America/New_York,Yahoo Finance
MTW,2026-09-24,22.200000762939453,22.440000534057617,21.190000534057617,21.43000030517578,21.43000030517578,523400,USD,NYQ,America/New_York,Yahoo Finance
MTW,2026-09-25,21.56999969482422,22.309999465942383,21.34000015258789,22.139999389648438,22.139999389648438,305800,USD,NYQ,America/New_York,Yahoo Finance
MTW,2026-09-28,21.940000534057617,22.280000686645508,21.3799991607666,22.170000076293945,22.170000076293945,441600,USD,NYQ,America/New_York,Yahoo Finance
MTX,2026-08-17,73.63999938964844,73.63999938964844,72.19999694824219,72.37000274658203,72.37000274658203,115300,USD,NYQ,America/New_York,Yahoo Finance
MTX,2026-08-18,72.55999755859375,73.19999694824219,71.1500015258789,71.72000122070312,71.72000122070312,199800,USD,NYQ,America/New_York,Yahoo Finance
MTX,2026-08-19,72.6500015258789,73.41999816894531,71.2300033569336,71.45999908447266,71.45999908447266,197900,USD,NYQ,America/New_York,Yahoo Finance
MTX,2026-08-20,70.48999786376953,71.2300033569336,70.0199966430664,70.45999908447266,70.45999908447266,106700,USD,NYQ,America/New_York,Yahoo Finance
MTX,2026-08-21,70.93000030517578,71.81999969482422,70.66000366210938,71.11000061035156,71.11000061035156,165900,USD,NYQ,America/New_York,Yahoo Finance
MTX,2026-08-24,71.62000274658203,72.20999908447266,70.87000274658203,71.93000030517578,71.93000030517578,177900,USD,NYQ,America/New_York,Yahoo Finance
MTX,2026-08-25,72.47000122070312,72.47000122070312,71.2300033569336,71.80000305175781,71.80000305175781,177700,USD,NYQ,America/New_York,Yahoo Finance
MTX,2026-08-26,72.27999877929688,73.43000030517578,71.80000305175781,72.06999969482422,72.06999969482422,156300,USD,NYQ,America/New_York,Yahoo Finance
MTX,2026-08-27,71.70999908447266,72.47000122070312,70.58999633789062,72.29000091552734,72.29000091552734,135300,USD,NYQ,America/New_York,Yahoo Finance
MTX,2026-08-28,72.68000030517578,72.94999694824219,71.63999938964844,72.08000183105469,72.08000183105469,139700,USD,NYQ,America/New_York,Yahoo Finance
MTX,2026-08-31,72.44999694824219,72.44999694824219,70.51000213623047,70.91999816894531,70.91999816894531,176000,USD,NYQ,America/New_York,Yahoo Finance
MTX,2026-09-01,70.69000244140625,71.62000274658203,70.2300033569336,70.76000213623047,70.76000213623047,231400,USD,NYQ,America/New_York,Yahoo Finance
MTX,2026-09-02,71.22000122070312,72.55999755859375,70.73999786376953,70.97000122070312,70.97000122070312,200200,USD,NYQ,America/New_York,Yahoo Finance
MTX,2026-09-03,71.80999755859375,72.19999694824219,69.88999938964844,70.8499984741211,70.8499984741211,190100,USD,NYQ,America/New_York,Yahoo Finance
MTX,2026-09-04,70.22000122070312,72.19000244140625,70.0199966430664,71.76000213623047,71.76000213623047,146400,USD,NYQ,America/New_York,Yahoo Finance
MTX,2026-09-08,71.43000030517578,72.31999969482422,70.0199966430664,70.5199966430664,70.5199966430664,190100,USD,NYQ,America/New_York,Yahoo Finance
MTX,2026-09-09,69.91000366210938,70.9800033569336,69.0199966430664,69.22000122070312,69.22000122070312,244500,USD,NYQ,America/New_York,Yahoo Finance
MTX,2026-09-10,68.95999908447266,69.58999633789062,68.25,69.41999816894531,69.41999816894531,166300,USD,NYQ,America/New_York,Yahoo Finance
MTX,2026-09-11,70.13999938964844,70.94000244140625,68.69999694824219,68.80999755859375,68.80999755859375,160100,USD,NYQ,America/New_York,Yahoo Finance
MTX,2026-09-14,68.87999725341797,68.87999725341797,67.52999877929688,67.83000183105469,67.83000183105469,154200,USD,NYQ,America/New_York,Yahoo Finance
MTX,2026-09-15,68.1500015258789,68.33000183105469,67.33000183105469,67.86000061035156,67.86000061035156,198800,USD,NYQ,America/New_York,Yahoo Finance
MTX,2026-09-16,68.22000122070312,69.38999938964844,67.9800033569336,68.91999816894531,68.91999816894531,179300,USD,NYQ,America/New_York,Yahoo Finance
MTX,2026-09-17,69.91000366210938,71.6500015258789,68.56999969482422,68.62000274658203,68.62000274658203,162600,USD,NYQ,America/New_York,Yahoo Finance
MTX,2026-09-18,68.30000305175781,68.30000305175781,66.12999725341797,66.93000030517578,66.93000030517578,472600,USD,NYQ,America/New_York,Yahoo Finance
MTX,2026-09-21,67.41000366210938,67.41000366210938,66.05999755859375,66.66999816894531,66.66999816894531,216200,USD,NYQ,America/New_York,Yahoo Finance
MTX,2026-09-22,67.63999938964844,67.63999938964844,66.33000183105469,67.30999755859375,67.30999755859375,168200,USD,NYQ,America/New_York,Yahoo Finance
MTX,2026-09-23,66.80000305175781,67.4000015258789,66.5999984741211,66.87999725341797,66.87999725341797,155100,USD,NYQ,America/New_York,Yahoo Finance
MTX,2026-09-24,66.9000015258789,66.9000015258789,65.52999877929688,66.3499984741211,66.3499984741211,136400,USD,NYQ,America/New_York,Yahoo Finance
MTX,2026-09-25,66.81999969482422,67.43000030517578,66.41000366210938,66.9800033569336,66.9800033569336,120100,USD,NYQ,America/New_York,Yahoo Finance
MTX,2026-09-28,66.58000183105469,67.58999633789062,66.19000244140625,66.86000061035156,66.86000061035156,148000,USD,NYQ,America/New_York,Yahoo Finance
MUR,2026-08-17,34.310001373291016,34.90999984741211,33.90999984741211,34.81999969482422,34.81999969482422,2426800,USD,NYQ,America/New_York,Yahoo Finance
MUR,2026-08-18,35.650001525878906,35.75,34.81999969482422,35.18000030517578,35.18000030517578,1382600,USD,NYQ,America/New_York,Yahoo Finance
MUR,2026-08-19,35.58000183105469,36.900001525878906,35.529998779296875,36.869998931884766,36.869998931884766,2428800,USD,NYQ,America/New_York,Yahoo Finance
MUR,2026-08-20,37.43000030517578,38.65999984741211,37.349998474121094,38.279998779296875,38.279998779296875,2469400,USD,NYQ,America/New_York,Yahoo Finance
MUR,2026-08-21,38.34000015258789,38.540000915527344,37.349998474121094,37.40999984741211,37.40999984741211,1430200,USD,NYQ,America/New_York,Yahoo Finance
MUR,2026-08-24,37.119998931884766,37.400001525878906,35.58000183105469,36.0,36.0,1348700,USD,NYQ,America/New_York,Yahoo Finance
MUR,2026-08-25,35.0,35.529998779296875,34.599998474121094,34.619998931884766,34.619998931884766,1296300,USD,NYQ,America/New_York,Yahoo Finance
MUR,2026-08-26,34.099998474121094,35.16999816894531,33.790000915527344,34.689998626708984,34.689998626708984,890800,USD,NYQ,America/New_York,Yahoo Finance
MUR,2026-08-27,34.790000915527344,36.2400016784668,34.400001525878906,35.95000076293945,35.95000076293945,1445800,USD,NYQ,America/New_York,Yahoo Finance
MUR,2026-08-28,36.16999816894531,36.16999816894531,35.209999084472656,35.630001068115234,35.630001068115234,1122700,USD,NYQ,America/New_York,Yahoo Finance
MUR,2026-08-31,36.7599983215332,36.93000030517578,35.630001068115234,36.41999816894531,36.41999816894531,1547600,USD,NYQ,America/New_York,Yahoo Finance
MUR,2026-09-01,37.22999954223633,37.630001068115234,36.72999954223633,37.599998474121094,37.599998474121094,1241600,USD,NYQ,America/New_York,Yahoo Finance
MUR,2026-09-02,36.849998474121094,38.029998779296875,36.54999923706055,37.689998626708984,37.689998626708984,1391100,USD,NYQ,America/New_York,Yahoo Finance
MUR,2026-09-03,37.689998626708984,37.939998626708984,37.060001373291016,37.31999969482422,37.31999969482422,1178300,USD,NYQ,America/New_York,Yahoo Finance
MUR,2026-09-04,37.09000015258789,37.20000076293945,36.150001525878906,36.439998626708984,36.439998626708984,1514100,USD,NYQ,America/New_York,Yahoo Finance
MUR,2026-09-08,37.380001068115234,38.310001373291016,37.2400016784668,37.58000183105469,37.58000183105469,1554700,USD,NYQ,America/New_York,Yahoo Finance
MUR,2026-09-09,38.130001068115234,38.70000076293945,38.029998779296875,38.459999084472656,38.459999084472656,1579400,USD,NYQ,America/New_York,Yahoo Finance
MUR,2026-09-10,39.150001525878906,39.369998931884766,37.75,38.83000183105469,38.83000183105469,1990300,USD,NYQ,America/New_York,Yahoo Finance
MUR,2026-09-11,38.349998474121094,38.650001525878906,37.9900016784668,38.5,38.5,1471700,USD,NYQ,America/New_York,Yahoo Finance
MUR,2026-09-14,39.310001373291016,39.459999084472656,38.06999969482422,38.20000076293945,38.20000076293945,1569100,USD,NYQ,America/New_York,Yahoo Finance
MUR,2026-09-15,38.77000045776367,40.689998626708984,38.63999938964844,40.400001525878906,40.400001525878906,1866500,USD,NYQ,America/New_York,Yahoo Finance
MUR,2026-09-16,39.290000915527344,39.529998779296875,37.9900016784668,38.189998626708984,38.189998626708984,2132700,USD,NYQ,America/New_York,Yahoo Finance
MUR,2026-09-17,37.5,38.38999938964844,37.5,37.689998626708984,37.689998626708984,1205200,USD,NYQ,America/New_York,Yahoo Finance
MUR,2026-09-18,37.63999938964844,37.97999954223633,37.09000015258789,37.38999938964844,37.38999938964844,4272000,USD,NYQ,America/New_York,Yahoo Finance
MUR,2026-09-21,36.880001068115234,36.91999816894531,35.88999938964844,36.18000030517578,36.18000030517578,1412100,USD,NYQ,America/New_York,Yahoo Finance
MUR,2026-09-22,35.5099983215332,36.22999954223633,35.2599983215332,35.380001068115234,35.380001068115234,1224800,USD,NYQ,America/New_York,Yahoo Finance
MUR,2026-09-23,35.779998779296875,36.70000076293945,35.310001373291016,36.209999084472656,36.209999084472656,1191600,USD,NYQ,America/New_York,Yahoo Finance
MUR,2026-09-24,36.77000045776367,37.619998931884766,36.25,37.380001068115234,37.380001068115234,1789400,USD,NYQ,America/New_York,Yahoo Finance
MUR,2026-09-25,36.720001220703125,36.849998474121094,35.83000183105469,36.33000183105469,36.33000183105469,1572100,USD,NYQ,America/New_York,Yahoo Finance
MUR,2026-09-28,37.08000183105469,37.119998931884766,36.34000015258789,36.650001525878906,36.650001525878906,1501000,USD,NYQ,America/New_York,Yahoo Finance
MUSA,2026-08-17,569.97998046875,586.27001953125,569.97998046875,586.0599975585938,585.391357421875,211700,USD,NYQ,America/New_York,Yahoo Finance
MUSA,2026-08-18,593.22998046875,595.2899780273438,570.8200073242188,574.1199951171875,573.4649658203125,180000,USD,NYQ,America/New_York,Yahoo Finance
MUSA,2026-08-19,579.030029296875,582.9500122070312,567.260009765625,568.239990234375,567.5916748046875,225000,USD,NYQ,America/New_York,Yahoo Finance
MUSA,2026-08-20,574.030029296875,578.260009765625,567.47998046875,570.2000122070312,569.5494995117188,221400,USD,NYQ,America/New_York,Yahoo Finance
MUSA,2026-08-21,569.469970703125,575.9400024414062,562.0399780273438,569.719970703125,569.0700073242188,282800,USD,NYQ,America/New_York,Yahoo Finance
MUSA,2026-08-24,570.239990234375,577.2100219726562,564.3200073242188,567.9000244140625,567.9000244140625,189500,USD,NYQ,America/New_York,Yahoo Finance
MUSA,2026-08-25,567.97998046875,570.9299926757812,544.010009765625,544.3099975585938,544.3099975585938,249000,USD,NYQ,America/New_York,Yahoo Finance
MUSA,2026-08-26,539.969970703125,550.8599853515625,530.9600219726562,531.6400146484375,531.6400146484375,227800,USD,NYQ,America/New_York,Yahoo Finance
MUSA,2026-08-27,525.8900146484375,526.0399780273438,507.82000732421875,509.0799865722656,509.0799865722656,389200,USD,NYQ,America/New_York,Yahoo Finance
MUSA,2026-08-28,505.010009765625,509.04998779296875,501.1199951171875,503.19000244140625,503.19000244140625,274800,USD,NYQ,America/New_York,Yahoo Finance
MUSA,2026-08-31,510.739990234375,516.8900146484375,509.1300048828125,515.3900146484375,515.3900146484375,385800,USD,NYQ,America/New_York,Yahoo Finance
MUSA,2026-09-01,524.5499877929688,537.4099731445312,520.0,536.4500122070312,536.4500122070312,415700,USD,NYQ,America/New_York,Yahoo Finance
MUSA,2026-09-02,533.0800170898438,533.0800170898438,516.0900268554688,520.469970703125,520.469970703125,318800,USD,NYQ,America/New_York,Yahoo Finance
MUSA,2026-09-03,509.9800109863281,526.0900268554688,509.0,522.2999877929688,522.2999877929688,179700,USD,NYQ,America/New_York,Yahoo Finance
MUSA,2026-09-04,522.27001953125,525.22998046875,505.7799987792969,511.3299865722656,511.3299865722656,197800,USD,NYQ,America/New_York,Yahoo Finance
MUSA,2026-09-08,511.1499938964844,518.2999877929688,501.54998779296875,517.8099975585938,517.8099975585938,263700,USD,NYQ,America/New_York,Yahoo Finance
MUSA,2026-09-09,508.0,517.7999877929688,490.2900085449219,517.4600219726562,517.4600219726562,399800,USD,NYQ,America/New_York,Yahoo Finance
MUSA,2026-09-10,524.530029296875,530.239990234375,521.6699829101562,525.780029296875,525.780029296875,275900,USD,NYQ,America/New_York,Yahoo Finance
MUSA,2026-09-11,523.1799926757812,529.8900146484375,516.97998046875,523.5800170898438,523.5800170898438,167900,USD,NYQ,America/New_York,Yahoo Finance
MUSA,2026-09-14,530.0,536.9000244140625,524.5900268554688,527.1699829101562,527.1699829101562,281100,USD,NYQ,America/New_York,Yahoo Finance
MUSA,2026-09-15,534.6799926757812,534.6799926757812,521.4000244140625,526.3200073242188,526.3200073242188,287700,USD,NYQ,America/New_York,Yahoo Finance
MUSA,2026-09-16,523.4400024414062,529.72998046875,511.3699951171875,513.27001953125,513.27001953125,332700,USD,NYQ,America/New_York,Yahoo Finance
MUSA,2026-09-17,511.8999938964844,524.510009765625,508.9100036621094,522.8300170898438,522.8300170898438,231000,USD,NYQ,America/New_York,Yahoo Finance
MUSA,2026-09-18,525.0599975585938,529.7000122070312,518.489990234375,526.0900268554688,526.0900268554688,479100,USD,NYQ,America/New_York,Yahoo Finance
MUSA,2026-09-21,522.239990234375,522.2999877929688,506.010009765625,508.9800109863281,508.9800109863281,250600,USD,NYQ,America/New_York,Yahoo Finance
MUSA,2026-09-22,510.94000244140625,517.7000122070312,507.7900085449219,508.1400146484375,508.1400146484375,221300,USD,NYQ,America/New_York,Yahoo Finance
MUSA,2026-09-23,512.8800048828125,516.6400146484375,504.489990234375,506.239990234375,506.239990234375,295600,USD,NYQ,America/New_York,Yahoo Finance
MUSA,2026-09-24,513.3300170898438,524.1400146484375,509.5899963378906,519.280029296875,519.280029296875,307900,USD,NYQ,America/New_York,Yahoo Finance
MUSA,2026-09-25,516.7000122070312,517.4199829101562,508.0199890136719,511.5400085449219,511.5400085449219,189500,USD,NYQ,America/New_York,Yahoo Finance
MUSA,2026-09-28,515.010009765625,523.4500122070312,514.9500122070312,520.1199951171875,520.1199951171875,211000,USD,NYQ,America/New_York,Yahoo Finance
NEO,2026-08-17,15.720000267028809,16.360000610351562,15.720000267028809,16.15999984741211,16.15999984741211,1137500,USD,NCM,America/New_York,Yahoo Finance
NEO,2026-08-18,16.040000915527344,16.299999237060547,15.75,15.899999618530273,15.899999618530273,936600,USD,NCM,America/New_York,Yahoo Finance
NEO,2026-08-19,16.200000762939453,16.700000762939453,16.079999923706055,16.65999984741211,16.65999984741211,1561800,USD,NCM,America/New_York,Yahoo Finance
NEO,2026-08-20,16.18000030517578,16.81999969482422,15.979999542236328,16.530000686645508,16.530000686645508,2748100,USD,NCM,America/New_York,Yahoo Finance
NEO,2026-08-21,16.600000381469727,17.079999923706055,16.209999084472656,16.979999542236328,16.979999542236328,1139800,USD,NCM,America/New_York,Yahoo Finance
NEO,2026-08-24,16.75,16.799999237060547,16.280000686645508,16.40999984741211,16.40999984741211,1093900,USD,NCM,America/New_York,Yahoo Finance
NEO,2026-08-25,16.700000762939453,16.899999618530273,16.3700008392334,16.790000915527344,16.790000915527344,872100,USD,NCM,America/New_York,Yahoo Finance
NEO,2026-08-26,16.690000534057617,17.459999084472656,16.579999923706055,17.3700008392334,17.3700008392334,1679900,USD,NCM,America/New_York,Yahoo Finance
NEO,2026-08-27,17.850000381469727,19.760000228881836,17.850000381469727,18.639999389648438,18.639999389648438,5098000,USD,NCM,America/New_York,Yahoo Finance
NEO,2026-08-28,18.360000610351562,18.75,17.889999389648438,18.049999237060547,18.049999237060547,1723900,USD,NCM,America/New_York,Yahoo Finance
NEO,2026-08-31,17.770000457763672,18.079999923706055,17.190000534057617,17.90999984741211,17.90999984741211,1579100,USD,NCM,America/New_York,Yahoo Finance
NEO,2026-09-01,17.670000076293945,18.110000610351562,17.360000610351562,17.450000762939453,17.450000762939453,1317700,USD,NCM,America/New_York,Yahoo Finance
NEO,2026-09-02,17.399999618530273,18.18000030517578,17.260000228881836,17.399999618530273,17.399999618530273,1794500,USD,NCM,America/New_York,Yahoo Finance
NEO,2026-09-03,17.5,17.899999618530273,17.049999237060547,17.459999084472656,17.459999084472656,2247400,USD,NCM,America/New_York,Yahoo Finance
NEO,2026-09-04,17.200000762939453,17.469999313354492,16.8700008392334,17.3799991607666,17.3799991607666,996900,USD,NCM,America/New_York,Yahoo Finance
NEO,2026-09-08,17.149999618530273,17.84000015258789,16.950000762939453,17.559999465942383,17.559999465942383,1147700,USD,NCM,America/New_York,Yahoo Finance
NEO,2026-09-09,17.280000686645508,18.0,17.149999618530273,17.65999984741211,17.65999984741211,1541600,USD,NCM,America/New_York,Yahoo Finance
NEO,2026-09-10,17.459999084472656,17.75,17.309999465942383,17.610000610351562,17.610000610351562,1111700,USD,NCM,America/New_York,Yahoo Finance
NEO,2026-09-11,17.850000381469727,17.920000076293945,17.209999084472656,17.31999969482422,17.31999969482422,1072000,USD,NCM,America/New_York,Yahoo Finance
NEO,2026-09-14,17.360000610351562,18.489999771118164,17.360000610351562,18.40999984741211,18.40999984741211,1501500,USD,NCM,America/New_York,Yahoo Finance
NEO,2026-09-15,18.399999618530273,19.290000915527344,18.399999618530273,18.889999389648438,18.889999389648438,2425400,USD,NCM,America/New_York,Yahoo Finance
NEO,2026-09-16,18.84000015258789,19.3799991607666,18.770000457763672,18.940000534057617,18.940000534057617,1621200,USD,NCM,America/New_York,Yahoo Finance
NEO,2026-09-17,19.110000610351562,19.889999389648438,18.979999542236328,19.889999389648438,19.889999389648438,2006600,USD,NCM,America/New_York,Yahoo Finance
NEO,2026-09-18,19.90999984741211,20.030000686645508,19.399999618530273,19.90999984741211,19.90999984741211,4398200,USD,NCM,America/New_York,Yahoo Finance
NEO,2026-09-21,19.920000076293945,20.049999237060547,19.280000686645508,19.40999984741211,19.40999984741211,1435100,USD,NCM,America/New_York,Yahoo Finance
NEO,2026-09-22,19.280000686645508,19.600000381469727,18.829999923706055,18.889999389648438,18.889999389648438,4000500,USD,NCM,America/New_York,Yahoo Finance
NEO,2026-09-23,18.690000534057617,19.079999923706055,18.270000457763672,18.360000610351562,18.360000610351562,2911400,USD,NCM,America/New_York,Yahoo Finance
NEO,2026-09-24,18.469999313354492,19.729999542236328,18.399999618530273,19.559999465942383,19.559999465942383,2948600,USD,NCM,America/New_York,Yahoo Finance
NEO,2026-09-25,19.559999465942383,19.75,18.8700008392334,19.329999923706055,19.329999923706055,2019600,USD,NCM,America/New_York,Yahoo Finance
NEO,2026-09-28,19.020000457763672,19.59000015258789,19.010000228881836,19.290000915527344,19.290000915527344,1299100,USD,NCM,America/New_York,Yahoo Finance
NEXT,2026-08-17,7.25,7.309000015258789,6.855000019073486,6.949999809265137,6.949999809265137,2680600,USD,NCM,America/New_York,Yahoo Finance
NEXT,2026-08-18,7.0,7.130000114440918,6.880000114440918,6.920000076293945,6.920000076293945,2046000,USD,NCM,America/New_York,Yahoo Finance
NEXT,2026-08-19,6.989999771118164,7.0,6.699999809265137,6.71999979019165,6.71999979019165,2585700,USD,NCM,America/New_York,Yahoo Finance
NEXT,2026-08-20,6.820000171661377,7.089000225067139,6.760000228881836,7.0,7.0,2618200,USD,NCM,America/New_York,Yahoo Finance
NEXT,2026-08-21,7.050000190734863,7.230000019073486,6.929999828338623,7.119999885559082,7.119999885559082,2955000,USD,NCM,America/New_York,Yahoo Finance
NEXT,2026-08-24,7.0,7.420000076293945,6.949999809265137,7.349999904632568,7.349999904632568,2744200,USD,NCM,America/New_York,Yahoo Finance
NEXT,2026-08-25,7.230000019073486,7.538000106811523,7.230000019073486,7.46999979019165,7.46999979019165,2278900,USD,NCM,America/New_York,Yahoo Finance
NEXT,2026-08-26,7.400000095367432,7.639999866485596,7.224999904632568,7.360000133514404,7.360000133514404,2437700,USD,NCM,America/New_York,Yahoo Finance
NEXT,2026-08-27,7.360000133514404,7.550000190734863,7.175000190734863,7.440000057220459,7.440000057220459,2030300,USD,NCM,America/New_York,Yahoo Finance
NEXT,2026-08-28,7.420000076293945,7.545000076293945,7.28000020980835,7.349999904632568,7.349999904632568,1854300,USD,NCM,America/New_York,Yahoo Finance
NEXT,2026-08-31,7.510000228881836,7.739999771118164,7.375,7.539999961853027,7.539999961853027,3162900,USD,NCM,America/New_York,Yahoo Finance
NEXT,2026-09-01,7.670000076293945,7.670000076293945,7.364999771118164,7.619999885559082,7.619999885559082,2181800,USD,NCM,America/New_York,Yahoo Finance
NEXT,2026-09-02,7.519999980926514,7.639999866485596,7.400000095367432,7.440000057220459,7.440000057220459,2057400,USD,NCM,America/New_York,Yahoo Finance
NEXT,2026-09-03,7.489999771118164,7.53000020980835,7.300000190734863,7.420000076293945,7.420000076293945,2264200,USD,NCM,America/New_York,Yahoo Finance
NEXT,2026-09-04,7.340000152587891,7.420000076293945,7.2729997634887695,7.340000152587891,7.340000152587891,1349800,USD,NCM,America/New_York,Yahoo Finance
NEXT,2026-09-08,7.46999979019165,7.590000152587891,7.289999961853027,7.46999979019165,7.46999979019165,1881700,USD,NCM,America/New_York,Yahoo Finance
NEXT,2026-09-09,7.46999979019165,7.639999866485596,7.364999771118164,7.539999961853027,7.539999961853027,2526900,USD,NCM,America/New_York,Yahoo Finance
NEXT,2026-09-10,7.679999828338623,7.84499979019165,7.400000095367432,7.670000076293945,7.670000076293945,2965500,USD,NCM,America/New_York,Yahoo Finance
NEXT,2026-09-11,7.590000152587891,7.730000019073486,7.460000038146973,7.639999866485596,7.639999866485596,2091900,USD,NCM,America/New_York,Yahoo Finance
NEXT,2026-09-14,7.75,7.804999828338623,7.349999904632568,7.409999847412109,7.409999847412109,2337100,USD,NCM,America/New_York,Yahoo Finance
NEXT,2026-09-15,7.360000133514404,7.380000114440918,7.105000019073486,7.150000095367432,7.150000095367432,2327300,USD,NCM,America/New_York,Yahoo Finance
NEXT,2026-09-16,7.090000152587891,7.179999828338623,6.900000095367432,7.059999942779541,7.059999942779541,2567400,USD,NCM,America/New_York,Yahoo Finance
NEXT,2026-09-17,7.010000228881836,7.14300012588501,6.889999866485596,7.0,7.0,2159900,USD,NCM,America/New_York,Yahoo Finance
NEXT,2026-09-18,7.010000228881836,7.119999885559082,6.849999904632568,6.869999885559082,6.869999885559082,3623700,USD,NCM,America/New_York,Yahoo Finance
NEXT,2026-09-21,6.849999904632568,7.099999904632568,6.730000019073486,7.019999980926514,7.019999980926514,2154700,USD,NCM,America/New_York,Yahoo Finance
NEXT,2026-09-22,6.980000019073486,7.0,6.699999809265137,6.769999980926514,6.769999980926514,4618900,USD,NCM,America/New_York,Yahoo Finance
NEXT,2026-09-23,6.809999942779541,6.90500020980835,6.65500020980835,6.679999828338623,6.679999828338623,2097000,USD,NCM,America/New_York,Yahoo Finance
NEXT,2026-09-24,6.78000020980835,6.820000171661377,6.570000171661377,6.664999961853027,6.664999961853027,2360500,USD,NCM,America/New_York,Yahoo Finance
NEXT,2026-09-25,6.619999885559082,6.75,6.429999828338623,6.559999942779541,6.559999942779541,2649000,USD,NCM,America/New_York,Yahoo Finance
NEXT,2026-09-28,6.670000076293945,6.699999809265137,6.519999980926514,6.559999942779541,6.559999942779541,2455300,USD,NCM,America/New_York,Yahoo Finance
NMIH,2026-08-17,45.68000030517578,45.849998474121094,45.38999938964844,45.560001373291016,45.560001373291016,357500,USD,NGM,America/New_York,Yahoo Finance
NMIH,2026-08-18,45.86000061035156,46.27000045776367,45.41999816894531,45.61000061035156,45.61000061035156,346500,USD,NGM,America/New_York,Yahoo Finance
NMIH,2026-08-19,45.779998779296875,46.060001373291016,45.5099983215332,45.65999984741211,45.65999984741211,566000,USD,NGM,America/New_York,Yahoo Finance
NMIH,2026-08-20,45.349998474121094,45.70000076293945,45.099998474121094,45.38999938964844,45.38999938964844,449900,USD,NGM,America/New_York,Yahoo Finance
NMIH,2026-08-21,45.54999923706055,45.81999969482422,45.099998474121094,45.15999984741211,45.15999984741211,400500,USD,NGM,America/New_York,Yahoo Finance
NMIH,2026-08-24,45.22999954223633,46.20000076293945,45.02000045776367,45.470001220703125,45.470001220703125,304700,USD,NGM,America/New_York,Yahoo Finance
NMIH,2026-08-25,45.470001220703125,45.60499954223633,45.02000045776367,45.310001373291016,45.310001373291016,337700,USD,NGM,America/New_York,Yahoo Finance
NMIH,2026-08-26,45.369998931884766,45.43000030517578,44.915000915527344,45.13999938964844,45.13999938964844,424800,USD,NGM,America/New_York,Yahoo Finance
NMIH,2026-08-27,44.7400016784668,45.18000030517578,44.470001220703125,44.79999923706055,44.79999923706055,452100,USD,NGM,America/New_York,Yahoo Finance
NMIH,2026-08-28,45.029998779296875,45.290000915527344,44.625,44.810001373291016,44.810001373291016,500200,USD,NGM,America/New_York,Yahoo Finance
NMIH,2026-08-31,44.650001525878906,45.064998626708984,44.310001373291016,44.349998474121094,44.349998474121094,432900,USD,NGM,America/New_York,Yahoo Finance
NMIH,2026-09-01,44.189998626708984,44.81999969482422,44.119998931884766,44.27000045776367,44.27000045776367,786800,USD,NGM,America/New_York,Yahoo Finance
NMIH,2026-09-02,44.52000045776367,44.97999954223633,44.41999816894531,44.56999969482422,44.56999969482422,543500,USD,NGM,America/New_York,Yahoo Finance
NMIH,2026-09-03,44.95000076293945,45.61000061035156,44.7599983215332,45.38999938964844,45.38999938964844,404500,USD,NGM,America/New_York,Yahoo Finance
NMIH,2026-09-04,44.93000030517578,45.18899917602539,44.5,44.83000183105469,44.83000183105469,638700,USD,NGM,America/New_York,Yahoo Finance
NMIH,2026-09-08,44.310001373291016,44.70000076293945,44.04999923706055,44.380001068115234,44.380001068115234,516600,USD,NGM,America/New_York,Yahoo Finance
NMIH,2026-09-09,44.06999969482422,44.92499923706055,43.7400016784668,44.41999816894531,44.41999816894531,491900,USD,NGM,America/New_York,Yahoo Finance
NMIH,2026-09-10,44.4900016784668,44.66999816894531,43.720001220703125,44.189998626708984,44.189998626708984,392800,USD,NGM,America/New_York,Yahoo Finance
NMIH,2026-09-11,44.68000030517578,44.68000030517578,43.810001373291016,43.88999938964844,43.88999938964844,378900,USD,NGM,America/New_York,Yahoo Finance
NMIH,2026-09-14,44.150001525878906,44.529998779296875,43.90999984741211,44.119998931884766,44.119998931884766,370800,USD,NGM,America/New_York,Yahoo Finance
NMIH,2026-09-15,43.900001525878906,44.099998474121094,41.619998931884766,43.52000045776367,43.52000045776367,859100,USD,NGM,America/New_York,Yahoo Finance
NMIH,2026-09-16,43.380001068115234,43.5,42.630001068115234,43.0,43.0,599900,USD,NGM,America/New_York,Yahoo Finance
NMIH,2026-09-17,43.2599983215332,43.560001373291016,42.72999954223633,42.91999816894531,42.91999816894531,411200,USD,NGM,America/New_York,Yahoo Finance
NMIH,2026-09-18,42.59000015258789,43.040000915527344,42.15999984741211,42.900001525878906,42.900001525878906,1320600,USD,NGM,America/New_York,Yahoo Finance
NMIH,2026-09-21,43.08000183105469,43.279998779296875,42.459999084472656,42.51499938964844,42.51499938964844,469300,USD,NGM,America/New_York,Yahoo Finance
NMIH,2026-09-22,42.939998626708984,43.290000915527344,42.290000915527344,42.41999816894531,42.41999816894531,568800,USD,NGM,America/New_York,Yahoo Finance
NMIH,2026-09-23,42.40999984741211,42.779998779296875,42.09000015258789,42.189998626708984,42.189998626708984,482000,USD,NGM,America/New_York,Yahoo Finance
NMIH,2026-09-24,42.4900016784668,42.82500076293945,41.40999984741211,41.56999969482422,41.56999969482422,630700,USD,NGM,America/New_York,Yahoo Finance
NMIH,2026-09-25,41.56999969482422,41.66999816894531,40.84000015258789,41.22999954223633,41.22999954223633,829200,USD,NGM,America/New_York,Yahoo Finance
NMIH,2026-09-28,41.099998474121094,41.189998626708984,40.775001525878906,40.970001220703125,40.970001220703125,467400,USD,NGM,America/New_York,Yahoo Finance
NRP,2026-08-17,104.9000015258789,105.0,103.27999877929688,103.94000244140625,103.19000244140625,37400,USD,NYQ,America/New_York,Yahoo Finance
NRP,2026-08-18,103.94000244140625,103.94000244140625,102.19000244140625,102.86000061035156,102.86000061035156,24200,USD,NYQ,America/New_York,Yahoo Finance
NRP,2026-08-19,103.08000183105469,105.87999725341797,103.05999755859375,104.86000061035156,104.86000061035156,47500,USD,NYQ,America/New_York,Yahoo Finance
NRP,2026-08-20,104.93000030517578,105.97000122070312,104.4000015258789,104.44999694824219,104.44999694824219,35900,USD,NYQ,America/New_York,Yahoo Finance
NRP,2026-08-21,104.8499984741211,106.05999755859375,104.61000061035156,105.38999938964844,105.38999938964844,28800,USD,NYQ,America/New_York,Yahoo Finance
NRP,2026-08-24,105.91000366210938,107.48999786376953,105.55999755859375,107.2300033569336,107.2300033569336,60600,USD,NYQ,America/New_York,Yahoo Finance
NRP,2026-08-25,107.69000244140625,110.0,107.55000305175781,108.75,108.75,36400,USD,NYQ,America/New_York,Yahoo Finance
NRP,2026-08-26,109.20999908447266,112.0199966430664,108.5,109.83999633789062,109.83999633789062,76800,USD,NYQ,America/New_York,Yahoo Finance
NRP,2026-08-27,110.18000030517578,111.72000122070312,108.5,110.31999969482422,110.31999969482422,27500,USD,NYQ,America/New_York,Yahoo Finance
NRP,2026-08-28,111.22000122070312,112.87999725341797,110.33999633789062,112.72000122070312,112.72000122070312,21900,USD,NYQ,America/New_York,Yahoo Finance
NRP,2026-08-31,113.13999938964844,115.29000091552734,111.22000122070312,112.56999969482422,112.56999969482422,33700,USD,NYQ,America/New_York,Yahoo Finance
NRP,2026-09-01,111.73999786376953,112.87000274658203,111.06999969482422,112.16000366210938,112.16000366210938,25600,USD,NYQ,America/New_York,Yahoo Finance
NRP,2026-09-02,112.33000183105469,114.1500015258789,112.1500015258789,112.51000213623047,112.51000213623047,30300,USD,NYQ,America/New_York,Yahoo Finance
NRP,2026-09-03,113.02999877929688,113.91999816894531,111.94000244140625,113.4000015258789,113.4000015258789,26100,USD,NYQ,America/New_York,Yahoo Finance
NRP,2026-09-04,113.77999877929688,113.8499984741211,112.5,113.72000122070312,113.72000122070312,12100,USD,NYQ,America/New_York,Yahoo Finance
NRP,2026-09-08,112.88999938964844,114.13999938964844,112.4800033569336,113.29000091552734,113.29000091552734,15300,USD,NYQ,America/New_York,Yahoo Finance
NRP,2026-09-09,114.0,114.0,110.88999938964844,111.7300033569336,111.7300033569336,19800,USD,NYQ,America/New_York,Yahoo Finance
NRP,2026-09-10,111.01000213623047,111.5,110.19000244140625,110.19000244140625,110.19000244140625,19300,USD,NYQ,America/New_York,Yahoo Finance
NRP,2026-09-11,110.63999938964844,111.94999694824219,110.63999938964844,111.0999984741211,111.0999984741211,10300,USD,NYQ,America/New_York,Yahoo Finance
NRP,2026-09-14,111.06999969482422,111.5,108.06999969482422,109.77999877929688,109.77999877929688,33200,USD,NYQ,America/New_York,Yahoo Finance
NRP,2026-09-15,109.4000015258789,110.91000366210938,109.4000015258789,110.70999908447266,110.70999908447266,15900,USD,NYQ,America/New_York,Yahoo Finance
NRP,2026-09-16,110.0,110.95999908447266,109.08999633789062,109.70999908447266,109.70999908447266,33400,USD,NYQ,America/New_York,Yahoo Finance
NRP,2026-09-17,108.80000305175781,110.29000091552734,108.80000305175781,109.31999969482422,109.31999969482422,17700,USD,NYQ,America/New_York,Yahoo Finance
NRP,2026-09-18,109.5,109.5,108.5,109.27999877929688,109.27999877929688,17200,USD,NYQ,America/New_York,Yahoo Finance
NRP,2026-09-21,110.6500015258789,110.6500015258789,106.4800033569336,107.73999786376953,107.73999786376953,45500,USD,NYQ,America/New_York,Yahoo Finance
NRP,2026-09-22,108.25,110.73999786376953,107.5,109.76000213623047,109.76000213623047,53900,USD,NYQ,America/New_York,Yahoo Finance
NRP,2026-09-23,109.69999694824219,109.69999694824219,106.94000244140625,107.58000183105469,107.58000183105469,30200,USD,NYQ,America/New_York,Yahoo Finance
NRP,2026-09-24,107.66999816894531,108.7300033569336,107.0,108.18000030517578,108.18000030517578,13800,USD,NYQ,America/New_York,Yahoo Finance
NRP,2026-09-25,107.5,109.01000213623047,106.5,108.77999877929688,108.77999877929688,21400,USD,NYQ,America/New_York,Yahoo Finance
NRP,2026-09-28,110.0,111.80000305175781,109.0,109.70999908447266,109.70999908447266,17200,USD,NYQ,America/New_York,Yahoo Finance
NSC,2026-08-17,335.0,343.42999267578125,334.8800048828125,341.1199951171875,341.1199951171875,1394200,USD,NYQ,America/New_York,Yahoo Finance
NSC,2026-08-18,344.3599853515625,345.2699890136719,338.8299865722656,338.9100036621094,338.9100036621094,1145300,USD,NYQ,America/New_York,Yahoo Finance
NSC,2026-08-19,344.2300109863281,352.989990234375,343.30999755859375,345.7099914550781,345.7099914550781,1808300,USD,NYQ,America/New_York,Yahoo Finance
NSC,2026-08-20,345.1199951171875,351.7799987792969,344.0299987792969,346.6199951171875,346.6199951171875,1605400,USD,NYQ,America/New_York,Yahoo Finance
NSC,2026-08-21,347.5199890136719,351.17999267578125,347.45001220703125,350.7200012207031,350.7200012207031,825200,USD,NYQ,America/New_York,Yahoo Finance
NSC,2026-08-24,351.8299865722656,354.239990234375,349.489990234375,352.9800109863281,352.9800109863281,1292700,USD,NYQ,America/New_York,Yahoo Finance
NSC,2026-08-25,352.44000244140625,353.5199890136719,350.94000244140625,351.239990234375,351.239990234375,723700,USD,NYQ,America/New_York,Yahoo Finance
NSC,2026-08-26,350.7099914550781,355.989990234375,350.4800109863281,352.67999267578125,352.67999267578125,605300,USD,NYQ,America/New_York,Yahoo Finance
NSC,2026-08-27,350.0,351.54998779296875,347.0299987792969,347.92999267578125,347.92999267578125,1262400,USD,NYQ,America/New_York,Yahoo Finance
NSC,2026-08-28,349.3299865722656,349.54998779296875,346.239990234375,348.67999267578125,348.67999267578125,980700,USD,NYQ,America/New_York,Yahoo Finance
NSC,2026-08-31,348.8999938964844,350.0,341.82000732421875,342.7900085449219,342.7900085449219,1174700,USD,NYQ,America/New_York,Yahoo Finance
NSC,2026-09-01,342.25,343.5400085449219,330.32000732421875,332.9599914550781,332.9599914550781,1565300,USD,NYQ,America/New_York,Yahoo Finance
NSC,2026-09-02,333.8900146484375,333.8900146484375,327.8800048828125,330.05999755859375,330.05999755859375,1143800,USD,NYQ,America/New_York,Yahoo Finance
NSC,2026-09-03,331.44000244140625,332.1099853515625,325.05999755859375,327.8299865722656,327.8299865722656,1179700,USD,NYQ,America/New_York,Yahoo Finance
NSC,2026-09-04,325.82000732421875,331.6499938964844,325.82000732421875,329.4599914550781,329.4599914550781,703000,USD,NYQ,America/New_York,Yahoo Finance
NSC,2026-09-08,327.8599853515625,330.70001220703125,326.7799987792969,327.9200134277344,327.9200134277344,1273800,USD,NYQ,America/New_York,Yahoo Finance
NSC,2026-09-09,326.0799865722656,326.92999267578125,322.57000732421875,323.29998779296875,323.29998779296875,1054800,USD,NYQ,America/New_York,Yahoo Finance
NSC,2026-09-10,324.3299865722656,325.8900146484375,321.8399963378906,323.29998779296875,323.29998779296875,842900,USD,NYQ,America/New_York,Yahoo Finance
NSC,2026-09-11,326.010009765625,326.3299865722656,320.2699890136719,320.2699890136719,320.2699890136719,846200,USD,NYQ,America/New_York,Yahoo Finance
NSC,2026-09-14,320.1499938964844,321.7799987792969,318.79998779296875,320.04998779296875,320.04998779296875,2517600,USD,NYQ,America/New_York,Yahoo Finance
NSC,2026-09-15,321.1099853515625,322.6400146484375,318.2300109863281,320.2200012207031,320.2200012207031,1231900,USD,NYQ,America/New_York,Yahoo Finance
NSC,2026-09-16,319.2900085449219,323.8299865722656,316.4800109863281,317.0,317.0,793600,USD,NYQ,America/New_York,Yahoo Finance
NSC,2026-09-17,318.8299865722656,319.8900146484375,316.0799865722656,318.9700012207031,318.9700012207031,744800,USD,NYQ,America/New_York,Yahoo Finance
NSC,2026-09-18,318.6300048828125,318.8800048828125,314.0,314.1600036621094,314.1600036621094,1896500,USD,NYQ,America/New_York,Yahoo Finance
NSC,2026-09-21,314.1600036621094,317.17999267578125,308.44000244140625,309.07000732421875,309.07000732421875,1739200,USD,NYQ,America/New_York,Yahoo Finance
NSC,2026-09-22,311.1400146484375,314.8900146484375,309.3999938964844,314.0,314.0,945300,USD,NYQ,America/New_York,Yahoo Finance
NSC,2026-09-23,313.0,317.30999755859375,313.0,315.010009765625,315.010009765625,702300,USD,NYQ,America/New_York,Yahoo Finance
NSC,2026-09-24,314.75,316.8399963378906,313.0199890136719,313.1700134277344,313.1700134277344,812500,USD,NYQ,America/New_York,Yahoo Finance
NSC,2026-09-25,312.57000732421875,314.3500061035156,311.20001220703125,313.0,313.0,616800,USD,NYQ,America/New_York,Yahoo Finance
NSC,2026-09-28,313.1600036621094,314.67999267578125,311.69000244140625,313.04998779296875,313.04998779296875,722400,USD,NYQ,America/New_York,Yahoo Finance
NTLA,2026-08-17,11.90999984741211,12.220000267028809,11.75,12.09000015258789,12.09000015258789,1818800,USD,NGM,America/New_York,Yahoo Finance
NTLA,2026-08-18,11.800000190734863,12.100000381469727,11.4399995803833,11.600000381469727,11.600000381469727,3178600,USD,NGM,America/New_York,Yahoo Finance
NTLA,2026-08-19,12.100000381469727,13.350000381469727,12.010000228881836,13.279999732971191,13.279999732971191,6114900,USD,NGM,America/New_York,Yahoo Finance
NTLA,2026-08-20,12.949999809265137,13.039999961853027,12.289999961853027,12.4399995803833,12.4399995803833,4703600,USD,NGM,America/New_York,Yahoo Finance
NTLA,2026-08-21,12.649999618530273,13.130000114440918,12.649999618530273,12.84000015258789,12.84000015258789,3345900,USD,NGM,America/New_York,Yahoo Finance
NTLA,2026-08-24,12.600000381469727,12.789999961853027,12.239999771118164,12.5600004196167,12.5600004196167,3110500,USD,NGM,America/New_York,Yahoo Finance
NTLA,2026-08-25,12.84000015258789,13.729999542236328,12.760000228881836,13.510000228881836,13.510000228881836,4089700,USD,NGM,America/New_York,Yahoo Finance
NTLA,2026-08-26,13.380000114440918,13.5,12.979999542236328,13.1899995803833,13.1899995803833,2707200,USD,NGM,America/New_York,Yahoo Finance
NTLA,2026-08-27,13.260000228881836,13.449999809265137,13.0,13.109999656677246,13.109999656677246,2444900,USD,NGM,America/New_York,Yahoo Finance
NTLA,2026-08-28,13.109999656677246,13.489999771118164,12.680000305175781,12.869999885559082,12.869999885559082,3437300,USD,NGM,America/New_York,Yahoo Finance
NTLA,2026-08-31,12.640000343322754,12.850000381469727,12.4399995803833,12.729999542236328,12.729999542236328,2923100,USD,NGM,America/New_York,Yahoo Finance
NTLA,2026-09-01,12.520000457763672,12.8100004196167,12.34000015258789,12.6850004196167,12.6850004196167,2179700,USD,NGM,America/New_York,Yahoo Finance
NTLA,2026-09-02,12.670000076293945,13.130000114440918,12.279999732971191,12.760000228881836,12.760000228881836,3244100,USD,NGM,America/New_York,Yahoo Finance
NTLA,2026-09-03,12.859999656677246,12.920000076293945,12.399999618530273,12.680000305175781,12.680000305175781,3002200,USD,NGM,America/New_York,Yahoo Finance
NTLA,2026-09-04,12.59000015258789,12.960000038146973,12.520000457763672,12.739999771118164,12.739999771118164,2791700,USD,NGM,America/New_York,Yahoo Finance
NTLA,2026-09-08,12.829999923706055,12.890000343322754,12.425000190734863,12.739999771118164,12.739999771118164,4126900,USD,NGM,America/New_York,Yahoo Finance
NTLA,2026-09-09,12.5,12.819999694824219,12.1899995803833,12.210000038146973,12.210000038146973,4932200,USD,NGM,America/New_York,Yahoo Finance
NTLA,2026-09-10,11.899999618530273,11.954999923706055,11.65999984741211,11.930000305175781,11.930000305175781,3920700,USD,NGM,America/New_York,Yahoo Finance
NTLA,2026-09-11,12.100000381469727,12.1899995803833,11.6899995803833,11.739999771118164,11.739999771118164,2707500,USD,NGM,America/New_York,Yahoo Finance
NTLA,2026-09-14,11.645000457763672,12.109999656677246,11.645000457763672,11.869999885559082,11.869999885559082,2597100,USD,NGM,America/New_York,Yahoo Finance
NTLA,2026-09-15,11.75,11.819999694824219,11.243000030517578,11.359999656677246,11.359999656677246,3990800,USD,NGM,America/New_York,Yahoo Finance
NTLA,2026-09-16,11.460000038146973,11.75,11.369999885559082,11.489999771118164,11.489999771118164,4586800,USD,NGM,America/New_York,Yahoo Finance
NTLA,2026-09-17,11.989999771118164,12.869999885559082,11.949999809265137,12.260000228881836,12.260000228881836,5753200,USD,NGM,America/New_York,Yahoo Finance
NTLA,2026-09-18,12.154999732971191,12.470000267028809,11.864999771118164,12.140000343322754,12.140000343322754,8619300,USD,NGM,America/New_York,Yahoo Finance
NTLA,2026-09-21,12.5,12.649999618530273,12.140000343322754,12.220000267028809,12.220000267028809,3732000,USD,NGM,America/New_York,Yahoo Finance
NTLA,2026-09-22,12.270000457763672,12.970000267028809,12.140000343322754,12.6899995803833,12.6899995803833,3920500,USD,NGM,America/New_York,Yahoo Finance
NTLA,2026-09-23,12.720000267028809,12.850000381469727,11.960000038146973,12.329999923706055,12.329999923706055,5034700,USD,NGM,America/New_York,Yahoo Finance
NTLA,2026-09-24,12.130000114440918,12.210000038146973,11.619999885559082,12.15999984741211,12.15999984741211,4807600,USD,NGM,America/New_York,Yahoo Finance
NTLA,2026-09-25,12.329999923706055,12.329999923706055,11.664999961853027,11.75,11.75,2975900,USD,NGM,America/New_York,Yahoo Finance
NTLA,2026-09-28,11.720000267028809,11.800999641418457,11.329999923706055,11.420000076293945,11.420000076293945,3294100,USD,NGM,America/New_York,Yahoo Finance
NVST,2026-08-17,27.65999984741211,27.979999542236328,27.336000442504883,27.639999389648438,27.639999389648438,2835800,USD,NYQ,America/New_York,Yahoo Finance
NVST,2026-08-18,27.770000457763672,28.489999771118164,27.5,27.81999969482422,27.81999969482422,2819200,USD,NYQ,America/New_York,Yahoo Finance
NVST,2026-08-19,28.09000015258789,28.8700008392334,27.5,27.579999923706055,27.579999923706055,3214200,USD,NYQ,America/New_York,Yahoo Finance
NVST,2026-08-20,27.25,27.665000915527344,26.924999237060547,26.93000030517578,26.93000030517578,1915900,USD,NYQ,America/New_York,Yahoo Finance
NVST,2026-08-21,27.0,27.235000610351562,26.78499984741211,27.200000762939453,27.200000762939453,2006300,USD,NYQ,America/New_York,Yahoo Finance
NVST,2026-08-24,27.209999084472656,28.007999420166016,27.100000381469727,27.34000015258789,27.34000015258789,1793800,USD,NYQ,America/New_York,Yahoo Finance
NVST,2026-08-25,27.219999313354492,27.579999923706055,26.68000030517578,27.469999313354492,27.469999313354492,2544200,USD,NYQ,America/New_York,Yahoo Finance
NVST,2026-08-26,27.40999984741211,28.110000610351562,27.334999084472656,27.799999237060547,27.799999237060547,1523600,USD,NYQ,America/New_York,Yahoo Finance
NVST,2026-08-27,27.719999313354492,27.985000610351562,27.350000381469727,27.440000534057617,27.440000534057617,1453900,USD,NYQ,America/New_York,Yahoo Finance
NVST,2026-08-28,27.40999984741211,27.559999465942383,27.079999923706055,27.1299991607666,27.1299991607666,1210000,USD,NYQ,America/New_York,Yahoo Finance
NVST,2026-08-31,26.8799991607666,27.290000915527344,26.690000534057617,27.139999389648438,27.139999389648438,1483300,USD,NYQ,America/New_York,Yahoo Finance
NVST,2026-09-01,27.209999084472656,27.610000610351562,26.594999313354492,26.639999389648438,26.639999389648438,2171500,USD,NYQ,America/New_York,Yahoo Finance
NVST,2026-09-02,26.719999313354492,27.635000228881836,26.645000457763672,27.389999389648438,27.389999389648438,1758100,USD,NYQ,America/New_York,Yahoo Finance
NVST,2026-09-03,28.270000457763672,28.270000457763672,27.204999923706055,27.59000015258789,27.59000015258789,2331700,USD,NYQ,America/New_York,Yahoo Finance
NVST,2026-09-04,27.299999237060547,27.510000228881836,27.014999389648438,27.280000686645508,27.280000686645508,1682100,USD,NYQ,America/New_York,Yahoo Finance
NVST,2026-09-08,27.100000381469727,27.350000381469727,26.670000076293945,26.809999465942383,26.809999465942383,2475300,USD,NYQ,America/New_York,Yahoo Finance
NVST,2026-09-09,26.600000381469727,26.959999084472656,26.360000610351562,26.420000076293945,26.420000076293945,1885500,USD,NYQ,America/New_York,Yahoo Finance
NVST,2026-09-10,26.1299991607666,26.40999984741211,25.735000610351562,25.8700008392334,25.8700008392334,2218400,USD,NYQ,America/New_York,Yahoo Finance
NVST,2026-09-11,26.31999969482422,26.31999969482422,25.21500015258789,25.549999237060547,25.549999237060547,3987700,USD,NYQ,America/New_York,Yahoo Finance
NVST,2026-09-14,25.59000015258789,25.934999465942383,25.25,25.790000915527344,25.790000915527344,2476800,USD,NYQ,America/New_York,Yahoo Finance
NVST,2026-09-15,25.079999923706055,25.989999771118164,24.709999084472656,24.729999542236328,24.729999542236328,4750400,USD,NYQ,America/New_York,Yahoo Finance
NVST,2026-09-16,24.920000076293945,25.510000228881836,24.770000457763672,24.969999313354492,24.969999313354492,3556000,USD,NYQ,America/New_York,Yahoo Finance
NVST,2026-09-17,25.149999618530273,25.280000686645508,23.670000076293945,23.690000534057617,23.690000534057617,4650800,USD,NYQ,America/New_York,Yahoo Finance
NVST,2026-09-18,23.34000015258789,23.725000381469727,23.104999542236328,23.350000381469727,23.350000381469727,5636400,USD,NYQ,America/New_York,Yahoo Finance
NVST,2026-09-21,23.684999465942383,23.684999465942383,23.209999084472656,23.43000030517578,23.43000030517578,3537200,USD,NYQ,America/New_York,Yahoo Finance
NVST,2026-09-22,23.81999969482422,24.475000381469727,23.559999465942383,24.18000030517578,24.18000030517578,4043600,USD,NYQ,America/New_York,Yahoo Finance
NVST,2026-09-23,24.1200008392334,24.389999389648438,23.809999465942383,23.81999969482422,23.81999969482422,2410900,USD,NYQ,America/New_York,Yahoo Finance
NVST,2026-09-24,23.799999237060547,24.1299991607666,23.600000381469727,24.06999969482422,24.06999969482422,2541400,USD,NYQ,America/New_York,Yahoo Finance
NVST,2026-09-25,24.020000457763672,24.190000534057617,23.770000457763672,23.950000762939453,23.950000762939453,3245300,USD,NYQ,America/New_York,Yahoo Finance
NVST,2026-09-28,23.8799991607666,24.049999237060547,23.639999389648438,23.729999542236328,23.729999542236328,2571400,USD,NYQ,America/New_York,Yahoo Finance
NWL,2026-08-17,6.139999866485596,6.230000019073486,6.010000228881836,6.039999961853027,5.971475124359131,6026800,USD,NMS,America/New_York,Yahoo Finance
NWL,2026-08-18,6.03000020980835,6.079999923706055,5.909999847412109,5.929999828338623,5.862722873687744,4188600,USD,NMS,America/New_York,Yahoo Finance
NWL,2026-08-19,5.980000019073486,6.21999979019165,5.980000019073486,6.159999847412109,6.090113162994385,4623000,USD,NMS,America/New_York,Yahoo Finance
NWL,2026-08-20,6.03000020980835,6.090000152587891,5.760000228881836,5.789999961853027,5.724311351776123,6820700,USD,NMS,America/New_York,Yahoo Finance
NWL,2026-08-21,5.809999942779541,6.099999904632568,5.789999961853027,6.090000152587891,6.020907878875732,4531400,USD,NMS,America/New_York,Yahoo Finance
NWL,2026-08-24,6.03000020980835,6.179999828338623,6.019999980926514,6.070000171661377,6.001134872436523,4883300,USD,NMS,America/New_York,Yahoo Finance
NWL,2026-08-25,6.110000133514404,6.130000114440918,5.869999885559082,5.929999828338623,5.862722873687744,5284200,USD,NMS,America/New_York,Yahoo Finance
NWL,2026-08-26,5.940000057220459,6.050000190734863,5.860000133514404,5.960000038146973,5.892382621765137,6079000,USD,NMS,America/New_York,Yahoo Finance
NWL,2026-08-27,5.880000114440918,6.070000171661377,5.789999961853027,5.880000114440918,5.813290119171143,6031300,USD,NMS,America/New_York,Yahoo Finance
NWL,2026-08-28,5.980000019073486,6.25,5.929999828338623,6.170000076293945,6.100000381469727,5832000,USD,NMS,America/New_York,Yahoo Finance
NWL,2026-08-31,6.039999961853027,6.309999942779541,5.960000038146973,6.25,6.25,11852800,USD,NMS,America/New_York,Yahoo Finance
NWL,2026-09-01,6.170000076293945,6.300000190734863,5.829999923706055,5.940000057220459,5.940000057220459,9245500,USD,NMS,America/New_York,Yahoo Finance
NWL,2026-09-02,6.039999961853027,6.150000095367432,5.929999828338623,5.980000019073486,5.980000019073486,8963200,USD,NMS,America/New_York,Yahoo Finance
NWL,2026-09-03,6.079999923706055,6.150000095367432,5.760000228881836,6.070000171661377,6.070000171661377,6990600,USD,NMS,America/New_York,Yahoo Finance
NWL,2026-09-04,6.039999961853027,6.25,6.0,6.110000133514404,6.110000133514404,5501500,USD,NMS,America/New_York,Yahoo Finance
NWL,2026-09-08,6.050000190734863,6.46999979019165,6.03000020980835,6.340000152587891,6.340000152587891,10128500,USD,NMS,America/New_York,Yahoo Finance
NWL,2026-09-09,6.269999980926514,6.369999885559082,5.940000057220459,6.0,6.0,7618300,USD,NMS,America/New_York,Yahoo Finance
NWL,2026-09-10,5.980000019073486,6.070000171661377,5.840000152587891,5.869999885559082,5.869999885559082,5234300,USD,NMS,America/New_York,Yahoo Finance
NWL,2026-09-11,5.920000076293945,5.920000076293945,5.71999979019165,5.849999904632568,5.849999904632568,5528100,USD,NMS,America/New_York,Yahoo Finance
NWL,2026-09-14,5.769999980926514,5.940000057220459,5.760000228881836,5.769999980926514,5.769999980926514,7932200,USD,NMS,America/New_York,Yahoo Finance
NWL,2026-09-15,5.809999942779541,5.849999904632568,5.619999885559082,5.639999866485596,5.639999866485596,6542400,USD,NMS,America/New_York,Yahoo Finance
NWL,2026-09-16,5.699999809265137,5.849999904632568,5.639999866485596,5.690000057220459,5.690000057220459,5715400,USD,NMS,America/New_York,Yahoo Finance
NWL,2026-09-17,5.809999942779541,5.869999885559082,5.599999904632568,5.610000133514404,5.610000133514404,3372800,USD,NMS,America/New_York,Yahoo Finance
NWL,2026-09-18,5.510000228881836,5.590000152587891,5.449999809265137,5.480000019073486,5.480000019073486,9414700,USD,NMS,America/New_York,Yahoo Finance
NWL,2026-09-21,5.539999961853027,5.639999866485596,5.309999942779541,5.599999904632568,5.599999904632568,6548600,USD,NMS,America/New_York,Yahoo Finance
NWL,2026-09-22,5.670000076293945,5.789999961853027,5.650000095367432,5.769999980926514,5.769999980926514,4618400,USD,NMS,America/New_York,Yahoo Finance
NWL,2026-09-23,5.769999980926514,5.849999904632568,5.639999866485596,5.679999828338623,5.679999828338623,4830900,USD,NMS,America/New_York,Yahoo Finance
NWL,2026-09-24,5.679999828338623,5.730000019073486,5.559999942779541,5.590000152587891,5.590000152587891,3690300,USD,NMS,America/New_York,Yahoo Finance
NWL,2026-09-25,5.599999904632568,5.619999885559082,5.409999847412109,5.429999828338623,5.429999828338623,6731500,USD,NMS,America/New_York,Yahoo Finance
NWL,2026-09-28,5.409999847412109,5.519999980926514,5.300000190734863,5.440000057220459,5.440000057220459,4586400,USD,NMS,America/New_York,Yahoo Finance
NXE,2026-08-17,10.4399995803833,11.258000373840332,10.220000267028809,10.75,10.75,14830200,USD,NYQ,America/New_York,Yahoo Finance
NXE,2026-08-18,10.5600004196167,10.614999771118164,9.984999656677246,10.260000228881836,10.260000228881836,5704100,USD,NYQ,America/New_York,Yahoo Finance
NXE,2026-08-19,10.399999618530273,10.619999885559082,10.324999809265137,10.5600004196167,10.5600004196167,4325500,USD,NYQ,America/New_York,Yahoo Finance
NXE,2026-08-20,10.489999771118164,10.670999526977539,10.081999778747559,10.220000267028809,10.220000267028809,2819900,USD,NYQ,America/New_York,Yahoo Finance
NXE,2026-08-21,10.649999618530273,10.925000190734863,10.510000228881836,10.859999656677246,10.859999656677246,6921700,USD,NYQ,America/New_York,Yahoo Finance
NXE,2026-08-24,10.9399995803833,11.260000228881836,10.770000457763672,10.930000305175781,10.930000305175781,4579400,USD,NYQ,America/New_York,Yahoo Finance
NXE,2026-08-25,11.0,11.329999923706055,10.875,11.210000038146973,11.210000038146973,4389900,USD,NYQ,America/New_York,Yahoo Finance
NXE,2026-08-26,11.130000114440918,11.449999809265137,11.050000190734863,11.069999694824219,11.069999694824219,3636600,USD,NYQ,America/New_York,Yahoo Finance
NXE,2026-08-27,11.180000305175781,11.28499984741211,11.100000381469727,11.1899995803833,11.1899995803833,3624500,USD,NYQ,America/New_York,Yahoo Finance
NXE,2026-08-28,11.210000038146973,11.289999961853027,10.281000137329102,10.399999618530273,10.399999618530273,5845400,USD,NYQ,America/New_York,Yahoo Finance
NXE,2026-08-31,10.399999618530273,10.529999732971191,10.319999694824219,10.470000267028809,10.470000267028809,4386100,USD,NYQ,America/New_York,Yahoo Finance
NXE,2026-09-01,10.25,10.359999656677246,9.895000457763672,9.930000305175781,9.930000305175781,5534700,USD,NYQ,America/New_York,Yahoo Finance
NXE,2026-09-02,9.949999809265137,10.3100004196167,9.930000305175781,10.220000267028809,10.220000267028809,4506800,USD,NYQ,America/New_York,Yahoo Finance
NXE,2026-09-03,10.510000228881836,10.755000114440918,10.505000114440918,10.670000076293945,10.670000076293945,3565100,USD,NYQ,America/New_York,Yahoo Finance
NXE,2026-09-04,10.5600004196167,10.84000015258789,10.470000267028809,10.729999542236328,10.729999542236328,3942300,USD,NYQ,America/New_York,Yahoo Finance
NXE,2026-09-08,10.84000015258789,10.979999542236328,10.595000267028809,10.6899995803833,10.6899995803833,3218700,USD,NYQ,America/New_York,Yahoo Finance
NXE,2026-09-09,10.699999809265137,10.890000343322754,10.59000015258789,10.640000343322754,10.640000343322754,2724000,USD,NYQ,America/New_York,Yahoo Finance
NXE,2026-09-10,10.350000381469727,10.520000457763672,10.210000038146973,10.210000038146973,10.210000038146973,2420200,USD,NYQ,America/New_York,Yahoo Finance
NXE,2026-09-11,10.220000267028809,10.270000457763672,9.789999961853027,9.850000381469727,9.850000381469727,4569700,USD,NYQ,America/New_York,Yahoo Finance
NXE,2026-09-14,9.550000190734863,9.609999656677246,9.279999732971191,9.470000267028809,9.470000267028809,5543500,USD,NYQ,America/New_York,Yahoo Finance
NXE,2026-09-15,9.5,9.65999984741211,9.350000381469727,9.460000038146973,9.460000038146973,3780900,USD,NYQ,America/New_York,Yahoo Finance
NXE,2026-09-16,9.619999885559082,9.65999984741211,9.270000457763672,9.380000114440918,9.380000114440918,3332500,USD,NYQ,America/New_York,Yahoo Finance
NXE,2026-09-17,9.630000114440918,9.630000114440918,9.399999618530273,9.449999809265137,9.449999809265137,2768400,USD,NYQ,America/New_York,Yahoo Finance
NXE,2026-09-18,9.5600004196167,9.670000076293945,9.34000015258789,9.350000381469727,9.350000381469727,6516100,USD,NYQ,America/New_York,Yahoo Finance
NXE,2026-09-21,9.6899995803833,9.930000305175781,9.560999870300293,9.800000190734863,9.800000190734863,4978900,USD,NYQ,America/New_York,Yahoo Finance
NXE,2026-09-22,9.859999656677246,10.0649995803833,9.619999885559082,9.970000267028809,9.970000267028809,3153800,USD,NYQ,America/New_York,Yahoo Finance
NXE,2026-09-23,9.899999618530273,9.970999717712402,9.630000114440918,9.630000114440918,9.630000114440918,2708600,USD,NYQ,America/New_York,Yahoo Finance
NXE,2026-09-24,9.5,9.574999809265137,9.229999542236328,9.270000457763672,9.270000457763672,4250900,USD,NYQ,America/New_York,Yahoo Finance
NXE,2026-09-25,9.350000381469727,9.354999542236328,9.170000076293945,9.1899995803833,9.1899995803833,2501300,USD,NYQ,America/New_York,Yahoo Finance
NXE,2026-09-28,9.0,9.125,8.930000305175781,8.989999771118164,8.989999771118164,4447800,USD,NYQ,America/New_York,Yahoo Finance
OC,2026-08-17,153.32000732421875,154.1699981689453,151.4199981689453,153.80999755859375,153.80999755859375,650800,USD,NYQ,America/New_York,Yahoo Finance
OC,2026-08-18,152.0,152.89999389648438,148.89999389648438,150.61000061035156,150.61000061035156,588700,USD,NYQ,America/New_York,Yahoo Finance
OC,2026-08-19,153.6199951171875,154.99000549316406,150.74000549316406,151.22999572753906,151.22999572753906,739800,USD,NYQ,America/New_York,Yahoo Finance
OC,2026-08-20,148.89999389648438,149.16000366210938,145.64999389648438,147.16000366210938,147.16000366210938,858800,USD,NYQ,America/New_York,Yahoo Finance
OC,2026-08-21,148.41000366210938,149.94000244140625,145.66000366210938,148.05999755859375,148.05999755859375,866800,USD,NYQ,America/New_York,Yahoo Finance
OC,2026-08-24,148.80999755859375,149.97000122070312,146.3699951171875,146.97000122070312,146.97000122070312,552300,USD,NYQ,America/New_York,Yahoo Finance
OC,2026-08-25,149.3000030517578,150.0,145.77999877929688,146.61000061035156,146.61000061035156,627800,USD,NYQ,America/New_York,Yahoo Finance
OC,2026-08-26,147.7100067138672,148.44000244140625,145.35000610351562,145.7100067138672,145.7100067138672,787700,USD,NYQ,America/New_York,Yahoo Finance
OC,2026-08-27,145.22999572753906,146.02000427246094,142.0500030517578,143.67999267578125,143.67999267578125,894000,USD,NYQ,America/New_York,Yahoo Finance
OC,2026-08-28,144.07000732421875,146.49000549316406,141.2100067138672,143.1300048828125,143.1300048828125,669600,USD,NYQ,America/New_York,Yahoo Finance
OC,2026-08-31,141.6999969482422,142.74000549316406,138.02000427246094,138.14999389648438,138.14999389648438,1241800,USD,NYQ,America/New_York,Yahoo Finance
OC,2026-09-01,136.35000610351562,137.6699981689453,133.5,133.67999267578125,133.67999267578125,1286900,USD,NYQ,America/New_York,Yahoo Finance
OC,2026-09-02,134.02000427246094,135.8699951171875,133.36000061035156,134.25,134.25,935400,USD,NYQ,America/New_York,Yahoo Finance
OC,2026-09-03,136.2100067138672,137.3000030517578,132.58999633789062,134.7100067138672,134.7100067138672,1142500,USD,NYQ,America/New_York,Yahoo Finance
OC,2026-09-04,134.25,139.7100067138672,133.72999572753906,138.72000122070312,138.72000122070312,1421300,USD,NYQ,America/New_York,Yahoo Finance
OC,2026-09-08,138.4499969482422,138.57000732421875,130.02000427246094,130.1999969482422,130.1999969482422,1365200,USD,NYQ,America/New_York,Yahoo Finance
OC,2026-09-09,129.64999389648438,130.47999572753906,128.3300018310547,128.6699981689453,128.6699981689453,840500,USD,NYQ,America/New_York,Yahoo Finance
OC,2026-09-10,126.36000061035156,127.7699966430664,124.9800033569336,127.48999786376953,127.48999786376953,1096000,USD,NYQ,America/New_York,Yahoo Finance
OC,2026-09-11,128.4199981689453,132.3800048828125,128.02000427246094,131.89999389648438,131.89999389648438,1582900,USD,NYQ,America/New_York,Yahoo Finance
OC,2026-09-14,128.5,130.72999572753906,128.5,128.9499969482422,128.9499969482422,982700,USD,NYQ,America/New_York,Yahoo Finance
OC,2026-09-15,129.44000244140625,130.72999572753906,127.16999816894531,128.6699981689453,128.6699981689453,1300300,USD,NYQ,America/New_York,Yahoo Finance
OC,2026-09-16,129.8000030517578,132.75999450683594,125.0999984741211,126.58999633789062,126.58999633789062,1098000,USD,NYQ,America/New_York,Yahoo Finance
OC,2026-09-17,129.89999389648438,130.33999633789062,123.94999694824219,124.5,124.5,994300,USD,NYQ,America/New_York,Yahoo Finance
OC,2026-09-18,123.80000305175781,124.58999633789062,122.33999633789062,123.9000015258789,123.9000015258789,1747200,USD,NYQ,America/New_York,Yahoo Finance
OC,2026-09-21,124.91999816894531,124.91999816894531,120.69000244140625,121.58999633789062,121.58999633789062,1945600,USD,NYQ,America/New_York,Yahoo Finance
OC,2026-09-22,124.47000122070312,127.80000305175781,123.79000091552734,126.66000366210938,126.66000366210938,1100400,USD,NYQ,America/New_York,Yahoo Finance
OC,2026-09-23,126.66000366210938,126.66000366210938,122.87999725341797,122.87999725341797,122.87999725341797,790400,USD,NYQ,America/New_York,Yahoo Finance
OC,2026-09-24,121.93000030517578,122.97000122070312,120.04000091552734,120.72000122070312,120.72000122070312,717700,USD,NYQ,America/New_York,Yahoo Finance
OC,2026-09-25,120.80000305175781,125.9000015258789,120.0,123.91000366210938,123.91000366210938,632300,USD,NYQ,America/New_York,Yahoo Finance
OC,2026-09-28,120.9800033569336,123.18000030517578,119.94000244140625,122.02999877929688,122.02999877929688,843700,USD,NYQ,America/New_York,Yahoo Finance
ODD,2026-08-17,12.569999694824219,12.6850004196167,11.779999732971191,12.09000015258789,12.09000015258789,1229200,USD,NGM,America/New_York,Yahoo Finance
ODD,2026-08-18,12.039999961853027,12.600000381469727,11.970000267028809,12.300000190734863,12.300000190734863,835700,USD,NGM,America/New_York,Yahoo Finance
ODD,2026-08-19,12.289999961853027,13.15999984741211,12.220000267028809,13.100000381469727,13.100000381469727,836600,USD,NGM,America/New_York,Yahoo Finance
ODD,2026-08-20,12.885000228881836,12.975000381469727,12.210000038146973,12.510000228881836,12.510000228881836,809200,USD,NGM,America/New_York,Yahoo Finance
ODD,2026-08-21,12.529999732971191,13.430000305175781,12.289999961853027,13.220000267028809,13.220000267028809,851700,USD,NGM,America/New_York,Yahoo Finance
ODD,2026-08-24,13.1899995803833,13.699999809265137,13.069999694824219,13.630000114440918,13.630000114440918,654000,USD,NGM,America/New_York,Yahoo Finance
ODD,2026-08-25,13.710000038146973,14.529999732971191,13.619999885559082,14.199999809265137,14.199999809265137,812600,USD,NGM,America/New_York,Yahoo Finance
ODD,2026-08-26,14.25,15.119999885559082,14.210000038146973,14.529999732971191,14.529999732971191,885000,USD,NGM,America/New_York,Yahoo Finance
ODD,2026-08-27,14.390000343322754,15.020000457763672,14.244999885559082,14.989999771118164,14.989999771118164,709000,USD,NGM,America/New_York,Yahoo Finance
ODD,2026-08-28,14.890000343322754,15.369999885559082,14.319999694824219,14.350000381469727,14.350000381469727,581700,USD,NGM,America/New_York,Yahoo Finance
ODD,2026-08-31,14.430000305175781,14.670000076293945,14.050000190734863,14.399999618530273,14.399999618530273,1074400,USD,NGM,America/New_York,Yahoo Finance
ODD,2026-09-01,14.489999771118164,15.175000190734863,14.069999694824219,14.140000343322754,14.140000343322754,655300,USD,NGM,America/New_York,Yahoo Finance
ODD,2026-09-02,14.119999885559082,14.699999809265137,14.050000190734863,14.489999771118164,14.489999771118164,761300,USD,NGM,America/New_York,Yahoo Finance
ODD,2026-09-03,14.829999923706055,15.119999885559082,14.069999694824219,14.130000114440918,14.130000114440918,674900,USD,NGM,America/New_York,Yahoo Finance
ODD,2026-09-04,13.920000076293945,14.0,13.229999542236328,13.75,13.75,799800,USD,NGM,America/New_York,Yahoo Finance
ODD,2026-09-08,13.529999732971191,13.746999740600586,12.989999771118164,13.024999618530273,13.024999618530273,1092300,USD,NGM,America/New_York,Yahoo Finance
ODD,2026-09-09,17.5,18.440000534057617,14.569999694824219,16.479999542236328,16.479999542236328,11916500,USD,NGM,America/New_York,Yahoo Finance
ODD,2026-09-10,16.3799991607666,17.280000686645508,15.449999809265137,16.010000228881836,16.010000228881836,2197700,USD,NGM,America/New_York,Yahoo Finance
ODD,2026-09-11,16.229999542236328,20.15999984741211,15.859999656677246,18.280000686645508,18.280000686645508,3662800,USD,NGM,America/New_York,Yahoo Finance
ODD,2026-09-14,18.18000030517578,19.18000030517578,17.670000076293945,18.81999969482422,18.81999969482422,1505900,USD,NGM,America/New_York,Yahoo Finance
ODD,2026-09-15,18.40999984741211,18.739999771118164,17.889999389648438,17.950000762939453,17.950000762939453,1318100,USD,NGM,America/New_York,Yahoo Finance
ODD,2026-09-16,18.139999389648438,18.8799991607666,17.982999801635742,18.139999389648438,18.139999389648438,1595800,USD,NGM,America/New_York,Yahoo Finance
ODD,2026-09-17,18.450000762939453,19.510000228881836,17.959999084472656,19.270000457763672,19.270000457763672,1692300,USD,NGM,America/New_York,Yahoo Finance
ODD,2026-09-18,19.059999465942383,19.15999984741211,17.829999923706055,18.110000610351562,18.110000610351562,3790700,USD,NGM,America/New_York,Yahoo Finance
ODD,2026-09-21,18.350000381469727,19.56999969482422,18.219999313354492,18.290000915527344,18.290000915527344,926300,USD,NGM,America/New_York,Yahoo Finance
ODD,2026-09-22,18.729999542236328,19.0,18.15999984741211,18.780000686645508,18.780000686645508,1027500,USD,NGM,America/New_York,Yahoo Finance
ODD,2026-09-23,18.920000076293945,18.920000076293945,17.5,17.829999923706055,17.829999923706055,882500,USD,NGM,America/New_York,Yahoo Finance
ODD,2026-09-24,17.739999771118164,18.360000610351562,17.631999969482422,18.06999969482422,18.06999969482422,661100,USD,NGM,America/New_York,Yahoo Finance
ODD,2026-09-25,18.270000457763672,18.799999237060547,17.861000061035156,18.639999389648438,18.639999389648438,712000,USD,NGM,America/New_York,Yahoo Finance
ODD,2026-09-28,18.1299991607666,18.200000762939453,17.3799991607666,17.600000381469727,17.600000381469727,780800,USD,NGM,America/New_York,Yahoo Finance
OKE,2026-08-17,95.16999816894531,95.4800033569336,94.31999969482422,95.31999969482422,95.31999969482422,3815700,USD,NYQ,America/New_York,Yahoo Finance
OKE,2026-08-18,96.54000091552734,97.9000015258789,96.33000183105469,97.06999969482422,97.06999969482422,5335500,USD,NYQ,America/New_York,Yahoo Finance
OKE,2026-08-19,97.68000030517578,97.9000015258789,95.33000183105469,96.01000213623047,96.01000213623047,3227600,USD,NYQ,America/New_York,Yahoo Finance
OKE,2026-08-20,97.04000091552734,97.55000305175781,94.41000366210938,94.5999984741211,94.5999984741211,2741000,USD,NYQ,America/New_York,Yahoo Finance
OKE,2026-08-21,95.05000305175781,95.33999633789062,92.91000366210938,93.33000183105469,93.33000183105469,3108000,USD,NYQ,America/New_York,Yahoo Finance
OKE,2026-08-24,93.29000091552734,93.94999694824219,92.16000366210938,93.0199966430664,93.0199966430664,3117700,USD,NYQ,America/New_York,Yahoo Finance
OKE,2026-08-25,91.95999908447266,92.94000244140625,91.66000366210938,91.69999694824219,91.69999694824219,2982800,USD,NYQ,America/New_York,Yahoo Finance
OKE,2026-08-26,91.4000015258789,95.02999877929688,91.12999725341797,94.9000015258789,94.9000015258789,3350100,USD,NYQ,America/New_York,Yahoo Finance
OKE,2026-08-27,94.38999938964844,95.41000366210938,92.9000015258789,94.72000122070312,94.72000122070312,2555500,USD,NYQ,America/New_York,Yahoo Finance
OKE,2026-08-28,95.25,95.87999725341797,94.55000305175781,94.76000213623047,94.76000213623047,2606000,USD,NYQ,America/New_York,Yahoo Finance
OKE,2026-08-31,96.48999786376953,97.4800033569336,94.51000213623047,96.01000213623047,96.01000213623047,5214800,USD,NYQ,America/New_York,Yahoo Finance
OKE,2026-09-01,97.69999694824219,99.8499984741211,95.27999877929688,95.69000244140625,95.69000244140625,4360800,USD,NYQ,America/New_York,Yahoo Finance
OKE,2026-09-02,95.16000366210938,96.72000122070312,94.41000366210938,96.01000213623047,96.01000213623047,3563900,USD,NYQ,America/New_York,Yahoo Finance
OKE,2026-09-03,96.45999908447266,96.9000015258789,95.44999694824219,95.75,95.75,2393800,USD,NYQ,America/New_York,Yahoo Finance
OKE,2026-09-04,94.9000015258789,95.58999633789062,94.08000183105469,95.43000030517578,95.43000030517578,3419900,USD,NYQ,America/New_York,Yahoo Finance
OKE,2026-09-08,96.0999984741211,97.83000183105469,95.0,97.51000213623047,97.51000213623047,2963600,USD,NYQ,America/New_York,Yahoo Finance
OKE,2026-09-09,98.94000244140625,99.30000305175781,95.19999694824219,95.81999969482422,95.81999969482422,4236300,USD,NYQ,America/New_York,Yahoo Finance
OKE,2026-09-10,96.66999816894531,96.66999816894531,94.95999908447266,95.72000122070312,95.72000122070312,2344700,USD,NYQ,America/New_York,Yahoo Finance
OKE,2026-09-11,96.05999755859375,97.19000244140625,95.47000122070312,96.62000274658203,96.62000274658203,2810600,USD,NYQ,America/New_York,Yahoo Finance
OKE,2026-09-14,97.5999984741211,99.04000091552734,95.97000122070312,96.97000122070312,96.97000122070312,3716700,USD,NYQ,America/New_York,Yahoo Finance
OKE,2026-09-15,96.87999725341797,97.66000366210938,94.41999816894531,94.72000122070312,94.72000122070312,4158400,USD,NYQ,America/New_York,Yahoo Finance
OKE,2026-09-16,93.3499984741211,94.43000030517578,91.87999725341797,92.69999694824219,92.69999694824219,2981200,USD,NYQ,America/New_York,Yahoo Finance
OKE,2026-09-17,92.1500015258789,94.05000305175781,91.75,93.22000122070312,93.22000122070312,3504700,USD,NYQ,America/New_York,Yahoo Finance
OKE,2026-09-18,92.62999725341797,95.01000213623047,92.27999877929688,93.45999908447266,93.45999908447266,12078000,USD,NYQ,America/New_York,Yahoo Finance
OKE,2026-09-21,92.58000183105469,93.11000061035156,91.62999725341797,91.80000305175781,91.80000305175781,3255000,USD,NYQ,America/New_York,Yahoo Finance
OKE,2026-09-22,91.43000030517578,92.80999755859375,90.08999633789062,90.08999633789062,90.08999633789062,3342000,USD,NYQ,America/New_York,Yahoo Finance
OKE,2026-09-23,90.75,91.9000015258789,89.9000015258789,90.54000091552734,90.54000091552734,3038200,USD,NYQ,America/New_York,Yahoo Finance
OKE,2026-09-24,91.51000213623047,92.16000366210938,90.37000274658203,91.18000030517578,91.18000030517578,2702700,USD,NYQ,America/New_York,Yahoo Finance
OKE,2026-09-25,90.69999694824219,90.72000122070312,87.73999786376953,88.62999725341797,88.62999725341797,2943900,USD,NYQ,America/New_York,Yahoo Finance
OKE,2026-09-28,89.5999984741211,89.62999725341797,88.27999877929688,88.62000274658203,88.62000274658203,3304100,USD,NYQ,America/New_York,Yahoo Finance
OMCL,2026-08-17,36.849998474121094,37.08000183105469,35.75,36.029998779296875,36.029998779296875,887400,USD,NMS,America/New_York,Yahoo Finance
OMCL,2026-08-18,36.310001373291016,37.2599983215332,35.849998474121094,35.970001220703125,35.970001220703125,947800,USD,NMS,America/New_York,Yahoo Finance
OMCL,2026-08-19,36.099998474121094,37.29999923706055,36.099998474121094,36.43000030517578,36.43000030517578,667400,USD,NMS,America/New_York,Yahoo Finance
OMCL,2026-08-20,36.209999084472656,36.54999923706055,35.29999923706055,35.5,35.5,582100,USD,NMS,America/New_York,Yahoo Finance
OMCL,2026-08-21,35.720001220703125,35.95000076293945,35.16999816894531,35.58000183105469,35.58000183105469,777100,USD,NMS,America/New_York,Yahoo Finance
OMCL,2026-08-24,35.560001373291016,35.65999984741211,34.439998626708984,34.65999984741211,34.65999984741211,512000,USD,NMS,America/New_York,Yahoo Finance
OMCL,2026-08-25,34.90999984741211,34.90999984741211,33.15999984741211,33.220001220703125,33.220001220703125,666900,USD,NMS,America/New_York,Yahoo Finance
OMCL,2026-08-26,33.220001220703125,33.880001068115234,32.959999084472656,33.45000076293945,33.45000076293945,627200,USD,NMS,America/New_York,Yahoo Finance
OMCL,2026-08-27,33.380001068115234,33.790000915527344,33.209999084472656,33.40999984741211,33.40999984741211,436700,USD,NMS,America/New_York,Yahoo Finance
OMCL,2026-08-28,33.52000045776367,33.7599983215332,32.869998931884766,33.08000183105469,33.08000183105469,538700,USD,NMS,America/New_York,Yahoo Finance
OMCL,2026-08-31,32.81999969482422,35.220001220703125,32.529998779296875,35.15999984741211,35.15999984741211,1038000,USD,NMS,America/New_York,Yahoo Finance
OMCL,2026-09-01,34.70000076293945,35.61000061035156,34.06999969482422,34.5099983215332,34.5099983215332,805500,USD,NMS,America/New_York,Yahoo Finance
OMCL,2026-09-02,34.5099983215332,35.290000915527344,34.2599983215332,34.709999084472656,34.709999084472656,634500,USD,NMS,America/New_York,Yahoo Finance
OMCL,2026-09-03,35.09000015258789,35.380001068115234,34.40999984741211,34.81999969482422,34.81999969482422,673300,USD,NMS,America/New_York,Yahoo Finance
OMCL,2026-09-04,34.36000061035156,34.70000076293945,34.0,34.369998931884766,34.369998931884766,873100,USD,NMS,America/New_York,Yahoo Finance
OMCL,2026-09-08,33.75,35.29999923706055,33.540000915527344,33.880001068115234,33.880001068115234,571100,USD,NMS,America/New_York,Yahoo Finance
OMCL,2026-09-09,33.4900016784668,33.68000030517578,32.83000183105469,33.63999938964844,33.63999938964844,467900,USD,NMS,America/New_York,Yahoo Finance
OMCL,2026-09-10,33.2599983215332,33.369998931884766,32.119998931884766,32.25,32.25,534300,USD,NMS,America/New_York,Yahoo Finance
OMCL,2026-09-11,32.880001068115234,33.02000045776367,32.31999969482422,32.790000915527344,32.790000915527344,483600,USD,NMS,America/New_York,Yahoo Finance
OMCL,2026-09-14,33.22999954223633,33.630001068115234,32.90999984741211,33.5099983215332,33.5099983215332,395700,USD,NMS,America/New_York,Yahoo Finance
OMCL,2026-09-15,33.130001068115234,33.349998474121094,32.22999954223633,32.630001068115234,32.630001068115234,642600,USD,NMS,America/New_York,Yahoo Finance
OMCL,2026-09-16,32.790000915527344,33.16999816894531,32.20000076293945,32.43000030517578,32.43000030517578,439300,USD,NMS,America/New_York,Yahoo Finance
OMCL,2026-09-17,32.7599983215332,33.220001220703125,32.2599983215332,32.619998931884766,32.619998931884766,394300,USD,NMS,America/New_York,Yahoo Finance
OMCL,2026-09-18,32.4900016784668,32.619998931884766,32.040000915527344,32.22999954223633,32.22999954223633,937200,USD,NMS,America/New_York,Yahoo Finance
OMCL,2026-09-21,32.43000030517578,32.56999969482422,31.979999542236328,32.43000030517578,32.43000030517578,434900,USD,NMS,America/New_York,Yahoo Finance
OMCL,2026-09-22,32.86000061035156,33.470001220703125,32.720001220703125,33.16999816894531,33.16999816894531,547200,USD,NMS,America/New_York,Yahoo Finance
OMCL,2026-09-23,33.16999816894531,33.58000183105469,32.400001525878906,32.9900016784668,32.9900016784668,437000,USD,NMS,America/New_York,Yahoo Finance
OMCL,2026-09-24,33.0099983215332,33.22999954223633,32.599998474121094,33.029998779296875,33.029998779296875,499200,USD,NMS,America/New_York,Yahoo Finance
OMCL,2026-09-25,33.04999923706055,33.72999954223633,32.630001068115234,33.65999984741211,33.65999984741211,508400,USD,NMS,America/New_York,Yahoo Finance
OMCL,2026-09-28,33.209999084472656,33.95000076293945,32.70000076293945,33.869998931884766,33.869998931884766,563600,USD,NMS,America/New_York,Yahoo Finance
OP-USD,2026-09-02,0.09518600255250931,0.09967300295829773,0.09317400306463242,0.09894099831581116,0.09894099831581116,76279612,USD,CCC,UTC,Yahoo Finance
OP-USD,2026-09-03,0.09894900023937225,0.10493899881839752,0.0970740020275116,0.10126599669456482,0.10126599669456482,87435010,USD,CCC,UTC,Yahoo Finance
OP-USD,2026-09-04,0.10126599669456482,0.10185199975967407,0.09553699940443039,0.09802299737930298,0.09802299737930298,56106831,USD,CCC,UTC,Yahoo Finance
OP-USD,2026-09-05,0.09802400320768356,0.11200899630784988,0.09798300266265869,0.10764200240373611,0.10764200240373611,90142600,USD,CCC,UTC,Yahoo Finance
OP-USD,2026-09-06,0.10762900114059448,0.11388000100851059,0.10701599717140198,0.11000200361013412,0.11000200361013412,121190179,USD,CCC,UTC,Yahoo Finance
OP-USD,2026-09-07,0.11000599712133408,0.11329899728298187,0.10766199976205826,0.11050599813461304,0.11050599813461304,88765109,USD,CCC,UTC,Yahoo Finance
OP-USD,2026-09-08,0.11050599813461304,0.11243599653244019,0.10479900240898132,0.10525599867105484,0.10525599867105484,77523482,USD,CCC,UTC,Yahoo Finance
OP-USD,2026-09-09,0.10525599867105484,0.10600300133228302,0.09837900102138519,0.09950000047683716,0.09950000047683716,68168476,USD,CCC,UTC,Yahoo Finance
OP-USD,2026-09-10,0.09950000047683716,0.0995739996433258,0.09380900114774704,0.09380900114774704,0.09380900114774704,60527197,USD,CCC,UTC,Yahoo Finance
OP-USD,2026-09-11,0.09380900114774704,0.1000949963927269,0.0927639976143837,0.095490001142025,0.095490001142025,57195741,USD,CCC,UTC,Yahoo Finance
OP-USD,2026-09-12,0.095490001142025,0.09803999960422516,0.09538300335407257,0.09575600177049637,0.09575600177049637,25551487,USD,CCC,UTC,Yahoo Finance
OP-USD,2026-09-13,0.09575600177049637,0.09884600341320038,0.09458299726247787,0.0947979986667633,0.0947979986667633,36139526,USD,CCC,UTC,Yahoo Finance
OP-USD,2026-09-14,0.09479700028896332,0.1051739975810051,0.09408099949359894,0.10210400074720383,0.10210400074720383,87293700,USD,CCC,UTC,Yahoo Finance
OP-USD,2026-09-15,0.10210700333118439,0.10396700352430344,0.09325099736452103,0.09368199855089188,0.09368199855089188,92884023,USD,CCC,UTC,Yahoo Finance
OP-USD,2026-09-16,0.09368199855089188,0.09614799916744232,0.09078100323677063,0.09576000273227692,0.09576000273227692,64529340,USD,CCC,UTC,Yahoo Finance
OP-USD,2026-09-17,0.09575700014829636,0.10154400020837784,0.09459900110960007,0.1010190024971962,0.1010190024971962,59682729,USD,CCC,UTC,Yahoo Finance
OP-USD,2026-09-18,0.1010190024971962,0.12139300256967545,0.1008009985089302,0.1208140030503273,0.1208140030503273,142445977,USD,CCC,UTC,Yahoo Finance
OP-USD,2026-09-19,0.12081699818372726,0.12859100103378296,0.11727199703454971,0.12153100222349167,0.12153100222349167,144154581,USD,CCC,UTC,Yahoo Finance
OP-USD,2026-09-20,0.12153299897909164,0.13278700411319733,0.11877799779176712,0.12511099874973297,0.12511099874973297,110535166,USD,CCC,UTC,Yahoo Finance
OP-USD,2026-09-21,0.12511099874973297,0.13128900527954102,0.12297800183296204,0.12743300199508667,0.12743300199508667,141851731,USD,CCC,UTC,Yahoo Finance
OP-USD,2026-09-22,0.12743699550628662,0.13774099946022034,0.12258800119161606,0.13508200645446777,0.13508200645446777,130159159,USD,CCC,UTC,Yahoo Finance
OP-USD,2026-09-23,0.13508300483226776,0.14055900275707245,0.1219249963760376,0.12278299778699875,0.12278299778699875,145555079,USD,CCC,UTC,Yahoo Finance
OP-USD,2026-09-24,0.12278299778699875,0.13867999613285065,0.12135100364685059,0.13158400356769562,0.13158400356769562,110432591,USD,CCC,UTC,Yahoo Finance
OP-USD,2026-09-25,0.13158200681209564,0.14892399311065674,0.1297599971294403,0.1463409960269928,0.1463409960269928,117293220,USD,CCC,UTC,Yahoo Finance
OP-USD,2026-09-26,0.14633800089359283,0.1500380039215088,0.14093999564647675,0.14402300119400024,0.14402300119400024,91490390,USD,CCC,UTC,Yahoo Finance
OP-USD,2026-09-27,0.14402300119400024,0.14923499524593353,0.14187400043010712,0.14919599890708923,0.14919599890708923,64795912,USD,CCC,UTC,Yahoo Finance
OP-USD,2026-09-28,0.14919599890708923,0.150300994515419,0.13210999965667725,0.1340779960155487,0.1340779960155487,101522675,USD,CCC,UTC,Yahoo Finance
OP-USD,2026-09-29,0.13408200442790985,0.1358879953622818,0.1280370056629181,0.12874099612236023,0.12874099612236023,104886080,USD,CCC,UTC,Yahoo Finance
OP-USD,2026-09-30,0.12874099612236023,0.13561199605464935,0.12783099710941315,0.12945500016212463,0.12945500016212463,117083078,USD,CCC,UTC,Yahoo Finance
OP-USD,2026-10-01,0.12945500016212463,0.13180500268936157,0.1259479969739914,0.12798599898815155,0.12798599898815155,104264544,USD,CCC,UTC,Yahoo Finance
OPK,2026-08-17,1.350000023841858,1.3799999952316284,1.3200000524520874,1.3600000143051147,1.3600000143051147,3044000,USD,NMS,America/New_York,Yahoo Finance
OPK,2026-08-18,1.3799999952316284,1.3899999856948853,1.3600000143051147,1.3600000143051147,1.3600000143051147,1602100,USD,NMS,America/New_York,Yahoo Finance
OPK,2026-08-19,1.3700000047683716,1.4800000190734863,1.3600000143051147,1.4600000381469727,1.4600000381469727,3365700,USD,NMS,America/New_York,Yahoo Finance
OPK,2026-08-20,1.440000057220459,1.4800000190734863,1.4199999570846558,1.4600000381469727,1.4600000381469727,2540500,USD,NMS,America/New_York,Yahoo Finance
OPK,2026-08-21,1.4700000286102295,1.5199999809265137,1.4600000381469727,1.4800000190734863,1.4800000190734863,2659400,USD,NMS,America/New_York,Yahoo Finance
OPK,2026-08-24,1.4900000095367432,1.5099999904632568,1.4700000286102295,1.4800000190734863,1.4800000190734863,1919900,USD,NMS,America/New_York,Yahoo Finance
OPK,2026-08-25,1.4900000095367432,1.5099999904632568,1.4700000286102295,1.4900000095367432,1.4900000095367432,2242300,USD,NMS,America/New_York,Yahoo Finance
OPK,2026-08-26,1.5,1.5199999809265137,1.4700000286102295,1.5099999904632568,1.5099999904632568,2889700,USD,NMS,America/New_York,Yahoo Finance
OPK,2026-08-27,1.4900000095367432,1.5299999713897705,1.4900000095367432,1.5,1.5,2710000,USD,NMS,America/New_York,Yahoo Finance
OPK,2026-08-28,1.4900000095367432,1.5,1.4600000381469727,1.4800000190734863,1.4800000190734863,2414400,USD,NMS,America/New_York,Yahoo Finance
OPK,2026-08-31,1.4800000190734863,1.4900000095367432,1.4600000381469727,1.4700000286102295,1.4700000286102295,2360600,USD,NMS,America/New_York,Yahoo Finance
OPK,2026-09-01,1.4700000286102295,1.5299999713897705,1.4700000286102295,1.5199999809265137,1.5199999809265137,3055400,USD,NMS,America/New_York,Yahoo Finance
OPK,2026-09-02,1.5499999523162842,1.7200000286102295,1.5399999618530273,1.690000057220459,1.690000057220459,7143600,USD,NMS,America/New_York,Yahoo Finance
OPK,2026-09-03,1.7100000381469727,1.7300000190734863,1.590000033378601,1.6100000143051147,1.6100000143051147,7548200,USD,NMS,America/New_York,Yahoo Finance
OPK,2026-09-04,1.590000033378601,1.649999976158142,1.5700000524520874,1.6399999856948853,1.6399999856948853,2349100,USD,NMS,America/New_York,Yahoo Finance
OPK,2026-09-08,1.6299999952316284,1.6299999952316284,1.5399999618530273,1.590000033378601,1.590000033378601,2575600,USD,NMS,America/New_York,Yahoo Finance
OPK,2026-09-09,1.5800000429153442,1.600000023841858,1.5299999713897705,1.5399999618530273,1.5399999618530273,1415800,USD,NMS,America/New_York,Yahoo Finance
OPK,2026-09-10,1.5299999713897705,1.5299999713897705,1.4800000190734863,1.4900000095367432,1.4900000095367432,1448000,USD,NMS,America/New_York,Yahoo Finance
OPK,2026-09-11,1.4900000095367432,1.5800000429153442,1.4700000286102295,1.5700000524520874,1.5700000524520874,5180500,USD,NMS,America/New_York,Yahoo Finance
OPK,2026-09-14,1.590000033378601,1.600000023841858,1.5399999618530273,1.559999942779541,1.559999942779541,2147200,USD,NMS,America/New_York,Yahoo Finance
OPK,2026-09-15,1.5700000524520874,1.590000033378601,1.5399999618530273,1.5700000524520874,1.5700000524520874,1423100,USD,NMS,America/New_York,Yahoo Finance
OPK,2026-09-16,1.590000033378601,1.649999976158142,1.5800000429153442,1.6100000143051147,1.6100000143051147,2289300,USD,NMS,America/New_York,Yahoo Finance
OPK,2026-09-17,1.6399999856948853,1.649999976158142,1.6100000143051147,1.6200000047683716,1.6200000047683716,1709300,USD,NMS,America/New_York,Yahoo Finance
OPK,2026-09-18,1.6200000047683716,1.6799999475479126,1.6100000143051147,1.6699999570846558,1.6699999570846558,5344200,USD,NMS,America/New_York,Yahoo Finance
OPK,2026-09-21,1.6699999570846558,1.690000057220459,1.6399999856948853,1.690000057220459,1.690000057220459,1781200,USD,NMS,America/New_York,Yahoo Finance
OPK,2026-09-22,1.7000000476837158,1.75,1.690000057220459,1.7300000190734863,1.7300000190734863,3476900,USD,NMS,America/New_York,Yahoo Finance
OPK,2026-09-23,1.7100000381469727,1.7400000095367432,1.6799999475479126,1.7000000476837158,1.7000000476837158,1783700,USD,NMS,America/New_York,Yahoo Finance
OPK,2026-09-24,1.690000057220459,1.7000000476837158,1.6200000047683716,1.6399999856948853,1.6399999856948853,2695100,USD,NMS,America/New_York,Yahoo Finance
OPK,2026-09-25,1.649999976158142,1.659999966621399,1.6200000047683716,1.6399999856948853,1.6399999856948853,1531300,USD,NMS,America/New_York,Yahoo Finance
OPK,2026-09-28,1.6399999856948853,1.649999976158142,1.6100000143051147,1.6299999952316284,1.6299999952316284,1608600,USD,NMS,America/New_York,Yahoo Finance
PBR,2026-08-17,18.190000534057617,18.280000686645508,17.93000030517578,18.25,17.72997283935547,19812200,USD,NYQ,America/New_York,Yahoo Finance
PBR,2026-08-18,18.489999771118164,18.540000915527344,18.110000610351562,18.18000030517578,17.661968231201172,12909200,USD,NYQ,America/New_York,Yahoo Finance
PBR,2026-08-19,18.690000534057617,18.950000762939453,18.5,18.540000915527344,18.01171112060547,17680900,USD,NYQ,America/New_York,Yahoo Finance
PBR,2026-08-20,18.790000915527344,19.260000228881836,18.760000228881836,19.010000228881836,18.46831703186035,26884700,USD,NYQ,America/New_York,Yahoo Finance
PBR,2026-08-21,19.139999389648438,19.280000686645508,19.030000686645508,19.149999618530273,18.604328155517578,17485800,USD,NYQ,America/New_York,Yahoo Finance
PBR,2026-08-24,18.700000762939453,18.729999542236328,18.40999984741211,18.600000381469727,18.07000160217285,19897900,USD,NYQ,America/New_York,Yahoo Finance
PBR,2026-08-25,18.079999923706055,18.1299991607666,17.700000762939453,17.850000381469727,17.850000381469727,28754000,USD,NYQ,America/New_York,Yahoo Finance
PBR,2026-08-26,17.729999542236328,18.110000610351562,17.559999465942383,17.760000228881836,17.760000228881836,28993400,USD,NYQ,America/New_York,Yahoo Finance
PBR,2026-08-27,17.790000915527344,18.389999389648438,17.540000915527344,18.25,18.25,19637000,USD,NYQ,America/New_York,Yahoo Finance
PBR,2026-08-28,18.309999465942383,18.540000915527344,18.18000030517578,18.530000686645508,18.530000686645508,22085100,USD,NYQ,America/New_York,Yahoo Finance
PBR,2026-08-31,19.18000030517578,19.489999771118164,18.950000762939453,19.350000381469727,19.350000381469727,21217400,USD,NYQ,America/New_York,Yahoo Finance
PBR,2026-09-01,19.68000030517578,20.34000015258789,19.649999618530273,20.329999923706055,20.329999923706055,31122500,USD,NYQ,America/New_York,Yahoo Finance
PBR,2026-09-02,20.209999084472656,21.010000228881836,20.1200008392334,20.860000610351562,20.860000610351562,24307100,USD,NYQ,America/New_York,Yahoo Finance
PBR,2026-09-03,21.18000030517578,21.260000228881836,20.469999313354492,20.510000228881836,20.510000228881836,27964000,USD,NYQ,America/New_York,Yahoo Finance
PBR,2026-09-04,20.25,20.459999084472656,20.1200008392334,20.1200008392334,20.1200008392334,18780100,USD,NYQ,America/New_York,Yahoo Finance
PBR,2026-09-08,20.65999984741211,21.030000686645508,20.549999237060547,20.829999923706055,20.829999923706055,28808600,USD,NYQ,America/New_York,Yahoo Finance
PBR,2026-09-09,21.110000610351562,21.25,20.799999237060547,20.93000030517578,20.93000030517578,27182900,USD,NYQ,America/New_York,Yahoo Finance
PBR,2026-09-10,21.139999389648438,21.59000015258789,20.829999923706055,21.3799991607666,21.3799991607666,34560100,USD,NYQ,America/New_York,Yahoo Finance
PBR,2026-09-11,21.209999084472656,21.350000381469727,20.93000030517578,21.200000762939453,21.200000762939453,18240000,USD,NYQ,America/New_York,Yahoo Finance
PBR,2026-09-14,21.229999542236328,21.329999923706055,20.979999542236328,21.149999618530273,21.149999618530273,13638700,USD,NYQ,America/New_York,Yahoo Finance
PBR,2026-09-15,21.18000030517578,21.989999771118164,21.18000030517578,21.770000457763672,21.770000457763672,23839300,USD,NYQ,America/New_York,Yahoo Finance
PBR,2026-09-16,21.420000076293945,21.43000030517578,20.809999465942383,20.90999984741211,20.90999984741211,24618000,USD,NYQ,America/New_York,Yahoo Finance
PBR,2026-09-17,20.780000686645508,21.09000015258789,20.579999923706055,20.940000534057617,20.940000534057617,12777900,USD,NYQ,America/New_York,Yahoo Finance
PBR,2026-09-18,20.75,20.899999618530273,20.68000030517578,20.799999237060547,20.799999237060547,15002300,USD,NYQ,America/New_York,Yahoo Finance
PBR,2026-09-21,20.739999771118164,20.940000534057617,20.540000915527344,20.6299991607666,20.6299991607666,22402000,USD,NYQ,America/New_York,Yahoo Finance
PBR,2026-09-22,20.3799991607666,20.81999969482422,20.239999771118164,20.760000228881836,20.760000228881836,20922300,USD,NYQ,America/New_York,Yahoo Finance
PBR,2026-09-23,21.149999618530273,21.43000030517578,20.979999542236328,21.139999389648438,21.139999389648438,27529900,USD,NYQ,America/New_York,Yahoo Finance
PBR,2026-09-24,21.139999389648438,21.420000076293945,20.829999923706055,20.84000015258789,20.84000015258789,15939800,USD,NYQ,America/New_York,Yahoo Finance
PBR,2026-09-25,20.510000228881836,20.579999923706055,20.200000762939453,20.3700008392334,20.3700008392334,14923600,USD,NYQ,America/New_York,Yahoo Finance
PBR,2026-09-28,20.600000381469727,20.920000076293945,20.520000457763672,20.649999618530273,20.649999618530273,18484800,USD,NYQ,America/New_York,Yahoo Finance
PFSI,2026-08-17,77.51000213623047,77.51000213623047,76.02999877929688,76.30999755859375,76.30999755859375,251000,USD,NYQ,America/New_York,Yahoo Finance
PFSI,2026-08-18,76.9000015258789,77.04000091552734,75.23999786376953,75.30000305175781,75.30000305175781,394400,USD,NYQ,America/New_York,Yahoo Finance
PFSI,2026-08-19,76.33000183105469,78.94000244140625,76.1500015258789,76.83999633789062,76.83999633789062,484200,USD,NYQ,America/New_York,Yahoo Finance
PFSI,2026-08-20,76.08999633789062,76.27999877929688,74.80000305175781,75.73999786376953,75.73999786376953,406600,USD,NYQ,America/New_York,Yahoo Finance
PFSI,2026-08-21,76.0199966430664,76.26000213623047,74.7300033569336,75.08999633789062,75.08999633789062,349200,USD,NYQ,America/New_York,Yahoo Finance
PFSI,2026-08-24,75.58000183105469,76.0,75.01000213623047,75.18000030517578,75.18000030517578,337900,USD,NYQ,America/New_York,Yahoo Finance
PFSI,2026-08-25,75.6500015258789,75.9000015258789,73.38999938964844,74.16000366210938,74.16000366210938,508400,USD,NYQ,America/New_York,Yahoo Finance
PFSI,2026-08-26,74.1500015258789,74.1500015258789,72.80999755859375,72.9000015258789,72.9000015258789,416300,USD,NYQ,America/New_York,Yahoo Finance
PFSI,2026-08-27,72.58999633789062,73.9800033569336,72.0999984741211,73.58999633789062,73.58999633789062,456200,USD,NYQ,America/New_York,Yahoo Finance
PFSI,2026-08-28,74.31999969482422,74.5,73.27999877929688,73.37999725341797,73.37999725341797,394300,USD,NYQ,America/New_York,Yahoo Finance
PFSI,2026-08-31,72.98999786376953,73.80000305175781,72.2300033569336,73.11000061035156,73.11000061035156,591600,USD,NYQ,America/New_York,Yahoo Finance
PFSI,2026-09-01,72.41999816894531,72.87000274658203,70.66999816894531,70.77999877929688,70.77999877929688,613500,USD,NYQ,America/New_York,Yahoo Finance
PFSI,2026-09-02,71.0999984741211,73.19000244140625,71.0999984741211,72.18000030517578,72.18000030517578,565800,USD,NYQ,America/New_York,Yahoo Finance
PFSI,2026-09-03,73.1500015258789,73.97000122070312,72.6500015258789,73.2300033569336,73.2300033569336,416300,USD,NYQ,America/New_York,Yahoo Finance
PFSI,2026-09-04,72.45999908447266,73.75,72.45999908447266,73.29000091552734,73.29000091552734,456700,USD,NYQ,America/New_York,Yahoo Finance
PFSI,2026-09-08,72.47000122070312,73.30999755859375,71.94000244140625,72.04000091552734,72.04000091552734,716400,USD,NYQ,America/New_York,Yahoo Finance
PFSI,2026-09-09,71.77999877929688,72.11000061035156,70.68000030517578,70.91000366210938,70.91000366210938,403100,USD,NYQ,America/New_York,Yahoo Finance
PFSI,2026-09-10,70.04000091552734,72.1500015258789,69.12000274658203,69.80999755859375,69.80999755859375,459500,USD,NYQ,America/New_York,Yahoo Finance
PFSI,2026-09-11,70.66999816894531,71.47000122070312,70.0,70.36000061035156,70.36000061035156,329600,USD,NYQ,America/New_York,Yahoo Finance
PFSI,2026-09-14,70.01000213623047,70.80999755859375,68.94000244140625,68.97000122070312,68.97000122070312,443300,USD,NYQ,America/New_York,Yahoo Finance
PFSI,2026-09-15,69.18000030517578,69.19999694824219,67.54000091552734,68.05000305175781,68.05000305175781,1036200,USD,NYQ,America/New_York,Yahoo Finance
PFSI,2026-09-16,67.51000213623047,68.22000122070312,65.02999877929688,65.94999694824219,65.94999694824219,981900,USD,NYQ,America/New_York,Yahoo Finance
PFSI,2026-09-17,66.55000305175781,67.37000274658203,66.05999755859375,66.51000213623047,66.51000213623047,588300,USD,NYQ,America/New_York,Yahoo Finance
PFSI,2026-09-18,66.16000366210938,67.11000061035156,65.80000305175781,66.36000061035156,66.36000061035156,742800,USD,NYQ,America/New_York,Yahoo Finance
PFSI,2026-09-21,66.43000030517578,67.06999969482422,65.9800033569336,66.5999984741211,66.5999984741211,467500,USD,NYQ,America/New_York,Yahoo Finance
PFSI,2026-09-22,67.47000122070312,67.7300033569336,66.19000244140625,66.95999908447266,66.95999908447266,463800,USD,NYQ,America/New_York,Yahoo Finance
PFSI,2026-09-23,66.5,66.58999633789062,65.12000274658203,65.61000061035156,65.61000061035156,808600,USD,NYQ,America/New_York,Yahoo Finance
PFSI,2026-09-24,65.66000366210938,65.69999694824219,64.56999969482422,65.26000213623047,65.26000213623047,762400,USD,NYQ,America/New_York,Yahoo Finance
PFSI,2026-09-25,65.22000122070312,66.11000061035156,64.95999908447266,65.45999908447266,65.45999908447266,412200,USD,NYQ,America/New_York,Yahoo Finance
PFSI,2026-09-28,64.80000305175781,64.97000122070312,63.22999954223633,63.65999984741211,63.65999984741211,451100,USD,NYQ,America/New_York,Yahoo Finance
PGR,2026-08-17,208.77999877929688,209.6999969482422,203.17999267578125,203.83999633789062,203.83999633789062,2735600,USD,NYQ,America/New_York,Yahoo Finance
PGR,2026-08-18,207.6999969482422,208.07000732421875,205.63999938964844,207.22999572753906,207.22999572753906,3372000,USD,NYQ,America/New_York,Yahoo Finance
PGR,2026-08-19,207.57000732421875,217.66000366210938,207.57000732421875,217.27000427246094,217.27000427246094,4890800,USD,NYQ,America/New_York,Yahoo Finance
PGR,2026-08-20,218.8000030517578,223.8000030517578,217.55999755859375,220.33999633789062,220.33999633789062,3929900,USD,NYQ,America/New_York,Yahoo Finance
PGR,2026-08-21,221.27000427246094,221.5399932861328,218.16000366210938,219.27999877929688,219.27999877929688,1893000,USD,NYQ,America/New_York,Yahoo Finance
PGR,2026-08-24,220.39999389648438,224.72999572753906,220.07000732421875,223.9199981689453,223.9199981689453,1842500,USD,NYQ,America/New_York,Yahoo Finance
PGR,2026-08-25,222.33999633789062,222.5800018310547,220.19000244140625,222.08999633789062,222.08999633789062,1216300,USD,NYQ,America/New_York,Yahoo Finance
PGR,2026-08-26,222.10000610351562,224.25999450683594,221.9499969482422,222.50999450683594,222.50999450683594,1447000,USD,NYQ,America/New_York,Yahoo Finance
PGR,2026-08-27,221.1699981689453,221.19000244140625,215.97999572753906,217.64999389648438,217.64999389648438,1518900,USD,NYQ,America/New_York,Yahoo Finance
PGR,2026-08-28,218.27000427246094,220.07000732421875,217.52000427246094,218.63999938964844,218.63999938964844,924700,USD,NYQ,America/New_York,Yahoo Finance
PGR,2026-08-31,218.19000244140625,219.13999938964844,216.4600067138672,218.0800018310547,218.0800018310547,1748400,USD,NYQ,America/New_York,Yahoo Finance
PGR,2026-09-01,219.5,220.72000122070312,218.0,220.5399932861328,220.5399932861328,2364200,USD,NYQ,America/New_York,Yahoo Finance
PGR,2026-09-02,221.1699981689453,223.44000244140625,219.9199981689453,221.3800048828125,221.3800048828125,1670900,USD,NYQ,America/New_York,Yahoo Finance
PGR,2026-09-03,222.9199981689453,225.4499969482422,221.47000122070312,223.8699951171875,223.8699951171875,2440600,USD,NYQ,America/New_York,Yahoo Finance
PGR,2026-09-04,221.72000122070312,222.85000610351562,218.25999450683594,218.9499969482422,218.9499969482422,1930900,USD,NYQ,America/New_York,Yahoo Finance
PGR,2026-09-08,216.61000061035156,217.5500030517578,214.25,214.89999389648438,214.89999389648438,1912000,USD,NYQ,America/New_York,Yahoo Finance
PGR,2026-09-09,214.0,215.52000427246094,212.6300048828125,215.5,215.5,1655600,USD,NYQ,America/New_York,Yahoo Finance
PGR,2026-09-10,218.27000427246094,219.0,215.1300048828125,216.19000244140625,216.19000244140625,1303200,USD,NYQ,America/New_York,Yahoo Finance
PGR,2026-09-11,218.36000061035156,218.36000061035156,214.86000061035156,217.6199951171875,217.6199951171875,1643500,USD,NYQ,America/New_York,Yahoo Finance
PGR,2026-09-14,219.6999969482422,222.0800018310547,219.0399932861328,221.02000427246094,221.02000427246094,1525100,USD,NYQ,America/New_York,Yahoo Finance
PGR,2026-09-15,220.0,221.57000732421875,219.2100067138672,221.30999755859375,221.30999755859375,2017100,USD,NYQ,America/New_York,Yahoo Finance
PGR,2026-09-16,220.10000610351562,220.9600067138672,216.22999572753906,216.99000549316406,216.99000549316406,1645800,USD,NYQ,America/New_York,Yahoo Finance
PGR,2026-09-17,217.2100067138672,217.97999572753906,214.0500030517578,216.2899932861328,216.2899932861328,3925700,USD,NYQ,America/New_York,Yahoo Finance
PGR,2026-09-18,214.05999755859375,215.13999938964844,212.38999938964844,213.47999572753906,213.47999572753906,6113500,USD,NYQ,America/New_York,Yahoo Finance
PGR,2026-09-21,214.11000061035156,215.55999755859375,211.83999633789062,212.24000549316406,212.24000549316406,2203800,USD,NYQ,America/New_York,Yahoo Finance
PGR,2026-09-22,211.5,211.69000244140625,203.64999389648438,206.94000244140625,206.94000244140625,4808000,USD,NYQ,America/New_York,Yahoo Finance
PGR,2026-09-23,206.02999877929688,209.27000427246094,202.5800018310547,203.1300048828125,203.1300048828125,4312100,USD,NYQ,America/New_York,Yahoo Finance
PGR,2026-09-24,204.2899932861328,205.0800018310547,200.9600067138672,202.1699981689453,202.1699981689453,5083500,USD,NYQ,America/New_York,Yahoo Finance
PGR,2026-09-25,202.5,205.85000610351562,201.60000610351562,205.5,205.5,2826800,USD,NYQ,America/New_York,Yahoo Finance
PGR,2026-09-28,205.89999389648438,209.7899932861328,204.97000122070312,209.47000122070312,209.47000122070312,3548300,USD,NYQ,America/New_York,Yahoo Finance
PII,2026-08-17,68.37999725341797,69.16999816894531,67.73999786376953,68.33000183105469,67.61006927490234,732300,USD,NYQ,America/New_York,Yahoo Finance
PII,2026-08-18,67.98999786376953,68.88999938964844,66.80999755859375,67.61000061035156,66.89765930175781,418700,USD,NYQ,America/New_York,Yahoo Finance
PII,2026-08-19,68.33999633789062,69.48999786376953,65.55999755859375,66.0,65.30461883544922,619300,USD,NYQ,America/New_York,Yahoo Finance
PII,2026-08-20,64.95999908447266,64.95999908447266,63.45000076293945,64.43000030517578,63.75115966796875,692000,USD,NYQ,America/New_York,Yahoo Finance
PII,2026-08-21,65.2300033569336,65.5999984741211,64.13999938964844,64.38999938964844,63.71158218383789,713500,USD,NYQ,America/New_York,Yahoo Finance
PII,2026-08-24,64.0,64.66000366210938,63.650001525878906,64.33999633789062,63.662105560302734,611300,USD,NYQ,America/New_York,Yahoo Finance
PII,2026-08-25,65.06999969482422,65.08999633789062,62.599998474121094,63.560001373291016,62.89032745361328,1120400,USD,NYQ,America/New_York,Yahoo Finance
PII,2026-08-26,63.68000030517578,64.54000091552734,63.0,63.7400016784668,63.06843185424805,813100,USD,NYQ,America/New_York,Yahoo Finance
PII,2026-08-27,63.61000061035156,64.68000030517578,63.0099983215332,63.849998474121094,63.177268981933594,1212400,USD,NYQ,America/New_York,Yahoo Finance
PII,2026-08-28,64.16999816894531,64.61000061035156,62.2400016784668,63.779998779296875,63.108009338378906,993400,USD,NYQ,America/New_York,Yahoo Finance
PII,2026-08-31,63.720001220703125,64.68000030517578,62.709999084472656,64.54000091552734,63.86000442504883,734900,USD,NYQ,America/New_York,Yahoo Finance
PII,2026-09-01,62.790000915527344,63.45000076293945,60.93000030517578,61.380001068115234,61.380001068115234,711400,USD,NYQ,America/New_York,Yahoo Finance
PII,2026-09-02,61.900001525878906,64.11000061035156,61.22999954223633,61.720001220703125,61.720001220703125,669700,USD,NYQ,America/New_York,Yahoo Finance
PII,2026-09-03,61.849998474121094,62.22999954223633,59.11000061035156,61.09000015258789,61.09000015258789,809700,USD,NYQ,America/New_York,Yahoo Finance
PII,2026-09-04,61.08000183105469,63.54999923706055,61.0,62.52000045776367,62.52000045776367,537300,USD,NYQ,America/New_York,Yahoo Finance
PII,2026-09-08,63.08000183105469,63.09000015258789,61.279998779296875,61.380001068115234,61.380001068115234,586300,USD,NYQ,America/New_York,Yahoo Finance
PII,2026-09-09,60.709999084472656,61.47999954223633,59.25,59.2599983215332,59.2599983215332,675400,USD,NYQ,America/New_York,Yahoo Finance
PII,2026-09-10,59.029998779296875,59.13999938964844,57.869998931884766,57.939998626708984,57.939998626708984,850200,USD,NYQ,America/New_York,Yahoo Finance
PII,2026-09-11,58.86000061035156,59.66999816894531,58.349998474121094,58.5099983215332,58.5099983215332,575800,USD,NYQ,America/New_York,Yahoo Finance
PII,2026-09-14,58.029998779296875,59.84000015258789,57.7400016784668,58.91999816894531,58.91999816894531,786300,USD,NYQ,America/New_York,Yahoo Finance
PII,2026-09-15,58.970001220703125,59.06999969482422,57.5,57.88999938964844,57.88999938964844,556300,USD,NYQ,America/New_York,Yahoo Finance
PII,2026-09-16,58.2400016784668,58.65999984741211,54.099998474121094,55.279998779296875,55.279998779296875,1268900,USD,NYQ,America/New_York,Yahoo Finance
PII,2026-09-17,56.4900016784668,56.5099983215332,55.25,55.70000076293945,55.70000076293945,663600,USD,NYQ,America/New_York,Yahoo Finance
PII,2026-09-18,55.150001525878906,55.849998474121094,53.11000061035156,54.06999969482422,54.06999969482422,1384000,USD,NYQ,America/New_York,Yahoo Finance
PII,2026-09-21,54.0,55.310001373291016,53.04999923706055,54.40999984741211,54.40999984741211,1256000,USD,NYQ,America/New_York,Yahoo Finance
PII,2026-09-22,55.63999938964844,56.40999984741211,53.02000045776367,53.970001220703125,53.970001220703125,997400,USD,NYQ,America/New_York,Yahoo Finance
PII,2026-09-23,53.2599983215332,53.599998474121094,52.0099983215332,52.939998626708984,52.939998626708984,787300,USD,NYQ,America/New_York,Yahoo Finance
PII,2026-09-24,53.0,53.470001220703125,51.790000915527344,52.380001068115234,52.380001068115234,844900,USD,NYQ,America/New_York,Yahoo Finance
PII,2026-09-25,52.65999984741211,53.2400016784668,52.09000015258789,53.029998779296875,53.029998779296875,710400,USD,NYQ,America/New_York,Yahoo Finance
PII,2026-09-28,52.58000183105469,52.970001220703125,51.58000183105469,52.29999923706055,52.29999923706055,751600,USD,NYQ,America/New_York,Yahoo Finance
POST,2026-08-17,79.8499984741211,80.5999984741211,78.7300033569336,79.3499984741211,79.3499984741211,892900,USD,NYQ,America/New_York,Yahoo Finance
POST,2026-08-18,80.54000091552734,81.0,79.11000061035156,79.81999969482422,79.81999969482422,1174500,USD,NYQ,America/New_York,Yahoo Finance
POST,2026-08-19,80.33000183105469,81.43000030517578,78.73999786376953,78.8499984741211,78.8499984741211,905100,USD,NYQ,America/New_York,Yahoo Finance
POST,2026-08-20,78.52999877929688,79.31999969482422,77.13999938964844,78.5199966430664,78.5199966430664,1007500,USD,NYQ,America/New_York,Yahoo Finance
POST,2026-08-21,78.69999694824219,80.87000274658203,78.5999984741211,80.5,80.5,874900,USD,NYQ,America/New_York,Yahoo Finance
POST,2026-08-24,81.0,83.45999908447266,80.69999694824219,82.37999725341797,82.37999725341797,777000,USD,NYQ,America/New_York,Yahoo Finance
POST,2026-08-25,81.9000015258789,82.29000091552734,80.3499984741211,81.05999755859375,81.05999755859375,709200,USD,NYQ,America/New_York,Yahoo Finance
POST,2026-08-26,81.44000244140625,83.41000366210938,80.8499984741211,81.97000122070312,81.97000122070312,607900,USD,NYQ,America/New_York,Yahoo Finance
POST,2026-08-27,80.69999694824219,82.98999786376953,79.6500015258789,81.48999786376953,81.48999786376953,990600,USD,NYQ,America/New_York,Yahoo Finance
POST,2026-08-28,81.7300033569336,85.44999694824219,81.7300033569336,85.3499984741211,85.3499984741211,886900,USD,NYQ,America/New_York,Yahoo Finance
POST,2026-08-31,84.91000366210938,85.94999694824219,83.20999908447266,83.36000061035156,83.36000061035156,876400,USD,NYQ,America/New_York,Yahoo Finance
POST,2026-09-01,83.19000244140625,84.94000244140625,83.19000244140625,83.58999633789062,83.58999633789062,850500,USD,NYQ,America/New_York,Yahoo Finance
POST,2026-09-02,83.76000213623047,86.41000366210938,83.63999938964844,84.31999969482422,84.31999969482422,1338200,USD,NYQ,America/New_York,Yahoo Finance
POST,2026-09-03,84.44999694824219,85.11000061035156,83.44000244140625,84.26000213623047,84.26000213623047,652700,USD,NYQ,America/New_York,Yahoo Finance
POST,2026-09-04,83.41999816894531,85.18000030517578,83.29000091552734,84.63999938964844,84.63999938964844,823400,USD,NYQ,America/New_York,Yahoo Finance
POST,2026-09-08,84.38999938964844,84.38999938964844,82.12999725341797,82.36000061035156,82.36000061035156,1123000,USD,NYQ,America/New_York,Yahoo Finance
POST,2026-09-09,81.91999816894531,82.62999725341797,80.76000213623047,81.06999969482422,81.06999969482422,878400,USD,NYQ,America/New_York,Yahoo Finance
POST,2026-09-10,81.72000122070312,82.0,79.81999969482422,80.27999877929688,80.27999877929688,593300,USD,NYQ,America/New_York,Yahoo Finance
POST,2026-09-11,80.47000122070312,80.77999877929688,79.63999938964844,80.19000244140625,80.19000244140625,557400,USD,NYQ,America/New_York,Yahoo Finance
POST,2026-09-14,81.2699966430664,81.66000366210938,79.0,79.37000274658203,79.37000274658203,1261600,USD,NYQ,America/New_York,Yahoo Finance
POST,2026-09-15,78.69999694824219,78.93000030517578,76.95999908447266,77.16999816894531,77.16999816894531,1443700,USD,NYQ,America/New_York,Yahoo Finance
POST,2026-09-16,76.38999938964844,79.66999816894531,76.38999938964844,78.48999786376953,78.48999786376953,929500,USD,NYQ,America/New_York,Yahoo Finance
POST,2026-09-17,79.16999816894531,79.16999816894531,77.2699966430664,77.86000061035156,77.86000061035156,1051300,USD,NYQ,America/New_York,Yahoo Finance
POST,2026-09-18,77.4000015258789,77.44000244140625,75.91999816894531,76.56999969482422,76.56999969482422,2075000,USD,NYQ,America/New_York,Yahoo Finance
POST,2026-09-21,76.5,77.5,74.58999633789062,75.26000213623047,75.26000213623047,1230100,USD,NYQ,America/New_York,Yahoo Finance
POST,2026-09-22,75.61000061035156,76.9000015258789,74.88999938964844,75.97000122070312,75.97000122070312,1183600,USD,NYQ,America/New_York,Yahoo Finance
POST,2026-09-23,76.08999633789062,76.38999938964844,75.3499984741211,75.80999755859375,75.80999755859375,790500,USD,NYQ,America/New_York,Yahoo Finance
POST,2026-09-24,76.02999877929688,76.44000244140625,74.12999725341797,74.13999938964844,74.13999938964844,665600,USD,NYQ,America/New_York,Yahoo Finance
POST,2026-09-25,74.08999633789062,74.11000061035156,72.73999786376953,73.1500015258789,73.1500015258789,723100,USD,NYQ,America/New_York,Yahoo Finance
POST,2026-09-28,72.8499984741211,75.22000122070312,72.5199966430664,74.87000274658203,74.87000274658203,829200,USD,NYQ,America/New_York,Yahoo Finance
PRGS,2026-08-17,43.029998779296875,43.33000183105469,42.5099983215332,42.86000061035156,42.86000061035156,306800,USD,NMS,America/New_York,Yahoo Finance
PRGS,2026-08-18,43.36000061035156,43.9900016784668,42.869998931884766,43.220001220703125,43.220001220703125,327900,USD,NMS,America/New_York,Yahoo Finance
PRGS,2026-08-19,42.959999084472656,44.130001068115234,42.959999084472656,43.83000183105469,43.83000183105469,534000,USD,NMS,America/New_York,Yahoo Finance
PRGS,2026-08-20,43.790000915527344,44.029998779296875,43.11000061035156,43.209999084472656,43.209999084472656,264800,USD,NMS,America/New_York,Yahoo Finance
PRGS,2026-08-21,43.45000076293945,44.68000030517578,42.599998474121094,44.36000061035156,44.36000061035156,439400,USD,NMS,America/New_York,Yahoo Finance
PRGS,2026-08-24,44.16999816894531,44.9900016784668,43.380001068115234,43.41999816894531,43.41999816894531,331700,USD,NMS,America/New_York,Yahoo Finance
PRGS,2026-08-25,43.130001068115234,43.77000045776367,42.689998626708984,43.279998779296875,43.279998779296875,318500,USD,NMS,America/New_York,Yahoo Finance
PRGS,2026-08-26,42.59000015258789,43.880001068115234,42.209999084472656,43.529998779296875,43.529998779296875,374100,USD,NMS,America/New_York,Yahoo Finance
PRGS,2026-08-27,44.06999969482422,45.47999954223633,43.93000030517578,45.220001220703125,45.220001220703125,356800,USD,NMS,America/New_York,Yahoo Finance
PRGS,2026-08-28,45.0,45.47999954223633,44.47999954223633,44.7599983215332,44.7599983215332,430400,USD,NMS,America/New_York,Yahoo Finance
PRGS,2026-08-31,44.290000915527344,46.36000061035156,44.150001525878906,46.27000045776367,46.27000045776367,680100,USD,NMS,America/New_York,Yahoo Finance
PRGS,2026-09-01,45.08000183105469,46.08000183105469,44.79999923706055,45.220001220703125,45.220001220703125,1013800,USD,NMS,America/New_York,Yahoo Finance
PRGS,2026-09-02,45.220001220703125,45.79999923706055,43.22999954223633,43.33000183105469,43.33000183105469,868100,USD,NMS,America/New_York,Yahoo Finance
PRGS,2026-09-03,44.40999984741211,45.45000076293945,43.63999938964844,44.61000061035156,44.61000061035156,389600,USD,NMS,America/New_York,Yahoo Finance
PRGS,2026-09-04,43.939998626708984,44.18000030517578,42.720001220703125,44.04999923706055,44.04999923706055,364000,USD,NMS,America/New_York,Yahoo Finance
PRGS,2026-09-08,43.290000915527344,43.290000915527344,41.349998474121094,42.18000030517578,42.18000030517578,423100,USD,NMS,America/New_York,Yahoo Finance
PRGS,2026-09-09,42.209999084472656,42.720001220703125,40.540000915527344,40.810001373291016,40.810001373291016,498000,USD,NMS,America/New_York,Yahoo Finance
PRGS,2026-09-10,40.58000183105469,41.13999938964844,40.369998931884766,40.61000061035156,40.61000061035156,383800,USD,NMS,America/New_York,Yahoo Finance
PRGS,2026-09-11,40.630001068115234,41.209999084472656,39.81999969482422,39.91999816894531,39.91999816894531,282400,USD,NMS,America/New_York,Yahoo Finance
PRGS,2026-09-14,41.130001068115234,43.959999084472656,40.869998931884766,43.130001068115234,43.130001068115234,631400,USD,NMS,America/New_York,Yahoo Finance
PRGS,2026-09-15,42.09000015258789,43.900001525878906,41.68000030517578,43.560001373291016,43.560001373291016,584000,USD,NMS,America/New_York,Yahoo Finance
PRGS,2026-09-16,42.68000030517578,43.20000076293945,41.63999938964844,41.849998474121094,41.849998474121094,549600,USD,NMS,America/New_York,Yahoo Finance
PRGS,2026-09-17,41.779998779296875,42.209999084472656,40.779998779296875,40.849998474121094,40.849998474121094,494200,USD,NMS,America/New_York,Yahoo Finance
PRGS,2026-09-18,40.5099983215332,40.540000915527344,39.4900016784668,40.11000061035156,40.11000061035156,1344100,USD,NMS,America/New_York,Yahoo Finance
PRGS,2026-09-21,40.25,40.630001068115234,39.790000915527344,40.40999984741211,40.40999984741211,417000,USD,NMS,America/New_York,Yahoo Finance
PRGS,2026-09-22,41.13999938964844,41.22999954223633,39.56999969482422,40.619998931884766,40.619998931884766,470600,USD,NMS,America/New_York,Yahoo Finance
PRGS,2026-09-23,40.7400016784668,41.31999969482422,40.130001068115234,41.029998779296875,41.029998779296875,315400,USD,NMS,America/New_York,Yahoo Finance
PRGS,2026-09-24,41.349998474121094,42.25,39.95000076293945,40.22999954223633,40.22999954223633,407800,USD,NMS,America/New_York,Yahoo Finance
PRGS,2026-09-25,40.15999984741211,40.77000045776367,39.310001373291016,39.34000015258789,39.34000015258789,375200,USD,NMS,America/New_York,Yahoo Finance
PRGS,2026-09-28,38.650001525878906,39.459999084472656,37.540000915527344,39.40999984741211,39.40999984741211,451100,USD,NMS,America/New_York,Yahoo Finance
PSNY,2026-08-17,14.199999809265137,14.229999542236328,13.760000228881836,13.930000305175781,13.930000305175781,74400,USD,NGM,America/New_York,Yahoo Finance
PSNY,2026-08-18,13.779999732971191,14.619999885559082,13.725000381469727,14.59000015258789,14.59000015258789,204800,USD,NGM,America/New_York,Yahoo Finance
PSNY,2026-08-19,14.550000190734863,14.795000076293945,13.5,13.649999618530273,13.649999618530273,178700,USD,NGM,America/New_York,Yahoo Finance
PSNY,2026-08-20,13.600000381469727,13.755000114440918,13.020000457763672,13.1899995803833,13.1899995803833,130200,USD,NGM,America/New_York,Yahoo Finance
PSNY,2026-08-21,13.300000190734863,13.539999961853027,13.09000015258789,13.329999923706055,13.329999923706055,86900,USD,NGM,America/New_York,Yahoo Finance
PSNY,2026-08-24,13.319999694824219,13.850000381469727,12.569999694824219,12.880000114440918,12.880000114440918,231100,USD,NGM,America/New_York,Yahoo Finance
PSNY,2026-08-25,12.859999656677246,12.970000267028809,12.300000190734863,12.539999961853027,12.539999961853027,156900,USD,NGM,America/New_York,Yahoo Finance
PSNY,2026-08-26,12.5,12.5,12.09000015258789,12.399999618530273,12.399999618530273,115900,USD,NGM,America/New_York,Yahoo Finance
PSNY,2026-08-27,12.40999984741211,12.579999923706055,12.229999542236328,12.520000457763672,12.520000457763672,98700,USD,NGM,America/New_York,Yahoo Finance
PSNY,2026-08-28,12.5,12.800000190734863,12.229999542236328,12.720000267028809,12.720000267028809,101500,USD,NGM,America/New_York,Yahoo Finance
PSNY,2026-08-31,12.579999923706055,12.640000343322754,12.100000381469727,12.59000015258789,12.59000015258789,518800,USD,NGM,America/New_York,Yahoo Finance
PSNY,2026-09-01,12.460000038146973,12.460000038146973,12.010000228881836,12.119999885559082,12.119999885559082,131900,USD,NGM,America/New_York,Yahoo Finance
PSNY,2026-09-02,12.010000228881836,12.380000114440918,11.859999656677246,11.989999771118164,11.989999771118164,121500,USD,NGM,America/New_York,Yahoo Finance
PSNY,2026-09-03,10.979999542236328,11.039999961853027,8.029999732971191,8.6899995803833,8.6899995803833,1260600,USD,NGM,America/New_York,Yahoo Finance
PSNY,2026-09-04,8.420000076293945,9.270000457763672,8.199999809265137,9.210000038146973,9.210000038146973,565500,USD,NGM,America/New_York,Yahoo Finance
PSNY,2026-09-08,9.210000038146973,10.0,8.829999923706055,8.930000305175781,8.930000305175781,505300,USD,NGM,America/New_York,Yahoo Finance
PSNY,2026-09-09,9.1899995803833,9.1899995803833,7.800000190734863,7.960000038146973,7.960000038146973,596800,USD,NGM,America/New_York,Yahoo Finance
PSNY,2026-09-10,7.980000019073486,7.980000019073486,7.425000190734863,7.71999979019165,7.71999979019165,329300,USD,NGM,America/New_York,Yahoo Finance
PSNY,2026-09-11,7.730000019073486,8.050000190734863,7.71999979019165,7.840000152587891,7.840000152587891,197500,USD,NGM,America/New_York,Yahoo Finance
PSNY,2026-09-14,7.840000152587891,7.940000057220459,7.320000171661377,7.400000095367432,7.400000095367432,360500,USD,NGM,America/New_York,Yahoo Finance
PSNY,2026-09-15,7.449999809265137,7.599999904632568,7.25,7.320000171661377,7.320000171661377,363600,USD,NGM,America/New_York,Yahoo Finance
PSNY,2026-09-16,7.28000020980835,7.369999885559082,6.889999866485596,7.300000190734863,7.300000190734863,317900,USD,NGM,America/New_York,Yahoo Finance
PSNY,2026-09-17,7.389999866485596,8.010000228881836,7.389999866485596,7.940000057220459,7.940000057220459,267600,USD,NGM,America/New_York,Yahoo Finance
PSNY,2026-09-18,7.940000057220459,8.0,7.619999885559082,7.860000133514404,7.860000133514404,231800,USD,NGM,America/New_York,Yahoo Finance
PSNY,2026-09-21,7.920000076293945,8.149999618530273,7.710000038146973,7.809999942779541,7.809999942779541,158700,USD,NGM,America/New_York,Yahoo Finance
PSNY,2026-09-22,7.809999942779541,7.980000019073486,7.449999809265137,7.449999809265137,7.449999809265137,196600,USD,NGM,America/New_York,Yahoo Finance
PSNY,2026-09-23,7.409999847412109,7.420000076293945,7.119999885559082,7.179999828338623,7.179999828338623,215900,USD,NGM,America/New_York,Yahoo Finance
PSNY,2026-09-24,7.150000095367432,7.179999828338623,6.949999809265137,6.96999979019165,6.96999979019165,244000,USD,NGM,America/New_York,Yahoo Finance
PSNY,2026-09-25,6.96999979019165,7.0929999351501465,6.869999885559082,6.929999828338623,6.929999828338623,196000,USD,NGM,America/New_York,Yahoo Finance
PSNY,2026-09-28,6.920000076293945,6.920000076293945,6.619999885559082,6.639999866485596,6.639999866485596,203000,USD,NGM,America/New_York,Yahoo Finance
PTGX,2026-08-17,155.11000061035156,158.9499969482422,153.60000610351562,158.6199951171875,158.6199951171875,507000,USD,NGM,America/New_York,Yahoo Finance
PTGX,2026-08-18,157.9600067138672,160.0,156.80999755859375,157.33999633789062,157.33999633789062,471600,USD,NGM,America/New_York,Yahoo Finance
PTGX,2026-08-19,160.80999755859375,160.80999755859375,154.22000122070312,154.94000244140625,154.94000244140625,785900,USD,NGM,America/New_York,Yahoo Finance
PTGX,2026-08-20,152.4499969482422,155.25,148.27499389648438,150.69000244140625,150.69000244140625,518600,USD,NGM,America/New_York,Yahoo Finance
PTGX,2026-08-21,152.10000610351562,154.9499969482422,150.82000732421875,154.32000732421875,154.32000732421875,402500,USD,NGM,America/New_York,Yahoo Finance
PTGX,2026-08-24,154.32000732421875,158.0800018310547,149.94000244140625,154.72000122070312,154.72000122070312,483300,USD,NGM,America/New_York,Yahoo Finance
PTGX,2026-08-25,155.83999633789062,157.97999572753906,150.08999633789062,150.58999633789062,150.58999633789062,664500,USD,NGM,America/New_York,Yahoo Finance
PTGX,2026-08-26,150.36000061035156,152.07000732421875,147.69000244140625,151.5,151.5,335500,USD,NGM,America/New_York,Yahoo Finance
PTGX,2026-08-27,150.35000610351562,151.67999267578125,147.11000061035156,149.5,149.5,381600,USD,NGM,America/New_York,Yahoo Finance
PTGX,2026-08-28,147.72999572753906,147.9499969482422,142.42999267578125,144.3300018310547,144.3300018310547,500200,USD,NGM,America/New_York,Yahoo Finance
PTGX,2026-08-31,143.25999450683594,149.2949981689453,141.947998046875,147.75,147.75,567300,USD,NGM,America/New_York,Yahoo Finance
PTGX,2026-09-01,147.75,150.33999633789062,144.72500610351562,146.49000549316406,146.49000549316406,534100,USD,NGM,America/New_York,Yahoo Finance
PTGX,2026-09-02,148.0,149.4199981689453,144.61000061035156,146.0800018310547,146.0800018310547,561500,USD,NGM,America/New_York,Yahoo Finance
PTGX,2026-09-03,146.67999267578125,149.49000549316406,144.0,148.8000030517578,148.8000030517578,353900,USD,NGM,America/New_York,Yahoo Finance
PTGX,2026-09-04,146.47000122070312,147.99000549316406,144.00999450683594,145.72000122070312,145.72000122070312,501300,USD,NGM,America/New_York,Yahoo Finance
PTGX,2026-09-08,143.61000061035156,147.2899932861328,142.0,145.94000244140625,145.94000244140625,700100,USD,NGM,America/New_York,Yahoo Finance
PTGX,2026-09-09,146.0500030517578,151.18499755859375,144.4600067138672,145.08999633789062,145.08999633789062,530500,USD,NGM,America/New_York,Yahoo Finance
PTGX,2026-09-10,143.2899932861328,146.50999450683594,142.0,145.16000366210938,145.16000366210938,543100,USD,NGM,America/New_York,Yahoo Finance
PTGX,2026-09-11,147.17999267578125,150.47999572753906,145.82000732421875,148.17999267578125,148.17999267578125,478000,USD,NGM,America/New_York,Yahoo Finance
PTGX,2026-09-14,150.22999572753906,151.24000549316406,146.8300018310547,147.77999877929688,147.77999877929688,608000,USD,NGM,America/New_York,Yahoo Finance
PTGX,2026-09-15,147.47999572753906,147.99000549316406,142.0,143.39999389648438,143.39999389648438,637500,USD,NGM,America/New_York,Yahoo Finance
PTGX,2026-09-16,144.19000244140625,146.19000244140625,140.8800048828125,142.83999633789062,142.83999633789062,507000,USD,NGM,America/New_York,Yahoo Finance
PTGX,2026-09-17,144.38999938964844,146.5,142.30999755859375,143.6999969482422,143.6999969482422,558900,USD,NGM,America/New_York,Yahoo Finance
PTGX,2026-09-18,143.08999633789062,144.5800018310547,140.43499755859375,143.0,143.0,1837200,USD,NGM,America/New_York,Yahoo Finance
PTGX,2026-09-21,143.22000122070312,145.3699951171875,141.08999633789062,144.97999572753906,144.97999572753906,822200,USD,NGM,America/New_York,Yahoo Finance
PTGX,2026-09-22,144.63999938964844,147.7100067138672,144.5,145.07000732421875,145.07000732421875,806200,USD,NGM,America/New_York,Yahoo Finance
PTGX,2026-09-23,144.27000427246094,145.27999877929688,137.8800048828125,138.6999969482422,138.6999969482422,513200,USD,NGM,America/New_York,Yahoo Finance
PTGX,2026-09-24,138.75999450683594,140.8000030517578,134.10000610351562,137.33999633789062,137.33999633789062,989200,USD,NGM,America/New_York,Yahoo Finance
PTGX,2026-09-25,141.80999755859375,143.4499969482422,138.22999572753906,141.86000061035156,141.86000061035156,809200,USD,NGM,America/New_York,Yahoo Finance
PTGX,2026-09-28,142.2100067138672,143.68499755859375,140.24000549316406,142.44000244140625,142.44000244140625,925500,USD,NGM,America/New_York,Yahoo Finance
Q,2026-08-17,143.66000366210938,144.9199981689453,139.94000244140625,140.75999450683594,140.66635131835938,1361100,USD,NYQ,America/New_York,Yahoo Finance
Q,2026-08-18,136.0,137.66000366210938,131.90499877929688,133.5800018310547,133.4911346435547,1290100,USD,NYQ,America/New_York,Yahoo Finance
Q,2026-08-19,135.72000122070312,136.07000732421875,125.70999908447266,126.04000091552734,125.9561538696289,1925200,USD,NYQ,America/New_York,Yahoo Finance
Q,2026-08-20,125.9800033569336,134.39500427246094,125.31199645996094,133.52000427246094,133.43118286132812,4291900,USD,NYQ,America/New_York,Yahoo Finance
Q,2026-08-21,133.25999450683594,134.1699981689453,128.7100067138672,128.8800048828125,128.7942657470703,1734600,USD,NYQ,America/New_York,Yahoo Finance
Q,2026-08-24,126.73999786376953,126.80999755859375,122.47000122070312,126.23999786376953,126.15601348876953,1614600,USD,NYQ,America/New_York,Yahoo Finance
Q,2026-08-25,129.0399932861328,129.5,125.80999755859375,126.62000274658203,126.5357666015625,944900,USD,NYQ,America/New_York,Yahoo Finance
Q,2026-08-26,127.12000274658203,127.92400360107422,125.13999938964844,126.19999694824219,126.11604309082031,1455200,USD,NYQ,America/New_York,Yahoo Finance
Q,2026-08-27,128.14999389648438,129.2100067138672,125.5,126.3499984741211,126.26594543457031,1130100,USD,NYQ,America/New_York,Yahoo Finance
Q,2026-08-28,125.68000030517578,125.99500274658203,119.5009994506836,120.26000213623047,120.18000030517578,2004900,USD,NYQ,America/New_York,Yahoo Finance
Q,2026-08-31,120.25,121.98999786376953,118.86000061035156,119.43000030517578,119.43000030517578,1946300,USD,NYQ,America/New_York,Yahoo Finance
Q,2026-09-01,117.6500015258789,118.47000122070312,113.33000183105469,115.48999786376953,115.48999786376953,2794000,USD,NYQ,America/New_York,Yahoo Finance
Q,2026-09-02,116.58000183105469,118.7699966430664,114.75,117.69000244140625,117.69000244140625,2101600,USD,NYQ,America/New_York,Yahoo Finance
Q,2026-09-03,117.6500015258789,119.12000274658203,114.38999938964844,118.47000122070312,118.47000122070312,1537100,USD,NYQ,America/New_York,Yahoo Finance
Q,2026-09-04,120.0,122.3949966430664,119.63500213623047,120.47000122070312,120.47000122070312,1310100,USD,NYQ,America/New_York,Yahoo Finance
Q,2026-09-08,122.0199966430664,124.58999633789062,120.39099884033203,123.27999877929688,123.27999877929688,1397400,USD,NYQ,America/New_York,Yahoo Finance
Q,2026-09-09,122.0,126.62999725341797,121.25,125.47000122070312,125.47000122070312,1256300,USD,NYQ,America/New_York,Yahoo Finance
Q,2026-09-10,122.94000244140625,125.7699966430664,121.51000213623047,123.31999969482422,123.31999969482422,1644300,USD,NYQ,America/New_York,Yahoo Finance
Q,2026-09-11,125.87000274658203,127.16000366210938,124.7249984741211,126.4000015258789,126.4000015258789,865500,USD,NYQ,America/New_York,Yahoo Finance
Q,2026-09-14,119.33000183105469,122.34500122070312,116.3499984741211,117.2300033569336,117.2300033569336,1589100,USD,NYQ,America/New_York,Yahoo Finance
Q,2026-09-15,119.1500015258789,120.0,111.75,114.58999633789062,114.58999633789062,2515300,USD,NYQ,America/New_York,Yahoo Finance
Q,2026-09-16,116.98999786376953,118.06999969482422,113.5250015258789,114.86000061035156,114.86000061035156,1429300,USD,NYQ,America/New_York,Yahoo Finance
Q,2026-09-17,117.80000305175781,119.2300033569336,116.19999694824219,117.12999725341797,117.12999725341797,1164500,USD,NYQ,America/New_York,Yahoo Finance
Q,2026-09-18,118.08000183105469,120.72000122070312,118.08000183105469,120.05000305175781,120.05000305175781,3906700,USD,NYQ,America/New_York,Yahoo Finance
Q,2026-09-21,121.9000015258789,122.54000091552734,119.5999984741211,121.81999969482422,121.81999969482422,1619800,USD,NYQ,America/New_York,Yahoo Finance
Q,2026-09-22,121.0,126.20999908447266,120.44000244140625,124.86000061035156,124.86000061035156,1980300,USD,NYQ,America/New_York,Yahoo Finance
Q,2026-09-23,124.51000213623047,126.55000305175781,122.7020034790039,124.5,124.5,914700,USD,NYQ,America/New_York,Yahoo Finance
Q,2026-09-24,122.02999877929688,123.44999694824219,120.05000305175781,122.30999755859375,122.30999755859375,1489000,USD,NYQ,America/New_York,Yahoo Finance
Q,2026-09-25,122.58000183105469,125.38999938964844,121.80000305175781,124.69000244140625,124.69000244140625,829800,USD,NYQ,America/New_York,Yahoo Finance
Q,2026-09-28,124.68000030517578,126.5,122.22000122070312,124.91000366210938,124.91000366210938,1186100,USD,NYQ,America/New_York,Yahoo Finance
QNT-USD,2026-09-04,65.29531860351562,67.3026351928711,63.5447998046875,63.700050354003906,63.700050354003906,6001666,USD,CCC,UTC,Yahoo Finance
QNT-USD,2026-09-05,63.697818756103516,65.4327163696289,63.45941162109375,64.91259002685547,64.91259002685547,3938930,USD,CCC,UTC,Yahoo Finance
QNT-USD,2026-09-06,64.91263580322266,67.09878540039062,64.84896850585938,66.91303253173828,66.91303253173828,5885898,USD,CCC,UTC,Yahoo Finance
QNT-USD,2026-09-07,66.9133529663086,67.15901184082031,65.20060729980469,66.66654205322266,66.66654205322266,6121307,USD,CCC,UTC,Yahoo Finance
QNT-USD,2026-09-08,66.66667938232422,68.64519500732422,65.59688568115234,67.10808563232422,67.10808563232422,5930224,USD,CCC,UTC,Yahoo Finance
QNT-USD,2026-09-09,67.10808563232422,69.7328872680664,66.3913345336914,67.1551742553711,67.1551742553711,7126840,USD,CCC,UTC,Yahoo Finance
QNT-USD,2026-09-10,67.15521240234375,67.73609161376953,64.5362548828125,64.53636169433594,64.53636169433594,5117602,USD,CCC,UTC,Yahoo Finance
QNT-USD,2026-09-11,64.53646087646484,65.81462860107422,62.83369445800781,63.383766174316406,63.383766174316406,11415999,USD,CCC,UTC,Yahoo Finance
QNT-USD,2026-09-12,63.37953567504883,64.68543243408203,63.343475341796875,63.8806266784668,63.8806266784668,3476056,USD,CCC,UTC,Yahoo Finance
QNT-USD,2026-09-13,63.87914276123047,65.51275634765625,62.892967224121094,63.019683837890625,63.019683837890625,3982378,USD,CCC,UTC,Yahoo Finance
QNT-USD,2026-09-14,63.02225875854492,64.71607971191406,62.282772064208984,64.51604461669922,64.51604461669922,5649554,USD,CCC,UTC,Yahoo Finance
QNT-USD,2026-09-15,64.51600646972656,64.97622680664062,60.679237365722656,61.17240905761719,61.17240905761719,6431062,USD,CCC,UTC,Yahoo Finance
QNT-USD,2026-09-16,61.17240905761719,61.21782684326172,58.88911056518555,61.08195495605469,61.08195495605469,6938356,USD,CCC,UTC,Yahoo Finance
QNT-USD,2026-09-17,61.08195495605469,61.894615173339844,60.342708587646484,61.05024719238281,61.05024719238281,5354303,USD,CCC,UTC,Yahoo Finance
QNT-USD,2026-09-18,61.05116653442383,64.02914428710938,60.88404846191406,63.257320404052734,63.257320404052734,8884268,USD,CCC,UTC,Yahoo Finance
QNT-USD,2026-09-19,63.24622344970703,66.29705047607422,63.05172348022461,65.64051818847656,65.64051818847656,6362982,USD,CCC,UTC,Yahoo Finance
QNT-USD,2026-09-20,65.64048767089844,65.97632598876953,63.39815902709961,64.18262481689453,64.18262481689453,6916675,USD,CCC,UTC,Yahoo Finance
QNT-USD,2026-09-21,64.18284606933594,67.86261749267578,64.16656494140625,66.97476959228516,66.97476959228516,11495443,USD,CCC,UTC,Yahoo Finance
QNT-USD,2026-09-22,66.9765396118164,74.97866821289062,65.99484252929688,73.7372817993164,73.7372817993164,21456582,USD,CCC,UTC,Yahoo Finance
QNT-USD,2026-09-23,73.73727416992188,76.16805267333984,70.50051879882812,70.62689971923828,70.62689971923828,12683349,USD,CCC,UTC,Yahoo Finance
QNT-USD,2026-09-24,70.6268539428711,90.93745422363281,69.82803344726562,90.35265350341797,90.35265350341797,32584819,USD,CCC,UTC,Yahoo Finance
QNT-USD,2026-09-25,90.347900390625,103.7119369506836,88.46940612792969,98.6398696899414,98.6398696899414,88031061,USD,CCC,UTC,Yahoo Finance
QNT-USD,2026-09-26,98.63938903808594,156.1911163330078,98.21951293945312,152.74954223632812,152.74954223632812,189701822,USD,CCC,UTC,Yahoo Finance
QNT-USD,2026-09-27,152.70968627929688,356.9968566894531,150.1734161376953,285.4065856933594,285.4065856933594,1188743915,USD,CCC,UTC,Yahoo Finance
QNT-USD,2026-09-28,285.3771057128906,313.72454833984375,198.21783447265625,230.72250366210938,230.72250366210938,1151380282,USD,CCC,UTC,Yahoo Finance
QNT-USD,2026-09-29,230.73663330078125,275.6167297363281,206.90260314941406,266.69384765625,266.69384765625,762809027,USD,CCC,UTC,Yahoo Finance
QNT-USD,2026-09-30,266.7008361816406,322.572021484375,265.20538330078125,286.22412109375,286.22412109375,858064480,USD,CCC,UTC,Yahoo Finance
QNT-USD,2026-10-01,286.1956481933594,304.3330078125,243.34466552734375,244.52723693847656,244.52723693847656,485832200,USD,CCC,UTC,Yahoo Finance
QNT-USD,2026-10-02,244.55227661132812,260.56353759765625,225.81427001953125,246.31736755371094,246.31736755371094,400503981,USD,CCC,UTC,Yahoo Finance
QNT-USD,2026-10-03,246.35455322265625,269.125,243.72694396972656,256.6878356933594,256.6878356933594,289496242,USD,CCC,UTC,Yahoo Finance
QXO,2026-08-17,14.449999809265137,14.449999809265137,13.850000381469727,13.979999542236328,13.979999542236328,16703100,USD,NYQ,America/New_York,Yahoo Finance
QXO,2026-08-18,13.789999961853027,13.970000267028809,13.470000267028809,13.5,13.5,15130900,USD,NYQ,America/New_York,Yahoo Finance
QXO,2026-08-19,13.720000267028809,14.220000267028809,13.710000038146973,14.109999656677246,14.109999656677246,15891300,USD,NYQ,America/New_York,Yahoo Finance
QXO,2026-08-20,13.850000381469727,13.859999656677246,13.149999618530273,13.34000015258789,13.34000015258789,18213300,USD,NYQ,America/New_York,Yahoo Finance
QXO,2026-08-21,13.40999984741211,13.949999809265137,13.34000015258789,13.760000228881836,13.760000228881836,12513800,USD,NYQ,America/New_York,Yahoo Finance
QXO,2026-08-24,13.720000267028809,13.829999923706055,13.350000381469727,13.40999984741211,13.40999984741211,13467000,USD,NYQ,America/New_York,Yahoo Finance
QXO,2026-08-25,13.710000038146973,13.979999542236328,13.630000114440918,13.850000381469727,13.850000381469727,12512900,USD,NYQ,America/New_York,Yahoo Finance
QXO,2026-08-26,13.829999923706055,14.34000015258789,13.800000190734863,14.020000457763672,14.020000457763672,10401700,USD,NYQ,America/New_York,Yahoo Finance
QXO,2026-08-27,14.130000114440918,14.15999984741211,13.829999923706055,13.859999656677246,13.859999656677246,8420100,USD,NYQ,America/New_York,Yahoo Finance
QXO,2026-08-28,14.079999923706055,14.239999771118164,13.399999618530273,13.520000457763672,13.520000457763672,9239900,USD,NYQ,America/New_York,Yahoo Finance
QXO,2026-08-31,13.40999984741211,13.539999961853027,13.210000038146973,13.279999732971191,13.279999732971191,13616600,USD,NYQ,America/New_York,Yahoo Finance
QXO,2026-09-01,13.100000381469727,13.15999984741211,12.819999694824219,12.880000114440918,12.880000114440918,13777100,USD,NYQ,America/New_York,Yahoo Finance
QXO,2026-09-02,12.819999694824219,13.319999694824219,12.800000190734863,13.220000267028809,13.220000267028809,10468000,USD,NYQ,America/New_York,Yahoo Finance
QXO,2026-09-03,13.380000114440918,13.6899995803833,13.300000190734863,13.460000038146973,13.460000038146973,13285200,USD,NYQ,America/New_York,Yahoo Finance
QXO,2026-09-04,13.300000190734863,13.630000114440918,13.260000228881836,13.350000381469727,13.350000381469727,12988900,USD,NYQ,America/New_York,Yahoo Finance
QXO,2026-09-08,13.4399995803833,13.5600004196167,13.0600004196167,13.25,13.25,14277100,USD,NYQ,America/New_York,Yahoo Finance
QXO,2026-09-09,13.149999618530273,13.1899995803833,12.670000076293945,12.710000038146973,12.710000038146973,16864900,USD,NYQ,America/New_York,Yahoo Finance
QXO,2026-09-10,12.5,12.5600004196167,12.239999771118164,12.289999961853027,12.289999961853027,17980400,USD,NYQ,America/New_York,Yahoo Finance
QXO,2026-09-11,12.529999732971191,12.649999618530273,12.170000076293945,12.3100004196167,12.3100004196167,13095200,USD,NYQ,America/New_York,Yahoo Finance
QXO,2026-09-14,12.010000228881836,12.319999694824219,11.970000267028809,12.109999656677246,12.109999656677246,12012600,USD,NYQ,America/New_York,Yahoo Finance
QXO,2026-09-15,12.069999694824219,12.109999656677246,11.399999618530273,11.4399995803833,11.4399995803833,29805300,USD,NYQ,America/New_York,Yahoo Finance
QXO,2026-09-16,11.600000381469727,11.6899995803833,11.140000343322754,11.270000457763672,11.270000457763672,18768500,USD,NYQ,America/New_York,Yahoo Finance
QXO,2026-09-17,11.770000457763672,11.880000114440918,11.489999771118164,11.640000343322754,11.640000343322754,19013000,USD,NYQ,America/New_York,Yahoo Finance
QXO,2026-09-18,11.5600004196167,11.710000038146973,11.380000114440918,11.380000114440918,11.380000114440918,27961000,USD,NYQ,America/New_York,Yahoo Finance
QXO,2026-09-21,11.680000305175781,12.390000343322754,11.380000114440918,12.199999809265137,12.199999809265137,23183900,USD,NYQ,America/New_York,Yahoo Finance
QXO,2026-09-22,12.539999961853027,12.84000015258789,12.149999618530273,12.779999732971191,12.779999732971191,23761700,USD,NYQ,America/New_York,Yahoo Finance
QXO,2026-09-23,12.699999809265137,12.770000457763672,12.229999542236328,12.279999732971191,12.279999732971191,20874100,USD,NYQ,America/New_York,Yahoo Finance
QXO,2026-09-24,12.109999656677246,12.300000190734863,11.890000343322754,12.260000228881836,12.260000228881836,25514700,USD,NYQ,America/New_York,Yahoo Finance
QXO,2026-09-25,12.239999771118164,12.5,12.020000457763672,12.430000305175781,12.430000305175781,16540200,USD,NYQ,America/New_York,Yahoo Finance
QXO,2026-09-28,12.119999885559082,12.210000038146973,11.819999694824219,12.119999885559082,12.119999885559082,23111900,USD,NYQ,America/New_York,Yahoo Finance
RBCAA,2026-08-17,97.5199966430664,98.1500015258789,94.69000244140625,96.76000213623047,96.24943542480469,77100,USD,NMS,America/New_York,Yahoo Finance
RBCAA,2026-08-18,96.95999908447266,97.43000030517578,95.98999786376953,96.08000183105469,95.5730209350586,69200,USD,NMS,America/New_York,Yahoo Finance
RBCAA,2026-08-19,96.16000366210938,96.47000122070312,93.25,93.4000015258789,92.90716552734375,81700,USD,NMS,America/New_York,Yahoo Finance
RBCAA,2026-08-20,93.25,94.47000122070312,92.5,94.33999633789062,93.84220123291016,88100,USD,NMS,America/New_York,Yahoo Finance
RBCAA,2026-08-21,94.66999816894531,95.05999755859375,93.72000122070312,94.36000061035156,93.86209869384766,93700,USD,NMS,America/New_York,Yahoo Finance
RBCAA,2026-08-24,94.41000366210938,95.9800033569336,94.05000305175781,94.9800033569336,94.47882843017578,88100,USD,NMS,America/New_York,Yahoo Finance
RBCAA,2026-08-25,95.12999725341797,95.3499984741211,94.36000061035156,94.44000244140625,93.94168090820312,113500,USD,NMS,America/New_York,Yahoo Finance
RBCAA,2026-08-26,94.5199966430664,96.98999786376953,93.5,94.27999877929688,93.78251647949219,102200,USD,NMS,America/New_York,Yahoo Finance
RBCAA,2026-08-27,93.45999908447266,94.20999908447266,92.47000122070312,93.94000244140625,93.4443130493164,68400,USD,NMS,America/New_York,Yahoo Finance
RBCAA,2026-08-28,93.94000244140625,95.66999816894531,93.94000244140625,94.9000015258789,94.39925384521484,84600,USD,NMS,America/New_York,Yahoo Finance
RBCAA,2026-08-31,94.6500015258789,94.6500015258789,92.93000030517578,93.51000213623047,93.01658630371094,70400,USD,NMS,America/New_York,Yahoo Finance
RBCAA,2026-09-01,93.58000183105469,94.98999786376953,92.87999725341797,94.70999908447266,94.21025085449219,159900,USD,NMS,America/New_York,Yahoo Finance
RBCAA,2026-09-02,94.70999908447266,96.80000305175781,94.37000274658203,96.3499984741211,95.84159851074219,145400,USD,NMS,America/New_York,Yahoo Finance
RBCAA,2026-09-03,96.61000061035156,97.7699966430664,95.2300033569336,95.5199966430664,95.01597595214844,115900,USD,NMS,America/New_York,Yahoo Finance
RBCAA,2026-09-04,95.48999786376953,97.38999938964844,95.48999786376953,96.80000305175781,96.28922271728516,106300,USD,NMS,America/New_York,Yahoo Finance
RBCAA,2026-09-08,96.16000366210938,97.0,95.6500015258789,96.41000366210938,95.90128326416016,151800,USD,NMS,America/New_York,Yahoo Finance
RBCAA,2026-09-09,95.7300033569336,96.58000183105469,94.41000366210938,96.26000213623047,95.7520751953125,146000,USD,NMS,America/New_York,Yahoo Finance
RBCAA,2026-09-10,96.26000213623047,97.31999969482422,95.41000366210938,97.23999786376953,96.72689819335938,106700,USD,NMS,America/New_York,Yahoo Finance
RBCAA,2026-09-11,98.33000183105469,99.12999725341797,95.93000030517578,96.2699966430664,95.76201629638672,84700,USD,NMS,America/New_York,Yahoo Finance
RBCAA,2026-09-14,96.55999755859375,97.5,95.68000030517578,96.51000213623047,96.0007553100586,122500,USD,NMS,America/New_York,Yahoo Finance
RBCAA,2026-09-15,96.33000183105469,97.08000183105469,96.12000274658203,96.66999816894531,96.15990447998047,74400,USD,NMS,America/New_York,Yahoo Finance
RBCAA,2026-09-16,96.38999938964844,96.63999938964844,93.19000244140625,94.08999633789062,93.59352111816406,163200,USD,NMS,America/New_York,Yahoo Finance
RBCAA,2026-09-17,94.86000061035156,95.12999725341797,93.41999816894531,93.80999755859375,93.31499481201172,128200,USD,NMS,America/New_York,Yahoo Finance
RBCAA,2026-09-18,93.08000183105469,94.13999938964844,92.0,93.83999633789062,93.83999633789062,230900,USD,NMS,America/New_York,Yahoo Finance
RBCAA,2026-09-21,94.05000305175781,94.61000061035156,93.66000366210938,93.7699966430664,93.7699966430664,123200,USD,NMS,America/New_York,Yahoo Finance
RBCAA,2026-09-22,94.51000213623047,95.27999877929688,93.72000122070312,93.72000122070312,93.72000122070312,150600,USD,NMS,America/New_York,Yahoo Finance
RBCAA,2026-09-23,93.6500015258789,94.18000030517578,93.11000061035156,93.33000183105469,93.33000183105469,67300,USD,NMS,America/New_York,Yahoo Finance
RBCAA,2026-09-24,93.7699966430664,94.6500015258789,93.52999877929688,94.12999725341797,94.12999725341797,73100,USD,NMS,America/New_York,Yahoo Finance
RBCAA,2026-09-25,94.52999877929688,94.9800033569336,93.95999908447266,94.55000305175781,94.55000305175781,71800,USD,NMS,America/New_York,Yahoo Finance
RBCAA,2026-09-28,94.43000030517578,94.79000091552734,93.38999938964844,93.44999694824219,93.44999694824219,74800,USD,NMS,America/New_York,Yahoo Finance
REGN,2026-08-17,801.760009765625,813.1799926757812,795.72998046875,805.9299926757812,804.989990234375,541300,USD,NMS,America/New_York,Yahoo Finance
REGN,2026-08-18,814.0,821.02001953125,805.9299926757812,810.239990234375,810.239990234375,779000,USD,NMS,America/New_York,Yahoo Finance
REGN,2026-08-19,817.1699829101562,844.9199829101562,815.3800048828125,840.8400268554688,840.8400268554688,750400,USD,NMS,America/New_York,Yahoo Finance
REGN,2026-08-20,831.7000122070312,840.8200073242188,826.0499877929688,826.6400146484375,826.6400146484375,596400,USD,NMS,America/New_York,Yahoo Finance
REGN,2026-08-21,835.739990234375,847.0,826.6400146484375,834.0399780273438,834.0399780273438,786800,USD,NMS,America/New_York,Yahoo Finance
REGN,2026-08-24,834.510009765625,834.7000122070312,823.4000244140625,828.5,828.5,672000,USD,NMS,America/New_York,Yahoo Finance
REGN,2026-08-25,829.219970703125,839.9400024414062,823.4400024414062,833.5599975585938,833.5599975585938,505400,USD,NMS,America/New_York,Yahoo Finance
REGN,2026-08-26,827.780029296875,831.6699829101562,814.7000122070312,814.7899780273438,814.7899780273438,585300,USD,NMS,America/New_York,Yahoo Finance
REGN,2026-08-27,806.1799926757812,817.6199951171875,804.27001953125,807.7100219726562,807.7100219726562,766800,USD,NMS,America/New_York,Yahoo Finance
REGN,2026-08-28,809.4000244140625,809.4000244140625,789.0800170898438,794.1900024414062,794.1900024414062,487700,USD,NMS,America/New_York,Yahoo Finance
REGN,2026-08-31,782.4400024414062,802.780029296875,779.0800170898438,799.0800170898438,799.0800170898438,894100,USD,NMS,America/New_York,Yahoo Finance
REGN,2026-09-01,808.8599853515625,824.6300048828125,804.3200073242188,823.8200073242188,823.8200073242188,682600,USD,NMS,America/New_York,Yahoo Finance
REGN,2026-09-02,826.239990234375,854.489990234375,825.77001953125,852.030029296875,852.030029296875,749400,USD,NMS,America/New_York,Yahoo Finance
REGN,2026-09-03,858.1900024414062,859.3400268554688,837.6300048828125,843.469970703125,843.469970703125,496200,USD,NMS,America/New_York,Yahoo Finance
REGN,2026-09-04,840.0599975585938,841.5399780273438,825.8300170898438,827.719970703125,827.719970703125,561100,USD,NMS,America/New_York,Yahoo Finance
REGN,2026-09-08,814.3599853515625,821.1699829101562,799.4199829101562,810.3099975585938,810.3099975585938,556500,USD,NMS,America/New_York,Yahoo Finance
REGN,2026-09-09,803.8300170898438,808.6300048828125,796.72998046875,807.6500244140625,807.6500244140625,621400,USD,NMS,America/New_York,Yahoo Finance
REGN,2026-09-10,794.3599853515625,806.1400146484375,792.0,793.260009765625,793.260009765625,526900,USD,NMS,America/New_York,Yahoo Finance
REGN,2026-09-11,800.0,800.219970703125,780.8099975585938,781.489990234375,781.489990234375,444000,USD,NMS,America/New_York,Yahoo Finance
REGN,2026-09-14,791.97998046875,798.8400268554688,779.4500122070312,793.739990234375,793.739990234375,591100,USD,NMS,America/New_York,Yahoo Finance
REGN,2026-09-15,788.530029296875,788.5800170898438,769.5700073242188,774.1099853515625,774.1099853515625,540600,USD,NMS,America/New_York,Yahoo Finance
REGN,2026-09-16,775.8200073242188,779.97998046875,771.7999877929688,774.6099853515625,774.6099853515625,382900,USD,NMS,America/New_York,Yahoo Finance
REGN,2026-09-17,781.1799926757812,789.989990234375,774.780029296875,789.4500122070312,789.4500122070312,702800,USD,NMS,America/New_York,Yahoo Finance
REGN,2026-09-18,787.3400268554688,794.72998046875,779.6500244140625,784.8499755859375,784.8499755859375,2472600,USD,NMS,America/New_York,Yahoo Finance
REGN,2026-09-21,786.030029296875,801.4400024414062,779.9600219726562,798.1699829101562,798.1699829101562,704400,USD,NMS,America/New_York,Yahoo Finance
REGN,2026-09-22,802.47998046875,811.6599731445312,791.3099975585938,803.9000244140625,803.9000244140625,600200,USD,NMS,America/New_York,Yahoo Finance
REGN,2026-09-23,805.22998046875,813.530029296875,790.02001953125,801.8200073242188,801.8200073242188,721100,USD,NMS,America/New_York,Yahoo Finance
REGN,2026-09-24,801.5900268554688,807.2100219726562,789.3900146484375,796.02001953125,796.02001953125,602600,USD,NMS,America/New_York,Yahoo Finance
REGN,2026-09-25,803.8699951171875,803.8699951171875,784.1300048828125,788.0399780273438,788.0399780273438,592100,USD,NMS,America/New_York,Yahoo Finance
REGN,2026-09-28,778.0900268554688,780.9500122070312,750.0,752.25,752.25,1065300,USD,NMS,America/New_York,Yahoo Finance
RIG,2026-08-17,5.800000190734863,5.869999885559082,5.71999979019165,5.869999885559082,5.869999885559082,45521200,USD,NYQ,America/New_York,Yahoo Finance
RIG,2026-08-18,5.949999809265137,5.989999771118164,5.789999961853027,5.820000171661377,5.820000171661377,39193000,USD,NYQ,America/New_York,Yahoo Finance
RIG,2026-08-19,5.900000095367432,5.949999809265137,5.829999923706055,5.840000152587891,5.840000152587891,42306600,USD,NYQ,America/New_York,Yahoo Finance
RIG,2026-08-20,5.989999771118164,6.059999942779541,5.929999828338623,6.010000228881836,6.010000228881836,36320700,USD,NYQ,America/New_York,Yahoo Finance
RIG,2026-08-21,6.050000190734863,6.139999866485596,5.909999847412109,5.920000076293945,5.920000076293945,29506200,USD,NYQ,America/New_York,Yahoo Finance
RIG,2026-08-24,5.820000171661377,5.849999904632568,5.659999847412109,5.769999980926514,5.769999980926514,37014600,USD,NYQ,America/New_York,Yahoo Finance
RIG,2026-08-25,5.659999847412109,5.809999942779541,5.659999847412109,5.75,5.75,30008300,USD,NYQ,America/New_York,Yahoo Finance
RIG,2026-08-26,5.679999828338623,5.739999771118164,5.579999923706055,5.599999904632568,5.599999904632568,23534100,USD,NYQ,America/New_York,Yahoo Finance
RIG,2026-08-27,5.630000114440918,5.820000171661377,5.570000171661377,5.739999771118164,5.739999771118164,44262600,USD,NYQ,America/New_York,Yahoo Finance
RIG,2026-08-28,5.739999771118164,5.860000133514404,5.679999828338623,5.800000190734863,5.800000190734863,34881300,USD,NYQ,America/New_York,Yahoo Finance
RIG,2026-08-31,5.949999809265137,5.980000019073486,5.75,5.809999942779541,5.809999942779541,27522300,USD,NYQ,America/New_York,Yahoo Finance
RIG,2026-09-01,5.900000095367432,5.989999771118164,5.800000190734863,5.920000076293945,5.920000076293945,37119500,USD,NYQ,America/New_York,Yahoo Finance
RIG,2026-09-02,5.860000133514404,6.269999980926514,5.789999961853027,6.21999979019165,6.21999979019165,53348100,USD,NYQ,America/New_York,Yahoo Finance
RIG,2026-09-03,6.269999980926514,6.269999980926514,6.010000228881836,6.019999980926514,6.019999980926514,43503800,USD,NYQ,America/New_York,Yahoo Finance
RIG,2026-09-04,5.960000038146973,5.960000038146973,5.769999980926514,5.849999904632568,5.849999904632568,40656700,USD,NYQ,America/New_York,Yahoo Finance
RIG,2026-09-08,5.920000076293945,6.019999980926514,5.760000228881836,5.760000228881836,5.760000228881836,44089300,USD,NYQ,America/New_York,Yahoo Finance
RIG,2026-09-09,5.849999904632568,5.929999828338623,5.690000057220459,5.710000038146973,5.710000038146973,45754700,USD,NYQ,America/New_York,Yahoo Finance
RIG,2026-09-10,5.840000152587891,5.860000133514404,5.659999847412109,5.769999980926514,5.769999980926514,45612800,USD,NYQ,America/New_York,Yahoo Finance
RIG,2026-09-11,5.769999980926514,5.829999923706055,5.590000152587891,5.670000076293945,5.670000076293945,34583700,USD,NYQ,America/New_York,Yahoo Finance
RIG,2026-09-14,5.71999979019165,5.71999979019165,5.440000057220459,5.449999809265137,5.449999809265137,43450700,USD,NYQ,America/New_York,Yahoo Finance
RIG,2026-09-15,5.510000228881836,5.949999809265137,5.510000228881836,5.940000057220459,5.940000057220459,68814700,USD,NYQ,America/New_York,Yahoo Finance
RIG,2026-09-16,5.869999885559082,5.949999809265137,5.46999979019165,5.539999961853027,5.539999961853027,58126100,USD,NYQ,America/New_York,Yahoo Finance
RIG,2026-09-17,5.579999923706055,5.699999809265137,5.550000190734863,5.659999847412109,5.659999847412109,41115400,USD,NYQ,America/New_York,Yahoo Finance
RIG,2026-09-18,5.710000038146973,5.75,5.619999885559082,5.639999866485596,5.639999866485596,41095500,USD,NYQ,America/New_York,Yahoo Finance
RIG,2026-09-21,5.619999885559082,5.630000114440918,5.420000076293945,5.449999809265137,5.449999809265137,41570300,USD,NYQ,America/New_York,Yahoo Finance
RIG,2026-09-22,5.360000133514404,5.53000020980835,5.349999904632568,5.489999771118164,5.489999771118164,61275100,USD,NYQ,America/New_York,Yahoo Finance
RIG,2026-09-23,5.53000020980835,5.570000171661377,5.449999809265137,5.46999979019165,5.46999979019165,34259200,USD,NYQ,America/New_York,Yahoo Finance
RIG,2026-09-24,5.519999980926514,5.579999923706055,5.420000076293945,5.429999828338623,5.429999828338623,42675200,USD,NYQ,America/New_York,Yahoo Finance
RIG,2026-09-25,5.380000114440918,5.440000057220459,5.289999961853027,5.380000114440918,5.380000114440918,37366400,USD,NYQ,America/New_York,Yahoo Finance
RIG,2026-09-28,5.409999847412109,5.449999809265137,5.28000020980835,5.28000020980835,5.28000020980835,50398400,USD,NYQ,America/New_York,Yahoo Finance
ROCK,2026-08-17,47.869998931884766,47.869998931884766,46.90999984741211,47.529998779296875,47.529998779296875,217100,USD,NMS,America/New_York,Yahoo Finance
ROCK,2026-08-18,47.459999084472656,47.459999084472656,46.34000015258789,46.40999984741211,46.40999984741211,153200,USD,NMS,America/New_York,Yahoo Finance
ROCK,2026-08-19,47.279998779296875,48.7400016784668,47.04999923706055,47.849998474121094,47.849998474121094,190000,USD,NMS,America/New_York,Yahoo Finance
ROCK,2026-08-20,46.70000076293945,47.18000030517578,45.5,46.38999938964844,46.38999938964844,186700,USD,NMS,America/New_York,Yahoo Finance
ROCK,2026-08-21,47.13999938964844,47.65999984741211,46.439998626708984,46.47999954223633,46.47999954223633,278300,USD,NMS,America/New_York,Yahoo Finance
ROCK,2026-08-24,46.779998779296875,47.5,46.15999984741211,46.27000045776367,46.27000045776367,171900,USD,NMS,America/New_York,Yahoo Finance
ROCK,2026-08-25,46.63999938964844,46.900001525878906,45.77000045776367,46.0099983215332,46.0099983215332,177700,USD,NMS,America/New_York,Yahoo Finance
ROCK,2026-08-26,46.08000183105469,47.290000915527344,45.25,46.33000183105469,46.33000183105469,164600,USD,NMS,America/New_York,Yahoo Finance
ROCK,2026-08-27,46.09000015258789,46.7599983215332,45.529998779296875,45.849998474121094,45.849998474121094,157100,USD,NMS,America/New_York,Yahoo Finance
ROCK,2026-08-28,46.33000183105469,46.58000183105469,44.95000076293945,45.27000045776367,45.27000045776367,199600,USD,NMS,America/New_York,Yahoo Finance
ROCK,2026-08-31,44.83000183105469,46.22999954223633,44.41999816894531,44.9900016784668,44.9900016784668,234900,USD,NMS,America/New_York,Yahoo Finance
ROCK,2026-09-01,44.779998779296875,44.779998779296875,42.27000045776367,42.86000061035156,42.86000061035156,218800,USD,NMS,America/New_York,Yahoo Finance
ROCK,2026-09-02,42.880001068115234,45.04999923706055,42.220001220703125,44.2400016784668,44.2400016784668,424400,USD,NMS,America/New_York,Yahoo Finance
ROCK,2026-09-03,44.97999954223633,45.900001525878906,44.25,45.77000045776367,45.77000045776367,207500,USD,NMS,America/New_York,Yahoo Finance
ROCK,2026-09-04,45.849998474121094,47.93000030517578,45.27000045776367,47.25,47.25,235600,USD,NMS,America/New_York,Yahoo Finance
ROCK,2026-09-08,47.41999816894531,47.93000030517578,46.689998626708984,47.45000076293945,47.45000076293945,389100,USD,NMS,America/New_York,Yahoo Finance
ROCK,2026-09-09,47.40999984741211,47.40999984741211,45.54999923706055,45.689998626708984,45.689998626708984,330200,USD,NMS,America/New_York,Yahoo Finance
ROCK,2026-09-10,45.0,45.61000061035156,44.0,44.52000045776367,44.52000045776367,286000,USD,NMS,America/New_York,Yahoo Finance
ROCK,2026-09-11,45.540000915527344,46.47999954223633,44.720001220703125,46.15999984741211,46.15999984741211,229200,USD,NMS,America/New_York,Yahoo Finance
ROCK,2026-09-14,44.9900016784668,46.130001068115234,44.93000030517578,45.0099983215332,45.0099983215332,232100,USD,NMS,America/New_York,Yahoo Finance
ROCK,2026-09-15,45.099998474121094,45.380001068115234,44.36000061035156,44.68000030517578,44.68000030517578,260100,USD,NMS,America/New_York,Yahoo Finance
ROCK,2026-09-16,44.9900016784668,45.2599983215332,44.18000030517578,44.84000015258789,44.84000015258789,358700,USD,NMS,America/New_York,Yahoo Finance
ROCK,2026-09-17,45.810001373291016,46.529998779296875,43.81999969482422,43.93000030517578,43.93000030517578,430300,USD,NMS,America/New_York,Yahoo Finance
ROCK,2026-09-18,43.45000076293945,44.06999969482422,40.97999954223633,41.4900016784668,41.4900016784668,974700,USD,NMS,America/New_York,Yahoo Finance
ROCK,2026-09-21,42.11000061035156,42.540000915527344,41.0,41.720001220703125,41.720001220703125,343300,USD,NMS,America/New_York,Yahoo Finance
ROCK,2026-09-22,42.2400016784668,42.77000045776367,41.61000061035156,42.599998474121094,42.599998474121094,420000,USD,NMS,America/New_York,Yahoo Finance
ROCK,2026-09-23,42.06999969482422,42.20000076293945,39.84000015258789,40.2400016784668,40.2400016784668,445900,USD,NMS,America/New_York,Yahoo Finance
ROCK,2026-09-24,40.2400016784668,40.5,38.18000030517578,39.70000076293945,39.70000076293945,580200,USD,NMS,America/New_York,Yahoo Finance
ROCK,2026-09-25,39.70000076293945,40.70000076293945,39.47999954223633,40.560001373291016,40.560001373291016,373900,USD,NMS,America/New_York,Yahoo Finance
ROCK,2026-09-28,39.709999084472656,40.959999084472656,38.88999938964844,40.54999923706055,40.54999923706055,349000,USD,NMS,America/New_York,Yahoo Finance
ROP.SW,2026-08-21,366.3999938964844,375.6000061035156,364.79998779296875,375.6000061035156,375.6000061035156,1239754,CHF,EBS,Europe/Zurich,Yahoo Finance
ROP.SW,2026-08-24,372.3999938964844,372.8999938964844,368.5,370.3999938964844,370.3999938964844,1220747,CHF,EBS,Europe/Zurich,Yahoo Finance
ROP.SW,2026-08-25,371.0,375.29998779296875,368.79998779296875,373.79998779296875,373.79998779296875,716257,CHF,EBS,Europe/Zurich,Yahoo Finance
ROP.SW,2026-08-26,374.0,375.79998779296875,367.70001220703125,368.29998779296875,368.29998779296875,966201,CHF,EBS,Europe/Zurich,Yahoo Finance
ROP.SW,2026-08-27,365.0,366.8999938964844,361.6000061035156,364.0,364.0,1057800,CHF,EBS,Europe/Zurich,Yahoo Finance
ROP.SW,2026-08-28,366.0,366.1000061035156,357.70001220703125,358.70001220703125,358.70001220703125,803082,CHF,EBS,Europe/Zurich,Yahoo Finance
ROP.SW,2026-08-31,358.0,358.0,351.79998779296875,352.79998779296875,352.79998779296875,1061679,CHF,EBS,Europe/Zurich,Yahoo Finance
ROP.SW,2026-09-01,348.79998779296875,350.6000061035156,343.8999938964844,347.5,347.5,1083372,CHF,EBS,Europe/Zurich,Yahoo Finance
ROP.SW,2026-09-02,348.79998779296875,353.6000061035156,348.29998779296875,349.20001220703125,349.20001220703125,847248,CHF,EBS,Europe/Zurich,Yahoo Finance
ROP.SW,2026-09-03,349.8999938964844,361.0,349.6000061035156,356.5,356.5,986299,CHF,EBS,Europe/Zurich,Yahoo Finance
ROP.SW,2026-09-04,357.1000061035156,358.20001220703125,352.5,357.0,357.0,865362,CHF,EBS,Europe/Zurich,Yahoo Finance
ROP.SW,2026-09-07,353.1000061035156,355.5,351.0,353.6000061035156,353.6000061035156,486374,CHF,EBS,Europe/Zurich,Yahoo Finance
ROP.SW,2026-09-08,353.20001220703125,357.70001220703125,349.1000061035156,350.5,350.5,734722,CHF,EBS,Europe/Zurich,Yahoo Finance
ROP.SW,2026-09-09,349.0,350.8999938964844,346.1000061035156,347.70001220703125,347.70001220703125,553402,CHF,EBS,Europe/Zurich,Yahoo Finance
ROP.SW,2026-09-10,350.0,350.0,343.1000061035156,345.5,345.5,591750,CHF,EBS,Europe/Zurich,Yahoo Finance
ROP.SW,2026-09-11,345.0,348.0,344.20001220703125,344.20001220703125,344.20001220703125,481726,CHF,EBS,Europe/Zurich,Yahoo Finance
ROP.SW,2026-09-14,347.79998779296875,366.79998779296875,347.70001220703125,361.3999938964844,361.3999938964844,1478828,CHF,EBS,Europe/Zurich,Yahoo Finance
ROP.SW,2026-09-15,359.20001220703125,360.70001220703125,355.79998779296875,360.6000061035156,360.6000061035156,1526662,CHF,EBS,Europe/Zurich,Yahoo Finance
ROP.SW,2026-09-16,359.79998779296875,364.3999938964844,359.1000061035156,362.5,362.5,1154611,CHF,EBS,Europe/Zurich,Yahoo Finance
ROP.SW,2026-09-17,363.70001220703125,364.1000061035156,356.70001220703125,361.20001220703125,361.20001220703125,1188561,CHF,EBS,Europe/Zurich,Yahoo Finance
ROP.SW,2026-09-18,358.6000061035156,365.1000061035156,356.3999938964844,356.79998779296875,356.79998779296875,2924971,CHF,EBS,Europe/Zurich,Yahoo Finance
ROP.SW,2026-09-21,359.0,365.70001220703125,356.6000061035156,364.79998779296875,364.79998779296875,648967,CHF,EBS,Europe/Zurich,Yahoo Finance
ROP.SW,2026-09-22,364.1000061035156,365.6000061035156,359.1000061035156,364.1000061035156,364.1000061035156,617042,CHF,EBS,Europe/Zurich,Yahoo Finance
ROP.SW,2026-09-23,364.6000061035156,368.20001220703125,361.0,363.20001220703125,363.20001220703125,735438,CHF,EBS,Europe/Zurich,Yahoo Finance
ROP.SW,2026-09-24,361.5,365.79998779296875,360.70001220703125,363.3999938964844,363.3999938964844,572401,CHF,EBS,Europe/Zurich,Yahoo Finance
ROP.SW,2026-09-25,363.29998779296875,364.79998779296875,358.6000061035156,360.29998779296875,360.29998779296875,677622,CHF,EBS,Europe/Zurich,Yahoo Finance
ROP.SW,2026-09-28,364.0,365.5,350.3999938964844,355.3999938964844,355.3999938964844,952188,CHF,EBS,Europe/Zurich,Yahoo Finance
ROP.SW,2026-09-29,354.0,356.3999938964844,348.5,349.29998779296875,349.29998779296875,933391,CHF,EBS,Europe/Zurich,Yahoo Finance
ROP.SW,2026-09-30,350.1000061035156,353.0,347.70001220703125,349.1000061035156,349.1000061035156,1135723,CHF,EBS,Europe/Zurich,Yahoo Finance
ROP.SW,2026-10-01,345.0,352.20001220703125,344.29998779296875,349.0,349.0,815733,CHF,EBS,Europe/Zurich,Yahoo Finance
RQI,2026-08-17,12.420000076293945,12.449999809265137,12.350000381469727,12.350000381469727,12.258216857910156,486200,USD,NYQ,America/New_York,Yahoo Finance
RQI,2026-08-18,12.380000114440918,12.479999542236328,12.3100004196167,12.3100004196167,12.218514442443848,385000,USD,NYQ,America/New_York,Yahoo Finance
RQI,2026-08-19,12.420000076293945,12.449999809265137,12.34000015258789,12.40999984741211,12.317770004272461,379000,USD,NYQ,America/New_York,Yahoo Finance
RQI,2026-08-20,12.350000381469727,12.489999771118164,12.329999923706055,12.34000015258789,12.248291015625,713500,USD,NYQ,America/New_York,Yahoo Finance
RQI,2026-08-21,12.449999809265137,12.449999809265137,12.359999656677246,12.380000114440918,12.287993431091309,335500,USD,NYQ,America/New_York,Yahoo Finance
RQI,2026-08-24,12.380000114440918,12.449999809265137,12.319999694824219,12.350000381469727,12.258216857910156,417500,USD,NYQ,America/New_York,Yahoo Finance
RQI,2026-08-25,12.369999885559082,12.4399995803833,12.34000015258789,12.40999984741211,12.317770004272461,429600,USD,NYQ,America/New_York,Yahoo Finance
RQI,2026-08-26,12.40999984741211,12.470000267028809,12.399999618530273,12.40999984741211,12.317770004272461,392300,USD,NYQ,America/New_York,Yahoo Finance
RQI,2026-08-27,12.399999618530273,12.399999618530273,12.300000190734863,12.329999923706055,12.238365173339844,389000,USD,NYQ,America/New_York,Yahoo Finance
RQI,2026-08-28,12.329999923706055,12.350000381469727,12.300000190734863,12.300000190734863,12.208588600158691,637600,USD,NYQ,America/New_York,Yahoo Finance
RQI,2026-08-31,12.300000190734863,12.300000190734863,12.149999618530273,12.149999618530273,12.05970287322998,728400,USD,NYQ,America/New_York,Yahoo Finance
RQI,2026-09-01,12.149999618530273,12.260000228881836,12.069999694824219,12.15999984741211,12.069628715515137,998100,USD,NYQ,America/New_York,Yahoo Finance
RQI,2026-09-02,12.15999984741211,12.15999984741211,12.0,12.109999656677246,12.019999504089355,460200,USD,NYQ,America/New_York,Yahoo Finance
RQI,2026-09-03,12.140000343322754,12.199999809265137,12.130000114440918,12.170000076293945,12.079554557800293,379600,USD,NYQ,America/New_York,Yahoo Finance
RQI,2026-09-04,12.149999618530273,12.239999771118164,12.109999656677246,12.109999656677246,12.019999504089355,523600,USD,NYQ,America/New_York,Yahoo Finance
RQI,2026-09-08,12.029999732971191,12.09000015258789,11.979999542236328,12.020000457763672,12.020000457763672,388500,USD,NYQ,America/New_York,Yahoo Finance
RQI,2026-09-09,12.010000228881836,12.039999961853027,11.880000114440918,11.880000114440918,11.880000114440918,534400,USD,NYQ,America/New_York,Yahoo Finance
RQI,2026-09-10,11.829999923706055,11.930000305175781,11.670000076293945,11.729999542236328,11.729999542236328,1163500,USD,NYQ,America/New_York,Yahoo Finance
RQI,2026-09-11,11.739999771118164,11.899999618530273,11.739999771118164,11.8100004196167,11.8100004196167,763800,USD,NYQ,America/New_York,Yahoo Finance
RQI,2026-09-14,11.84000015258789,12.100000381469727,11.6899995803833,11.6899995803833,11.6899995803833,675200,USD,NYQ,America/New_York,Yahoo Finance
RQI,2026-09-15,11.670000076293945,11.710000038146973,11.5,11.529999732971191,11.529999732971191,926200,USD,NYQ,America/New_York,Yahoo Finance
RQI,2026-09-16,11.510000228881836,11.619999885559082,11.380000114440918,11.420000076293945,11.420000076293945,842100,USD,NYQ,America/New_York,Yahoo Finance
RQI,2026-09-17,11.550000190734863,11.579999923706055,11.449999809265137,11.470000267028809,11.470000267028809,687400,USD,NYQ,America/New_York,Yahoo Finance
RQI,2026-09-18,11.489999771118164,11.489999771118164,11.359999656677246,11.369999885559082,11.369999885559082,454400,USD,NYQ,America/New_York,Yahoo Finance
RQI,2026-09-21,11.369999885559082,11.569999694824219,11.369999885559082,11.569999694824219,11.569999694824219,531900,USD,NYQ,America/New_York,Yahoo Finance
RQI,2026-09-22,11.619999885559082,11.619999885559082,11.529999732971191,11.539999961853027,11.539999961853027,544300,USD,NYQ,America/New_York,Yahoo Finance
RQI,2026-09-23,11.520000457763672,11.520000457763672,11.350000381469727,11.350000381469727,11.350000381469727,515200,USD,NYQ,America/New_York,Yahoo Finance
RQI,2026-09-24,11.350000381469727,11.399999618530273,11.15999984741211,11.15999984741211,11.15999984741211,1080500,USD,NYQ,America/New_York,Yahoo Finance
RQI,2026-09-25,11.220000267028809,11.300000190734863,11.079999923706055,11.170000076293945,11.170000076293945,498600,USD,NYQ,America/New_York,Yahoo Finance
RQI,2026-09-28,11.119999885559082,11.170000076293945,11.0,11.0,11.0,756200,USD,NYQ,America/New_York,Yahoo Finance
RSI,2026-08-17,25.540000915527344,25.90999984741211,25.18000030517578,25.450000762939453,25.450000762939453,1493300,USD,NYQ,America/New_York,Yahoo Finance
RSI,2026-08-18,25.469999313354492,25.56999969482422,24.514999389648438,24.549999237060547,24.549999237060547,2203400,USD,NYQ,America/New_York,Yahoo Finance
RSI,2026-08-19,24.700000762939453,25.809999465942383,24.399999618530273,25.719999313354492,25.719999313354492,2351700,USD,NYQ,America/New_York,Yahoo Finance
RSI,2026-08-20,25.860000610351562,26.649999618530273,25.43000030517578,25.610000610351562,25.610000610351562,1631200,USD,NYQ,America/New_York,Yahoo Finance
RSI,2026-08-21,25.549999237060547,25.850000381469727,24.77400016784668,25.799999237060547,25.799999237060547,2511600,USD,NYQ,America/New_York,Yahoo Finance
RSI,2026-08-24,25.8700008392334,26.649999618530273,25.610000610351562,26.420000076293945,26.420000076293945,1357500,USD,NYQ,America/New_York,Yahoo Finance
RSI,2026-08-25,26.450000762939453,26.739999771118164,25.969999313354492,26.049999237060547,26.049999237060547,1332600,USD,NYQ,America/New_York,Yahoo Finance
RSI,2026-08-26,26.0,26.59000015258789,25.600000381469727,26.3799991607666,26.3799991607666,1134000,USD,NYQ,America/New_York,Yahoo Finance
RSI,2026-08-27,26.270000457763672,26.344999313354492,25.889999389648438,26.200000762939453,26.200000762939453,1022100,USD,NYQ,America/New_York,Yahoo Finance
RSI,2026-08-28,26.450000762939453,27.229999542236328,26.049999237060547,26.40999984741211,26.40999984741211,2530300,USD,NYQ,America/New_York,Yahoo Finance
RSI,2026-08-31,26.209999084472656,26.584999084472656,25.610000610351562,25.760000228881836,25.760000228881836,2056000,USD,NYQ,America/New_York,Yahoo Finance
RSI,2026-09-01,25.559999465942383,26.25,25.15999984741211,25.75,25.75,2577600,USD,NYQ,America/New_York,Yahoo Finance
RSI,2026-09-02,25.6200008392334,27.09000015258789,25.594999313354492,26.170000076293945,26.170000076293945,3024300,USD,NYQ,America/New_York,Yahoo Finance
RSI,2026-09-03,26.559999465942383,27.094999313354492,26.329999923706055,26.770000457763672,26.770000457763672,2307000,USD,NYQ,America/New_York,Yahoo Finance
RSI,2026-09-04,26.420000076293945,26.90999984741211,26.18000030517578,26.68000030517578,26.68000030517578,1121300,USD,NYQ,America/New_York,Yahoo Finance
RSI,2026-09-08,26.610000610351562,27.309999465942383,25.989999771118164,27.020000457763672,27.020000457763672,5875100,USD,NYQ,America/New_York,Yahoo Finance
RSI,2026-09-09,26.809999465942383,27.229999542236328,26.200000762939453,26.719999313354492,26.719999313354492,2665100,USD,NYQ,America/New_York,Yahoo Finance
RSI,2026-09-10,26.639999389648438,27.540000915527344,26.010000228881836,26.360000610351562,26.360000610351562,1785500,USD,NYQ,America/New_York,Yahoo Finance
RSI,2026-09-11,26.850000381469727,27.290000915527344,26.344999313354492,26.43000030517578,26.43000030517578,2180000,USD,NYQ,America/New_York,Yahoo Finance
RSI,2026-09-14,26.799999237060547,27.139999389648438,26.100000381469727,26.219999313354492,26.219999313354492,1446000,USD,NYQ,America/New_York,Yahoo Finance
RSI,2026-09-15,26.209999084472656,26.665000915527344,25.809999465942383,26.06999969482422,26.06999969482422,3048600,USD,NYQ,America/New_York,Yahoo Finance
RSI,2026-09-16,26.100000381469727,26.440000534057617,25.729999542236328,25.889999389648438,25.889999389648438,2156500,USD,NYQ,America/New_York,Yahoo Finance
RSI,2026-09-17,25.959999084472656,26.149999618530273,25.18000030517578,25.25,25.25,2782900,USD,NYQ,America/New_York,Yahoo Finance
RSI,2026-09-18,25.170000076293945,25.479999542236328,23.270000457763672,23.299999237060547,23.299999237060547,6226900,USD,NYQ,America/New_York,Yahoo Finance
RSI,2026-09-21,23.010000228881836,23.239999771118164,21.389999389648438,21.56999969482422,21.56999969482422,5163800,USD,NYQ,America/New_York,Yahoo Finance
RSI,2026-09-22,22.520000457763672,22.920000076293945,21.18000030517578,21.219999313354492,21.219999313354492,4623400,USD,NYQ,America/New_York,Yahoo Finance
RSI,2026-09-23,20.75,20.8700008392334,19.920000076293945,20.559999465942383,20.559999465942383,8821600,USD,NYQ,America/New_York,Yahoo Finance
RSI,2026-09-24,20.649999618530273,20.649999618530273,19.100000381469727,19.540000915527344,19.540000915527344,9819100,USD,NYQ,America/New_York,Yahoo Finance
RSI,2026-09-25,19.489999771118164,20.1299991607666,19.1299991607666,19.8700008392334,19.8700008392334,2876400,USD,NYQ,America/New_York,Yahoo Finance
RSI,2026-09-28,19.899999618530273,20.125,19.350000381469727,19.549999237060547,19.549999237060547,2739800,USD,NYQ,America/New_York,Yahoo Finance
RUSHB,2026-08-17,53.133331298828125,54.2599983215332,52.90666580200195,53.48666763305664,53.33891296386719,85950,USD,NMS,America/New_York,Yahoo Finance
RUSHB,2026-08-18,53.099998474121094,53.15999984741211,52.09333419799805,52.65999984741211,52.514530181884766,54150,USD,NMS,America/New_York,Yahoo Finance
RUSHB,2026-08-19,52.959999084472656,53.13999938964844,52.206668853759766,52.37333297729492,52.22865676879883,106500,USD,NMS,America/New_York,Yahoo Finance
RUSHB,2026-08-20,51.7400016784668,52.459999084472656,51.413333892822266,51.71333312988281,51.57047653198242,76650,USD,NMS,America/New_York,Yahoo Finance
RUSHB,2026-08-21,52.119998931884766,52.86000061035156,51.51333236694336,52.77333450317383,52.6275520324707,91500,USD,NMS,America/New_York,Yahoo Finance
RUSHB,2026-08-24,53.040000915527344,53.939998626708984,52.43333435058594,52.606666564941406,52.46134567260742,111450,USD,NMS,America/New_York,Yahoo Finance
RUSHB,2026-08-25,53.18000030517578,53.380001068115234,51.233333587646484,51.926666259765625,51.78322219848633,91950,USD,NMS,America/New_York,Yahoo Finance
RUSHB,2026-08-26,52.17333221435547,52.45333480834961,50.88666534423828,51.119998931884766,50.978782653808594,76200,USD,NMS,America/New_York,Yahoo Finance
RUSHB,2026-08-27,51.00666809082031,52.90666580200195,50.67333221435547,51.46666717529297,51.324493408203125,125250,USD,NMS,America/New_York,Yahoo Finance
RUSHB,2026-08-28,51.46666717529297,52.33333206176758,51.06666564941406,51.266666412353516,51.12504577636719,81600,USD,NMS,America/New_York,Yahoo Finance
RUSHB,2026-08-31,51.33333206176758,51.9466667175293,50.68000030517578,51.82666778564453,51.68349838256836,73050,USD,NMS,America/New_York,Yahoo Finance
RUSHB,2026-09-01,51.5,52.619998931884766,48.540000915527344,49.459999084472656,49.323368072509766,67700,USD,NMS,America/New_York,Yahoo Finance
RUSHB,2026-09-02,49.52000045776367,50.54999923706055,48.779998779296875,49.2599983215332,49.12392044067383,115400,USD,NMS,America/New_York,Yahoo Finance
RUSHB,2026-09-03,49.650001525878906,51.150001525878906,49.27000045776367,50.47999954223633,50.340553283691406,78300,USD,NMS,America/New_York,Yahoo Finance
RUSHB,2026-09-04,49.86000061035156,52.08000183105469,49.86000061035156,51.81999969482422,51.676849365234375,69600,USD,NMS,America/New_York,Yahoo Finance
RUSHB,2026-09-08,51.849998474121094,51.959999084472656,50.2599983215332,50.68000030517578,50.540000915527344,95900,USD,NMS,America/New_York,Yahoo Finance
RUSHB,2026-09-09,50.27000045776367,50.560001373291016,49.65999984741211,50.04999923706055,50.04999923706055,43200,USD,NMS,America/New_York,Yahoo Finance
RUSHB,2026-09-10,50.02000045776367,50.02000045776367,48.560001373291016,49.209999084472656,49.209999084472656,52100,USD,NMS,America/New_York,Yahoo Finance
RUSHB,2026-09-11,50.119998931884766,50.70000076293945,49.349998474121094,49.880001068115234,49.880001068115234,118100,USD,NMS,America/New_York,Yahoo Finance
RUSHB,2026-09-14,49.88999938964844,52.90999984741211,49.18000030517578,52.599998474121094,52.599998474121094,325500,USD,NMS,America/New_York,Yahoo Finance
RUSHB,2026-09-15,52.27000045776367,54.0099983215332,51.86000061035156,53.7599983215332,53.7599983215332,311000,USD,NMS,America/New_York,Yahoo Finance
RUSHB,2026-09-16,53.630001068115234,54.849998474121094,52.11000061035156,53.900001525878906,53.900001525878906,171500,USD,NMS,America/New_York,Yahoo Finance
RUSHB,2026-09-17,54.720001220703125,57.380001068115234,54.52000045776367,57.0,57.0,571400,USD,NMS,America/New_York,Yahoo Finance
RUSHB,2026-09-18,56.939998626708984,57.279998779296875,55.209999084472656,55.41999816894531,55.41999816894531,1888100,USD,NMS,America/New_York,Yahoo Finance
RUSHB,2026-09-21,55.959999084472656,56.08000183105469,53.43000030517578,53.61000061035156,53.61000061035156,145500,USD,NMS,America/New_York,Yahoo Finance
RUSHB,2026-09-22,53.959999084472656,54.540000915527344,53.81999969482422,54.459999084472656,54.459999084472656,72600,USD,NMS,America/New_York,Yahoo Finance
RUSHB,2026-09-23,54.459999084472656,55.0,53.9900016784668,54.81999969482422,54.81999969482422,63800,USD,NMS,America/New_York,Yahoo Finance
RUSHB,2026-09-24,54.63999938964844,56.47999954223633,54.31999969482422,55.0099983215332,55.0099983215332,111900,USD,NMS,America/New_York,Yahoo Finance
RUSHB,2026-09-25,55.0099983215332,56.060001373291016,54.70000076293945,55.189998626708984,55.189998626708984,97900,USD,NMS,America/New_York,Yahoo Finance
RUSHB,2026-09-28,55.2400016784668,55.380001068115234,54.290000915527344,55.09000015258789,55.09000015258789,106200,USD,NMS,America/New_York,Yahoo Finance
RXO,2026-08-17,23.520000457763672,23.729999542236328,23.100000381469727,23.450000762939453,23.450000762939453,1303900,USD,NYQ,America/New_York,Yahoo Finance
RXO,2026-08-18,23.139999389648438,23.510000228881836,22.459999084472656,22.6299991607666,22.6299991607666,1058900,USD,NYQ,America/New_York,Yahoo Finance
RXO,2026-08-19,22.8799991607666,23.190000534057617,22.040000915527344,22.190000534057617,22.190000534057617,841200,USD,NYQ,America/New_York,Yahoo Finance
RXO,2026-08-20,21.6200008392334,22.03499984741211,21.295000076293945,21.670000076293945,21.670000076293945,1891700,USD,NYQ,America/New_York,Yahoo Finance
RXO,2026-08-21,21.889999389648438,22.579999923706055,21.719999313354492,22.540000915527344,22.540000915527344,2195700,USD,NYQ,America/New_York,Yahoo Finance
RXO,2026-08-24,22.709999084472656,22.940000534057617,20.8799991607666,21.280000686645508,21.280000686645508,1490300,USD,NYQ,America/New_York,Yahoo Finance
RXO,2026-08-25,21.719999313354492,22.09000015258789,21.2549991607666,21.59000015258789,21.59000015258789,1545700,USD,NYQ,America/New_York,Yahoo Finance
RXO,2026-08-26,21.56999969482422,22.450000762939453,21.100000381469727,22.190000534057617,22.190000534057617,1143300,USD,NYQ,America/New_York,Yahoo Finance
RXO,2026-08-27,22.34000015258789,22.68000030517578,21.969999313354492,22.290000915527344,22.290000915527344,636600,USD,NYQ,America/New_York,Yahoo Finance
RXO,2026-08-28,22.6200008392334,22.79599952697754,21.709999084472656,21.90999984741211,21.90999984741211,666100,USD,NYQ,America/New_York,Yahoo Finance
RXO,2026-08-31,21.889999389648438,22.299999237060547,21.219999313354492,21.25,21.25,1858600,USD,NYQ,America/New_York,Yahoo Finance
RXO,2026-09-01,21.709999084472656,21.709999084472656,19.84000015258789,20.110000610351562,20.110000610351562,1222900,USD,NYQ,America/New_York,Yahoo Finance
RXO,2026-09-02,20.200000762939453,20.71500015258789,19.65999984741211,19.790000915527344,19.790000915527344,1535600,USD,NYQ,America/New_York,Yahoo Finance
RXO,2026-09-03,20.15999984741211,20.239999771118164,19.270000457763672,20.0,20.0,1781000,USD,NYQ,America/New_York,Yahoo Finance
RXO,2026-09-04,19.889999389648438,20.670000076293945,19.790000915527344,20.65999984741211,20.65999984741211,1589800,USD,NYQ,America/New_York,Yahoo Finance
RXO,2026-09-08,20.709999084472656,20.709999084472656,19.850000381469727,19.920000076293945,19.920000076293945,1214400,USD,NYQ,America/New_York,Yahoo Finance
RXO,2026-09-09,20.520000457763672,21.25,19.84000015258789,20.040000915527344,20.040000915527344,2452000,USD,NYQ,America/New_York,Yahoo Finance
RXO,2026-09-10,19.989999771118164,20.079999923706055,19.309999465942383,19.510000228881836,19.510000228881836,1904000,USD,NYQ,America/New_York,Yahoo Finance
RXO,2026-09-11,19.84000015258789,20.190000534057617,19.309999465942383,19.489999771118164,19.489999771118164,1267500,USD,NYQ,America/New_York,Yahoo Finance
RXO,2026-09-14,19.200000762939453,19.670000076293945,18.780000686645508,19.459999084472656,19.459999084472656,1322600,USD,NYQ,America/New_York,Yahoo Finance
RXO,2026-09-15,19.450000762939453,20.0,19.211000442504883,19.56999969482422,19.56999969482422,1946800,USD,NYQ,America/New_York,Yahoo Finance
RXO,2026-09-16,19.260000228881836,19.885000228881836,18.559999465942383,19.079999923706055,19.079999923706055,1513500,USD,NYQ,America/New_York,Yahoo Finance
RXO,2026-09-17,19.43000030517578,20.260000228881836,19.190000534057617,20.149999618530273,20.149999618530273,1911300,USD,NYQ,America/New_York,Yahoo Finance
RXO,2026-09-18,20.030000686645508,20.3700008392334,19.549999237060547,20.260000228881836,20.260000228881836,4354800,USD,NYQ,America/New_York,Yahoo Finance
RXO,2026-09-21,20.440000534057617,20.440000534057617,19.344999313354492,19.719999313354492,19.719999313354492,1726300,USD,NYQ,America/New_York,Yahoo Finance
RXO,2026-09-22,19.920000076293945,20.40999984741211,19.510000228881836,19.790000915527344,19.790000915527344,1260600,USD,NYQ,America/New_York,Yahoo Finance
RXO,2026-09-23,20.3700008392334,20.3700008392334,19.239999771118164,19.8799991607666,19.8799991607666,2064100,USD,NYQ,America/New_York,Yahoo Finance
RXO,2026-09-24,20.450000762939453,20.450000762939453,19.559999465942383,19.93000030517578,19.93000030517578,1101600,USD,NYQ,America/New_York,Yahoo Finance
RXO,2026-09-25,20.450000762939453,20.450000762939453,19.5,19.790000915527344,19.790000915527344,1970300,USD,NYQ,America/New_York,Yahoo Finance
RXO,2026-09-28,19.59000015258789,20.34000015258789,19.3700008392334,20.149999618530273,20.149999618530273,1450300,USD,NYQ,America/New_York,Yahoo Finance
SAIC,2026-08-17,125.30999755859375,126.80999755859375,124.08000183105469,124.33999633789062,124.33999633789062,267900,USD,NMS,America/New_York,Yahoo Finance
SAIC,2026-08-18,124.52999877929688,127.0,124.38999938964844,125.94999694824219,125.94999694824219,330600,USD,NMS,America/New_York,Yahoo Finance
SAIC,2026-08-19,125.94999694824219,129.6999969482422,125.0199966430664,128.7100067138672,128.7100067138672,411900,USD,NMS,America/New_York,Yahoo Finance
SAIC,2026-08-20,127.27999877929688,129.52999877929688,125.2300033569336,126.29000091552734,126.29000091552734,446300,USD,NMS,America/New_York,Yahoo Finance
SAIC,2026-08-21,127.12000274658203,128.77999877929688,125.0,128.0399932861328,128.0399932861328,319500,USD,NMS,America/New_York,Yahoo Finance
SAIC,2026-08-24,123.69999694824219,127.81999969482422,123.69999694824219,126.8499984741211,126.8499984741211,398500,USD,NMS,America/New_York,Yahoo Finance
SAIC,2026-08-25,126.97000122070312,128.35000610351562,125.80999755859375,127.27999877929688,127.27999877929688,465600,USD,NMS,America/New_York,Yahoo Finance
SAIC,2026-08-26,126.79000091552734,128.72999572753906,125.33999633789062,127.58000183105469,127.58000183105469,382400,USD,NMS,America/New_York,Yahoo Finance
SAIC,2026-08-27,126.7300033569336,130.52999877929688,126.23999786376953,128.9600067138672,128.9600067138672,436200,USD,NMS,America/New_York,Yahoo Finance
SAIC,2026-08-28,129.4600067138672,130.97999572753906,125.0199966430664,125.95999908447266,125.95999908447266,848500,USD,NMS,America/New_York,Yahoo Finance
SAIC,2026-08-31,140.38999938964844,142.66000366210938,127.0999984741211,128.22000122070312,128.22000122070312,1857600,USD,NMS,America/New_York,Yahoo Finance
SAIC,2026-09-01,127.01000213623047,128.4499969482422,124.05000305175781,126.77999877929688,126.77999877929688,608200,USD,NMS,America/New_York,Yahoo Finance
SAIC,2026-09-02,126.0999984741211,127.8499984741211,122.69999694824219,127.18000030517578,127.18000030517578,556200,USD,NMS,America/New_York,Yahoo Finance
SAIC,2026-09-03,127.55999755859375,129.3699951171875,124.79000091552734,126.5,126.5,489400,USD,NMS,America/New_York,Yahoo Finance
SAIC,2026-09-04,125.70999908447266,127.98999786376953,123.87999725341797,126.75,126.75,342900,USD,NMS,America/New_York,Yahoo Finance
SAIC,2026-09-08,125.63999938964844,127.81999969482422,124.37999725341797,127.55000305175781,127.55000305175781,369000,USD,NMS,America/New_York,Yahoo Finance
SAIC,2026-09-09,127.8499984741211,127.94000244140625,125.86000061035156,126.19999694824219,126.19999694824219,379200,USD,NMS,America/New_York,Yahoo Finance
SAIC,2026-09-10,126.37000274658203,129.77999877929688,125.16000366210938,128.75999450683594,128.75999450683594,318300,USD,NMS,America/New_York,Yahoo Finance
SAIC,2026-09-11,128.38999938964844,130.0,125.80000305175781,129.89999389648438,129.89999389648438,268700,USD,NMS,America/New_York,Yahoo Finance
SAIC,2026-09-14,130.1999969482422,132.30999755859375,129.89999389648438,132.00999450683594,132.00999450683594,433700,USD,NMS,America/New_York,Yahoo Finance
SAIC,2026-09-15,131.3800048828125,136.0800018310547,129.88999938964844,133.74000549316406,133.74000549316406,635700,USD,NMS,America/New_York,Yahoo Finance
SAIC,2026-09-16,132.0,133.97999572753906,130.8000030517578,132.6199951171875,132.6199951171875,357800,USD,NMS,America/New_York,Yahoo Finance
SAIC,2026-09-17,133.57000732421875,134.86000061035156,132.5500030517578,133.64999389648438,133.64999389648438,386200,USD,NMS,America/New_York,Yahoo Finance
SAIC,2026-09-18,133.64999389648438,133.77999877929688,131.9600067138672,133.19000244140625,133.19000244140625,938000,USD,NMS,America/New_York,Yahoo Finance
SAIC,2026-09-21,133.0399932861328,134.74000549316406,132.50999450683594,133.35000610351562,133.35000610351562,310500,USD,NMS,America/New_York,Yahoo Finance
SAIC,2026-09-22,133.80999755859375,133.94000244140625,129.25999450683594,129.69000244140625,129.69000244140625,637000,USD,NMS,America/New_York,Yahoo Finance
SAIC,2026-09-23,131.67999267578125,134.69000244140625,130.22000122070312,132.9600067138672,132.9600067138672,425400,USD,NMS,America/New_York,Yahoo Finance
SAIC,2026-09-24,133.24000549316406,135.2899932861328,132.35000610351562,132.42999267578125,132.42999267578125,417400,USD,NMS,America/New_York,Yahoo Finance
SAIC,2026-09-25,132.1300048828125,133.39999389648438,130.8699951171875,132.61000061035156,132.61000061035156,331500,USD,NMS,America/New_York,Yahoo Finance
SAIC,2026-09-28,131.55999755859375,132.0,130.16000366210938,130.92999267578125,130.92999267578125,260600,USD,NMS,America/New_York,Yahoo Finance
SAP,2026-08-17,206.72999572753906,209.66000366210938,206.3000030517578,207.83999633789062,207.83999633789062,2807000,USD,NYQ,America/New_York,Yahoo Finance
SAP,2026-08-18,210.69000244140625,213.0,209.5399932861328,210.47000122070312,210.47000122070312,2920500,USD,NYQ,America/New_York,Yahoo Finance
SAP,2026-08-19,211.4499969482422,218.17999267578125,211.24000549316406,215.60000610351562,215.60000610351562,2505600,USD,NYQ,America/New_York,Yahoo Finance
SAP,2026-08-20,216.50999450683594,217.36000061035156,214.39999389648438,217.08999633789062,217.08999633789062,1512300,USD,NYQ,America/New_York,Yahoo Finance
SAP,2026-08-21,216.4199981689453,220.27000427246094,215.38999938964844,218.67999267578125,218.67999267578125,1580300,USD,NYQ,America/New_York,Yahoo Finance
SAP,2026-08-24,216.99000549316406,220.08999633789062,216.89999389648438,218.66000366210938,218.66000366210938,2117600,USD,NYQ,America/New_York,Yahoo Finance
SAP,2026-08-25,215.30999755859375,218.08999633789062,214.9499969482422,216.92999267578125,216.92999267578125,1849700,USD,NYQ,America/New_York,Yahoo Finance
SAP,2026-08-26,208.5800018310547,212.32000732421875,208.57000732421875,211.67999267578125,211.67999267578125,2821100,USD,NYQ,America/New_York,Yahoo Finance
SAP,2026-08-27,216.25999450683594,222.39999389648438,215.6199951171875,221.1699981689453,221.1699981689453,3292900,USD,NYQ,America/New_York,Yahoo Finance
SAP,2026-08-28,219.77000427246094,222.9600067138672,219.55999755859375,221.5399932861328,221.5399932861328,2318000,USD,NYQ,America/New_York,Yahoo Finance
SAP,2026-08-31,219.82000732421875,223.27999877929688,219.72999572753906,220.88999938964844,220.88999938964844,3028800,USD,NYQ,America/New_York,Yahoo Finance
SAP,2026-09-01,215.86000061035156,218.0,211.86000061035156,212.0399932861328,212.0399932861328,2552800,USD,NYQ,America/New_York,Yahoo Finance
SAP,2026-09-02,212.5,214.14999389648438,209.3800048828125,209.69000244140625,209.69000244140625,1506700,USD,NYQ,America/New_York,Yahoo Finance
SAP,2026-09-03,215.7100067138672,218.00999450683594,213.9600067138672,217.02999877929688,217.02999877929688,2390200,USD,NYQ,America/New_York,Yahoo Finance
SAP,2026-09-04,219.55999755859375,220.3300018310547,214.47000122070312,215.11000061035156,215.11000061035156,2298000,USD,NYQ,America/New_York,Yahoo Finance
SAP,2026-09-08,213.1199951171875,213.17999267578125,209.16000366210938,211.49000549316406,211.49000549316406,2568200,USD,NYQ,America/New_York,Yahoo Finance
SAP,2026-09-09,215.83999633789062,215.85000610351562,209.02999877929688,209.13999938964844,209.13999938964844,2486400,USD,NYQ,America/New_York,Yahoo Finance
SAP,2026-09-10,206.35000610351562,208.10000610351562,203.74000549316406,205.9499969482422,205.9499969482422,2239600,USD,NYQ,America/New_York,Yahoo Finance
SAP,2026-09-11,204.60000610351562,207.72000122070312,204.60000610351562,206.36000061035156,206.36000061035156,1720200,USD,NYQ,America/New_York,Yahoo Finance
SAP,2026-09-14,215.14999389648438,218.63999938964844,212.02000427246094,218.27999877929688,218.27999877929688,2024500,USD,NYQ,America/New_York,Yahoo Finance
SAP,2026-09-15,213.5500030517578,218.69000244140625,213.0399932861328,215.6699981689453,215.6699981689453,1850900,USD,NYQ,America/New_York,Yahoo Finance
SAP,2026-09-16,213.1300048828125,215.97999572753906,212.8800048828125,213.1999969482422,213.1999969482422,1322300,USD,NYQ,America/New_York,Yahoo Finance
SAP,2026-09-17,214.07000732421875,216.58999633789062,212.0800018310547,213.66000366210938,213.66000366210938,1102700,USD,NYQ,America/New_York,Yahoo Finance
SAP,2026-09-18,212.5800018310547,213.1199951171875,209.3300018310547,209.4499969482422,209.4499969482422,1890000,USD,NYQ,America/New_York,Yahoo Finance
SAP,2026-09-21,212.42999267578125,212.7100067138672,209.00999450683594,209.22000122070312,209.22000122070312,1824600,USD,NYQ,America/New_York,Yahoo Finance
SAP,2026-09-22,214.1999969482422,214.4199981689453,207.74000549316406,210.67999267578125,210.67999267578125,1756800,USD,NYQ,America/New_York,Yahoo Finance
SAP,2026-09-23,211.47000122070312,213.9499969482422,210.0800018310547,210.6199951171875,210.6199951171875,1553000,USD,NYQ,America/New_York,Yahoo Finance
SAP,2026-09-24,210.0,210.69000244140625,207.4600067138672,209.11000061035156,209.11000061035156,1172400,USD,NYQ,America/New_York,Yahoo Finance
SAP,2026-09-25,210.16000366210938,212.74000549316406,209.49000549316406,210.67999267578125,210.67999267578125,1557200,USD,NYQ,America/New_York,Yahoo Finance
SAP,2026-09-28,204.52999877929688,210.36000061035156,203.1699981689453,209.30999755859375,209.30999755859375,2055400,USD,NYQ,America/New_York,Yahoo Finance
SBSW,2026-08-17,10.84000015258789,11.140000343322754,10.8100004196167,10.970000267028809,10.515724182128906,5241400,USD,NYQ,America/New_York,Yahoo Finance
SBSW,2026-08-18,10.670000076293945,10.8100004196167,10.520000457763672,10.5600004196167,10.122702598571777,6961700,USD,NYQ,America/New_York,Yahoo Finance
SBSW,2026-08-19,11.279999732971191,11.649999618530273,11.239999771118164,11.59000015258789,11.1100492477417,6349200,USD,NYQ,America/New_York,Yahoo Finance
SBSW,2026-08-20,11.40999984741211,11.899999618530273,11.359999656677246,11.819999694824219,11.330524444580078,4433400,USD,NYQ,America/New_York,Yahoo Finance
SBSW,2026-08-21,12.779999732971191,12.8100004196167,12.449999809265137,12.579999923706055,12.059052467346191,8426000,USD,NYQ,America/New_York,Yahoo Finance
SBSW,2026-08-24,12.600000381469727,12.609999656677246,12.329999923706055,12.470000267028809,11.953607559204102,4801400,USD,NYQ,America/New_York,Yahoo Finance
SBSW,2026-08-25,12.260000228881836,12.550000190734863,12.229999542236328,12.529999732971191,12.011122703552246,6089200,USD,NYQ,America/New_York,Yahoo Finance
SBSW,2026-08-26,12.329999923706055,12.390000343322754,12.069999694824219,12.09000015258789,11.589343070983887,4109700,USD,NYQ,America/New_York,Yahoo Finance
SBSW,2026-08-27,12.010000228881836,12.329999923706055,11.899999618530273,12.260000228881836,11.752304077148438,4666700,USD,NYQ,America/New_York,Yahoo Finance
SBSW,2026-08-28,12.760000228881836,12.850000381469727,11.970000267028809,12.09000015258789,11.589343070983887,8963700,USD,NYQ,America/New_York,Yahoo Finance
SBSW,2026-08-31,11.960000038146973,12.010000228881836,11.739999771118164,11.850000381469727,11.359282493591309,3774900,USD,NYQ,America/New_York,Yahoo Finance
SBSW,2026-09-01,11.420000076293945,11.949999809265137,11.350000381469727,11.65999984741211,11.177149772644043,5648500,USD,NYQ,America/New_York,Yahoo Finance
SBSW,2026-09-02,12.369999885559082,12.850000381469727,12.369999885559082,12.5600004196167,12.039880752563477,7825800,USD,NYQ,America/New_York,Yahoo Finance
SBSW,2026-09-03,12.920000076293945,13.140000343322754,12.779999732971191,13.119999885559082,12.576689720153809,7075400,USD,NYQ,America/New_York,Yahoo Finance
SBSW,2026-09-04,12.850000381469727,13.050000190734863,12.789999961853027,12.789999961853027,12.260355949401855,3570500,USD,NYQ,America/New_York,Yahoo Finance
SBSW,2026-09-08,13.09000015258789,13.300000190734863,12.880000114440918,12.899999618530273,12.365799903869629,5329200,USD,NYQ,America/New_York,Yahoo Finance
SBSW,2026-09-09,13.319999694824219,13.4399995803833,12.920000076293945,13.119999885559082,12.576689720153809,4591100,USD,NYQ,America/New_York,Yahoo Finance
SBSW,2026-09-10,12.510000228881836,12.760000228881836,12.510000228881836,12.569999694824219,12.049466133117676,4235200,USD,NYQ,America/New_York,Yahoo Finance
SBSW,2026-09-11,12.869999885559082,12.899999618530273,12.5,12.539999961853027,12.020708084106445,5754100,USD,NYQ,America/New_York,Yahoo Finance
SBSW,2026-09-14,11.779999732971191,12.0,11.630000114440918,11.90999984741211,11.416797637939453,4538200,USD,NYQ,America/New_York,Yahoo Finance
SBSW,2026-09-15,11.890000343322754,11.920000076293945,11.640000343322754,11.84000015258789,11.349696159362793,3680100,USD,NYQ,America/New_York,Yahoo Finance
SBSW,2026-09-16,12.010000228881836,12.010000228881836,11.359999656677246,11.600000381469727,11.119634628295898,5901200,USD,NYQ,America/New_York,Yahoo Finance
SBSW,2026-09-17,12.020000457763672,12.180000305175781,11.859999656677246,12.050000190734863,11.550999641418457,5316500,USD,NYQ,America/New_York,Yahoo Finance
SBSW,2026-09-18,11.5600004196167,11.680000305175781,11.460000038146973,11.65999984741211,11.65999984741211,6068800,USD,NYQ,America/New_York,Yahoo Finance
SBSW,2026-09-21,11.609999656677246,11.619999885559082,11.069999694824219,11.130000114440918,11.130000114440918,4239300,USD,NYQ,America/New_York,Yahoo Finance
SBSW,2026-09-22,11.279999732971191,11.489999771118164,11.079999923706055,11.40999984741211,11.40999984741211,6183400,USD,NYQ,America/New_York,Yahoo Finance
SBSW,2026-09-23,10.850000381469727,10.899999618530273,10.460000038146973,10.550000190734863,10.550000190734863,7653700,USD,NYQ,America/New_York,Yahoo Finance
SBSW,2026-09-24,10.449999809265137,10.449999809265137,10.149999618530273,10.279999732971191,10.279999732971191,8165500,USD,NYQ,America/New_York,Yahoo Finance
SBSW,2026-09-25,10.579999923706055,10.670000076293945,10.4399995803833,10.609999656677246,10.609999656677246,7794500,USD,NYQ,America/New_York,Yahoo Finance
SBSW,2026-09-28,9.979999542236328,10.210000038146973,9.850000381469727,10.140000343322754,10.140000343322754,5941000,USD,NYQ,America/New_York,Yahoo Finance
SEI-USD,2026-09-04,0.04934699833393097,0.04934899881482124,0.046578001230955124,0.04679799824953079,0.04679799824953079,34473375,USD,CCC,UTC,Yahoo Finance
SEI-USD,2026-09-05,0.04679799824953079,0.04849499836564064,0.046792998909950256,0.047773998230695724,0.047773998230695724,29787866,USD,CCC,UTC,Yahoo Finance
SEI-USD,2026-09-06,0.04777799919247627,0.04957300052046776,0.047513000667095184,0.04932200163602829,0.04932200163602829,41114228,USD,CCC,UTC,Yahoo Finance
SEI-USD,2026-09-07,0.04932200163602829,0.05083100125193596,0.04831099882721901,0.04896499961614609,0.04896499961614609,47081320,USD,CCC,UTC,Yahoo Finance
SEI-USD,2026-09-08,0.04896499961614609,0.0516120009124279,0.04817400127649307,0.04953400045633316,0.04953400045633316,50920603,USD,CCC,UTC,Yahoo Finance
SEI-USD,2026-09-09,0.049532998353242874,0.0514100007712841,0.04690000042319298,0.04738499969244003,0.04738499969244003,51081366,USD,CCC,UTC,Yahoo Finance
SEI-USD,2026-09-10,0.04738499969244003,0.04738499969244003,0.044172998517751694,0.04428600147366524,0.04428600147366524,39345484,USD,CCC,UTC,Yahoo Finance
SEI-USD,2026-09-11,0.044286999851465225,0.04588500037789345,0.043733999133110046,0.044509001076221466,0.044509001076221466,40315989,USD,CCC,UTC,Yahoo Finance
SEI-USD,2026-09-12,0.044509001076221466,0.045173000544309616,0.04436599835753441,0.04444500058889389,0.04444500058889389,18950137,USD,CCC,UTC,Yahoo Finance
SEI-USD,2026-09-13,0.04444500058889389,0.04564100131392479,0.0439860001206398,0.044387999922037125,0.044387999922037125,24710945,USD,CCC,UTC,Yahoo Finance
SEI-USD,2026-09-14,0.044387999922037125,0.045503001660108566,0.04423400014638901,0.04459099844098091,0.04459099844098091,30946683,USD,CCC,UTC,Yahoo Finance
SEI-USD,2026-09-15,0.044592998921871185,0.04472799971699715,0.04167500138282776,0.042073000222444534,0.042073000222444534,38171528,USD,CCC,UTC,Yahoo Finance
SEI-USD,2026-09-16,0.04207099974155426,0.04315600171685219,0.04118900001049042,0.04313499853014946,0.04313499853014946,56468340,USD,CCC,UTC,Yahoo Finance
SEI-USD,2026-09-17,0.04313499853014946,0.0441880002617836,0.04285399988293648,0.04406699910759926,0.04406699910759926,47910288,USD,CCC,UTC,Yahoo Finance
SEI-USD,2026-09-18,0.04406699910759926,0.04827599972486496,0.04402799904346466,0.04806600138545036,0.04806600138545036,57356148,USD,CCC,UTC,Yahoo Finance
SEI-USD,2026-09-19,0.04806600138545036,0.05043099820613861,0.04732799902558327,0.04948199912905693,0.04948199912905693,61413679,USD,CCC,UTC,Yahoo Finance
SEI-USD,2026-09-20,0.04948199912905693,0.05413300171494484,0.04708100110292435,0.05335099995136261,0.05335099995136261,80512230,USD,CCC,UTC,Yahoo Finance
SEI-USD,2026-09-21,0.053346000611782074,0.06430400162935257,0.053341999650001526,0.059397000819444656,0.059397000819444656,225683405,USD,CCC,UTC,Yahoo Finance
SEI-USD,2026-09-22,0.05939299985766411,0.06225400045514107,0.05844999849796295,0.06147100031375885,0.06147100031375885,110835780,USD,CCC,UTC,Yahoo Finance
SEI-USD,2026-09-23,0.06147199869155884,0.0629739984869957,0.05785199999809265,0.05895199999213219,0.05895199999213219,85111621,USD,CCC,UTC,Yahoo Finance
SEI-USD,2026-09-24,0.05895199999213219,0.0630439966917038,0.0569549985229969,0.062320999801158905,0.062320999801158905,59862713,USD,CCC,UTC,Yahoo Finance
SEI-USD,2026-09-25,0.062320999801158905,0.07510100305080414,0.06186699867248535,0.07470999658107758,0.07470999658107758,193668640,USD,CCC,UTC,Yahoo Finance
SEI-USD,2026-09-26,0.0747079998254776,0.07699500024318695,0.07081799954175949,0.07187099754810333,0.07187099754810333,98196265,USD,CCC,UTC,Yahoo Finance
SEI-USD,2026-09-27,0.07187099754810333,0.07905799895524979,0.07125700265169144,0.0789790004491806,0.0789790004491806,119554594,USD,CCC,UTC,Yahoo Finance
SEI-USD,2026-09-28,0.07898300141096115,0.08609499782323837,0.07560700178146362,0.0773169994354248,0.0773169994354248,225042741,USD,CCC,UTC,Yahoo Finance
SEI-USD,2026-09-29,0.07730799913406372,0.07751700282096863,0.0717960000038147,0.0732090026140213,0.0732090026140213,121113093,USD,CCC,UTC,Yahoo Finance
SEI-USD,2026-09-30,0.07321000099182129,0.07510600239038467,0.07173000276088715,0.07353100180625916,0.07353100180625916,81057884,USD,CCC,UTC,Yahoo Finance
SEI-USD,2026-10-01,0.07353200018405914,0.07453099638223648,0.07027599960565567,0.07043199986219406,0.07043199986219406,70853031,USD,CCC,UTC,Yahoo Finance
SEI-USD,2026-10-02,0.07043199986219406,0.07254700362682343,0.06713899970054626,0.06929200142621994,0.06929200142621994,63214311,USD,CCC,UTC,Yahoo Finance
SEI-USD,2026-10-03,0.06929299980401993,0.07180900126695633,0.069241002202034,0.07166600227355957,0.07166600227355957,40188965,USD,CCC,UTC,Yahoo Finance
SENEB,2026-08-17,188.8000030517578,188.8000030517578,188.8000030517578,188.8000030517578,188.8000030517578,0,USD,NMS,America/New_York,Yahoo Finance
SENEB,2026-08-18,188.8000030517578,188.8000030517578,188.8000030517578,188.8000030517578,188.8000030517578,0,USD,NMS,America/New_York,Yahoo Finance
SENEB,2026-08-19,191.77000427246094,191.77000427246094,191.77000427246094,191.77000427246094,191.77000427246094,200,USD,NMS,America/New_York,Yahoo Finance
SENEB,2026-08-20,191.77000427246094,191.77000427246094,191.77000427246094,191.77000427246094,191.77000427246094,0,USD,NMS,America/New_York,Yahoo Finance
SENEB,2026-08-21,195.38999938964844,195.38999938964844,195.38999938964844,195.38999938964844,195.38999938964844,200,USD,NMS,America/New_York,Yahoo Finance
SENEB,2026-08-24,188.25,188.25,188.25,188.25,188.25,200,USD,NMS,America/New_York,Yahoo Finance
SENEB,2026-08-25,187.99000549316406,188.0,187.99000549316406,188.0,188.0,500,USD,NMS,America/New_York,Yahoo Finance
SENEB,2026-08-26,193.6699981689453,193.6699981689453,193.6699981689453,193.6699981689453,193.6699981689453,700,USD,NMS,America/New_York,Yahoo Finance
SENEB,2026-08-27,193.6699981689453,193.6699981689453,193.6699981689453,193.6699981689453,193.6699981689453,0,USD,NMS,America/New_York,Yahoo Finance
SENEB,2026-08-28,193.6699981689453,193.6699981689453,193.6699981689453,193.6699981689453,193.6699981689453,0,USD,NMS,America/New_York,Yahoo Finance
SENEB,2026-08-31,193.6699981689453,193.6699981689453,193.6699981689453,193.6699981689453,193.6699981689453,0,USD,NMS,America/New_York,Yahoo Finance
SENEB,2026-09-01,193.6699981689453,193.6699981689453,193.6699981689453,193.6699981689453,193.6699981689453,0,USD,NMS,America/New_York,Yahoo Finance
SENEB,2026-09-02,206.47999572753906,207.25999450683594,206.47999572753906,207.25999450683594,207.25999450683594,700,USD,NMS,America/New_York,Yahoo Finance
SENEB,2026-09-03,208.52999877929688,208.52999877929688,208.52999877929688,208.52999877929688,208.52999877929688,600,USD,NMS,America/New_York,Yahoo Finance
SENEB,2026-09-04,208.52999877929688,208.52999877929688,208.52999877929688,208.52999877929688,208.52999877929688,0,USD,NMS,America/New_York,Yahoo Finance
SENEB,2026-09-08,190.61000061035156,193.55999755859375,190.61000061035156,193.55999755859375,193.55999755859375,600,USD,NMS,America/New_York,Yahoo Finance
SENEB,2026-09-09,193.55999755859375,193.55999755859375,193.55999755859375,193.55999755859375,193.55999755859375,0,USD,NMS,America/New_York,Yahoo Finance
SENEB,2026-09-10,188.22000122070312,188.22000122070312,188.22000122070312,188.22000122070312,188.22000122070312,500,USD,NMS,America/New_York,Yahoo Finance
SENEB,2026-09-11,188.22000122070312,188.22000122070312,188.22000122070312,188.22000122070312,188.22000122070312,0,USD,NMS,America/New_York,Yahoo Finance
SENEB,2026-09-14,188.22000122070312,188.22000122070312,188.22000122070312,188.22000122070312,188.22000122070312,0,USD,NMS,America/New_York,Yahoo Finance
SENEB,2026-09-15,188.22000122070312,188.22000122070312,188.22000122070312,188.22000122070312,188.22000122070312,0,USD,NMS,America/New_York,Yahoo Finance
SENEB,2026-09-16,188.22000122070312,188.22000122070312,188.22000122070312,188.22000122070312,188.22000122070312,0,USD,NMS,America/New_York,Yahoo Finance
SENEB,2026-09-17,188.22000122070312,188.22000122070312,188.22000122070312,188.22000122070312,188.22000122070312,0,USD,NMS,America/New_York,Yahoo Finance
SENEB,2026-09-18,188.22000122070312,188.22000122070312,188.22000122070312,188.22000122070312,188.22000122070312,0,USD,NMS,America/New_York,Yahoo Finance
SENEB,2026-09-21,188.22000122070312,188.22000122070312,188.22000122070312,188.22000122070312,188.22000122070312,0,USD,NMS,America/New_York,Yahoo Finance
SENEB,2026-09-22,188.22000122070312,188.22000122070312,188.22000122070312,188.22000122070312,188.22000122070312,0,USD,NMS,America/New_York,Yahoo Finance
SENEB,2026-09-23,187.4199981689453,187.4199981689453,187.4199981689453,187.4199981689453,187.4199981689453,400,USD,NMS,America/New_York,Yahoo Finance
SENEB,2026-09-24,187.4199981689453,187.4199981689453,187.4199981689453,187.4199981689453,187.4199981689453,0,USD,NMS,America/New_York,Yahoo Finance
SENEB,2026-09-25,187.4199981689453,187.4199981689453,187.4199981689453,187.4199981689453,187.4199981689453,0,USD,NMS,America/New_York,Yahoo Finance
SENEB,2026-09-28,187.4199981689453,187.4199981689453,187.4199981689453,187.4199981689453,187.4199981689453,0,USD,NMS,America/New_York,Yahoo Finance
SEPN,2026-08-17,44.0099983215332,45.40999984741211,43.689998626708984,44.20000076293945,44.20000076293945,433700,USD,NGM,America/New_York,Yahoo Finance
SEPN,2026-08-18,43.689998626708984,44.58000183105469,43.369998931884766,43.79999923706055,43.79999923706055,332900,USD,NGM,America/New_York,Yahoo Finance
SEPN,2026-08-19,44.650001525878906,44.93000030517578,43.4900016784668,43.93000030517578,43.93000030517578,383500,USD,NGM,America/New_York,Yahoo Finance
SEPN,2026-08-20,43.150001525878906,43.61899948120117,40.2400016784668,40.790000915527344,40.790000915527344,429900,USD,NGM,America/New_York,Yahoo Finance
SEPN,2026-08-21,41.439998626708984,41.439998626708984,39.95000076293945,40.0,40.0,289800,USD,NGM,America/New_York,Yahoo Finance
SEPN,2026-08-24,39.7599983215332,40.900001525878906,38.959999084472656,40.52000045776367,40.52000045776367,520500,USD,NGM,America/New_York,Yahoo Finance
SEPN,2026-08-25,41.56999969482422,41.849998474121094,40.470001220703125,41.29999923706055,41.29999923706055,333400,USD,NGM,America/New_York,Yahoo Finance
SEPN,2026-08-26,41.08000183105469,41.35499954223633,40.119998931884766,40.25,40.25,168500,USD,NGM,America/New_York,Yahoo Finance
SEPN,2026-08-27,40.0099983215332,41.08000183105469,39.95000076293945,40.470001220703125,40.470001220703125,266500,USD,NGM,America/New_York,Yahoo Finance
SEPN,2026-08-28,40.25,40.94499969482422,38.7400016784668,38.90999984741211,38.90999984741211,385900,USD,NGM,America/New_York,Yahoo Finance
SEPN,2026-08-31,38.709999084472656,39.10499954223633,37.38999938964844,38.150001525878906,38.150001525878906,415300,USD,NGM,America/New_York,Yahoo Finance
SEPN,2026-09-01,38.150001525878906,38.56999969482422,37.2400016784668,37.68000030517578,37.68000030517578,264000,USD,NGM,America/New_York,Yahoo Finance
SEPN,2026-09-02,37.959999084472656,38.86000061035156,37.244998931884766,37.5,37.5,263200,USD,NGM,America/New_York,Yahoo Finance
SEPN,2026-09-03,37.720001220703125,38.19499969482422,36.459999084472656,36.79999923706055,36.79999923706055,241500,USD,NGM,America/New_York,Yahoo Finance
SEPN,2026-09-04,36.56999969482422,37.59000015258789,36.56999969482422,36.75,36.75,199700,USD,NGM,America/New_York,Yahoo Finance
SEPN,2026-09-08,36.150001525878906,38.060001373291016,36.0099983215332,37.369998931884766,37.369998931884766,309900,USD,NGM,America/New_York,Yahoo Finance
SEPN,2026-09-09,37.150001525878906,39.400001525878906,37.150001525878906,37.970001220703125,37.970001220703125,475300,USD,NGM,America/New_York,Yahoo Finance
SEPN,2026-09-10,37.369998931884766,38.43000030517578,36.599998474121094,37.75,37.75,338700,USD,NGM,America/New_York,Yahoo Finance
SEPN,2026-09-11,37.75,40.02000045776367,37.560001373291016,38.5099983215332,38.5099983215332,354300,USD,NGM,America/New_York,Yahoo Finance
SEPN,2026-09-14,38.65999984741211,39.95000076293945,38.5099983215332,39.54999923706055,39.54999923706055,356000,USD,NGM,America/New_York,Yahoo Finance
SEPN,2026-09-15,39.52000045776367,39.52000045776367,38.26300048828125,38.86000061035156,38.86000061035156,269600,USD,NGM,America/New_York,Yahoo Finance
SEPN,2026-09-16,39.150001525878906,40.2400016784668,37.917999267578125,38.439998626708984,38.439998626708984,304900,USD,NGM,America/New_York,Yahoo Finance
SEPN,2026-09-17,39.380001068115234,40.52000045776367,39.005001068115234,39.5,39.5,256800,USD,NGM,America/New_York,Yahoo Finance
SEPN,2026-09-18,39.279998779296875,39.47999954223633,37.88100051879883,38.689998626708984,38.689998626708984,448200,USD,NGM,America/New_York,Yahoo Finance
SEPN,2026-09-21,38.970001220703125,39.470001220703125,38.0099983215332,38.540000915527344,38.540000915527344,252400,USD,NGM,America/New_York,Yahoo Finance
SEPN,2026-09-22,38.779998779296875,41.09000015258789,38.7400016784668,40.380001068115234,40.380001068115234,412000,USD,NGM,America/New_York,Yahoo Finance
SEPN,2026-09-23,40.16999816894531,40.16999816894531,36.97999954223633,38.45000076293945,38.45000076293945,509700,USD,NGM,America/New_York,Yahoo Finance
SEPN,2026-09-24,38.40999984741211,38.80500030517578,37.4900016784668,38.130001068115234,38.130001068115234,293000,USD,NGM,America/New_York,Yahoo Finance
SEPN,2026-09-25,38.34000015258789,38.34000015258789,37.349998474121094,37.77000045776367,37.77000045776367,344300,USD,NGM,America/New_York,Yahoo Finance
SEPN,2026-09-28,37.61000061035156,39.779998779296875,37.029998779296875,39.7400016784668,39.7400016784668,338300,USD,NGM,America/New_York,Yahoo Finance
SKWD,2026-08-17,59.709999084472656,60.069000244140625,57.34000015258789,57.56999969482422,57.56999969482422,579500,USD,NMS,America/New_York,Yahoo Finance
SKWD,2026-08-18,58.400001525878906,59.5,57.880001068115234,58.439998626708984,58.439998626708984,377500,USD,NMS,America/New_York,Yahoo Finance
SKWD,2026-08-19,58.439998626708984,59.060001373291016,56.33000183105469,56.400001525878906,56.400001525878906,319400,USD,NMS,America/New_York,Yahoo Finance
SKWD,2026-08-20,54.90999984741211,56.459999084472656,54.02000045776367,55.86000061035156,55.86000061035156,603500,USD,NMS,America/New_York,Yahoo Finance
SKWD,2026-08-21,56.040000915527344,57.29999923706055,55.665000915527344,56.88999938964844,56.88999938964844,523200,USD,NMS,America/New_York,Yahoo Finance
SKWD,2026-08-24,56.900001525878906,58.69499969482422,56.68000030517578,57.91999816894531,57.91999816894531,370000,USD,NMS,America/New_York,Yahoo Finance
SKWD,2026-08-25,58.09000015258789,58.88999938964844,57.15700149536133,57.400001525878906,57.400001525878906,239100,USD,NMS,America/New_York,Yahoo Finance
SKWD,2026-08-26,57.59000015258789,58.3849983215332,57.29999923706055,58.040000915527344,58.040000915527344,317000,USD,NMS,America/New_York,Yahoo Finance
SKWD,2026-08-27,57.7599983215332,58.45199966430664,56.72999954223633,57.650001525878906,57.650001525878906,370200,USD,NMS,America/New_York,Yahoo Finance
SKWD,2026-08-28,57.84000015258789,59.02000045776367,57.84000015258789,58.290000915527344,58.290000915527344,294400,USD,NMS,America/New_York,Yahoo Finance
SKWD,2026-08-31,57.81999969482422,58.20000076293945,57.172000885009766,57.40999984741211,57.40999984741211,301900,USD,NMS,America/New_York,Yahoo Finance
SKWD,2026-09-01,57.59000015258789,58.09000015258789,56.959999084472656,57.41999816894531,57.41999816894531,406500,USD,NMS,America/New_York,Yahoo Finance
SKWD,2026-09-02,57.400001525878906,58.02000045776367,56.209999084472656,56.31999969482422,56.31999969482422,764700,USD,NMS,America/New_York,Yahoo Finance
SKWD,2026-09-03,57.189998626708984,58.45000076293945,56.779998779296875,58.09000015258789,58.09000015258789,715400,USD,NMS,America/New_York,Yahoo Finance
SKWD,2026-09-04,57.040000915527344,57.79499816894531,56.65999984741211,57.34000015258789,57.34000015258789,350000,USD,NMS,America/New_York,Yahoo Finance
SKWD,2026-09-08,56.619998931884766,57.290000915527344,55.4900016784668,56.529998779296875,56.529998779296875,263900,USD,NMS,America/New_York,Yahoo Finance
SKWD,2026-09-09,56.22999954223633,56.375,55.38999938964844,56.349998474121094,56.349998474121094,248600,USD,NMS,America/New_York,Yahoo Finance
SKWD,2026-09-10,56.900001525878906,57.34000015258789,55.70000076293945,56.29999923706055,56.29999923706055,346900,USD,NMS,America/New_York,Yahoo Finance
SKWD,2026-09-11,57.130001068115234,57.40999984741211,55.744998931884766,56.7400016784668,56.7400016784668,310200,USD,NMS,America/New_York,Yahoo Finance
SKWD,2026-09-14,57.56999969482422,58.59000015258789,57.38399887084961,58.349998474121094,58.349998474121094,361000,USD,NMS,America/New_York,Yahoo Finance
SKWD,2026-09-15,57.97999954223633,58.21500015258789,57.150001525878906,57.82500076293945,57.82500076293945,315000,USD,NMS,America/New_York,Yahoo Finance
SKWD,2026-09-16,57.310001373291016,58.04999923706055,56.619998931884766,57.279998779296875,57.279998779296875,349100,USD,NMS,America/New_York,Yahoo Finance
SKWD,2026-09-17,57.47999954223633,57.630001068115234,56.5,56.599998474121094,56.599998474121094,237900,USD,NMS,America/New_York,Yahoo Finance
SKWD,2026-09-18,56.189998626708984,56.46500015258789,55.15999984741211,56.310001373291016,56.310001373291016,887700,USD,NMS,America/New_York,Yahoo Finance
SKWD,2026-09-21,56.349998474121094,57.0880012512207,56.16999816894531,56.29499816894531,56.29499816894531,267600,USD,NMS,America/New_York,Yahoo Finance
SKWD,2026-09-22,57.16999816894531,57.16999816894531,55.185001373291016,55.90999984741211,55.90999984741211,443600,USD,NMS,America/New_York,Yahoo Finance
SKWD,2026-09-23,55.459999084472656,56.05500030517578,54.7400016784668,54.84000015258789,54.84000015258789,322200,USD,NMS,America/New_York,Yahoo Finance
SKWD,2026-09-24,55.27000045776367,55.560001373291016,54.58000183105469,54.880001068115234,54.880001068115234,404500,USD,NMS,America/New_York,Yahoo Finance
SKWD,2026-09-25,55.119998931884766,55.119998931884766,54.189998626708984,54.779998779296875,54.779998779296875,353500,USD,NMS,America/New_York,Yahoo Finance
SKWD,2026-09-28,54.560001373291016,54.560001373291016,53.130001068115234,53.59000015258789,53.59000015258789,275000,USD,NMS,America/New_York,Yahoo Finance
SNOW,2026-08-17,327.7699890136719,334.45001220703125,324.5060119628906,330.1099853515625,330.1099853515625,3097400,USD,NYQ,America/New_York,Yahoo Finance
SNOW,2026-08-18,327.1400146484375,334.0,321.5,325.3299865722656,325.3299865722656,4001700,USD,NYQ,America/New_York,Yahoo Finance
SNOW,2026-08-19,325.1499938964844,326.0,316.32000732421875,325.010009765625,325.010009765625,3885000,USD,NYQ,America/New_York,Yahoo Finance
SNOW,2026-08-20,322.7200012207031,325.0,317.1199951171875,321.2900085449219,321.2900085449219,3175500,USD,NYQ,America/New_York,Yahoo Finance
SNOW,2026-08-21,321.6600036621094,333.2749938964844,314.20001220703125,332.7799987792969,332.7799987792969,3437100,USD,NYQ,America/New_York,Yahoo Finance
SNOW,2026-08-24,332.1499938964844,332.1499938964844,321.82000732421875,322.7799987792969,322.7799987792969,3722500,USD,NYQ,America/New_York,Yahoo Finance
SNOW,2026-08-25,322.1400146484375,325.8500061035156,308.6199951171875,317.0199890136719,317.0199890136719,4442100,USD,NYQ,America/New_York,Yahoo Finance
SNOW,2026-08-26,309.44000244140625,317.5,307.2699890136719,315.3699951171875,315.3699951171875,3078400,USD,NYQ,America/New_York,Yahoo Finance
SNOW,2026-08-27,322.5,333.5,320.0,329.1099853515625,329.1099853515625,4067800,USD,NYQ,America/New_York,Yahoo Finance
SNOW,2026-08-28,330.3699951171875,334.79998779296875,325.3999938964844,328.0,328.0,3084000,USD,NYQ,America/New_York,Yahoo Finance
SNOW,2026-08-31,326.5,332.6499938964844,323.0400085449219,331.42999267578125,331.42999267578125,4391800,USD,NYQ,America/New_York,Yahoo Finance
SNOW,2026-09-01,325.875,328.760009765625,317.82000732421875,319.79998779296875,319.79998779296875,4000800,USD,NYQ,America/New_York,Yahoo Finance
SNOW,2026-09-02,310.5400085449219,319.25,303.8900146484375,305.8399963378906,305.8399963378906,11649500,USD,NYQ,America/New_York,Yahoo Finance
SNOW,2026-09-03,377.2449951171875,384.55999755859375,355.4700012207031,356.4700012207031,356.4700012207031,21835900,USD,NYQ,America/New_York,Yahoo Finance
SNOW,2026-09-04,353.6300048828125,356.8299865722656,337.1099853515625,337.17999267578125,337.17999267578125,8451600,USD,NYQ,America/New_York,Yahoo Finance
SNOW,2026-09-08,333.5899963378906,341.13800048828125,331.7699890136719,335.5,335.5,5283000,USD,NYQ,America/New_York,Yahoo Finance
SNOW,2026-09-09,335.7200012207031,339.5899963378906,331.0,331.4800109863281,331.4800109863281,4320500,USD,NYQ,America/New_York,Yahoo Finance
SNOW,2026-09-10,329.70001220703125,341.45001220703125,325.010009765625,329.7200012207031,329.7200012207031,3433300,USD,NYQ,America/New_York,Yahoo Finance
SNOW,2026-09-11,329.8599853515625,333.4800109863281,323.4200134277344,328.989990234375,328.989990234375,4487100,USD,NYQ,America/New_York,Yahoo Finance
SNOW,2026-09-14,329.0,336.4849853515625,319.0,332.3500061035156,332.3500061035156,4775900,USD,NYQ,America/New_York,Yahoo Finance
SNOW,2026-09-15,324.8900146484375,328.6600036621094,318.5,322.9800109863281,322.9800109863281,3978200,USD,NYQ,America/New_York,Yahoo Finance
SNOW,2026-09-16,318.1400146484375,338.0,317.45001220703125,331.0199890136719,331.0199890136719,3757600,USD,NYQ,America/New_York,Yahoo Finance
SNOW,2026-09-17,334.0,344.6600036621094,328.77398681640625,338.3900146484375,338.3900146484375,4288200,USD,NYQ,America/New_York,Yahoo Finance
SNOW,2026-09-18,338.6099853515625,340.30999755859375,330.1400146484375,332.42999267578125,332.42999267578125,4313300,USD,NYQ,America/New_York,Yahoo Finance
SNOW,2026-09-21,335.6300048828125,339.5299987792969,329.1300048828125,339.3900146484375,339.3900146484375,3690300,USD,NYQ,America/New_York,Yahoo Finance
SNOW,2026-09-22,345.70001220703125,346.7909851074219,333.67999267578125,336.5899963378906,336.5899963378906,4958400,USD,NYQ,America/New_York,Yahoo Finance
SNOW,2026-09-23,338.1499938964844,348.6099853515625,333.1600036621094,334.80999755859375,334.80999755859375,4037300,USD,NYQ,America/New_York,Yahoo Finance
SNOW,2026-09-24,332.8500061035156,337.6449890136719,328.2099914550781,334.0,334.0,2793500,USD,NYQ,America/New_York,Yahoo Finance
SNOW,2026-09-25,333.94000244140625,347.2200012207031,332.7900085449219,335.94000244140625,335.94000244140625,3025900,USD,NYQ,America/New_York,Yahoo Finance
SNOW,2026-09-28,320.010009765625,333.7200012207031,316.6300048828125,328.1199951171875,328.1199951171875,4523500,USD,NYQ,America/New_York,Yahoo Finance
SOLV,2026-08-17,87.75,88.125,86.63999938964844,86.81999969482422,86.81999969482422,1521400,USD,NYQ,America/New_York,Yahoo Finance
SOLV,2026-08-18,87.5,88.47000122070312,87.02999877929688,87.44999694824219,87.44999694824219,1163100,USD,NYQ,America/New_York,Yahoo Finance
SOLV,2026-08-19,87.87999725341797,89.74500274658203,87.66999816894531,87.80999755859375,87.80999755859375,917900,USD,NYQ,America/New_York,Yahoo Finance
SOLV,2026-08-20,87.08999633789062,89.44000244140625,87.02999877929688,88.61000061035156,88.61000061035156,805100,USD,NYQ,America/New_York,Yahoo Finance
SOLV,2026-08-21,88.29000091552734,89.6500015258789,87.91500091552734,89.56999969482422,89.56999969482422,925200,USD,NYQ,America/New_York,Yahoo Finance
SOLV,2026-08-24,89.44999694824219,91.51000213623047,89.30000305175781,91.25,91.25,1144700,USD,NYQ,America/New_York,Yahoo Finance
SOLV,2026-08-25,90.79000091552734,92.05000305175781,90.3499984741211,91.61000061035156,91.61000061035156,1048000,USD,NYQ,America/New_York,Yahoo Finance
SOLV,2026-08-26,91.4800033569336,92.70999908447266,91.16000366210938,91.52999877929688,91.52999877929688,1019500,USD,NYQ,America/New_York,Yahoo Finance
SOLV,2026-08-27,90.5199966430664,92.26000213623047,89.51000213623047,90.93000030517578,90.93000030517578,687200,USD,NYQ,America/New_York,Yahoo Finance
SOLV,2026-08-28,90.9800033569336,91.69999694824219,90.69000244140625,91.12000274658203,91.12000274658203,678800,USD,NYQ,America/New_York,Yahoo Finance
SOLV,2026-08-31,90.33000183105469,91.63999938964844,90.30400085449219,91.05999755859375,91.05999755859375,926400,USD,NYQ,America/New_York,Yahoo Finance
SOLV,2026-09-01,92.58999633789062,94.16000366210938,90.74500274658203,90.94999694824219,90.94999694824219,1112700,USD,NYQ,America/New_York,Yahoo Finance
SOLV,2026-09-02,91.12000274658203,93.11000061035156,91.12000274658203,91.9000015258789,91.9000015258789,826100,USD,NYQ,America/New_York,Yahoo Finance
SOLV,2026-09-03,93.54000091552734,94.12000274658203,91.33999633789062,92.44000244140625,92.44000244140625,784300,USD,NYQ,America/New_York,Yahoo Finance
SOLV,2026-09-04,91.4000015258789,92.2750015258789,91.375,91.69000244140625,91.69000244140625,576300,USD,NYQ,America/New_York,Yahoo Finance
SOLV,2026-09-08,90.73999786376953,91.01000213623047,89.29499816894531,90.11000061035156,90.11000061035156,1105200,USD,NYQ,America/New_York,Yahoo Finance
SOLV,2026-09-09,89.22000122070312,90.22000122070312,88.83000183105469,90.02999877929688,90.02999877929688,803500,USD,NYQ,America/New_York,Yahoo Finance
SOLV,2026-09-10,89.12000274658203,90.05999755859375,87.58999633789062,87.6500015258789,87.6500015258789,709700,USD,NYQ,America/New_York,Yahoo Finance
SOLV,2026-09-11,88.66000366210938,88.83999633789062,86.6500015258789,87.44999694824219,87.44999694824219,774400,USD,NYQ,America/New_York,Yahoo Finance
SOLV,2026-09-14,88.27999877929688,90.31999969482422,88.04499816894531,89.81999969482422,89.81999969482422,779300,USD,NYQ,America/New_York,Yahoo Finance
SOLV,2026-09-15,89.54000091552734,91.86000061035156,89.37999725341797,90.05999755859375,90.05999755859375,1103100,USD,NYQ,America/New_York,Yahoo Finance
SOLV,2026-09-16,90.04000091552734,91.87000274658203,88.677001953125,88.83000183105469,88.83000183105469,977300,USD,NYQ,America/New_York,Yahoo Finance
SOLV,2026-09-17,89.08999633789062,89.16000366210938,87.30000305175781,87.52999877929688,87.52999877929688,1042800,USD,NYQ,America/New_York,Yahoo Finance
SOLV,2026-09-18,87.61000061035156,89.52999877929688,86.52999877929688,88.83999633789062,88.83999633789062,2318200,USD,NYQ,America/New_York,Yahoo Finance
SOLV,2026-09-21,88.87000274658203,89.61499786376953,88.4000015258789,88.83999633789062,88.83999633789062,660300,USD,NYQ,America/New_York,Yahoo Finance
SOLV,2026-09-22,89.16999816894531,89.40499877929688,88.47699737548828,88.75,88.75,651200,USD,NYQ,America/New_York,Yahoo Finance
SOLV,2026-09-23,88.18000030517578,89.5199966430664,87.73999786376953,88.37000274658203,88.37000274658203,860100,USD,NYQ,America/New_York,Yahoo Finance
SOLV,2026-09-24,88.54000091552734,89.03500366210938,88.12000274658203,88.58999633789062,88.58999633789062,635800,USD,NYQ,America/New_York,Yahoo Finance
SOLV,2026-09-25,88.52999877929688,89.68000030517578,88.16000366210938,89.5,89.5,578900,USD,NYQ,America/New_York,Yahoo Finance
SOLV,2026-09-28,89.01000213623047,89.88500213623047,88.36000061035156,89.54000091552734,89.54000091552734,649100,USD,NYQ,America/New_York,Yahoo Finance
STRA,2026-08-17,81.41000366210938,81.80000305175781,80.51000213623047,80.69000244140625,80.09886932373047,315800,USD,NMS,America/New_York,Yahoo Finance
STRA,2026-08-18,81.93000030517578,82.91999816894531,80.97000122070312,81.95999908447266,81.35955810546875,187000,USD,NMS,America/New_York,Yahoo Finance
STRA,2026-08-19,82.61000061035156,83.79000091552734,81.54000091552734,82.7699966430664,82.16361999511719,244100,USD,NMS,America/New_York,Yahoo Finance
STRA,2026-08-20,82.05000305175781,83.30000305175781,81.66999816894531,82.37999725341797,81.77648162841797,155200,USD,NMS,America/New_York,Yahoo Finance
STRA,2026-08-21,82.5999984741211,83.58999633789062,81.18000030517578,83.41999816894531,82.8088607788086,239900,USD,NMS,America/New_York,Yahoo Finance
STRA,2026-08-24,83.48999786376953,85.86000061035156,83.48999786376953,84.0,83.38461303710938,155900,USD,NMS,America/New_York,Yahoo Finance
STRA,2026-08-25,83.23999786376953,86.68000030517578,82.86000061035156,86.02999877929688,85.39974212646484,285200,USD,NMS,America/New_York,Yahoo Finance
STRA,2026-08-26,85.33000183105469,86.56999969482422,84.47000122070312,85.30999755859375,84.68501281738281,211400,USD,NMS,America/New_York,Yahoo Finance
STRA,2026-08-27,84.75,86.37000274658203,84.13999938964844,85.58000183105469,84.95304107666016,197400,USD,NMS,America/New_York,Yahoo Finance
STRA,2026-08-28,86.08000183105469,86.76000213623047,84.01000213623047,84.63999938964844,84.01992797851562,203500,USD,NMS,America/New_York,Yahoo Finance
STRA,2026-08-31,84.47000122070312,85.19000244140625,82.80000305175781,82.83999633789062,82.23310852050781,227700,USD,NMS,America/New_York,Yahoo Finance
STRA,2026-09-01,82.4800033569336,84.69999694824219,82.4800033569336,83.31999969482422,82.7095947265625,355600,USD,NMS,America/New_York,Yahoo Finance
STRA,2026-09-02,83.41000366210938,84.05999755859375,81.95999908447266,82.16999816894531,81.56802368164062,271300,USD,NMS,America/New_York,Yahoo Finance
STRA,2026-09-03,82.7699966430664,82.81999969482422,80.86000061035156,81.9000015258789,81.30000305175781,245100,USD,NMS,America/New_York,Yahoo Finance
STRA,2026-09-04,80.45999908447266,81.91000366210938,79.88999938964844,81.58999633789062,81.58999633789062,220200,USD,NMS,America/New_York,Yahoo Finance
STRA,2026-09-08,81.2300033569336,81.66000366210938,80.0,81.44000244140625,81.44000244140625,169300,USD,NMS,America/New_York,Yahoo Finance
STRA,2026-09-09,80.98999786376953,81.7699966430664,80.2699966430664,81.68000030517578,81.68000030517578,281900,USD,NMS,America/New_York,Yahoo Finance
STRA,2026-09-10,81.9000015258789,82.25,80.8499984741211,81.02999877929688,81.02999877929688,300600,USD,NMS,America/New_York,Yahoo Finance
STRA,2026-09-11,81.81999969482422,82.12000274658203,81.16999816894531,81.66000366210938,81.66000366210938,317400,USD,NMS,America/New_York,Yahoo Finance
STRA,2026-09-14,82.73999786376953,84.77999877929688,81.97000122070312,82.7300033569336,82.7300033569336,287400,USD,NMS,America/New_York,Yahoo Finance
STRA,2026-09-15,82.30000305175781,85.13999938964844,81.79000091552734,83.12000274658203,83.12000274658203,190200,USD,NMS,America/New_York,Yahoo Finance
STRA,2026-09-16,82.47000122070312,83.80999755859375,80.4800033569336,81.51000213623047,81.51000213623047,398200,USD,NMS,America/New_York,Yahoo Finance
STRA,2026-09-17,81.41000366210938,82.19000244140625,80.16000366210938,80.41999816894531,80.41999816894531,254500,USD,NMS,America/New_York,Yahoo Finance
STRA,2026-09-18,79.80999755859375,79.87000274658203,76.95999908447266,79.83999633789062,79.83999633789062,1094500,USD,NMS,America/New_York,Yahoo Finance
STRA,2026-09-21,79.87000274658203,79.87000274658203,78.51000213623047,78.52999877929688,78.52999877929688,274000,USD,NMS,America/New_York,Yahoo Finance
STRA,2026-09-22,79.62999725341797,80.11000061035156,76.16000366210938,76.47000122070312,76.47000122070312,365900,USD,NMS,America/New_York,Yahoo Finance
STRA,2026-09-23,76.45999908447266,79.58999633789062,75.72000122070312,78.23999786376953,78.23999786376953,254500,USD,NMS,America/New_York,Yahoo Finance
STRA,2026-09-24,78.66999816894531,79.9800033569336,78.54000091552734,79.81999969482422,79.81999969482422,243300,USD,NMS,America/New_York,Yahoo Finance
STRA,2026-09-25,79.6500015258789,79.6500015258789,76.62999725341797,76.83000183105469,76.83000183105469,308800,USD,NMS,America/New_York,Yahoo Finance
STRA,2026-09-28,76.77999877929688,76.95999908447266,75.0,75.91000366210938,75.91000366210938,194500,USD,NMS,America/New_York,Yahoo Finance
STUB,2026-08-17,7.909999847412109,8.029999732971191,7.070000171661377,7.119999885559082,7.119999885559082,11648600,USD,NYQ,America/New_York,Yahoo Finance
STUB,2026-08-18,7.010000228881836,7.139999866485596,7.0,7.130000114440918,7.130000114440918,6805100,USD,NYQ,America/New_York,Yahoo Finance
STUB,2026-08-19,7.119999885559082,7.175000190734863,6.889999866485596,6.940000057220459,6.940000057220459,7119800,USD,NYQ,America/New_York,Yahoo Finance
STUB,2026-08-20,6.920000076293945,7.059999942779541,6.699999809265137,6.829999923706055,6.829999923706055,6032700,USD,NYQ,America/New_York,Yahoo Finance
STUB,2026-08-21,6.860000133514404,6.929999828338623,6.679999828338623,6.679999828338623,6.679999828338623,5566800,USD,NYQ,America/New_York,Yahoo Finance
STUB,2026-08-24,6.670000076293945,6.815000057220459,6.619999885559082,6.670000076293945,6.670000076293945,4775000,USD,NYQ,America/New_York,Yahoo Finance
STUB,2026-08-25,6.659999847412109,6.849999904632568,6.619999885559082,6.809999942779541,6.809999942779541,4890800,USD,NYQ,America/New_York,Yahoo Finance
STUB,2026-08-26,6.75,6.880000114440918,6.545000076293945,6.579999923706055,6.579999923706055,5060400,USD,NYQ,America/New_York,Yahoo Finance
STUB,2026-08-27,6.590000152587891,6.678999900817871,6.480000019073486,6.550000190734863,6.550000190734863,5813600,USD,NYQ,America/New_York,Yahoo Finance
STUB,2026-08-28,6.570000171661377,6.724999904632568,6.534999847412109,6.550000190734863,6.550000190734863,4285300,USD,NYQ,America/New_York,Yahoo Finance
STUB,2026-08-31,6.550000190734863,6.570000171661377,6.230000019073486,6.380000114440918,6.380000114440918,9739600,USD,NYQ,America/New_York,Yahoo Finance
STUB,2026-09-01,6.300000190734863,6.34499979019165,6.130000114440918,6.159999847412109,6.159999847412109,5729900,USD,NYQ,America/New_York,Yahoo Finance
STUB,2026-09-02,6.150000095367432,6.28000020980835,6.070000171661377,6.179999828338623,6.179999828338623,5725200,USD,NYQ,America/New_York,Yahoo Finance
STUB,2026-09-03,6.25,6.710000038146973,6.224999904632568,6.53000020980835,6.53000020980835,6853100,USD,NYQ,America/New_York,Yahoo Finance
STUB,2026-09-04,6.599999904632568,6.849999904632568,6.420000076293945,6.599999904632568,6.599999904632568,6019100,USD,NYQ,America/New_York,Yahoo Finance
STUB,2026-09-08,6.559999942779541,6.590000152587891,6.045000076293945,6.110000133514404,6.110000133514404,7078500,USD,NYQ,America/New_York,Yahoo Finance
STUB,2026-09-09,6.119999885559082,6.159999847412109,5.989999771118164,6.010000228881836,6.010000228881836,5875700,USD,NYQ,America/New_York,Yahoo Finance
STUB,2026-09-10,5.960000038146973,6.034999847412109,5.829999923706055,5.949999809265137,5.949999809265137,4873000,USD,NYQ,America/New_York,Yahoo Finance
STUB,2026-09-11,6.039999961853027,6.110000133514404,5.974999904632568,6.03000020980835,6.03000020980835,4286600,USD,NYQ,America/New_York,Yahoo Finance
STUB,2026-09-14,6.03000020980835,6.25,6.010000228881836,6.090000152587891,6.090000152587891,5467900,USD,NYQ,America/New_York,Yahoo Finance
STUB,2026-09-15,6.019999980926514,6.045000076293945,5.840000152587891,5.880000114440918,5.880000114440918,4436200,USD,NYQ,America/New_York,Yahoo Finance
STUB,2026-09-16,5.900000095367432,5.989999771118164,5.835000038146973,5.889999866485596,5.889999866485596,6019600,USD,NYQ,America/New_York,Yahoo Finance
STUB,2026-09-17,5.980000019073486,5.980000019073486,5.75,5.940000057220459,5.940000057220459,6786700,USD,NYQ,America/New_York,Yahoo Finance
STUB,2026-09-18,6.400000095367432,6.434999942779541,5.909999847412109,5.920000076293945,5.920000076293945,17820300,USD,NYQ,America/New_York,Yahoo Finance
STUB,2026-09-21,6.0,6.050000190734863,5.820000171661377,5.949999809265137,5.949999809265137,7493400,USD,NYQ,America/New_York,Yahoo Finance
STUB,2026-09-22,6.050000190734863,6.099999904632568,5.724999904632568,5.739999771118164,5.739999771118164,7360300,USD,NYQ,America/New_York,Yahoo Finance
STUB,2026-09-23,5.710000038146973,5.710000038146973,5.284999847412109,5.309999942779541,5.309999942779541,8607900,USD,NYQ,America/New_York,Yahoo Finance
STUB,2026-09-24,5.289999961853027,5.429999828338623,5.230000019073486,5.389999866485596,5.389999866485596,6706400,USD,NYQ,America/New_York,Yahoo Finance
STUB,2026-09-25,5.389999866485596,5.489999771118164,5.360000133514404,5.440000057220459,5.440000057220459,5452500,USD,NYQ,America/New_York,Yahoo Finance
STUB,2026-09-28,5.400000095367432,5.525000095367432,5.25,5.300000190734863,5.300000190734863,6940900,USD,NYQ,America/New_York,Yahoo Finance
SYK,2026-08-17,338.0,339.760009765625,331.29998779296875,331.67999267578125,331.67999267578125,2286600,USD,NYQ,America/New_York,Yahoo Finance
SYK,2026-08-18,337.0,339.239990234375,331.0400085449219,331.3699951171875,331.3699951171875,3179900,USD,NYQ,America/New_York,Yahoo Finance
SYK,2026-08-19,331.739990234375,343.8999938964844,331.0,339.9800109863281,339.9800109863281,2188000,USD,NYQ,America/New_York,Yahoo Finance
SYK,2026-08-20,338.260009765625,342.3500061035156,327.4700012207031,327.70001220703125,327.70001220703125,2232100,USD,NYQ,America/New_York,Yahoo Finance
SYK,2026-08-21,326.0299987792969,332.54998779296875,324.0,329.45001220703125,329.45001220703125,3163300,USD,NYQ,America/New_York,Yahoo Finance
SYK,2026-08-24,330.0,334.8699951171875,327.010009765625,327.80999755859375,327.80999755859375,1878100,USD,NYQ,America/New_York,Yahoo Finance
SYK,2026-08-25,325.0899963378906,331.75,324.0,330.5899963378906,330.5899963378906,2202700,USD,NYQ,America/New_York,Yahoo Finance
SYK,2026-08-26,329.1300048828125,333.3900146484375,326.4100036621094,329.6700134277344,329.6700134277344,1571500,USD,NYQ,America/New_York,Yahoo Finance
SYK,2026-08-27,326.8500061035156,328.45001220703125,321.6000061035156,322.1199951171875,322.1199951171875,2166500,USD,NYQ,America/New_York,Yahoo Finance
SYK,2026-08-28,322.6099853515625,332.7200012207031,322.1199951171875,330.69000244140625,330.69000244140625,2227700,USD,NYQ,America/New_York,Yahoo Finance
SYK,2026-08-31,327.7900085449219,329.5,323.1199951171875,323.79998779296875,323.79998779296875,2040900,USD,NYQ,America/New_York,Yahoo Finance
SYK,2026-09-01,329.8299865722656,331.5,316.8500061035156,317.3999938964844,317.3999938964844,2138400,USD,NYQ,America/New_York,Yahoo Finance
SYK,2026-09-02,315.05999755859375,321.75,311.3800048828125,312.19000244140625,312.19000244140625,2185600,USD,NYQ,America/New_York,Yahoo Finance
SYK,2026-09-03,313.9599914550781,319.5,306.5,307.989990234375,307.989990234375,2656000,USD,NYQ,America/New_York,Yahoo Finance
SYK,2026-09-04,304.489990234375,307.54998779296875,302.510009765625,303.1300048828125,303.1300048828125,2401400,USD,NYQ,America/New_York,Yahoo Finance
SYK,2026-09-08,301.0,301.510009765625,275.1000061035156,276.42999267578125,276.42999267578125,6318300,USD,NYQ,America/New_York,Yahoo Finance
SYK,2026-09-09,271.8399963378906,278.75,270.8500061035156,275.3900146484375,275.3900146484375,5500600,USD,NYQ,America/New_York,Yahoo Finance
SYK,2026-09-10,274.6199951171875,278.0,269.6400146484375,270.010009765625,270.010009765625,3475600,USD,NYQ,America/New_York,Yahoo Finance
SYK,2026-09-11,270.7200012207031,277.0,267.0,275.55999755859375,275.55999755859375,3723800,USD,NYQ,America/New_York,Yahoo Finance
SYK,2026-09-14,282.30999755859375,287.1700134277344,280.6700134277344,281.8699951171875,281.8699951171875,2937000,USD,NYQ,America/New_York,Yahoo Finance
SYK,2026-09-15,281.0,282.69000244140625,277.6199951171875,281.5,281.5,3462900,USD,NYQ,America/New_York,Yahoo Finance
SYK,2026-09-16,280.3399963378906,290.510009765625,279.8800048828125,284.760009765625,284.760009765625,3399400,USD,NYQ,America/New_York,Yahoo Finance
SYK,2026-09-17,286.1000061035156,286.1300048828125,279.0899963378906,280.1300048828125,280.1300048828125,2367700,USD,NYQ,America/New_York,Yahoo Finance
SYK,2026-09-18,278.0199890136719,279.260009765625,274.3699951171875,275.1199951171875,275.1199951171875,4799600,USD,NYQ,America/New_York,Yahoo Finance
SYK,2026-09-21,274.5799865722656,276.8699951171875,272.0,274.19000244140625,274.19000244140625,2758800,USD,NYQ,America/New_York,Yahoo Finance
SYK,2026-09-22,277.0,278.989990234375,274.989990234375,275.0899963378906,275.0899963378906,2364800,USD,NYQ,America/New_York,Yahoo Finance
SYK,2026-09-23,274.4599914550781,277.1000061035156,271.45001220703125,273.3999938964844,273.3999938964844,2720600,USD,NYQ,America/New_York,Yahoo Finance
SYK,2026-09-24,273.2200012207031,275.7099914550781,269.7300109863281,269.75,269.75,2291100,USD,NYQ,America/New_York,Yahoo Finance
SYK,2026-09-25,269.92999267578125,275.8399963378906,268.69000244140625,272.3599853515625,272.3599853515625,2337200,USD,NYQ,America/New_York,Yahoo Finance
SYK,2026-09-28,273.5,276.94000244140625,271.1000061035156,275.30999755859375,275.30999755859375,2486000,USD,NYQ,America/New_York,Yahoo Finance
SYNA,2026-08-17,109.70999908447266,113.36000061035156,109.69999694824219,110.58000183105469,110.58000183105469,615600,USD,NMS,America/New_York,Yahoo Finance
SYNA,2026-08-18,105.31999969482422,107.04000091552734,101.81999969482422,104.83000183105469,104.83000183105469,491300,USD,NMS,America/New_York,Yahoo Finance
SYNA,2026-08-19,105.38999938964844,106.56999969482422,100.66999816894531,100.9800033569336,100.9800033569336,369500,USD,NMS,America/New_York,Yahoo Finance
SYNA,2026-08-20,100.0,100.91000366210938,97.77999877929688,98.0,98.0,440900,USD,NMS,America/New_York,Yahoo Finance
SYNA,2026-08-21,98.52999877929688,99.08000183105469,96.68000030517578,97.66000366210938,97.66000366210938,981900,USD,NMS,America/New_York,Yahoo Finance
SYNA,2026-08-24,96.5199966430664,97.26000213623047,93.29000091552734,93.68000030517578,93.68000030517578,898300,USD,NMS,America/New_York,Yahoo Finance
SYNA,2026-08-25,95.02999877929688,95.38999938964844,93.51000213623047,94.87000274658203,94.87000274658203,789700,USD,NMS,America/New_York,Yahoo Finance
SYNA,2026-08-26,95.2300033569336,96.38999938964844,94.63999938964844,95.69999694824219,95.69999694824219,664300,USD,NMS,America/New_York,Yahoo Finance
SYNA,2026-08-27,97.0999984741211,97.7300033569336,95.47000122070312,97.58999633789062,97.58999633789062,1645400,USD,NMS,America/New_York,Yahoo Finance
SYNA,2026-08-28,97.58999633789062,97.87999725341797,94.69000244140625,95.08000183105469,95.08000183105469,749100,USD,NMS,America/New_York,Yahoo Finance
SYNA,2026-08-31,95.77999877929688,98.26000213623047,95.77999877929688,96.72000122070312,96.72000122070312,711900,USD,NMS,America/New_York,Yahoo Finance
SYNA,2026-09-01,95.29000091552734,96.37000274658203,93.41000366210938,95.16999816894531,95.16999816894531,1174000,USD,NMS,America/New_York,Yahoo Finance
SYNA,2026-09-02,95.69999694824219,97.30999755859375,94.25,95.98999786376953,95.98999786376953,751500,USD,NMS,America/New_York,Yahoo Finance
SYNA,2026-09-03,95.75,98.2699966430664,94.45999908447266,97.68000030517578,97.68000030517578,553900,USD,NMS,America/New_York,Yahoo Finance
SYNA,2026-09-04,98.80999755859375,99.91000366210938,97.63999938964844,98.98999786376953,98.98999786376953,491900,USD,NMS,America/New_York,Yahoo Finance
SYNA,2026-09-08,99.56999969482422,100.45999908447266,94.44000244140625,94.72000122070312,94.72000122070312,525400,USD,NMS,America/New_York,Yahoo Finance
SYNA,2026-09-09,93.91999816894531,96.48999786376953,93.7699966430664,93.93000030517578,93.93000030517578,913800,USD,NMS,America/New_York,Yahoo Finance
SYNA,2026-09-10,91.9000015258789,93.69999694824219,91.11000061035156,93.47000122070312,93.47000122070312,669700,USD,NMS,America/New_York,Yahoo Finance
SYNA,2026-09-11,94.91000366210938,101.05999755859375,94.16000366210938,101.02999877929688,101.02999877929688,530200,USD,NMS,America/New_York,Yahoo Finance
SYNA,2026-09-14,95.73999786376953,97.08000183105469,94.80000305175781,95.05999755859375,95.05999755859375,384400,USD,NMS,America/New_York,Yahoo Finance
SYNA,2026-09-15,96.30000305175781,99.41000366210938,95.0,97.31999969482422,97.31999969482422,668400,USD,NMS,America/New_York,Yahoo Finance
SYNA,2026-09-16,98.8499984741211,98.8499984741211,88.08999633789062,89.23999786376953,89.23999786376953,846400,USD,NMS,America/New_York,Yahoo Finance
SYNA,2026-09-17,91.83999633789062,93.58000183105469,88.69999694824219,91.12000274658203,91.12000274658203,792200,USD,NMS,America/New_York,Yahoo Finance
SYNA,2026-09-18,93.62999725341797,94.19999694824219,91.30999755859375,93.11000061035156,93.11000061035156,830200,USD,NMS,America/New_York,Yahoo Finance
SYNA,2026-09-21,93.83000183105469,96.0,91.0,95.36000061035156,95.36000061035156,435900,USD,NMS,America/New_York,Yahoo Finance
SYNA,2026-09-22,95.37000274658203,97.98999786376953,94.73999786376953,97.63999938964844,97.63999938964844,556400,USD,NMS,America/New_York,Yahoo Finance
SYNA,2026-09-23,97.62999725341797,98.62000274658203,95.69000244140625,98.0999984741211,98.0999984741211,332100,USD,NMS,America/New_York,Yahoo Finance
SYNA,2026-09-24,96.87000274658203,96.9800033569336,94.91000366210938,96.81999969482422,96.81999969482422,478000,USD,NMS,America/New_York,Yahoo Finance
SYNA,2026-09-25,97.9000015258789,103.04000091552734,97.26000213623047,102.72000122070312,102.72000122070312,499600,USD,NMS,America/New_York,Yahoo Finance
SYNA,2026-09-28,102.55999755859375,102.55999755859375,98.27999877929688,100.36000061035156,100.36000061035156,488000,USD,NMS,America/New_York,Yahoo Finance
TCBI,2026-08-17,100.45999908447266,101.37000274658203,100.12999725341797,101.08999633789062,100.88195037841797,462700,USD,NMS,America/New_York,Yahoo Finance
TCBI,2026-08-18,101.44999694824219,101.44999694824219,99.6500015258789,99.83000183105469,99.62454986572266,390200,USD,NMS,America/New_York,Yahoo Finance
TCBI,2026-08-19,100.25,100.30999755859375,97.55999755859375,98.19999694824219,97.9979019165039,470100,USD,NMS,America/New_York,Yahoo Finance
TCBI,2026-08-20,97.88999938964844,98.97000122070312,97.83999633789062,98.04000091552734,97.8382339477539,374700,USD,NMS,America/New_York,Yahoo Finance
TCBI,2026-08-21,98.80000305175781,99.27999877929688,98.0999984741211,98.30000305175781,98.09770202636719,667500,USD,NMS,America/New_York,Yahoo Finance
TCBI,2026-08-24,98.41000366210938,99.38999938964844,97.22000122070312,98.0,97.79830932617188,405700,USD,NMS,America/New_York,Yahoo Finance
TCBI,2026-08-25,98.1500015258789,99.04000091552734,97.6500015258789,98.58999633789062,98.38709259033203,432500,USD,NMS,America/New_York,Yahoo Finance
TCBI,2026-08-26,99.02999877929688,99.41999816894531,98.31999969482422,98.54000091552734,98.33720397949219,336100,USD,NMS,America/New_York,Yahoo Finance
TCBI,2026-08-27,97.83000183105469,98.45999908447266,96.72000122070312,98.0999984741211,97.89810943603516,442600,USD,NMS,America/New_York,Yahoo Finance
TCBI,2026-08-28,98.33000183105469,98.94000244140625,97.61000061035156,98.63999938964844,98.43699645996094,446400,USD,NMS,America/New_York,Yahoo Finance
TCBI,2026-08-31,98.38999938964844,98.38999938964844,97.08000183105469,97.18000030517578,96.9800033569336,350700,USD,NMS,America/New_York,Yahoo Finance
TCBI,2026-09-01,96.6500015258789,97.18000030517578,94.94000244140625,95.66999816894531,95.66999816894531,476000,USD,NMS,America/New_York,Yahoo Finance
TCBI,2026-09-02,96.29000091552734,97.8499984741211,95.68000030517578,96.68000030517578,96.68000030517578,520500,USD,NMS,America/New_York,Yahoo Finance
TCBI,2026-09-03,97.31999969482422,98.43000030517578,96.80999755859375,97.80999755859375,97.80999755859375,372100,USD,NMS,America/New_York,Yahoo Finance
TCBI,2026-09-04,97.0999984741211,98.94000244140625,97.0,98.63999938964844,98.63999938964844,297200,USD,NMS,America/New_York,Yahoo Finance
TCBI,2026-09-08,98.2300033569336,98.62999725341797,97.30999755859375,97.69000244140625,97.69000244140625,371900,USD,NMS,America/New_York,Yahoo Finance
TCBI,2026-09-09,97.18000030517578,97.72000122070312,95.9800033569336,97.55999755859375,97.55999755859375,524700,USD,NMS,America/New_York,Yahoo Finance
TCBI,2026-09-10,97.55999755859375,98.97000122070312,96.94000244140625,98.9000015258789,98.9000015258789,529200,USD,NMS,America/New_York,Yahoo Finance
TCBI,2026-09-11,99.81999969482422,99.88999938964844,98.36000061035156,99.08999633789062,99.08999633789062,502200,USD,NMS,America/New_York,Yahoo Finance
TCBI,2026-09-14,98.58999633789062,99.62999725341797,97.69000244140625,98.44000244140625,98.44000244140625,486000,USD,NMS,America/New_York,Yahoo Finance
TCBI,2026-09-15,98.43000030517578,98.80999755859375,97.43000030517578,97.7699966430664,97.7699966430664,525500,USD,NMS,America/New_York,Yahoo Finance
TCBI,2026-09-16,97.45999908447266,97.68000030517578,94.72000122070312,95.33000183105469,95.33000183105469,710500,USD,NMS,America/New_York,Yahoo Finance
TCBI,2026-09-17,95.68000030517578,95.98999786376953,94.38999938964844,94.4800033569336,94.4800033569336,412800,USD,NMS,America/New_York,Yahoo Finance
TCBI,2026-09-18,94.2300033569336,95.41000366210938,93.87999725341797,94.9000015258789,94.9000015258789,1043000,USD,NMS,America/New_York,Yahoo Finance
TCBI,2026-09-21,95.48999786376953,95.48999786376953,94.94999694824219,95.0,95.0,262100,USD,NMS,America/New_York,Yahoo Finance
TCBI,2026-09-22,95.16000366210938,95.66000366210938,94.45999908447266,94.47000122070312,94.47000122070312,363500,USD,NMS,America/New_York,Yahoo Finance
TCBI,2026-09-23,94.38999938964844,95.18000030517578,94.04000091552734,94.16999816894531,94.16999816894531,475700,USD,NMS,America/New_York,Yahoo Finance
TCBI,2026-09-24,94.62000274658203,94.98999786376953,93.27999877929688,94.62999725341797,94.62999725341797,779100,USD,NMS,America/New_York,Yahoo Finance
TCBI,2026-09-25,95.0,96.25,94.55000305175781,95.81999969482422,95.81999969482422,594700,USD,NMS,America/New_York,Yahoo Finance
TCBI,2026-09-28,95.69000244140625,95.80000305175781,94.44999694824219,94.69999694824219,94.69999694824219,610200,USD,NMS,America/New_York,Yahoo Finance
TE,2026-08-17,5.170000076293945,5.179999828338623,4.860000133514404,4.880000114440918,4.880000114440918,21301500,USD,NYQ,America/New_York,Yahoo Finance
TE,2026-08-18,4.659999847412109,4.769999980926514,4.510000228881836,4.650000095367432,4.650000095367432,20906900,USD,NYQ,America/New_York,Yahoo Finance
TE,2026-08-19,4.679999828338623,4.690000057220459,4.389999866485596,4.550000190734863,4.550000190734863,22389800,USD,NYQ,America/New_York,Yahoo Finance
TE,2026-08-20,4.599999904632568,4.639999866485596,4.25,4.360000133514404,4.360000133514404,20031900,USD,NYQ,America/New_York,Yahoo Finance
TE,2026-08-21,4.429999828338623,4.599999904632568,4.309999942779541,4.420000076293945,4.420000076293945,17843500,USD,NYQ,America/New_York,Yahoo Finance
TE,2026-08-24,4.309999942779541,4.5,4.269999980926514,4.320000171661377,4.320000171661377,13949200,USD,NYQ,America/New_York,Yahoo Finance
TE,2026-08-25,4.510000228881836,4.760000228881836,4.434999942779541,4.650000095367432,4.650000095367432,19673900,USD,NYQ,America/New_York,Yahoo Finance
TE,2026-08-26,4.559999942779541,4.730000019073486,4.414999961853027,4.510000228881836,4.510000228881836,15576800,USD,NYQ,America/New_York,Yahoo Finance
TE,2026-08-27,5.045000076293945,5.045000076293945,4.769999980926514,4.960000038146973,4.960000038146973,28265400,USD,NYQ,America/New_York,Yahoo Finance
TE,2026-08-28,4.949999809265137,5.130000114440918,4.659999847412109,4.789999961853027,4.789999961853027,25299500,USD,NYQ,America/New_York,Yahoo Finance
TE,2026-08-31,4.789999961853027,4.789999961853027,4.349999904632568,4.449999809265137,4.449999809265137,22564300,USD,NYQ,America/New_York,Yahoo Finance
TE,2026-09-01,4.329999923706055,4.409999847412109,4.21999979019165,4.28000020980835,4.28000020980835,16221000,USD,NYQ,America/New_York,Yahoo Finance
TE,2026-09-02,4.239999771118164,4.409999847412109,4.074999809265137,4.269999980926514,4.269999980926514,24588000,USD,NYQ,America/New_York,Yahoo Finance
TE,2026-09-03,4.355000019073486,4.550000190734863,4.300000190734863,4.539999961853027,4.539999961853027,16409200,USD,NYQ,America/New_York,Yahoo Finance
TE,2026-09-04,4.489999771118164,4.65500020980835,4.440000057220459,4.599999904632568,4.599999904632568,14916800,USD,NYQ,America/New_York,Yahoo Finance
TE,2026-09-08,4.78000020980835,5.289999961853027,4.75,5.059999942779541,5.059999942779541,32529400,USD,NYQ,America/New_York,Yahoo Finance
TE,2026-09-09,4.994999885559082,5.099999904632568,4.744999885559082,4.909999847412109,4.909999847412109,20094800,USD,NYQ,America/New_York,Yahoo Finance
TE,2026-09-10,4.710000038146973,4.820000171661377,4.565000057220459,4.579999923706055,4.579999923706055,14573500,USD,NYQ,America/New_York,Yahoo Finance
TE,2026-09-11,4.690000057220459,4.789999961853027,4.570000171661377,4.610000133514404,4.610000133514404,14260700,USD,NYQ,America/New_York,Yahoo Finance
TE,2026-09-14,4.360000133514404,4.454999923706055,4.269999980926514,4.369999885559082,4.369999885559082,15801000,USD,NYQ,America/New_York,Yahoo Finance
TE,2026-09-15,4.380000114440918,4.539999961853027,4.210000038146973,4.300000190734863,4.300000190734863,18291100,USD,NYQ,America/New_York,Yahoo Finance
TE,2026-09-16,4.400000095367432,4.429999828338623,4.0,4.090000152587891,4.090000152587891,20802600,USD,NYQ,America/New_York,Yahoo Finance
TE,2026-09-17,4.199999809265137,4.400000095367432,4.199999809265137,4.300000190734863,4.300000190734863,15224900,USD,NYQ,America/New_York,Yahoo Finance
TE,2026-09-18,4.369999885559082,4.380000114440918,4.085000038146973,4.170000076293945,4.170000076293945,22223500,USD,NYQ,America/New_York,Yahoo Finance
TE,2026-09-21,4.349999904632568,4.519999980926514,4.28000020980835,4.449999809265137,4.449999809265137,16883600,USD,NYQ,America/New_York,Yahoo Finance
TE,2026-09-22,4.400000095367432,4.449999809265137,4.34499979019165,4.360000133514404,4.360000133514404,12106500,USD,NYQ,America/New_York,Yahoo Finance
TE,2026-09-23,4.329999923706055,4.329999923706055,4.03000020980835,4.039999961853027,4.039999961853027,21013900,USD,NYQ,America/New_York,Yahoo Finance
TE,2026-09-24,4.019999980926514,4.019999980926514,3.799999952316284,3.809999942779541,3.809999942779541,27803300,USD,NYQ,America/New_York,Yahoo Finance
TE,2026-09-25,3.875,3.9159998893737793,3.759999990463257,3.7799999713897705,3.7799999713897705,28266400,USD,NYQ,America/New_York,Yahoo Finance
TE,2026-09-28,3.755000114440918,3.755000114440918,3.569999933242798,3.569999933242798,3.569999933242798,19030200,USD,NYQ,America/New_York,Yahoo Finance
TEN,2026-08-17,42.0,42.689998626708984,41.75,42.15999984741211,42.15999984741211,257600,USD,NYQ,America/New_York,Yahoo Finance
TEN,2026-08-18,42.220001220703125,42.220001220703125,41.54999923706055,42.029998779296875,42.029998779296875,175400,USD,NYQ,America/New_York,Yahoo Finance
TEN,2026-08-19,42.38999938964844,42.95000076293945,42.029998779296875,42.599998474121094,42.599998474121094,170500,USD,NYQ,America/New_York,Yahoo Finance
TEN,2026-08-20,42.63999938964844,42.77000045776367,41.779998779296875,42.31999969482422,42.31999969482422,140300,USD,NYQ,America/New_York,Yahoo Finance
TEN,2026-08-21,42.779998779296875,44.0,42.4900016784668,42.709999084472656,42.709999084472656,316400,USD,NYQ,America/New_York,Yahoo Finance
TEN,2026-08-24,42.380001068115234,42.81999969482422,42.18000030517578,42.630001068115234,42.630001068115234,230400,USD,NYQ,America/New_York,Yahoo Finance
TEN,2026-08-25,42.380001068115234,42.650001525878906,42.0,42.27000045776367,42.27000045776367,144400,USD,NYQ,America/New_York,Yahoo Finance
TEN,2026-08-26,41.75,41.83000183105469,40.02000045776367,40.25,40.25,329700,USD,NYQ,America/New_York,Yahoo Finance
TEN,2026-08-27,40.7400016784668,42.33000183105469,40.7400016784668,42.09000015258789,42.09000015258789,294200,USD,NYQ,America/New_York,Yahoo Finance
TEN,2026-08-28,42.13999938964844,42.93000030517578,42.0,42.52000045776367,42.52000045776367,148500,USD,NYQ,America/New_York,Yahoo Finance
TEN,2026-08-31,42.810001373291016,42.90999984741211,42.02000045776367,42.400001525878906,42.400001525878906,260500,USD,NYQ,America/New_York,Yahoo Finance
TEN,2026-09-01,42.900001525878906,43.209999084472656,42.13999938964844,42.81999969482422,42.81999969482422,193400,USD,NYQ,America/New_York,Yahoo Finance
TEN,2026-09-02,42.81999969482422,43.29999923706055,42.369998931884766,43.25,43.25,270700,USD,NYQ,America/New_York,Yahoo Finance
TEN,2026-09-03,43.5,44.0,42.83000183105469,43.279998779296875,43.279998779296875,349500,USD,NYQ,America/New_York,Yahoo Finance
TEN,2026-09-04,43.40999984741211,43.9900016784668,43.130001068115234,43.7400016784668,43.7400016784668,326300,USD,NYQ,America/New_York,Yahoo Finance
TEN,2026-09-08,44.099998474121094,44.099998474121094,43.06999969482422,43.52000045776367,43.52000045776367,301700,USD,NYQ,America/New_York,Yahoo Finance
TEN,2026-09-09,44.16999816894531,44.5099983215332,43.61000061035156,44.31999969482422,44.31999969482422,309200,USD,NYQ,America/New_York,Yahoo Finance
TEN,2026-09-10,45.5099983215332,46.650001525878906,43.79999923706055,44.709999084472656,44.709999084472656,715100,USD,NYQ,America/New_York,Yahoo Finance
TEN,2026-09-11,45.349998474121094,48.2400016784668,44.91999816894531,47.900001525878906,47.900001525878906,1060400,USD,NYQ,America/New_York,Yahoo Finance
TEN,2026-09-14,48.349998474121094,49.689998626708984,47.70000076293945,49.619998931884766,49.619998931884766,804900,USD,NYQ,America/New_York,Yahoo Finance
TEN,2026-09-15,49.63999938964844,51.2400016784668,48.84000015258789,51.11000061035156,51.11000061035156,746200,USD,NYQ,America/New_York,Yahoo Finance
TEN,2026-09-16,50.900001525878906,52.900001525878906,50.900001525878906,52.310001373291016,52.310001373291016,656100,USD,NYQ,America/New_York,Yahoo Finance
TEN,2026-09-17,52.15999984741211,53.84000015258789,51.439998626708984,52.810001373291016,52.810001373291016,506600,USD,NYQ,America/New_York,Yahoo Finance
TEN,2026-09-18,52.59000015258789,53.630001068115234,51.52000045776367,52.09000015258789,52.09000015258789,713800,USD,NYQ,America/New_York,Yahoo Finance
TEN,2026-09-21,52.65999984741211,53.7400016784668,50.63999938964844,50.91999816894531,50.91999816894531,730700,USD,NYQ,America/New_York,Yahoo Finance
TEN,2026-09-22,49.45000076293945,50.25,48.16999816894531,48.27000045776367,48.27000045776367,747500,USD,NYQ,America/New_York,Yahoo Finance
TEN,2026-09-23,48.439998626708984,48.439998626708984,46.36000061035156,47.0,47.0,685400,USD,NYQ,America/New_York,Yahoo Finance
TEN,2026-09-24,46.66999816894531,47.70000076293945,46.220001220703125,46.75,46.75,553000,USD,NYQ,America/New_York,Yahoo Finance
TEN,2026-09-25,46.779998779296875,47.34000015258789,45.79999923706055,46.22999954223633,46.22999954223633,300200,USD,NYQ,America/New_York,Yahoo Finance
TEN,2026-09-28,47.369998931884766,47.380001068115234,45.83000183105469,46.310001373291016,46.310001373291016,451000,USD,NYQ,America/New_York,Yahoo Finance
TFIN,2026-08-17,77.95999908447266,78.37999725341797,76.84500122070312,77.77999877929688,77.77999877929688,169200,USD,NYQ,America/New_York,Yahoo Finance
TFIN,2026-08-18,77.95999908447266,78.20500183105469,76.26000213623047,76.26000213623047,76.26000213623047,143100,USD,NYQ,America/New_York,Yahoo Finance
TFIN,2026-08-19,77.08999633789062,77.08999633789062,74.08999633789062,74.16000366210938,74.16000366210938,199600,USD,NYQ,America/New_York,Yahoo Finance
TFIN,2026-08-20,73.62000274658203,74.30999755859375,72.81999969482422,73.93000030517578,73.93000030517578,141100,USD,NYQ,America/New_York,Yahoo Finance
TFIN,2026-08-21,74.83999633789062,75.62999725341797,73.19999694824219,74.94999694824219,74.94999694824219,145000,USD,NYQ,America/New_York,Yahoo Finance
TFIN,2026-08-24,74.94000244140625,75.66999816894531,73.47000122070312,73.72000122070312,73.72000122070312,146300,USD,NYQ,America/New_York,Yahoo Finance
TFIN,2026-08-25,74.29000091552734,74.62999725341797,72.92500305175781,73.5,73.5,111300,USD,NYQ,America/New_York,Yahoo Finance
TFIN,2026-08-26,73.66999816894531,74.47000122070312,72.87000274658203,73.68000030517578,73.68000030517578,117300,USD,NYQ,America/New_York,Yahoo Finance
TFIN,2026-08-27,73.16999816894531,73.88500213623047,71.49500274658203,71.91999816894531,71.91999816894531,227800,USD,NYQ,America/New_York,Yahoo Finance
TFIN,2026-08-28,71.91000366210938,72.52999877929688,71.61000061035156,71.86000061035156,71.86000061035156,165200,USD,NYQ,America/New_York,Yahoo Finance
TFIN,2026-08-31,71.6500015258789,72.19999694824219,70.69000244140625,71.25,71.25,130000,USD,NYQ,America/New_York,Yahoo Finance
TFIN,2026-09-01,70.5999984741211,71.44999694824219,69.12999725341797,69.5,69.5,165600,USD,NYQ,America/New_York,Yahoo Finance
TFIN,2026-09-02,69.77999877929688,70.7249984741211,68.71499633789062,68.94000244140625,68.94000244140625,287900,USD,NYQ,America/New_York,Yahoo Finance
TFIN,2026-09-03,69.70999908447266,70.71499633789062,68.37999725341797,68.77999877929688,68.77999877929688,238400,USD,NYQ,America/New_York,Yahoo Finance
TFIN,2026-09-04,68.2300033569336,69.61000061035156,68.2300033569336,69.5999984741211,69.5999984741211,219300,USD,NYQ,America/New_York,Yahoo Finance
TFIN,2026-09-08,68.95999908447266,69.68000030517578,68.72000122070312,68.83000183105469,68.83000183105469,210800,USD,NYQ,America/New_York,Yahoo Finance
TFIN,2026-09-09,68.0,68.27999877929688,65.4749984741211,66.20999908447266,66.20999908447266,266000,USD,NYQ,America/New_York,Yahoo Finance
TFIN,2026-09-10,66.11000061035156,67.33999633789062,65.37000274658203,66.91999816894531,66.91999816894531,165800,USD,NYQ,America/New_York,Yahoo Finance
TFIN,2026-09-11,68.0,68.0,65.69999694824219,66.04000091552734,66.04000091552734,172100,USD,NYQ,America/New_York,Yahoo Finance
TFIN,2026-09-14,65.94999694824219,66.70999908447266,65.25,66.06999969482422,66.06999969482422,201800,USD,NYQ,America/New_York,Yahoo Finance
TFIN,2026-09-15,66.29000091552734,66.29000091552734,64.44999694824219,64.69999694824219,64.69999694824219,177700,USD,NYQ,America/New_York,Yahoo Finance
TFIN,2026-09-16,64.7300033569336,65.2699966430664,62.34000015258789,63.65999984741211,63.65999984741211,323600,USD,NYQ,America/New_York,Yahoo Finance
TFIN,2026-09-17,64.95999908447266,65.08999633789062,62.560001373291016,63.0,63.0,248800,USD,NYQ,America/New_York,Yahoo Finance
TFIN,2026-09-18,62.900001525878906,63.33000183105469,61.81999969482422,63.02000045776367,63.02000045776367,441500,USD,NYQ,America/New_York,Yahoo Finance
TFIN,2026-09-21,63.380001068115234,63.470001220703125,62.29999923706055,62.369998931884766,62.369998931884766,161300,USD,NYQ,America/New_York,Yahoo Finance
TFIN,2026-09-22,62.619998931884766,63.14799880981445,61.939998626708984,62.2599983215332,62.2599983215332,242600,USD,NYQ,America/New_York,Yahoo Finance
TFIN,2026-09-23,61.619998931884766,62.189998626708984,60.939998626708984,61.369998931884766,61.369998931884766,233800,USD,NYQ,America/New_York,Yahoo Finance
TFIN,2026-09-24,61.38999938964844,62.040000915527344,60.40999984741211,60.849998474121094,60.849998474121094,186700,USD,NYQ,America/New_York,Yahoo Finance
TFIN,2026-09-25,61.29999923706055,62.16999816894531,61.099998474121094,61.45000076293945,61.45000076293945,203300,USD,NYQ,America/New_York,Yahoo Finance
TFIN,2026-09-28,61.369998931884766,61.83000183105469,60.38999938964844,60.630001068115234,60.630001068115234,208900,USD,NYQ,America/New_York,Yahoo Finance
TGB,2026-08-17,8.460000038146973,8.800000190734863,8.449999809265137,8.770000457763672,8.770000457763672,5646800,USD,ASE,America/New_York,Yahoo Finance
TGB,2026-08-18,8.550000190734863,8.630000114440918,8.260000228881836,8.359999656677246,8.359999656677246,3230900,USD,ASE,America/New_York,Yahoo Finance
TGB,2026-08-19,8.699999809265137,8.789999961853027,8.380000114440918,8.470000267028809,8.470000267028809,4480800,USD,ASE,America/New_York,Yahoo Finance
TGB,2026-08-20,8.350000381469727,8.710000038146973,8.220000267028809,8.6899995803833,8.6899995803833,3643300,USD,ASE,America/New_York,Yahoo Finance
TGB,2026-08-21,9.0,9.329999923706055,8.880000114440918,9.1899995803833,9.1899995803833,7859300,USD,ASE,America/New_York,Yahoo Finance
TGB,2026-08-24,9.260000228881836,9.399999618530273,9.029999732971191,9.34000015258789,9.34000015258789,5581000,USD,ASE,America/New_York,Yahoo Finance
TGB,2026-08-25,9.270000457763672,9.609999656677246,9.25,9.510000228881836,9.510000228881836,5165800,USD,ASE,America/New_York,Yahoo Finance
TGB,2026-08-26,9.40999984741211,9.449999809265137,9.210000038146973,9.229999542236328,9.229999542236328,6462000,USD,ASE,America/New_York,Yahoo Finance
TGB,2026-08-27,9.199999809265137,9.720000267028809,9.199999809265137,9.680000305175781,9.680000305175781,8964500,USD,ASE,America/New_York,Yahoo Finance
TGB,2026-08-28,9.75,9.819999694824219,9.100000381469727,9.180000305175781,9.180000305175781,5693100,USD,ASE,America/New_York,Yahoo Finance
TGB,2026-08-31,9.149999618530273,9.220000267028809,8.890000343322754,9.039999961853027,9.039999961853027,5357100,USD,ASE,America/New_York,Yahoo Finance
TGB,2026-09-01,8.739999771118164,8.880000114440918,8.420000076293945,8.4399995803833,8.4399995803833,3788300,USD,ASE,America/New_York,Yahoo Finance
TGB,2026-09-02,8.5600004196167,8.640000343322754,8.279999732971191,8.319999694824219,8.319999694824219,4518500,USD,ASE,America/New_York,Yahoo Finance
TGB,2026-09-03,8.5600004196167,8.609999656677246,8.25,8.399999618530273,8.399999618530273,5740100,USD,ASE,America/New_York,Yahoo Finance
TGB,2026-09-04,8.369999885559082,8.529999732971191,8.239999771118164,8.449999809265137,8.449999809265137,4403300,USD,ASE,America/New_York,Yahoo Finance
TGB,2026-09-08,8.720000267028809,9.149999618530273,8.720000267028809,8.899999618530273,8.899999618530273,6694500,USD,ASE,America/New_York,Yahoo Finance
TGB,2026-09-09,8.930000305175781,9.029999732971191,8.739999771118164,8.930000305175781,8.930000305175781,5031000,USD,ASE,America/New_York,Yahoo Finance
TGB,2026-09-10,8.369999885559082,8.40999984741211,7.96999979019165,8.020000457763672,8.020000457763672,5621500,USD,ASE,America/New_York,Yahoo Finance
TGB,2026-09-11,8.020000457763672,8.239999771118164,8.010000228881836,8.140000343322754,8.140000343322754,2769800,USD,ASE,America/New_York,Yahoo Finance
TGB,2026-09-14,7.690000057220459,7.880000114440918,7.550000190734863,7.840000152587891,7.840000152587891,4127300,USD,ASE,America/New_York,Yahoo Finance
TGB,2026-09-15,7.900000095367432,7.989999771118164,7.78000020980835,7.980000019073486,7.980000019073486,4888600,USD,ASE,America/New_York,Yahoo Finance
TGB,2026-09-16,8.020000457763672,8.119999885559082,7.789999961853027,7.949999809265137,7.949999809265137,5713200,USD,ASE,America/New_York,Yahoo Finance
TGB,2026-09-17,8.260000228881836,8.40999984741211,8.1899995803833,8.380000114440918,8.380000114440918,4300000,USD,ASE,America/New_York,Yahoo Finance
TGB,2026-09-18,8.460000038146973,8.65999984741211,8.34000015258789,8.640000343322754,8.640000343322754,6320200,USD,ASE,America/New_York,Yahoo Finance
TGB,2026-09-21,8.630000114440918,8.729999542236328,8.390000343322754,8.670000076293945,8.670000076293945,4783400,USD,ASE,America/New_York,Yahoo Finance
TGB,2026-09-22,8.729999542236328,9.380000114440918,8.710000038146973,9.359999656677246,9.359999656677246,6417300,USD,ASE,America/New_York,Yahoo Finance
TGB,2026-09-23,9.100000381469727,9.130000114440918,8.729999542236328,9.0600004196167,9.0600004196167,7098600,USD,ASE,America/New_York,Yahoo Finance
TGB,2026-09-24,8.90999984741211,9.0,8.720000267028809,8.970000267028809,8.970000267028809,5580800,USD,ASE,America/New_York,Yahoo Finance
TGB,2026-09-25,9.039999961853027,9.050000190734863,8.449999809265137,8.609999656677246,8.609999656677246,7182300,USD,ASE,America/New_York,Yahoo Finance
TGB,2026-09-28,8.270000457763672,8.880000114440918,8.239999771118164,8.800000190734863,8.800000190734863,5244700,USD,ASE,America/New_York,Yahoo Finance
TIGO,2026-08-17,93.9000015258789,95.44000244140625,93.36000061035156,94.26000213623047,94.26000213623047,1521900,USD,NMS,America/New_York,Yahoo Finance
TIGO,2026-08-18,92.75,93.13999938964844,86.11000061035156,87.19000244140625,87.19000244140625,2057900,USD,NMS,America/New_York,Yahoo Finance
TIGO,2026-08-19,88.37000274658203,90.37999725341797,88.36499786376953,88.75,88.75,1220800,USD,NMS,America/New_York,Yahoo Finance
TIGO,2026-08-20,89.19000244140625,91.86000061035156,89.13999938964844,90.47000122070312,90.47000122070312,1207600,USD,NMS,America/New_York,Yahoo Finance
TIGO,2026-08-21,91.81999969482422,93.75499725341797,90.61000061035156,93.68000030517578,93.68000030517578,753300,USD,NMS,America/New_York,Yahoo Finance
TIGO,2026-08-24,93.11499786376953,93.5,92.40499877929688,92.97000122070312,92.97000122070312,653700,USD,NMS,America/New_York,Yahoo Finance
TIGO,2026-08-25,93.0199966430664,95.66000366210938,91.56999969482422,95.2300033569336,95.2300033569336,1035400,USD,NMS,America/New_York,Yahoo Finance
TIGO,2026-08-26,95.30000305175781,96.83999633789062,94.5199966430664,96.16000366210938,96.16000366210938,1020500,USD,NMS,America/New_York,Yahoo Finance
TIGO,2026-08-27,94.19999694824219,94.57499694824219,92.37000274658203,93.22000122070312,93.22000122070312,599100,USD,NMS,America/New_York,Yahoo Finance
TIGO,2026-08-28,93.63999938964844,94.91999816894531,93.12999725341797,93.37999725341797,93.37999725341797,597300,USD,NMS,America/New_York,Yahoo Finance
TIGO,2026-08-31,93.83000183105469,94.77999877929688,92.83000183105469,93.76000213623047,93.76000213623047,1177000,USD,NMS,America/New_York,Yahoo Finance
TIGO,2026-09-01,93.11000061035156,94.5,92.26000213623047,92.5999984741211,92.5999984741211,850900,USD,NMS,America/New_York,Yahoo Finance
TIGO,2026-09-02,94.0,95.7699966430664,93.3499984741211,95.25,95.25,793500,USD,NMS,America/New_York,Yahoo Finance
TIGO,2026-09-03,95.75,96.48999786376953,94.0,95.91000366210938,95.91000366210938,850900,USD,NMS,America/New_York,Yahoo Finance
TIGO,2026-09-04,95.9800033569336,96.55999755859375,94.44000244140625,94.83000183105469,94.83000183105469,572000,USD,NMS,America/New_York,Yahoo Finance
TIGO,2026-09-08,94.69000244140625,96.27999877929688,93.83999633789062,95.97000122070312,95.97000122070312,868500,USD,NMS,America/New_York,Yahoo Finance
TIGO,2026-09-09,96.48999786376953,97.04000091552734,93.31500244140625,93.56999969482422,93.56999969482422,845000,USD,NMS,America/New_York,Yahoo Finance
TIGO,2026-09-10,93.0999984741211,96.68499755859375,92.80000305175781,96.47000122070312,96.47000122070312,933400,USD,NMS,America/New_York,Yahoo Finance
TIGO,2026-09-11,96.9000015258789,97.19999694824219,95.91500091552734,96.68000030517578,96.68000030517578,460500,USD,NMS,America/New_York,Yahoo Finance
TIGO,2026-09-14,95.41000366210938,95.7699966430664,94.19999694824219,95.43000030517578,95.43000030517578,659200,USD,NMS,America/New_York,Yahoo Finance
TIGO,2026-09-15,95.77999877929688,96.41500091552734,94.88999938964844,95.81999969482422,95.81999969482422,915900,USD,NMS,America/New_York,Yahoo Finance
TIGO,2026-09-16,95.79000091552734,97.02999877929688,94.66000366210938,95.55000305175781,95.55000305175781,630100,USD,NMS,America/New_York,Yahoo Finance
TIGO,2026-09-17,96.4000015258789,96.9800033569336,95.18499755859375,95.69000244140625,95.69000244140625,584500,USD,NMS,America/New_York,Yahoo Finance
TIGO,2026-09-18,94.77999877929688,95.4000015258789,93.0,94.26000213623047,94.26000213623047,1459700,USD,NMS,America/New_York,Yahoo Finance
TIGO,2026-09-21,94.79000091552734,96.4000015258789,94.79000091552734,95.11000061035156,95.11000061035156,571200,USD,NMS,America/New_York,Yahoo Finance
TIGO,2026-09-22,94.02999877929688,95.0250015258789,93.11000061035156,94.37999725341797,94.37999725341797,437400,USD,NMS,America/New_York,Yahoo Finance
TIGO,2026-09-23,94.0,94.49500274658203,90.95500183105469,91.9000015258789,91.9000015258789,811100,USD,NMS,America/New_York,Yahoo Finance
TIGO,2026-09-24,91.66999816894531,92.28500366210938,90.0999984741211,91.0,91.0,750600,USD,NMS,America/New_York,Yahoo Finance
TIGO,2026-09-25,91.37000274658203,94.5250015258789,90.55999755859375,92.62999725341797,92.62999725341797,988300,USD,NMS,America/New_York,Yahoo Finance
TIGO,2026-09-28,92.0,92.80000305175781,89.26000213623047,89.77999877929688,89.77999877929688,1401500,USD,NMS,America/New_York,Yahoo Finance
TMUS,2026-08-17,182.41000366210938,184.0,179.0500030517578,180.1199951171875,179.08639526367188,4342800,USD,NMS,America/New_York,Yahoo Finance
TMUS,2026-08-18,183.2100067138672,184.49000549316406,180.6699981689453,182.75,181.70130920410156,4737900,USD,NMS,America/New_York,Yahoo Finance
TMUS,2026-08-19,182.83999633789062,187.47999572753906,182.25999450683594,182.36000061035156,181.3135528564453,5146800,USD,NMS,America/New_York,Yahoo Finance
TMUS,2026-08-20,183.3300018310547,183.3300018310547,179.99000549316406,181.22000122070312,180.1800994873047,4088700,USD,NMS,America/New_York,Yahoo Finance
TMUS,2026-08-21,182.5399932861328,185.83999633789062,181.7100067138672,183.0399932861328,181.98963928222656,4105600,USD,NMS,America/New_York,Yahoo Finance
TMUS,2026-08-24,183.50999450683594,185.0500030517578,181.64999389648438,182.6199951171875,181.57205200195312,4023700,USD,NMS,America/New_York,Yahoo Finance
TMUS,2026-08-25,181.41000366210938,182.66000366210938,180.89999389648438,181.61000061035156,180.56785583496094,3268800,USD,NMS,America/New_York,Yahoo Finance
TMUS,2026-08-26,180.89999389648438,182.94000244140625,179.5500030517578,179.61000061035156,178.57933044433594,3238900,USD,NMS,America/New_York,Yahoo Finance
TMUS,2026-08-27,176.22000122070312,178.8300018310547,176.22000122070312,177.75,176.73001098632812,3942900,USD,NMS,America/New_York,Yahoo Finance
TMUS,2026-08-28,178.77000427246094,181.5,176.49000549316406,181.3699951171875,181.3699951171875,3126400,USD,NMS,America/New_York,Yahoo Finance
TMUS,2026-08-31,180.25,182.72000122070312,179.5,180.44000244140625,180.44000244140625,3805300,USD,NMS,America/New_York,Yahoo Finance
TMUS,2026-09-01,181.8000030517578,183.6199951171875,180.3800048828125,182.16000366210938,182.16000366210938,3942000,USD,NMS,America/New_York,Yahoo Finance
TMUS,2026-09-02,183.55999755859375,188.07000732421875,182.42999267578125,187.3000030517578,187.3000030517578,6034800,USD,NMS,America/New_York,Yahoo Finance
TMUS,2026-09-03,188.3300018310547,189.8699951171875,186.75,188.02000427246094,188.02000427246094,3254900,USD,NMS,America/New_York,Yahoo Finance
TMUS,2026-09-04,187.47999572753906,187.7100067138672,180.64999389648438,181.52000427246094,181.52000427246094,4509800,USD,NMS,America/New_York,Yahoo Finance
TMUS,2026-09-08,181.24000549316406,183.25999450683594,179.61000061035156,181.69000244140625,181.69000244140625,4200300,USD,NMS,America/New_York,Yahoo Finance
TMUS,2026-09-09,180.66000366210938,181.10000610351562,176.24000549316406,177.33999633789062,177.33999633789062,3366400,USD,NMS,America/New_York,Yahoo Finance
TMUS,2026-09-10,178.3300018310547,179.22999572753906,174.64999389648438,177.16000366210938,177.16000366210938,4544300,USD,NMS,America/New_York,Yahoo Finance
TMUS,2026-09-11,179.1199951171875,183.89999389648438,178.66000366210938,182.3300018310547,182.3300018310547,3675000,USD,NMS,America/New_York,Yahoo Finance
TMUS,2026-09-14,184.1999969482422,185.5800018310547,182.27000427246094,182.89999389648438,182.89999389648438,2836700,USD,NMS,America/New_York,Yahoo Finance
TMUS,2026-09-15,183.22999572753906,184.66000366210938,180.27999877929688,180.47000122070312,180.47000122070312,3625700,USD,NMS,America/New_York,Yahoo Finance
TMUS,2026-09-16,180.67999267578125,180.92999267578125,173.1699981689453,176.25999450683594,176.25999450683594,5301800,USD,NMS,America/New_York,Yahoo Finance
TMUS,2026-09-17,176.61000061035156,176.86000061035156,166.35000610351562,166.4499969482422,166.4499969482422,6847900,USD,NMS,America/New_York,Yahoo Finance
TMUS,2026-09-18,164.75999450683594,169.49000549316406,164.02000427246094,168.17999267578125,168.17999267578125,12868100,USD,NMS,America/New_York,Yahoo Finance
TMUS,2026-09-21,166.52000427246094,167.9600067138672,161.85000610351562,165.27000427246094,165.27000427246094,7006900,USD,NMS,America/New_York,Yahoo Finance
TMUS,2026-09-22,166.1300048828125,166.49000549316406,161.2100067138672,162.41000366210938,162.41000366210938,7026600,USD,NMS,America/New_York,Yahoo Finance
TMUS,2026-09-23,162.74000549316406,166.7100067138672,161.13999938964844,165.66000366210938,165.66000366210938,8043900,USD,NMS,America/New_York,Yahoo Finance
TMUS,2026-09-24,165.5800018310547,167.74000549316406,164.64999389648438,165.35000610351562,165.35000610351562,4985900,USD,NMS,America/New_York,Yahoo Finance
TMUS,2026-09-25,165.47000122070312,166.5800018310547,164.61000061035156,165.42999267578125,165.42999267578125,3850700,USD,NMS,America/New_York,Yahoo Finance
TMUS,2026-09-28,165.6300048828125,167.5,164.52000427246094,166.4499969482422,166.4499969482422,4792300,USD,NMS,America/New_York,Yahoo Finance
TRIP,2026-08-17,10.59000015258789,10.680000305175781,10.09000015258789,10.170000076293945,10.170000076293945,3915300,USD,NMS,America/New_York,Yahoo Finance
TRIP,2026-08-18,10.229999542236328,10.40999984741211,10.119999885559082,10.229999542236328,10.229999542236328,3260200,USD,NMS,America/New_York,Yahoo Finance
TRIP,2026-08-19,10.270000457763672,10.649999618530273,10.199999809265137,10.399999618530273,10.399999618530273,3606200,USD,NMS,America/New_York,Yahoo Finance
TRIP,2026-08-20,10.380000114440918,10.390000343322754,9.970000267028809,10.029999732971191,10.029999732971191,3288100,USD,NMS,America/New_York,Yahoo Finance
TRIP,2026-08-21,10.029999732971191,10.149999618530273,9.9399995803833,10.0,10.0,2543600,USD,NMS,America/New_York,Yahoo Finance
TRIP,2026-08-24,10.029999732971191,10.34000015258789,10.020000457763672,10.1899995803833,10.1899995803833,2062400,USD,NMS,America/New_York,Yahoo Finance
TRIP,2026-08-25,10.1899995803833,10.289999961853027,10.0600004196167,10.100000381469727,10.100000381469727,2053100,USD,NMS,America/New_York,Yahoo Finance
TRIP,2026-08-26,10.170000076293945,10.199999809265137,9.850000381469727,9.869999885559082,9.869999885559082,2419500,USD,NMS,America/New_York,Yahoo Finance
TRIP,2026-08-27,9.869999885559082,9.90999984741211,9.640000343322754,9.789999961853027,9.789999961853027,3437300,USD,NMS,America/New_York,Yahoo Finance
TRIP,2026-08-28,9.850000381469727,9.979999542236328,9.770000457763672,9.869999885559082,9.869999885559082,2056900,USD,NMS,America/New_York,Yahoo Finance
TRIP,2026-08-31,9.770000457763672,9.800000190734863,9.489999771118164,9.520000457763672,9.520000457763672,3570300,USD,NMS,America/New_York,Yahoo Finance
TRIP,2026-09-01,9.380000114440918,9.600000381469727,9.350000381469727,9.460000038146973,9.460000038146973,2758600,USD,NMS,America/New_York,Yahoo Finance
TRIP,2026-09-02,9.449999809265137,9.729999542236328,9.420000076293945,9.609999656677246,9.609999656677246,3057300,USD,NMS,America/New_York,Yahoo Finance
TRIP,2026-09-03,9.710000038146973,9.869999885559082,9.270000457763672,9.289999961853027,9.289999961853027,2711000,USD,NMS,America/New_York,Yahoo Finance
TRIP,2026-09-04,9.140000343322754,9.529999732971191,9.109999656677246,9.329999923706055,9.329999923706055,3030400,USD,NMS,America/New_York,Yahoo Finance
TRIP,2026-09-08,9.1899995803833,9.279999732971191,8.970000267028809,9.09000015258789,9.09000015258789,3947300,USD,NMS,America/New_York,Yahoo Finance
TRIP,2026-09-09,8.989999771118164,9.239999771118164,8.739999771118164,8.819999694824219,8.819999694824219,7808400,USD,NMS,America/New_York,Yahoo Finance
TRIP,2026-09-10,8.59000015258789,8.899999618530273,8.40999984741211,8.829999923706055,8.829999923706055,6119400,USD,NMS,America/New_York,Yahoo Finance
TRIP,2026-09-11,8.9399995803833,9.149999618530273,8.8100004196167,9.09000015258789,9.09000015258789,8753800,USD,NMS,America/New_York,Yahoo Finance
TRIP,2026-09-14,9.199999809265137,9.369999885559082,8.970000267028809,9.229999542236328,9.229999542236328,4293900,USD,NMS,America/New_York,Yahoo Finance
TRIP,2026-09-15,9.170000076293945,9.180000305175781,8.970000267028809,9.010000228881836,9.010000228881836,3126000,USD,NMS,America/New_York,Yahoo Finance
TRIP,2026-09-16,8.989999771118164,9.029999732971191,8.789999961853027,8.9399995803833,8.9399995803833,2082400,USD,NMS,America/New_York,Yahoo Finance
TRIP,2026-09-17,9.029999732971191,9.0600004196167,8.8100004196167,8.869999885559082,8.869999885559082,4175000,USD,NMS,America/New_York,Yahoo Finance
TRIP,2026-09-18,8.899999618530273,9.180000305175781,8.789999961853027,8.84000015258789,8.84000015258789,4579600,USD,NMS,America/New_York,Yahoo Finance
TRIP,2026-09-21,8.920000076293945,9.0,8.729999542236328,8.800000190734863,8.800000190734863,4375800,USD,NMS,America/New_York,Yahoo Finance
TRIP,2026-09-22,8.989999771118164,8.989999771118164,8.5,8.550000190734863,8.550000190734863,6240700,USD,NMS,America/New_York,Yahoo Finance
TRIP,2026-09-23,8.449999809265137,8.479999542236328,8.020000457763672,8.039999961853027,8.039999961853027,6282800,USD,NMS,America/New_York,Yahoo Finance
TRIP,2026-09-24,8.0600004196167,8.649999618530273,8.0600004196167,8.520000457763672,8.520000457763672,6992200,USD,NMS,America/New_York,Yahoo Finance
TRIP,2026-09-25,8.470000267028809,8.829999923706055,8.34000015258789,8.40999984741211,8.40999984741211,3708400,USD,NMS,America/New_York,Yahoo Finance
TRIP,2026-09-28,8.380000114440918,8.430000305175781,8.149999618530273,8.40999984741211,8.40999984741211,3765100,USD,NMS,America/New_York,Yahoo Finance
TRX-USD,2026-09-02,0.3222559988498688,0.3252899944782257,0.3215689957141876,0.3251110017299652,0.3251110017299652,432968681,USD,CCC,UTC,Yahoo Finance
TRX-USD,2026-09-03,0.32510700821876526,0.3320409953594208,0.32462000846862793,0.3308059871196747,0.3308059871196747,552161778,USD,CCC,UTC,Yahoo Finance
TRX-USD,2026-09-04,0.3308059871196747,0.33200299739837646,0.32777199149131775,0.33153700828552246,0.33153700828552246,483536254,USD,CCC,UTC,Yahoo Finance
TRX-USD,2026-09-05,0.33153900504112244,0.33474698662757874,0.33147698640823364,0.3339270055294037,0.3339270055294037,308281984,USD,CCC,UTC,Yahoo Finance
TRX-USD,2026-09-06,0.3339270055294037,0.33627399802207947,0.3330030143260956,0.33523300290107727,0.33523300290107727,294984933,USD,CCC,UTC,Yahoo Finance
TRX-USD,2026-09-07,0.33523398637771606,0.3372670114040375,0.3338010013103485,0.3344849944114685,0.3344849944114685,376254749,USD,CCC,UTC,Yahoo Finance
TRX-USD,2026-09-08,0.33448299765586853,0.33989500999450684,0.33418598771095276,0.33882299065589905,0.33882299065589905,465335428,USD,CCC,UTC,Yahoo Finance
TRX-USD,2026-09-09,0.33882299065589905,0.3406270146369934,0.3380889892578125,0.3388749957084656,0.3388749957084656,403530148,USD,CCC,UTC,Yahoo Finance
TRX-USD,2026-09-10,0.3388749957084656,0.3409239947795868,0.33823201060295105,0.33987098932266235,0.33987098932266235,441028790,USD,CCC,UTC,Yahoo Finance
TRX-USD,2026-09-11,0.33987298607826233,0.34098300337791443,0.3355740010738373,0.3384830057621002,0.3384830057621002,508378950,USD,CCC,UTC,Yahoo Finance
TRX-USD,2026-09-12,0.3384850025177002,0.3440229892730713,0.33847299218177795,0.3398459851741791,0.3398459851741791,425665582,USD,CCC,UTC,Yahoo Finance
TRX-USD,2026-09-13,0.3398459851741791,0.3415449857711792,0.33829501271247864,0.3383069932460785,0.3383069932460785,302053356,USD,CCC,UTC,Yahoo Finance
TRX-USD,2026-09-14,0.33830899000167847,0.34194499254226685,0.3377090096473694,0.33806300163269043,0.33806300163269043,465011330,USD,CCC,UTC,Yahoo Finance
TRX-USD,2026-09-15,0.3380660116672516,0.33905598521232605,0.33192598819732666,0.3328219950199127,0.3328219950199127,521480866,USD,CCC,UTC,Yahoo Finance
TRX-USD,2026-09-16,0.3328219950199127,0.3360249996185303,0.33207499980926514,0.3354080021381378,0.3354080021381378,404738150,USD,CCC,UTC,Yahoo Finance
TRX-USD,2026-09-17,0.3354089856147766,0.33582600951194763,0.33344098925590515,0.33466100692749023,0.33466100692749023,309530708,USD,CCC,UTC,Yahoo Finance
TRX-USD,2026-09-18,0.33465901017189026,0.3397260010242462,0.33452698588371277,0.3382749855518341,0.3382749855518341,427178144,USD,CCC,UTC,Yahoo Finance
TRX-USD,2026-09-19,0.33827701210975647,0.3404940068721771,0.33702000975608826,0.3397330045700073,0.3397330045700073,386287378,USD,CCC,UTC,Yahoo Finance
TRX-USD,2026-09-20,0.33973199129104614,0.34655800461769104,0.3390350043773651,0.34254199266433716,0.34254199266433716,462637362,USD,CCC,UTC,Yahoo Finance
TRX-USD,2026-09-21,0.34254300594329834,0.34555700421333313,0.34254199266433716,0.34456199407577515,0.34456199407577515,476794172,USD,CCC,UTC,Yahoo Finance
TRX-USD,2026-09-22,0.34456199407577515,0.34905099868774414,0.3404659926891327,0.3419789969921112,0.3419789969921112,697342858,USD,CCC,UTC,Yahoo Finance
TRX-USD,2026-09-23,0.3419800102710724,0.34486299753189087,0.33858901262283325,0.3419159948825836,0.3419159948825836,540585391,USD,CCC,UTC,Yahoo Finance
TRX-USD,2026-09-24,0.3419159948825836,0.3438650071620941,0.3386070132255554,0.340131014585495,0.340131014585495,498182418,USD,CCC,UTC,Yahoo Finance
TRX-USD,2026-09-25,0.340131014585495,0.3402029871940613,0.33600300550460815,0.3381510078907013,0.3381510078907013,415572454,USD,CCC,UTC,Yahoo Finance
TRX-USD,2026-09-26,0.33815300464630127,0.3381560146808624,0.33405500650405884,0.3342829942703247,0.3342829942703247,256851706,USD,CCC,UTC,Yahoo Finance
TRX-USD,2026-09-27,0.3342829942703247,0.33450499176979065,0.33243799209594727,0.3333820104598999,0.3333820104598999,359971343,USD,CCC,UTC,Yahoo Finance
TRX-USD,2026-09-28,0.3333820104598999,0.3363969922065735,0.33309701085090637,0.3354099988937378,0.3354099988937378,423762506,USD,CCC,UTC,Yahoo Finance
TRX-USD,2026-09-29,0.33540698885917664,0.33603399991989136,0.3339869976043701,0.33438700437545776,0.33438700437545776,368103845,USD,CCC,UTC,Yahoo Finance
TRX-USD,2026-09-30,0.33438700437545776,0.34058699011802673,0.33405500650405884,0.33737799525260925,0.33737799525260925,515577043,USD,CCC,UTC,Yahoo Finance
TRX-USD,2026-10-01,0.33737799525260925,0.33837300539016724,0.3323180079460144,0.3348259925842285,0.3348259925842285,591045695,USD,CCC,UTC,Yahoo Finance
TV,2026-08-17,2.890000104904175,2.9200000762939453,2.8499999046325684,2.8499999046325684,2.8499999046325684,522700,USD,NYQ,America/New_York,Yahoo Finance
TV,2026-08-18,2.859999895095825,2.869999885559082,2.7300000190734863,2.7300000190734863,2.7300000190734863,682900,USD,NYQ,America/New_York,Yahoo Finance
TV,2026-08-19,2.809999942779541,2.809999942779541,2.700000047683716,2.7200000286102295,2.7200000286102295,661000,USD,NYQ,America/New_York,Yahoo Finance
TV,2026-08-20,2.7100000381469727,2.740000009536743,2.6500000953674316,2.700000047683716,2.700000047683716,1127000,USD,NYQ,America/New_York,Yahoo Finance
TV,2026-08-21,2.700000047683716,2.799999952316284,2.690000057220459,2.7799999713897705,2.7799999713897705,884200,USD,NYQ,America/New_York,Yahoo Finance
TV,2026-08-24,2.7799999713897705,2.809999942779541,2.759999990463257,2.799999952316284,2.799999952316284,560200,USD,NYQ,America/New_York,Yahoo Finance
TV,2026-08-25,2.7899999618530273,2.7899999618530273,2.7200000286102295,2.759999990463257,2.759999990463257,1100800,USD,NYQ,America/New_York,Yahoo Finance
TV,2026-08-26,2.75,2.9000000953674316,2.75,2.880000114440918,2.880000114440918,1789700,USD,NYQ,America/New_York,Yahoo Finance
TV,2026-08-27,2.880000114440918,2.880000114440918,2.75,2.75,2.75,1286800,USD,NYQ,America/New_York,Yahoo Finance
TV,2026-08-28,2.7699999809265137,2.7899999618530273,2.740000009536743,2.759999990463257,2.759999990463257,633200,USD,NYQ,America/New_York,Yahoo Finance
TV,2026-08-31,2.75,2.799999952316284,2.740000009536743,2.75,2.75,618700,USD,NYQ,America/New_York,Yahoo Finance
TV,2026-09-01,2.7100000381469727,2.7699999809265137,2.630000114440918,2.640000104904175,2.640000104904175,1898700,USD,NYQ,America/New_York,Yahoo Finance
TV,2026-09-02,2.6700000762939453,2.7100000381469727,2.6600000858306885,2.6600000858306885,2.6600000858306885,457700,USD,NYQ,America/New_York,Yahoo Finance
TV,2026-09-03,2.6600000858306885,2.700000047683716,2.640000104904175,2.6600000858306885,2.6600000858306885,669900,USD,NYQ,America/New_York,Yahoo Finance
TV,2026-09-04,2.640000104904175,2.690000057220459,2.630000114440918,2.630000114440918,2.630000114440918,455100,USD,NYQ,America/New_York,Yahoo Finance
TV,2026-09-08,2.4600000381469727,2.5399999618530273,2.309999942779541,2.509999990463257,2.509999990463257,4886300,USD,NYQ,America/New_York,Yahoo Finance
TV,2026-09-09,2.490000009536743,2.509999990463257,2.369999885559082,2.380000114440918,2.380000114440918,2541500,USD,NYQ,America/New_York,Yahoo Finance
TV,2026-09-10,2.440000057220459,2.450000047683716,2.3499999046325684,2.369999885559082,2.369999885559082,2070900,USD,NYQ,America/New_York,Yahoo Finance
TV,2026-09-11,2.369999885559082,2.430000066757202,2.3499999046325684,2.380000114440918,2.380000114440918,1950700,USD,NYQ,America/New_York,Yahoo Finance
TV,2026-09-14,2.4000000953674316,2.4000000953674316,2.3299999237060547,2.369999885559082,2.369999885559082,1470500,USD,NYQ,America/New_York,Yahoo Finance
TV,2026-09-15,2.369999885559082,2.4100000858306885,2.240000009536743,2.25,2.25,1701800,USD,NYQ,America/New_York,Yahoo Finance
TV,2026-09-16,2.2699999809265137,2.2699999809265137,2.180000066757202,2.190000057220459,2.190000057220459,632200,USD,NYQ,America/New_York,Yahoo Finance
TV,2026-09-17,2.2100000381469727,2.3499999046325684,2.200000047683716,2.3399999141693115,2.3399999141693115,1961400,USD,NYQ,America/New_York,Yahoo Finance
TV,2026-09-18,2.309999942779541,2.4600000381469727,2.299999952316284,2.3499999046325684,2.3499999046325684,6238500,USD,NYQ,America/New_York,Yahoo Finance
TV,2026-09-21,2.369999885559082,2.5799999237060547,2.359999895095825,2.569999933242798,2.569999933242798,1955200,USD,NYQ,America/New_York,Yahoo Finance
TV,2026-09-22,2.5899999141693115,2.5899999141693115,2.430000066757202,2.4800000190734863,2.4800000190734863,835500,USD,NYQ,America/New_York,Yahoo Finance
TV,2026-09-23,2.4700000286102295,2.490000009536743,2.4200000762939453,2.430000066757202,2.430000066757202,995200,USD,NYQ,America/New_York,Yahoo Finance
TV,2026-09-24,2.440000057220459,2.440000057220459,2.369999885559082,2.390000104904175,2.390000104904175,575500,USD,NYQ,America/New_York,Yahoo Finance
TV,2026-09-25,2.380000114440918,2.4000000953674316,2.3499999046325684,2.369999885559082,2.369999885559082,578600,USD,NYQ,America/New_York,Yahoo Finance
TV,2026-09-28,2.359999895095825,2.380000114440918,2.3299999237060547,2.3399999141693115,2.3399999141693115,856500,USD,NYQ,America/New_York,Yahoo Finance
TW,2026-08-17,106.05999755859375,106.9000015258789,105.01000213623047,105.16999816894531,105.03328704833984,829900,USD,NMS,America/New_York,Yahoo Finance
TW,2026-08-18,106.4000015258789,106.88999938964844,105.16000366210938,105.47000122070312,105.33290100097656,881900,USD,NMS,America/New_York,Yahoo Finance
TW,2026-08-19,105.26000213623047,106.41000366210938,102.83000183105469,103.30000305175781,103.16571807861328,1773800,USD,NMS,America/New_York,Yahoo Finance
TW,2026-08-20,103.93000030517578,106.79499816894531,102.88999938964844,106.0999984741211,105.96207427978516,1464400,USD,NMS,America/New_York,Yahoo Finance
TW,2026-08-21,106.0199966430664,107.45500183105469,105.72000122070312,107.04000091552734,106.9008560180664,1423700,USD,NMS,America/New_York,Yahoo Finance
TW,2026-08-24,107.0199966430664,108.82499694824219,106.7699966430664,108.37999725341797,108.2391128540039,1062600,USD,NMS,America/New_York,Yahoo Finance
TW,2026-08-25,107.76000213623047,108.52999877929688,107.16000366210938,107.70999908447266,107.56998443603516,995000,USD,NMS,America/New_York,Yahoo Finance
TW,2026-08-26,107.16999816894531,109.80000305175781,107.16999816894531,107.51000213623047,107.37024688720703,1030800,USD,NMS,America/New_York,Yahoo Finance
TW,2026-08-27,107.5,108.55000305175781,107.05999755859375,108.0999984741211,107.95948028564453,1141600,USD,NMS,America/New_York,Yahoo Finance
TW,2026-08-28,107.86000061035156,109.45999908447266,107.2300033569336,108.87000274658203,108.72847747802734,941600,USD,NMS,America/New_York,Yahoo Finance
TW,2026-08-31,108.4800033569336,108.51000213623047,106.8949966430664,107.69999694824219,107.55999755859375,1320700,USD,NMS,America/New_York,Yahoo Finance
TW,2026-09-01,107.51000213623047,108.9000015258789,106.5,106.70999908447266,106.70999908447266,1190900,USD,NMS,America/New_York,Yahoo Finance
TW,2026-09-02,106.11000061035156,107.13999938964844,103.18000030517578,103.47000122070312,103.47000122070312,1129700,USD,NMS,America/New_York,Yahoo Finance
TW,2026-09-03,104.0999984741211,106.51000213623047,104.0999984741211,105.33999633789062,105.33999633789062,1216000,USD,NMS,America/New_York,Yahoo Finance
TW,2026-09-04,103.9000015258789,106.5199966430664,103.9000015258789,106.19999694824219,106.19999694824219,1531800,USD,NMS,America/New_York,Yahoo Finance
TW,2026-09-08,106.26000213623047,107.18499755859375,102.87000274658203,103.0,103.0,1159300,USD,NMS,America/New_York,Yahoo Finance
TW,2026-09-09,102.29000091552734,103.0199966430664,101.16000366210938,102.94000244140625,102.94000244140625,1281200,USD,NMS,America/New_York,Yahoo Finance
TW,2026-09-10,103.83000183105469,103.83000183105469,101.51499938964844,102.47000122070312,102.47000122070312,1548900,USD,NMS,America/New_York,Yahoo Finance
TW,2026-09-11,102.30000305175781,102.94999694824219,101.0,101.44000244140625,101.44000244140625,1036700,USD,NMS,America/New_York,Yahoo Finance
TW,2026-09-14,103.22000122070312,104.69499969482422,103.19000244140625,104.19999694824219,104.19999694824219,827700,USD,NMS,America/New_York,Yahoo Finance
TW,2026-09-15,103.36000061035156,103.36000061035156,101.2750015258789,101.55000305175781,101.55000305175781,860400,USD,NMS,America/New_York,Yahoo Finance
TW,2026-09-16,101.12000274658203,102.5999984741211,100.61000061035156,102.37000274658203,102.37000274658203,1463700,USD,NMS,America/New_York,Yahoo Finance
TW,2026-09-17,102.11000061035156,103.04000091552734,101.08999633789062,102.05999755859375,102.05999755859375,1223700,USD,NMS,America/New_York,Yahoo Finance
TW,2026-09-18,102.05999755859375,104.4749984741211,101.6500015258789,103.97000122070312,103.97000122070312,1840600,USD,NMS,America/New_York,Yahoo Finance
TW,2026-09-21,103.7300033569336,105.01000213623047,103.23999786376953,104.44999694824219,104.44999694824219,1377800,USD,NMS,America/New_York,Yahoo Finance
TW,2026-09-22,104.0999984741211,104.11000061035156,99.41999816894531,99.73999786376953,99.73999786376953,2038300,USD,NMS,America/New_York,Yahoo Finance
TW,2026-09-23,100.13999938964844,102.12999725341797,99.69000244140625,100.2300033569336,100.2300033569336,1562000,USD,NMS,America/New_York,Yahoo Finance
TW,2026-09-24,100.2300033569336,101.1500015258789,99.93000030517578,101.12999725341797,101.12999725341797,1433700,USD,NMS,America/New_York,Yahoo Finance
TW,2026-09-25,101.2300033569336,102.5,99.80500030517578,101.19000244140625,101.19000244140625,1149400,USD,NMS,America/New_York,Yahoo Finance
TW,2026-09-28,101.7699966430664,103.48999786376953,100.58999633789062,100.7699966430664,100.7699966430664,1360800,USD,NMS,America/New_York,Yahoo Finance
UBER,2026-08-17,77.08999633789062,77.52999877929688,74.6500015258789,74.98999786376953,74.98999786376953,18084900,USD,NYQ,America/New_York,Yahoo Finance
UBER,2026-08-18,75.18499755859375,77.27999877929688,74.62999725341797,74.66000366210938,74.66000366210938,15895600,USD,NYQ,America/New_York,Yahoo Finance
UBER,2026-08-19,74.9000015258789,79.30999755859375,73.97000122070312,78.04000091552734,78.04000091552734,19059800,USD,NYQ,America/New_York,Yahoo Finance
UBER,2026-08-20,78.47000122070312,80.1500015258789,78.08999633789062,78.55000305175781,78.55000305175781,17575800,USD,NYQ,America/New_York,Yahoo Finance
UBER,2026-08-21,79.7249984741211,80.22000122070312,77.8499984741211,78.80000305175781,78.80000305175781,12754300,USD,NYQ,America/New_York,Yahoo Finance
UBER,2026-08-24,79.0,79.5199966430664,77.9000015258789,79.29000091552734,79.29000091552734,12105700,USD,NYQ,America/New_York,Yahoo Finance
UBER,2026-08-25,79.37999725341797,80.43000030517578,78.61000061035156,80.3499984741211,80.3499984741211,14177100,USD,NYQ,America/New_York,Yahoo Finance
UBER,2026-08-26,81.55999755859375,82.36499786376953,78.41500091552734,78.48999786376953,78.48999786376953,14524000,USD,NYQ,America/New_York,Yahoo Finance
UBER,2026-08-27,77.66000366210938,77.69000244140625,76.19999694824219,76.94999694824219,76.94999694824219,14389100,USD,NYQ,America/New_York,Yahoo Finance
UBER,2026-08-28,77.0,78.99500274658203,76.72000122070312,78.81999969482422,78.81999969482422,10702700,USD,NYQ,America/New_York,Yahoo Finance
UBER,2026-08-31,78.16999816894531,78.29299926757812,75.33999633789062,75.6500015258789,75.6500015258789,18505900,USD,NYQ,America/New_York,Yahoo Finance
UBER,2026-09-01,75.2699966430664,76.11000061035156,74.62000274658203,75.23999786376953,75.23999786376953,11220600,USD,NYQ,America/New_York,Yahoo Finance
UBER,2026-09-02,76.05000305175781,77.23999786376953,75.36000061035156,76.44999694824219,76.44999694824219,13014700,USD,NYQ,America/New_York,Yahoo Finance
UBER,2026-09-03,77.33499908447266,78.35399627685547,75.19000244140625,75.95999908447266,75.95999908447266,14420700,USD,NYQ,America/New_York,Yahoo Finance
UBER,2026-09-04,76.1500015258789,76.86000061035156,75.20999908447266,75.76000213623047,75.76000213623047,14418000,USD,NYQ,America/New_York,Yahoo Finance
UBER,2026-09-08,75.61499786376953,75.61499786376953,72.71499633789062,73.12999725341797,73.12999725341797,25922800,USD,NYQ,America/New_York,Yahoo Finance
UBER,2026-09-09,73.05000305175781,73.10099792480469,71.0,71.08000183105469,71.08000183105469,21828800,USD,NYQ,America/New_York,Yahoo Finance
UBER,2026-09-10,70.37999725341797,73.4800033569336,69.23999786376953,72.55999755859375,72.55999755859375,35402300,USD,NYQ,America/New_York,Yahoo Finance
UBER,2026-09-11,72.98999786376953,73.05500030517578,71.03500366210938,71.66999816894531,71.66999816894531,25309100,USD,NYQ,America/New_York,Yahoo Finance
UBER,2026-09-14,71.9749984741211,72.8030014038086,71.26000213623047,72.62999725341797,72.62999725341797,19055000,USD,NYQ,America/New_York,Yahoo Finance
UBER,2026-09-15,72.32499694824219,72.41999816894531,71.30999755859375,71.43000030517578,71.43000030517578,15515800,USD,NYQ,America/New_York,Yahoo Finance
UBER,2026-09-16,71.31999969482422,71.95999908447266,70.57099914550781,70.97000122070312,70.97000122070312,17960700,USD,NYQ,America/New_York,Yahoo Finance
UBER,2026-09-17,71.5999984741211,71.64099884033203,70.23999786376953,70.87000274658203,70.87000274658203,19808400,USD,NYQ,America/New_York,Yahoo Finance
UBER,2026-09-18,70.8949966430664,71.0,70.05999755859375,70.5,70.5,20652800,USD,NYQ,America/New_York,Yahoo Finance
UBER,2026-09-21,70.81999969482422,71.38999938964844,70.11100006103516,70.83999633789062,70.83999633789062,16956100,USD,NYQ,America/New_York,Yahoo Finance
UBER,2026-09-22,71.6500015258789,71.9000015258789,69.54000091552734,69.88999938964844,69.88999938964844,26420300,USD,NYQ,America/New_York,Yahoo Finance
UBER,2026-09-23,69.55999755859375,70.04000091552734,68.55000305175781,69.41999816894531,69.41999816894531,18010100,USD,NYQ,America/New_York,Yahoo Finance
UBER,2026-09-24,69.44999694824219,70.08000183105469,68.92500305175781,69.22000122070312,69.22000122070312,14479600,USD,NYQ,America/New_York,Yahoo Finance
UBER,2026-09-25,69.2699966430664,69.66999816894531,68.7959976196289,69.62000274658203,69.62000274658203,10911600,USD,NYQ,America/New_York,Yahoo Finance
UBER,2026-09-28,69.36000061035156,69.68000030517578,67.7300033569336,68.16000366210938,68.16000366210938,16638900,USD,NYQ,America/New_York,Yahoo Finance
UFPI,2026-08-17,89.43000030517578,89.86000061035156,87.44000244140625,88.29000091552734,87.9139404296875,261300,USD,NMS,America/New_York,Yahoo Finance
UFPI,2026-08-18,88.30000305175781,88.7300033569336,86.58000183105469,87.19999694824219,86.82858276367188,292800,USD,NMS,America/New_York,Yahoo Finance
UFPI,2026-08-19,88.6500015258789,91.0199966430664,87.9000015258789,90.41999816894531,90.03486633300781,366500,USD,NMS,America/New_York,Yahoo Finance
UFPI,2026-08-20,88.25,89.4000015258789,86.80000305175781,88.12000274658203,87.74466705322266,329700,USD,NMS,America/New_York,Yahoo Finance
UFPI,2026-08-21,88.75,89.19000244140625,87.7300033569336,88.80000305175781,88.4217758178711,530300,USD,NMS,America/New_York,Yahoo Finance
UFPI,2026-08-24,89.05999755859375,90.43000030517578,88.19000244140625,89.2300033569336,88.84994506835938,316500,USD,NMS,America/New_York,Yahoo Finance
UFPI,2026-08-25,89.58000183105469,90.4800033569336,87.63999938964844,88.7300033569336,88.3520736694336,358000,USD,NMS,America/New_York,Yahoo Finance
UFPI,2026-08-26,88.73999786376953,88.9000015258789,86.26000213623047,86.33999633789062,85.97224426269531,384900,USD,NMS,America/New_York,Yahoo Finance
UFPI,2026-08-27,85.5,86.2699966430664,85.19000244140625,85.33000183105469,84.966552734375,244400,USD,NMS,America/New_York,Yahoo Finance
UFPI,2026-08-28,85.55000305175781,86.48999786376953,84.52999877929688,86.01000213623047,85.6436538696289,356700,USD,NMS,America/New_York,Yahoo Finance
UFPI,2026-08-31,85.58999633789062,86.2699966430664,84.19000244140625,84.5199966430664,84.15999603271484,411500,USD,NMS,America/New_York,Yahoo Finance
UFPI,2026-09-01,83.47000122070312,84.0,81.94000244140625,82.47000122070312,82.47000122070312,423300,USD,NMS,America/New_York,Yahoo Finance
UFPI,2026-09-02,82.55000305175781,83.66000366210938,82.11000061035156,82.91000366210938,82.91000366210938,323100,USD,NMS,America/New_York,Yahoo Finance
UFPI,2026-09-03,84.13999938964844,84.13999938964844,82.12000274658203,83.19999694824219,83.19999694824219,309700,USD,NMS,America/New_York,Yahoo Finance
UFPI,2026-09-04,82.80999755859375,85.30000305175781,82.80999755859375,84.37999725341797,84.37999725341797,267900,USD,NMS,America/New_York,Yahoo Finance
UFPI,2026-09-08,83.88999938964844,84.68000030517578,82.38999938964844,83.22000122070312,83.22000122070312,338300,USD,NMS,America/New_York,Yahoo Finance
UFPI,2026-09-09,83.12000274658203,83.19000244140625,81.05999755859375,82.05999755859375,82.05999755859375,574300,USD,NMS,America/New_York,Yahoo Finance
UFPI,2026-09-10,80.83999633789062,80.83999633789062,79.44999694824219,80.19999694824219,80.19999694824219,403300,USD,NMS,America/New_York,Yahoo Finance
UFPI,2026-09-11,81.7300033569336,81.73999786376953,79.37999725341797,80.55999755859375,80.55999755859375,288500,USD,NMS,America/New_York,Yahoo Finance
UFPI,2026-09-14,80.54000091552734,81.91000366210938,80.12999725341797,81.02999877929688,81.02999877929688,385700,USD,NMS,America/New_York,Yahoo Finance
UFPI,2026-09-15,81.25,82.47000122070312,80.19999694824219,82.41000366210938,82.41000366210938,457600,USD,NMS,America/New_York,Yahoo Finance
UFPI,2026-09-16,82.47000122070312,82.98999786376953,81.43000030517578,82.01000213623047,82.01000213623047,544200,USD,NMS,America/New_York,Yahoo Finance
UFPI,2026-09-17,83.93000030517578,83.93000030517578,79.01000213623047,79.25,79.25,444300,USD,NMS,America/New_York,Yahoo Finance
UFPI,2026-09-18,78.98999786376953,79.44000244140625,78.55999755859375,79.19999694824219,79.19999694824219,1353300,USD,NMS,America/New_York,Yahoo Finance
UFPI,2026-09-21,79.19999694824219,80.95999908447266,79.0,80.2699966430664,80.2699966430664,392900,USD,NMS,America/New_York,Yahoo Finance
UFPI,2026-09-22,81.72000122070312,83.25,81.5,83.0199966430664,83.0199966430664,464700,USD,NMS,America/New_York,Yahoo Finance
UFPI,2026-09-23,82.37000274658203,82.88999938964844,81.70999908447266,81.77999877929688,81.77999877929688,335600,USD,NMS,America/New_York,Yahoo Finance
UFPI,2026-09-24,81.77999877929688,82.29000091552734,78.06999969482422,78.80999755859375,78.80999755859375,608800,USD,NMS,America/New_York,Yahoo Finance
UFPI,2026-09-25,78.80999755859375,80.02999877929688,78.48999786376953,79.48999786376953,79.48999786376953,424100,USD,NMS,America/New_York,Yahoo Finance
UFPI,2026-09-28,78.38999938964844,80.29000091552734,78.25,79.41999816894531,79.41999816894531,415600,USD,NMS,America/New_York,Yahoo Finance
URBN,2026-08-17,76.44000244140625,77.4000015258789,75.80999755859375,76.63999938964844,76.63999938964844,1039500,USD,NMS,America/New_York,Yahoo Finance
URBN,2026-08-18,76.87999725341797,77.11000061035156,74.33000183105469,74.58999633789062,74.58999633789062,1088500,USD,NMS,America/New_York,Yahoo Finance
URBN,2026-08-19,74.94999694824219,76.3499984741211,73.94000244140625,74.37999725341797,74.37999725341797,1106000,USD,NMS,America/New_York,Yahoo Finance
URBN,2026-08-20,72.87999725341797,74.0,71.8499984741211,72.6500015258789,72.6500015258789,1680400,USD,NMS,America/New_York,Yahoo Finance
URBN,2026-08-21,74.22000122070312,75.44000244140625,71.9800033569336,74.23999786376953,74.23999786376953,1057400,USD,NMS,America/New_York,Yahoo Finance
URBN,2026-08-24,74.70999908447266,76.58999633789062,74.70999908447266,76.05000305175781,76.05000305175781,767300,USD,NMS,America/New_York,Yahoo Finance
URBN,2026-08-25,75.5999984741211,76.44999694824219,73.75,75.77999877929688,75.77999877929688,1548000,USD,NMS,America/New_York,Yahoo Finance
URBN,2026-08-26,78.9000015258789,83.02999877929688,78.16000366210938,82.94999694824219,82.94999694824219,3604900,USD,NMS,America/New_York,Yahoo Finance
URBN,2026-08-27,82.69999694824219,85.43000030517578,78.20999908447266,78.79000091552734,78.79000091552734,2871800,USD,NMS,America/New_York,Yahoo Finance
URBN,2026-08-28,79.41999816894531,81.98999786376953,78.98999786376953,81.08999633789062,81.08999633789062,1659800,USD,NMS,America/New_York,Yahoo Finance
URBN,2026-08-31,80.44000244140625,81.33000183105469,79.11000061035156,80.69000244140625,80.69000244140625,1225900,USD,NMS,America/New_York,Yahoo Finance
URBN,2026-09-01,79.12000274658203,80.5,76.87000274658203,79.29000091552734,79.29000091552734,1639500,USD,NMS,America/New_York,Yahoo Finance
URBN,2026-09-02,78.83999633789062,79.58999633789062,77.81999969482422,78.75,78.75,947200,USD,NMS,America/New_York,Yahoo Finance
URBN,2026-09-03,79.93000030517578,81.37000274658203,78.41000366210938,80.58000183105469,80.58000183105469,845700,USD,NMS,America/New_York,Yahoo Finance
URBN,2026-09-04,79.55000305175781,81.37000274658203,79.51000213623047,80.97000122070312,80.97000122070312,681400,USD,NMS,America/New_York,Yahoo Finance
URBN,2026-09-08,81.22000122070312,82.73999786376953,79.08000183105469,79.43000030517578,79.43000030517578,1243100,USD,NMS,America/New_York,Yahoo Finance
URBN,2026-09-09,78.25,79.41000366210938,77.41999816894531,77.58000183105469,77.58000183105469,676700,USD,NMS,America/New_York,Yahoo Finance
URBN,2026-09-10,76.56999969482422,76.56999969482422,74.18000030517578,75.5999984741211,75.5999984741211,1380900,USD,NMS,America/New_York,Yahoo Finance
URBN,2026-09-11,77.30999755859375,79.6500015258789,76.9000015258789,78.58000183105469,78.58000183105469,919300,USD,NMS,America/New_York,Yahoo Finance
URBN,2026-09-14,77.43000030517578,78.06999969482422,76.19999694824219,77.01000213623047,77.01000213623047,998600,USD,NMS,America/New_York,Yahoo Finance
URBN,2026-09-15,77.27999877929688,77.7699966430664,75.16999816894531,75.91000366210938,75.91000366210938,810200,USD,NMS,America/New_York,Yahoo Finance
URBN,2026-09-16,76.26000213623047,78.2699966430664,76.26000213623047,77.08000183105469,77.08000183105469,1105100,USD,NMS,America/New_York,Yahoo Finance
URBN,2026-09-17,78.13999938964844,78.13999938964844,75.7699966430664,75.83999633789062,75.83999633789062,835800,USD,NMS,America/New_York,Yahoo Finance
URBN,2026-09-18,75.5199966430664,76.33999633789062,74.94000244140625,75.01000213623047,75.01000213623047,2171800,USD,NMS,America/New_York,Yahoo Finance
URBN,2026-09-21,75.05000305175781,75.66999816894531,74.16999816894531,74.20999908447266,74.20999908447266,750100,USD,NMS,America/New_York,Yahoo Finance
URBN,2026-09-22,75.2300033569336,77.2699966430664,75.01000213623047,75.0199966430664,75.0199966430664,851900,USD,NMS,America/New_York,Yahoo Finance
URBN,2026-09-23,75.0199966430664,75.22000122070312,73.62000274658203,74.81999969482422,74.81999969482422,957400,USD,NMS,America/New_York,Yahoo Finance
URBN,2026-09-24,74.7699966430664,76.01000213623047,73.97000122070312,74.77999877929688,74.77999877929688,769400,USD,NMS,America/New_York,Yahoo Finance
URBN,2026-09-25,75.0,76.29000091552734,74.0999984741211,75.3499984741211,75.3499984741211,994200,USD,NMS,America/New_York,Yahoo Finance
URBN,2026-09-28,74.44000244140625,76.66000366210938,74.22000122070312,75.44000244140625,75.44000244140625,916100,USD,NMS,America/New_York,Yahoo Finance
USA,2026-08-17,6.070000171661377,6.079999923706055,6.019999980926514,6.050000190734863,6.050000190734863,1573500,USD,NYQ,America/New_York,Yahoo Finance
USA,2026-08-18,6.03000020980835,6.03000020980835,5.989999771118164,6.010000228881836,6.010000228881836,1000000,USD,NYQ,America/New_York,Yahoo Finance
USA,2026-08-19,6.010000228881836,6.079999923706055,6.010000228881836,6.019999980926514,6.019999980926514,782000,USD,NYQ,America/New_York,Yahoo Finance
USA,2026-08-20,6.010000228881836,6.019999980926514,5.920000076293945,5.920000076293945,5.920000076293945,919900,USD,NYQ,America/New_York,Yahoo Finance
USA,2026-08-21,5.960000038146973,6.0,5.949999809265137,5.989999771118164,5.989999771118164,1033900,USD,NYQ,America/New_York,Yahoo Finance
USA,2026-08-24,6.0,6.0,5.980000019073486,6.0,6.0,859600,USD,NYQ,America/New_York,Yahoo Finance
USA,2026-08-25,6.03000020980835,6.03000020980835,5.980000019073486,5.980000019073486,5.980000019073486,1065200,USD,NYQ,America/New_York,Yahoo Finance
USA,2026-08-26,5.96999979019165,6.010000228881836,5.960000038146973,5.989999771118164,5.989999771118164,992000,USD,NYQ,America/New_York,Yahoo Finance
USA,2026-08-27,5.989999771118164,6.019999980926514,5.960000038146973,5.989999771118164,5.989999771118164,979600,USD,NYQ,America/New_York,Yahoo Finance
USA,2026-08-28,6.0,6.039999961853027,5.980000019073486,6.0,6.0,1029400,USD,NYQ,America/New_York,Yahoo Finance
USA,2026-08-31,6.0,6.0,5.96999979019165,5.989999771118164,5.989999771118164,980700,USD,NYQ,America/New_York,Yahoo Finance
USA,2026-09-01,5.960000038146973,5.96999979019165,5.920000076293945,5.920000076293945,5.920000076293945,1248800,USD,NYQ,America/New_York,Yahoo Finance
USA,2026-09-02,5.929999828338623,5.960000038146973,5.929999828338623,5.929999828338623,5.929999828338623,1137400,USD,NYQ,America/New_York,Yahoo Finance
USA,2026-09-03,5.980000019073486,6.03000020980835,5.980000019073486,6.019999980926514,6.019999980926514,890100,USD,NYQ,America/New_York,Yahoo Finance
USA,2026-09-04,6.010000228881836,6.019999980926514,5.96999979019165,5.96999979019165,5.96999979019165,752200,USD,NYQ,America/New_York,Yahoo Finance
USA,2026-09-08,5.960000038146973,6.0,5.940000057220459,5.949999809265137,5.949999809265137,1295600,USD,NYQ,America/New_York,Yahoo Finance
USA,2026-09-09,5.929999828338623,5.929999828338623,5.869999885559082,5.900000095367432,5.900000095367432,1426200,USD,NYQ,America/New_York,Yahoo Finance
USA,2026-09-10,5.829999923706055,5.860000133514404,5.829999923706055,5.849999904632568,5.849999904632568,1303100,USD,NYQ,America/New_York,Yahoo Finance
USA,2026-09-11,5.900000095367432,5.909999847412109,5.869999885559082,5.880000114440918,5.880000114440918,952000,USD,NYQ,America/New_York,Yahoo Finance
USA,2026-09-14,5.849999904632568,5.889999866485596,5.829999923706055,5.889999866485596,5.889999866485596,1097400,USD,NYQ,America/New_York,Yahoo Finance
USA,2026-09-15,5.880000114440918,5.900000095367432,5.849999904632568,5.849999904632568,5.849999904632568,1835300,USD,NYQ,America/New_York,Yahoo Finance
USA,2026-09-16,5.869999885559082,5.900000095367432,5.820000171661377,5.900000095367432,5.900000095367432,2361300,USD,NYQ,America/New_York,Yahoo Finance
USA,2026-09-17,5.880000114440918,5.900000095367432,5.860000133514404,5.869999885559082,5.869999885559082,1736700,USD,NYQ,America/New_York,Yahoo Finance
USA,2026-09-18,5.880000114440918,5.880000114440918,5.840000152587891,5.840000152587891,5.840000152587891,739900,USD,NYQ,America/New_York,Yahoo Finance
USA,2026-09-21,5.860000133514404,5.920000076293945,5.849999904632568,5.920000076293945,5.920000076293945,804100,USD,NYQ,America/New_York,Yahoo Finance
USA,2026-09-22,5.920000076293945,5.929999828338623,5.889999866485596,5.900000095367432,5.900000095367432,865400,USD,NYQ,America/New_York,Yahoo Finance
USA,2026-09-23,5.889999866485596,5.900000095367432,5.840000152587891,5.860000133514404,5.860000133514404,1248800,USD,NYQ,America/New_York,Yahoo Finance
USA,2026-09-24,5.829999923706055,5.849999904632568,5.820000171661377,5.829999923706055,5.829999923706055,676500,USD,NYQ,America/New_York,Yahoo Finance
USA,2026-09-25,5.849999904632568,5.869999885559082,5.829999923706055,5.869999885559082,5.869999885559082,756100,USD,NYQ,America/New_York,Yahoo Finance
USA,2026-09-28,5.849999904632568,5.860000133514404,5.829999923706055,5.829999923706055,5.829999923706055,1147300,USD,NYQ,America/New_York,Yahoo Finance
WAL,2026-08-17,82.05999755859375,82.54000091552734,81.3499984741211,81.72000122070312,81.72000122070312,629400,USD,NYQ,America/New_York,Yahoo Finance
WAL,2026-08-18,81.83999633789062,81.97000122070312,80.3499984741211,80.75,80.75,703000,USD,NYQ,America/New_York,Yahoo Finance
WAL,2026-08-19,81.05999755859375,81.1500015258789,79.29000091552734,80.4000015258789,80.4000015258789,1596900,USD,NYQ,America/New_York,Yahoo Finance
WAL,2026-08-20,80.0199966430664,80.5999984741211,78.93000030517578,79.1500015258789,79.1500015258789,1250800,USD,NYQ,America/New_York,Yahoo Finance
WAL,2026-08-21,79.76000213623047,80.25,78.51000213623047,79.66999816894531,79.66999816894531,1234300,USD,NYQ,America/New_York,Yahoo Finance
WAL,2026-08-24,79.91000366210938,80.36000061035156,78.18000030517578,78.38999938964844,78.38999938964844,793200,USD,NYQ,America/New_York,Yahoo Finance
WAL,2026-08-25,78.88999938964844,79.87000274658203,78.0,79.62999725341797,79.62999725341797,1576900,USD,NYQ,America/New_York,Yahoo Finance
WAL,2026-08-26,80.0,80.4000015258789,79.38999938964844,79.5999984741211,79.5999984741211,621000,USD,NYQ,America/New_York,Yahoo Finance
WAL,2026-08-27,78.73999786376953,79.12999725341797,77.12999725341797,78.70999908447266,78.70999908447266,1134300,USD,NYQ,America/New_York,Yahoo Finance
WAL,2026-08-28,79.37999725341797,79.58999633789062,78.1500015258789,78.52999877929688,78.52999877929688,822900,USD,NYQ,America/New_York,Yahoo Finance
WAL,2026-08-31,78.6500015258789,78.94000244140625,77.79000091552734,78.12999725341797,78.12999725341797,1114900,USD,NYQ,America/New_York,Yahoo Finance
WAL,2026-09-01,77.94000244140625,78.93000030517578,77.04000091552734,77.26000213623047,77.26000213623047,1212200,USD,NYQ,America/New_York,Yahoo Finance
WAL,2026-09-02,77.86000061035156,80.55000305175781,77.81999969482422,79.12000274658203,79.12000274658203,1245300,USD,NYQ,America/New_York,Yahoo Finance
WAL,2026-09-03,79.58999633789062,81.0199966430664,79.38999938964844,81.0,81.0,875100,USD,NYQ,America/New_York,Yahoo Finance
WAL,2026-09-04,80.58000183105469,81.38999938964844,80.23999786376953,80.94999694824219,80.94999694824219,766500,USD,NYQ,America/New_York,Yahoo Finance
WAL,2026-09-08,80.62000274658203,81.02999877929688,79.91000366210938,79.94000244140625,79.94000244140625,890800,USD,NYQ,America/New_York,Yahoo Finance
WAL,2026-09-09,79.19000244140625,79.86000061035156,78.41000366210938,79.66000366210938,79.66000366210938,1131900,USD,NYQ,America/New_York,Yahoo Finance
WAL,2026-09-10,79.41000366210938,79.81999969482422,77.88999938964844,79.27999877929688,79.27999877929688,953300,USD,NYQ,America/New_York,Yahoo Finance
WAL,2026-09-11,80.37000274658203,80.63999938964844,77.83000183105469,79.29000091552734,79.29000091552734,588000,USD,NYQ,America/New_York,Yahoo Finance
WAL,2026-09-14,78.80999755859375,80.73999786376953,78.58999633789062,79.18000030517578,79.18000030517578,959300,USD,NYQ,America/New_York,Yahoo Finance
WAL,2026-09-15,79.44000244140625,80.48999786376953,78.73999786376953,79.02999877929688,79.02999877929688,710300,USD,NYQ,America/New_York,Yahoo Finance
WAL,2026-09-16,78.91999816894531,81.25,76.58999633789062,77.80000305175781,77.80000305175781,2377800,USD,NYQ,America/New_York,Yahoo Finance
WAL,2026-09-17,80.70999908447266,80.70999908447266,78.4000015258789,79.43000030517578,79.43000030517578,1217300,USD,NYQ,America/New_York,Yahoo Finance
WAL,2026-09-18,79.0999984741211,79.2699966430664,77.54000091552734,78.54000091552734,78.54000091552734,2450400,USD,NYQ,America/New_York,Yahoo Finance
WAL,2026-09-21,79.16000366210938,79.16000366210938,77.79000091552734,78.6500015258789,78.6500015258789,850400,USD,NYQ,America/New_York,Yahoo Finance
WAL,2026-09-22,79.12000274658203,79.69000244140625,77.2699966430664,77.75,77.75,1142100,USD,NYQ,America/New_York,Yahoo Finance
WAL,2026-09-23,77.51000213623047,78.19999694824219,75.55000305175781,75.5999984741211,75.5999984741211,1012700,USD,NYQ,America/New_York,Yahoo Finance
WAL,2026-09-24,75.94999694824219,76.43000030517578,74.5999984741211,76.26000213623047,76.26000213623047,904000,USD,NYQ,America/New_York,Yahoo Finance
WAL,2026-09-25,76.83999633789062,78.4000015258789,76.52999877929688,77.61000061035156,77.61000061035156,1106600,USD,NYQ,America/New_York,Yahoo Finance
WAL,2026-09-28,77.26000213623047,77.38999938964844,76.26000213623047,76.55000305175781,76.55000305175781,922600,USD,NYQ,America/New_York,Yahoo Finance
WPM,2026-08-17,135.36000061035156,137.57000732421875,134.33999633789062,136.61000061035156,136.42930603027344,1695600,USD,NYQ,America/New_York,Yahoo Finance
WPM,2026-08-18,134.0399932861328,135.2899932861328,131.75999450683594,132.6999969482422,132.52447509765625,1826600,USD,NYQ,America/New_York,Yahoo Finance
WPM,2026-08-19,139.57000732421875,147.69000244140625,138.5,147.42999267578125,147.2349853515625,6607800,USD,NYQ,America/New_York,Yahoo Finance
WPM,2026-08-20,144.5399932861328,150.69000244140625,144.52999877929688,150.25,150.25,2584200,USD,NYQ,America/New_York,Yahoo Finance
WPM,2026-08-21,154.6999969482422,158.27999877929688,153.5800018310547,157.77999877929688,157.77999877929688,3299300,USD,NYQ,America/New_York,Yahoo Finance
WPM,2026-08-24,159.5,161.1300048828125,157.77999877929688,160.19000244140625,160.19000244140625,2842900,USD,NYQ,America/New_York,Yahoo Finance
WPM,2026-08-25,156.50999450683594,163.89999389648438,156.0,163.72000122070312,163.72000122070312,2410700,USD,NYQ,America/New_York,Yahoo Finance
WPM,2026-08-26,160.92999267578125,161.4499969482422,155.55999755859375,156.02000427246094,156.02000427246094,2775700,USD,NYQ,America/New_York,Yahoo Finance
WPM,2026-08-27,155.88999938964844,158.77999877929688,154.2899932861328,157.99000549316406,157.99000549316406,1734700,USD,NYQ,America/New_York,Yahoo Finance
WPM,2026-08-28,158.8800048828125,160.4600067138672,150.25,153.3300018310547,153.3300018310547,2529900,USD,NYQ,America/New_York,Yahoo Finance
WPM,2026-08-31,153.22999572753906,153.22999572753906,147.75,150.8300018310547,150.8300018310547,2226500,USD,NYQ,America/New_York,Yahoo Finance
WPM,2026-09-01,146.0,149.74000549316406,144.02999877929688,144.92999267578125,144.92999267578125,2650200,USD,NYQ,America/New_York,Yahoo Finance
WPM,2026-09-02,148.88999938964844,152.17999267578125,148.32000732421875,150.91000366210938,150.91000366210938,1593100,USD,NYQ,America/New_York,Yahoo Finance
WPM,2026-09-03,155.85000610351562,157.44000244140625,152.58999633789062,156.6300048828125,156.6300048828125,3232000,USD,NYQ,America/New_York,Yahoo Finance
WPM,2026-09-04,154.97999572753906,156.3800048828125,152.38999938964844,154.97999572753906,154.97999572753906,2126100,USD,NYQ,America/New_York,Yahoo Finance
WPM,2026-09-08,154.5399932861328,156.6199951171875,153.8699951171875,155.11000061035156,155.11000061035156,1489000,USD,NYQ,America/New_York,Yahoo Finance
WPM,2026-09-09,157.9499969482422,160.99000549316406,156.27999877929688,156.75999450683594,156.75999450683594,1659600,USD,NYQ,America/New_York,Yahoo Finance
WPM,2026-09-10,151.36000061035156,153.3800048828125,150.33999633789062,150.97999572753906,150.97999572753906,1395400,USD,NYQ,America/New_York,Yahoo Finance
WPM,2026-09-11,153.89999389648438,155.6300048828125,152.8699951171875,154.1199951171875,154.1199951171875,1203200,USD,NYQ,America/New_York,Yahoo Finance
WPM,2026-09-14,148.25999450683594,150.89999389648438,147.38999938964844,149.6699981689453,149.6699981689453,1542800,USD,NYQ,America/New_York,Yahoo Finance
WPM,2026-09-15,150.10000610351562,150.4199981689453,147.24000549316406,150.02000427246094,150.02000427246094,1321200,USD,NYQ,America/New_York,Yahoo Finance
WPM,2026-09-16,151.9499969482422,153.22000122070312,144.05999755859375,146.72999572753906,146.72999572753906,1480100,USD,NYQ,America/New_York,Yahoo Finance
WPM,2026-09-17,152.0,153.1300048828125,149.38999938964844,152.1999969482422,152.1999969482422,1156100,USD,NYQ,America/New_York,Yahoo Finance
WPM,2026-09-18,153.02999877929688,153.02999877929688,149.1699981689453,151.00999450683594,151.00999450683594,1586600,USD,NYQ,America/New_York,Yahoo Finance
WPM,2026-09-21,152.0,152.0,146.11000061035156,147.66000366210938,147.66000366210938,1454400,USD,NYQ,America/New_York,Yahoo Finance
WPM,2026-09-22,148.10000610351562,154.9600067138672,147.8000030517578,153.80999755859375,153.80999755859375,2223200,USD,NYQ,America/New_York,Yahoo Finance
WPM,2026-09-23,149.67999267578125,149.94000244140625,145.22999572753906,145.4499969482422,145.4499969482422,2223100,USD,NYQ,America/New_York,Yahoo Finance
WPM,2026-09-24,144.05999755859375,144.66000366210938,141.7100067138672,143.8800048828125,143.8800048828125,2283200,USD,NYQ,America/New_York,Yahoo Finance
WPM,2026-09-25,143.9499969482422,144.66000366210938,141.89999389648438,142.9199981689453,142.9199981689453,1955100,USD,NYQ,America/New_York,Yahoo Finance
WPM,2026-09-28,135.8699951171875,138.6199951171875,134.07000732421875,135.6199951171875,135.6199951171875,3205200,USD,NYQ,America/New_York,Yahoo Finance
WRBY,2026-08-17,25.989999771118164,26.739999771118164,25.079999923706055,25.600000381469727,25.600000381469727,2208600,USD,NYQ,America/New_York,Yahoo Finance
WRBY,2026-08-18,25.360000610351562,26.31999969482422,25.190000534057617,25.610000610351562,25.610000610351562,2033700,USD,NYQ,America/New_York,Yahoo Finance
WRBY,2026-08-19,25.969999313354492,28.700000762939453,25.829999923706055,28.5,28.5,2633900,USD,NYQ,America/New_York,Yahoo Finance
WRBY,2026-08-20,27.860000610351562,28.424999237060547,26.815000534057617,27.459999084472656,27.459999084472656,3045900,USD,NYQ,America/New_York,Yahoo Finance
WRBY,2026-08-21,27.809999465942383,28.09000015258789,27.06999969482422,27.440000534057617,27.440000534057617,1648100,USD,NYQ,America/New_York,Yahoo Finance
WRBY,2026-08-24,27.280000686645508,27.854999542236328,25.940000534057617,26.209999084472656,26.209999084472656,2076700,USD,NYQ,America/New_York,Yahoo Finance
WRBY,2026-08-25,26.5,26.676000595092773,25.40999984741211,26.0,26.0,1916400,USD,NYQ,America/New_York,Yahoo Finance
WRBY,2026-08-26,25.950000762939453,26.290000915527344,25.225000381469727,25.479999542236328,25.479999542236328,1673800,USD,NYQ,America/New_York,Yahoo Finance
WRBY,2026-08-27,25.690000534057617,26.239999771118164,25.260000228881836,25.270000457763672,25.270000457763672,1288000,USD,NYQ,America/New_York,Yahoo Finance
WRBY,2026-08-28,25.239999771118164,25.90999984741211,24.989999771118164,25.0,25.0,1605900,USD,NYQ,America/New_York,Yahoo Finance
WRBY,2026-08-31,24.920000076293945,25.3700008392334,24.25,24.600000381469727,24.600000381469727,2304200,USD,NYQ,America/New_York,Yahoo Finance
WRBY,2026-09-01,24.15999984741211,24.579999923706055,23.6299991607666,24.190000534057617,24.190000534057617,2001200,USD,NYQ,America/New_York,Yahoo Finance
WRBY,2026-09-02,24.100000381469727,24.579999923706055,23.90999984741211,23.90999984741211,23.90999984741211,1975500,USD,NYQ,America/New_York,Yahoo Finance
WRBY,2026-09-03,24.389999389648438,24.55900001525879,23.264999389648438,23.290000915527344,23.290000915527344,2595200,USD,NYQ,America/New_York,Yahoo Finance
WRBY,2026-09-04,23.0,24.43000030517578,22.84000015258789,24.350000381469727,24.350000381469727,3054400,USD,NYQ,America/New_York,Yahoo Finance
WRBY,2026-09-08,24.5,24.920000076293945,23.809999465942383,24.760000228881836,24.760000228881836,2872700,USD,NYQ,America/New_York,Yahoo Finance
WRBY,2026-09-09,24.709999084472656,24.739999771118164,23.5,24.56999969482422,24.56999969482422,2792900,USD,NYQ,America/New_York,Yahoo Finance
WRBY,2026-09-10,24.0,24.55500030517578,23.670000076293945,24.299999237060547,24.299999237060547,2322600,USD,NYQ,America/New_York,Yahoo Finance
WRBY,2026-09-11,24.850000381469727,25.899999618530273,24.674999237060547,24.709999084472656,24.709999084472656,2011800,USD,NYQ,America/New_York,Yahoo Finance
WRBY,2026-09-14,24.6200008392334,25.989999771118164,24.44499969482422,25.709999084472656,25.709999084472656,3386000,USD,NYQ,America/New_York,Yahoo Finance
WRBY,2026-09-15,25.65999984741211,25.65999984741211,24.0,24.34000015258789,24.34000015258789,2875000,USD,NYQ,America/New_York,Yahoo Finance
WRBY,2026-09-16,24.579999923706055,24.790000915527344,23.440000534057617,23.549999237060547,23.549999237060547,3467500,USD,NYQ,America/New_York,Yahoo Finance
WRBY,2026-09-17,24.200000762939453,24.43000030517578,23.582000732421875,24.18000030517578,24.18000030517578,2125600,USD,NYQ,America/New_York,Yahoo Finance
WRBY,2026-09-18,24.350000381469727,24.459999084472656,22.469999313354492,22.5,22.5,4808400,USD,NYQ,America/New_York,Yahoo Finance
WRBY,2026-09-21,22.860000610351562,23.979999542236328,22.854999542236328,23.25,23.25,4109000,USD,NYQ,America/New_York,Yahoo Finance
WRBY,2026-09-22,23.5,23.950000762939453,22.670000076293945,22.940000534057617,22.940000534057617,3643400,USD,NYQ,America/New_York,Yahoo Finance
WRBY,2026-09-23,22.90999984741211,23.549999237060547,22.40999984741211,23.350000381469727,23.350000381469727,2814300,USD,NYQ,America/New_York,Yahoo Finance
WRBY,2026-09-24,23.18000030517578,26.950000762939453,23.0,26.270000457763672,26.270000457763672,8428200,USD,NYQ,America/New_York,Yahoo Finance
WRBY,2026-09-25,26.270000457763672,26.899999618530273,25.489999771118164,26.709999084472656,26.709999084472656,3833000,USD,NYQ,America/New_York,Yahoo Finance
WRBY,2026-09-28,26.0,26.219999313354492,24.389999389648438,24.65999984741211,24.65999984741211,3249600,USD,NYQ,America/New_York,Yahoo Finance
WSO,2026-08-17,311.57000732421875,313.57000732421875,308.67999267578125,311.8599853515625,311.8599853515625,466000,USD,NYQ,America/New_York,Yahoo Finance
WSO,2026-08-18,311.0,316.19000244140625,309.739990234375,313.6499938964844,313.6499938964844,348400,USD,NYQ,America/New_York,Yahoo Finance
WSO,2026-08-19,318.989990234375,323.8900146484375,315.8800048828125,319.6400146484375,319.6400146484375,402500,USD,NYQ,America/New_York,Yahoo Finance
WSO,2026-08-20,313.260009765625,320.1199951171875,312.04998779296875,314.45001220703125,314.45001220703125,296600,USD,NYQ,America/New_York,Yahoo Finance
WSO,2026-08-21,315.19000244140625,318.3399963378906,311.32000732421875,311.94000244140625,311.94000244140625,435500,USD,NYQ,America/New_York,Yahoo Finance
WSO,2026-08-24,312.3599853515625,316.3900146484375,309.4700012207031,310.79998779296875,310.79998779296875,296600,USD,NYQ,America/New_York,Yahoo Finance
WSO,2026-08-25,312.510009765625,313.45001220703125,295.75,302.2900085449219,302.2900085449219,1179600,USD,NYQ,America/New_York,Yahoo Finance
WSO,2026-08-26,303.9800109863281,315.6499938964844,303.0,314.3900146484375,314.3900146484375,450500,USD,NYQ,America/New_York,Yahoo Finance
WSO,2026-08-27,313.1700134277344,315.6000061035156,306.8999938964844,313.04998779296875,313.04998779296875,651300,USD,NYQ,America/New_York,Yahoo Finance
WSO,2026-08-28,315.9599914550781,319.5400085449219,306.1199951171875,310.760009765625,310.760009765625,416100,USD,NYQ,America/New_York,Yahoo Finance
WSO,2026-08-31,309.54998779296875,311.5,306.92999267578125,309.82000732421875,309.82000732421875,649200,USD,NYQ,America/New_York,Yahoo Finance
WSO,2026-09-01,305.0199890136719,315.1199951171875,305.0199890136719,314.9800109863281,314.9800109863281,730700,USD,NYQ,America/New_York,Yahoo Finance
WSO,2026-09-02,313.6300048828125,316.92999267578125,305.9200134277344,308.9200134277344,308.9200134277344,550100,USD,NYQ,America/New_York,Yahoo Finance
WSO,2026-09-03,310.9100036621094,316.5799865722656,307.010009765625,315.3800048828125,315.3800048828125,378400,USD,NYQ,America/New_York,Yahoo Finance
WSO,2026-09-04,315.1000061035156,318.32000732421875,312.9100036621094,315.1300048828125,315.1300048828125,281400,USD,NYQ,America/New_York,Yahoo Finance
WSO,2026-09-08,316.8699951171875,319.9700012207031,315.3800048828125,316.0199890136719,316.0199890136719,402600,USD,NYQ,America/New_York,Yahoo Finance
WSO,2026-09-09,313.2099914550781,316.55999755859375,309.42999267578125,309.75,309.75,328500,USD,NYQ,America/New_York,Yahoo Finance
WSO,2026-09-10,307.010009765625,312.9599914550781,303.3800048828125,310.8999938964844,310.8999938964844,373500,USD,NYQ,America/New_York,Yahoo Finance
WSO,2026-09-11,314.32000732421875,318.29998779296875,313.44000244140625,314.2200012207031,314.2200012207031,323300,USD,NYQ,America/New_York,Yahoo Finance
WSO,2026-09-14,310.9200134277344,315.07000732421875,306.8699951171875,311.5799865722656,311.5799865722656,451300,USD,NYQ,America/New_York,Yahoo Finance
WSO,2026-09-15,311.4800109863281,311.5899963378906,302.239990234375,302.6600036621094,302.6600036621094,358500,USD,NYQ,America/New_York,Yahoo Finance
WSO,2026-09-16,304.8299865722656,310.7900085449219,301.95001220703125,304.20001220703125,304.20001220703125,443200,USD,NYQ,America/New_York,Yahoo Finance
WSO,2026-09-17,309.9800109863281,311.7799987792969,302.8800048828125,305.3599853515625,305.3599853515625,424800,USD,NYQ,America/New_York,Yahoo Finance
WSO,2026-09-18,306.5199890136719,314.29998779296875,304.0899963378906,311.7699890136719,311.7699890136719,1069000,USD,NYQ,America/New_York,Yahoo Finance
WSO,2026-09-21,313.4599914550781,321.8500061035156,309.7200012207031,317.69000244140625,317.69000244140625,560000,USD,NYQ,America/New_York,Yahoo Finance
WSO,2026-09-22,316.8800048828125,326.79998779296875,314.4700012207031,325.5799865722656,325.5799865722656,466300,USD,NYQ,America/New_York,Yahoo Finance
WSO,2026-09-23,324.5799865722656,329.5799865722656,324.5,325.3699951171875,325.3699951171875,449900,USD,NYQ,America/New_York,Yahoo Finance
WSO,2026-09-24,324.7699890136719,326.7099914550781,319.54998779296875,320.2099914550781,320.2099914550781,388900,USD,NYQ,America/New_York,Yahoo Finance
WSO,2026-09-25,319.7799987792969,322.9200134277344,316.239990234375,317.2300109863281,317.2300109863281,514300,USD,NYQ,America/New_York,Yahoo Finance
WSO,2026-09-28,315.0,317.05999755859375,310.1000061035156,313.2200012207031,313.2200012207031,521400,USD,NYQ,America/New_York,Yahoo Finance
WWW,2026-08-17,20.979999542236328,20.979999542236328,19.3799991607666,19.829999923706055,19.829999923706055,1145500,USD,NYQ,America/New_York,Yahoo Finance
WWW,2026-08-18,19.950000762939453,20.5,19.8799991607666,19.989999771118164,19.989999771118164,1122600,USD,NYQ,America/New_York,Yahoo Finance
WWW,2026-08-19,20.079999923706055,20.850000381469727,20.079999923706055,20.850000381469727,20.850000381469727,725600,USD,NYQ,America/New_York,Yahoo Finance
WWW,2026-08-20,20.149999618530273,20.549999237060547,19.850000381469727,20.450000762939453,20.450000762939453,700100,USD,NYQ,America/New_York,Yahoo Finance
WWW,2026-08-21,20.31999969482422,21.079999923706055,20.31999969482422,20.959999084472656,20.959999084472656,662700,USD,NYQ,America/New_York,Yahoo Finance
WWW,2026-08-24,21.200000762939453,21.469999313354492,20.600000381469727,20.8700008392334,20.8700008392334,768000,USD,NYQ,America/New_York,Yahoo Finance
WWW,2026-08-25,20.709999084472656,20.790000915527344,20.200000762939453,20.469999313354492,20.469999313354492,694900,USD,NYQ,America/New_York,Yahoo Finance
WWW,2026-08-26,20.56999969482422,20.68000030517578,20.079999923706055,20.100000381469727,20.100000381469727,574300,USD,NYQ,America/New_York,Yahoo Finance
WWW,2026-08-27,20.06999969482422,20.149999618530273,19.709999084472656,19.760000228881836,19.760000228881836,455100,USD,NYQ,America/New_York,Yahoo Finance
WWW,2026-08-28,19.93000030517578,20.56999969482422,19.93000030517578,20.34000015258789,20.34000015258789,525200,USD,NYQ,America/New_York,Yahoo Finance
WWW,2026-08-31,20.459999084472656,20.459999084472656,19.639999389648438,19.729999542236328,19.729999542236328,670600,USD,NYQ,America/New_York,Yahoo Finance
WWW,2026-09-01,19.729999542236328,20.110000610351562,19.239999771118164,19.329999923706055,19.329999923706055,751500,USD,NYQ,America/New_York,Yahoo Finance
WWW,2026-09-02,19.559999465942383,19.84000015258789,19.270000457763672,19.280000686645508,19.280000686645508,744200,USD,NYQ,America/New_York,Yahoo Finance
WWW,2026-09-03,19.65999984741211,19.65999984741211,19.100000381469727,19.549999237060547,19.549999237060547,520300,USD,NYQ,America/New_York,Yahoo Finance
WWW,2026-09-04,19.5,20.889999389648438,19.43000030517578,20.760000228881836,20.760000228881836,1721100,USD,NYQ,America/New_York,Yahoo Finance
WWW,2026-09-08,20.770000457763672,20.770000457763672,19.809999465942383,20.049999237060547,20.049999237060547,682200,USD,NYQ,America/New_York,Yahoo Finance
WWW,2026-09-09,19.899999618530273,20.200000762939453,19.540000915527344,19.59000015258789,19.59000015258789,556300,USD,NYQ,America/New_York,Yahoo Finance
WWW,2026-09-10,19.469999313354492,19.600000381469727,19.18000030517578,19.290000915527344,19.290000915527344,481700,USD,NYQ,America/New_York,Yahoo Finance
WWW,2026-09-11,19.649999618530273,20.059999465942383,19.5,19.93000030517578,19.93000030517578,646300,USD,NYQ,America/New_York,Yahoo Finance
WWW,2026-09-14,19.739999771118164,20.030000686645508,19.440000534057617,19.530000686645508,19.530000686645508,660600,USD,NYQ,America/New_York,Yahoo Finance
WWW,2026-09-15,19.469999313354492,19.68000030517578,18.950000762939453,19.1200008392334,19.1200008392334,677900,USD,NYQ,America/New_York,Yahoo Finance
WWW,2026-09-16,18.90999984741211,19.780000686645508,18.90999984741211,19.290000915527344,19.290000915527344,916100,USD,NYQ,America/New_York,Yahoo Finance
WWW,2026-09-17,19.709999084472656,19.739999771118164,19.329999923706055,19.34000015258789,19.34000015258789,476400,USD,NYQ,America/New_York,Yahoo Finance
WWW,2026-09-18,19.290000915527344,19.350000381469727,18.889999389648438,18.93000030517578,18.93000030517578,1268900,USD,NYQ,America/New_York,Yahoo Finance
WWW,2026-09-21,19.06999969482422,19.610000610351562,18.8700008392334,19.479999542236328,19.479999542236328,521600,USD,NYQ,America/New_York,Yahoo Finance
WWW,2026-09-22,20.0,20.389999389648438,19.6200008392334,19.8700008392334,19.8700008392334,535400,USD,NYQ,America/New_York,Yahoo Finance
WWW,2026-09-23,19.770000457763672,19.770000457763672,19.100000381469727,19.110000610351562,19.110000610351562,355000,USD,NYQ,America/New_York,Yahoo Finance
WWW,2026-09-24,19.239999771118164,19.43000030517578,18.84000015258789,19.299999237060547,19.299999237060547,720300,USD,NYQ,America/New_York,Yahoo Finance
WWW,2026-09-25,19.239999771118164,19.59000015258789,19.049999237060547,19.06999969482422,19.06999969482422,582300,USD,NYQ,America/New_York,Yahoo Finance
WWW,2026-09-28,19.010000228881836,19.399999618530273,18.90999984741211,19.1299991607666,19.1299991607666,645400,USD,NYQ,America/New_York,Yahoo Finance
XPRO,2026-08-17,18.81999969482422,18.8799991607666,18.420000076293945,18.56999969482422,18.56999969482422,759500,USD,NYQ,America/New_York,Yahoo Finance
XPRO,2026-08-18,18.56999969482422,18.770000457763672,18.190000534057617,18.3700008392334,18.3700008392334,769100,USD,NYQ,America/New_York,Yahoo Finance
XPRO,2026-08-19,18.700000762939453,19.139999389648438,18.389999389648438,18.959999084472656,18.959999084472656,879700,USD,NYQ,America/New_York,Yahoo Finance
XPRO,2026-08-20,19.200000762939453,19.229999542236328,18.270000457763672,18.40999984741211,18.40999984741211,858100,USD,NYQ,America/New_York,Yahoo Finance
XPRO,2026-08-21,18.3700008392334,18.889999389648438,18.1200008392334,18.219999313354492,18.219999313354492,966100,USD,NYQ,America/New_York,Yahoo Finance
XPRO,2026-08-24,18.010000228881836,18.020000457763672,17.59000015258789,17.90999984741211,17.90999984741211,452500,USD,NYQ,America/New_York,Yahoo Finance
XPRO,2026-08-25,17.84000015258789,17.989999771118164,17.600000381469727,17.6200008392334,17.6200008392334,675000,USD,NYQ,America/New_York,Yahoo Finance
XPRO,2026-08-26,17.559999465942383,17.6299991607666,17.1200008392334,17.549999237060547,17.549999237060547,809700,USD,NYQ,America/New_York,Yahoo Finance
XPRO,2026-08-27,17.440000534057617,18.219999313354492,17.25,18.06999969482422,18.06999969482422,955400,USD,NYQ,America/New_York,Yahoo Finance
XPRO,2026-08-28,17.940000534057617,18.06999969482422,17.489999771118164,17.610000610351562,17.610000610351562,828100,USD,NYQ,America/New_York,Yahoo Finance
XPRO,2026-08-31,18.049999237060547,18.829999923706055,17.899999618530273,18.1200008392334,18.1200008392334,819300,USD,NYQ,America/New_York,Yahoo Finance
XPRO,2026-09-01,18.079999923706055,18.1299991607666,17.559999465942383,17.6200008392334,17.6200008392334,699300,USD,NYQ,America/New_York,Yahoo Finance
XPRO,2026-09-02,17.3799991607666,18.6200008392334,16.940000534057617,18.450000762939453,18.450000762939453,1322100,USD,NYQ,America/New_York,Yahoo Finance
XPRO,2026-09-03,18.559999465942383,18.719999313354492,17.850000381469727,17.899999618530273,17.899999618530273,776700,USD,NYQ,America/New_York,Yahoo Finance
XPRO,2026-09-04,17.690000534057617,17.989999771118164,17.3700008392334,17.959999084472656,17.959999084472656,556000,USD,NYQ,America/New_York,Yahoo Finance
XPRO,2026-09-08,18.260000228881836,18.360000610351562,17.889999389648438,18.100000381469727,18.100000381469727,812500,USD,NYQ,America/New_York,Yahoo Finance
XPRO,2026-09-09,18.389999389648438,18.6200008392334,17.989999771118164,18.190000534057617,18.190000534057617,742500,USD,NYQ,America/New_York,Yahoo Finance
XPRO,2026-09-10,18.239999771118164,18.239999771118164,17.3700008392334,17.56999969482422,17.56999969482422,698800,USD,NYQ,America/New_York,Yahoo Finance
XPRO,2026-09-11,17.8700008392334,17.8700008392334,17.389999389648438,17.579999923706055,17.579999923706055,487000,USD,NYQ,America/New_York,Yahoo Finance
XPRO,2026-09-14,17.520000457763672,17.579999923706055,16.959999084472656,17.200000762939453,17.200000762939453,759500,USD,NYQ,America/New_York,Yahoo Finance
XPRO,2026-09-15,17.270000457763672,17.530000686645508,17.059999465942383,17.43000030517578,17.43000030517578,1095700,USD,NYQ,America/New_York,Yahoo Finance
XPRO,2026-09-16,17.3799991607666,17.389999389648438,16.010000228881836,16.440000534057617,16.440000534057617,1084700,USD,NYQ,America/New_York,Yahoo Finance
XPRO,2026-09-17,16.59000015258789,16.610000610351562,16.34000015258789,16.399999618530273,16.399999618530273,794600,USD,NYQ,America/New_York,Yahoo Finance
XPRO,2026-09-18,16.34000015258789,16.530000686645508,16.040000915527344,16.459999084472656,16.459999084472656,1623100,USD,NYQ,America/New_York,Yahoo Finance
XPRO,2026-09-21,16.239999771118164,16.670000076293945,16.010000228881836,16.40999984741211,16.40999984741211,554900,USD,NYQ,America/New_York,Yahoo Finance
XPRO,2026-09-22,16.299999237060547,16.739999771118164,16.06999969482422,16.3799991607666,16.3799991607666,704400,USD,NYQ,America/New_York,Yahoo Finance
XPRO,2026-09-23,16.389999389648438,16.809999465942383,16.219999313354492,16.510000228881836,16.510000228881836,433900,USD,NYQ,America/New_York,Yahoo Finance
XPRO,2026-09-24,16.700000762939453,16.829999923706055,16.309999465942383,16.719999313354492,16.719999313354492,658700,USD,NYQ,America/New_York,Yahoo Finance
XPRO,2026-09-25,16.579999923706055,17.200000762939453,16.329999923706055,16.329999923706055,16.329999923706055,614500,USD,NYQ,America/New_York,Yahoo Finance
XPRO,2026-09-28,16.489999771118164,16.59000015258789,16.010000228881836,16.31999969482422,16.31999969482422,1078700,USD,NYQ,America/New_York,Yahoo Finance
XZO,2026-08-17,15.199999809265137,15.699999809265137,15.170000076293945,15.489999771118164,15.489999771118164,210400,USD,NYQ,America/New_York,Yahoo Finance
XZO,2026-08-18,15.579999923706055,16.440000534057617,15.369999885559082,16.139999389648438,16.139999389648438,274200,USD,NYQ,America/New_York,Yahoo Finance
XZO,2026-08-19,16.0,16.270000457763672,15.605999946594238,16.06999969482422,16.06999969482422,116600,USD,NYQ,America/New_York,Yahoo Finance
XZO,2026-08-20,15.979999542236328,16.18000030517578,15.649999618530273,16.18000030517578,16.18000030517578,170300,USD,NYQ,America/New_York,Yahoo Finance
XZO,2026-08-21,16.25,17.030000686645508,15.960000038146973,16.8700008392334,16.8700008392334,177900,USD,NYQ,America/New_York,Yahoo Finance
XZO,2026-08-24,16.899999618530273,17.75,16.899999618530273,17.459999084472656,17.459999084472656,142800,USD,NYQ,America/New_York,Yahoo Finance
XZO,2026-08-25,17.510000228881836,17.565000534057617,17.0,17.1299991607666,17.1299991607666,236800,USD,NYQ,America/New_York,Yahoo Finance
XZO,2026-08-26,16.959999084472656,17.30500030517578,16.540000915527344,16.65999984741211,16.65999984741211,272600,USD,NYQ,America/New_York,Yahoo Finance
XZO,2026-08-27,16.5,17.110000610351562,16.420000076293945,16.549999237060547,16.549999237060547,192300,USD,NYQ,America/New_York,Yahoo Finance
XZO,2026-08-28,16.43000030517578,17.145000457763672,16.40999984741211,16.889999389648438,16.889999389648438,165300,USD,NYQ,America/New_York,Yahoo Finance
XZO,2026-08-31,16.739999771118164,17.020000457763672,16.579999923706055,16.780000686645508,16.780000686645508,178000,USD,NYQ,America/New_York,Yahoo Finance
XZO,2026-09-01,16.579999923706055,16.825000762939453,16.290000915527344,16.549999237060547,16.549999237060547,157400,USD,NYQ,America/New_York,Yahoo Finance
XZO,2026-09-02,16.670000076293945,16.93000030517578,16.420000076293945,16.479999542236328,16.479999542236328,179300,USD,NYQ,America/New_York,Yahoo Finance
XZO,2026-09-03,16.729999542236328,17.110000610351562,16.65999984741211,16.760000228881836,16.760000228881836,191100,USD,NYQ,America/New_York,Yahoo Finance
XZO,2026-09-04,16.639999389648438,16.639999389648438,15.850000381469727,16.549999237060547,16.549999237060547,197900,USD,NYQ,America/New_York,Yahoo Finance
XZO,2026-09-08,16.5,16.600000381469727,16.059999465942383,16.1299991607666,16.1299991607666,327500,USD,NYQ,America/New_York,Yahoo Finance
XZO,2026-09-09,15.979999542236328,16.1200008392334,15.5,16.0,16.0,309000,USD,NYQ,America/New_York,Yahoo Finance
XZO,2026-09-10,15.899999618530273,16.200000762939453,15.65999984741211,15.779999732971191,15.779999732971191,218300,USD,NYQ,America/New_York,Yahoo Finance
XZO,2026-09-11,15.9399995803833,16.31999969482422,15.800000190734863,16.020000457763672,16.020000457763672,192700,USD,NYQ,America/New_York,Yahoo Finance
XZO,2026-09-14,16.239999771118164,16.719999313354492,16.239999771118164,16.350000381469727,16.350000381469727,206600,USD,NYQ,America/New_York,Yahoo Finance
XZO,2026-09-15,16.1200008392334,16.950000762939453,16.1200008392334,16.649999618530273,16.649999618530273,305300,USD,NYQ,America/New_York,Yahoo Finance
XZO,2026-09-16,16.559999465942383,17.0,16.040000915527344,16.420000076293945,16.420000076293945,345000,USD,NYQ,America/New_York,Yahoo Finance
XZO,2026-09-17,16.420000076293945,16.719999313354492,16.21500015258789,16.59000015258789,16.59000015258789,350600,USD,NYQ,America/New_York,Yahoo Finance
XZO,2026-09-18,16.540000915527344,17.100000381469727,16.350000381469727,16.559999465942383,16.559999465942383,1725000,USD,NYQ,America/New_York,Yahoo Finance
XZO,2026-09-21,16.559999465942383,16.93000030517578,16.299999237060547,16.75,16.75,306000,USD,NYQ,America/New_York,Yahoo Finance
XZO,2026-09-22,16.6299991607666,16.959999084472656,15.800000190734863,16.530000686645508,16.530000686645508,438700,USD,NYQ,America/New_York,Yahoo Finance
XZO,2026-09-23,16.360000610351562,16.579999923706055,15.239999771118164,15.3100004196167,15.3100004196167,324800,USD,NYQ,America/New_York,Yahoo Finance
XZO,2026-09-24,15.380000114440918,15.835000038146973,15.270000457763672,15.649999618530273,15.649999618530273,280200,USD,NYQ,America/New_York,Yahoo Finance
XZO,2026-09-25,15.539999961853027,15.758000373840332,15.1899995803833,15.210000038146973,15.210000038146973,151100,USD,NYQ,America/New_York,Yahoo Finance
XZO,2026-09-28,15.229999542236328,15.229999542236328,14.6899995803833,15.09000015258789,15.09000015258789,208900,USD,NYQ,America/New_York,Yahoo Finance
YETI,2026-08-17,43.79999923706055,44.33000183105469,42.959999084472656,43.0,43.0,2447900,USD,NYQ,America/New_York,Yahoo Finance
YETI,2026-08-18,43.13999938964844,44.20000076293945,42.7400016784668,43.2400016784668,43.2400016784668,1705400,USD,NYQ,America/New_York,Yahoo Finance
YETI,2026-08-19,43.86000061035156,44.27000045776367,43.2400016784668,44.08000183105469,44.08000183105469,1572300,USD,NYQ,America/New_York,Yahoo Finance
YETI,2026-08-20,43.52000045776367,44.040000915527344,43.02000045776367,44.0,44.0,1836400,USD,NYQ,America/New_York,Yahoo Finance
YETI,2026-08-21,43.939998626708984,44.400001525878906,43.029998779296875,43.7599983215332,43.7599983215332,1904100,USD,NYQ,America/New_York,Yahoo Finance
YETI,2026-08-24,44.04999923706055,44.13999938964844,43.0,43.08000183105469,43.08000183105469,1334600,USD,NYQ,America/New_York,Yahoo Finance
YETI,2026-08-25,43.619998931884766,43.619998931884766,42.279998779296875,42.58000183105469,42.58000183105469,1619300,USD,NYQ,America/New_York,Yahoo Finance
YETI,2026-08-26,42.470001220703125,43.599998474121094,41.72999954223633,41.779998779296875,41.779998779296875,1594100,USD,NYQ,America/New_York,Yahoo Finance
YETI,2026-08-27,41.650001525878906,42.41999816894531,41.529998779296875,41.84000015258789,41.84000015258789,1610300,USD,NYQ,America/New_York,Yahoo Finance
YETI,2026-08-28,41.9900016784668,42.68000030517578,41.459999084472656,41.56999969482422,41.56999969482422,1574300,USD,NYQ,America/New_York,Yahoo Finance
YETI,2026-08-31,41.2400016784668,41.5099983215332,40.63999938964844,41.04999923706055,41.04999923706055,1257900,USD,NYQ,America/New_York,Yahoo Finance
YETI,2026-09-01,40.209999084472656,40.66999816894531,39.83000183105469,40.15999984741211,40.15999984741211,1507100,USD,NYQ,America/New_York,Yahoo Finance
YETI,2026-09-02,40.25,41.63999938964844,40.25,41.45000076293945,41.45000076293945,1689500,USD,NYQ,America/New_York,Yahoo Finance
YETI,2026-09-03,41.459999084472656,41.95000076293945,41.150001525878906,41.43000030517578,41.43000030517578,1058600,USD,NYQ,America/New_York,Yahoo Finance
YETI,2026-09-04,41.849998474121094,41.849998474121094,40.75,40.81999969482422,40.81999969482422,1288800,USD,NYQ,America/New_York,Yahoo Finance
YETI,2026-09-08,40.560001373291016,41.0099983215332,40.279998779296875,40.7400016784668,40.7400016784668,1399300,USD,NYQ,America/New_York,Yahoo Finance
YETI,2026-09-09,40.95000076293945,40.95000076293945,40.0,40.5099983215332,40.5099983215332,1372500,USD,NYQ,America/New_York,Yahoo Finance
YETI,2026-09-10,41.029998779296875,41.099998474121094,39.040000915527344,39.470001220703125,39.470001220703125,1734800,USD,NYQ,America/New_York,Yahoo Finance
YETI,2026-09-11,40.20000076293945,40.56999969482422,39.869998931884766,40.2599983215332,40.2599983215332,1635200,USD,NYQ,America/New_York,Yahoo Finance
YETI,2026-09-14,40.599998474121094,41.2400016784668,40.279998779296875,40.83000183105469,40.83000183105469,1669200,USD,NYQ,America/New_York,Yahoo Finance
YETI,2026-09-15,40.599998474121094,41.11000061035156,39.34000015258789,39.38999938964844,39.38999938964844,1751200,USD,NYQ,America/New_York,Yahoo Finance
YETI,2026-09-16,39.79999923706055,41.310001373291016,39.720001220703125,40.54999923706055,40.54999923706055,2025000,USD,NYQ,America/New_York,Yahoo Finance
YETI,2026-09-17,42.0,42.2599983215332,40.119998931884766,41.220001220703125,41.220001220703125,2467000,USD,NYQ,America/New_York,Yahoo Finance
YETI,2026-09-18,42.43000030517578,42.869998931884766,41.61000061035156,42.209999084472656,42.209999084472656,3550800,USD,NYQ,America/New_York,Yahoo Finance
YETI,2026-09-21,42.18000030517578,43.29999923706055,41.540000915527344,42.790000915527344,42.790000915527344,2451400,USD,NYQ,America/New_York,Yahoo Finance
YETI,2026-09-22,43.5,44.099998474121094,42.93000030517578,43.58000183105469,43.58000183105469,2296100,USD,NYQ,America/New_York,Yahoo Finance
YETI,2026-09-23,43.2400016784668,43.77000045776367,41.81999969482422,41.86000061035156,41.86000061035156,2121500,USD,NYQ,America/New_York,Yahoo Finance
YETI,2026-09-24,41.779998779296875,42.310001373291016,41.040000915527344,41.9900016784668,41.9900016784668,1604700,USD,NYQ,America/New_York,Yahoo Finance
YETI,2026-09-25,42.06999969482422,42.75,41.540000915527344,42.279998779296875,42.279998779296875,1071800,USD,NYQ,America/New_York,Yahoo Finance
YETI,2026-09-28,41.84000015258789,43.880001068115234,41.52000045776367,43.33000183105469,43.33000183105469,1606900,USD,NYQ,America/New_York,Yahoo Finance
ZBRA,2026-08-17,376.3599853515625,378.1199951171875,369.30999755859375,371.260009765625,371.260009765625,809400,USD,NMS,America/New_York,Yahoo Finance
ZBRA,2026-08-18,368.1499938964844,370.54998779296875,358.67999267578125,366.4200134277344,366.4200134277344,544300,USD,NMS,America/New_York,Yahoo Finance
ZBRA,2026-08-19,370.19000244140625,371.489990234375,353.8999938964844,354.6499938964844,354.6499938964844,714700,USD,NMS,America/New_York,Yahoo Finance
ZBRA,2026-08-20,353.8699951171875,364.0,350.3599853515625,360.5199890136719,360.5199890136719,522600,USD,NMS,America/New_York,Yahoo Finance
ZBRA,2026-08-21,361.2699890136719,371.2799987792969,359.3599853515625,368.510009765625,368.510009765625,718600,USD,NMS,America/New_York,Yahoo Finance
ZBRA,2026-08-24,365.2300109863281,367.9800109863281,358.42999267578125,363.29998779296875,363.29998779296875,637900,USD,NMS,America/New_York,Yahoo Finance
ZBRA,2026-08-25,365.7200012207031,366.8999938964844,359.7799987792969,360.5199890136719,360.5199890136719,490700,USD,NMS,America/New_York,Yahoo Finance
ZBRA,2026-08-26,361.9599914550781,367.17999267578125,359.260009765625,359.8399963378906,359.8399963378906,575600,USD,NMS,America/New_York,Yahoo Finance
ZBRA,2026-08-27,361.82000732421875,366.9100036621094,359.6400146484375,361.1099853515625,361.1099853515625,469000,USD,NMS,America/New_York,Yahoo Finance
ZBRA,2026-08-28,360.79998779296875,369.0,353.5799865722656,356.45001220703125,356.45001220703125,581000,USD,NMS,America/New_York,Yahoo Finance
ZBRA,2026-08-31,355.3999938964844,356.8800048828125,351.0400085449219,353.54998779296875,353.54998779296875,517200,USD,NMS,America/New_York,Yahoo Finance
ZBRA,2026-09-01,352.0,354.739990234375,342.6000061035156,343.70001220703125,343.70001220703125,664100,USD,NMS,America/New_York,Yahoo Finance
ZBRA,2026-09-02,345.5299987792969,354.3299865722656,341.9700012207031,351.1099853515625,351.1099853515625,517200,USD,NMS,America/New_York,Yahoo Finance
ZBRA,2026-09-03,351.7099914550781,358.0899963378906,348.92999267578125,357.5,357.5,416400,USD,NMS,America/New_York,Yahoo Finance
ZBRA,2026-09-04,357.5199890136719,365.0,351.239990234375,362.739990234375,362.739990234375,401400,USD,NMS,America/New_York,Yahoo Finance
ZBRA,2026-09-08,359.5799865722656,359.5799865722656,348.6600036621094,352.5400085449219,352.5400085449219,569400,USD,NMS,America/New_York,Yahoo Finance
ZBRA,2026-09-09,350.2699890136719,352.25,343.239990234375,344.8299865722656,344.8299865722656,419800,USD,NMS,America/New_York,Yahoo Finance
ZBRA,2026-09-10,340.75,346.8699951171875,336.3999938964844,344.010009765625,344.010009765625,500900,USD,NMS,America/New_York,Yahoo Finance
ZBRA,2026-09-11,348.29998779296875,356.7699890136719,348.29998779296875,350.3699951171875,350.3699951171875,583300,USD,NMS,America/New_York,Yahoo Finance
ZBRA,2026-09-14,344.1000061035156,354.3800048828125,343.510009765625,351.80999755859375,351.80999755859375,567900,USD,NMS,America/New_York,Yahoo Finance
ZBRA,2026-09-15,351.7699890136719,355.54998779296875,340.3699951171875,342.7300109863281,342.7300109863281,494200,USD,NMS,America/New_York,Yahoo Finance
ZBRA,2026-09-16,344.8599853515625,347.5199890136719,338.6700134277344,341.17999267578125,341.17999267578125,514300,USD,NMS,America/New_York,Yahoo Finance
ZBRA,2026-09-17,345.3299865722656,349.17999267578125,341.0199890136719,347.80999755859375,347.80999755859375,535500,USD,NMS,America/New_York,Yahoo Finance
ZBRA,2026-09-18,349.5299987792969,349.989990234375,342.07000732421875,346.6300048828125,346.6300048828125,1373300,USD,NMS,America/New_York,Yahoo Finance
ZBRA,2026-09-21,351.94000244140625,353.5799865722656,346.44000244140625,350.8399963378906,350.8399963378906,484000,USD,NMS,America/New_York,Yahoo Finance
ZBRA,2026-09-22,355.3399963378906,363.67999267578125,350.44000244140625,361.6099853515625,361.6099853515625,551200,USD,NMS,America/New_York,Yahoo Finance
ZBRA,2026-09-23,362.989990234375,374.94000244140625,360.510009765625,371.0199890136719,371.0199890136719,652300,USD,NMS,America/New_York,Yahoo Finance
ZBRA,2026-09-24,368.1199951171875,370.6400146484375,362.760009765625,365.1000061035156,365.1000061035156,547500,USD,NMS,America/New_York,Yahoo Finance
ZBRA,2026-09-25,366.2099914550781,374.010009765625,365.0199890136719,370.0400085449219,370.0400085449219,552300,USD,NMS,America/New_York,Yahoo Finance
ZBRA,2026-09-28,370.30999755859375,374.7200012207031,363.94000244140625,371.8699951171875,371.8699951171875,638500,USD,NMS,America/New_York,Yahoo Finance
ZG,2026-08-17,34.93000030517578,34.93000030517578,33.90999984741211,34.31999969482422,34.31999969482422,1454400,USD,NMS,America/New_York,Yahoo Finance
ZG,2026-08-18,34.63999938964844,35.7400016784668,34.439998626708984,35.279998779296875,35.279998779296875,1217000,USD,NMS,America/New_York,Yahoo Finance
ZG,2026-08-19,35.72999954223633,38.150001525878906,35.560001373291016,37.439998626708984,37.439998626708984,1311800,USD,NMS,America/New_York,Yahoo Finance
ZG,2026-08-20,37.27000045776367,37.29999923706055,35.90999984741211,36.56999969482422,36.56999969482422,1092600,USD,NMS,America/New_York,Yahoo Finance
ZG,2026-08-21,36.880001068115234,37.34000015258789,36.20000076293945,36.779998779296875,36.779998779296875,906200,USD,NMS,America/New_York,Yahoo Finance
ZG,2026-08-24,37.0,38.119998931884766,36.54999923706055,37.95000076293945,37.95000076293945,913300,USD,NMS,America/New_York,Yahoo Finance
ZG,2026-08-25,38.43000030517578,38.45000076293945,36.93000030517578,37.09000015258789,37.09000015258789,839500,USD,NMS,America/New_York,Yahoo Finance
ZG,2026-08-26,36.869998931884766,37.349998474121094,35.970001220703125,35.97999954223633,35.97999954223633,501900,USD,NMS,America/New_York,Yahoo Finance
ZG,2026-08-27,36.040000915527344,36.52000045776367,35.27000045776367,36.349998474121094,36.349998474121094,693200,USD,NMS,America/New_York,Yahoo Finance
ZG,2026-08-28,36.439998626708984,37.650001525878906,36.27000045776367,36.61000061035156,36.61000061035156,660900,USD,NMS,America/New_York,Yahoo Finance
ZG,2026-08-31,36.45000076293945,36.90999984741211,35.720001220703125,35.790000915527344,35.790000915527344,862600,USD,NMS,America/New_York,Yahoo Finance
ZG,2026-09-01,35.20000076293945,35.38999938964844,34.08000183105469,34.36000061035156,34.36000061035156,666900,USD,NMS,America/New_York,Yahoo Finance
ZG,2026-09-02,34.36000061035156,35.880001068115234,34.36000061035156,35.439998626708984,35.439998626708984,671300,USD,NMS,America/New_York,Yahoo Finance
ZG,2026-09-03,36.45000076293945,37.43000030517578,35.29999923706055,36.040000915527344,36.040000915527344,593200,USD,NMS,America/New_York,Yahoo Finance
ZG,2026-09-04,35.34000015258789,35.880001068115234,34.7599983215332,35.31999969482422,35.31999969482422,553000,USD,NMS,America/New_York,Yahoo Finance
ZG,2026-09-08,35.0,35.0,32.83000183105469,33.029998779296875,33.029998779296875,1027600,USD,NMS,America/New_York,Yahoo Finance
ZG,2026-09-09,32.880001068115234,33.279998779296875,32.43000030517578,32.810001373291016,32.810001373291016,1036900,USD,NMS,America/New_York,Yahoo Finance
ZG,2026-09-10,32.45000076293945,32.52000045776367,31.75,31.8799991607666,31.8799991607666,797600,USD,NMS,America/New_York,Yahoo Finance
ZG,2026-09-11,32.529998779296875,33.41999816894531,31.899999618530273,33.22999954223633,33.22999954223633,752000,USD,NMS,America/New_York,Yahoo Finance
ZG,2026-09-14,33.56999969482422,34.18000030517578,33.15999984741211,33.83000183105469,33.83000183105469,957900,USD,NMS,America/New_York,Yahoo Finance
ZG,2026-09-15,33.58000183105469,33.7400016784668,32.7400016784668,33.18000030517578,33.18000030517578,558700,USD,NMS,America/New_York,Yahoo Finance
ZG,2026-09-16,32.939998626708984,32.95000076293945,31.760000228881836,32.0,32.0,1071200,USD,NMS,America/New_York,Yahoo Finance
ZG,2026-09-17,32.52000045776367,32.66999816894531,30.6299991607666,30.65999984741211,30.65999984741211,826300,USD,NMS,America/New_York,Yahoo Finance
ZG,2026-09-18,30.530000686645508,31.149999618530273,30.200000762939453,30.25,30.25,1597300,USD,NMS,America/New_York,Yahoo Finance
ZG,2026-09-21,30.510000228881836,31.350000381469727,30.31999969482422,31.1299991607666,31.1299991607666,937900,USD,NMS,America/New_York,Yahoo Finance
ZG,2026-09-22,31.90999984741211,32.22999954223633,30.639999389648438,31.59000015258789,31.59000015258789,1232200,USD,NMS,America/New_York,Yahoo Finance
ZG,2026-09-23,31.350000381469727,31.43000030517578,29.329999923706055,29.350000381469727,29.350000381469727,1411800,USD,NMS,America/New_York,Yahoo Finance
ZG,2026-09-24,29.579999923706055,29.940000534057617,28.3700008392334,28.90999984741211,28.90999984741211,1174700,USD,NMS,America/New_York,Yahoo Finance
ZG,2026-09-25,28.969999313354492,29.719999313354492,28.780000686645508,29.299999237060547,29.299999237060547,811400,USD,NMS,America/New_York,Yahoo Finance
ZG,2026-09-28,29.309999465942383,29.309999465942383,27.90999984741211,28.149999618530273,28.149999618530273,1067000,USD,NMS,America/New_York,Yahoo Finance
ZIM,2026-08-17,28.829999923706055,29.360000610351562,28.639999389648438,28.809999465942383,28.809999465942383,3485000,USD,NYQ,America/New_York,Yahoo Finance
ZIM,2026-08-18,29.125,29.559999465942383,28.211000442504883,28.489999771118164,28.489999771118164,3455300,USD,NYQ,America/New_York,Yahoo Finance
ZIM,2026-08-19,26.799999237060547,27.510000228881836,26.510000228881836,27.40999984741211,27.40999984741211,5277600,USD,NYQ,America/New_York,Yahoo Finance
ZIM,2026-08-20,27.450000762939453,27.450000762939453,26.899999618530273,27.15999984741211,27.15999984741211,1967200,USD,NYQ,America/New_York,Yahoo Finance
ZIM,2026-08-21,27.5,28.520000457763672,27.3700008392334,28.25,28.25,2387600,USD,NYQ,America/New_York,Yahoo Finance
ZIM,2026-08-24,28.440000534057617,29.03499984741211,28.224000930786133,28.3799991607666,28.3799991607666,1699100,USD,NYQ,America/New_York,Yahoo Finance
ZIM,2026-08-25,28.459999084472656,28.5,27.885000228881836,28.079999923706055,28.079999923706055,1357200,USD,NYQ,America/New_York,Yahoo Finance
ZIM,2026-08-26,27.920000076293945,27.940000534057617,27.450000762939453,27.639999389648438,27.639999389648438,1040500,USD,NYQ,America/New_York,Yahoo Finance
ZIM,2026-08-27,27.829999923706055,28.1299991607666,27.663000106811523,27.920000076293945,27.920000076293945,852000,USD,NYQ,America/New_York,Yahoo Finance
ZIM,2026-08-28,28.149999618530273,28.149999618530273,27.280000686645508,27.440000534057617,27.440000534057617,870900,USD,NYQ,America/New_York,Yahoo Finance
ZIM,2026-08-31,27.510000228881836,27.670000076293945,27.266000747680664,27.399999618530273,27.399999618530273,645800,USD,NYQ,America/New_York,Yahoo Finance
ZIM,2026-09-01,27.360000610351562,27.56999969482422,26.850000381469727,27.010000228881836,27.010000228881836,923100,USD,NYQ,America/New_York,Yahoo Finance
ZIM,2026-09-02,27.1299991607666,28.110000610351562,27.020000457763672,28.020000457763672,28.020000457763672,1331900,USD,NYQ,America/New_York,Yahoo Finance
ZIM,2026-09-03,28.030000686645508,28.040000915527344,27.56999969482422,27.59000015258789,27.59000015258789,694700,USD,NYQ,America/New_York,Yahoo Finance
ZIM,2026-09-04,27.809999465942383,28.719999313354492,27.6299991607666,28.579999923706055,28.579999923706055,1506000,USD,NYQ,America/New_York,Yahoo Finance
ZIM,2026-09-08,30.190000534057617,30.399999618530273,29.40999984741211,30.079999923706055,30.079999923706055,4419400,USD,NYQ,America/New_York,Yahoo Finance
ZIM,2026-09-09,29.78499984741211,30.125,29.100000381469727,29.3799991607666,29.3799991607666,1962300,USD,NYQ,America/New_York,Yahoo Finance
ZIM,2026-09-10,29.639999389648438,29.649999618530273,28.850000381469727,29.469999313354492,29.469999313354492,1246000,USD,NYQ,America/New_York,Yahoo Finance
ZIM,2026-09-11,29.600000381469727,29.7450008392334,29.389999389648438,29.56999969482422,29.56999969482422,680400,USD,NYQ,America/New_York,Yahoo Finance
ZIM,2026-09-14,29.850000381469727,29.989999771118164,29.420000076293945,29.719999313354492,29.719999313354492,967900,USD,NYQ,America/New_York,Yahoo Finance
ZIM,2026-09-15,29.530000686645508,29.670000076293945,29.299999237060547,29.56999969482422,29.56999969482422,724000,USD,NYQ,America/New_York,Yahoo Finance
ZIM,2026-09-16,29.56999969482422,29.56999969482422,29.201000213623047,29.329999923706055,29.329999923706055,741500,USD,NYQ,America/New_York,Yahoo Finance
ZIM,2026-09-17,29.649999618530273,30.3799991607666,29.305999755859375,30.360000610351562,30.360000610351562,1483200,USD,NYQ,America/New_York,Yahoo Finance
ZIM,2026-09-18,30.360000610351562,30.360000610351562,29.850000381469727,30.100000381469727,30.100000381469727,1872800,USD,NYQ,America/New_York,Yahoo Finance
ZIM,2026-09-21,30.09000015258789,30.4950008392334,29.8700008392334,30.459999084472656,30.459999084472656,835100,USD,NYQ,America/New_York,Yahoo Finance
ZIM,2026-09-22,30.3700008392334,30.959999084472656,29.959999084472656,30.510000228881836,30.510000228881836,1745900,USD,NYQ,America/New_York,Yahoo Finance
ZIM,2026-09-23,30.579999923706055,30.704999923706055,30.010000228881836,30.09000015258789,30.09000015258789,1258400,USD,NYQ,America/New_York,Yahoo Finance
ZIM,2026-09-24,30.420000076293945,30.549999237060547,29.329999923706055,29.3799991607666,29.3799991607666,1818500,USD,NYQ,America/New_York,Yahoo Finance
ZIM,2026-09-25,29.239999771118164,29.360000610351562,29.0,29.190000534057617,29.190000534057617,980700,USD,NYQ,America/New_York,Yahoo Finance
ZIM,2026-09-28,30.0,30.15999984741211,27.540000915527344,28.389999389648438,28.389999389648438,4962600,USD,NYQ,America/New_York,Yahoo Finance
ZLAB,2026-08-17,25.25,25.920000076293945,24.770000457763672,25.639999389648438,25.639999389648438,1359100,USD,NGM,America/New_York,Yahoo Finance
ZLAB,2026-08-18,24.860000610351562,25.6200008392334,24.639999389648438,25.56999969482422,25.56999969482422,1631000,USD,NGM,America/New_York,Yahoo Finance
ZLAB,2026-08-19,25.81999969482422,27.5,25.81999969482422,26.719999313354492,26.719999313354492,1729200,USD,NGM,America/New_York,Yahoo Finance
ZLAB,2026-08-20,26.56999969482422,26.6200008392334,25.920000076293945,26.020000457763672,26.020000457763672,1386100,USD,NGM,America/New_York,Yahoo Finance
ZLAB,2026-08-21,26.25,26.290000915527344,25.722999572753906,26.010000228881836,26.010000228881836,1001600,USD,NGM,America/New_York,Yahoo Finance
ZLAB,2026-08-24,25.43000030517578,25.959999084472656,25.25,25.639999389648438,25.639999389648438,1151400,USD,NGM,America/New_York,Yahoo Finance
ZLAB,2026-08-25,26.040000915527344,26.75,25.905000686645508,26.170000076293945,26.170000076293945,705500,USD,NGM,America/New_York,Yahoo Finance
ZLAB,2026-08-26,25.770000457763672,26.18000030517578,25.545000076293945,26.030000686645508,26.030000686645508,1141000,USD,NGM,America/New_York,Yahoo Finance
ZLAB,2026-08-27,27.1200008392334,27.200000762939453,26.575000762939453,26.81999969482422,26.81999969482422,597300,USD,NGM,America/New_York,Yahoo Finance
ZLAB,2026-08-28,26.450000762939453,26.450000762939453,25.868000030517578,26.079999923706055,26.079999923706055,650000,USD,NGM,America/New_York,Yahoo Finance
ZLAB,2026-08-31,25.5,25.549999237060547,24.8700008392334,25.459999084472656,25.459999084472656,920100,USD,NGM,America/New_York,Yahoo Finance
ZLAB,2026-09-01,25.05500030517578,25.565000534057617,24.809999465942383,25.299999237060547,25.299999237060547,979700,USD,NGM,America/New_York,Yahoo Finance
ZLAB,2026-09-02,26.0,27.5,26.0,26.479999542236328,26.479999542236328,1056800,USD,NGM,America/New_York,Yahoo Finance
ZLAB,2026-09-03,26.850000381469727,27.135000228881836,26.31999969482422,27.0,27.0,585700,USD,NGM,America/New_York,Yahoo Finance
ZLAB,2026-09-04,26.479999542236328,26.489999771118164,25.459999084472656,26.229999542236328,26.229999542236328,812800,USD,NGM,America/New_York,Yahoo Finance
ZLAB,2026-09-08,25.739999771118164,26.5,25.3700008392334,25.40999984741211,25.40999984741211,711700,USD,NGM,America/New_York,Yahoo Finance
ZLAB,2026-09-09,25.450000762939453,25.56999969482422,25.049999237060547,25.079999923706055,25.079999923706055,491700,USD,NGM,America/New_York,Yahoo Finance
ZLAB,2026-09-10,24.010000228881836,24.65999984741211,23.639999389648438,24.170000076293945,24.170000076293945,1610200,USD,NGM,America/New_York,Yahoo Finance
ZLAB,2026-09-11,24.40999984741211,24.614999771118164,24.059999465942383,24.139999389648438,24.139999389648438,663500,USD,NGM,America/New_York,Yahoo Finance
ZLAB,2026-09-14,24.299999237060547,24.649999618530273,23.889999389648438,24.579999923706055,24.579999923706055,1159800,USD,NGM,America/New_York,Yahoo Finance
ZLAB,2026-09-15,24.485000610351562,25.0,24.485000610351562,24.799999237060547,24.799999237060547,937100,USD,NGM,America/New_York,Yahoo Finance
ZLAB,2026-09-16,24.899999618530273,25.31999969482422,24.420000076293945,24.670000076293945,24.670000076293945,1158200,USD,NGM,America/New_York,Yahoo Finance
ZLAB,2026-09-17,25.2450008392334,26.06999969482422,25.024999618530273,25.809999465942383,25.809999465942383,673100,USD,NGM,America/New_York,Yahoo Finance
ZLAB,2026-09-18,26.260000228881836,27.139999389648438,25.600000381469727,25.700000762939453,25.700000762939453,887500,USD,NGM,America/New_York,Yahoo Finance
ZLAB,2026-09-21,26.639999389648438,26.719999313354492,26.15999984741211,26.43000030517578,26.43000030517578,1182000,USD,NGM,America/New_York,Yahoo Finance
ZLAB,2026-09-22,26.885000228881836,27.045000076293945,26.3700008392334,26.40999984741211,26.40999984741211,996400,USD,NGM,America/New_York,Yahoo Finance
ZLAB,2026-09-23,26.510000228881836,26.799999237060547,26.290000915527344,26.440000534057617,26.440000534057617,791600,USD,NGM,America/New_York,Yahoo Finance
ZLAB,2026-09-24,25.420000076293945,25.420000076293945,24.80500030517578,25.280000686645508,25.280000686645508,585300,USD,NGM,America/New_York,Yahoo Finance
ZLAB,2026-09-25,25.209999084472656,25.540000915527344,24.94499969482422,24.979999542236328,24.979999542236328,298100,USD,NGM,America/New_York,Yahoo Finance
ZLAB,2026-09-28,25.40999984741211,26.5,25.059999465942383,25.690000534057617,25.690000534057617,884700,USD,NGM,America/New_York,Yahoo Finance
