symbol,date,open,high,low,close,adjusted_close,volume,currency,exchange,timezone,source
2330.TW,2026-08-14,2435.0,2440.0,2395.0,2395.0,2387.970703125,18950570,TWD,TAI,Asia/Taipei,Yahoo Finance
2330.TW,2026-08-17,2410.0,2420.0,2390.0,2400.0,2392.9560546875,12531972,TWD,TAI,Asia/Taipei,Yahoo Finance
2330.TW,2026-08-18,2415.0,2415.0,2375.0,2380.0,2373.0146484375,17294892,TWD,TAI,Asia/Taipei,Yahoo Finance
2330.TW,2026-08-19,2340.0,2355.0,2335.0,2350.0,2343.102783203125,20098985,TWD,TAI,Asia/Taipei,Yahoo Finance
2330.TW,2026-08-20,2365.0,2375.0,2350.0,2375.0,2368.029296875,15159960,TWD,TAI,Asia/Taipei,Yahoo Finance
2330.TW,2026-08-21,2375.0,2410.0,2365.0,2410.0,2402.9267578125,15768427,TWD,TAI,Asia/Taipei,Yahoo Finance
2330.TW,2026-08-24,2410.0,2410.0,2375.0,2375.0,2368.029296875,10658045,TWD,TAI,Asia/Taipei,Yahoo Finance
2330.TW,2026-08-25,2355.0,2400.0,2350.0,2400.0,2392.9560546875,12843032,TWD,TAI,Asia/Taipei,Yahoo Finance
2330.TW,2026-08-26,2375.0,2425.0,2375.0,2415.0,2407.912109375,17662672,TWD,TAI,Asia/Taipei,Yahoo Finance
2330.TW,2026-08-27,2430.0,2435.0,2410.0,2410.0,2402.9267578125,16247745,TWD,TAI,Asia/Taipei,Yahoo Finance
2330.TW,2026-08-28,2440.0,2445.0,2410.0,2420.0,2412.897216796875,13601211,TWD,TAI,Asia/Taipei,Yahoo Finance
2330.TW,2026-08-31,2395.0,2405.0,2375.0,2405.0,2397.94140625,27171787,TWD,TAI,Asia/Taipei,Yahoo Finance
2330.TW,2026-09-01,2395.0,2440.0,2390.0,2440.0,2432.838623046875,17216484,TWD,TAI,Asia/Taipei,Yahoo Finance
2330.TW,2026-09-02,2415.0,2420.0,2385.0,2385.0,2378.0,19825721,TWD,TAI,Asia/Taipei,Yahoo Finance
2330.TW,2026-09-03,2385.0,2400.0,2380.0,2390.0,2382.9853515625,12602565,TWD,TAI,Asia/Taipei,Yahoo Finance
2330.TW,2026-09-04,2415.0,2415.0,2390.0,2410.0,2402.9267578125,13232996,TWD,TAI,Asia/Taipei,Yahoo Finance
2330.TW,2026-09-07,2435.0,2460.0,2430.0,2460.0,2452.780029296875,22426044,TWD,TAI,Asia/Taipei,Yahoo Finance
2330.TW,2026-09-08,2465.0,2505.0,2460.0,2470.0,2462.75048828125,25823278,TWD,TAI,Asia/Taipei,Yahoo Finance
2330.TW,2026-09-09,2480.0,2490.0,2460.0,2465.0,2457.76513671875,15619432,TWD,TAI,Asia/Taipei,Yahoo Finance
2330.TW,2026-09-10,2445.0,2455.0,2435.0,2450.0,2442.809326171875,17578157,TWD,TAI,Asia/Taipei,Yahoo Finance
2330.TW,2026-09-11,2430.0,2430.0,2405.0,2410.0,2402.9267578125,18149016,TWD,TAI,Asia/Taipei,Yahoo Finance
2330.TW,2026-09-14,2385.0,2395.0,2380.0,2380.0,2373.0146484375,18265116,TWD,TAI,Asia/Taipei,Yahoo Finance
2330.TW,2026-09-15,2405.0,2405.0,2380.0,2385.0,2378.0,13515970,TWD,TAI,Asia/Taipei,Yahoo Finance
2330.TW,2026-09-16,2375.0,2395.0,2375.0,2380.0,2380.0,17989104,TWD,TAI,Asia/Taipei,Yahoo Finance
2330.TW,2026-09-17,2405.0,2445.0,2400.0,2425.0,2425.0,16009127,TWD,TAI,Asia/Taipei,Yahoo Finance
2330.TW,2026-09-18,2460.0,2460.0,2435.0,2460.0,2460.0,35352856,TWD,TAI,Asia/Taipei,Yahoo Finance
2330.TW,2026-09-21,2445.0,2485.0,2445.0,2480.0,2480.0,14553960,TWD,TAI,Asia/Taipei,Yahoo Finance
2330.TW,2026-09-22,2505.0,2510.0,2460.0,2460.0,2460.0,18940740,TWD,TAI,Asia/Taipei,Yahoo Finance
2330.TW,2026-09-23,2475.0,2505.0,2475.0,2500.0,2500.0,20406553,TWD,TAI,Asia/Taipei,Yahoo Finance
2330.TW,2026-09-24,2480.0,2490.0,2470.0,2475.0,2475.0,13043734,TWD,TAI,Asia/Taipei,Yahoo Finance
2454.TW,2026-08-19,3750.0,3910.0,3750.0,3845.0,3845.0,6190962,TWD,TAI,Asia/Taipei,Yahoo Finance
2454.TW,2026-08-20,3820.0,3870.0,3675.0,3700.0,3700.0,11172306,TWD,TAI,Asia/Taipei,Yahoo Finance
2454.TW,2026-08-21,3725.0,3810.0,3695.0,3790.0,3790.0,5657747,TWD,TAI,Asia/Taipei,Yahoo Finance
2454.TW,2026-08-24,3820.0,3825.0,3745.0,3765.0,3765.0,3012343,TWD,TAI,Asia/Taipei,Yahoo Finance
2454.TW,2026-08-25,3725.0,3735.0,3655.0,3735.0,3735.0,4627253,TWD,TAI,Asia/Taipei,Yahoo Finance
2454.TW,2026-08-26,3730.0,3965.0,3710.0,3945.0,3945.0,7501023,TWD,TAI,Asia/Taipei,Yahoo Finance
2454.TW,2026-08-27,4005.0,4005.0,3865.0,3865.0,3865.0,5075512,TWD,TAI,Asia/Taipei,Yahoo Finance
2454.TW,2026-08-28,3935.0,4000.0,3925.0,3985.0,3985.0,4191553,TWD,TAI,Asia/Taipei,Yahoo Finance
2454.TW,2026-08-31,3885.0,3945.0,3820.0,3925.0,3925.0,6705834,TWD,TAI,Asia/Taipei,Yahoo Finance
2454.TW,2026-09-01,4315.0,4315.0,4315.0,4315.0,4315.0,2565821,TWD,TAI,Asia/Taipei,Yahoo Finance
2454.TW,2026-09-02,4450.0,4565.0,4230.0,4275.0,4275.0,21619969,TWD,TAI,Asia/Taipei,Yahoo Finance
2454.TW,2026-09-03,4400.0,4420.0,4290.0,4340.0,4340.0,8318790,TWD,TAI,Asia/Taipei,Yahoo Finance
2454.TW,2026-09-04,4435.0,4490.0,4340.0,4415.0,4415.0,8321196,TWD,TAI,Asia/Taipei,Yahoo Finance
2454.TW,2026-09-07,4500.0,4855.0,4485.0,4760.0,4760.0,14602382,TWD,TAI,Asia/Taipei,Yahoo Finance
2454.TW,2026-09-08,4800.0,4830.0,4685.0,4710.0,4710.0,5860895,TWD,TAI,Asia/Taipei,Yahoo Finance
2454.TW,2026-09-09,4780.0,4780.0,4625.0,4625.0,4625.0,4731174,TWD,TAI,Asia/Taipei,Yahoo Finance
2454.TW,2026-09-10,4560.0,4730.0,4520.0,4720.0,4720.0,6090137,TWD,TAI,Asia/Taipei,Yahoo Finance
2454.TW,2026-09-11,4635.0,4655.0,4535.0,4585.0,4585.0,6841032,TWD,TAI,Asia/Taipei,Yahoo Finance
2454.TW,2026-09-14,4475.0,4650.0,4435.0,4560.0,4560.0,5643359,TWD,TAI,Asia/Taipei,Yahoo Finance
2454.TW,2026-09-15,4505.0,4575.0,4430.0,4430.0,4430.0,5699080,TWD,TAI,Asia/Taipei,Yahoo Finance
2454.TW,2026-09-16,4435.0,4625.0,4435.0,4530.0,4530.0,5895568,TWD,TAI,Asia/Taipei,Yahoo Finance
2454.TW,2026-09-17,4565.0,4700.0,4500.0,4500.0,4500.0,5950806,TWD,TAI,Asia/Taipei,Yahoo Finance
2454.TW,2026-09-18,4600.0,4735.0,4545.0,4710.0,4710.0,9019674,TWD,TAI,Asia/Taipei,Yahoo Finance
2454.TW,2026-09-21,4800.0,5035.0,4780.0,5010.0,5010.0,9541537,TWD,TAI,Asia/Taipei,Yahoo Finance
2454.TW,2026-09-22,5280.0,5480.0,5150.0,5180.0,5180.0,10551036,TWD,TAI,Asia/Taipei,Yahoo Finance
2454.TW,2026-09-23,5220.0,5265.0,5140.0,5185.0,5185.0,5917267,TWD,TAI,Asia/Taipei,Yahoo Finance
2454.TW,2026-09-24,5105.0,5360.0,5105.0,5285.0,5285.0,7157018,TWD,TAI,Asia/Taipei,Yahoo Finance
2454.TW,2026-09-29,5150.0,5195.0,4890.0,4910.0,4910.0,11051455,TWD,TAI,Asia/Taipei,Yahoo Finance
2454.TW,2026-09-30,5010.0,5100.0,4920.0,4920.0,4920.0,7582617,TWD,TAI,Asia/Taipei,Yahoo Finance
2454.TW,2026-10-01,4875.0,4980.0,4875.0,4980.0,4980.0,3873437,TWD,TAI,Asia/Taipei,Yahoo Finance
AA,2026-08-17,50.20000076293945,51.84000015258789,49.90999984741211,51.709999084472656,51.709999084472656,3999500,USD,NYQ,America/New_York,Yahoo Finance
AA,2026-08-18,50.790000915527344,50.99800109863281,48.880001068115234,50.02000045776367,50.02000045776367,3287200,USD,NYQ,America/New_York,Yahoo Finance
AA,2026-08-19,51.20000076293945,51.56999969482422,48.97999954223633,51.540000915527344,51.540000915527344,7083300,USD,NYQ,America/New_York,Yahoo Finance
AA,2026-08-20,50.189998626708984,51.040000915527344,48.84000015258789,50.54999923706055,50.54999923706055,5489500,USD,NYQ,America/New_York,Yahoo Finance
AA,2026-08-21,52.0,53.34000015258789,51.630001068115234,51.849998474121094,51.849998474121094,4730400,USD,NYQ,America/New_York,Yahoo Finance
AA,2026-08-24,51.5,52.099998474121094,48.744998931884766,49.38999938964844,49.38999938964844,5907900,USD,NYQ,America/New_York,Yahoo Finance
AA,2026-08-25,49.33000183105469,51.34000015258789,49.2400016784668,51.279998779296875,51.279998779296875,3646400,USD,NYQ,America/New_York,Yahoo Finance
AA,2026-08-26,50.599998474121094,51.02000045776367,49.349998474121094,49.720001220703125,49.720001220703125,3110600,USD,NYQ,America/New_York,Yahoo Finance
AA,2026-08-27,49.4900016784668,51.529998779296875,49.375,51.189998626708984,51.189998626708984,3763000,USD,NYQ,America/New_York,Yahoo Finance
AA,2026-08-28,51.22999954223633,51.70199966430664,49.68000030517578,50.31999969482422,50.31999969482422,2415000,USD,NYQ,America/New_York,Yahoo Finance
AA,2026-08-31,50.5,51.08000183105469,49.619998931884766,49.95000076293945,49.95000076293945,3305800,USD,NYQ,America/New_York,Yahoo Finance
AA,2026-09-01,49.08000183105469,52.029998779296875,49.06999969482422,50.900001525878906,50.900001525878906,4678300,USD,NYQ,America/New_York,Yahoo Finance
AA,2026-09-02,50.779998779296875,51.560001373291016,50.45000076293945,51.04999923706055,51.04999923706055,3277200,USD,NYQ,America/New_York,Yahoo Finance
AA,2026-09-03,52.31999969482422,52.58000183105469,50.650001525878906,51.04999923706055,51.04999923706055,2552900,USD,NYQ,America/New_York,Yahoo Finance
AA,2026-09-04,50.31999969482422,50.71799850463867,49.86199951171875,49.970001220703125,49.970001220703125,2822000,USD,NYQ,America/New_York,Yahoo Finance
AA,2026-09-08,51.36000061035156,52.779998779296875,51.36000061035156,51.7400016784668,51.7400016784668,3498100,USD,NYQ,America/New_York,Yahoo Finance
AA,2026-09-09,53.0,53.16999816894531,50.43000030517578,50.72999954223633,50.72999954223633,2742000,USD,NYQ,America/New_York,Yahoo Finance
AA,2026-09-10,49.08000183105469,50.2400016784668,48.18000030517578,48.29999923706055,48.29999923706055,3862400,USD,NYQ,America/New_York,Yahoo Finance
AA,2026-09-11,48.72999954223633,49.05400085449219,47.599998474121094,48.2599983215332,48.2599983215332,3098900,USD,NYQ,America/New_York,Yahoo Finance
AA,2026-09-14,47.25,47.58000183105469,46.55500030517578,46.95000076293945,46.95000076293945,3829700,USD,NYQ,America/New_York,Yahoo Finance
AA,2026-09-15,47.18000030517578,47.47999954223633,46.119998931884766,46.52000045776367,46.52000045776367,3645500,USD,NYQ,America/New_York,Yahoo Finance
AA,2026-09-16,47.09000015258789,47.470001220703125,45.81999969482422,46.2599983215332,46.2599983215332,3582200,USD,NYQ,America/New_York,Yahoo Finance
AA,2026-09-17,47.25,47.4900016784668,46.849998474121094,46.970001220703125,46.970001220703125,2558100,USD,NYQ,America/New_York,Yahoo Finance
AA,2026-09-18,46.95500183105469,47.132999420166016,43.97999954223633,44.43000030517578,44.43000030517578,10860300,USD,NYQ,America/New_York,Yahoo Finance
AA,2026-09-21,44.36000061035156,44.900001525878906,44.279998779296875,44.63999938964844,44.63999938964844,3096200,USD,NYQ,America/New_York,Yahoo Finance
AA,2026-09-22,44.7599983215332,46.130001068115234,43.8650016784668,44.709999084472656,44.709999084472656,4333600,USD,NYQ,America/New_York,Yahoo Finance
AA,2026-09-23,44.11000061035156,44.86000061035156,43.96500015258789,44.02000045776367,44.02000045776367,3275700,USD,NYQ,America/New_York,Yahoo Finance
AA,2026-09-24,43.4900016784668,43.4900016784668,42.279998779296875,42.68000030517578,42.68000030517578,4582500,USD,NYQ,America/New_York,Yahoo Finance
AA,2026-09-25,42.52000045776367,43.18000030517578,42.25,42.849998474121094,42.849998474121094,3400900,USD,NYQ,America/New_York,Yahoo Finance
AA,2026-09-28,42.0099983215332,42.709999084472656,41.75,42.25,42.25,3033400,USD,NYQ,America/New_York,Yahoo Finance
AARD,2026-08-21,5.909999847412109,6.900000095367432,5.800000190734863,6.820000171661377,6.820000171661377,173700,USD,NMS,America/New_York,Yahoo Finance
AARD,2026-08-24,6.75,6.96999979019165,6.2829999923706055,6.880000114440918,6.880000114440918,83300,USD,NMS,America/New_York,Yahoo Finance
AARD,2026-08-25,6.940000057220459,7.309999942779541,6.489999771118164,7.25,7.25,145000,USD,NMS,America/New_York,Yahoo Finance
AARD,2026-08-26,7.289999961853027,7.300000190734863,6.210000038146973,6.809999942779541,6.809999942779541,111900,USD,NMS,America/New_York,Yahoo Finance
AARD,2026-08-27,6.889999866485596,7.085000038146973,6.585000038146973,6.619999885559082,6.619999885559082,74200,USD,NMS,America/New_York,Yahoo Finance
AARD,2026-08-28,6.46999979019165,6.46999979019165,5.619999885559082,5.789999961853027,5.789999961853027,143000,USD,NMS,America/New_York,Yahoo Finance
AARD,2026-08-31,5.699999809265137,6.15500020980835,5.300000190734863,6.099999904632568,6.099999904632568,125400,USD,NMS,America/New_York,Yahoo Finance
AARD,2026-09-01,6.0,6.244999885559082,5.807000160217285,5.920000076293945,5.920000076293945,85000,USD,NMS,America/New_York,Yahoo Finance
AARD,2026-09-02,6.050000190734863,6.224999904632568,5.795000076293945,5.949999809265137,5.949999809265137,59400,USD,NMS,America/New_York,Yahoo Finance
AARD,2026-09-03,5.920000076293945,6.190000057220459,5.599999904632568,5.730000019073486,5.730000019073486,89300,USD,NMS,America/New_York,Yahoo Finance
AARD,2026-09-04,5.71999979019165,5.991000175476074,5.150000095367432,5.380000114440918,5.380000114440918,257800,USD,NMS,America/New_York,Yahoo Finance
AARD,2026-09-08,5.329999923706055,5.710000038146973,5.099999904632568,5.329999923706055,5.329999923706055,164700,USD,NMS,America/New_York,Yahoo Finance
AARD,2026-09-09,5.329999923706055,5.455999851226807,4.894999980926514,4.920000076293945,4.920000076293945,109700,USD,NMS,America/New_York,Yahoo Finance
AARD,2026-09-10,4.869999885559082,5.014999866485596,4.539999961853027,5.010000228881836,5.010000228881836,209400,USD,NMS,America/New_York,Yahoo Finance
AARD,2026-09-11,5.110000133514404,5.539999961853027,4.974999904632568,5.130000114440918,5.130000114440918,276600,USD,NMS,America/New_York,Yahoo Finance
AARD,2026-09-14,4.900000095367432,5.880000114440918,4.800000190734863,5.550000190734863,5.550000190734863,216900,USD,NMS,America/New_York,Yahoo Finance
AARD,2026-09-15,5.46999979019165,5.545000076293945,5.010000228881836,5.019999980926514,5.019999980926514,64200,USD,NMS,America/New_York,Yahoo Finance
AARD,2026-09-16,5.039999961853027,5.289999961853027,4.929999828338623,5.150000095367432,5.150000095367432,47900,USD,NMS,America/New_York,Yahoo Finance
AARD,2026-09-17,5.320000171661377,5.769999980926514,5.190000057220459,5.53000020980835,5.53000020980835,258100,USD,NMS,America/New_York,Yahoo Finance
AARD,2026-09-18,5.440000057220459,5.590000152587891,5.190000057220459,5.380000114440918,5.380000114440918,129800,USD,NMS,America/New_York,Yahoo Finance
AARD,2026-09-21,5.440000057220459,5.574999809265137,5.340000152587891,5.570000171661377,5.570000171661377,110300,USD,NMS,America/New_York,Yahoo Finance
AARD,2026-09-22,5.510000228881836,5.840000152587891,5.5,5.75,5.75,101300,USD,NMS,America/New_York,Yahoo Finance
AARD,2026-09-23,5.739999771118164,5.739999771118164,5.414999961853027,5.559999942779541,5.559999942779541,54800,USD,NMS,America/New_York,Yahoo Finance
AARD,2026-09-24,5.550000190734863,5.690000057220459,5.324999809265137,5.550000190734863,5.550000190734863,96100,USD,NMS,America/New_York,Yahoo Finance
AARD,2026-09-25,5.570000171661377,5.599999904632568,5.019999980926514,5.059999942779541,5.059999942779541,71500,USD,NMS,America/New_York,Yahoo Finance
AARD,2026-09-28,5.050000190734863,5.320000171661377,4.960000038146973,5.269999980926514,5.269999980926514,60600,USD,NMS,America/New_York,Yahoo Finance
AARD,2026-09-29,5.210000038146973,5.389999866485596,5.001999855041504,5.349999904632568,5.349999904632568,39600,USD,NMS,America/New_York,Yahoo Finance
AARD,2026-09-30,5.420000076293945,5.52400016784668,5.269999980926514,5.269999980926514,5.269999980926514,28100,USD,NMS,America/New_York,Yahoo Finance
AARD,2026-10-01,5.289999961853027,5.420000076293945,5.130000114440918,5.269999980926514,5.269999980926514,47800,USD,NMS,America/New_York,Yahoo Finance
AARD,2026-10-02,5.369999885559082,5.659999847412109,4.880000114440918,4.989999771118164,4.989999771118164,147700,USD,NMS,America/New_York,Yahoo Finance
AB,2026-08-17,36.650001525878906,36.650001525878906,36.11000061035156,36.189998626708984,36.189998626708984,378800,USD,NYQ,America/New_York,Yahoo Finance
AB,2026-08-18,36.25,36.4900016784668,35.849998474121094,36.18000030517578,36.18000030517578,240300,USD,NYQ,America/New_York,Yahoo Finance
AB,2026-08-19,36.20000076293945,36.689998626708984,36.150001525878906,36.22999954223633,36.22999954223633,236700,USD,NYQ,America/New_York,Yahoo Finance
AB,2026-08-20,36.150001525878906,36.43000030517578,35.959999084472656,36.02000045776367,36.02000045776367,269100,USD,NYQ,America/New_York,Yahoo Finance
AB,2026-08-21,35.91999816894531,36.47999954223633,35.91999816894531,36.2599983215332,36.2599983215332,202500,USD,NYQ,America/New_York,Yahoo Finance
AB,2026-08-24,36.16999816894531,36.560001373291016,36.16999816894531,36.36000061035156,36.36000061035156,240100,USD,NYQ,America/New_York,Yahoo Finance
AB,2026-08-25,36.369998931884766,36.689998626708984,36.119998931884766,36.619998931884766,36.619998931884766,335100,USD,NYQ,America/New_York,Yahoo Finance
AB,2026-08-26,36.650001525878906,36.97999954223633,36.650001525878906,36.849998474121094,36.849998474121094,341200,USD,NYQ,America/New_York,Yahoo Finance
AB,2026-08-27,36.959999084472656,37.119998931884766,36.380001068115234,36.59000015258789,36.59000015258789,612200,USD,NYQ,America/New_York,Yahoo Finance
AB,2026-08-28,36.7400016784668,37.119998931884766,36.650001525878906,36.880001068115234,36.880001068115234,296700,USD,NYQ,America/New_York,Yahoo Finance
AB,2026-08-31,36.869998931884766,37.029998779296875,36.70000076293945,36.720001220703125,36.720001220703125,260500,USD,NYQ,America/New_York,Yahoo Finance
AB,2026-09-01,36.61000061035156,36.790000915527344,36.38999938964844,36.66999816894531,36.66999816894531,328700,USD,NYQ,America/New_York,Yahoo Finance
AB,2026-09-02,36.66999816894531,37.029998779296875,36.630001068115234,36.630001068115234,36.630001068115234,244000,USD,NYQ,America/New_York,Yahoo Finance
AB,2026-09-03,36.7400016784668,37.119998931884766,36.54999923706055,37.02000045776367,37.02000045776367,291500,USD,NYQ,America/New_York,Yahoo Finance
AB,2026-09-04,36.939998626708984,37.70000076293945,36.84000015258789,37.349998474121094,37.349998474121094,307100,USD,NYQ,America/New_York,Yahoo Finance
AB,2026-09-08,37.349998474121094,37.380001068115234,36.709999084472656,36.720001220703125,36.720001220703125,306300,USD,NYQ,America/New_York,Yahoo Finance
AB,2026-09-09,36.709999084472656,36.7599983215332,36.29999923706055,36.38999938964844,36.38999938964844,290300,USD,NYQ,America/New_York,Yahoo Finance
AB,2026-09-10,36.38999938964844,36.52000045776367,36.16999816894531,36.380001068115234,36.380001068115234,270500,USD,NYQ,America/New_York,Yahoo Finance
AB,2026-09-11,36.470001220703125,36.5,35.900001525878906,36.09000015258789,36.09000015258789,264600,USD,NYQ,America/New_York,Yahoo Finance
AB,2026-09-14,36.20000076293945,36.41999816894531,35.970001220703125,36.09000015258789,36.09000015258789,182100,USD,NYQ,America/New_York,Yahoo Finance
AB,2026-09-15,35.95000076293945,36.2599983215332,35.79999923706055,36.06999969482422,36.06999969482422,252500,USD,NYQ,America/New_York,Yahoo Finance
AB,2026-09-16,36.040000915527344,36.5,35.290000915527344,35.5,35.5,442400,USD,NYQ,America/New_York,Yahoo Finance
AB,2026-09-17,35.880001068115234,36.27000045776367,35.70000076293945,36.11000061035156,36.11000061035156,322600,USD,NYQ,America/New_York,Yahoo Finance
AB,2026-09-18,35.7599983215332,36.369998931884766,35.689998626708984,36.310001373291016,36.310001373291016,225200,USD,NYQ,America/New_York,Yahoo Finance
AB,2026-09-21,36.5,36.650001525878906,36.279998779296875,36.369998931884766,36.369998931884766,286300,USD,NYQ,America/New_York,Yahoo Finance
AB,2026-09-22,36.41999816894531,36.4900016784668,36.09000015258789,36.189998626708984,36.189998626708984,271400,USD,NYQ,America/New_York,Yahoo Finance
AB,2026-09-23,36.150001525878906,36.369998931884766,35.7400016784668,35.81999969482422,35.81999969482422,319000,USD,NYQ,America/New_York,Yahoo Finance
AB,2026-09-24,35.790000915527344,35.84000015258789,35.189998626708984,35.40999984741211,35.40999984741211,516100,USD,NYQ,America/New_York,Yahoo Finance
AB,2026-09-25,35.40999984741211,35.83000183105469,35.220001220703125,35.7599983215332,35.7599983215332,349100,USD,NYQ,America/New_York,Yahoo Finance
AB,2026-09-28,35.529998779296875,35.61000061035156,35.11000061035156,35.130001068115234,35.130001068115234,339600,USD,NYQ,America/New_York,Yahoo Finance
ABVX,2026-08-17,118.87999725341797,123.41999816894531,118.71600341796875,120.7300033569336,120.7300033569336,894800,USD,NGM,America/New_York,Yahoo Finance
ABVX,2026-08-18,120.0,121.25,118.5,118.94000244140625,118.94000244140625,481900,USD,NGM,America/New_York,Yahoo Finance
ABVX,2026-08-19,120.33000183105469,121.08000183105469,119.08000183105469,120.55999755859375,120.55999755859375,637000,USD,NGM,America/New_York,Yahoo Finance
ABVX,2026-08-20,120.0,120.11000061035156,116.19999694824219,118.19499969482422,118.19499969482422,1193500,USD,NGM,America/New_York,Yahoo Finance
ABVX,2026-08-21,117.69000244140625,120.26000213623047,114.5,114.94999694824219,114.94999694824219,987100,USD,NGM,America/New_York,Yahoo Finance
ABVX,2026-08-24,114.0,116.22000122070312,113.29000091552734,116.1500015258789,116.1500015258789,1290100,USD,NGM,America/New_York,Yahoo Finance
ABVX,2026-08-25,118.19000244140625,121.44999694824219,117.66000366210938,117.93000030517578,117.93000030517578,853500,USD,NGM,America/New_York,Yahoo Finance
ABVX,2026-08-26,117.0,118.0,116.01000213623047,116.5199966430664,116.5199966430664,511300,USD,NGM,America/New_York,Yahoo Finance
ABVX,2026-08-27,116.69000244140625,117.23999786376953,114.18000030517578,114.30000305175781,114.30000305175781,1074300,USD,NGM,America/New_York,Yahoo Finance
ABVX,2026-08-28,114.33999633789062,115.16999816894531,111.7229995727539,113.3499984741211,113.3499984741211,926200,USD,NGM,America/New_York,Yahoo Finance
ABVX,2026-08-31,112.16999816894531,114.33000183105469,111.36000061035156,111.7300033569336,111.7300033569336,1056700,USD,NGM,America/New_York,Yahoo Finance
ABVX,2026-09-01,111.0,115.11000061035156,110.22000122070312,113.66999816894531,113.66999816894531,991300,USD,NGM,America/New_York,Yahoo Finance
ABVX,2026-09-02,114.37000274658203,115.66000366210938,111.01000213623047,111.08000183105469,111.08000183105469,868100,USD,NGM,America/New_York,Yahoo Finance
ABVX,2026-09-03,112.31199645996094,116.0999984741211,112.0999984741211,114.03500366210938,114.03500366210938,1111800,USD,NGM,America/New_York,Yahoo Finance
ABVX,2026-09-04,114.1500015258789,115.33000183105469,112.78199768066406,114.79000091552734,114.79000091552734,489800,USD,NGM,America/New_York,Yahoo Finance
ABVX,2026-09-08,114.0,120.30000305175781,112.94999694824219,118.94999694824219,118.94999694824219,1605200,USD,NGM,America/New_York,Yahoo Finance
ABVX,2026-09-09,118.19000244140625,120.62999725341797,116.625,119.45999908447266,119.45999908447266,985400,USD,NGM,America/New_York,Yahoo Finance
ABVX,2026-09-10,117.80000305175781,118.75,114.302001953125,115.94999694824219,115.94999694824219,1287200,USD,NGM,America/New_York,Yahoo Finance
ABVX,2026-09-11,115.45999908447266,119.0199966430664,114.68000030517578,118.63999938964844,118.63999938964844,893500,USD,NGM,America/New_York,Yahoo Finance
ABVX,2026-09-14,116.66000366210938,117.13500213623047,113.19999694824219,113.58000183105469,113.58000183105469,1156700,USD,NGM,America/New_York,Yahoo Finance
ABVX,2026-09-15,113.0,113.1050033569336,106.0,106.66000366210938,106.66000366210938,2007100,USD,NGM,America/New_York,Yahoo Finance
ABVX,2026-09-16,106.37999725341797,107.16000366210938,101.28700256347656,102.2300033569336,102.2300033569336,1894300,USD,NGM,America/New_York,Yahoo Finance
ABVX,2026-09-17,104.58999633789062,107.5999984741211,104.1500015258789,106.98999786376953,106.98999786376953,1151900,USD,NGM,America/New_York,Yahoo Finance
ABVX,2026-09-18,107.0,107.18499755859375,103.88999938964844,105.04000091552734,105.04000091552734,876000,USD,NGM,America/New_York,Yahoo Finance
ABVX,2026-09-21,105.72000122070312,105.72000122070312,102.5199966430664,103.44999694824219,103.44999694824219,973000,USD,NGM,America/New_York,Yahoo Finance
ABVX,2026-09-22,102.73999786376953,102.73999786376953,96.73999786376953,98.29000091552734,98.29000091552734,2531400,USD,NGM,America/New_York,Yahoo Finance
ABVX,2026-09-23,98.30000305175781,98.5,92.56999969482422,94.12999725341797,94.12999725341797,2634200,USD,NGM,America/New_York,Yahoo Finance
ABVX,2026-09-24,92.97000122070312,95.87999725341797,91.95999908447266,94.87000274658203,94.87000274658203,1663200,USD,NGM,America/New_York,Yahoo Finance
ABVX,2026-09-25,94.0,94.16000366210938,90.95999908447266,91.05999755859375,91.05999755859375,1484800,USD,NGM,America/New_York,Yahoo Finance
ABVX,2026-09-28,91.5,97.2699966430664,91.44999694824219,96.8499984741211,96.8499984741211,1680000,USD,NGM,America/New_York,Yahoo Finance
ACHC,2026-08-17,30.459999084472656,30.809999465942383,29.65999984741211,30.0,30.0,1467500,USD,NMS,America/New_York,Yahoo Finance
ACHC,2026-08-18,29.68000030517578,30.229999542236328,27.43000030517578,27.459999084472656,27.459999084472656,3919400,USD,NMS,America/New_York,Yahoo Finance
ACHC,2026-08-19,27.770000457763672,29.25,27.110000610351562,27.360000610351562,27.360000610351562,2244200,USD,NMS,America/New_York,Yahoo Finance
ACHC,2026-08-20,27.0,27.81999969482422,26.729999542236328,26.969999313354492,26.969999313354492,1251900,USD,NMS,America/New_York,Yahoo Finance
ACHC,2026-08-21,27.170000076293945,27.84000015258789,26.6200008392334,27.81999969482422,27.81999969482422,1112200,USD,NMS,America/New_York,Yahoo Finance
ACHC,2026-08-24,27.899999618530273,28.950000762939453,27.75,28.719999313354492,28.719999313354492,1438700,USD,NMS,America/New_York,Yahoo Finance
ACHC,2026-08-25,28.8799991607666,29.920000076293945,28.579999923706055,29.8700008392334,29.8700008392334,1911000,USD,NMS,America/New_York,Yahoo Finance
ACHC,2026-08-26,30.149999618530273,32.869998931884766,30.010000228881836,30.579999923706055,30.579999923706055,2029000,USD,NMS,America/New_York,Yahoo Finance
ACHC,2026-08-27,30.139999389648438,30.549999237060547,29.389999389648438,30.219999313354492,30.219999313354492,1322900,USD,NMS,America/New_York,Yahoo Finance
ACHC,2026-08-28,30.149999618530273,30.350000381469727,28.3799991607666,28.549999237060547,28.549999237060547,1225800,USD,NMS,America/New_York,Yahoo Finance
ACHC,2026-08-31,28.270000457763672,28.549999237060547,27.489999771118164,27.559999465942383,27.559999465942383,2076100,USD,NMS,America/New_York,Yahoo Finance
ACHC,2026-09-01,27.790000915527344,28.719999313354492,27.649999618530273,28.25,28.25,1451000,USD,NMS,America/New_York,Yahoo Finance
ACHC,2026-09-02,28.190000534057617,28.59000015258789,27.5,27.75,27.75,1138400,USD,NMS,America/New_York,Yahoo Finance
ACHC,2026-09-03,27.729999542236328,28.389999389648438,27.34000015258789,28.3799991607666,28.3799991607666,1150100,USD,NMS,America/New_York,Yahoo Finance
ACHC,2026-09-04,28.239999771118164,28.770000457763672,27.809999465942383,28.1299991607666,28.1299991607666,835000,USD,NMS,America/New_York,Yahoo Finance
ACHC,2026-09-08,27.709999084472656,28.450000762939453,27.450000762939453,27.5,27.5,1316300,USD,NMS,America/New_York,Yahoo Finance
ACHC,2026-09-09,27.420000076293945,28.75,26.850000381469727,28.190000534057617,28.190000534057617,1716900,USD,NMS,America/New_York,Yahoo Finance
ACHC,2026-09-10,27.860000610351562,29.799999237060547,27.81999969482422,28.530000686645508,28.530000686645508,1088000,USD,NMS,America/New_York,Yahoo Finance
ACHC,2026-09-11,28.959999084472656,29.260000228881836,28.229999542236328,28.360000610351562,28.360000610351562,653200,USD,NMS,America/New_York,Yahoo Finance
ACHC,2026-09-14,28.149999618530273,29.399999618530273,27.979999542236328,28.0,28.0,1081800,USD,NMS,America/New_York,Yahoo Finance
ACHC,2026-09-15,27.940000534057617,28.030000686645508,26.969999313354492,27.3799991607666,27.3799991607666,1186400,USD,NMS,America/New_York,Yahoo Finance
ACHC,2026-09-16,27.479999542236328,28.3799991607666,27.079999923706055,28.15999984741211,28.15999984741211,1232300,USD,NMS,America/New_York,Yahoo Finance
ACHC,2026-09-17,28.6299991607666,29.079999923706055,28.15999984741211,28.809999465942383,28.809999465942383,1546000,USD,NMS,America/New_York,Yahoo Finance
ACHC,2026-09-18,28.799999237060547,29.270000457763672,27.75,28.329999923706055,28.329999923706055,2683300,USD,NMS,America/New_York,Yahoo Finance
ACHC,2026-09-21,28.329999923706055,29.139999389648438,28.309999465942383,28.3700008392334,28.3700008392334,1492800,USD,NMS,America/New_York,Yahoo Finance
ACHC,2026-09-22,28.6299991607666,29.690000534057617,28.549999237060547,29.3700008392334,29.3700008392334,2061200,USD,NMS,America/New_York,Yahoo Finance
ACHC,2026-09-23,29.40999984741211,29.780000686645508,28.09000015258789,28.510000228881836,28.510000228881836,2464900,USD,NMS,America/New_York,Yahoo Finance
ACHC,2026-09-24,28.520000457763672,28.649999618530273,27.309999465942383,27.799999237060547,27.799999237060547,2178700,USD,NMS,America/New_York,Yahoo Finance
ACHC,2026-09-25,27.850000381469727,28.3799991607666,27.43000030517578,28.09000015258789,28.09000015258789,1150300,USD,NMS,America/New_York,Yahoo Finance
ACHC,2026-09-28,27.31999969482422,28.049999237060547,27.0,27.90999984741211,27.90999984741211,1120900,USD,NMS,America/New_York,Yahoo Finance
ACI,2026-08-17,12.300000190734863,12.4399995803833,12.095000267028809,12.199999809265137,12.199999809265137,5310100,USD,NYQ,America/New_York,Yahoo Finance
ACI,2026-08-18,12.430000305175781,12.515000343322754,12.1899995803833,12.210000038146973,12.210000038146973,5789300,USD,NYQ,America/New_York,Yahoo Finance
ACI,2026-08-19,12.140000343322754,12.5,12.079999923706055,12.119999885559082,12.119999885559082,5314100,USD,NYQ,America/New_York,Yahoo Finance
ACI,2026-08-20,11.979999542236328,12.0600004196167,11.850000381469727,11.979999542236328,11.979999542236328,5984200,USD,NYQ,America/New_York,Yahoo Finance
ACI,2026-08-21,12.020000457763672,12.420000076293945,11.979999542236328,12.380000114440918,12.380000114440918,6422900,USD,NYQ,America/New_York,Yahoo Finance
ACI,2026-08-24,12.380000114440918,12.744999885559082,12.380000114440918,12.609999656677246,12.609999656677246,5026300,USD,NYQ,America/New_York,Yahoo Finance
ACI,2026-08-25,12.4399995803833,12.604999542236328,12.369999885559082,12.380000114440918,12.380000114440918,4693300,USD,NYQ,America/New_York,Yahoo Finance
ACI,2026-08-26,12.399999618530273,12.520000457763672,12.350000381469727,12.399999618530273,12.399999618530273,5029500,USD,NYQ,America/New_York,Yahoo Finance
ACI,2026-08-27,12.220000267028809,12.347999572753906,12.163999557495117,12.229999542236328,12.229999542236328,4160100,USD,NYQ,America/New_York,Yahoo Finance
ACI,2026-08-28,12.319999694824219,12.640000343322754,12.28499984741211,12.529999732971191,12.529999732971191,5507600,USD,NYQ,America/New_York,Yahoo Finance
ACI,2026-08-31,12.479999542236328,12.59000015258789,12.335000038146973,12.350000381469727,12.350000381469727,7748300,USD,NYQ,America/New_York,Yahoo Finance
ACI,2026-09-01,12.399999618530273,12.670000076293945,12.369999885559082,12.460000038146973,12.460000038146973,6228900,USD,NYQ,America/New_York,Yahoo Finance
ACI,2026-09-02,12.420000076293945,12.6850004196167,12.270000457763672,12.479999542236328,12.479999542236328,11510200,USD,NYQ,America/New_York,Yahoo Finance
ACI,2026-09-03,12.529999732971191,12.6899995803833,12.385000228881836,12.59000015258789,12.59000015258789,4371200,USD,NYQ,America/New_York,Yahoo Finance
ACI,2026-09-04,12.399999618530273,12.640000343322754,12.399999618530273,12.550000190734863,12.550000190734863,4592700,USD,NYQ,America/New_York,Yahoo Finance
ACI,2026-09-08,12.520000457763672,12.569999694824219,12.055000305175781,12.140000343322754,12.140000343322754,7765100,USD,NYQ,America/New_York,Yahoo Finance
ACI,2026-09-09,12.15999984741211,12.15999984741211,11.75,11.850000381469727,11.850000381469727,9964600,USD,NYQ,America/New_York,Yahoo Finance
ACI,2026-09-10,11.920000076293945,11.920000076293945,11.630000114440918,11.699999809265137,11.699999809265137,14437100,USD,NYQ,America/New_York,Yahoo Finance
ACI,2026-09-11,11.670000076293945,12.119999885559082,11.664999961853027,12.079999923706055,12.079999923706055,6054000,USD,NYQ,America/New_York,Yahoo Finance
ACI,2026-09-14,12.069999694824219,12.800000190734863,12.069999694824219,12.720000267028809,12.720000267028809,10277800,USD,NYQ,America/New_York,Yahoo Finance
ACI,2026-09-15,12.649999618530273,13.029999732971191,12.539999961853027,12.84000015258789,12.84000015258789,9993100,USD,NYQ,America/New_York,Yahoo Finance
ACI,2026-09-16,12.760000228881836,12.90999984741211,12.550000190734863,12.5600004196167,12.5600004196167,6550100,USD,NYQ,America/New_York,Yahoo Finance
ACI,2026-09-17,12.600000381469727,12.760000228881836,12.423999786376953,12.5600004196167,12.5600004196167,6920300,USD,NYQ,America/New_York,Yahoo Finance
ACI,2026-09-18,12.539999961853027,12.600000381469727,12.3149995803833,12.350000381469727,12.350000381469727,15300700,USD,NYQ,America/New_York,Yahoo Finance
ACI,2026-09-21,12.279999732971191,12.4399995803833,12.119999885559082,12.119999885559082,12.119999885559082,8276900,USD,NYQ,America/New_York,Yahoo Finance
ACI,2026-09-22,12.25,12.380000114440918,12.069999694824219,12.069999694824219,12.069999694824219,9242900,USD,NYQ,America/New_York,Yahoo Finance
ACI,2026-09-23,12.069999694824219,12.130000114440918,11.680000305175781,11.699999809265137,11.699999809265137,7048200,USD,NYQ,America/New_York,Yahoo Finance
ACI,2026-09-24,11.800000190734863,11.989999771118164,11.75,11.949999809265137,11.949999809265137,5620200,USD,NYQ,America/New_York,Yahoo Finance
ACI,2026-09-25,11.920000076293945,11.920000076293945,11.600000381469727,11.670000076293945,11.670000076293945,7253700,USD,NYQ,America/New_York,Yahoo Finance
ACI,2026-09-28,11.630000114440918,11.890000343322754,11.539999961853027,11.640000343322754,11.640000343322754,7658100,USD,NYQ,America/New_York,Yahoo Finance
ADCT,2026-08-21,0.9739999771118164,1.0,0.9700000286102295,0.996999979019165,0.996999979019165,1088200,USD,NYQ,America/New_York,Yahoo Finance
ADCT,2026-08-24,0.9900000095367432,1.0,0.9509999752044678,0.9649999737739563,0.9649999737739563,640500,USD,NYQ,America/New_York,Yahoo Finance
ADCT,2026-08-25,0.9760000109672546,1.0499999523162842,0.9599999785423279,1.0399999618530273,1.0399999618530273,3923200,USD,NYQ,America/New_York,Yahoo Finance
ADCT,2026-08-26,1.0399999618530273,1.0750000476837158,1.0099999904632568,1.0499999523162842,1.0499999523162842,1947200,USD,NYQ,America/New_York,Yahoo Finance
ADCT,2026-08-27,1.0499999523162842,1.1399999856948853,1.0499999523162842,1.1200000047683716,1.1200000047683716,1403000,USD,NYQ,America/New_York,Yahoo Finance
ADCT,2026-08-28,1.1100000143051147,1.1699999570846558,1.0700000524520874,1.1399999856948853,1.1399999856948853,2577000,USD,NYQ,America/New_York,Yahoo Finance
ADCT,2026-08-31,1.1299999952316284,1.190000057220459,1.125,1.1699999570846558,1.1699999570846558,1251500,USD,NYQ,America/New_York,Yahoo Finance
ADCT,2026-09-01,1.149999976158142,1.2400000095367432,1.1399999856948853,1.2400000095367432,1.2400000095367432,1148500,USD,NYQ,America/New_York,Yahoo Finance
ADCT,2026-09-02,1.2300000190734863,1.350000023841858,1.2300000190734863,1.3200000524520874,1.3200000524520874,1955400,USD,NYQ,America/New_York,Yahoo Finance
ADCT,2026-09-03,1.3200000524520874,1.3700000047683716,1.2999999523162842,1.3200000524520874,1.3200000524520874,2774700,USD,NYQ,America/New_York,Yahoo Finance
ADCT,2026-09-04,1.2999999523162842,1.3700000047683716,1.2999999523162842,1.3600000143051147,1.3600000143051147,1478100,USD,NYQ,America/New_York,Yahoo Finance
ADCT,2026-09-08,1.3300000429153442,1.350000023841858,1.2699999809265137,1.2999999523162842,1.2999999523162842,930700,USD,NYQ,America/New_York,Yahoo Finance
ADCT,2026-09-09,1.2799999713897705,1.309999942779541,1.190999984741211,1.2200000286102295,1.2200000286102295,1709300,USD,NYQ,America/New_York,Yahoo Finance
ADCT,2026-09-10,1.2100000381469727,1.2400000095367432,1.0700000524520874,1.1100000143051147,1.1100000143051147,957200,USD,NYQ,America/New_York,Yahoo Finance
ADCT,2026-09-11,1.1299999952316284,1.156000018119812,1.0399999618530273,1.0700000524520874,1.0700000524520874,989100,USD,NYQ,America/New_York,Yahoo Finance
ADCT,2026-09-14,1.0700000524520874,1.1200000047683716,1.059999942779541,1.1100000143051147,1.1100000143051147,808500,USD,NYQ,America/New_York,Yahoo Finance
ADCT,2026-09-15,1.1200000047683716,1.1200000047683716,1.0299999713897705,1.090000033378601,1.090000033378601,1259800,USD,NYQ,America/New_York,Yahoo Finance
ADCT,2026-09-16,1.090000033378601,1.0950000286102295,1.024999976158142,1.0499999523162842,1.0499999523162842,3317000,USD,NYQ,America/New_York,Yahoo Finance
ADCT,2026-09-17,1.059999942779541,1.100000023841858,1.0099999904632568,1.059999942779541,1.059999942779541,1545600,USD,NYQ,America/New_York,Yahoo Finance
ADCT,2026-09-18,1.059999942779541,1.1449999809265137,1.0499999523162842,1.0499999523162842,1.0499999523162842,1577300,USD,NYQ,America/New_York,Yahoo Finance
ADCT,2026-09-21,1.0499999523162842,1.1299999952316284,1.034999966621399,1.1200000047683716,1.1200000047683716,1899200,USD,NYQ,America/New_York,Yahoo Finance
ADCT,2026-09-22,1.1299999952316284,1.25,1.1200000047683716,1.2300000190734863,1.2300000190734863,1674000,USD,NYQ,America/New_York,Yahoo Finance
ADCT,2026-09-23,1.2400000095367432,1.3200000524520874,1.2100000381469727,1.309999942779541,1.309999942779541,1972400,USD,NYQ,America/New_York,Yahoo Finance
ADCT,2026-09-24,1.3049999475479126,1.309999942779541,1.2400000095367432,1.2899999618530273,1.2899999618530273,1575600,USD,NYQ,America/New_York,Yahoo Finance
ADCT,2026-09-25,1.2599999904632568,1.284999966621399,1.2100000381469727,1.2699999809265137,1.2699999809265137,1076800,USD,NYQ,America/New_York,Yahoo Finance
ADCT,2026-09-28,1.2400000095367432,1.2699999809265137,1.2000000476837158,1.2599999904632568,1.2599999904632568,834600,USD,NYQ,America/New_York,Yahoo Finance
ADCT,2026-09-29,1.2699999809265137,1.2899999618530273,1.2000000476837158,1.2300000190734863,1.2300000190734863,781000,USD,NYQ,America/New_York,Yahoo Finance
ADCT,2026-09-30,1.2300000190734863,1.284999966621399,1.2000000476837158,1.2200000286102295,1.2200000286102295,1112000,USD,NYQ,America/New_York,Yahoo Finance
ADCT,2026-10-01,1.2000000476837158,1.2009999752044678,1.0700000524520874,1.0800000429153442,1.0800000429153442,861100,USD,NYQ,America/New_York,Yahoo Finance
ADCT,2026-10-02,1.100000023841858,1.1399999856948853,1.059999942779541,1.1299999952316284,1.1299999952316284,1320600,USD,NYQ,America/New_York,Yahoo Finance
AFG,2026-08-17,146.00999450683594,148.0,145.14999389648438,146.60000610351562,146.60000610351562,313600,USD,NYQ,America/New_York,Yahoo Finance
AFG,2026-08-18,148.52999877929688,148.7100067138672,145.0500030517578,145.58999633789062,145.58999633789062,367200,USD,NYQ,America/New_York,Yahoo Finance
AFG,2026-08-19,145.8300018310547,146.2100067138672,142.80999755859375,143.2899932861328,143.2899932861328,377100,USD,NYQ,America/New_York,Yahoo Finance
AFG,2026-08-20,143.19000244140625,145.0,142.5500030517578,143.64999389648438,143.64999389648438,349300,USD,NYQ,America/New_York,Yahoo Finance
AFG,2026-08-21,143.5500030517578,144.25999450683594,142.86000061035156,143.6999969482422,143.6999969482422,251800,USD,NYQ,America/New_York,Yahoo Finance
AFG,2026-08-24,144.35000610351562,145.97000122070312,144.08999633789062,144.44000244140625,144.44000244140625,292400,USD,NYQ,America/New_York,Yahoo Finance
AFG,2026-08-25,144.3000030517578,144.3000030517578,142.38999938964844,143.66000366210938,143.66000366210938,316800,USD,NYQ,America/New_York,Yahoo Finance
AFG,2026-08-26,144.0,145.10000610351562,143.52000427246094,144.97000122070312,144.97000122070312,348900,USD,NYQ,America/New_York,Yahoo Finance
AFG,2026-08-27,143.9499969482422,144.30999755859375,141.3000030517578,142.6199951171875,142.6199951171875,291900,USD,NYQ,America/New_York,Yahoo Finance
AFG,2026-08-28,143.58999633789062,143.92999267578125,142.17999267578125,143.6199951171875,143.6199951171875,371700,USD,NYQ,America/New_York,Yahoo Finance
AFG,2026-08-31,143.7899932861328,143.7899932861328,141.74000549316406,142.5500030517578,142.5500030517578,353800,USD,NYQ,America/New_York,Yahoo Finance
AFG,2026-09-01,143.6199951171875,143.6199951171875,141.47000122070312,142.4199981689453,142.4199981689453,267800,USD,NYQ,America/New_York,Yahoo Finance
AFG,2026-09-02,142.8699951171875,143.44000244140625,142.10000610351562,142.60000610351562,142.60000610351562,213700,USD,NYQ,America/New_York,Yahoo Finance
AFG,2026-09-03,143.69000244140625,145.57000732421875,143.39999389648438,144.33999633789062,144.33999633789062,181600,USD,NYQ,America/New_York,Yahoo Finance
AFG,2026-09-04,143.97000122070312,144.41000366210938,142.6999969482422,142.72000122070312,142.72000122070312,166200,USD,NYQ,America/New_York,Yahoo Finance
AFG,2026-09-08,141.94000244140625,142.9499969482422,140.83999633789062,140.8800048828125,140.8800048828125,251100,USD,NYQ,America/New_York,Yahoo Finance
AFG,2026-09-09,140.24000549316406,140.6300048828125,139.25999450683594,140.47999572753906,140.47999572753906,243600,USD,NYQ,America/New_York,Yahoo Finance
AFG,2026-09-10,141.49000549316406,141.89999389648438,140.08999633789062,141.64999389648438,141.64999389648438,208500,USD,NYQ,America/New_York,Yahoo Finance
AFG,2026-09-11,142.72999572753906,143.1999969482422,140.6999969482422,141.9600067138672,141.9600067138672,321800,USD,NYQ,America/New_York,Yahoo Finance
AFG,2026-09-14,143.02000427246094,144.66000366210938,143.02000427246094,143.6999969482422,143.6999969482422,415900,USD,NYQ,America/New_York,Yahoo Finance
AFG,2026-09-15,143.3300018310547,143.9199981689453,142.1699981689453,143.7899932861328,143.7899932861328,780900,USD,NYQ,America/New_York,Yahoo Finance
AFG,2026-09-16,143.1199951171875,144.83999633789062,142.52000427246094,142.97999572753906,142.97999572753906,717100,USD,NYQ,America/New_York,Yahoo Finance
AFG,2026-09-17,143.58999633789062,143.58999633789062,142.35000610351562,142.8699951171875,142.8699951171875,571900,USD,NYQ,America/New_York,Yahoo Finance
AFG,2026-09-18,142.3300018310547,142.64999389648438,140.80999755859375,142.30999755859375,142.30999755859375,1043500,USD,NYQ,America/New_York,Yahoo Finance
AFG,2026-09-21,142.14999389648438,143.00999450683594,139.75999450683594,141.24000549316406,141.24000549316406,296800,USD,NYQ,America/New_York,Yahoo Finance
AFG,2026-09-22,141.1699981689453,141.30999755859375,139.50999450683594,140.47000122070312,140.47000122070312,341900,USD,NYQ,America/New_York,Yahoo Finance
AFG,2026-09-23,140.32000732421875,142.22999572753906,139.5500030517578,139.63999938964844,139.63999938964844,320900,USD,NYQ,America/New_York,Yahoo Finance
AFG,2026-09-24,140.33999633789062,141.2899932861328,138.32000732421875,138.4199981689453,138.4199981689453,333800,USD,NYQ,America/New_York,Yahoo Finance
AFG,2026-09-25,138.67999267578125,138.67999267578125,137.52999877929688,138.22000122070312,138.22000122070312,288800,USD,NYQ,America/New_York,Yahoo Finance
AFG,2026-09-28,138.8300018310547,139.1199951171875,137.55999755859375,138.17999267578125,138.17999267578125,328300,USD,NYQ,America/New_York,Yahoo Finance
AGBK,2026-08-17,6.150000095367432,6.150000095367432,5.989999771118164,6.079999923706055,6.079999923706055,211000,USD,NYQ,America/New_York,Yahoo Finance
AGBK,2026-08-18,6.119999885559082,6.179999828338623,5.909999847412109,5.940000057220459,5.940000057220459,313400,USD,NYQ,America/New_York,Yahoo Finance
AGBK,2026-08-19,5.980000019073486,6.190000057220459,5.940000057220459,6.059999942779541,6.059999942779541,187600,USD,NYQ,America/New_York,Yahoo Finance
AGBK,2026-08-20,6.03000020980835,6.110000133514404,5.940000057220459,5.980000019073486,5.980000019073486,146700,USD,NYQ,America/New_York,Yahoo Finance
AGBK,2026-08-21,6.010000228881836,6.210000038146973,6.010000228881836,6.099999904632568,6.099999904632568,143400,USD,NYQ,America/New_York,Yahoo Finance
AGBK,2026-08-24,6.079999923706055,6.159999847412109,6.03000020980835,6.110000133514404,6.110000133514404,282200,USD,NYQ,America/New_York,Yahoo Finance
AGBK,2026-08-25,6.159999847412109,6.269999980926514,6.139999866485596,6.230000019073486,6.230000019073486,94600,USD,NYQ,America/New_York,Yahoo Finance
AGBK,2026-08-26,6.239999771118164,6.239999771118164,6.079999923706055,6.179999828338623,6.179999828338623,184100,USD,NYQ,America/New_York,Yahoo Finance
AGBK,2026-08-27,6.170000076293945,6.28000020980835,6.099999904632568,6.130000114440918,6.130000114440918,178400,USD,NYQ,America/New_York,Yahoo Finance
AGBK,2026-08-28,6.170000076293945,6.260000228881836,6.039999961853027,6.150000095367432,6.150000095367432,227900,USD,NYQ,America/New_York,Yahoo Finance
AGBK,2026-08-31,6.139999866485596,6.28000020980835,6.079999923706055,6.210000038146973,6.210000038146973,224700,USD,NYQ,America/New_York,Yahoo Finance
AGBK,2026-09-01,6.269999980926514,6.670000076293945,6.269999980926514,6.630000114440918,6.630000114440918,302400,USD,NYQ,America/New_York,Yahoo Finance
AGBK,2026-09-02,6.670000076293945,6.869999885559082,6.659999847412109,6.730000019073486,6.730000019073486,171300,USD,NYQ,America/New_York,Yahoo Finance
AGBK,2026-09-03,6.809999942779541,6.929999828338623,6.769999980926514,6.849999904632568,6.849999904632568,100200,USD,NYQ,America/New_York,Yahoo Finance
AGBK,2026-09-04,6.75,6.840000152587891,6.570000171661377,6.75,6.75,96000,USD,NYQ,America/New_York,Yahoo Finance
AGBK,2026-09-08,6.769999980926514,6.909999847412109,6.699999809265137,6.78000020980835,6.78000020980835,135000,USD,NYQ,America/New_York,Yahoo Finance
AGBK,2026-09-09,6.75,6.789999961853027,6.659999847412109,6.710000038146973,6.710000038146973,253800,USD,NYQ,America/New_York,Yahoo Finance
AGBK,2026-09-10,6.670000076293945,6.889999866485596,6.599999904632568,6.769999980926514,6.769999980926514,199400,USD,NYQ,America/New_York,Yahoo Finance
AGBK,2026-09-11,6.829999923706055,6.860000133514404,6.610000133514404,6.650000095367432,6.650000095367432,139200,USD,NYQ,America/New_York,Yahoo Finance
AGBK,2026-09-14,6.679999828338623,6.71999979019165,6.329999923706055,6.440000057220459,6.440000057220459,148700,USD,NYQ,America/New_York,Yahoo Finance
AGBK,2026-09-15,6.369999885559082,6.400000095367432,6.28000020980835,6.340000152587891,6.340000152587891,141400,USD,NYQ,America/New_York,Yahoo Finance
AGBK,2026-09-16,6.329999923706055,6.329999923706055,6.130000114440918,6.190000057220459,6.190000057220459,183400,USD,NYQ,America/New_York,Yahoo Finance
AGBK,2026-09-17,6.349999904632568,6.349999904632568,6.159999847412109,6.239999771118164,6.239999771118164,145800,USD,NYQ,America/New_York,Yahoo Finance
AGBK,2026-09-18,6.190000057220459,6.239999771118164,6.119999885559082,6.179999828338623,6.179999828338623,130200,USD,NYQ,America/New_York,Yahoo Finance
AGBK,2026-09-21,6.210000038146973,6.289999961853027,6.139999866485596,6.210000038146973,6.210000038146973,97700,USD,NYQ,America/New_York,Yahoo Finance
AGBK,2026-09-22,6.300000190734863,6.300000190734863,6.019999980926514,6.039999961853027,6.039999961853027,119900,USD,NYQ,America/New_York,Yahoo Finance
AGBK,2026-09-23,6.070000171661377,6.070000171661377,5.800000190734863,5.829999923706055,5.829999923706055,247600,USD,NYQ,America/New_York,Yahoo Finance
AGBK,2026-09-24,5.840000152587891,5.949999809265137,5.730000019073486,5.809999942779541,5.809999942779541,144100,USD,NYQ,America/New_York,Yahoo Finance
AGBK,2026-09-25,5.860000133514404,5.889999866485596,5.760000228881836,5.889999866485596,5.889999866485596,104100,USD,NYQ,America/New_York,Yahoo Finance
AGBK,2026-09-28,5.789999961853027,5.849999904632568,5.699999809265137,5.760000228881836,5.760000228881836,131400,USD,NYQ,America/New_York,Yahoo Finance
AGNT,2026-08-21,4.570000171661377,4.639999866485596,4.429999828338623,4.570000171661377,4.570000171661377,1304900,USD,NGM,America/New_York,Yahoo Finance
AGNT,2026-08-24,4.539999961853027,4.599999904632568,4.389999866485596,4.550000190734863,4.550000190734863,1000200,USD,NGM,America/New_York,Yahoo Finance
AGNT,2026-08-25,4.559999942779541,4.599999904632568,4.460000038146973,4.559999942779541,4.559999942779541,736400,USD,NGM,America/New_York,Yahoo Finance
AGNT,2026-08-26,4.559999942779541,4.559999942779541,4.335000038146973,4.380000114440918,4.380000114440918,730700,USD,NGM,America/New_York,Yahoo Finance
AGNT,2026-08-27,4.349999904632568,4.349999904632568,4.164999961853027,4.210000038146973,4.210000038146973,982100,USD,NGM,America/New_York,Yahoo Finance
AGNT,2026-08-28,4.210000038146973,4.315000057220459,4.179999828338623,4.239999771118164,4.239999771118164,953600,USD,NGM,America/New_York,Yahoo Finance
AGNT,2026-08-31,4.170000076293945,4.21999979019165,4.051000118255615,4.119999885559082,4.119999885559082,2449000,USD,NGM,America/New_York,Yahoo Finance
AGNT,2026-09-01,4.039999961853027,4.085000038146973,3.880000114440918,3.9200000762939453,3.9200000762939453,1713900,USD,NGM,America/New_York,Yahoo Finance
AGNT,2026-09-02,3.9700000286102295,4.010000228881836,3.9000000953674316,3.990000009536743,3.990000009536743,1500800,USD,NGM,America/New_York,Yahoo Finance
AGNT,2026-09-03,4.070000171661377,4.159999847412109,3.9800000190734863,4.039999961853027,4.039999961853027,1239100,USD,NGM,America/New_York,Yahoo Finance
AGNT,2026-09-04,4.039999961853027,4.105000019073486,3.940000057220459,4.03000020980835,4.03000020980835,1122000,USD,NGM,America/New_York,Yahoo Finance
AGNT,2026-09-08,4.03000020980835,4.090000152587891,3.940000057220459,3.9800000190734863,3.9800000190734863,2001000,USD,NGM,America/New_York,Yahoo Finance
AGNT,2026-09-09,3.880000114440918,3.9100000858306885,3.630000114440918,3.694999933242798,3.694999933242798,1935800,USD,NGM,America/New_York,Yahoo Finance
AGNT,2026-09-10,3.690000057220459,3.799999952316284,3.609999895095825,3.75,3.75,1850200,USD,NGM,America/New_York,Yahoo Finance
AGNT,2026-09-11,3.809999942779541,4.074999809265137,3.7799999713897705,4.019999980926514,4.019999980926514,1482300,USD,NGM,America/New_York,Yahoo Finance
AGNT,2026-09-14,4.019999980926514,4.204999923706055,3.9749999046325684,4.110000133514404,4.110000133514404,1856900,USD,NGM,America/New_York,Yahoo Finance
AGNT,2026-09-15,4.050000190734863,4.079999923706055,3.865000009536743,3.880000114440918,3.880000114440918,1345100,USD,NGM,America/New_York,Yahoo Finance
AGNT,2026-09-16,3.880000114440918,3.9649999141693115,3.819999933242798,3.9000000953674316,3.9000000953674316,1673800,USD,NGM,America/New_York,Yahoo Finance
AGNT,2026-09-17,3.9800000190734863,3.990000009536743,3.7799999713897705,3.869999885559082,3.869999885559082,1936400,USD,NGM,America/New_York,Yahoo Finance
AGNT,2026-09-18,3.869999885559082,3.8949999809265137,3.759999990463257,3.7899999618530273,3.7899999618530273,4028700,USD,NGM,America/New_York,Yahoo Finance
AGNT,2026-09-21,3.75,3.9000000953674316,3.75,3.8499999046325684,3.8499999046325684,2120000,USD,NGM,America/New_York,Yahoo Finance
AGNT,2026-09-22,3.940000057220459,3.950000047683716,3.7100000381469727,3.8299999237060547,3.8299999237060547,2169600,USD,NGM,America/New_York,Yahoo Finance
AGNT,2026-09-23,3.819999933242798,3.819999933242798,3.5299999713897705,3.5399999618530273,3.5399999618530273,1953900,USD,NGM,America/New_York,Yahoo Finance
AGNT,2026-09-24,3.5199999809265137,3.5999999046325684,3.4000000953674316,3.5299999713897705,3.5299999713897705,1889300,USD,NGM,America/New_York,Yahoo Finance
AGNT,2026-09-25,3.5199999809265137,3.7100000381469727,3.4600000381469727,3.630000114440918,3.630000114440918,1711700,USD,NGM,America/New_York,Yahoo Finance
AGNT,2026-09-28,3.569999933242798,3.700000047683716,3.5,3.509999990463257,3.509999990463257,1415900,USD,NGM,America/New_York,Yahoo Finance
AGNT,2026-09-29,3.5,3.680000066757202,3.4800000190734863,3.549999952316284,3.549999952316284,1446700,USD,NGM,America/New_York,Yahoo Finance
AGNT,2026-09-30,3.5899999141693115,3.680000066757202,3.559999942779541,3.6700000762939453,3.6700000762939453,1822400,USD,NGM,America/New_York,Yahoo Finance
AGNT,2026-10-01,3.6500000953674316,3.690000057220459,3.440000057220459,3.559999942779541,3.559999942779541,1782000,USD,NGM,America/New_York,Yahoo Finance
AGNT,2026-10-02,3.559999942779541,3.700000047683716,3.559999942779541,3.6500000953674316,3.6500000953674316,1574500,USD,NGM,America/New_York,Yahoo Finance
AGO,2026-08-17,76.63999938964844,76.94999694824219,76.08999633789062,76.22000122070312,75.83499908447266,238900,USD,NYQ,America/New_York,Yahoo Finance
AGO,2026-08-18,76.93000030517578,77.11000061035156,75.37999725341797,75.52999877929688,75.14848327636719,279600,USD,NYQ,America/New_York,Yahoo Finance
AGO,2026-08-19,75.7699966430664,76.87999725341797,74.91999816894531,75.2300033569336,74.8499984741211,251600,USD,NYQ,America/New_York,Yahoo Finance
AGO,2026-08-20,74.88999938964844,75.08999633789062,74.12999725341797,74.27999877929688,74.27999877929688,305100,USD,NYQ,America/New_York,Yahoo Finance
AGO,2026-08-21,74.06999969482422,74.87999725341797,74.05999755859375,74.44000244140625,74.44000244140625,439900,USD,NYQ,America/New_York,Yahoo Finance
AGO,2026-08-24,74.69000244140625,75.69999694824219,74.12000274658203,74.19000244140625,74.19000244140625,471400,USD,NYQ,America/New_York,Yahoo Finance
AGO,2026-08-25,74.33999633789062,75.18000030517578,73.41000366210938,75.13999938964844,75.13999938964844,457700,USD,NYQ,America/New_York,Yahoo Finance
AGO,2026-08-26,75.13999938964844,76.66999816894531,75.13999938964844,75.91000366210938,75.91000366210938,526100,USD,NYQ,America/New_York,Yahoo Finance
AGO,2026-08-27,75.13999938964844,76.25,75.05000305175781,75.83999633789062,75.83999633789062,464600,USD,NYQ,America/New_York,Yahoo Finance
AGO,2026-08-28,76.16000366210938,76.80000305175781,74.51000213623047,75.52999877929688,75.52999877929688,382700,USD,NYQ,America/New_York,Yahoo Finance
AGO,2026-08-31,75.43000030517578,75.44000244140625,74.11000061035156,74.69999694824219,74.69999694824219,402000,USD,NYQ,America/New_York,Yahoo Finance
AGO,2026-09-01,74.95999908447266,75.51000213623047,74.12000274658203,74.45999908447266,74.45999908447266,279900,USD,NYQ,America/New_York,Yahoo Finance
AGO,2026-09-02,74.98999786376953,76.05999755859375,74.69999694824219,75.02999877929688,75.02999877929688,319400,USD,NYQ,America/New_York,Yahoo Finance
AGO,2026-09-03,75.58999633789062,76.19000244140625,75.48999786376953,75.81999969482422,75.81999969482422,295700,USD,NYQ,America/New_York,Yahoo Finance
AGO,2026-09-04,75.26000213623047,75.80999755859375,75.0,75.69000244140625,75.69000244140625,403200,USD,NYQ,America/New_York,Yahoo Finance
AGO,2026-09-08,74.77999877929688,75.19000244140625,72.91999816894531,73.0,73.0,322900,USD,NYQ,America/New_York,Yahoo Finance
AGO,2026-09-09,72.62000274658203,73.18000030517578,72.12999725341797,72.20999908447266,72.20999908447266,535700,USD,NYQ,America/New_York,Yahoo Finance
AGO,2026-09-10,72.69000244140625,73.38999938964844,72.19999694824219,73.06999969482422,73.06999969482422,470600,USD,NYQ,America/New_York,Yahoo Finance
AGO,2026-09-11,73.37999725341797,73.97000122070312,72.54000091552734,72.93000030517578,72.93000030517578,386900,USD,NYQ,America/New_York,Yahoo Finance
AGO,2026-09-14,73.31999969482422,74.12999725341797,72.41999816894531,72.91999816894531,72.91999816894531,413800,USD,NYQ,America/New_York,Yahoo Finance
AGO,2026-09-15,72.37999725341797,72.56999969482422,70.58999633789062,71.36000061035156,71.36000061035156,575600,USD,NYQ,America/New_York,Yahoo Finance
AGO,2026-09-16,71.55999755859375,72.33999633789062,71.18000030517578,71.29000091552734,71.29000091552734,494600,USD,NYQ,America/New_York,Yahoo Finance
AGO,2026-09-17,71.98999786376953,72.30000305175781,70.81999969482422,71.08000183105469,71.08000183105469,566700,USD,NYQ,America/New_York,Yahoo Finance
AGO,2026-09-18,70.6500015258789,71.16999816894531,69.95999908447266,70.3499984741211,70.3499984741211,1697600,USD,NYQ,America/New_York,Yahoo Finance
AGO,2026-09-21,71.1500015258789,71.47000122070312,70.5,71.06999969482422,71.06999969482422,504800,USD,NYQ,America/New_York,Yahoo Finance
AGO,2026-09-22,71.22000122070312,71.2699966430664,70.19000244140625,70.73999786376953,70.73999786376953,572300,USD,NYQ,America/New_York,Yahoo Finance
AGO,2026-09-23,70.87000274658203,71.33000183105469,68.80000305175781,68.98999786376953,68.98999786376953,555200,USD,NYQ,America/New_York,Yahoo Finance
AGO,2026-09-24,69.55999755859375,69.55999755859375,68.02999877929688,68.4000015258789,68.4000015258789,624100,USD,NYQ,America/New_York,Yahoo Finance
AGO,2026-09-25,70.12000274658203,71.19999694824219,69.08999633789062,69.48999786376953,69.48999786376953,762800,USD,NYQ,America/New_York,Yahoo Finance
AGO,2026-09-28,69.6500015258789,69.77999877929688,68.91000366210938,69.38999938964844,69.38999938964844,502700,USD,NYQ,America/New_York,Yahoo Finance
AIAI,2026-08-21,4.789999961853027,8.300000190734863,4.789999961853027,6.619999885559082,6.619999885559082,13128500,USD,NGM,America/New_York,Yahoo Finance
AIAI,2026-08-24,6.360000133514404,6.539999961853027,5.300000190734863,5.309999942779541,5.309999942779541,907200,USD,NGM,America/New_York,Yahoo Finance
AIAI,2026-08-25,5.389999866485596,5.800000190734863,4.170000076293945,4.289999961853027,4.289999961853027,902300,USD,NGM,America/New_York,Yahoo Finance
AIAI,2026-08-26,4.309999942779541,4.630000114440918,3.700000047683716,3.940000057220459,3.940000057220459,790400,USD,NGM,America/New_York,Yahoo Finance
AIAI,2026-08-27,3.9200000762939453,4.110000133514404,3.7100000381469727,3.990000009536743,3.990000009536743,542900,USD,NGM,America/New_York,Yahoo Finance
AIAI,2026-08-28,3.940000057220459,4.199999809265137,3.799999952316284,4.059999942779541,4.059999942779541,261200,USD,NGM,America/New_York,Yahoo Finance
AIAI,2026-08-31,4.019999980926514,4.28000020980835,3.6500000953674316,3.7300000190734863,3.7300000190734863,274600,USD,NGM,America/New_York,Yahoo Finance
AIAI,2026-09-01,3.680000066757202,3.799999952316284,3.3499999046325684,3.4800000190734863,3.4800000190734863,343600,USD,NGM,America/New_York,Yahoo Finance
AIAI,2026-09-02,3.430000066757202,3.890000104904175,3.4000000953674316,3.700000047683716,3.700000047683716,354300,USD,NGM,America/New_York,Yahoo Finance
AIAI,2026-09-03,3.809999942779541,4.230000019073486,3.5799999237060547,4.199999809265137,4.199999809265137,384200,USD,NGM,America/New_York,Yahoo Finance
AIAI,2026-09-04,4.170000076293945,4.25,3.809999942779541,4.179999828338623,4.179999828338623,378400,USD,NGM,America/New_York,Yahoo Finance
AIAI,2026-09-08,4.130000114440918,4.300000190734863,3.8399999141693115,3.950000047683716,3.950000047683716,423200,USD,NGM,America/New_York,Yahoo Finance
AIAI,2026-09-09,3.880000114440918,4.150000095367432,3.4100000858306885,3.4200000762939453,3.4200000762939453,359000,USD,NGM,America/New_York,Yahoo Finance
AIAI,2026-09-10,3.430000066757202,3.5199999809265137,3.0299999713897705,3.2699999809265137,3.2699999809265137,377800,USD,NGM,America/New_York,Yahoo Finance
AIAI,2026-09-11,3.319999933242798,3.5199999809265137,3.1700000762939453,3.359999895095825,3.359999895095825,202800,USD,NGM,America/New_York,Yahoo Finance
AIAI,2026-09-14,3.299999952316284,3.490000009536743,3.25,3.4100000858306885,3.4100000858306885,290800,USD,NGM,America/New_York,Yahoo Finance
AIAI,2026-09-15,3.430000066757202,3.630000114440918,3.4000000953674316,3.4800000190734863,3.4800000190734863,214200,USD,NGM,America/New_York,Yahoo Finance
AIAI,2026-09-16,3.5299999713897705,3.5399999618530273,3.25,3.4200000762939453,3.4200000762939453,725800,USD,NGM,America/New_York,Yahoo Finance
AIAI,2026-09-17,3.450000047683716,4.269999980926514,3.0999999046325684,3.2799999713897705,3.2799999713897705,1182800,USD,NGM,America/New_York,Yahoo Finance
AIAI,2026-09-18,3.299999952316284,3.9800000190734863,3.25,3.5399999618530273,3.5399999618530273,1487800,USD,NGM,America/New_York,Yahoo Finance
AIAI,2026-09-21,3.5399999618530273,4.010000228881836,3.359999895095825,3.450000047683716,3.450000047683716,1015000,USD,NGM,America/New_York,Yahoo Finance
AIAI,2026-09-22,3.390000104904175,3.740000009536743,3.299999952316284,3.5,3.5,865600,USD,NGM,America/New_York,Yahoo Finance
AIAI,2026-09-23,3.450000047683716,3.509999990463257,3.25,3.2699999809265137,3.2699999809265137,266400,USD,NGM,America/New_York,Yahoo Finance
AIAI,2026-09-24,3.309999942779541,3.509999990463257,3.200000047683716,3.3299999237060547,3.3299999237060547,291000,USD,NGM,America/New_York,Yahoo Finance
AIAI,2026-09-25,3.3399999141693115,3.700000047683716,3.2799999713897705,3.640000104904175,3.640000104904175,257800,USD,NGM,America/New_York,Yahoo Finance
AIAI,2026-09-28,3.609999895095825,3.869999885559082,3.5299999713897705,3.740000009536743,3.740000009536743,160500,USD,NGM,America/New_York,Yahoo Finance
AIAI,2026-09-29,3.819999933242798,3.819999933242798,3.069999933242798,3.1500000953674316,3.1500000953674316,631600,USD,NGM,America/New_York,Yahoo Finance
AIAI,2026-09-30,3.1500000953674316,3.3299999237060547,3.069999933242798,3.2100000381469727,3.2100000381469727,236000,USD,NGM,America/New_York,Yahoo Finance
AIAI,2026-10-01,3.2699999809265137,3.5999999046325684,3.1700000762939453,3.299999952316284,3.299999952316284,294800,USD,NGM,America/New_York,Yahoo Finance
AIAI,2026-10-02,3.3299999237060547,3.5199999809265137,3.299999952316284,3.5,3.5,103400,USD,NGM,America/New_York,Yahoo Finance
AIIR,2026-08-17,7.579999923706055,8.640000343322754,7.579999923706055,7.699999809265137,7.699999809265137,21800,USD,NCM,America/New_York,Yahoo Finance
AIIR,2026-08-18,7.699999809265137,8.199999809265137,7.5,7.900000095367432,7.900000095367432,13500,USD,NCM,America/New_York,Yahoo Finance
AIIR,2026-08-19,7.489999771118164,8.119999885559082,7.46999979019165,7.75,7.75,31400,USD,NCM,America/New_York,Yahoo Finance
AIIR,2026-08-20,7.980000019073486,7.980000019073486,6.900000095367432,7.25,7.25,9400,USD,NCM,America/New_York,Yahoo Finance
AIIR,2026-08-21,7.5,7.739999771118164,7.269999980926514,7.739999771118164,7.739999771118164,8500,USD,NCM,America/New_York,Yahoo Finance
AIIR,2026-08-24,7.65500020980835,7.900000095367432,7.21999979019165,7.21999979019165,7.21999979019165,7600,USD,NCM,America/New_York,Yahoo Finance
AIIR,2026-08-25,7.110000133514404,7.25,6.699999809265137,6.864999771118164,6.864999771118164,8100,USD,NCM,America/New_York,Yahoo Finance
AIIR,2026-08-26,7.460000038146973,7.460000038146973,6.659999847412109,6.809999942779541,6.809999942779541,3000,USD,NCM,America/New_York,Yahoo Finance
AIIR,2026-08-27,7.03000020980835,8.300000190734863,7.010000228881836,7.980000019073486,7.980000019073486,23200,USD,NCM,America/New_York,Yahoo Finance
AIIR,2026-08-28,8.970000267028809,8.970000267028809,6.980000019073486,7.46999979019165,7.46999979019165,19200,USD,NCM,America/New_York,Yahoo Finance
AIIR,2026-08-31,6.539999961853027,8.449999809265137,6.539999961853027,7.480000019073486,7.480000019073486,8500,USD,NCM,America/New_York,Yahoo Finance
AIIR,2026-09-01,7.888999938964844,7.888999938964844,7.46999979019165,7.46999979019165,7.46999979019165,2200,USD,NCM,America/New_York,Yahoo Finance
AIIR,2026-09-02,8.0,8.0,7.400000095367432,7.400000095367432,7.400000095367432,7700,USD,NCM,America/New_York,Yahoo Finance
AIIR,2026-09-03,7.96999979019165,8.0,7.079999923706055,7.119999885559082,7.119999885559082,4600,USD,NCM,America/New_York,Yahoo Finance
AIIR,2026-09-04,6.860000133514404,7.400000095367432,6.860000133514404,7.300000190734863,7.300000190734863,3200,USD,NCM,America/New_York,Yahoo Finance
AIIR,2026-09-08,7.199999809265137,7.96999979019165,7.159999847412109,7.159999847412109,7.159999847412109,11400,USD,NCM,America/New_York,Yahoo Finance
AIIR,2026-09-09,7.110000133514404,7.820000171661377,7.0,7.284999847412109,7.284999847412109,6100,USD,NCM,America/New_York,Yahoo Finance
AIIR,2026-09-10,7.269999980926514,7.690000057220459,7.265999794006348,7.679999828338623,7.679999828338623,6700,USD,NCM,America/New_York,Yahoo Finance
AIIR,2026-09-11,7.199999809265137,7.5,7.199999809265137,7.25,7.25,4200,USD,NCM,America/New_York,Yahoo Finance
AIIR,2026-09-14,7.199999809265137,7.739999771118164,6.769999980926514,7.289999961853027,7.289999961853027,5400,USD,NCM,America/New_York,Yahoo Finance
AIIR,2026-09-15,7.289999961853027,7.289999961853027,7.289999961853027,7.289999961853027,7.289999961853027,0,USD,NCM,America/New_York,Yahoo Finance
AIIR,2026-09-16,7.150000095367432,7.420000076293945,7.079999923706055,7.159999847412109,7.159999847412109,4000,USD,NCM,America/New_York,Yahoo Finance
AIIR,2026-09-17,6.650000095367432,7.769999980926514,6.650000095367432,7.769999980926514,7.769999980926514,1600,USD,NCM,America/New_York,Yahoo Finance
AIIR,2026-09-18,7.208000183105469,7.440000057220459,7.208000183105469,7.440000057220459,7.440000057220459,900,USD,NCM,America/New_York,Yahoo Finance
AIIR,2026-09-21,6.980000019073486,7.525000095367432,6.980000019073486,7.525000095367432,7.525000095367432,1000,USD,NCM,America/New_York,Yahoo Finance
AIIR,2026-09-22,7.947999954223633,7.947999954223633,7.489999771118164,7.489999771118164,7.489999771118164,4900,USD,NCM,America/New_York,Yahoo Finance
AIIR,2026-09-23,7.489999771118164,7.489999771118164,7.489999771118164,7.489999771118164,7.489999771118164,0,USD,NCM,America/New_York,Yahoo Finance
AIIR,2026-09-24,7.75,7.849999904632568,7.110000133514404,7.46999979019165,7.46999979019165,6500,USD,NCM,America/New_York,Yahoo Finance
AIIR,2026-09-25,7.670000076293945,7.75,7.590000152587891,7.619999885559082,7.619999885559082,2100,USD,NCM,America/New_York,Yahoo Finance
AIIR,2026-09-28,7.340000152587891,7.760000228881836,6.659999847412109,7.059999942779541,7.059999942779541,292500,USD,NCM,America/New_York,Yahoo Finance
AIT,2026-08-17,358.3299865722656,361.3800048828125,355.7900085449219,358.7799987792969,358.7799987792969,327200,USD,NYQ,America/New_York,Yahoo Finance
AIT,2026-08-18,357.9700012207031,357.9700012207031,352.69000244140625,354.3500061035156,354.3500061035156,296500,USD,NYQ,America/New_York,Yahoo Finance
AIT,2026-08-19,356.5899963378906,356.5899963378906,346.1000061035156,346.19000244140625,346.19000244140625,345500,USD,NYQ,America/New_York,Yahoo Finance
AIT,2026-08-20,343.82000732421875,345.3800048828125,337.79998779296875,340.3399963378906,340.3399963378906,222600,USD,NYQ,America/New_York,Yahoo Finance
AIT,2026-08-21,342.9599914550781,342.9599914550781,339.2699890136719,341.6199951171875,341.6199951171875,211700,USD,NYQ,America/New_York,Yahoo Finance
AIT,2026-08-24,341.6099853515625,344.5,336.4200134277344,338.75,338.75,195400,USD,NYQ,America/New_York,Yahoo Finance
AIT,2026-08-25,342.69000244140625,343.3399963378906,335.19000244140625,335.6400146484375,335.6400146484375,201600,USD,NYQ,America/New_York,Yahoo Finance
AIT,2026-08-26,337.9599914550781,343.7099914550781,336.70001220703125,342.44000244140625,342.44000244140625,204600,USD,NYQ,America/New_York,Yahoo Finance
AIT,2026-08-27,340.0,340.7799987792969,336.2799987792969,338.3900146484375,338.3900146484375,208300,USD,NYQ,America/New_York,Yahoo Finance
AIT,2026-08-28,340.67999267578125,340.9599914550781,318.2699890136719,322.2200012207031,322.2200012207031,510000,USD,NYQ,America/New_York,Yahoo Finance
AIT,2026-08-31,322.4800109863281,324.760009765625,318.6700134277344,323.9800109863281,323.9800109863281,370000,USD,NYQ,America/New_York,Yahoo Finance
AIT,2026-09-01,322.3699951171875,324.0,317.8800048828125,319.1099853515625,319.1099853515625,341600,USD,NYQ,America/New_York,Yahoo Finance
AIT,2026-09-02,319.5400085449219,323.010009765625,315.7699890136719,319.45001220703125,319.45001220703125,230600,USD,NYQ,America/New_York,Yahoo Finance
AIT,2026-09-03,321.4800109863281,322.5899963378906,314.8500061035156,322.4599914550781,322.4599914550781,254100,USD,NYQ,America/New_York,Yahoo Finance
AIT,2026-09-04,319.17999267578125,326.239990234375,319.0799865722656,325.57000732421875,325.57000732421875,199100,USD,NYQ,America/New_York,Yahoo Finance
AIT,2026-09-08,325.57000732421875,327.7300109863281,321.6499938964844,326.6600036621094,326.6600036621094,365300,USD,NYQ,America/New_York,Yahoo Finance
AIT,2026-09-09,326.6600036621094,327.010009765625,322.05999755859375,324.8500061035156,324.8500061035156,258100,USD,NYQ,America/New_York,Yahoo Finance
AIT,2026-09-10,322.8999938964844,322.8999938964844,316.010009765625,318.5799865722656,318.5799865722656,223900,USD,NYQ,America/New_York,Yahoo Finance
AIT,2026-09-11,322.20001220703125,324.1600036621094,319.7900085449219,323.7799987792969,323.7799987792969,231200,USD,NYQ,America/New_York,Yahoo Finance
AIT,2026-09-14,321.739990234375,321.75,316.75,319.2099914550781,319.2099914550781,217700,USD,NYQ,America/New_York,Yahoo Finance
AIT,2026-09-15,321.6700134277344,321.6700134277344,314.2699890136719,315.82000732421875,315.82000732421875,222700,USD,NYQ,America/New_York,Yahoo Finance
AIT,2026-09-16,317.7300109863281,321.75,312.25,315.1099853515625,315.1099853515625,361700,USD,NYQ,America/New_York,Yahoo Finance
AIT,2026-09-17,320.7099914550781,320.7099914550781,313.6300048828125,316.9800109863281,316.9800109863281,242800,USD,NYQ,America/New_York,Yahoo Finance
AIT,2026-09-18,320.3500061035156,321.94000244140625,313.1400146484375,321.8399963378906,321.8399963378906,974200,USD,NYQ,America/New_York,Yahoo Finance
AIT,2026-09-21,318.0199890136719,324.3900146484375,314.44000244140625,320.3900146484375,320.3900146484375,299000,USD,NYQ,America/New_York,Yahoo Finance
AIT,2026-09-22,323.6199951171875,330.239990234375,320.1199951171875,329.7900085449219,329.7900085449219,358300,USD,NYQ,America/New_York,Yahoo Finance
AIT,2026-09-23,329.3900146484375,334.8599853515625,329.3900146484375,333.4700012207031,333.4700012207031,239400,USD,NYQ,America/New_York,Yahoo Finance
AIT,2026-09-24,332.9700012207031,335.82000732421875,329.7099914550781,332.0199890136719,332.0199890136719,173900,USD,NYQ,America/New_York,Yahoo Finance
AIT,2026-09-25,331.7900085449219,334.3500061035156,330.80999755859375,333.3900146484375,333.3900146484375,172500,USD,NYQ,America/New_York,Yahoo Finance
AIT,2026-09-28,332.07000732421875,339.2099914550781,331.8299865722656,337.4200134277344,337.4200134277344,232000,USD,NYQ,America/New_York,Yahoo Finance
AKAM,2026-08-17,124.55999755859375,125.58000183105469,121.56999969482422,122.97000122070312,122.97000122070312,2492200,USD,NMS,America/New_York,Yahoo Finance
AKAM,2026-08-18,121.48999786376953,123.79000091552734,115.11000061035156,115.19999694824219,115.19999694824219,3407000,USD,NMS,America/New_York,Yahoo Finance
AKAM,2026-08-19,115.80000305175781,116.80000305175781,110.36000061035156,112.83999633789062,112.83999633789062,3874300,USD,NMS,America/New_York,Yahoo Finance
AKAM,2026-08-20,112.19000244140625,112.72000122070312,109.48999786376953,110.08999633789062,110.08999633789062,2118900,USD,NMS,America/New_York,Yahoo Finance
AKAM,2026-08-21,110.26000213623047,112.51000213623047,109.58999633789062,110.41999816894531,110.41999816894531,3011500,USD,NMS,America/New_York,Yahoo Finance
AKAM,2026-08-24,110.0,110.0,105.19999694824219,105.66000366210938,105.66000366210938,2759300,USD,NMS,America/New_York,Yahoo Finance
AKAM,2026-08-25,106.0,107.2699966430664,104.06999969482422,105.73999786376953,105.73999786376953,2978100,USD,NMS,America/New_York,Yahoo Finance
AKAM,2026-08-26,105.55999755859375,109.52999877929688,105.41999816894531,108.05999755859375,108.05999755859375,3374800,USD,NMS,America/New_York,Yahoo Finance
AKAM,2026-08-27,109.75,111.8499984741211,108.81999969482422,111.23999786376953,111.23999786376953,3042400,USD,NMS,America/New_York,Yahoo Finance
AKAM,2026-08-28,110.91000366210938,112.4000015258789,106.87999725341797,107.47000122070312,107.47000122070312,2583100,USD,NMS,America/New_York,Yahoo Finance
AKAM,2026-08-31,107.05999755859375,109.69000244140625,107.02999877929688,108.62000274658203,108.62000274658203,2403400,USD,NMS,America/New_York,Yahoo Finance
AKAM,2026-09-01,108.91999816894531,109.98999786376953,105.77999877929688,106.45999908447266,106.45999908447266,2700900,USD,NMS,America/New_York,Yahoo Finance
AKAM,2026-09-02,106.0,106.33999633789062,104.01000213623047,105.08999633789062,105.08999633789062,2172400,USD,NMS,America/New_York,Yahoo Finance
AKAM,2026-09-03,105.41999816894531,106.55999755859375,102.55000305175781,106.5,106.5,3350700,USD,NMS,America/New_York,Yahoo Finance
AKAM,2026-09-04,105.0,106.5,104.0,105.22000122070312,105.22000122070312,1758400,USD,NMS,America/New_York,Yahoo Finance
AKAM,2026-09-08,102.69000244140625,108.11000061035156,100.7699966430664,105.61000061035156,105.61000061035156,3766700,USD,NMS,America/New_York,Yahoo Finance
AKAM,2026-09-09,108.76000213623047,112.76000213623047,107.93000030517578,110.75,110.75,4566500,USD,NMS,America/New_York,Yahoo Finance
AKAM,2026-09-10,109.08000183105469,111.18000030517578,106.62999725341797,107.12999725341797,107.12999725341797,2929400,USD,NMS,America/New_York,Yahoo Finance
AKAM,2026-09-11,107.62999725341797,110.73999786376953,106.30999755859375,106.79000091552734,106.79000091552734,3688400,USD,NMS,America/New_York,Yahoo Finance
AKAM,2026-09-14,105.43000030517578,107.86000061035156,102.5,105.56999969482422,105.56999969482422,4585200,USD,NMS,America/New_York,Yahoo Finance
AKAM,2026-09-15,105.62999725341797,107.41999816894531,103.93000030517578,105.4000015258789,105.4000015258789,2826400,USD,NMS,America/New_York,Yahoo Finance
AKAM,2026-09-16,105.38999938964844,107.26000213623047,103.75,104.4800033569336,104.4800033569336,2502600,USD,NMS,America/New_York,Yahoo Finance
AKAM,2026-09-17,105.05999755859375,109.8499984741211,104.30999755859375,107.08000183105469,107.08000183105469,2859700,USD,NMS,America/New_York,Yahoo Finance
AKAM,2026-09-18,107.25,107.25,102.61000061035156,104.5199966430664,104.5199966430664,4817000,USD,NMS,America/New_York,Yahoo Finance
AKAM,2026-09-21,106.04000091552734,117.58000183105469,105.4000015258789,117.41000366210938,117.41000366210938,4703100,USD,NMS,America/New_York,Yahoo Finance
AKAM,2026-09-22,117.87000274658203,122.79000091552734,116.0999984741211,118.33999633789062,118.33999633789062,4670700,USD,NMS,America/New_York,Yahoo Finance
AKAM,2026-09-23,117.33000183105469,119.4800033569336,113.76000213623047,118.44000244140625,118.44000244140625,3919400,USD,NMS,America/New_York,Yahoo Finance
AKAM,2026-09-24,116.73999786376953,118.0,110.30999755859375,110.41000366210938,110.41000366210938,7058400,USD,NMS,America/New_York,Yahoo Finance
AKAM,2026-09-25,125.2300033569336,128.4600067138672,113.83999633789062,113.94000244140625,113.94000244140625,31946800,USD,NMS,America/New_York,Yahoo Finance
AKAM,2026-09-28,112.8499984741211,115.0999984741211,108.80000305175781,108.98999786376953,108.98999786376953,8078900,USD,NMS,America/New_York,Yahoo Finance
ALT,2026-08-21,2.9800000190734863,3.240000009536743,2.950000047683716,3.109999895095825,3.109999895095825,6148000,USD,NGM,America/New_York,Yahoo Finance
ALT,2026-08-24,3.130000114440918,3.130000114440918,3.0250000953674316,3.109999895095825,3.109999895095825,2715900,USD,NGM,America/New_York,Yahoo Finance
ALT,2026-08-25,3.140000104904175,3.2249999046325684,3.109999895095825,3.200000047683716,3.200000047683716,3814600,USD,NGM,America/New_York,Yahoo Finance
ALT,2026-08-26,3.200000047683716,3.200000047683716,3.0899999141693115,3.1500000953674316,3.1500000953674316,4046200,USD,NGM,America/New_York,Yahoo Finance
ALT,2026-08-27,3.190000057220459,3.25,3.130000114440918,3.240000009536743,3.240000009536743,2276800,USD,NGM,America/New_York,Yahoo Finance
ALT,2026-08-28,3.2100000381469727,3.2300000190734863,3.059999942779541,3.109999895095825,3.109999895095825,3188500,USD,NGM,America/New_York,Yahoo Finance
ALT,2026-08-31,3.0799999237060547,3.134999990463257,3.059999942779541,3.109999895095825,3.109999895095825,2216400,USD,NGM,America/New_York,Yahoo Finance
ALT,2026-09-01,3.069999933242798,3.0950000286102295,3.0199999809265137,3.0899999141693115,3.0899999141693115,2355200,USD,NGM,America/New_York,Yahoo Finance
ALT,2026-09-02,3.0999999046325684,3.3399999141693115,3.0999999046325684,3.2799999713897705,3.2799999713897705,7470000,USD,NGM,America/New_York,Yahoo Finance
ALT,2026-09-03,3.299999952316284,3.319999933242798,3.190000057220459,3.2300000190734863,3.2300000190734863,2550400,USD,NGM,America/New_York,Yahoo Finance
ALT,2026-09-04,3.2799999713897705,3.430000066757202,3.25,3.4200000762939453,3.4200000762939453,4867100,USD,NGM,America/New_York,Yahoo Finance
ALT,2026-09-08,3.4600000381469727,3.549999952316284,3.3399999141693115,3.359999895095825,3.359999895095825,3588400,USD,NGM,America/New_York,Yahoo Finance
ALT,2026-09-09,3.3499999046325684,3.424999952316284,3.2909998893737793,3.3499999046325684,3.3499999046325684,3069900,USD,NGM,America/New_York,Yahoo Finance
ALT,2026-09-10,3.319999933242798,3.3450000286102295,3.25,3.2899999618530273,3.2899999618530273,2563000,USD,NGM,America/New_York,Yahoo Finance
ALT,2026-09-11,3.3299999237060547,3.4100000858306885,3.259999990463257,3.2699999809265137,3.2699999809265137,2704700,USD,NGM,America/New_York,Yahoo Finance
ALT,2026-09-14,3.2699999809265137,3.359999895095825,3.2699999809265137,3.299999952316284,3.299999952316284,2460900,USD,NGM,America/New_York,Yahoo Finance
ALT,2026-09-15,3.299999952316284,3.309999942779541,3.2100000381469727,3.2300000190734863,3.2300000190734863,2334500,USD,NGM,America/New_York,Yahoo Finance
ALT,2026-09-16,3.2699999809265137,3.2899999618530273,3.194999933242798,3.240000009536743,3.240000009536743,3328800,USD,NGM,America/New_York,Yahoo Finance
ALT,2026-09-17,3.309999942779541,3.3499999046325684,3.2100000381469727,3.240000009536743,3.240000009536743,3456600,USD,NGM,America/New_York,Yahoo Finance
ALT,2026-09-18,3.2300000190734863,3.259999990463257,3.180000066757202,3.25,3.25,12175800,USD,NGM,America/New_York,Yahoo Finance
ALT,2026-09-21,3.309999942779541,3.3399999141693115,3.240000009536743,3.2699999809265137,3.2699999809265137,3516200,USD,NGM,America/New_York,Yahoo Finance
ALT,2026-09-22,3.3299999237060547,3.4100000858306885,3.25,3.4100000858306885,3.4100000858306885,4003300,USD,NGM,America/New_York,Yahoo Finance
ALT,2026-09-23,3.4200000762939453,3.424999952316284,3.1500000953674316,3.190000057220459,3.190000057220459,4531500,USD,NGM,America/New_York,Yahoo Finance
ALT,2026-09-24,3.180000066757202,3.200000047683716,2.9800000190734863,3.0399999618530273,3.0399999618530273,3685800,USD,NGM,America/New_York,Yahoo Finance
ALT,2026-09-25,3.049999952316284,3.109999895095825,3.0,3.059999942779541,3.059999942779541,2858800,USD,NGM,America/New_York,Yahoo Finance
ALT,2026-09-28,3.0399999618530273,3.069999933242798,2.950000047683716,2.9600000381469727,2.9600000381469727,3357500,USD,NGM,America/New_York,Yahoo Finance
ALT,2026-09-29,2.990000009536743,3.00600004196167,2.9200000762939453,2.9700000286102295,2.9700000286102295,2561000,USD,NGM,America/New_York,Yahoo Finance
ALT,2026-09-30,2.990000009536743,2.990000009536743,2.859999895095825,2.859999895095825,2.859999895095825,4922500,USD,NGM,America/New_York,Yahoo Finance
ALT,2026-10-01,2.8499999046325684,2.8499999046325684,2.75,2.759999990463257,2.759999990463257,3589100,USD,NGM,America/New_York,Yahoo Finance
ALT,2026-10-02,2.799999952316284,2.809999942779541,2.7100000381469727,2.734999895095825,2.734999895095825,4243900,USD,NGM,America/New_York,Yahoo Finance
AM,2026-08-17,22.549999237060547,22.569000244140625,21.829999923706055,22.149999618530273,22.149999618530273,6190000,USD,NYQ,America/New_York,Yahoo Finance
AM,2026-08-18,22.5,22.780000686645508,22.489999771118164,22.690000534057617,22.690000534057617,2084600,USD,NYQ,America/New_York,Yahoo Finance
AM,2026-08-19,22.780000686645508,22.8700008392334,22.290000915527344,22.420000076293945,22.420000076293945,3213700,USD,NYQ,America/New_York,Yahoo Finance
AM,2026-08-20,22.489999771118164,22.899999618530273,22.155000686645508,22.260000228881836,22.260000228881836,2646400,USD,NYQ,America/New_York,Yahoo Finance
AM,2026-08-21,22.420000076293945,22.6299991607666,22.06999969482422,22.139999389648438,22.139999389648438,2444500,USD,NYQ,America/New_York,Yahoo Finance
AM,2026-08-24,22.059999465942383,22.209999084472656,21.8799991607666,22.139999389648438,22.139999389648438,1781200,USD,NYQ,America/New_York,Yahoo Finance
AM,2026-08-25,22.0,22.19499969482422,21.8700008392334,21.90999984741211,21.90999984741211,1613800,USD,NYQ,America/New_York,Yahoo Finance
AM,2026-08-26,21.690000534057617,22.795000076293945,21.690000534057617,22.59000015258789,22.59000015258789,1872700,USD,NYQ,America/New_York,Yahoo Finance
AM,2026-08-27,22.469999313354492,22.645000457763672,22.06999969482422,22.530000686645508,22.530000686645508,1909000,USD,NYQ,America/New_York,Yahoo Finance
AM,2026-08-28,22.6200008392334,22.6200008392334,22.235000610351562,22.290000915527344,22.290000915527344,1317200,USD,NYQ,America/New_York,Yahoo Finance
AM,2026-08-31,22.450000762939453,22.530000686645508,22.2450008392334,22.420000076293945,22.420000076293945,1875900,USD,NYQ,America/New_York,Yahoo Finance
AM,2026-09-01,22.649999618530273,22.700000762939453,22.27199935913086,22.479999542236328,22.479999542236328,1977700,USD,NYQ,America/New_York,Yahoo Finance
AM,2026-09-02,22.440000534057617,22.549999237060547,22.209999084472656,22.510000228881836,22.510000228881836,2503000,USD,NYQ,America/New_York,Yahoo Finance
AM,2026-09-03,22.610000610351562,22.700000762939453,22.44499969482422,22.459999084472656,22.459999084472656,2113000,USD,NYQ,America/New_York,Yahoo Finance
AM,2026-09-04,22.239999771118164,22.625,22.219999313354492,22.600000381469727,22.600000381469727,2197700,USD,NYQ,America/New_York,Yahoo Finance
AM,2026-09-08,22.610000610351562,22.975000381469727,22.389999389648438,22.899999618530273,22.899999618530273,2002600,USD,NYQ,America/New_York,Yahoo Finance
AM,2026-09-09,22.68000030517578,23.19499969482422,22.68000030517578,22.84000015258789,22.84000015258789,2481400,USD,NYQ,America/New_York,Yahoo Finance
AM,2026-09-10,23.040000915527344,23.040000915527344,22.239999771118164,22.270000457763672,22.270000457763672,1409400,USD,NYQ,America/New_York,Yahoo Finance
AM,2026-09-11,22.329999923706055,22.40999984741211,22.010000228881836,22.059999465942383,22.059999465942383,1846100,USD,NYQ,America/New_York,Yahoo Finance
AM,2026-09-14,22.170000076293945,22.209999084472656,21.565000534057617,21.6200008392334,21.6200008392334,1813200,USD,NYQ,America/New_York,Yahoo Finance
AM,2026-09-15,21.75,21.799999237060547,21.204999923706055,21.329999923706055,21.329999923706055,2854600,USD,NYQ,America/New_York,Yahoo Finance
AM,2026-09-16,21.360000610351562,21.485000610351562,21.030000686645508,21.15999984741211,21.15999984741211,2125200,USD,NYQ,America/New_York,Yahoo Finance
AM,2026-09-17,21.079999923706055,21.440000534057617,21.049999237060547,21.25,21.25,2977400,USD,NYQ,America/New_York,Yahoo Finance
AM,2026-09-18,21.200000762939453,21.575000762939453,21.100000381469727,21.190000534057617,21.190000534057617,7151200,USD,NYQ,America/New_York,Yahoo Finance
AM,2026-09-21,21.100000381469727,21.190000534057617,20.90999984741211,21.040000915527344,21.040000915527344,2677000,USD,NYQ,America/New_York,Yahoo Finance
AM,2026-09-22,21.020000457763672,21.625,20.979999542236328,21.1200008392334,21.1200008392334,3170800,USD,NYQ,America/New_York,Yahoo Finance
AM,2026-09-23,21.229999542236328,21.795000076293945,21.204999923706055,21.3799991607666,21.3799991607666,1866600,USD,NYQ,America/New_York,Yahoo Finance
AM,2026-09-24,21.469999313354492,21.469999313354492,21.110000610351562,21.229999542236328,21.229999542236328,1710400,USD,NYQ,America/New_York,Yahoo Finance
AM,2026-09-25,21.059999465942383,21.18000030517578,20.7549991607666,20.93000030517578,20.93000030517578,2730000,USD,NYQ,America/New_York,Yahoo Finance
AM,2026-09-28,21.020000457763672,21.020000457763672,20.614999771118164,20.700000762939453,20.700000762939453,2317300,USD,NYQ,America/New_York,Yahoo Finance
AMGN,2026-08-17,412.9800109863281,419.6000061035156,410.3999938964844,419.3800048828125,416.943359375,2880500,USD,NMS,America/New_York,Yahoo Finance
AMGN,2026-08-18,421.6400146484375,427.3900146484375,420.7200012207031,425.2799987792969,422.80908203125,2591400,USD,NMS,America/New_York,Yahoo Finance
AMGN,2026-08-19,430.239990234375,443.20001220703125,429.3800048828125,442.3599853515625,439.7898254394531,2544000,USD,NMS,America/New_York,Yahoo Finance
AMGN,2026-08-20,435.7799987792969,441.3399963378906,431.07000732421875,433.7300109863281,431.2099914550781,2914300,USD,NMS,America/New_York,Yahoo Finance
AMGN,2026-08-21,431.7200012207031,440.510009765625,429.3800048828125,439.3299865722656,439.3299865722656,2114300,USD,NMS,America/New_York,Yahoo Finance
AMGN,2026-08-24,440.30999755859375,445.8699951171875,435.510009765625,443.8399963378906,443.8399963378906,2463300,USD,NMS,America/New_York,Yahoo Finance
AMGN,2026-08-25,443.260009765625,447.0299987792969,441.260009765625,442.239990234375,442.239990234375,2100900,USD,NMS,America/New_York,Yahoo Finance
AMGN,2026-08-26,441.0,442.8900146484375,438.239990234375,440.3399963378906,440.3399963378906,2289000,USD,NMS,America/New_York,Yahoo Finance
AMGN,2026-08-27,433.0799865722656,442.1300048828125,431.010009765625,436.989990234375,436.989990234375,1761500,USD,NMS,America/New_York,Yahoo Finance
AMGN,2026-08-28,437.8900146484375,437.8900146484375,430.7200012207031,432.4200134277344,432.4200134277344,1739700,USD,NMS,America/New_York,Yahoo Finance
AMGN,2026-08-31,428.5899963378906,431.8500061035156,426.0,429.8800048828125,429.8800048828125,2339500,USD,NMS,America/New_York,Yahoo Finance
AMGN,2026-09-01,435.29998779296875,438.6499938964844,431.0,438.1199951171875,438.1199951171875,2358200,USD,NMS,America/New_York,Yahoo Finance
AMGN,2026-09-02,440.6499938964844,445.57000732421875,435.0,442.8399963378906,442.8399963378906,2285500,USD,NMS,America/New_York,Yahoo Finance
AMGN,2026-09-03,445.6700134277344,445.82000732421875,438.0799865722656,444.1199951171875,444.1199951171875,1842300,USD,NMS,America/New_York,Yahoo Finance
AMGN,2026-09-04,437.0299987792969,441.8500061035156,435.0,437.2300109863281,437.2300109863281,1648800,USD,NMS,America/New_York,Yahoo Finance
AMGN,2026-09-08,408.8999938964844,410.0299987792969,391.1700134277344,393.1700134277344,393.1700134277344,6825100,USD,NMS,America/New_York,Yahoo Finance
AMGN,2026-09-09,393.07000732421875,395.54998779296875,389.2799987792969,391.2699890136719,391.2699890136719,2921400,USD,NMS,America/New_York,Yahoo Finance
AMGN,2026-09-10,387.8399963378906,391.6700134277344,381.510009765625,382.4700012207031,382.4700012207031,3430900,USD,NMS,America/New_York,Yahoo Finance
AMGN,2026-09-11,386.1400146484375,386.989990234375,377.2200012207031,377.3500061035156,377.3500061035156,2272400,USD,NMS,America/New_York,Yahoo Finance
AMGN,2026-09-14,381.94000244140625,384.6099853515625,376.760009765625,381.5,381.5,2714400,USD,NMS,America/New_York,Yahoo Finance
AMGN,2026-09-15,380.2300109863281,381.0400085449219,375.1499938964844,375.6499938964844,375.6499938964844,2609000,USD,NMS,America/New_York,Yahoo Finance
AMGN,2026-09-16,377.010009765625,379.1099853515625,374.4599914550781,376.3500061035156,376.3500061035156,2401300,USD,NMS,America/New_York,Yahoo Finance
AMGN,2026-09-17,379.1499938964844,382.489990234375,376.0799865722656,379.7799987792969,379.7799987792969,3234700,USD,NMS,America/New_York,Yahoo Finance
AMGN,2026-09-18,378.510009765625,386.5,378.510009765625,385.6499938964844,385.6499938964844,8523800,USD,NMS,America/New_York,Yahoo Finance
AMGN,2026-09-21,385.7099914550781,394.5,381.8999938964844,393.1600036621094,393.1600036621094,2889000,USD,NMS,America/New_York,Yahoo Finance
AMGN,2026-09-22,405.25,413.0,398.5199890136719,410.239990234375,410.239990234375,3720300,USD,NMS,America/New_York,Yahoo Finance
AMGN,2026-09-23,410.0899963378906,415.760009765625,404.3399963378906,406.0899963378906,406.0899963378906,2822500,USD,NMS,America/New_York,Yahoo Finance
AMGN,2026-09-24,406.0899963378906,409.989990234375,403.8800048828125,406.0400085449219,406.0400085449219,2525000,USD,NMS,America/New_York,Yahoo Finance
AMGN,2026-09-25,408.25,415.20001220703125,404.19000244140625,414.6099853515625,414.6099853515625,2213100,USD,NMS,America/New_York,Yahoo Finance
AMGN,2026-09-28,411.5199890136719,419.0199890136719,410.9599914550781,418.1300048828125,418.1300048828125,2761800,USD,NMS,America/New_York,Yahoo Finance
AMRX,2026-08-17,18.010000228881836,18.440000534057617,17.920000076293945,18.420000076293945,18.420000076293945,1624300,USD,NMS,America/New_York,Yahoo Finance
AMRX,2026-08-18,18.450000762939453,18.760000228881836,18.020000457763672,18.190000534057617,18.190000534057617,2026500,USD,NMS,America/New_York,Yahoo Finance
AMRX,2026-08-19,18.510000228881836,18.579999923706055,17.950000762939453,18.110000610351562,18.110000610351562,1469800,USD,NMS,America/New_York,Yahoo Finance
AMRX,2026-08-20,17.8700008392334,18.024999618530273,17.733999252319336,17.899999618530273,17.899999618530273,1249800,USD,NMS,America/New_York,Yahoo Finance
AMRX,2026-08-21,17.989999771118164,18.1200008392334,17.770000457763672,17.90999984741211,17.90999984741211,1364700,USD,NMS,America/New_York,Yahoo Finance
AMRX,2026-08-24,17.809999465942383,17.920000076293945,17.610000610351562,17.780000686645508,17.780000686645508,1788100,USD,NMS,America/New_York,Yahoo Finance
AMRX,2026-08-25,17.780000686645508,17.959999084472656,17.610000610351562,17.920000076293945,17.920000076293945,1141300,USD,NMS,America/New_York,Yahoo Finance
AMRX,2026-08-26,18.0,18.1200008392334,17.850000381469727,17.989999771118164,17.989999771118164,1205200,USD,NMS,America/New_York,Yahoo Finance
AMRX,2026-08-27,17.81999969482422,18.110000610351562,17.600000381469727,18.010000228881836,18.010000228881836,1100900,USD,NMS,America/New_York,Yahoo Finance
AMRX,2026-08-28,18.040000915527344,18.100000381469727,17.469999313354492,17.540000915527344,17.540000915527344,1151800,USD,NMS,America/New_York,Yahoo Finance
AMRX,2026-08-31,17.459999084472656,17.614999771118164,17.174999237060547,17.469999313354492,17.469999313354492,1742000,USD,NMS,America/New_York,Yahoo Finance
AMRX,2026-09-01,17.56999969482422,17.989999771118164,17.399999618530273,17.68000030517578,17.68000030517578,1364800,USD,NMS,America/New_York,Yahoo Finance
AMRX,2026-09-02,17.899999618530273,18.31999969482422,17.610000610351562,18.059999465942383,18.059999465942383,2607600,USD,NMS,America/New_York,Yahoo Finance
AMRX,2026-09-03,18.25,18.260000228881836,17.735000610351562,17.8700008392334,17.8700008392334,2753400,USD,NMS,America/New_York,Yahoo Finance
AMRX,2026-09-04,17.56999969482422,17.704999923706055,17.3700008392334,17.440000534057617,17.440000534057617,1440900,USD,NMS,America/New_York,Yahoo Finance
AMRX,2026-09-08,17.270000457763672,17.395000457763672,16.979999542236328,17.049999237060547,17.049999237060547,2040100,USD,NMS,America/New_York,Yahoo Finance
AMRX,2026-09-09,17.270000457763672,17.360000610351562,17.079999923706055,17.25,17.25,1472300,USD,NMS,America/New_York,Yahoo Finance
AMRX,2026-09-10,17.219999313354492,17.30900001525879,16.825000762939453,16.8700008392334,16.8700008392334,1036000,USD,NMS,America/New_York,Yahoo Finance
AMRX,2026-09-11,17.0,17.110000610351562,16.729999542236328,17.010000228881836,17.010000228881836,1157600,USD,NMS,America/New_York,Yahoo Finance
AMRX,2026-09-14,17.110000610351562,17.299999237060547,16.979999542236328,17.219999313354492,17.219999313354492,1596900,USD,NMS,America/New_York,Yahoo Finance
AMRX,2026-09-15,17.219999313354492,17.25,16.579999923706055,16.649999618530273,16.649999618530273,1793400,USD,NMS,America/New_York,Yahoo Finance
AMRX,2026-09-16,16.649999618530273,18.299999237060547,16.559999465942383,18.079999923706055,18.079999923706055,5123500,USD,NMS,America/New_York,Yahoo Finance
AMRX,2026-09-17,18.559999465942383,19.18000030517578,18.1200008392334,18.280000686645508,18.280000686645508,2815100,USD,NMS,America/New_York,Yahoo Finance
AMRX,2026-09-18,18.1200008392334,18.809999465942383,18.059999465942383,18.709999084472656,18.709999084472656,6615700,USD,NMS,America/New_York,Yahoo Finance
AMRX,2026-09-21,18.959999084472656,21.174999237060547,18.774999618530273,20.15999984741211,20.15999984741211,5905200,USD,NMS,America/New_York,Yahoo Finance
AMRX,2026-09-22,20.0,20.010000228881836,19.139999389648438,19.5,19.5,2481300,USD,NMS,America/New_York,Yahoo Finance
AMRX,2026-09-23,19.700000762939453,20.170000076293945,18.735000610351562,19.329999923706055,19.329999923706055,3575100,USD,NMS,America/New_York,Yahoo Finance
AMRX,2026-09-24,19.290000915527344,19.860000610351562,19.190000534057617,19.80500030517578,19.80500030517578,1704900,USD,NMS,America/New_York,Yahoo Finance
AMRX,2026-09-25,20.0,20.0,19.33099937438965,19.770000457763672,19.770000457763672,2884800,USD,NMS,America/New_York,Yahoo Finance
AMRX,2026-09-28,19.549999237060547,20.625,19.424999237060547,20.5,20.5,2775200,USD,NMS,America/New_York,Yahoo Finance
AMSC,2026-08-17,32.0099983215332,32.25,31.81999969482422,32.130001068115234,32.130001068115234,550300,USD,NMS,America/New_York,Yahoo Finance
AMSC,2026-08-18,30.799999237060547,31.40999984741211,30.350000381469727,31.020000457763672,31.020000457763672,619300,USD,NMS,America/New_York,Yahoo Finance
AMSC,2026-08-19,30.799999237060547,31.34000015258789,29.799999237060547,31.15999984741211,31.15999984741211,535400,USD,NMS,America/New_York,Yahoo Finance
AMSC,2026-08-20,30.979999542236328,31.15999984741211,29.719999313354492,30.049999237060547,30.049999237060547,517100,USD,NMS,America/New_York,Yahoo Finance
AMSC,2026-08-21,30.510000228881836,30.649999618530273,29.420000076293945,30.010000228881836,30.010000228881836,738500,USD,NMS,America/New_York,Yahoo Finance
AMSC,2026-08-24,29.079999923706055,29.59000015258789,28.100000381469727,28.920000076293945,28.920000076293945,1119500,USD,NMS,America/New_York,Yahoo Finance
AMSC,2026-08-25,29.829999923706055,29.950000762939453,29.360000610351562,29.649999618530273,29.649999618530273,441200,USD,NMS,America/New_York,Yahoo Finance
AMSC,2026-08-26,29.760000228881836,30.190000534057617,28.90999984741211,29.489999771118164,29.489999771118164,586400,USD,NMS,America/New_York,Yahoo Finance
AMSC,2026-08-27,30.479999542236328,30.489999771118164,29.299999237060547,29.84000015258789,29.84000015258789,541400,USD,NMS,America/New_York,Yahoo Finance
AMSC,2026-08-28,29.829999923706055,29.93000030517578,28.299999237060547,28.489999771118164,28.489999771118164,665300,USD,NMS,America/New_York,Yahoo Finance
AMSC,2026-08-31,28.3799991607666,28.809999465942383,28.100000381469727,28.709999084472656,28.709999084472656,755000,USD,NMS,America/New_York,Yahoo Finance
AMSC,2026-09-01,28.100000381469727,28.690000534057617,27.510000228881836,28.559999465942383,28.559999465942383,808800,USD,NMS,America/New_York,Yahoo Finance
AMSC,2026-09-02,28.56999969482422,28.989999771118164,28.030000686645508,28.489999771118164,28.489999771118164,596500,USD,NMS,America/New_York,Yahoo Finance
AMSC,2026-09-03,28.399999618530273,29.229999542236328,28.270000457763672,29.010000228881836,29.010000228881836,446000,USD,NMS,America/New_York,Yahoo Finance
AMSC,2026-09-04,29.149999618530273,29.700000762939453,28.940000534057617,29.549999237060547,29.549999237060547,469400,USD,NMS,America/New_York,Yahoo Finance
AMSC,2026-09-08,30.0,31.0,29.899999618530273,30.440000534057617,30.440000534057617,853600,USD,NMS,America/New_York,Yahoo Finance
AMSC,2026-09-09,30.139999389648438,30.649999618530273,29.280000686645508,29.309999465942383,29.309999465942383,901600,USD,NMS,America/New_York,Yahoo Finance
AMSC,2026-09-10,28.459999084472656,29.15999984741211,28.079999923706055,28.65999984741211,28.65999984741211,554600,USD,NMS,America/New_York,Yahoo Finance
AMSC,2026-09-11,29.31999969482422,29.65999984741211,28.969999313354492,29.530000686645508,29.530000686645508,394200,USD,NMS,America/New_York,Yahoo Finance
AMSC,2026-09-14,27.6200008392334,28.18000030517578,27.200000762939453,27.280000686645508,27.280000686645508,890100,USD,NMS,America/New_York,Yahoo Finance
AMSC,2026-09-15,27.690000534057617,27.989999771118164,27.280000686645508,27.700000762939453,27.700000762939453,722900,USD,NMS,America/New_York,Yahoo Finance
AMSC,2026-09-16,28.260000228881836,28.270000457763672,27.260000228881836,27.809999465942383,27.809999465942383,733100,USD,NMS,America/New_York,Yahoo Finance
AMSC,2026-09-17,29.139999389648438,29.5,28.770000457763672,29.149999618530273,29.149999618530273,650000,USD,NMS,America/New_York,Yahoo Finance
AMSC,2026-09-18,29.229999542236328,30.34000015258789,28.850000381469727,30.190000534057617,30.190000534057617,993000,USD,NMS,America/New_York,Yahoo Finance
AMSC,2026-09-21,31.0,31.0,30.1200008392334,30.239999771118164,30.239999771118164,570600,USD,NMS,America/New_York,Yahoo Finance
AMSC,2026-09-22,30.290000915527344,31.549999237060547,30.040000915527344,31.239999771118164,31.239999771118164,922700,USD,NMS,America/New_York,Yahoo Finance
AMSC,2026-09-23,32.0099983215332,32.130001068115234,30.780000686645508,31.049999237060547,31.049999237060547,877400,USD,NMS,America/New_York,Yahoo Finance
AMSC,2026-09-24,30.219999313354492,30.739999771118164,29.690000534057617,30.420000076293945,30.420000076293945,700100,USD,NMS,America/New_York,Yahoo Finance
AMSC,2026-09-25,30.889999389648438,31.059999465942383,29.959999084472656,30.010000228881836,30.010000228881836,676400,USD,NMS,America/New_York,Yahoo Finance
AMSC,2026-09-28,29.6299991607666,29.979999542236328,28.829999923706055,29.290000915527344,29.290000915527344,525300,USD,NMS,America/New_York,Yahoo Finance
AMTD,2026-08-21,0.8299999833106995,0.8299999833106995,0.7799999713897705,0.8040000200271606,0.8040000200271606,14100,USD,NYQ,America/New_York,Yahoo Finance
AMTD,2026-08-24,0.7760000228881836,0.8199999928474426,0.7760000228881836,0.800000011920929,0.800000011920929,5100,USD,NYQ,America/New_York,Yahoo Finance
AMTD,2026-08-25,0.7409999966621399,0.800000011920929,0.7409999966621399,0.7699999809265137,0.7699999809265137,6200,USD,NYQ,America/New_York,Yahoo Finance
AMTD,2026-08-26,0.7799999713897705,0.7799999713897705,0.7720000147819519,0.7720000147819519,0.7720000147819519,600,USD,NYQ,America/New_York,Yahoo Finance
AMTD,2026-08-27,0.8299999833106995,0.8299999833106995,0.75,0.7710000276565552,0.7710000276565552,5100,USD,NYQ,America/New_York,Yahoo Finance
AMTD,2026-08-28,0.7099999785423279,0.7699999809265137,0.7099999785423279,0.7400000095367432,0.7400000095367432,9000,USD,NYQ,America/New_York,Yahoo Finance
AMTD,2026-08-31,0.7710000276565552,0.7900000214576721,0.7450000047683716,0.7590000033378601,0.7590000033378601,8400,USD,NYQ,America/New_York,Yahoo Finance
AMTD,2026-09-01,0.7710000276565552,0.7710000276565552,0.7409999966621399,0.7509999871253967,0.7509999871253967,7900,USD,NYQ,America/New_York,Yahoo Finance
AMTD,2026-09-02,0.7699999809265137,0.7699999809265137,0.7409999966621399,0.7590000033378601,0.7590000033378601,4900,USD,NYQ,America/New_York,Yahoo Finance
AMTD,2026-09-03,0.7360000014305115,0.7789999842643738,0.7360000014305115,0.7549999952316284,0.7549999952316284,2800,USD,NYQ,America/New_York,Yahoo Finance
AMTD,2026-09-04,0.7559999823570251,0.777999997138977,0.7559999823570251,0.7670000195503235,0.7670000195503235,2300,USD,NYQ,America/New_York,Yahoo Finance
AMTD,2026-09-08,0.7599999904632568,0.7599999904632568,0.7409999966621399,0.7540000081062317,0.7540000081062317,1800,USD,NYQ,America/New_York,Yahoo Finance
AMTD,2026-09-09,0.7599999904632568,0.7900000214576721,0.7509999871253967,0.7649999856948853,0.7649999856948853,7900,USD,NYQ,America/New_York,Yahoo Finance
AMTD,2026-09-10,0.7900000214576721,0.7900000214576721,0.7409999966621399,0.7580000162124634,0.7580000162124634,3300,USD,NYQ,America/New_York,Yahoo Finance
AMTD,2026-09-11,0.7400000095367432,0.7689999938011169,0.7400000095367432,0.7689999938011169,0.7689999938011169,800,USD,NYQ,America/New_York,Yahoo Finance
AMTD,2026-09-14,0.7699999809265137,0.7699999809265137,0.7409999966621399,0.7670000195503235,0.7670000195503235,900,USD,NYQ,America/New_York,Yahoo Finance
AMTD,2026-09-15,0.7289999723434448,0.765999972820282,0.7099999785423279,0.7300000190734863,0.7300000190734863,14100,USD,NYQ,America/New_York,Yahoo Finance
AMTD,2026-09-16,0.7549999952316284,0.7549999952316284,0.7099999785423279,0.7099999785423279,0.7099999785423279,8000,USD,NYQ,America/New_York,Yahoo Finance
AMTD,2026-09-17,0.7099999785423279,0.7409999966621399,0.7099999785423279,0.7099999785423279,0.7099999785423279,6500,USD,NYQ,America/New_York,Yahoo Finance
AMTD,2026-09-18,0.7099999785423279,0.7599999904632568,0.7099999785423279,0.7350000143051147,0.7350000143051147,5500,USD,NYQ,America/New_York,Yahoo Finance
AMTD,2026-09-21,0.7099999785423279,0.7350000143051147,0.7099999785423279,0.7120000123977661,0.7120000123977661,4500,USD,NYQ,America/New_York,Yahoo Finance
AMTD,2026-09-22,0.7099999785423279,0.7409999966621399,0.7099999785423279,0.7200000286102295,0.7200000286102295,3900,USD,NYQ,America/New_York,Yahoo Finance
AMTD,2026-09-23,0.7139999866485596,0.7390000224113464,0.7099999785423279,0.7200000286102295,0.7200000286102295,4400,USD,NYQ,America/New_York,Yahoo Finance
AMTD,2026-09-24,0.75,0.800000011920929,0.699999988079071,0.7089999914169312,0.7089999914169312,20900,USD,NYQ,America/New_York,Yahoo Finance
AMTD,2026-09-25,0.7049999833106995,0.7599999904632568,0.7049999833106995,0.7319999933242798,0.7319999933242798,4900,USD,NYQ,America/New_York,Yahoo Finance
AMTD,2026-09-28,0.7059999704360962,0.7279999852180481,0.7049999833106995,0.7279999852180481,0.7279999852180481,3400,USD,NYQ,America/New_York,Yahoo Finance
AMTD,2026-09-29,0.7049999833106995,0.7350000143051147,0.7049999833106995,0.722000002861023,0.722000002861023,2000,USD,NYQ,America/New_York,Yahoo Finance
AMTD,2026-09-30,0.699999988079071,0.8299999833106995,0.699999988079071,0.7799999713897705,0.7799999713897705,73300,USD,NYQ,America/New_York,Yahoo Finance
AMTD,2026-10-01,0.7749999761581421,0.800000011920929,0.75,0.7739999890327454,0.7739999890327454,15800,USD,NYQ,America/New_York,Yahoo Finance
AMTD,2026-10-02,0.7300000190734863,0.7570000290870667,0.7120000123977661,0.7440000176429749,0.7440000176429749,11600,USD,NYQ,America/New_York,Yahoo Finance
API,2026-08-21,4.340000152587891,4.369999885559082,4.260000228881836,4.360000133514404,4.360000133514404,70700,USD,NMS,America/New_York,Yahoo Finance
API,2026-08-24,4.309999942779541,4.315999984741211,4.195000171661377,4.230000019073486,4.230000019073486,121500,USD,NMS,America/New_York,Yahoo Finance
API,2026-08-25,4.21999979019165,4.230000019073486,4.050000190734863,4.119999885559082,4.119999885559082,189000,USD,NMS,America/New_York,Yahoo Finance
API,2026-08-26,4.130000114440918,4.179999828338623,4.074999809265137,4.130000114440918,4.130000114440918,114600,USD,NMS,America/New_York,Yahoo Finance
API,2026-08-27,4.130000114440918,4.199999809265137,4.039999961853027,4.059999942779541,4.059999942779541,108200,USD,NMS,America/New_York,Yahoo Finance
API,2026-08-28,4.090000152587891,4.170000076293945,4.079999923706055,4.099999904632568,4.099999904632568,67200,USD,NMS,America/New_York,Yahoo Finance
API,2026-08-31,4.090000152587891,4.199999809265137,4.079999923706055,4.190000057220459,4.190000057220459,162300,USD,NMS,America/New_York,Yahoo Finance
API,2026-09-01,4.159999847412109,4.190000057220459,4.010000228881836,4.025000095367432,4.025000095367432,88800,USD,NMS,America/New_York,Yahoo Finance
API,2026-09-02,4.03000020980835,4.159999847412109,4.019999980926514,4.130000114440918,4.130000114440918,117100,USD,NMS,America/New_York,Yahoo Finance
API,2026-09-03,4.119999885559082,4.244999885559082,4.119999885559082,4.170000076293945,4.170000076293945,143200,USD,NMS,America/New_York,Yahoo Finance
API,2026-09-04,4.190000057220459,4.260000228881836,4.131999969482422,4.239999771118164,4.239999771118164,69800,USD,NMS,America/New_York,Yahoo Finance
API,2026-09-08,4.190000057220459,4.190000057220459,4.010000228881836,4.110000133514404,4.110000133514404,167800,USD,NMS,America/New_York,Yahoo Finance
API,2026-09-09,4.079999923706055,4.079999923706055,4.010000228881836,4.050000190734863,4.050000190734863,90300,USD,NMS,America/New_York,Yahoo Finance
API,2026-09-10,4.010000228881836,4.070000171661377,4.010000228881836,4.039999961853027,4.039999961853027,71300,USD,NMS,America/New_York,Yahoo Finance
API,2026-09-11,4.070000171661377,4.09499979019165,4.034999847412109,4.059999942779541,4.059999942779541,83700,USD,NMS,America/New_York,Yahoo Finance
API,2026-09-14,4.050000190734863,4.09499979019165,4.034999847412109,4.079999923706055,4.079999923706055,94800,USD,NMS,America/New_York,Yahoo Finance
API,2026-09-15,4.050000190734863,4.059999942779541,3.9000000953674316,3.9600000381469727,3.9600000381469727,136500,USD,NMS,America/New_York,Yahoo Finance
API,2026-09-16,3.940000057220459,4.019999980926514,3.930000066757202,4.0,4.0,102700,USD,NMS,America/New_York,Yahoo Finance
API,2026-09-17,4.03000020980835,4.079999923706055,4.0,4.050000190734863,4.050000190734863,91800,USD,NMS,America/New_York,Yahoo Finance
API,2026-09-18,4.050000190734863,4.070000171661377,3.990000009536743,4.0,4.0,157800,USD,NMS,America/New_York,Yahoo Finance
API,2026-09-21,4.050000190734863,4.375,4.010000228881836,4.324999809265137,4.324999809265137,533300,USD,NMS,America/New_York,Yahoo Finance
API,2026-09-22,4.409999847412109,4.409999847412109,4.28000020980835,4.389999866485596,4.389999866485596,174200,USD,NMS,America/New_York,Yahoo Finance
API,2026-09-23,4.389999866485596,4.389999866485596,4.28000020980835,4.329999923706055,4.329999923706055,153900,USD,NMS,America/New_York,Yahoo Finance
API,2026-09-24,4.309999942779541,4.389999866485596,4.244999885559082,4.269999980926514,4.269999980926514,176100,USD,NMS,America/New_York,Yahoo Finance
API,2026-09-25,4.260000228881836,4.260000228881836,4.175000190734863,4.210000038146973,4.210000038146973,88000,USD,NMS,America/New_York,Yahoo Finance
API,2026-09-28,4.199999809265137,4.199999809265137,4.110000133514404,4.150000095367432,4.150000095367432,100900,USD,NMS,America/New_York,Yahoo Finance
API,2026-09-29,4.139999866485596,4.184999942779541,4.085000038146973,4.150000095367432,4.150000095367432,95600,USD,NMS,America/New_York,Yahoo Finance
API,2026-09-30,4.159999847412109,4.224999904632568,4.130000114440918,4.179999828338623,4.179999828338623,139300,USD,NMS,America/New_York,Yahoo Finance
API,2026-10-01,4.179999828338623,4.179999828338623,4.085000038146973,4.139999866485596,4.139999866485596,74600,USD,NMS,America/New_York,Yahoo Finance
API,2026-10-02,4.139999866485596,4.199999809265137,4.054999828338623,4.079999923706055,4.079999923706055,71400,USD,NMS,America/New_York,Yahoo Finance
APO,2026-08-17,140.0,140.07000732421875,134.11000061035156,134.5399932861328,133.97409057617188,4468700,USD,NYQ,America/New_York,Yahoo Finance
APO,2026-08-18,133.14999389648438,134.61000061035156,131.47000122070312,133.85000610351562,133.28700256347656,2928600,USD,NYQ,America/New_York,Yahoo Finance
APO,2026-08-19,133.66000366210938,135.94000244140625,132.52999877929688,133.6300048828125,133.6300048828125,2694000,USD,NYQ,America/New_York,Yahoo Finance
APO,2026-08-20,131.5,134.25,129.9499969482422,129.97999572753906,129.97999572753906,6796800,USD,NYQ,America/New_York,Yahoo Finance
APO,2026-08-21,131.1699981689453,134.13999938964844,131.1699981689453,132.69000244140625,132.69000244140625,2214900,USD,NYQ,America/New_York,Yahoo Finance
APO,2026-08-24,133.13999938964844,133.8699951171875,131.7100067138672,132.7899932861328,132.7899932861328,1400900,USD,NYQ,America/New_York,Yahoo Finance
APO,2026-08-25,133.14999389648438,133.5,130.7899932861328,133.17999267578125,133.17999267578125,1835200,USD,NYQ,America/New_York,Yahoo Finance
APO,2026-08-26,133.3800048828125,134.99000549316406,131.99000549316406,133.6699981689453,133.6699981689453,1461500,USD,NYQ,America/New_York,Yahoo Finance
APO,2026-08-27,133.99000549316406,135.6300048828125,133.2100067138672,133.44000244140625,133.44000244140625,1839900,USD,NYQ,America/New_York,Yahoo Finance
APO,2026-08-28,133.55999755859375,136.66000366210938,133.24000549316406,135.0399932861328,135.0399932861328,2243400,USD,NYQ,America/New_York,Yahoo Finance
APO,2026-08-31,134.8000030517578,137.8300018310547,134.35000610351562,136.5800018310547,136.5800018310547,2603600,USD,NYQ,America/New_York,Yahoo Finance
APO,2026-09-01,133.92999267578125,135.36000061035156,129.88999938964844,131.69000244140625,131.69000244140625,2576400,USD,NYQ,America/New_York,Yahoo Finance
APO,2026-09-02,131.25,134.6300048828125,130.77999877929688,132.2899932861328,132.2899932861328,2116300,USD,NYQ,America/New_York,Yahoo Finance
APO,2026-09-03,132.1199951171875,135.61000061035156,130.60000610351562,134.49000549316406,134.49000549316406,1895300,USD,NYQ,America/New_York,Yahoo Finance
APO,2026-09-04,133.91000366210938,134.63999938964844,131.42999267578125,133.6699981689453,133.6699981689453,1941100,USD,NYQ,America/New_York,Yahoo Finance
APO,2026-09-08,132.0500030517578,135.07000732421875,131.58999633789062,131.80999755859375,131.80999755859375,3094000,USD,NYQ,America/New_York,Yahoo Finance
APO,2026-09-09,131.42999267578125,131.74000549316406,129.25999450683594,130.97999572753906,130.97999572753906,2436800,USD,NYQ,America/New_York,Yahoo Finance
APO,2026-09-10,130.2100067138672,131.27000427246094,127.7300033569336,127.91000366210938,127.91000366210938,2166400,USD,NYQ,America/New_York,Yahoo Finance
APO,2026-09-11,130.0,131.22000122070312,128.24000549316406,128.97999572753906,128.97999572753906,1872300,USD,NYQ,America/New_York,Yahoo Finance
APO,2026-09-14,128.5,130.0,126.48999786376953,128.30999755859375,128.30999755859375,2193200,USD,NYQ,America/New_York,Yahoo Finance
APO,2026-09-15,128.25999450683594,129.52999877929688,126.43000030517578,127.0,127.0,2555200,USD,NYQ,America/New_York,Yahoo Finance
APO,2026-09-16,127.30000305175781,129.05999755859375,122.72000122070312,124.52999877929688,124.52999877929688,3062100,USD,NYQ,America/New_York,Yahoo Finance
APO,2026-09-17,125.66999816894531,128.7100067138672,125.66999816894531,126.0,126.0,3019800,USD,NYQ,America/New_York,Yahoo Finance
APO,2026-09-18,126.36000061035156,126.88999938964844,124.2300033569336,125.91000366210938,125.91000366210938,5415400,USD,NYQ,America/New_York,Yahoo Finance
APO,2026-09-21,127.37000274658203,128.6300048828125,126.16999816894531,127.91000366210938,127.91000366210938,2367800,USD,NYQ,America/New_York,Yahoo Finance
APO,2026-09-22,129.16000366210938,129.89999389648438,124.1500015258789,124.1500015258789,124.1500015258789,3052700,USD,NYQ,America/New_York,Yahoo Finance
APO,2026-09-23,124.0,126.20999908447266,123.31999969482422,124.36000061035156,124.36000061035156,3065300,USD,NYQ,America/New_York,Yahoo Finance
APO,2026-09-24,123.94000244140625,124.04000091552734,118.5,120.69000244140625,120.69000244140625,3846500,USD,NYQ,America/New_York,Yahoo Finance
APO,2026-09-25,121.05000305175781,122.4800033569336,120.25,121.69000244140625,121.69000244140625,1863900,USD,NYQ,America/New_York,Yahoo Finance
APO,2026-09-28,120.83999633789062,120.83999633789062,118.70999908447266,119.0,119.0,3092600,USD,NYQ,America/New_York,Yahoo Finance
ARQ,2026-08-21,2.2899999618530273,2.3299999237060547,2.2200000286102295,2.299999952316284,2.299999952316284,139000,USD,NGM,America/New_York,Yahoo Finance
ARQ,2026-08-24,2.299999952316284,2.390000104904175,2.1700000762939453,2.2100000381469727,2.2100000381469727,159600,USD,NGM,America/New_York,Yahoo Finance
ARQ,2026-08-25,2.2100000381469727,2.2699999809265137,2.1600000858306885,2.1700000762939453,2.1700000762939453,185300,USD,NGM,America/New_York,Yahoo Finance
ARQ,2026-08-26,2.1700000762939453,2.1700000762939453,2.0999999046325684,2.1500000953674316,2.1500000953674316,181900,USD,NGM,America/New_York,Yahoo Finance
ARQ,2026-08-27,2.2300000190734863,2.2300000190734863,2.1500000953674316,2.200000047683716,2.200000047683716,141000,USD,NGM,America/New_York,Yahoo Finance
ARQ,2026-08-28,2.200000047683716,2.2300000190734863,2.1500000953674316,2.1600000858306885,2.1600000858306885,125200,USD,NGM,America/New_York,Yahoo Finance
ARQ,2026-08-31,2.140000104904175,2.1700000762939453,2.0799999237060547,2.119999885559082,2.119999885559082,199400,USD,NGM,America/New_York,Yahoo Finance
ARQ,2026-09-01,2.0999999046325684,2.119999885559082,1.9800000190734863,2.049999952316284,2.049999952316284,885900,USD,NGM,America/New_York,Yahoo Finance
ARQ,2026-09-02,2.049999952316284,2.2100000381469727,2.049999952316284,2.200000047683716,2.200000047683716,368300,USD,NGM,America/New_York,Yahoo Finance
ARQ,2026-09-03,2.200000047683716,2.2699999809265137,2.1500000953674316,2.2699999809265137,2.2699999809265137,199400,USD,NGM,America/New_York,Yahoo Finance
ARQ,2026-09-04,2.25,2.309999942779541,2.200000047683716,2.299999952316284,2.299999952316284,172700,USD,NGM,America/New_York,Yahoo Finance
ARQ,2026-09-08,2.309999942779541,2.3399999141693115,2.2100000381469727,2.2100000381469727,2.2100000381469727,76100,USD,NGM,America/New_York,Yahoo Finance
ARQ,2026-09-09,2.25,2.259999990463257,2.1500000953674316,2.180000066757202,2.180000066757202,170400,USD,NGM,America/New_York,Yahoo Finance
ARQ,2026-09-10,2.180000066757202,2.240000009536743,2.1600000858306885,2.2300000190734863,2.2300000190734863,109700,USD,NGM,America/New_York,Yahoo Finance
ARQ,2026-09-11,2.2300000190734863,2.25,2.1700000762939453,2.200000047683716,2.200000047683716,126400,USD,NGM,America/New_York,Yahoo Finance
ARQ,2026-09-14,2.1700000762939453,2.2200000286102295,2.130000114440918,2.140000104904175,2.140000104904175,166600,USD,NGM,America/New_York,Yahoo Finance
ARQ,2026-09-15,2.1600000858306885,2.180000066757202,2.0399999618530273,2.069999933242798,2.069999933242798,217300,USD,NGM,America/New_York,Yahoo Finance
ARQ,2026-09-16,2.069999933242798,2.119999885559082,2.0399999618530273,2.109999895095825,2.109999895095825,122500,USD,NGM,America/New_York,Yahoo Finance
ARQ,2026-09-17,2.109999895095825,2.130000114440918,2.0199999809265137,2.059999942779541,2.059999942779541,119100,USD,NGM,America/New_York,Yahoo Finance
ARQ,2026-09-18,2.0899999141693115,2.1500000953674316,2.009999990463257,2.049999952316284,2.049999952316284,301600,USD,NGM,America/New_York,Yahoo Finance
ARQ,2026-09-21,2.049999952316284,2.1600000858306885,2.009999990463257,2.0199999809265137,2.0199999809265137,145600,USD,NGM,America/New_York,Yahoo Finance
ARQ,2026-09-22,2.0199999809265137,2.0799999237060547,2.009999990463257,2.069999933242798,2.069999933242798,154400,USD,NGM,America/New_York,Yahoo Finance
ARQ,2026-09-23,2.0999999046325684,2.1600000858306885,2.009999990463257,2.0399999618530273,2.0399999618530273,97700,USD,NGM,America/New_York,Yahoo Finance
ARQ,2026-09-24,2.0299999713897705,2.0399999618530273,1.9900000095367432,2.009999990463257,2.009999990463257,266200,USD,NGM,America/New_York,Yahoo Finance
ARQ,2026-09-25,2.009999990463257,2.059999942779541,1.9800000190734863,2.0199999809265137,2.0199999809265137,202400,USD,NGM,America/New_York,Yahoo Finance
ARQ,2026-09-28,2.0299999713897705,2.0299999713897705,1.8600000143051147,1.9299999475479126,1.9299999475479126,443000,USD,NGM,America/New_York,Yahoo Finance
ARQ,2026-09-29,1.9199999570846558,1.9199999570846558,1.8600000143051147,1.909999966621399,1.909999966621399,263400,USD,NGM,America/New_York,Yahoo Finance
ARQ,2026-09-30,1.9199999570846558,2.0,1.8799999952316284,1.9800000190734863,1.9800000190734863,298900,USD,NGM,America/New_York,Yahoo Finance
ARQ,2026-10-01,1.9800000190734863,2.0399999618530273,1.8799999952316284,1.8899999856948853,1.8899999856948853,201700,USD,NGM,America/New_York,Yahoo Finance
ARQ,2026-10-02,1.909999966621399,2.0,1.909999966621399,1.940000057220459,1.940000057220459,210300,USD,NGM,America/New_York,Yahoo Finance
ARTV,2026-08-21,11.260000228881836,11.600000381469727,10.760000228881836,10.930000305175781,10.930000305175781,199400,USD,NGM,America/New_York,Yahoo Finance
ARTV,2026-08-24,10.829999923706055,11.699999809265137,10.489999771118164,11.520000457763672,11.520000457763672,307100,USD,NGM,America/New_York,Yahoo Finance
ARTV,2026-08-25,11.600000381469727,11.90999984741211,11.529999732971191,11.770000457763672,11.770000457763672,266400,USD,NGM,America/New_York,Yahoo Finance
ARTV,2026-08-26,11.75,11.930000305175781,11.600000381469727,11.770000457763672,11.770000457763672,262400,USD,NGM,America/New_York,Yahoo Finance
ARTV,2026-08-27,11.720000267028809,12.079999923706055,11.5600004196167,11.9399995803833,11.9399995803833,218300,USD,NGM,America/New_York,Yahoo Finance
ARTV,2026-08-28,11.779999732971191,11.800000190734863,11.0,11.09000015258789,11.09000015258789,222900,USD,NGM,America/New_York,Yahoo Finance
ARTV,2026-08-31,11.010000228881836,11.350000381469727,10.880000114440918,11.300000190734863,11.300000190734863,249800,USD,NGM,America/New_York,Yahoo Finance
ARTV,2026-09-01,11.0,11.354999542236328,10.880000114440918,11.279999732971191,11.279999732971191,268900,USD,NGM,America/New_York,Yahoo Finance
ARTV,2026-09-02,11.260000228881836,11.506999969482422,11.050000190734863,11.3100004196167,11.3100004196167,306500,USD,NGM,America/New_York,Yahoo Finance
ARTV,2026-09-03,11.34000015258789,11.350000381469727,10.979999542236328,11.125,11.125,365600,USD,NGM,America/New_York,Yahoo Finance
ARTV,2026-09-04,11.020000457763672,11.34000015258789,10.9399995803833,11.1899995803833,11.1899995803833,168600,USD,NGM,America/New_York,Yahoo Finance
ARTV,2026-09-08,10.829999923706055,11.15999984741211,10.699999809265137,10.880000114440918,10.880000114440918,211700,USD,NGM,America/New_York,Yahoo Finance
ARTV,2026-09-09,10.779999732971191,11.149999618530273,10.729999542236328,10.789999961853027,10.789999961853027,325000,USD,NGM,America/New_York,Yahoo Finance
ARTV,2026-09-10,10.699999809265137,10.930000305175781,10.359999656677246,10.420000076293945,10.420000076293945,449500,USD,NGM,America/New_York,Yahoo Finance
ARTV,2026-09-11,10.489999771118164,10.609999656677246,10.100000381469727,10.220000267028809,10.220000267028809,228400,USD,NGM,America/New_York,Yahoo Finance
ARTV,2026-09-14,10.210000038146973,10.550000190734863,10.130000114440918,10.140000343322754,10.140000343322754,243900,USD,NGM,America/New_York,Yahoo Finance
ARTV,2026-09-15,10.050000190734863,10.050000190734863,8.84000015258789,8.90999984741211,8.90999984741211,584600,USD,NGM,America/New_York,Yahoo Finance
ARTV,2026-09-16,8.890000343322754,9.029999732971191,8.484999656677246,8.600000381469727,8.600000381469727,516900,USD,NGM,America/New_York,Yahoo Finance
ARTV,2026-09-17,8.65999984741211,8.720000267028809,8.350000381469727,8.4399995803833,8.4399995803833,456500,USD,NGM,America/New_York,Yahoo Finance
ARTV,2026-09-18,8.449999809265137,8.75,8.399999618530273,8.609999656677246,8.609999656677246,2208300,USD,NGM,America/New_York,Yahoo Finance
ARTV,2026-09-21,8.630000114440918,8.640000343322754,7.78000020980835,7.829999923706055,7.829999923706055,629100,USD,NGM,America/New_York,Yahoo Finance
ARTV,2026-09-22,7.869999885559082,8.390000343322754,7.855000019073486,8.09000015258789,8.09000015258789,438000,USD,NGM,America/New_York,Yahoo Finance
ARTV,2026-09-23,7.989999771118164,8.199999809265137,7.519999980926514,7.71999979019165,7.71999979019165,407700,USD,NGM,America/New_York,Yahoo Finance
ARTV,2026-09-24,7.619999885559082,7.710000038146973,7.21999979019165,7.489999771118164,7.489999771118164,511600,USD,NGM,America/New_York,Yahoo Finance
ARTV,2026-09-25,7.480000019073486,7.489999771118164,6.900000095367432,6.989999771118164,6.989999771118164,507100,USD,NGM,America/New_York,Yahoo Finance
ARTV,2026-09-28,6.909999847412109,7.184999942779541,6.75,7.050000190734863,7.050000190734863,437500,USD,NGM,America/New_York,Yahoo Finance
ARTV,2026-09-29,7.059999942779541,7.179999828338623,6.920000076293945,7.03000020980835,7.03000020980835,450600,USD,NGM,America/New_York,Yahoo Finance
ARTV,2026-09-30,7.099999904632568,7.400000095367432,6.960000038146973,7.119999885559082,7.119999885559082,383000,USD,NGM,America/New_York,Yahoo Finance
ARTV,2026-10-01,7.110000133514404,7.150000095367432,6.769999980926514,6.789999961853027,6.789999961853027,443700,USD,NGM,America/New_York,Yahoo Finance
ARTV,2026-10-02,6.889999866485596,7.0,6.739999771118164,6.829999923706055,6.829999923706055,587600,USD,NGM,America/New_York,Yahoo Finance
ASG,2026-08-21,5.269999980926514,5.309999942779541,5.25,5.269999980926514,5.269999980926514,101300,USD,NYQ,America/New_York,Yahoo Finance
ASG,2026-08-24,5.239999771118164,5.239999771118164,5.199999809265137,5.199999809265137,5.199999809265137,233800,USD,NYQ,America/New_York,Yahoo Finance
ASG,2026-08-25,5.21999979019165,5.269999980926514,5.21999979019165,5.230000019073486,5.230000019073486,141700,USD,NYQ,America/New_York,Yahoo Finance
ASG,2026-08-26,5.21999979019165,5.269999980926514,5.210000038146973,5.25,5.25,282100,USD,NYQ,America/New_York,Yahoo Finance
ASG,2026-08-27,5.25,5.289999961853027,5.25,5.260000228881836,5.260000228881836,172600,USD,NYQ,America/New_York,Yahoo Finance
ASG,2026-08-28,5.300000190734863,5.309999942779541,5.230000019073486,5.239999771118164,5.239999771118164,243800,USD,NYQ,America/New_York,Yahoo Finance
ASG,2026-08-31,5.230000019073486,5.260000228881836,5.190000057220459,5.199999809265137,5.199999809265137,201700,USD,NYQ,America/New_York,Yahoo Finance
ASG,2026-09-01,5.150000095367432,5.179999828338623,5.090000152587891,5.119999885559082,5.119999885559082,333700,USD,NYQ,America/New_York,Yahoo Finance
ASG,2026-09-02,5.099999904632568,5.130000114440918,5.079999923706055,5.090000152587891,5.090000152587891,303800,USD,NYQ,America/New_York,Yahoo Finance
ASG,2026-09-03,5.110000133514404,5.150000095367432,5.090000152587891,5.150000095367432,5.150000095367432,323600,USD,NYQ,America/New_York,Yahoo Finance
ASG,2026-09-04,5.139999866485596,5.150000095367432,5.110000133514404,5.119999885559082,5.119999885559082,223500,USD,NYQ,America/New_York,Yahoo Finance
ASG,2026-09-08,5.119999885559082,5.139999866485596,5.110000133514404,5.130000114440918,5.130000114440918,200000,USD,NYQ,America/New_York,Yahoo Finance
ASG,2026-09-09,5.130000114440918,5.130000114440918,5.070000171661377,5.090000152587891,5.090000152587891,228700,USD,NYQ,America/New_York,Yahoo Finance
ASG,2026-09-10,5.010000228881836,5.039999961853027,4.989999771118164,5.0,5.0,377900,USD,NYQ,America/New_York,Yahoo Finance
ASG,2026-09-11,5.03000020980835,5.079999923706055,5.03000020980835,5.039999961853027,5.039999961853027,220600,USD,NYQ,America/New_York,Yahoo Finance
ASG,2026-09-14,5.03000020980835,5.059999942779541,5.0,5.03000020980835,5.03000020980835,270800,USD,NYQ,America/New_York,Yahoo Finance
ASG,2026-09-15,5.050000190734863,5.050000190734863,4.949999809265137,4.949999809265137,4.949999809265137,341400,USD,NYQ,America/New_York,Yahoo Finance
ASG,2026-09-16,4.960000038146973,5.010000228881836,4.920000076293945,4.96999979019165,4.96999979019165,376000,USD,NYQ,America/New_York,Yahoo Finance
ASG,2026-09-17,5.019999980926514,5.03000020980835,4.980000019073486,4.980000019073486,4.980000019073486,202800,USD,NYQ,America/New_York,Yahoo Finance
ASG,2026-09-18,4.960000038146973,5.019999980926514,4.960000038146973,5.019999980926514,5.019999980926514,217400,USD,NYQ,America/New_York,Yahoo Finance
ASG,2026-09-21,5.050000190734863,5.090000152587891,5.039999961853027,5.059999942779541,5.059999942779541,201100,USD,NYQ,America/New_York,Yahoo Finance
ASG,2026-09-22,5.070000171661377,5.099999904632568,5.059999942779541,5.099999904632568,5.099999904632568,271100,USD,NYQ,America/New_York,Yahoo Finance
ASG,2026-09-23,5.099999904632568,5.099999904632568,5.039999961853027,5.070000171661377,5.070000171661377,177700,USD,NYQ,America/New_York,Yahoo Finance
ASG,2026-09-24,5.010000228881836,5.070000171661377,5.010000228881836,5.039999961853027,5.039999961853027,238500,USD,NYQ,America/New_York,Yahoo Finance
ASG,2026-09-25,5.079999923706055,5.099999904632568,5.059999942779541,5.099999904632568,5.099999904632568,222400,USD,NYQ,America/New_York,Yahoo Finance
ASG,2026-09-28,5.070000171661377,5.070000171661377,5.019999980926514,5.059999942779541,5.059999942779541,313000,USD,NYQ,America/New_York,Yahoo Finance
ASG,2026-09-29,5.070000171661377,5.079999923706055,5.039999961853027,5.059999942779541,5.059999942779541,200900,USD,NYQ,America/New_York,Yahoo Finance
ASG,2026-09-30,5.059999942779541,5.070000171661377,5.039999961853027,5.050000190734863,5.050000190734863,217900,USD,NYQ,America/New_York,Yahoo Finance
ASG,2026-10-01,5.039999961853027,5.079999923706055,5.03000020980835,5.050000190734863,5.050000190734863,228600,USD,NYQ,America/New_York,Yahoo Finance
ASG,2026-10-02,5.079999923706055,5.130000114440918,5.079999923706055,5.079999923706055,5.079999923706055,240100,USD,NYQ,America/New_York,Yahoo Finance
ASMB,2026-08-21,33.86000061035156,35.619998931884766,33.86000061035156,34.380001068115234,34.380001068115234,341500,USD,NMS,America/New_York,Yahoo Finance
ASMB,2026-08-24,34.380001068115234,36.119998931884766,33.75,35.279998779296875,35.279998779296875,383900,USD,NMS,America/New_York,Yahoo Finance
ASMB,2026-08-25,36.0,37.0,35.189998626708984,35.33000183105469,35.33000183105469,553800,USD,NMS,America/New_York,Yahoo Finance
ASMB,2026-08-26,35.380001068115234,36.130001068115234,35.0,35.41999816894531,35.41999816894531,171500,USD,NMS,America/New_York,Yahoo Finance
ASMB,2026-08-27,35.31999969482422,35.900001525878906,34.75,34.79999923706055,34.79999923706055,192100,USD,NMS,America/New_York,Yahoo Finance
ASMB,2026-08-28,34.58000183105469,34.58000183105469,33.290000915527344,34.06999969482422,34.06999969482422,250000,USD,NMS,America/New_York,Yahoo Finance
ASMB,2026-08-31,33.79999923706055,34.29999923706055,32.91999816894531,33.630001068115234,33.630001068115234,236000,USD,NMS,America/New_York,Yahoo Finance
ASMB,2026-09-01,34.119998931884766,35.33000183105469,33.43000030517578,35.18000030517578,35.18000030517578,301100,USD,NMS,America/New_York,Yahoo Finance
ASMB,2026-09-02,35.47999954223633,37.0099983215332,34.86000061035156,36.720001220703125,36.720001220703125,267500,USD,NMS,America/New_York,Yahoo Finance
ASMB,2026-09-03,36.79999923706055,36.79999923706055,35.540000915527344,36.130001068115234,36.130001068115234,225000,USD,NMS,America/New_York,Yahoo Finance
ASMB,2026-09-04,35.68000030517578,36.77000045776367,35.4900016784668,36.599998474121094,36.599998474121094,156500,USD,NMS,America/New_York,Yahoo Finance
ASMB,2026-09-08,36.15999984741211,36.68000030517578,35.150001525878906,35.279998779296875,35.279998779296875,227700,USD,NMS,America/New_York,Yahoo Finance
ASMB,2026-09-09,35.63999938964844,35.93000030517578,32.72999954223633,32.869998931884766,32.869998931884766,724800,USD,NMS,America/New_York,Yahoo Finance
ASMB,2026-09-10,32.560001373291016,32.689998626708984,30.34000015258789,30.459999084472656,30.459999084472656,348600,USD,NMS,America/New_York,Yahoo Finance
ASMB,2026-09-11,30.829999923706055,31.719999313354492,29.68000030517578,29.799999237060547,29.799999237060547,258900,USD,NMS,America/New_York,Yahoo Finance
ASMB,2026-09-14,30.309999465942383,30.479999542236328,28.790000915527344,28.959999084472656,28.959999084472656,290100,USD,NMS,America/New_York,Yahoo Finance
ASMB,2026-09-15,29.0,29.65999984741211,25.309999465942383,26.110000610351562,26.110000610351562,588800,USD,NMS,America/New_York,Yahoo Finance
ASMB,2026-09-16,26.110000610351562,26.690000534057617,25.1299991607666,25.479999542236328,25.479999542236328,348800,USD,NMS,America/New_York,Yahoo Finance
ASMB,2026-09-17,26.020000457763672,26.299999237060547,25.100000381469727,25.34000015258789,25.34000015258789,364800,USD,NMS,America/New_York,Yahoo Finance
ASMB,2026-09-18,25.40999984741211,25.780000686645508,24.829999923706055,24.969999313354492,24.969999313354492,1413900,USD,NMS,America/New_York,Yahoo Finance
ASMB,2026-09-21,25.399999618530273,25.729999542236328,24.850000381469727,25.440000534057617,25.440000534057617,211900,USD,NMS,America/New_York,Yahoo Finance
ASMB,2026-09-22,25.690000534057617,25.889999389648438,25.1200008392334,25.450000762939453,25.450000762939453,1070100,USD,NMS,America/New_York,Yahoo Finance
ASMB,2026-09-23,25.420000076293945,25.6299991607666,23.889999389648438,23.969999313354492,23.969999313354492,275200,USD,NMS,America/New_York,Yahoo Finance
ASMB,2026-09-24,23.729999542236328,24.020000457763672,23.149999618530273,23.65999984741211,23.65999984741211,179000,USD,NMS,America/New_York,Yahoo Finance
ASMB,2026-09-25,23.700000762939453,24.25,23.43000030517578,23.670000076293945,23.670000076293945,143500,USD,NMS,America/New_York,Yahoo Finance
ASMB,2026-09-28,23.350000381469727,23.860000610351562,23.049999237060547,23.610000610351562,23.610000610351562,117500,USD,NMS,America/New_York,Yahoo Finance
ASMB,2026-09-29,23.700000762939453,23.790000915527344,23.049999237060547,23.479999542236328,23.479999542236328,229700,USD,NMS,America/New_York,Yahoo Finance
ASMB,2026-09-30,23.649999618530273,23.8700008392334,23.229999542236328,23.489999771118164,23.489999771118164,221100,USD,NMS,America/New_York,Yahoo Finance
ASMB,2026-10-01,23.18000030517578,23.65999984741211,22.75,22.979999542236328,22.979999542236328,350800,USD,NMS,America/New_York,Yahoo Finance
ASMB,2026-10-02,23.299999237060547,23.479999542236328,22.010000228881836,22.540000915527344,22.540000915527344,368000,USD,NMS,America/New_York,Yahoo Finance
ASRV,2026-08-21,5.0,5.059999942779541,4.940000057220459,5.019999980926514,5.019999980926514,7100,USD,NGM,America/New_York,Yahoo Finance
ASRV,2026-08-24,5.010000228881836,5.010000228881836,4.809999942779541,4.809999942779541,4.809999942779541,19100,USD,NGM,America/New_York,Yahoo Finance
ASRV,2026-08-25,4.800000190734863,5.039999961853027,4.71999979019165,4.949999809265137,4.949999809265137,21100,USD,NGM,America/New_York,Yahoo Finance
ASRV,2026-08-26,4.980000019073486,5.079999923706055,4.909999847412109,5.079999923706055,5.079999923706055,12400,USD,NGM,America/New_York,Yahoo Finance
ASRV,2026-08-27,5.099999904632568,5.099999904632568,4.849999904632568,4.849999904632568,4.849999904632568,14300,USD,NGM,America/New_York,Yahoo Finance
ASRV,2026-08-28,4.849999904632568,5.070000171661377,4.800000190734863,4.800000190734863,4.800000190734863,3800,USD,NGM,America/New_York,Yahoo Finance
ASRV,2026-08-31,4.5,4.880000114440918,4.5,4.829999923706055,4.829999923706055,15100,USD,NGM,America/New_York,Yahoo Finance
ASRV,2026-09-01,4.820000171661377,4.980000019073486,4.820000171661377,4.960000038146973,4.960000038146973,6800,USD,NGM,America/New_York,Yahoo Finance
ASRV,2026-09-02,5.050000190734863,5.079999923706055,4.769999980926514,4.829999923706055,4.829999923706055,13400,USD,NGM,America/New_York,Yahoo Finance
ASRV,2026-09-03,4.829999923706055,5.070000171661377,4.829999923706055,5.070000171661377,5.070000171661377,11200,USD,NGM,America/New_York,Yahoo Finance
ASRV,2026-09-04,5.059999942779541,5.079999923706055,4.699999809265137,5.059999942779541,5.059999942779541,15300,USD,NGM,America/New_York,Yahoo Finance
ASRV,2026-09-08,5.059999942779541,5.059999942779541,4.599999904632568,4.650000095367432,4.650000095367432,38600,USD,NGM,America/New_York,Yahoo Finance
ASRV,2026-09-09,4.659999847412109,4.800000190734863,4.610000133514404,4.710000038146973,4.710000038146973,9000,USD,NGM,America/New_York,Yahoo Finance
ASRV,2026-09-10,4.699999809265137,4.949999809265137,4.699999809265137,4.949999809265137,4.949999809265137,15500,USD,NGM,America/New_York,Yahoo Finance
ASRV,2026-09-11,4.949999809265137,5.059999942779541,4.840000152587891,4.889999866485596,4.889999866485596,6600,USD,NGM,America/New_York,Yahoo Finance
ASRV,2026-09-14,4.920000076293945,5.059999942779541,4.800000190734863,4.809999942779541,4.809999942779541,6300,USD,NGM,America/New_York,Yahoo Finance
ASRV,2026-09-15,4.989999771118164,4.989999771118164,4.829999923706055,4.829999923706055,4.829999923706055,1800,USD,NGM,America/New_York,Yahoo Finance
ASRV,2026-09-16,4.849999904632568,5.079999923706055,4.849999904632568,4.880000114440918,4.880000114440918,35300,USD,NGM,America/New_York,Yahoo Finance
ASRV,2026-09-17,4.920000076293945,4.920000076293945,4.650000095367432,4.699999809265137,4.699999809265137,18200,USD,NGM,America/New_York,Yahoo Finance
ASRV,2026-09-18,4.659999847412109,4.840000152587891,4.650000095367432,4.789999961853027,4.789999961853027,29900,USD,NGM,America/New_York,Yahoo Finance
ASRV,2026-09-21,4.880000114440918,4.880000114440918,4.639999866485596,4.650000095367432,4.650000095367432,8800,USD,NGM,America/New_York,Yahoo Finance
ASRV,2026-09-22,4.659999847412109,4.769999980926514,4.53000020980835,4.53000020980835,4.53000020980835,9100,USD,NGM,America/New_York,Yahoo Finance
ASRV,2026-09-23,4.519999980926514,4.699999809265137,4.519999980926514,4.699999809265137,4.699999809265137,6100,USD,NGM,America/New_York,Yahoo Finance
ASRV,2026-09-24,4.650000095367432,4.75,4.630000114440918,4.670000076293945,4.670000076293945,11800,USD,NGM,America/New_York,Yahoo Finance
ASRV,2026-09-25,4.670000076293945,4.829999923706055,4.5,4.679999828338623,4.679999828338623,26900,USD,NGM,America/New_York,Yahoo Finance
ASRV,2026-09-28,4.71999979019165,4.71999979019165,4.510000228881836,4.599999904632568,4.599999904632568,6300,USD,NGM,America/New_York,Yahoo Finance
ASRV,2026-09-29,4.760000228881836,4.760000228881836,4.659999847412109,4.71999979019165,4.71999979019165,6400,USD,NGM,America/New_York,Yahoo Finance
ASRV,2026-09-30,4.659999847412109,4.769999980926514,4.610000133514404,4.610000133514404,4.610000133514404,5700,USD,NGM,America/New_York,Yahoo Finance
ASRV,2026-10-01,4.619999885559082,4.690000057220459,4.400000095367432,4.449999809265137,4.449999809265137,9900,USD,NGM,America/New_York,Yahoo Finance
ASRV,2026-10-02,4.409999847412109,4.650000095367432,4.349999904632568,4.650000095367432,4.650000095367432,12200,USD,NGM,America/New_York,Yahoo Finance
AXGN,2026-08-17,48.5099983215332,49.209999084472656,47.900001525878906,49.150001525878906,49.150001525878906,654200,USD,NCM,America/New_York,Yahoo Finance
AXGN,2026-08-18,49.400001525878906,50.65999984741211,48.79999923706055,50.189998626708984,50.189998626708984,975100,USD,NCM,America/New_York,Yahoo Finance
AXGN,2026-08-19,50.5,50.619998931884766,48.869998931884766,48.93000030517578,48.93000030517578,982800,USD,NCM,America/New_York,Yahoo Finance
AXGN,2026-08-20,48.45000076293945,49.18000030517578,45.2599983215332,46.439998626708984,46.439998626708984,1033700,USD,NCM,America/New_York,Yahoo Finance
AXGN,2026-08-21,46.5,51.060001373291016,46.2400016784668,50.400001525878906,50.400001525878906,1779700,USD,NCM,America/New_York,Yahoo Finance
AXGN,2026-08-24,50.880001068115234,50.880001068115234,48.7400016784668,49.22999954223633,49.22999954223633,704100,USD,NCM,America/New_York,Yahoo Finance
AXGN,2026-08-25,49.68000030517578,50.0,48.7599983215332,49.93000030517578,49.93000030517578,537300,USD,NCM,America/New_York,Yahoo Finance
AXGN,2026-08-26,50.040000915527344,51.9900016784668,49.25,51.58000183105469,51.58000183105469,847600,USD,NCM,America/New_York,Yahoo Finance
AXGN,2026-08-27,51.880001068115234,52.90999984741211,51.15999984741211,51.72999954223633,51.72999954223633,951500,USD,NCM,America/New_York,Yahoo Finance
AXGN,2026-08-28,51.54999923706055,52.43000030517578,50.939998626708984,51.470001220703125,51.470001220703125,771200,USD,NCM,America/New_York,Yahoo Finance
AXGN,2026-08-31,50.970001220703125,51.18000030517578,49.630001068115234,50.7599983215332,50.7599983215332,878100,USD,NCM,America/New_York,Yahoo Finance
AXGN,2026-09-01,50.63999938964844,51.0,49.290000915527344,49.880001068115234,49.880001068115234,596600,USD,NCM,America/New_York,Yahoo Finance
AXGN,2026-09-02,50.150001525878906,51.5,47.83000183105469,48.29999923706055,48.29999923706055,789700,USD,NCM,America/New_York,Yahoo Finance
AXGN,2026-09-03,48.65999984741211,49.060001373291016,46.790000915527344,47.099998474121094,47.099998474121094,951200,USD,NCM,America/New_York,Yahoo Finance
AXGN,2026-09-04,46.72999954223633,48.38999938964844,46.290000915527344,48.279998779296875,48.279998779296875,550100,USD,NCM,America/New_York,Yahoo Finance
AXGN,2026-09-08,47.189998626708984,47.97999954223633,46.2599983215332,46.689998626708984,46.689998626708984,541500,USD,NCM,America/New_York,Yahoo Finance
AXGN,2026-09-09,46.209999084472656,48.11000061035156,46.0,47.27000045776367,47.27000045776367,728800,USD,NCM,America/New_York,Yahoo Finance
AXGN,2026-09-10,45.13999938964844,45.5,41.7400016784668,41.849998474121094,41.849998474121094,3793200,USD,NCM,America/New_York,Yahoo Finance
AXGN,2026-09-11,42.47999954223633,42.59000015258789,39.619998931884766,42.15999984741211,42.15999984741211,3477600,USD,NCM,America/New_York,Yahoo Finance
AXGN,2026-09-14,41.54999923706055,44.0,41.54999923706055,43.779998779296875,43.779998779296875,1668200,USD,NCM,America/New_York,Yahoo Finance
AXGN,2026-09-15,43.849998474121094,45.459999084472656,43.5099983215332,44.970001220703125,44.970001220703125,1397000,USD,NCM,America/New_York,Yahoo Finance
AXGN,2026-09-16,44.869998931884766,46.349998474121094,44.029998779296875,45.439998626708984,45.439998626708984,1423700,USD,NCM,America/New_York,Yahoo Finance
AXGN,2026-09-17,45.90999984741211,46.88999938964844,45.06999969482422,45.290000915527344,45.290000915527344,831400,USD,NCM,America/New_York,Yahoo Finance
AXGN,2026-09-18,44.939998626708984,45.65999984741211,44.15999984741211,44.22999954223633,44.22999954223633,1124500,USD,NCM,America/New_York,Yahoo Finance
AXGN,2026-09-21,44.81999969482422,46.58000183105469,44.31999969482422,45.93000030517578,45.93000030517578,1199800,USD,NCM,America/New_York,Yahoo Finance
AXGN,2026-09-22,46.16999816894531,47.0,44.0,44.540000915527344,44.540000915527344,1331500,USD,NCM,America/New_York,Yahoo Finance
AXGN,2026-09-23,44.540000915527344,44.84000015258789,43.25,43.31999969482422,43.31999969482422,1247100,USD,NCM,America/New_York,Yahoo Finance
AXGN,2026-09-24,43.18000030517578,43.95000076293945,42.54999923706055,43.31999969482422,43.31999969482422,796600,USD,NCM,America/New_York,Yahoo Finance
AXGN,2026-09-25,43.61000061035156,44.68000030517578,43.04999923706055,43.38999938964844,43.38999938964844,1221900,USD,NCM,America/New_York,Yahoo Finance
AXGN,2026-09-28,43.22999954223633,43.939998626708984,42.459999084472656,43.36000061035156,43.36000061035156,885500,USD,NCM,America/New_York,Yahoo Finance
AYA,2026-08-17,26.0,27.0,25.280000686645508,26.670000076293945,26.670000076293945,796300,USD,NMS,America/New_York,Yahoo Finance
AYA,2026-08-18,25.829999923706055,26.309999465942383,24.950000762939453,24.989999771118164,24.989999771118164,839200,USD,NMS,America/New_York,Yahoo Finance
AYA,2026-08-19,26.309999465942383,27.6299991607666,26.299999237060547,27.25,27.25,1316700,USD,NMS,America/New_York,Yahoo Finance
AYA,2026-08-20,27.100000381469727,27.90999984741211,26.68000030517578,26.920000076293945,26.920000076293945,1150400,USD,NMS,America/New_York,Yahoo Finance
AYA,2026-08-21,27.690000534057617,27.690000534057617,26.479999542236328,26.649999618530273,26.649999618530273,951600,USD,NMS,America/New_York,Yahoo Finance
AYA,2026-08-24,27.040000915527344,27.100000381469727,25.969999313354492,26.579999923706055,26.579999923706055,943100,USD,NMS,America/New_York,Yahoo Finance
AYA,2026-08-25,26.209999084472656,27.75,26.059999465942383,27.709999084472656,27.709999084472656,1266800,USD,NMS,America/New_York,Yahoo Finance
AYA,2026-08-26,27.239999771118164,28.170000076293945,26.809999465942383,27.770000457763672,27.770000457763672,999300,USD,NMS,America/New_York,Yahoo Finance
AYA,2026-08-27,27.969999313354492,30.239999771118164,27.709999084472656,29.290000915527344,29.290000915527344,1871200,USD,NMS,America/New_York,Yahoo Finance
AYA,2026-08-28,29.8700008392334,30.020000457763672,27.540000915527344,27.969999313354492,27.969999313354492,1894400,USD,NMS,America/New_York,Yahoo Finance
AYA,2026-08-31,27.649999618530273,28.1200008392334,27.049999237060547,27.920000076293945,27.920000076293945,732800,USD,NMS,America/New_York,Yahoo Finance
AYA,2026-09-01,26.549999237060547,28.43000030517578,25.780000686645508,26.3700008392334,26.3700008392334,1483400,USD,NMS,America/New_York,Yahoo Finance
AYA,2026-09-02,27.25,28.670000076293945,27.25,28.350000381469727,28.350000381469727,1212400,USD,NMS,America/New_York,Yahoo Finance
AYA,2026-09-03,29.65999984741211,29.860000610351562,28.600000381469727,29.81999969482422,29.81999969482422,1572700,USD,NMS,America/New_York,Yahoo Finance
AYA,2026-09-04,28.790000915527344,29.299999237060547,28.0,28.90999984741211,28.90999984741211,873000,USD,NMS,America/New_York,Yahoo Finance
AYA,2026-09-08,28.8700008392334,29.75,28.8700008392334,29.149999618530273,29.149999618530273,502700,USD,NMS,America/New_York,Yahoo Finance
AYA,2026-09-09,30.06999969482422,30.399999618530273,29.31999969482422,29.889999389648438,29.889999389648438,834900,USD,NMS,America/New_York,Yahoo Finance
AYA,2026-09-10,28.5,29.18000030517578,28.06999969482422,28.420000076293945,28.420000076293945,840000,USD,NMS,America/New_York,Yahoo Finance
AYA,2026-09-11,29.0,30.020000457763672,27.649999618530273,27.969999313354492,27.969999313354492,1275900,USD,NMS,America/New_York,Yahoo Finance
AYA,2026-09-14,26.649999618530273,27.010000228881836,25.469999313354492,26.90999984741211,26.90999984741211,2784100,USD,NMS,America/New_York,Yahoo Finance
AYA,2026-09-15,27.010000228881836,27.209999084472656,26.18000030517578,26.700000762939453,26.700000762939453,942300,USD,NMS,America/New_York,Yahoo Finance
AYA,2026-09-16,27.579999923706055,28.010000228881836,26.100000381469727,26.75,26.75,1467500,USD,NMS,America/New_York,Yahoo Finance
AYA,2026-09-17,28.040000915527344,28.899999618530273,27.770000457763672,28.81999969482422,28.81999969482422,1313300,USD,NMS,America/New_York,Yahoo Finance
AYA,2026-09-18,29.229999542236328,29.3700008392334,27.889999389648438,28.459999084472656,28.459999084472656,4577900,USD,NMS,America/New_York,Yahoo Finance
AYA,2026-09-21,28.579999923706055,28.959999084472656,28.25,28.68000030517578,28.68000030517578,691200,USD,NMS,America/New_York,Yahoo Finance
AYA,2026-09-22,28.850000381469727,30.670000076293945,28.579999923706055,30.3799991607666,30.3799991607666,1028500,USD,NMS,America/New_York,Yahoo Finance
AYA,2026-09-23,29.639999389648438,29.65999984741211,27.8799991607666,28.190000534057617,28.190000534057617,1283400,USD,NMS,America/New_York,Yahoo Finance
AYA,2026-09-24,27.709999084472656,28.360000610351562,27.309999465942383,27.940000534057617,27.940000534057617,967400,USD,NMS,America/New_York,Yahoo Finance
AYA,2026-09-25,28.239999771118164,28.8700008392334,27.920000076293945,28.469999313354492,28.469999313354492,799000,USD,NMS,America/New_York,Yahoo Finance
AYA,2026-09-28,26.799999237060547,27.549999237060547,26.31999969482422,26.530000686645508,26.530000686645508,1457800,USD,NMS,America/New_York,Yahoo Finance
AZ,2026-08-21,6.880000114440918,7.320000171661377,6.880000114440918,7.159999847412109,7.159999847412109,487400,USD,NCM,America/New_York,Yahoo Finance
AZ,2026-08-24,7.139999866485596,7.2129998207092285,7.010000228881836,7.079999923706055,7.079999923706055,149800,USD,NCM,America/New_York,Yahoo Finance
AZ,2026-08-25,7.079999923706055,7.139999866485596,6.800000190734863,6.909999847412109,6.909999847412109,400100,USD,NCM,America/New_York,Yahoo Finance
AZ,2026-08-26,6.820000171661377,7.054999828338623,6.619999885559082,6.920000076293945,6.920000076293945,674700,USD,NCM,America/New_York,Yahoo Finance
AZ,2026-08-27,6.900000095367432,7.072999954223633,6.5,6.630000114440918,6.630000114440918,654500,USD,NCM,America/New_York,Yahoo Finance
AZ,2026-08-28,6.570000171661377,6.646999835968018,6.170000076293945,6.349999904632568,6.349999904632568,751900,USD,NCM,America/New_York,Yahoo Finance
AZ,2026-08-31,6.260000228881836,6.420000076293945,6.119999885559082,6.380000114440918,6.380000114440918,486100,USD,NCM,America/New_York,Yahoo Finance
AZ,2026-09-01,6.309999942779541,6.309999942779541,6.0,6.050000190734863,6.050000190734863,401400,USD,NCM,America/New_York,Yahoo Finance
AZ,2026-09-02,6.150000095367432,6.320000171661377,5.869999885559082,5.900000095367432,5.900000095367432,415000,USD,NCM,America/New_York,Yahoo Finance
AZ,2026-09-03,5.960000038146973,6.230000019073486,5.860000133514404,5.989999771118164,5.989999771118164,478200,USD,NCM,America/New_York,Yahoo Finance
AZ,2026-09-04,5.909999847412109,6.195000171661377,5.849999904632568,6.150000095367432,6.150000095367432,268800,USD,NCM,America/New_York,Yahoo Finance
AZ,2026-09-08,6.119999885559082,6.224999904632568,5.934999942779541,6.159999847412109,6.159999847412109,434500,USD,NCM,America/New_York,Yahoo Finance
AZ,2026-09-09,6.170000076293945,6.170000076293945,5.929999828338623,6.03000020980835,6.03000020980835,235800,USD,NCM,America/New_York,Yahoo Finance
AZ,2026-09-10,5.96999979019165,6.034999847412109,5.670000076293945,5.730000019073486,5.730000019073486,308400,USD,NCM,America/New_York,Yahoo Finance
AZ,2026-09-11,5.78000020980835,5.909999847412109,5.699999809265137,5.789999961853027,5.789999961853027,258200,USD,NCM,America/New_York,Yahoo Finance
AZ,2026-09-14,5.699999809265137,5.909999847412109,5.590000152587891,5.800000190734863,5.800000190734863,323200,USD,NCM,America/New_York,Yahoo Finance
AZ,2026-09-15,5.739999771118164,5.739999771118164,5.489999771118164,5.550000190734863,5.550000190734863,307700,USD,NCM,America/New_York,Yahoo Finance
AZ,2026-09-16,5.539999961853027,5.880000114440918,5.300000190734863,5.599999904632568,5.599999904632568,569100,USD,NCM,America/New_York,Yahoo Finance
AZ,2026-09-17,5.789999961853027,5.889999866485596,5.559999942779541,5.650000095367432,5.650000095367432,522600,USD,NCM,America/New_York,Yahoo Finance
AZ,2026-09-18,5.630000114440918,5.789999961853027,5.519999980926514,5.650000095367432,5.650000095367432,423000,USD,NCM,America/New_York,Yahoo Finance
AZ,2026-09-21,5.730000019073486,5.860000133514404,5.559999942779541,5.829999923706055,5.829999923706055,416600,USD,NCM,America/New_York,Yahoo Finance
AZ,2026-09-22,5.880000114440918,6.150000095367432,5.570000171661377,6.010000228881836,6.010000228881836,457100,USD,NCM,America/New_York,Yahoo Finance
AZ,2026-09-23,5.949999809265137,6.004000186920166,5.679999828338623,5.75,5.75,162200,USD,NCM,America/New_York,Yahoo Finance
AZ,2026-09-24,5.71999979019165,5.840000152587891,5.570000171661377,5.679999828338623,5.679999828338623,203500,USD,NCM,America/New_York,Yahoo Finance
AZ,2026-09-25,5.739999771118164,5.809999942779541,5.440000057220459,5.449999809265137,5.449999809265137,149100,USD,NCM,America/New_York,Yahoo Finance
AZ,2026-09-28,5.400000095367432,5.46999979019165,5.179999828338623,5.340000152587891,5.340000152587891,323100,USD,NCM,America/New_York,Yahoo Finance
AZ,2026-09-29,5.360000133514404,5.659999847412109,5.360000133514404,5.539999961853027,5.539999961853027,455700,USD,NCM,America/New_York,Yahoo Finance
AZ,2026-09-30,5.579999923706055,5.800000190734863,5.519999980926514,5.75,5.75,403600,USD,NCM,America/New_York,Yahoo Finance
AZ,2026-10-01,5.690000057220459,5.889999866485596,5.579999923706055,5.639999866485596,5.639999866485596,265900,USD,NCM,America/New_York,Yahoo Finance
AZ,2026-10-02,5.730000019073486,6.320000171661377,5.610000133514404,6.190000057220459,6.190000057220459,721000,USD,NCM,America/New_York,Yahoo Finance
BAX,2026-08-17,26.469999313354492,26.469999313354492,25.8700008392334,25.90999984741211,25.900007247924805,5851200,USD,NYQ,America/New_York,Yahoo Finance
BAX,2026-08-18,26.079999923706055,26.34000015258789,25.75,25.940000534057617,25.929996490478516,6688500,USD,NYQ,America/New_York,Yahoo Finance
BAX,2026-08-19,26.040000915527344,26.75,25.8700008392334,26.639999389648438,26.62972640991211,5054000,USD,NYQ,America/New_York,Yahoo Finance
BAX,2026-08-20,25.899999618530273,26.780000686645508,25.899999618530273,26.40999984741211,26.39981460571289,3527900,USD,NYQ,America/New_York,Yahoo Finance
BAX,2026-08-21,26.510000228881836,26.670000076293945,26.09000015258789,26.34000015258789,26.32984161376953,4360800,USD,NYQ,America/New_York,Yahoo Finance
BAX,2026-08-24,26.3700008392334,26.610000610351562,26.06999969482422,26.489999771118164,26.47978401184082,4426600,USD,NYQ,America/New_York,Yahoo Finance
BAX,2026-08-25,26.43000030517578,26.5,26.010000228881836,26.290000915527344,26.279861450195312,3792500,USD,NYQ,America/New_York,Yahoo Finance
BAX,2026-08-26,26.489999771118164,26.760000228881836,26.1299991607666,26.5,26.48978042602539,5186500,USD,NYQ,America/New_York,Yahoo Finance
BAX,2026-08-27,26.059999465942383,26.440000534057617,25.81999969482422,25.93000030517578,25.920000076293945,4499500,USD,NYQ,America/New_York,Yahoo Finance
BAX,2026-08-28,25.989999771118164,26.309999465942383,25.790000915527344,26.1299991607666,26.1299991607666,3960400,USD,NYQ,America/New_York,Yahoo Finance
BAX,2026-08-31,25.90999984741211,26.350000381469727,25.860000610351562,26.0,26.0,3991300,USD,NYQ,America/New_York,Yahoo Finance
BAX,2026-09-01,26.309999465942383,26.559999465942383,25.170000076293945,25.479999542236328,25.479999542236328,5275100,USD,NYQ,America/New_York,Yahoo Finance
BAX,2026-09-02,25.549999237060547,26.049999237060547,25.479999542236328,25.700000762939453,25.700000762939453,4167800,USD,NYQ,America/New_York,Yahoo Finance
BAX,2026-09-03,25.959999084472656,26.09000015258789,25.170000076293945,25.56999969482422,25.56999969482422,4698400,USD,NYQ,America/New_York,Yahoo Finance
BAX,2026-09-04,25.329999923706055,26.1200008392334,25.260000228881836,25.829999923706055,25.829999923706055,3415000,USD,NYQ,America/New_York,Yahoo Finance
BAX,2026-09-08,25.59000015258789,25.75,24.65999984741211,24.860000610351562,24.860000610351562,5908200,USD,NYQ,America/New_York,Yahoo Finance
BAX,2026-09-09,24.709999084472656,25.209999084472656,24.389999389648438,24.389999389648438,24.389999389648438,5299200,USD,NYQ,America/New_York,Yahoo Finance
BAX,2026-09-10,24.149999618530273,24.3799991607666,23.920000076293945,24.18000030517578,24.18000030517578,5751300,USD,NYQ,America/New_York,Yahoo Finance
BAX,2026-09-11,24.649999618530273,24.770000457763672,23.670000076293945,23.799999237060547,23.799999237060547,5450600,USD,NYQ,America/New_York,Yahoo Finance
BAX,2026-09-14,24.010000228881836,24.219999313354492,23.610000610351562,23.860000610351562,23.860000610351562,5741900,USD,NYQ,America/New_York,Yahoo Finance
BAX,2026-09-15,23.940000534057617,23.940000534057617,23.15999984741211,23.709999084472656,23.709999084472656,6145600,USD,NYQ,America/New_York,Yahoo Finance
BAX,2026-09-16,23.760000228881836,23.8700008392334,23.18000030517578,23.530000686645508,23.530000686645508,9453600,USD,NYQ,America/New_York,Yahoo Finance
BAX,2026-09-17,23.700000762939453,23.739999771118164,22.979999542236328,23.020000457763672,23.020000457763672,6614700,USD,NYQ,America/New_York,Yahoo Finance
BAX,2026-09-18,23.049999237060547,23.15999984741211,22.709999084472656,22.799999237060547,22.799999237060547,9968200,USD,NYQ,America/New_York,Yahoo Finance
BAX,2026-09-21,22.989999771118164,23.079999923706055,22.559999465942383,22.93000030517578,22.93000030517578,11747700,USD,NYQ,America/New_York,Yahoo Finance
BAX,2026-09-22,23.209999084472656,23.8700008392334,23.209999084472656,23.68000030517578,23.68000030517578,7364000,USD,NYQ,America/New_York,Yahoo Finance
BAX,2026-09-23,23.59000015258789,24.299999237060547,23.450000762939453,23.489999771118164,23.489999771118164,9441600,USD,NYQ,America/New_York,Yahoo Finance
BAX,2026-09-24,23.479999542236328,23.760000228881836,23.200000762939453,23.479999542236328,23.479999542236328,7346000,USD,NYQ,America/New_York,Yahoo Finance
BAX,2026-09-25,23.43000030517578,23.709999084472656,23.200000762939453,23.3700008392334,23.3700008392334,6569000,USD,NYQ,America/New_York,Yahoo Finance
BAX,2026-09-28,23.209999084472656,23.81999969482422,23.110000610351562,23.489999771118164,23.489999771118164,6171500,USD,NYQ,America/New_York,Yahoo Finance
BBAR,2026-08-17,15.789999961853027,15.8100004196167,15.15999984741211,15.260000228881836,15.260000228881836,933800,USD,NYQ,America/New_York,Yahoo Finance
BBAR,2026-08-18,15.119999885559082,15.130000114440918,14.550000190734863,14.760000228881836,14.760000228881836,1491700,USD,NYQ,America/New_York,Yahoo Finance
BBAR,2026-08-19,14.920000076293945,15.0600004196167,14.34000015258789,14.479999542236328,14.479999542236328,916900,USD,NYQ,America/New_York,Yahoo Finance
BBAR,2026-08-20,14.5600004196167,14.739999771118164,13.930000305175781,14.079999923706055,14.079999923706055,2082200,USD,NYQ,America/New_York,Yahoo Finance
BBAR,2026-08-21,14.289999961853027,14.579999923706055,14.0,14.050000190734863,14.050000190734863,1151100,USD,NYQ,America/New_York,Yahoo Finance
BBAR,2026-08-24,14.050000190734863,14.890000343322754,14.0,14.760000228881836,14.760000228881836,842100,USD,NYQ,America/New_York,Yahoo Finance
BBAR,2026-08-25,14.850000381469727,14.989999771118164,14.420000076293945,14.800000190734863,14.800000190734863,743900,USD,NYQ,America/New_York,Yahoo Finance
BBAR,2026-08-26,14.800000190734863,15.149999618530273,14.65999984741211,14.920000076293945,14.920000076293945,539900,USD,NYQ,America/New_York,Yahoo Finance
BBAR,2026-08-27,14.960000038146973,15.0600004196167,14.4399995803833,14.600000381469727,14.600000381469727,668900,USD,NYQ,America/New_York,Yahoo Finance
BBAR,2026-08-28,15.010000228881836,15.010000228881836,14.09000015258789,14.470000267028809,14.470000267028809,1002300,USD,NYQ,America/New_York,Yahoo Finance
BBAR,2026-08-31,14.880000114440918,15.539999961853027,14.600000381469727,15.140000343322754,15.140000343322754,1478000,USD,NYQ,America/New_York,Yahoo Finance
BBAR,2026-09-01,14.819999694824219,15.850000381469727,14.75,15.109999656677246,15.109999656677246,797500,USD,NYQ,America/New_York,Yahoo Finance
BBAR,2026-09-02,15.010000228881836,15.270000457763672,14.850000381469727,15.260000228881836,15.260000228881836,1303300,USD,NYQ,America/New_York,Yahoo Finance
BBAR,2026-09-03,15.520000457763672,15.890000343322754,14.789999961853027,15.09000015258789,15.09000015258789,1426700,USD,NYQ,America/New_York,Yahoo Finance
BBAR,2026-09-04,15.130000114440918,15.220000267028809,14.6899995803833,14.819999694824219,14.819999694824219,674000,USD,NYQ,America/New_York,Yahoo Finance
BBAR,2026-09-08,15.029999732971191,15.100000381469727,14.649999618530273,14.920000076293945,14.920000076293945,482200,USD,NYQ,America/New_York,Yahoo Finance
BBAR,2026-09-09,14.720000267028809,15.170000076293945,14.569999694824219,15.15999984741211,15.15999984741211,327600,USD,NYQ,America/New_York,Yahoo Finance
BBAR,2026-09-10,15.020000457763672,15.680000305175781,15.0,15.34000015258789,15.34000015258789,398700,USD,NYQ,America/New_York,Yahoo Finance
BBAR,2026-09-11,15.5,15.539999961853027,14.739999771118164,14.890000343322754,14.890000343322754,309800,USD,NYQ,America/New_York,Yahoo Finance
BBAR,2026-09-14,14.779999732971191,14.890000343322754,14.59000015258789,14.800000190734863,14.800000190734863,389800,USD,NYQ,America/New_York,Yahoo Finance
BBAR,2026-09-15,14.720000267028809,14.800000190734863,14.359999656677246,14.5600004196167,14.5600004196167,384400,USD,NYQ,America/New_York,Yahoo Finance
BBAR,2026-09-16,14.380000114440918,14.729999542236328,14.300000190734863,14.510000228881836,14.510000228881836,351600,USD,NYQ,America/New_York,Yahoo Finance
BBAR,2026-09-17,14.699999809265137,14.859999656677246,14.40999984741211,14.630000114440918,14.630000114440918,378100,USD,NYQ,America/New_York,Yahoo Finance
BBAR,2026-09-18,14.609999656677246,14.6899995803833,14.170000076293945,14.25,14.25,258800,USD,NYQ,America/New_York,Yahoo Finance
BBAR,2026-09-21,14.539999961853027,14.539999961853027,14.15999984741211,14.300000190734863,14.300000190734863,271000,USD,NYQ,America/New_York,Yahoo Finance
BBAR,2026-09-22,14.3100004196167,14.430000305175781,13.800000190734863,14.130000114440918,14.130000114440918,485000,USD,NYQ,America/New_York,Yahoo Finance
BBAR,2026-09-23,14.0,14.3100004196167,13.670000076293945,13.670000076293945,13.670000076293945,357400,USD,NYQ,America/New_York,Yahoo Finance
BBAR,2026-09-24,13.84000015258789,13.84000015258789,13.390000343322754,13.489999771118164,13.489999771118164,798900,USD,NYQ,America/New_York,Yahoo Finance
BBAR,2026-09-25,13.520000457763672,13.520000457763672,13.130000114440918,13.149999618530273,13.149999618530273,344100,USD,NYQ,America/New_York,Yahoo Finance
BBAR,2026-09-28,13.0,13.0,12.430000305175781,12.550000190734863,12.550000190734863,641400,USD,NYQ,America/New_York,Yahoo Finance
BBN,2026-08-17,15.819999694824219,15.850000381469727,15.720000267028809,15.729999542236328,15.627277374267578,98800,USD,NYQ,America/New_York,Yahoo Finance
BBN,2026-08-18,15.670000076293945,15.789999961853027,15.670000076293945,15.729999542236328,15.627277374267578,134500,USD,NYQ,America/New_York,Yahoo Finance
BBN,2026-08-19,15.800000190734863,15.899999618530273,15.800000190734863,15.859999656677246,15.756428718566895,155400,USD,NYQ,America/New_York,Yahoo Finance
BBN,2026-08-20,15.779999732971191,15.84000015258789,15.739999771118164,15.760000228881836,15.657081604003906,99500,USD,NYQ,America/New_York,Yahoo Finance
BBN,2026-08-21,15.710000038146973,15.920000076293945,15.710000038146973,15.789999961853027,15.686885833740234,171400,USD,NYQ,America/New_York,Yahoo Finance
BBN,2026-08-24,15.760000228881836,15.800000190734863,15.739999771118164,15.75,15.647147178649902,102400,USD,NYQ,America/New_York,Yahoo Finance
BBN,2026-08-25,15.779999732971191,15.920000076293945,15.779999732971191,15.90999984741211,15.80610179901123,102900,USD,NYQ,America/New_York,Yahoo Finance
BBN,2026-08-26,15.890000343322754,15.899999618530273,15.770000457763672,15.880000114440918,15.776298522949219,118700,USD,NYQ,America/New_York,Yahoo Finance
BBN,2026-08-27,15.819999694824219,15.930000305175781,15.819999694824219,15.890000343322754,15.786232948303223,88200,USD,NYQ,America/New_York,Yahoo Finance
BBN,2026-08-28,15.899999618530273,15.9399995803833,15.8100004196167,15.880000114440918,15.776298522949219,80500,USD,NYQ,America/New_York,Yahoo Finance
BBN,2026-08-31,15.890000343322754,15.930000305175781,15.800000190734863,15.8100004196167,15.706755638122559,113300,USD,NYQ,America/New_York,Yahoo Finance
BBN,2026-09-01,15.779999732971191,15.800000190734863,15.619999885559082,15.649999618530273,15.547800064086914,180500,USD,NYQ,America/New_York,Yahoo Finance
BBN,2026-09-02,15.649999618530273,15.720000267028809,15.59000015258789,15.680000305175781,15.577604293823242,107200,USD,NYQ,America/New_York,Yahoo Finance
BBN,2026-09-03,15.65999984741211,15.729999542236328,15.59000015258789,15.649999618530273,15.547800064086914,149400,USD,NYQ,America/New_York,Yahoo Finance
BBN,2026-09-04,15.640000343322754,15.699999809265137,15.619999885559082,15.649999618530273,15.547800064086914,93300,USD,NYQ,America/New_York,Yahoo Finance
BBN,2026-09-08,15.649999618530273,15.720000267028809,15.5,15.539999961853027,15.438518524169922,236600,USD,NYQ,America/New_York,Yahoo Finance
BBN,2026-09-09,15.5,15.569999694824219,15.449999809265137,15.449999809265137,15.349105834960938,170500,USD,NYQ,America/New_York,Yahoo Finance
BBN,2026-09-10,15.399999618530273,15.399999618530273,15.210000038146973,15.279999732971191,15.180215835571289,270400,USD,NYQ,America/New_York,Yahoo Finance
BBN,2026-09-11,15.300000190734863,15.4399995803833,15.210000038146973,15.220000267028809,15.12060832977295,117500,USD,NYQ,America/New_York,Yahoo Finance
BBN,2026-09-14,15.140000343322754,15.25,15.140000343322754,15.15999984741211,15.060999870300293,191700,USD,NYQ,America/New_York,Yahoo Finance
BBN,2026-09-15,15.09000015258789,15.130000114440918,14.869999885559082,14.890000343322754,14.890000343322754,322600,USD,NYQ,America/New_York,Yahoo Finance
BBN,2026-09-16,14.850000381469727,14.989999771118164,14.850000381469727,14.850000381469727,14.850000381469727,266700,USD,NYQ,America/New_York,Yahoo Finance
BBN,2026-09-17,14.90999984741211,15.010000228881836,14.90999984741211,15.010000228881836,15.010000228881836,220100,USD,NYQ,America/New_York,Yahoo Finance
BBN,2026-09-18,14.989999771118164,14.989999771118164,14.869999885559082,14.899999618530273,14.899999618530273,247900,USD,NYQ,America/New_York,Yahoo Finance
BBN,2026-09-21,14.920000076293945,14.960000038146973,14.880000114440918,14.949999809265137,14.949999809265137,240100,USD,NYQ,America/New_York,Yahoo Finance
BBN,2026-09-22,14.949999809265137,14.989999771118164,14.890000343322754,14.989999771118164,14.989999771118164,309400,USD,NYQ,America/New_York,Yahoo Finance
BBN,2026-09-23,14.949999809265137,14.949999809265137,14.59000015258789,14.649999618530273,14.649999618530273,555800,USD,NYQ,America/New_York,Yahoo Finance
BBN,2026-09-24,14.630000114440918,14.729999542236328,14.3100004196167,14.359999656677246,14.359999656677246,809500,USD,NYQ,America/New_York,Yahoo Finance
BBN,2026-09-25,14.390000343322754,14.510000228881836,14.289999961853027,14.470000267028809,14.470000267028809,266500,USD,NYQ,America/New_York,Yahoo Finance
BBN,2026-09-28,14.350000381469727,14.4399995803833,14.300000190734863,14.319999694824219,14.319999694824219,302100,USD,NYQ,America/New_York,Yahoo Finance
BCH-USD,2026-09-02,246.00999450683594,249.6033172607422,241.42376708984375,244.19068908691406,244.19068908691406,97267422,USD,CCC,UTC,Yahoo Finance
BCH-USD,2026-09-03,244.19068908691406,261.07391357421875,242.7681427001953,256.8126220703125,256.8126220703125,177652816,USD,CCC,UTC,Yahoo Finance
BCH-USD,2026-09-04,256.8117370605469,261.0025634765625,247.4399871826172,248.18052673339844,248.18052673339844,156792776,USD,CCC,UTC,Yahoo Finance
BCH-USD,2026-09-05,248.18409729003906,259.60211181640625,245.43870544433594,257.2412109375,257.2412109375,154193742,USD,CCC,UTC,Yahoo Finance
BCH-USD,2026-09-06,257.2412109375,263.74639892578125,254.59454345703125,260.6897888183594,260.6897888183594,145502124,USD,CCC,UTC,Yahoo Finance
BCH-USD,2026-09-07,260.6916198730469,267.72607421875,253.02731323242188,259.023681640625,259.023681640625,187351791,USD,CCC,UTC,Yahoo Finance
BCH-USD,2026-09-08,259.0259704589844,262.3434143066406,252.3144989013672,258.3415222167969,258.3415222167969,173503713,USD,CCC,UTC,Yahoo Finance
BCH-USD,2026-09-09,258.338134765625,260.832763671875,248.75555419921875,251.8243408203125,251.8243408203125,147287797,USD,CCC,UTC,Yahoo Finance
BCH-USD,2026-09-10,251.8242950439453,252.22903442382812,223.2729949951172,223.66836547851562,223.66836547851562,364173307,USD,CCC,UTC,Yahoo Finance
BCH-USD,2026-09-11,223.66851806640625,237.5575714111328,222.5564727783203,228.01327514648438,228.01327514648438,259780260,USD,CCC,UTC,Yahoo Finance
BCH-USD,2026-09-12,228.0136260986328,231.95361328125,225.08018493652344,226.42437744140625,226.42437744140625,108219600,USD,CCC,UTC,Yahoo Finance
BCH-USD,2026-09-13,226.42440795898438,226.71116638183594,220.271240234375,220.87701416015625,220.87701416015625,125223538,USD,CCC,UTC,Yahoo Finance
BCH-USD,2026-09-14,220.88043212890625,229.94459533691406,220.11570739746094,223.32086181640625,223.32086181640625,167136264,USD,CCC,UTC,Yahoo Finance
BCH-USD,2026-09-15,223.3206024169922,224.58460998535156,214.1024169921875,216.96717834472656,216.96717834472656,173899419,USD,CCC,UTC,Yahoo Finance
BCH-USD,2026-09-16,216.96717834472656,221.27725219726562,214.1612091064453,220.9935760498047,220.9935760498047,142235846,USD,CCC,UTC,Yahoo Finance
BCH-USD,2026-09-17,220.9923553466797,240.0127716064453,219.56568908691406,233.90289306640625,233.90289306640625,204827528,USD,CCC,UTC,Yahoo Finance
BCH-USD,2026-09-18,233.9034881591797,264.4048156738281,233.351806640625,255.1068572998047,255.1068572998047,340009717,USD,CCC,UTC,Yahoo Finance
BCH-USD,2026-09-19,255.11166381835938,257.8692932128906,245.4561004638672,255.22598266601562,255.22598266601562,206769533,USD,CCC,UTC,Yahoo Finance
BCH-USD,2026-09-20,255.21368408203125,255.21368408203125,243.6426544189453,252.71139526367188,252.71139526367188,173394609,USD,CCC,UTC,Yahoo Finance
BCH-USD,2026-09-21,252.71139526367188,272.0702819824219,251.6520233154297,267.0128479003906,267.0128479003906,374452870,USD,CCC,UTC,Yahoo Finance
BCH-USD,2026-09-22,267.0179748535156,346.54913330078125,262.0721740722656,345.1989440917969,345.1989440917969,1307464700,USD,CCC,UTC,Yahoo Finance
BCH-USD,2026-09-23,345.195556640625,363.7538757324219,330.2728576660156,337.4628601074219,337.4628601074219,1296876465,USD,CCC,UTC,Yahoo Finance
BCH-USD,2026-09-24,337.4657287597656,346.8165588378906,326.3548583984375,337.8703308105469,337.8703308105469,522568273,USD,CCC,UTC,Yahoo Finance
BCH-USD,2026-09-25,337.8695373535156,346.4064025878906,329.0101318359375,343.0637512207031,343.0637512207031,386051330,USD,CCC,UTC,Yahoo Finance
BCH-USD,2026-09-26,343.06512451171875,343.9886474609375,332.8224182128906,335.8808288574219,335.8808288574219,187737319,USD,CCC,UTC,Yahoo Finance
BCH-USD,2026-09-27,335.8808898925781,346.1941223144531,328.73583984375,332.8385009765625,332.8385009765625,276839532,USD,CCC,UTC,Yahoo Finance
BCH-USD,2026-09-28,332.8393859863281,333.37646484375,305.8477783203125,310.3835144042969,310.3835144042969,341097676,USD,CCC,UTC,Yahoo Finance
BCH-USD,2026-09-29,310.3824462890625,313.4752197265625,303.07781982421875,307.6695556640625,307.6695556640625,262129356,USD,CCC,UTC,Yahoo Finance
BCH-USD,2026-09-30,307.6702575683594,316.8876647949219,303.9122619628906,305.8836975097656,305.8836975097656,231392498,USD,CCC,UTC,Yahoo Finance
BCH-USD,2026-10-01,305.8836975097656,310.3800964355469,303.887939453125,309.375,309.375,188017757,USD,CCC,UTC,Yahoo Finance
BDX,2026-08-17,181.88999938964844,183.4600067138672,181.6199951171875,182.08999633789062,181.0224609375,1310500,USD,NYQ,America/New_York,Yahoo Finance
BDX,2026-08-18,184.94000244140625,185.8000030517578,180.72000122070312,180.77000427246094,179.710205078125,1616400,USD,NYQ,America/New_York,Yahoo Finance
BDX,2026-08-19,183.7100067138672,187.9600067138672,181.52000427246094,187.60000610351562,186.5001678466797,2164500,USD,NYQ,America/New_York,Yahoo Finance
BDX,2026-08-20,186.1999969482422,190.00999450683594,185.36000061035156,187.6199951171875,186.52005004882812,1972600,USD,NYQ,America/New_York,Yahoo Finance
BDX,2026-08-21,188.02000427246094,192.3000030517578,186.9499969482422,192.0,190.87437438964844,2524400,USD,NYQ,America/New_York,Yahoo Finance
BDX,2026-08-24,191.72999572753906,193.07000732421875,190.35000610351562,190.74000549316406,189.62176513671875,1311000,USD,NYQ,America/New_York,Yahoo Finance
BDX,2026-08-25,189.30999755859375,190.07000732421875,187.02999877929688,189.77999877929688,188.66738891601562,1207500,USD,NYQ,America/New_York,Yahoo Finance
BDX,2026-08-26,188.49000549316406,191.52000427246094,188.02000427246094,190.2100067138672,189.09486389160156,1403100,USD,NYQ,America/New_York,Yahoo Finance
BDX,2026-08-27,189.2899932861328,190.41000366210938,187.72999572753906,188.1300048828125,187.02706909179688,1353600,USD,NYQ,America/New_York,Yahoo Finance
BDX,2026-08-28,188.0399932861328,190.32000732421875,187.5399932861328,189.52000427246094,188.40892028808594,1693800,USD,NYQ,America/New_York,Yahoo Finance
BDX,2026-08-31,187.8800048828125,188.97000122070312,186.6199951171875,188.11000061035156,187.00717163085938,2629600,USD,NYQ,America/New_York,Yahoo Finance
BDX,2026-09-01,190.3000030517578,191.57000732421875,186.47999572753906,187.1199951171875,186.02297973632812,1279700,USD,NYQ,America/New_York,Yahoo Finance
BDX,2026-09-02,187.42999267578125,191.75999450683594,187.42999267578125,187.52000427246094,186.42063903808594,1474500,USD,NYQ,America/New_York,Yahoo Finance
BDX,2026-09-03,188.97000122070312,189.47000122070312,184.91000366210938,187.6199951171875,186.52005004882812,1206500,USD,NYQ,America/New_York,Yahoo Finance
BDX,2026-09-04,185.4199981689453,187.1300048828125,184.0500030517578,184.74000549316406,183.6569366455078,1439100,USD,NYQ,America/New_York,Yahoo Finance
BDX,2026-09-08,181.75,182.1999969482422,178.47000122070312,179.10000610351562,178.0500030517578,1804100,USD,NYQ,America/New_York,Yahoo Finance
BDX,2026-09-09,177.14999389648438,182.10000610351562,176.5500030517578,179.8000030517578,179.8000030517578,1529000,USD,NYQ,America/New_York,Yahoo Finance
BDX,2026-09-10,178.94000244140625,178.94000244140625,175.6699981689453,176.4199981689453,176.4199981689453,1704900,USD,NYQ,America/New_York,Yahoo Finance
BDX,2026-09-11,177.60000610351562,178.3000030517578,175.1999969482422,177.85000610351562,177.85000610351562,1584100,USD,NYQ,America/New_York,Yahoo Finance
BDX,2026-09-14,180.0500030517578,183.52999877929688,179.60000610351562,182.91000366210938,182.91000366210938,1634100,USD,NYQ,America/New_York,Yahoo Finance
BDX,2026-09-15,182.38999938964844,186.6300048828125,181.27999877929688,185.9199981689453,185.9199981689453,2087400,USD,NYQ,America/New_York,Yahoo Finance
BDX,2026-09-16,185.17999267578125,186.27000427246094,181.2899932861328,181.85000610351562,181.85000610351562,1734000,USD,NYQ,America/New_York,Yahoo Finance
BDX,2026-09-17,182.7100067138672,184.33999633789062,181.27000427246094,181.3800048828125,181.3800048828125,1839800,USD,NYQ,America/New_York,Yahoo Finance
BDX,2026-09-18,179.75999450683594,182.6199951171875,179.4199981689453,180.94000244140625,180.94000244140625,6414800,USD,NYQ,America/New_York,Yahoo Finance
BDX,2026-09-21,181.25,181.52999877929688,179.97999572753906,180.6999969482422,180.6999969482422,1461500,USD,NYQ,America/New_York,Yahoo Finance
BDX,2026-09-22,182.39999389648438,183.8300018310547,180.75,183.0,183.0,1461200,USD,NYQ,America/New_York,Yahoo Finance
BDX,2026-09-23,182.10000610351562,184.3699951171875,181.30999755859375,182.52000427246094,182.52000427246094,1022800,USD,NYQ,America/New_York,Yahoo Finance
BDX,2026-09-24,182.72999572753906,183.72000122070312,178.97999572753906,179.22999572753906,179.22999572753906,1404800,USD,NYQ,America/New_York,Yahoo Finance
BDX,2026-09-25,179.22000122070312,183.9199981689453,177.8699951171875,183.82000732421875,183.82000732421875,1472800,USD,NYQ,America/New_York,Yahoo Finance
BDX,2026-09-28,183.07000732421875,184.33999633789062,181.9499969482422,183.8300018310547,183.8300018310547,1878500,USD,NYQ,America/New_York,Yahoo Finance
BFST,2026-08-17,31.950000762939453,32.279998779296875,31.950000762939453,32.11000061035156,32.11000061035156,190800,USD,NMS,America/New_York,Yahoo Finance
BFST,2026-08-18,32.15999984741211,32.29499816894531,31.610000610351562,31.969999313354492,31.969999313354492,202300,USD,NMS,America/New_York,Yahoo Finance
BFST,2026-08-19,32.029998779296875,32.029998779296875,31.010000228881836,31.049999237060547,31.049999237060547,209300,USD,NMS,America/New_York,Yahoo Finance
BFST,2026-08-20,31.149999618530273,31.25,30.770000457763672,31.219999313354492,31.219999313354492,219800,USD,NMS,America/New_York,Yahoo Finance
BFST,2026-08-21,31.579999923706055,31.579999923706055,31.0,31.149999618530273,31.149999618530273,305600,USD,NMS,America/New_York,Yahoo Finance
BFST,2026-08-24,31.209999084472656,31.510000228881836,31.209999084472656,31.299999237060547,31.299999237060547,146700,USD,NMS,America/New_York,Yahoo Finance
BFST,2026-08-25,31.309999465942383,31.309999465942383,31.06999969482422,31.15999984741211,31.15999984741211,115100,USD,NMS,America/New_York,Yahoo Finance
BFST,2026-08-26,31.239999771118164,31.31999969482422,31.0,31.1299991607666,31.1299991607666,120600,USD,NMS,America/New_York,Yahoo Finance
BFST,2026-08-27,31.010000228881836,31.31999969482422,30.889999389648438,31.229999542236328,31.229999542236328,208300,USD,NMS,America/New_York,Yahoo Finance
BFST,2026-08-28,31.219999313354492,31.479999542236328,31.200000762939453,31.209999084472656,31.209999084472656,177400,USD,NMS,America/New_York,Yahoo Finance
BFST,2026-08-31,31.18000030517578,31.242000579833984,30.989999771118164,31.020000457763672,31.020000457763672,166100,USD,NMS,America/New_York,Yahoo Finance
BFST,2026-09-01,30.969999313354492,31.190000534057617,30.540000915527344,30.68000030517578,30.68000030517578,285100,USD,NMS,America/New_York,Yahoo Finance
BFST,2026-09-02,30.84000015258789,31.450000762939453,30.65999984741211,31.309999465942383,31.309999465942383,207400,USD,NMS,America/New_York,Yahoo Finance
BFST,2026-09-03,31.559999465942383,31.65999984741211,31.399999618530273,31.489999771118164,31.489999771118164,211100,USD,NMS,America/New_York,Yahoo Finance
BFST,2026-09-04,31.34000015258789,31.889999389648438,31.34000015258789,31.84000015258789,31.84000015258789,158500,USD,NMS,America/New_York,Yahoo Finance
BFST,2026-09-08,31.700000762939453,31.719999313354492,31.31999969482422,31.3799991607666,31.3799991607666,171700,USD,NMS,America/New_York,Yahoo Finance
BFST,2026-09-09,31.100000381469727,31.399999618530273,30.9950008392334,31.110000610351562,31.110000610351562,181800,USD,NMS,America/New_York,Yahoo Finance
BFST,2026-09-10,31.110000610351562,31.450000762939453,30.950000762939453,31.450000762939453,31.450000762939453,171900,USD,NMS,America/New_York,Yahoo Finance
BFST,2026-09-11,31.790000915527344,31.899999618530273,31.200000762939453,31.420000076293945,31.420000076293945,169900,USD,NMS,America/New_York,Yahoo Finance
BFST,2026-09-14,31.450000762939453,31.729999542236328,31.290000915527344,31.479999542236328,31.479999542236328,219100,USD,NMS,America/New_York,Yahoo Finance
BFST,2026-09-15,31.510000228881836,31.670000076293945,31.34000015258789,31.479999542236328,31.479999542236328,167400,USD,NMS,America/New_York,Yahoo Finance
BFST,2026-09-16,31.420000076293945,31.485000610351562,30.600000381469727,30.969999313354492,30.969999313354492,301700,USD,NMS,America/New_York,Yahoo Finance
BFST,2026-09-17,31.260000228881836,31.290000915527344,30.81999969482422,30.829999923706055,30.829999923706055,165600,USD,NMS,America/New_York,Yahoo Finance
BFST,2026-09-18,30.709999084472656,30.940000534057617,30.489999771118164,30.81999969482422,30.81999969482422,486400,USD,NMS,America/New_York,Yahoo Finance
BFST,2026-09-21,30.850000381469727,30.920000076293945,30.68000030517578,30.700000762939453,30.700000762939453,167100,USD,NMS,America/New_York,Yahoo Finance
BFST,2026-09-22,30.889999389648438,31.075000762939453,30.540000915527344,30.670000076293945,30.670000076293945,182300,USD,NMS,America/New_York,Yahoo Finance
BFST,2026-09-23,30.530000686645508,30.709999084472656,30.350000381469727,30.350000381469727,30.350000381469727,188100,USD,NMS,America/New_York,Yahoo Finance
BFST,2026-09-24,30.469999313354492,30.68000030517578,30.290000915527344,30.6299991607666,30.6299991607666,196800,USD,NMS,America/New_York,Yahoo Finance
BFST,2026-09-25,30.770000457763672,30.989999771118164,30.65999984741211,30.860000610351562,30.860000610351562,176300,USD,NMS,America/New_York,Yahoo Finance
BFST,2026-09-28,30.799999237060547,30.950000762939453,30.639999389648438,30.670000076293945,30.670000076293945,217100,USD,NMS,America/New_York,Yahoo Finance
BGX,2026-08-21,10.770000457763672,10.850000381469727,10.770000457763672,10.789999961853027,10.628015518188477,73400,USD,NYQ,America/New_York,Yahoo Finance
BGX,2026-08-24,10.729999542236328,10.739999771118164,10.710000038146973,10.729999542236328,10.649849891662598,65200,USD,NYQ,America/New_York,Yahoo Finance
BGX,2026-08-25,10.760000228881836,10.779999732971191,10.729999542236328,10.75,10.66970157623291,67500,USD,NYQ,America/New_York,Yahoo Finance
BGX,2026-08-26,10.770000457763672,10.800000190734863,10.649999618530273,10.75,10.66970157623291,123300,USD,NYQ,America/New_York,Yahoo Finance
BGX,2026-08-27,10.75,10.800000190734863,10.710000038146973,10.720000267028809,10.639925956726074,34400,USD,NYQ,America/New_York,Yahoo Finance
BGX,2026-08-28,10.75,10.770000457763672,10.720000267028809,10.770000457763672,10.689552307128906,52700,USD,NYQ,America/New_York,Yahoo Finance
BGX,2026-08-31,10.739999771118164,10.779999732971191,10.720000267028809,10.75,10.66970157623291,87600,USD,NYQ,America/New_York,Yahoo Finance
BGX,2026-09-01,10.729999542236328,10.800000190734863,10.699999809265137,10.729999542236328,10.649849891662598,104600,USD,NYQ,America/New_York,Yahoo Finance
BGX,2026-09-02,10.710000038146973,10.760000228881836,10.710000038146973,10.729999542236328,10.649849891662598,57800,USD,NYQ,America/New_York,Yahoo Finance
BGX,2026-09-03,10.729999542236328,10.729999542236328,10.6899995803833,10.710000038146973,10.630000114440918,78900,USD,NYQ,America/New_York,Yahoo Finance
BGX,2026-09-04,10.6899995803833,10.729999542236328,10.65999984741211,10.6899995803833,10.610149383544922,58500,USD,NYQ,America/New_York,Yahoo Finance
BGX,2026-09-08,10.670000076293945,10.699999809265137,10.630000114440918,10.65999984741211,10.580373764038086,39500,USD,NYQ,America/New_York,Yahoo Finance
BGX,2026-09-09,10.65999984741211,10.699999809265137,10.619999885559082,10.65999984741211,10.580373764038086,133400,USD,NYQ,America/New_York,Yahoo Finance
BGX,2026-09-10,10.630000114440918,10.65999984741211,10.59000015258789,10.630000114440918,10.55059814453125,62200,USD,NYQ,America/New_York,Yahoo Finance
BGX,2026-09-11,10.640000343322754,10.720000267028809,10.59000015258789,10.619999885559082,10.540672302246094,56700,USD,NYQ,America/New_York,Yahoo Finance
BGX,2026-09-14,10.600000381469727,10.670000076293945,10.600000381469727,10.619999885559082,10.540672302246094,76400,USD,NYQ,America/New_York,Yahoo Finance
BGX,2026-09-15,10.609999656677246,10.680000305175781,10.600000381469727,10.619999885559082,10.540672302246094,69200,USD,NYQ,America/New_York,Yahoo Finance
BGX,2026-09-16,10.569999694824219,10.649999618530273,10.569999694824219,10.640000343322754,10.56052303314209,66700,USD,NYQ,America/New_York,Yahoo Finance
BGX,2026-09-17,10.640000343322754,10.699999809265137,10.640000343322754,10.680000305175781,10.600224494934082,23600,USD,NYQ,America/New_York,Yahoo Finance
BGX,2026-09-18,10.6899995803833,10.699999809265137,10.630000114440918,10.699999809265137,10.620074272155762,31800,USD,NYQ,America/New_York,Yahoo Finance
BGX,2026-09-21,10.680000305175781,10.699999809265137,10.670000076293945,10.699999809265137,10.620074272155762,30400,USD,NYQ,America/New_York,Yahoo Finance
BGX,2026-09-22,10.699999809265137,10.710000038146973,10.680000305175781,10.710000038146973,10.630000114440918,163700,USD,NYQ,America/New_York,Yahoo Finance
BGX,2026-09-23,10.630000114440918,10.630000114440918,10.520000457763672,10.520000457763672,10.520000457763672,72000,USD,NYQ,America/New_York,Yahoo Finance
BGX,2026-09-24,10.520000457763672,10.520000457763672,10.470000267028809,10.510000228881836,10.510000228881836,104000,USD,NYQ,America/New_York,Yahoo Finance
BGX,2026-09-25,10.520000457763672,10.609999656677246,10.5,10.609999656677246,10.609999656677246,44200,USD,NYQ,America/New_York,Yahoo Finance
BGX,2026-09-28,10.5600004196167,10.5600004196167,10.479999542236328,10.520000457763672,10.520000457763672,48900,USD,NYQ,America/New_York,Yahoo Finance
BGX,2026-09-29,10.489999771118164,10.59000015258789,10.489999771118164,10.510000228881836,10.510000228881836,103000,USD,NYQ,America/New_York,Yahoo Finance
BGX,2026-09-30,10.520000457763672,10.569999694824219,10.510000228881836,10.5600004196167,10.5600004196167,121100,USD,NYQ,America/New_York,Yahoo Finance
BGX,2026-10-01,10.529999732971191,10.529999732971191,10.470000267028809,10.520000457763672,10.520000457763672,47600,USD,NYQ,America/New_York,Yahoo Finance
BGX,2026-10-02,10.529999732971191,10.5600004196167,10.529999732971191,10.539999961853027,10.539999961853027,64900,USD,NYQ,America/New_York,Yahoo Finance
BKE,2026-08-17,43.79999923706055,43.81999969482422,43.060001373291016,43.189998626708984,43.189998626708984,433700,USD,NYQ,America/New_York,Yahoo Finance
BKE,2026-08-18,43.52000045776367,43.709999084472656,42.84000015258789,43.11000061035156,43.11000061035156,397600,USD,NYQ,America/New_York,Yahoo Finance
BKE,2026-08-19,43.189998626708984,43.72999954223633,42.970001220703125,43.22999954223633,43.22999954223633,387600,USD,NYQ,America/New_York,Yahoo Finance
BKE,2026-08-20,42.599998474121094,42.7599983215332,42.0,42.63999938964844,42.63999938964844,465100,USD,NYQ,America/New_York,Yahoo Finance
BKE,2026-08-21,43.08000183105469,44.880001068115234,42.560001373291016,43.810001373291016,43.810001373291016,676000,USD,NYQ,America/New_York,Yahoo Finance
BKE,2026-08-24,44.220001220703125,45.459999084472656,43.540000915527344,44.40999984741211,44.40999984741211,476100,USD,NYQ,America/New_York,Yahoo Finance
BKE,2026-08-25,44.5,44.5,43.0099983215332,43.72999954223633,43.72999954223633,453900,USD,NYQ,America/New_York,Yahoo Finance
BKE,2026-08-26,44.38999938964844,44.900001525878906,44.08000183105469,44.16999816894531,44.16999816894531,393500,USD,NYQ,America/New_York,Yahoo Finance
BKE,2026-08-27,43.66999816894531,43.709999084472656,42.63999938964844,42.91999816894531,42.91999816894531,373300,USD,NYQ,America/New_York,Yahoo Finance
BKE,2026-08-28,43.470001220703125,43.72999954223633,42.97999954223633,43.43000030517578,43.43000030517578,366500,USD,NYQ,America/New_York,Yahoo Finance
BKE,2026-08-31,43.43000030517578,43.849998474121094,42.470001220703125,42.599998474121094,42.599998474121094,438200,USD,NYQ,America/New_York,Yahoo Finance
BKE,2026-09-01,42.209999084472656,42.849998474121094,42.04999923706055,42.470001220703125,42.470001220703125,572400,USD,NYQ,America/New_York,Yahoo Finance
BKE,2026-09-02,42.77000045776367,43.66999816894531,42.5099983215332,43.2599983215332,43.2599983215332,585600,USD,NYQ,America/New_York,Yahoo Finance
BKE,2026-09-03,43.68000030517578,44.0,42.66999816894531,43.40999984741211,43.40999984741211,358700,USD,NYQ,America/New_York,Yahoo Finance
BKE,2026-09-04,43.22999954223633,43.810001373291016,42.7599983215332,43.150001525878906,43.150001525878906,348900,USD,NYQ,America/New_York,Yahoo Finance
BKE,2026-09-08,42.72999954223633,42.90999984741211,41.83000183105469,41.9900016784668,41.9900016784668,563800,USD,NYQ,America/New_York,Yahoo Finance
BKE,2026-09-09,41.70000076293945,42.06999969482422,40.7400016784668,40.77000045776367,40.77000045776367,654400,USD,NYQ,America/New_York,Yahoo Finance
BKE,2026-09-10,40.369998931884766,40.849998474121094,40.18000030517578,40.290000915527344,40.290000915527344,470300,USD,NYQ,America/New_York,Yahoo Finance
BKE,2026-09-11,40.93000030517578,41.439998626708984,40.150001525878906,40.70000076293945,40.70000076293945,446300,USD,NYQ,America/New_York,Yahoo Finance
BKE,2026-09-14,40.56999969482422,41.2599983215332,40.04999923706055,40.27000045776367,40.27000045776367,506200,USD,NYQ,America/New_York,Yahoo Finance
BKE,2026-09-15,40.43000030517578,40.7599983215332,39.439998626708984,39.650001525878906,39.650001525878906,633400,USD,NYQ,America/New_York,Yahoo Finance
BKE,2026-09-16,39.849998474121094,40.5099983215332,39.650001525878906,40.060001373291016,40.060001373291016,541800,USD,NYQ,America/New_York,Yahoo Finance
BKE,2026-09-17,40.52000045776367,40.52000045776367,39.70000076293945,40.31999969482422,40.31999969482422,494500,USD,NYQ,America/New_York,Yahoo Finance
BKE,2026-09-18,40.25,40.779998779296875,40.0099983215332,40.290000915527344,40.290000915527344,969800,USD,NYQ,America/New_York,Yahoo Finance
BKE,2026-09-21,40.880001068115234,40.970001220703125,40.279998779296875,40.790000915527344,40.790000915527344,599600,USD,NYQ,America/New_York,Yahoo Finance
BKE,2026-09-22,41.47999954223633,42.099998474121094,41.290000915527344,41.75,41.75,414900,USD,NYQ,America/New_York,Yahoo Finance
BKE,2026-09-23,41.529998779296875,42.08000183105469,41.43000030517578,41.439998626708984,41.439998626708984,432700,USD,NYQ,America/New_York,Yahoo Finance
BKE,2026-09-24,41.70000076293945,41.900001525878906,41.20000076293945,41.540000915527344,41.540000915527344,449800,USD,NYQ,America/New_York,Yahoo Finance
BKE,2026-09-25,41.59000015258789,42.349998474121094,41.38999938964844,42.27000045776367,42.27000045776367,333600,USD,NYQ,America/New_York,Yahoo Finance
BKE,2026-09-28,42.220001220703125,43.34000015258789,42.150001525878906,43.06999969482422,43.06999969482422,492000,USD,NYQ,America/New_York,Yahoo Finance
BKKT,2026-08-21,7.860000133514404,8.852999687194824,7.809999942779541,8.59000015258789,8.59000015258789,3570200,USD,NYQ,America/New_York,Yahoo Finance
BKKT,2026-08-24,8.800000190734863,9.017999649047852,8.029999732971191,8.180000305175781,8.180000305175781,2129500,USD,NYQ,America/New_York,Yahoo Finance
BKKT,2026-08-25,8.25,8.946000099182129,8.100000381469727,8.630000114440918,8.630000114440918,1500700,USD,NYQ,America/New_York,Yahoo Finance
BKKT,2026-08-26,8.380000114440918,8.479999542236328,8.100000381469727,8.229999542236328,8.229999542236328,1085600,USD,NYQ,America/New_York,Yahoo Finance
BKKT,2026-08-27,8.5,8.770000457763672,8.289999961853027,8.420000076293945,8.420000076293945,1290600,USD,NYQ,America/New_York,Yahoo Finance
BKKT,2026-08-28,8.319999694824219,8.399999618530273,7.670000076293945,7.690000057220459,7.690000057220459,1306600,USD,NYQ,America/New_York,Yahoo Finance
BKKT,2026-08-31,7.550000190734863,7.7829999923706055,7.360000133514404,7.670000076293945,7.670000076293945,1133200,USD,NYQ,America/New_York,Yahoo Finance
BKKT,2026-09-01,7.420000076293945,7.550000190734863,7.119999885559082,7.260000228881836,7.260000228881836,907300,USD,NYQ,America/New_York,Yahoo Finance
BKKT,2026-09-02,7.170000076293945,7.519999980926514,7.132999897003174,7.429999828338623,7.429999828338623,598300,USD,NYQ,America/New_York,Yahoo Finance
BKKT,2026-09-03,7.739999771118164,8.425000190734863,7.632999897003174,8.380000114440918,8.380000114440918,1464500,USD,NYQ,America/New_York,Yahoo Finance
BKKT,2026-09-04,8.0600004196167,8.369999885559082,7.960999965667725,8.329999923706055,8.329999923706055,738900,USD,NYQ,America/New_York,Yahoo Finance
BKKT,2026-09-08,8.220000267028809,8.515000343322754,8.079999923706055,8.260000228881836,8.260000228881836,956600,USD,NYQ,America/New_York,Yahoo Finance
BKKT,2026-09-09,8.59000015258789,8.968999862670898,8.180000305175781,8.260000228881836,8.260000228881836,1043000,USD,NYQ,America/New_York,Yahoo Finance
BKKT,2026-09-10,7.989999771118164,8.199999809265137,7.908999919891357,7.929999828338623,7.929999828338623,520900,USD,NYQ,America/New_York,Yahoo Finance
BKKT,2026-09-11,8.1899995803833,8.670000076293945,8.020000457763672,8.180000305175781,8.180000305175781,821400,USD,NYQ,America/New_York,Yahoo Finance
BKKT,2026-09-14,8.0600004196167,8.34000015258789,8.029999732971191,8.270000457763672,8.270000457763672,801000,USD,NYQ,America/New_York,Yahoo Finance
BKKT,2026-09-15,8.15999984741211,8.199999809265137,7.559999942779541,7.710000038146973,7.710000038146973,1444100,USD,NYQ,America/New_York,Yahoo Finance
BKKT,2026-09-16,7.690000057220459,7.75600004196167,6.989999771118164,7.170000076293945,7.170000076293945,1776500,USD,NYQ,America/New_York,Yahoo Finance
BKKT,2026-09-17,7.369999885559082,7.699999809265137,7.25,7.460000038146973,7.460000038146973,1160800,USD,NYQ,America/New_York,Yahoo Finance
BKKT,2026-09-18,7.71999979019165,8.625,7.670000076293945,8.609999656677246,8.609999656677246,3807100,USD,NYQ,America/New_York,Yahoo Finance
BKKT,2026-09-21,9.3100004196167,9.479999542236328,8.904000282287598,9.140000343322754,9.140000343322754,2072800,USD,NYQ,America/New_York,Yahoo Finance
BKKT,2026-09-22,9.1899995803833,9.789999961853027,9.0,9.729999542236328,9.729999542236328,1952300,USD,NYQ,America/New_York,Yahoo Finance
BKKT,2026-09-23,9.5,9.515999794006348,8.779999732971191,8.8100004196167,8.8100004196167,1511500,USD,NYQ,America/New_York,Yahoo Finance
BKKT,2026-09-24,8.670000076293945,9.220000267028809,8.470000267028809,9.079999923706055,9.079999923706055,1398300,USD,NYQ,America/New_York,Yahoo Finance
BKKT,2026-09-25,9.180000305175781,9.180000305175781,8.40999984741211,8.5,8.5,1004300,USD,NYQ,America/New_York,Yahoo Finance
BKKT,2026-09-28,8.329999923706055,8.539999961853027,7.96999979019165,8.0,8.0,1011700,USD,NYQ,America/New_York,Yahoo Finance
BKKT,2026-09-29,8.274999618530273,8.300000190734863,8.0,8.100000381469727,8.100000381469727,1000900,USD,NYQ,America/New_York,Yahoo Finance
BKKT,2026-09-30,8.399999618530273,8.600000381469727,7.769999980926514,7.809999942779541,7.809999942779541,1190600,USD,NYQ,America/New_York,Yahoo Finance
BKKT,2026-10-01,7.769999980926514,7.955999851226807,7.630000114440918,7.710000038146973,7.710000038146973,1120700,USD,NYQ,America/New_York,Yahoo Finance
BKKT,2026-10-02,8.020000457763672,8.390000343322754,7.619999885559082,7.75,7.75,1351100,USD,NYQ,America/New_York,Yahoo Finance
BLFS,2026-08-17,34.77000045776367,35.459999084472656,34.75,35.45000076293945,35.45000076293945,395600,USD,NCM,America/New_York,Yahoo Finance
BLFS,2026-08-18,35.400001525878906,35.400001525878906,34.7599983215332,34.939998626708984,34.939998626708984,390300,USD,NCM,America/New_York,Yahoo Finance
BLFS,2026-08-19,35.45000076293945,36.90999984741211,35.45000076293945,36.470001220703125,36.470001220703125,703100,USD,NCM,America/New_York,Yahoo Finance
BLFS,2026-08-20,35.77000045776367,38.099998474121094,35.77000045776367,36.970001220703125,36.970001220703125,681600,USD,NCM,America/New_York,Yahoo Finance
BLFS,2026-08-21,36.88999938964844,37.279998779296875,36.290000915527344,37.099998474121094,37.099998474121094,750400,USD,NCM,America/New_York,Yahoo Finance
BLFS,2026-08-24,36.810001373291016,37.369998931884766,36.400001525878906,37.189998626708984,37.189998626708984,548500,USD,NCM,America/New_York,Yahoo Finance
BLFS,2026-08-25,37.20000076293945,37.77000045776367,37.0099983215332,37.220001220703125,37.220001220703125,1377700,USD,NCM,America/New_York,Yahoo Finance
BLFS,2026-08-26,37.15999984741211,37.5099983215332,36.95000076293945,37.0,37.0,816000,USD,NCM,America/New_York,Yahoo Finance
BLFS,2026-08-27,37.06999969482422,37.38999938964844,36.9900016784668,37.20000076293945,37.20000076293945,1222500,USD,NCM,America/New_York,Yahoo Finance
BLFS,2026-08-28,37.04999923706055,37.20000076293945,36.349998474121094,36.380001068115234,36.380001068115234,1041900,USD,NCM,America/New_York,Yahoo Finance
BLFS,2026-08-31,36.04999923706055,37.099998474121094,36.04999923706055,37.06999969482422,37.06999969482422,1250400,USD,NCM,America/New_York,Yahoo Finance
BLFS,2026-09-01,36.97999954223633,37.25,35.119998931884766,35.470001220703125,35.470001220703125,950200,USD,NCM,America/New_York,Yahoo Finance
BLFS,2026-09-02,35.58000183105469,36.439998626708984,35.58000183105469,35.91999816894531,35.91999816894531,967500,USD,NCM,America/New_York,Yahoo Finance
BLFS,2026-09-03,36.41999816894531,36.43000030517578,35.16999816894531,35.529998779296875,35.529998779296875,703200,USD,NCM,America/New_York,Yahoo Finance
BLFS,2026-09-04,35.06999969482422,35.52000045776367,34.88999938964844,35.25,35.25,344300,USD,NCM,America/New_York,Yahoo Finance
BLFS,2026-09-08,35.029998779296875,36.060001373291016,35.029998779296875,35.380001068115234,35.380001068115234,788400,USD,NCM,America/New_York,Yahoo Finance
BLFS,2026-09-09,35.0099983215332,35.619998931884766,34.619998931884766,34.93000030517578,34.93000030517578,1273300,USD,NCM,America/New_York,Yahoo Finance
BLFS,2026-09-10,34.619998931884766,34.95000076293945,34.380001068115234,34.91999816894531,34.91999816894531,1361500,USD,NCM,America/New_York,Yahoo Finance
BLFS,2026-09-11,34.91999816894531,35.43000030517578,34.790000915527344,34.95000076293945,34.95000076293945,968000,USD,NCM,America/New_York,Yahoo Finance
BLFS,2026-09-14,35.0,35.4900016784668,34.63999938964844,35.43000030517578,35.43000030517578,515000,USD,NCM,America/New_York,Yahoo Finance
BLFS,2026-09-15,35.5099983215332,36.529998779296875,35.5099983215332,36.38999938964844,36.38999938964844,914500,USD,NCM,America/New_York,Yahoo Finance
BLFS,2026-09-16,36.459999084472656,36.91999816894531,35.91999816894531,36.11000061035156,36.11000061035156,467800,USD,NCM,America/New_York,Yahoo Finance
BLFS,2026-09-17,36.66999816894531,36.91999816894531,36.20000076293945,36.849998474121094,36.849998474121094,1571300,USD,NCM,America/New_York,Yahoo Finance
BLFS,2026-09-18,36.72999954223633,37.029998779296875,36.58000183105469,36.689998626708984,36.689998626708984,1027700,USD,NCM,America/New_York,Yahoo Finance
BLFS,2026-09-21,36.70000076293945,37.36000061035156,36.529998779296875,37.18000030517578,37.18000030517578,406600,USD,NCM,America/New_York,Yahoo Finance
BLFS,2026-09-22,37.43000030517578,38.279998779296875,37.150001525878906,38.06999969482422,38.06999969482422,825000,USD,NCM,America/New_York,Yahoo Finance
BLFS,2026-09-23,38.040000915527344,38.38999938964844,37.31999969482422,37.7400016784668,37.7400016784668,929700,USD,NCM,America/New_York,Yahoo Finance
BLFS,2026-09-24,37.630001068115234,38.88999938964844,37.630001068115234,38.58000183105469,38.58000183105469,1118800,USD,NCM,America/New_York,Yahoo Finance
BLFS,2026-09-25,38.5099983215332,38.68000030517578,38.119998931884766,38.4900016784668,38.4900016784668,998500,USD,NCM,America/New_York,Yahoo Finance
BLFS,2026-09-28,38.130001068115234,39.7599983215332,37.86000061035156,39.150001525878906,39.150001525878906,1275700,USD,NCM,America/New_York,Yahoo Finance
BLZE,2026-08-17,18.56999969482422,19.829999923706055,18.43000030517578,19.389999389648438,19.389999389648438,2242100,USD,NGM,America/New_York,Yahoo Finance
BLZE,2026-08-18,18.989999771118164,19.770000457763672,18.639999389648438,19.200000762939453,19.200000762939453,2153700,USD,NGM,America/New_York,Yahoo Finance
BLZE,2026-08-19,16.75,17.309999465942383,15.970000267028809,16.8799991607666,16.8799991607666,6688300,USD,NGM,America/New_York,Yahoo Finance
BLZE,2026-08-20,16.6200008392334,16.920000076293945,15.904999732971191,16.239999771118164,16.239999771118164,9796400,USD,NGM,America/New_York,Yahoo Finance
BLZE,2026-08-21,16.209999084472656,16.209999084472656,15.520000457763672,15.800000190734863,15.800000190734863,2625500,USD,NGM,America/New_York,Yahoo Finance
BLZE,2026-08-24,15.90999984741211,16.110000610351562,15.15999984741211,15.550000190734863,15.550000190734863,3460100,USD,NGM,America/New_York,Yahoo Finance
BLZE,2026-08-25,15.539999961853027,15.899999618530273,14.699999809265137,15.279999732971191,15.279999732971191,3219800,USD,NGM,America/New_York,Yahoo Finance
BLZE,2026-08-26,15.25,15.470000267028809,14.84000015258789,14.979999542236328,14.979999542236328,1830800,USD,NGM,America/New_York,Yahoo Finance
BLZE,2026-08-27,15.470000267028809,15.649999618530273,14.960000038146973,15.239999771118164,15.239999771118164,1727600,USD,NGM,America/New_York,Yahoo Finance
BLZE,2026-08-28,15.039999961853027,15.295000076293945,14.241000175476074,14.329999923706055,14.329999923706055,1521300,USD,NGM,America/New_York,Yahoo Finance
BLZE,2026-08-31,14.475000381469727,14.529999732971191,14.0,14.130000114440918,14.130000114440918,1259400,USD,NGM,America/New_York,Yahoo Finance
BLZE,2026-09-01,13.789999961853027,13.9399995803833,13.243000030517578,13.529999732971191,13.529999732971191,2061400,USD,NGM,America/New_York,Yahoo Finance
BLZE,2026-09-02,13.420000076293945,13.489999771118164,13.050000190734863,13.199999809265137,13.199999809265137,1095000,USD,NGM,America/New_York,Yahoo Finance
BLZE,2026-09-03,13.28499984741211,13.359999656677246,12.930000305175781,13.3100004196167,13.3100004196167,1127900,USD,NGM,America/New_York,Yahoo Finance
BLZE,2026-09-04,13.369999885559082,13.630000114440918,13.100000381469727,13.454999923706055,13.454999923706055,1227600,USD,NGM,America/New_York,Yahoo Finance
BLZE,2026-09-08,13.5,14.100000381469727,13.149999618530273,13.890000343322754,13.890000343322754,2208600,USD,NGM,America/New_York,Yahoo Finance
BLZE,2026-09-09,13.954999923706055,14.1899995803833,13.043000221252441,13.229999542236328,13.229999542236328,1701300,USD,NGM,America/New_York,Yahoo Finance
BLZE,2026-09-10,12.821999549865723,13.4399995803833,12.25,12.3100004196167,12.3100004196167,2602900,USD,NGM,America/New_York,Yahoo Finance
BLZE,2026-09-11,12.380000114440918,12.529999732971191,12.149999618530273,12.399999618530273,12.399999618530273,1358700,USD,NGM,America/New_York,Yahoo Finance
BLZE,2026-09-14,12.260000228881836,12.880000114440918,12.1899995803833,12.84000015258789,12.84000015258789,1924600,USD,NGM,America/New_York,Yahoo Finance
BLZE,2026-09-15,12.529999732971191,13.039999961853027,12.529999732971191,12.989999771118164,12.989999771118164,1272000,USD,NGM,America/New_York,Yahoo Finance
BLZE,2026-09-16,12.8100004196167,13.600000381469727,12.779999732971191,13.109999656677246,13.109999656677246,1632500,USD,NGM,America/New_York,Yahoo Finance
BLZE,2026-09-17,13.329999923706055,13.829999923706055,13.0649995803833,13.789999961853027,13.789999961853027,1374200,USD,NGM,America/New_York,Yahoo Finance
BLZE,2026-09-18,13.729999542236328,13.779999732971191,12.869999885559082,13.15999984741211,13.15999984741211,2174100,USD,NGM,America/New_York,Yahoo Finance
BLZE,2026-09-21,13.359999656677246,13.819000244140625,13.109999656677246,13.600000381469727,13.600000381469727,1473300,USD,NGM,America/New_York,Yahoo Finance
BLZE,2026-09-22,13.710000038146973,14.380000114440918,13.524999618530273,14.300000190734863,14.300000190734863,4046900,USD,NGM,America/New_York,Yahoo Finance
BLZE,2026-09-23,14.260000228881836,14.609999656677246,13.619999885559082,14.0600004196167,14.0600004196167,2648200,USD,NGM,America/New_York,Yahoo Finance
BLZE,2026-09-24,13.819999694824219,13.899999618530273,13.32699966430664,13.505000114440918,13.505000114440918,1208700,USD,NGM,America/New_York,Yahoo Finance
BLZE,2026-09-25,13.670000076293945,13.75,12.967000007629395,13.1899995803833,13.1899995803833,1193800,USD,NGM,America/New_York,Yahoo Finance
BLZE,2026-09-28,13.039999961853027,13.635000228881836,12.800000190734863,13.539999961853027,13.539999961853027,1345400,USD,NGM,America/New_York,Yahoo Finance
BNTC,2026-08-21,13.140000343322754,13.979999542236328,13.029999732971191,13.479999542236328,13.479999542236328,160100,USD,NCM,America/New_York,Yahoo Finance
BNTC,2026-08-24,13.529999732971191,13.640000343322754,12.470000267028809,12.710000038146973,12.710000038146973,122500,USD,NCM,America/New_York,Yahoo Finance
BNTC,2026-08-25,12.789999961853027,13.345000267028809,12.760000228881836,13.020000457763672,13.020000457763672,255000,USD,NCM,America/New_York,Yahoo Finance
BNTC,2026-08-26,13.020000457763672,13.020000457763672,12.649999618530273,12.880000114440918,12.880000114440918,64600,USD,NCM,America/New_York,Yahoo Finance
BNTC,2026-08-27,13.199999809265137,13.210000038146973,12.600000381469727,12.670000076293945,12.670000076293945,103200,USD,NCM,America/New_York,Yahoo Finance
BNTC,2026-08-28,12.600000381469727,12.760000228881836,11.711999893188477,12.470000267028809,12.470000267028809,103200,USD,NCM,America/New_York,Yahoo Finance
BNTC,2026-08-31,12.369999885559082,12.5649995803833,12.01099967956543,12.170000076293945,12.170000076293945,60800,USD,NCM,America/New_York,Yahoo Finance
BNTC,2026-09-01,12.119999885559082,12.430000305175781,11.800000190734863,12.3100004196167,12.3100004196167,78300,USD,NCM,America/New_York,Yahoo Finance
BNTC,2026-09-02,12.359999656677246,13.1899995803833,12.25,12.880000114440918,12.880000114440918,191400,USD,NCM,America/New_York,Yahoo Finance
BNTC,2026-09-03,12.930000305175781,13.279999732971191,12.239999771118164,12.4399995803833,12.4399995803833,62600,USD,NCM,America/New_York,Yahoo Finance
BNTC,2026-09-04,12.329999923706055,12.829999923706055,12.329999923706055,12.680000305175781,12.680000305175781,45000,USD,NCM,America/New_York,Yahoo Finance
BNTC,2026-09-08,12.550000190734863,13.0,12.505999565124512,12.725000381469727,12.725000381469727,102200,USD,NCM,America/New_York,Yahoo Finance
BNTC,2026-09-09,12.680000305175781,12.994999885559082,12.220000267028809,12.449999809265137,12.449999809265137,70000,USD,NCM,America/New_York,Yahoo Finance
BNTC,2026-09-10,12.3100004196167,12.470000267028809,12.0,12.220000267028809,12.220000267028809,94600,USD,NCM,America/New_York,Yahoo Finance
BNTC,2026-09-11,12.380000114440918,12.505000114440918,12.119999885559082,12.1899995803833,12.1899995803833,88600,USD,NCM,America/New_York,Yahoo Finance
BNTC,2026-09-14,12.239999771118164,12.414999961853027,12.010000228881836,12.079999923706055,12.079999923706055,106400,USD,NCM,America/New_York,Yahoo Finance
BNTC,2026-09-15,12.109999656677246,12.369999885559082,10.960000038146973,11.050000190734863,11.050000190734863,263400,USD,NCM,America/New_York,Yahoo Finance
BNTC,2026-09-16,11.09000015258789,11.449999809265137,10.890000343322754,11.039999961853027,11.039999961853027,138800,USD,NCM,America/New_York,Yahoo Finance
BNTC,2026-09-17,11.270000457763672,11.550000190734863,11.149999618530273,11.359999656677246,11.359999656677246,91300,USD,NCM,America/New_York,Yahoo Finance
BNTC,2026-09-18,11.369999885559082,11.619999885559082,10.859999656677246,11.020000457763672,11.020000457763672,423000,USD,NCM,America/New_York,Yahoo Finance
BNTC,2026-09-21,11.119999885559082,11.140000343322754,10.739999771118164,10.880000114440918,10.880000114440918,121900,USD,NCM,America/New_York,Yahoo Finance
BNTC,2026-09-22,10.970000267028809,11.364999771118164,10.609999656677246,10.949999809265137,10.949999809265137,88900,USD,NCM,America/New_York,Yahoo Finance
BNTC,2026-09-23,10.920000076293945,11.319999694824219,9.489999771118164,9.829999923706055,9.829999923706055,644200,USD,NCM,America/New_York,Yahoo Finance
BNTC,2026-09-24,9.739999771118164,10.40999984741211,9.255000114440918,9.640000343322754,9.640000343322754,196700,USD,NCM,America/New_York,Yahoo Finance
BNTC,2026-09-25,9.699999809265137,9.800000190734863,9.305999755859375,9.59000015258789,9.59000015258789,107000,USD,NCM,America/New_York,Yahoo Finance
BNTC,2026-09-28,9.569999694824219,10.039999961853027,9.3100004196167,10.020000457763672,10.020000457763672,152800,USD,NCM,America/New_York,Yahoo Finance
BNTC,2026-09-29,10.170000076293945,10.170000076293945,9.649999618530273,9.75,9.75,111000,USD,NCM,America/New_York,Yahoo Finance
BNTC,2026-09-30,9.829999923706055,10.130000114440918,9.640000343322754,10.0,10.0,146000,USD,NCM,America/New_York,Yahoo Finance
BNTC,2026-10-01,9.9399995803833,10.170000076293945,9.46500015258789,9.579999923706055,9.579999923706055,103100,USD,NCM,America/New_York,Yahoo Finance
BNTC,2026-10-02,9.710000038146973,9.87600040435791,8.920000076293945,8.979999542236328,8.979999542236328,135100,USD,NCM,America/New_York,Yahoo Finance
BSP,2026-08-17,39.20000076293945,39.47999954223633,37.29999923706055,38.5,38.5,1231200,USD,NMS,America/New_York,Yahoo Finance
BSP,2026-08-18,38.290000915527344,40.310001373291016,37.720001220703125,38.75,38.75,1550000,USD,NMS,America/New_York,Yahoo Finance
BSP,2026-08-19,38.900001525878906,42.290000915527344,38.09000015258789,41.459999084472656,41.459999084472656,1518900,USD,NMS,America/New_York,Yahoo Finance
BSP,2026-08-20,40.900001525878906,41.470001220703125,38.709999084472656,39.93000030517578,39.93000030517578,1048900,USD,NMS,America/New_York,Yahoo Finance
BSP,2026-08-21,39.93000030517578,41.599998474121094,38.97999954223633,41.349998474121094,41.349998474121094,913300,USD,NMS,America/New_York,Yahoo Finance
BSP,2026-08-24,41.38999938964844,42.2599983215332,40.04999923706055,41.18000030517578,41.18000030517578,916600,USD,NMS,America/New_York,Yahoo Finance
BSP,2026-08-25,41.130001068115234,42.88999938964844,40.81999969482422,42.470001220703125,42.470001220703125,1226400,USD,NMS,America/New_York,Yahoo Finance
BSP,2026-08-26,42.349998474121094,42.810001373291016,41.5,42.38999938964844,42.38999938964844,1232700,USD,NMS,America/New_York,Yahoo Finance
BSP,2026-08-27,42.9900016784668,46.939998626708984,42.5,46.150001525878906,46.150001525878906,1246100,USD,NMS,America/New_York,Yahoo Finance
BSP,2026-08-28,46.2599983215332,46.689998626708984,43.0,43.59000015258789,43.59000015258789,1188500,USD,NMS,America/New_York,Yahoo Finance
BSP,2026-08-31,43.11000061035156,44.310001373291016,41.290000915527344,41.349998474121094,41.349998474121094,657400,USD,NMS,America/New_York,Yahoo Finance
BSP,2026-09-01,41.400001525878906,42.59000015258789,39.65999984741211,40.5,40.5,758500,USD,NMS,America/New_York,Yahoo Finance
BSP,2026-09-02,40.380001068115234,42.040000915527344,40.29999923706055,40.869998931884766,40.869998931884766,485400,USD,NMS,America/New_York,Yahoo Finance
BSP,2026-09-03,41.58000183105469,42.4900016784668,40.5099983215332,41.689998626708984,41.689998626708984,1059600,USD,NMS,America/New_York,Yahoo Finance
BSP,2026-09-04,41.33000183105469,42.20000076293945,39.099998474121094,39.58000183105469,39.58000183105469,1057900,USD,NMS,America/New_York,Yahoo Finance
BSP,2026-09-08,39.7400016784668,39.810001373291016,38.40999984741211,39.08000183105469,39.08000183105469,852300,USD,NMS,America/New_York,Yahoo Finance
BSP,2026-09-09,39.0,39.75,37.630001068115234,37.75,37.75,1238700,USD,NMS,America/New_York,Yahoo Finance
BSP,2026-09-10,38.0,41.369998931884766,37.75,39.66999816894531,39.66999816894531,2792900,USD,NMS,America/New_York,Yahoo Finance
BSP,2026-09-11,39.5099983215332,40.369998931884766,38.66999816894531,38.77000045776367,38.77000045776367,2058700,USD,NMS,America/New_York,Yahoo Finance
BSP,2026-09-14,38.75,42.150001525878906,38.5,41.04999923706055,41.04999923706055,3090100,USD,NMS,America/New_York,Yahoo Finance
BSP,2026-09-15,40.349998474121094,40.900001525878906,38.689998626708984,39.400001525878906,39.400001525878906,1563400,USD,NMS,America/New_York,Yahoo Finance
BSP,2026-09-16,40.18000030517578,40.47999954223633,38.880001068115234,39.189998626708984,39.189998626708984,2213900,USD,NMS,America/New_York,Yahoo Finance
BSP,2026-09-17,39.68000030517578,40.459999084472656,37.75,38.54999923706055,38.54999923706055,2655900,USD,NMS,America/New_York,Yahoo Finance
BSP,2026-09-18,38.849998474121094,39.04999923706055,37.5,38.08000183105469,38.08000183105469,2493800,USD,NMS,America/New_York,Yahoo Finance
BSP,2026-09-21,38.650001525878906,38.9900016784668,36.90999984741211,38.810001373291016,38.810001373291016,1873900,USD,NMS,America/New_York,Yahoo Finance
BSP,2026-09-22,39.08000183105469,39.11000061035156,35.61000061035156,36.16999816894531,36.16999816894531,4668600,USD,NMS,America/New_York,Yahoo Finance
BSP,2026-09-23,36.279998779296875,36.279998779296875,34.310001373291016,34.63999938964844,34.63999938964844,3678900,USD,NMS,America/New_York,Yahoo Finance
BSP,2026-09-24,34.66999816894531,35.04999923706055,32.400001525878906,32.79999923706055,32.79999923706055,3896200,USD,NMS,America/New_York,Yahoo Finance
BSP,2026-09-25,32.79999923706055,33.61000061035156,31.59000015258789,33.25,33.25,3442000,USD,NMS,America/New_York,Yahoo Finance
BSP,2026-09-28,32.790000915527344,33.77000045776367,31.43000030517578,33.560001373291016,33.560001373291016,2616300,USD,NMS,America/New_York,Yahoo Finance
BSTZ,2026-08-17,31.600000381469727,31.8799991607666,31.520000457763672,31.709999084472656,30.025535583496094,184000,USD,NYQ,America/New_York,Yahoo Finance
BSTZ,2026-08-18,31.190000534057617,31.59000015258789,30.8799991607666,31.06999969482422,29.419532775878906,144100,USD,NYQ,America/New_York,Yahoo Finance
BSTZ,2026-08-19,31.450000762939453,31.579999923706055,30.55500030517578,30.559999465942383,28.93662452697754,100800,USD,NYQ,America/New_York,Yahoo Finance
BSTZ,2026-08-20,30.6200008392334,30.84000015258789,30.08099937438965,30.389999389648438,28.77565574645996,132600,USD,NYQ,America/New_York,Yahoo Finance
BSTZ,2026-08-21,30.709999084472656,31.0,30.200000762939453,30.479999542236328,28.86087417602539,60500,USD,NYQ,America/New_York,Yahoo Finance
BSTZ,2026-08-24,30.510000228881836,30.510000228881836,29.799999237060547,29.920000076293945,28.33062171936035,208600,USD,NYQ,America/New_York,Yahoo Finance
BSTZ,2026-08-25,30.030000686645508,30.459999084472656,29.979999542236328,30.239999771118164,28.633623123168945,125500,USD,NYQ,America/New_York,Yahoo Finance
BSTZ,2026-08-26,30.15999984741211,30.549999237060547,30.100000381469727,30.549999237060547,28.927154541015625,107000,USD,NYQ,America/New_York,Yahoo Finance
BSTZ,2026-08-27,31.1200008392334,31.239999771118164,30.850000381469727,31.1200008392334,29.46687889099121,154400,USD,NYQ,America/New_York,Yahoo Finance
BSTZ,2026-08-28,31.020000457763672,31.399999618530273,30.8799991607666,31.290000915527344,29.62784767150879,147300,USD,NYQ,America/New_York,Yahoo Finance
BSTZ,2026-08-31,31.3700008392334,31.450000762939453,31.0,31.31999969482422,29.656251907348633,189400,USD,NYQ,America/New_York,Yahoo Finance
BSTZ,2026-09-01,31.270000457763672,31.450000762939453,30.239999771118164,31.049999237060547,29.40059471130371,206900,USD,NYQ,America/New_York,Yahoo Finance
BSTZ,2026-09-02,30.850000381469727,31.190000534057617,30.290000915527344,30.68000030517578,29.050251007080078,129500,USD,NYQ,America/New_York,Yahoo Finance
BSTZ,2026-09-03,30.729999542236328,30.989999771118164,30.34000015258789,30.790000915527344,29.154407501220703,172400,USD,NYQ,America/New_York,Yahoo Finance
BSTZ,2026-09-04,30.739999771118164,31.170000076293945,30.709999084472656,31.170000076293945,29.51422119140625,107000,USD,NYQ,America/New_York,Yahoo Finance
BSTZ,2026-09-08,31.3799991607666,31.5,31.200000762939453,31.309999465942383,29.64678382873535,153700,USD,NYQ,America/New_York,Yahoo Finance
BSTZ,2026-09-09,31.40999984741211,31.690000534057617,31.389999389648438,31.489999771118164,29.817222595214844,152400,USD,NYQ,America/New_York,Yahoo Finance
BSTZ,2026-09-10,31.0,31.270000457763672,30.760000228881836,30.780000686645508,29.144939422607422,146400,USD,NYQ,America/New_York,Yahoo Finance
BSTZ,2026-09-11,31.280000686645508,31.350000381469727,30.799999237060547,31.040000915527344,29.391128540039062,128500,USD,NYQ,America/New_York,Yahoo Finance
BSTZ,2026-09-14,30.719999313354492,31.027999877929688,30.209999084472656,30.440000534057617,28.822999954223633,152500,USD,NYQ,America/New_York,Yahoo Finance
BSTZ,2026-09-15,28.940000534057617,29.010000228881836,27.700000762939453,27.809999465942383,27.809999465942383,359200,USD,NYQ,America/New_York,Yahoo Finance
BSTZ,2026-09-16,28.25,28.600000381469727,27.860000610351562,28.040000915527344,28.040000915527344,314100,USD,NYQ,America/New_York,Yahoo Finance
BSTZ,2026-09-17,28.600000381469727,28.940000534057617,28.360000610351562,28.6200008392334,28.6200008392334,259200,USD,NYQ,America/New_York,Yahoo Finance
BSTZ,2026-09-18,28.5,29.06999969482422,28.5,29.020000457763672,29.020000457763672,99700,USD,NYQ,America/New_York,Yahoo Finance
BSTZ,2026-09-21,29.290000915527344,29.530000686645508,29.235000610351562,29.459999084472656,29.459999084472656,114600,USD,NYQ,America/New_York,Yahoo Finance
BSTZ,2026-09-22,29.399999618530273,30.100000381469727,29.399999618530273,29.920000076293945,29.920000076293945,127300,USD,NYQ,America/New_York,Yahoo Finance
BSTZ,2026-09-23,29.8799991607666,29.899999618530273,29.510000228881836,29.600000381469727,29.600000381469727,51800,USD,NYQ,America/New_York,Yahoo Finance
BSTZ,2026-09-24,29.3799991607666,29.829999923706055,29.030000686645508,29.549999237060547,29.549999237060547,99600,USD,NYQ,America/New_York,Yahoo Finance
BSTZ,2026-09-25,29.8799991607666,29.8799991607666,29.459999084472656,29.760000228881836,29.760000228881836,107200,USD,NYQ,America/New_York,Yahoo Finance
BSTZ,2026-09-28,29.520000457763672,29.899999618530273,29.200000762939453,29.3700008392334,29.3700008392334,117900,USD,NYQ,America/New_York,Yahoo Finance
BTX,2026-08-17,9.149999618530273,9.350000381469727,9.149999618530273,9.25,9.19345474243164,638300,USD,NYQ,America/New_York,Yahoo Finance
BTX,2026-08-18,9.100000381469727,9.149999618530273,8.90999984741211,8.979999542236328,8.925104141235352,461200,USD,NYQ,America/New_York,Yahoo Finance
BTX,2026-08-19,9.09000015258789,9.09000015258789,8.8100004196167,8.880000114440918,8.825716018676758,511700,USD,NYQ,America/New_York,Yahoo Finance
BTX,2026-08-20,8.8100004196167,8.989999771118164,8.8100004196167,8.989999771118164,8.935043334960938,415800,USD,NYQ,America/New_York,Yahoo Finance
BTX,2026-08-21,9.029999732971191,9.373000144958496,8.914999961853027,9.010000228881836,8.95492172241211,306800,USD,NYQ,America/New_York,Yahoo Finance
BTX,2026-08-24,8.949999809265137,8.991000175476074,8.779999732971191,8.800000190734863,8.74620532989502,450600,USD,NYQ,America/New_York,Yahoo Finance
BTX,2026-08-25,8.829999923706055,8.899999618530273,8.819999694824219,8.859999656677246,8.805837631225586,400200,USD,NYQ,America/New_York,Yahoo Finance
BTX,2026-08-26,8.859999656677246,8.960000038146973,8.859999656677246,8.930000305175781,8.875411033630371,273700,USD,NYQ,America/New_York,Yahoo Finance
BTX,2026-08-27,9.069999694824219,9.109999656677246,9.020000457763672,9.0600004196167,9.004615783691406,342400,USD,NYQ,America/New_York,Yahoo Finance
BTX,2026-08-28,9.09000015258789,9.119999885559082,8.880000114440918,8.960000038146973,8.905226707458496,461000,USD,NYQ,America/New_York,Yahoo Finance
BTX,2026-08-31,8.979999542236328,9.0600004196167,8.90999984741211,8.9399995803833,8.88534927368164,386300,USD,NYQ,America/New_York,Yahoo Finance
BTX,2026-09-01,8.890000343322754,8.9350004196167,8.789999961853027,8.90999984741211,8.8555326461792,543600,USD,NYQ,America/New_York,Yahoo Finance
BTX,2026-09-02,8.899999618530273,8.991999626159668,8.8100004196167,8.8100004196167,8.756144523620605,461000,USD,NYQ,America/New_York,Yahoo Finance
BTX,2026-09-03,8.829999923706055,8.899999618530273,8.779999732971191,8.819999694824219,8.766082763671875,460100,USD,NYQ,America/New_York,Yahoo Finance
BTX,2026-09-04,8.869999885559082,8.949999809265137,8.829999923706055,8.9399995803833,8.88534927368164,281300,USD,NYQ,America/New_York,Yahoo Finance
BTX,2026-09-08,9.0,9.0600004196167,8.9399995803833,9.010000228881836,8.95492172241211,299100,USD,NYQ,America/New_York,Yahoo Finance
BTX,2026-09-09,9.010000228881836,9.130000114440918,8.960000038146973,8.960000038146973,8.905226707458496,356900,USD,NYQ,America/New_York,Yahoo Finance
BTX,2026-09-10,8.819999694824219,8.899999618530273,8.800000190734863,8.8100004196167,8.756144523620605,346300,USD,NYQ,America/New_York,Yahoo Finance
BTX,2026-09-11,9.010000228881836,9.010000228881836,8.824999809265137,8.869999885559082,8.815776824951172,301400,USD,NYQ,America/New_York,Yahoo Finance
BTX,2026-09-14,8.699999809265137,8.710000038146973,8.59000015258789,8.670000076293945,8.616999626159668,336000,USD,NYQ,America/New_York,Yahoo Finance
BTX,2026-09-15,8.600000381469727,8.770999908447266,8.460000038146973,8.460000038146973,8.460000038146973,704400,USD,NYQ,America/New_York,Yahoo Finance
BTX,2026-09-16,8.75,8.75,8.5649995803833,8.670000076293945,8.670000076293945,418100,USD,NYQ,America/New_York,Yahoo Finance
BTX,2026-09-17,8.800000190734863,8.800000190734863,8.579999923706055,8.729999542236328,8.729999542236328,311700,USD,NYQ,America/New_York,Yahoo Finance
BTX,2026-09-18,8.819999694824219,8.819999694824219,8.739999771118164,8.770000457763672,8.770000457763672,384500,USD,NYQ,America/New_York,Yahoo Finance
BTX,2026-09-21,8.850000381469727,9.09000015258789,8.84000015258789,8.960000038146973,8.960000038146973,264100,USD,NYQ,America/New_York,Yahoo Finance
BTX,2026-09-22,8.9399995803833,9.079999923706055,8.920000076293945,9.050000190734863,9.050000190734863,339800,USD,NYQ,America/New_York,Yahoo Finance
BTX,2026-09-23,9.050000190734863,9.069999694824219,8.979999542236328,8.979999542236328,8.979999542236328,421300,USD,NYQ,America/New_York,Yahoo Finance
BTX,2026-09-24,8.84000015258789,8.994999885559082,8.84000015258789,8.979999542236328,8.979999542236328,360400,USD,NYQ,America/New_York,Yahoo Finance
BTX,2026-09-25,9.039999961853027,9.0649995803833,8.970000267028809,9.039999961853027,9.039999961853027,300100,USD,NYQ,America/New_York,Yahoo Finance
BTX,2026-09-28,9.010000228881836,9.048999786376953,8.819999694824219,8.859999656677246,8.859999656677246,365300,USD,NYQ,America/New_York,Yahoo Finance
BV,2026-08-17,11.630000114440918,11.710000038146973,11.329999923706055,11.350000381469727,11.350000381469727,801000,USD,NYQ,America/New_York,Yahoo Finance
BV,2026-08-18,11.390000343322754,11.550000190734863,11.289999961853027,11.5,11.5,761400,USD,NYQ,America/New_York,Yahoo Finance
BV,2026-08-19,11.630000114440918,11.899999618530273,11.5,11.510000228881836,11.510000228881836,842300,USD,NYQ,America/New_York,Yahoo Finance
BV,2026-08-20,11.5,11.5,11.145000457763672,11.149999618530273,11.149999618530273,594400,USD,NYQ,America/New_York,Yahoo Finance
BV,2026-08-21,11.300000190734863,11.475000381469727,11.175999641418457,11.300000190734863,11.300000190734863,942100,USD,NYQ,America/New_York,Yahoo Finance
BV,2026-08-24,11.380000114440918,11.505000114440918,10.90999984741211,10.9399995803833,10.9399995803833,821400,USD,NYQ,America/New_York,Yahoo Finance
BV,2026-08-25,11.010000228881836,11.1899995803833,10.890000343322754,11.149999618530273,11.149999618530273,805600,USD,NYQ,America/New_York,Yahoo Finance
BV,2026-08-26,11.180000305175781,11.220000267028809,10.949999809265137,11.039999961853027,11.039999961853027,811500,USD,NYQ,America/New_York,Yahoo Finance
BV,2026-08-27,11.0,11.15999984741211,10.90999984741211,11.079999923706055,11.079999923706055,808200,USD,NYQ,America/New_York,Yahoo Finance
BV,2026-08-28,11.09000015258789,11.350000381469727,11.024999618530273,11.220000267028809,11.220000267028809,801800,USD,NYQ,America/New_York,Yahoo Finance
BV,2026-08-31,11.119999885559082,11.305000305175781,11.074999809265137,11.109999656677246,11.109999656677246,697500,USD,NYQ,America/New_York,Yahoo Finance
BV,2026-09-01,11.039999961853027,11.210000038146973,11.010000228881836,11.100000381469727,11.100000381469727,517300,USD,NYQ,America/New_York,Yahoo Finance
BV,2026-09-02,11.15999984741211,11.380000114440918,10.960000038146973,11.239999771118164,11.239999771118164,807500,USD,NYQ,America/New_York,Yahoo Finance
BV,2026-09-03,11.3100004196167,11.484999656677246,11.199999809265137,11.329999923706055,11.329999923706055,770100,USD,NYQ,America/New_York,Yahoo Finance
BV,2026-09-04,11.210000038146973,11.380000114440918,11.079999923706055,11.359999656677246,11.359999656677246,628100,USD,NYQ,America/New_York,Yahoo Finance
BV,2026-09-08,11.300000190734863,11.449999809265137,11.161999702453613,11.180000305175781,11.180000305175781,606200,USD,NYQ,America/New_York,Yahoo Finance
BV,2026-09-09,11.319999694824219,11.335000038146973,11.0,11.3100004196167,11.3100004196167,975900,USD,NYQ,America/New_York,Yahoo Finance
BV,2026-09-10,11.1899995803833,11.359999656677246,10.920000076293945,11.0,11.0,1066100,USD,NYQ,America/New_York,Yahoo Finance
BV,2026-09-11,11.180000305175781,11.265000343322754,11.050000190734863,11.1899995803833,11.1899995803833,1337600,USD,NYQ,America/New_York,Yahoo Finance
BV,2026-09-14,11.350000381469727,11.350000381469727,11.039999961853027,11.25,11.25,1671000,USD,NYQ,America/New_York,Yahoo Finance
BV,2026-09-15,11.220000267028809,11.220000267028809,10.899999618530273,10.899999618530273,10.899999618530273,706800,USD,NYQ,America/New_York,Yahoo Finance
BV,2026-09-16,10.890000343322754,11.130000114440918,10.850000381469727,10.859999656677246,10.859999656677246,733100,USD,NYQ,America/New_York,Yahoo Finance
BV,2026-09-17,11.020000457763672,11.140000343322754,10.829999923706055,10.859999656677246,10.859999656677246,785800,USD,NYQ,America/New_York,Yahoo Finance
BV,2026-09-18,10.800000190734863,10.829999923706055,10.649999618530273,10.649999618530273,10.649999618530273,1238200,USD,NYQ,America/New_York,Yahoo Finance
BV,2026-09-21,10.760000228881836,10.770000457763672,10.59000015258789,10.640000343322754,10.640000343322754,922200,USD,NYQ,America/New_York,Yahoo Finance
BV,2026-09-22,10.829999923706055,10.869999885559082,10.670000076293945,10.670000076293945,10.670000076293945,641600,USD,NYQ,America/New_York,Yahoo Finance
BV,2026-09-23,10.640000343322754,10.640000343322754,10.104999542236328,10.140000343322754,10.140000343322754,633600,USD,NYQ,America/New_York,Yahoo Finance
BV,2026-09-24,10.09000015258789,10.164999961853027,9.8149995803833,9.90999984741211,9.90999984741211,1337800,USD,NYQ,America/New_York,Yahoo Finance
BV,2026-09-25,9.970000267028809,10.430000305175781,9.859999656677246,10.40999984741211,10.40999984741211,1478300,USD,NYQ,America/New_York,Yahoo Finance
BV,2026-09-28,10.3100004196167,10.40999984741211,10.100000381469727,10.260000228881836,10.260000228881836,628600,USD,NYQ,America/New_York,Yahoo Finance
BVFL,2026-08-21,21.739999771118164,21.739999771118164,21.309999465942383,21.420000076293945,21.420000076293945,17800,USD,NCM,America/New_York,Yahoo Finance
BVFL,2026-08-24,21.020000457763672,21.260000228881836,21.020000457763672,21.260000228881836,21.260000228881836,2900,USD,NCM,America/New_York,Yahoo Finance
BVFL,2026-08-25,21.440000534057617,21.440000534057617,21.329999923706055,21.34000015258789,21.34000015258789,7200,USD,NCM,America/New_York,Yahoo Finance
BVFL,2026-08-26,21.149999618530273,21.149999618530273,20.690000534057617,20.690000534057617,20.690000534057617,10900,USD,NCM,America/New_York,Yahoo Finance
BVFL,2026-08-27,20.93000030517578,21.360000610351562,20.860000610351562,21.360000610351562,21.360000610351562,23400,USD,NCM,America/New_York,Yahoo Finance
BVFL,2026-08-28,21.469999313354492,21.479999542236328,21.329999923706055,21.350000381469727,21.350000381469727,10800,USD,NCM,America/New_York,Yahoo Finance
BVFL,2026-08-31,21.399999618530273,21.459999084472656,20.780000686645508,21.239999771118164,21.239999771118164,8000,USD,NCM,America/New_York,Yahoo Finance
BVFL,2026-09-01,21.200000762939453,21.219999313354492,20.610000610351562,21.219999313354492,21.219999313354492,8700,USD,NCM,America/New_York,Yahoo Finance
BVFL,2026-09-02,21.049999237060547,21.739999771118164,21.049999237060547,21.549999237060547,21.549999237060547,21000,USD,NCM,America/New_York,Yahoo Finance
BVFL,2026-09-03,21.780000686645508,21.780000686645508,21.09000015258789,21.770000457763672,21.770000457763672,12700,USD,NCM,America/New_York,Yahoo Finance
BVFL,2026-09-04,21.65999984741211,21.81999969482422,21.25,21.579999923706055,21.579999923706055,11200,USD,NCM,America/New_York,Yahoo Finance
BVFL,2026-09-08,21.530000686645508,21.729999542236328,20.68000030517578,21.43000030517578,21.43000030517578,29300,USD,NCM,America/New_York,Yahoo Finance
BVFL,2026-09-09,21.440000534057617,21.5,20.81999969482422,21.43000030517578,21.43000030517578,21700,USD,NCM,America/New_York,Yahoo Finance
BVFL,2026-09-10,20.899999618530273,21.700000762939453,20.889999389648438,21.700000762939453,21.700000762939453,11900,USD,NCM,America/New_York,Yahoo Finance
BVFL,2026-09-11,21.739999771118164,21.739999771118164,20.65999984741211,20.920000076293945,20.920000076293945,29400,USD,NCM,America/New_York,Yahoo Finance
BVFL,2026-09-14,20.84000015258789,21.299999237060547,20.729999542236328,21.299999237060547,21.299999237060547,18100,USD,NCM,America/New_York,Yahoo Finance
BVFL,2026-09-15,21.209999084472656,21.469999313354492,20.8799991607666,21.469999313354492,21.469999313354492,17200,USD,NCM,America/New_York,Yahoo Finance
BVFL,2026-09-16,20.940000534057617,21.469999313354492,20.709999084472656,20.93000030517578,20.93000030517578,20200,USD,NCM,America/New_York,Yahoo Finance
BVFL,2026-09-17,21.059999465942383,21.059999465942383,20.600000381469727,20.739999771118164,20.739999771118164,19100,USD,NCM,America/New_York,Yahoo Finance
BVFL,2026-09-18,20.600000381469727,21.389999389648438,20.299999237060547,21.350000381469727,21.350000381469727,89200,USD,NCM,America/New_York,Yahoo Finance
BVFL,2026-09-21,21.18000030517578,21.229999542236328,20.829999923706055,20.829999923706055,20.829999923706055,11000,USD,NCM,America/New_York,Yahoo Finance
BVFL,2026-09-22,20.920000076293945,21.479999542236328,20.920000076293945,21.329999923706055,21.329999923706055,28200,USD,NCM,America/New_York,Yahoo Finance
BVFL,2026-09-23,20.889999389648438,20.950000762939453,20.719999313354492,20.799999237060547,20.799999237060547,12700,USD,NCM,America/New_York,Yahoo Finance
BVFL,2026-09-24,20.84000015258789,21.0,20.809999465942383,20.809999465942383,20.809999465942383,16700,USD,NCM,America/New_York,Yahoo Finance
BVFL,2026-09-25,20.889999389648438,20.989999771118164,20.760000228881836,20.8700008392334,20.8700008392334,12900,USD,NCM,America/New_York,Yahoo Finance
BVFL,2026-09-28,20.8799991607666,20.950000762939453,20.8799991607666,20.8799991607666,20.8799991607666,10300,USD,NCM,America/New_York,Yahoo Finance
BVFL,2026-09-29,20.610000610351562,21.280000686645508,20.34000015258789,21.219999313354492,21.219999313354492,21800,USD,NCM,America/New_York,Yahoo Finance
BVFL,2026-09-30,21.190000534057617,21.239999771118164,20.6299991607666,20.979999542236328,20.979999542236328,14000,USD,NCM,America/New_York,Yahoo Finance
BVFL,2026-10-01,20.959999084472656,21.209999084472656,20.780000686645508,21.200000762939453,21.200000762939453,18500,USD,NCM,America/New_York,Yahoo Finance
BVFL,2026-10-02,21.219999313354492,21.450000762939453,20.90999984741211,21.229999542236328,21.229999542236328,22300,USD,NCM,America/New_York,Yahoo Finance
BWA,2026-08-17,68.62999725341797,70.63999938964844,68.19999694824219,69.9000015258789,69.71479034423828,2641900,USD,NYQ,America/New_York,Yahoo Finance
BWA,2026-08-18,69.13999938964844,69.16999816894531,67.91000366210938,67.94999694824219,67.76995849609375,1639000,USD,NYQ,America/New_York,Yahoo Finance
BWA,2026-08-19,68.01000213623047,68.75,65.98999786376953,66.2300033569336,66.05451965332031,2566900,USD,NYQ,America/New_York,Yahoo Finance
BWA,2026-08-20,65.51000213623047,66.29000091552734,64.55000305175781,64.80000305175781,64.62831115722656,2075700,USD,NYQ,America/New_York,Yahoo Finance
BWA,2026-08-21,66.76000213623047,68.3499984741211,66.3499984741211,67.77999877929688,67.60041046142578,2022800,USD,NYQ,America/New_York,Yahoo Finance
BWA,2026-08-24,67.4000015258789,68.76000213623047,64.05000305175781,64.36000061035156,64.18946838378906,2151100,USD,NYQ,America/New_York,Yahoo Finance
BWA,2026-08-25,64.93000030517578,65.61000061035156,64.61000061035156,65.0999984741211,64.92750549316406,1830400,USD,NYQ,America/New_York,Yahoo Finance
BWA,2026-08-26,65.16000366210938,65.7300033569336,64.63999938964844,64.69000244140625,64.51860046386719,1561200,USD,NYQ,America/New_York,Yahoo Finance
BWA,2026-08-27,64.75,65.19999694824219,64.0,64.80000305175781,64.62831115722656,1694400,USD,NYQ,America/New_York,Yahoo Finance
BWA,2026-08-28,65.30999755859375,65.6500015258789,63.70000076293945,64.08999633789062,63.92018127441406,1352000,USD,NYQ,America/New_York,Yahoo Finance
BWA,2026-08-31,64.55999755859375,65.12999725341797,64.13999938964844,64.16000366210938,63.99000549316406,1431900,USD,NYQ,America/New_York,Yahoo Finance
BWA,2026-09-01,64.08000183105469,64.27999877929688,63.040000915527344,63.540000915527344,63.540000915527344,1886700,USD,NYQ,America/New_York,Yahoo Finance
BWA,2026-09-02,63.86000061035156,65.19999694824219,63.7599983215332,65.18000030517578,65.18000030517578,1888100,USD,NYQ,America/New_York,Yahoo Finance
BWA,2026-09-03,65.69999694824219,66.27999877929688,65.12999725341797,65.7300033569336,65.7300033569336,1199600,USD,NYQ,America/New_York,Yahoo Finance
BWA,2026-09-04,65.6500015258789,67.7300033569336,65.6500015258789,67.54000091552734,67.54000091552734,1444200,USD,NYQ,America/New_York,Yahoo Finance
BWA,2026-09-08,67.27999877929688,67.62000274658203,66.12000274658203,66.26000213623047,66.26000213623047,1436300,USD,NYQ,America/New_York,Yahoo Finance
BWA,2026-09-09,66.2699966430664,66.9800033569336,65.12999725341797,65.26000213623047,65.26000213623047,1637200,USD,NYQ,America/New_York,Yahoo Finance
BWA,2026-09-10,64.91000366210938,65.97000122070312,64.19999694824219,65.69000244140625,65.69000244140625,1575900,USD,NYQ,America/New_York,Yahoo Finance
BWA,2026-09-11,66.62999725341797,67.0999984741211,66.01000213623047,66.6500015258789,66.6500015258789,1489800,USD,NYQ,America/New_York,Yahoo Finance
BWA,2026-09-14,65.4000015258789,65.4000015258789,63.5099983215332,63.95000076293945,63.95000076293945,2520100,USD,NYQ,America/New_York,Yahoo Finance
BWA,2026-09-15,64.23999786376953,64.43000030517578,62.189998626708984,62.4900016784668,62.4900016784668,1561900,USD,NYQ,America/New_York,Yahoo Finance
BWA,2026-09-16,63.130001068115234,63.40999984741211,61.439998626708984,62.27000045776367,62.27000045776367,1590600,USD,NYQ,America/New_York,Yahoo Finance
BWA,2026-09-17,63.209999084472656,64.5,63.209999084472656,63.7599983215332,63.7599983215332,1943900,USD,NYQ,America/New_York,Yahoo Finance
BWA,2026-09-18,63.59000015258789,63.9900016784668,62.4900016784668,63.31999969482422,63.31999969482422,5976600,USD,NYQ,America/New_York,Yahoo Finance
BWA,2026-09-21,63.720001220703125,63.959999084472656,63.029998779296875,63.31999969482422,63.31999969482422,2555300,USD,NYQ,America/New_York,Yahoo Finance
BWA,2026-09-22,63.54999923706055,63.88999938964844,60.79999923706055,61.11000061035156,61.11000061035156,3952200,USD,NYQ,America/New_York,Yahoo Finance
BWA,2026-09-23,60.720001220703125,61.279998779296875,59.40999984741211,60.54999923706055,60.54999923706055,2649000,USD,NYQ,America/New_York,Yahoo Finance
BWA,2026-09-24,60.2400016784668,60.599998474121094,58.099998474121094,58.47999954223633,58.47999954223633,3199900,USD,NYQ,America/New_York,Yahoo Finance
BWA,2026-09-25,59.380001068115234,61.38999938964844,58.54999923706055,61.31999969482422,61.31999969482422,2769700,USD,NYQ,America/New_York,Yahoo Finance
BWA,2026-09-28,61.0099983215332,62.119998931884766,60.41999816894531,61.06999969482422,61.06999969482422,3254600,USD,NYQ,America/New_York,Yahoo Finance
BWIV,2026-08-21,9.899999618530273,9.960000038146973,9.899999618530273,9.90999984741211,9.90999984741211,146000,USD,NYQ,America/New_York,Yahoo Finance
BWIV,2026-08-24,9.920000076293945,9.949999809265137,9.920000076293945,9.9399995803833,9.9399995803833,26500,USD,NYQ,America/New_York,Yahoo Finance
BWIV,2026-08-25,9.960000038146973,9.960000038146973,9.9399995803833,9.960000038146973,9.960000038146973,8500,USD,NYQ,America/New_York,Yahoo Finance
BWIV,2026-08-26,9.949999809265137,9.970000267028809,9.949999809265137,9.949999809265137,9.949999809265137,3300,USD,NYQ,America/New_York,Yahoo Finance
BWIV,2026-08-27,10.0,10.0,9.979999542236328,9.979999542236328,9.979999542236328,200,USD,NYQ,America/New_York,Yahoo Finance
BWIV,2026-08-28,9.949999809265137,9.949999809265137,9.949999809265137,9.949999809265137,9.949999809265137,2100,USD,NYQ,America/New_York,Yahoo Finance
BWIV,2026-08-31,9.949999809265137,9.949999809265137,9.949999809265137,9.949999809265137,9.949999809265137,200,USD,NYQ,America/New_York,Yahoo Finance
BWIV,2026-09-01,9.90999984741211,9.960000038146973,9.90999984741211,9.949999809265137,9.949999809265137,900,USD,NYQ,America/New_York,Yahoo Finance
BWIV,2026-09-02,9.90999984741211,9.90999984741211,9.90999984741211,9.90999984741211,9.90999984741211,300,USD,NYQ,America/New_York,Yahoo Finance
BWIV,2026-09-03,9.90999984741211,9.90999984741211,9.90999984741211,9.90999984741211,9.90999984741211,100,USD,NYQ,America/New_York,Yahoo Finance
BWIV,2026-09-04,9.90999984741211,9.90999984741211,9.90999984741211,9.90999984741211,9.90999984741211,800,USD,NYQ,America/New_York,Yahoo Finance
BWIV,2026-09-08,9.949999809265137,9.960000038146973,9.949999809265137,9.949999809265137,9.949999809265137,202500,USD,NYQ,America/New_York,Yahoo Finance
BWIV,2026-09-09,9.949999809265137,9.949999809265137,9.949999809265137,9.949999809265137,9.949999809265137,100,USD,NYQ,America/New_York,Yahoo Finance
BWIV,2026-09-10,9.949999809265137,9.970000267028809,9.949999809265137,9.970000267028809,9.970000267028809,300,USD,NYQ,America/New_York,Yahoo Finance
BWIV,2026-09-11,9.949999809265137,9.949999809265137,9.949999809265137,9.949999809265137,9.949999809265137,100,USD,NYQ,America/New_York,Yahoo Finance
BWIV,2026-09-14,9.960000038146973,9.970000267028809,9.960000038146973,9.970000267028809,9.970000267028809,1300,USD,NYQ,America/New_York,Yahoo Finance
BWIV,2026-09-15,9.960000038146973,9.960000038146973,9.960000038146973,9.960000038146973,9.960000038146973,200600,USD,NYQ,America/New_York,Yahoo Finance
BWIV,2026-09-16,9.960000038146973,9.979999542236328,9.960000038146973,9.979999542236328,9.979999542236328,300,USD,NYQ,America/New_York,Yahoo Finance
BWIV,2026-09-17,9.960000038146973,9.960000038146973,9.930000305175781,9.960000038146973,9.960000038146973,447500,USD,NYQ,America/New_York,Yahoo Finance
BWIV,2026-09-18,9.9399995803833,10.0,9.9399995803833,10.0,10.0,1400,USD,NYQ,America/New_York,Yahoo Finance
BWIV,2026-09-21,10.0,10.0,9.979999542236328,10.0,10.0,2100,USD,NYQ,America/New_York,Yahoo Finance
BWIV,2026-09-22,9.960000038146973,9.960000038146973,9.960000038146973,9.960000038146973,9.960000038146973,200,USD,NYQ,America/New_York,Yahoo Finance
BWIV,2026-09-23,10.0,10.0,10.0,10.0,10.0,600,USD,NYQ,America/New_York,Yahoo Finance
BWIV,2026-09-24,9.970000267028809,9.970000267028809,9.970000267028809,9.970000267028809,9.970000267028809,100,USD,NYQ,America/New_York,Yahoo Finance
BWIV,2026-09-25,10.0,10.0,10.0,10.0,10.0,300,USD,NYQ,America/New_York,Yahoo Finance
BWIV,2026-09-28,9.970000267028809,9.970000267028809,9.970000267028809,9.970000267028809,9.970000267028809,200,USD,NYQ,America/New_York,Yahoo Finance
BWIV,2026-09-29,10.0,10.0,9.970000267028809,9.970000267028809,9.970000267028809,300,USD,NYQ,America/New_York,Yahoo Finance
BWIV,2026-09-30,9.970000267028809,9.979999542236328,9.970000267028809,9.979999542236328,9.979999542236328,300,USD,NYQ,America/New_York,Yahoo Finance
BWIV,2026-10-01,9.989999771118164,9.989999771118164,9.979999542236328,9.979999542236328,9.979999542236328,5100,USD,NYQ,America/New_York,Yahoo Finance
BWIV,2026-10-02,9.970000267028809,9.970000267028809,9.970000267028809,9.970000267028809,9.970000267028809,200,USD,NYQ,America/New_York,Yahoo Finance
CAAS,2026-08-21,4.559999942779541,4.699999809265137,4.550000190734863,4.670000076293945,4.670000076293945,10400,USD,NCM,America/New_York,Yahoo Finance
CAAS,2026-08-24,4.670000076293945,5.0,4.670000076293945,4.760000228881836,4.760000228881836,72000,USD,NCM,America/New_York,Yahoo Finance
CAAS,2026-08-25,4.760000228881836,5.449999809265137,4.760000228881836,5.340000152587891,5.340000152587891,329200,USD,NCM,America/New_York,Yahoo Finance
CAAS,2026-08-26,5.28000020980835,5.380000114440918,5.150000095367432,5.28000020980835,5.28000020980835,46100,USD,NCM,America/New_York,Yahoo Finance
CAAS,2026-08-27,5.289999961853027,5.360000133514404,5.010000228881836,5.03000020980835,5.03000020980835,18400,USD,NCM,America/New_York,Yahoo Finance
CAAS,2026-08-28,5.070000171661377,5.070000171661377,4.909999847412109,4.989999771118164,4.989999771118164,31000,USD,NCM,America/New_York,Yahoo Finance
CAAS,2026-08-31,5.039999961853027,5.579999923706055,5.039999961853027,5.510000228881836,5.510000228881836,71000,USD,NCM,America/New_York,Yahoo Finance
CAAS,2026-09-01,5.510000228881836,5.559999942779541,5.269999980926514,5.480000019073486,5.480000019073486,28200,USD,NCM,America/New_York,Yahoo Finance
CAAS,2026-09-02,5.489999771118164,5.559999942779541,5.349999904632568,5.420000076293945,5.420000076293945,26800,USD,NCM,America/New_York,Yahoo Finance
CAAS,2026-09-03,5.409999847412109,5.489999771118164,5.349999904632568,5.440000057220459,5.440000057220459,10500,USD,NCM,America/New_York,Yahoo Finance
CAAS,2026-09-04,5.400000095367432,5.519999980926514,5.360000133514404,5.400000095367432,5.400000095367432,9900,USD,NCM,America/New_York,Yahoo Finance
CAAS,2026-09-08,5.400000095367432,5.639999866485596,5.400000095367432,5.449999809265137,5.449999809265137,37600,USD,NCM,America/New_York,Yahoo Finance
CAAS,2026-09-09,5.440000057220459,5.460000038146973,5.269999980926514,5.429999828338623,5.429999828338623,22300,USD,NCM,America/New_York,Yahoo Finance
CAAS,2026-09-10,5.349999904632568,5.550000190734863,5.260000228881836,5.260000228881836,5.260000228881836,14600,USD,NCM,America/New_York,Yahoo Finance
CAAS,2026-09-11,5.260000228881836,5.369999885559082,5.25,5.360000133514404,5.360000133514404,10900,USD,NCM,America/New_York,Yahoo Finance
CAAS,2026-09-14,5.369999885559082,5.46999979019165,5.25,5.28000020980835,5.28000020980835,12700,USD,NCM,America/New_York,Yahoo Finance
CAAS,2026-09-15,5.230000019073486,5.429999828338623,5.199999809265137,5.269999980926514,5.269999980926514,11600,USD,NCM,America/New_York,Yahoo Finance
CAAS,2026-09-16,5.269999980926514,5.269999980926514,5.079999923706055,5.090000152587891,5.090000152587891,12400,USD,NCM,America/New_York,Yahoo Finance
CAAS,2026-09-17,5.079999923706055,5.110000133514404,4.929999828338623,5.050000190734863,5.050000190734863,27900,USD,NCM,America/New_York,Yahoo Finance
CAAS,2026-09-18,5.019999980926514,5.050000190734863,4.909999847412109,5.039999961853027,5.039999961853027,40100,USD,NCM,America/New_York,Yahoo Finance
CAAS,2026-09-21,5.019999980926514,5.099999904632568,4.900000095367432,5.079999923706055,5.079999923706055,9100,USD,NCM,America/New_York,Yahoo Finance
CAAS,2026-09-22,5.090000152587891,5.130000114440918,5.019999980926514,5.070000171661377,5.070000171661377,11800,USD,NCM,America/New_York,Yahoo Finance
CAAS,2026-09-23,5.070000171661377,5.079999923706055,5.0,5.079999923706055,5.079999923706055,8300,USD,NCM,America/New_York,Yahoo Finance
CAAS,2026-09-24,5.070000171661377,5.079999923706055,5.0,5.079999923706055,5.079999923706055,5500,USD,NCM,America/New_York,Yahoo Finance
CAAS,2026-09-25,5.0,5.070000171661377,4.860000133514404,4.860000133514404,4.860000133514404,23200,USD,NCM,America/New_York,Yahoo Finance
CAAS,2026-09-28,4.989999771118164,4.989999771118164,4.840000152587891,4.909999847412109,4.909999847412109,18300,USD,NCM,America/New_York,Yahoo Finance
CAAS,2026-09-29,4.809999942779541,4.909999847412109,4.75,4.829999923706055,4.829999923706055,19800,USD,NCM,America/New_York,Yahoo Finance
CAAS,2026-09-30,4.869999885559082,4.889999866485596,4.800000190734863,4.800000190734863,4.800000190734863,6700,USD,NCM,America/New_York,Yahoo Finance
CAAS,2026-10-01,4.769999980926514,4.860000133514404,4.760000228881836,4.789999961853027,4.789999961853027,14800,USD,NCM,America/New_York,Yahoo Finance
CAAS,2026-10-02,4.789999961853027,4.800000190734863,4.590000152587891,4.619999885559082,4.619999885559082,23800,USD,NCM,America/New_York,Yahoo Finance
CABA,2026-08-21,3.200000047683716,3.3399999141693115,3.0850000381469727,3.130000114440918,3.130000114440918,4402300,USD,NMS,America/New_York,Yahoo Finance
CABA,2026-08-24,3.0899999141693115,3.1700000762939453,3.009999990463257,3.0999999046325684,3.0999999046325684,3107000,USD,NMS,America/New_York,Yahoo Finance
CABA,2026-08-25,3.140000104904175,3.2790000438690186,3.109999895095825,3.2200000286102295,3.2200000286102295,3965400,USD,NMS,America/New_York,Yahoo Finance
CABA,2026-08-26,3.200000047683716,3.2699999809265137,3.1700000762939453,3.25,3.25,2484400,USD,NMS,America/New_York,Yahoo Finance
CABA,2026-08-27,3.240000009536743,3.444999933242798,3.2300000190734863,3.380000114440918,3.380000114440918,3800400,USD,NMS,America/New_York,Yahoo Finance
CABA,2026-08-28,3.359999895095825,3.375,3.109999895095825,3.119999885559082,3.119999885559082,3234200,USD,NMS,America/New_York,Yahoo Finance
CABA,2026-08-31,3.1050000190734863,3.2049999237060547,3.0799999237060547,3.109999895095825,3.109999895095825,3024500,USD,NMS,America/New_York,Yahoo Finance
CABA,2026-09-01,3.0,3.315000057220459,2.8399999141693115,3.299999952316284,3.299999952316284,6645700,USD,NMS,America/New_York,Yahoo Finance
CABA,2026-09-02,3.2699999809265137,3.5799999237060547,3.25,3.569999933242798,3.569999933242798,8042800,USD,NMS,America/New_York,Yahoo Finance
CABA,2026-09-03,3.630000114440918,3.75,3.4700000286102295,3.4800000190734863,3.4800000190734863,7437000,USD,NMS,America/New_York,Yahoo Finance
CABA,2026-09-04,3.4600000381469727,3.5999999046325684,3.4000000953674316,3.4700000286102295,3.4700000286102295,4893100,USD,NMS,America/New_York,Yahoo Finance
CABA,2026-09-08,3.430000066757202,3.4800000190734863,3.259999990463257,3.2699999809265137,3.2699999809265137,3062900,USD,NMS,America/New_York,Yahoo Finance
CABA,2026-09-09,3.2799999713897705,3.2799999713897705,2.9000000953674316,2.9100000858306885,2.9100000858306885,6511000,USD,NMS,America/New_York,Yahoo Finance
CABA,2026-09-10,2.8499999046325684,2.875,2.690000057220459,2.740000009536743,2.740000009536743,7077200,USD,NMS,America/New_York,Yahoo Finance
CABA,2026-09-11,2.7699999809265137,2.885999917984009,2.6700000762939453,2.7300000190734863,2.7300000190734863,7434600,USD,NMS,America/New_York,Yahoo Finance
CABA,2026-09-14,2.7200000286102295,3.0399999618530273,2.7100000381469727,2.9100000858306885,2.9100000858306885,6311000,USD,NMS,America/New_York,Yahoo Finance
CABA,2026-09-15,2.890000104904175,2.9200000762939453,2.569999933242798,2.5950000286102295,2.5950000286102295,7233600,USD,NMS,America/New_York,Yahoo Finance
CABA,2026-09-16,2.6500000953674316,2.680000066757202,2.4800000190734863,2.490000009536743,2.490000009536743,6141000,USD,NMS,America/New_York,Yahoo Finance
CABA,2026-09-17,2.5199999809265137,2.5899999141693115,2.5,2.5799999237060547,2.5799999237060547,4258000,USD,NMS,America/New_York,Yahoo Finance
CABA,2026-09-18,2.549999952316284,2.609999895095825,2.5199999809265137,2.549999952316284,2.549999952316284,12483700,USD,NMS,America/New_York,Yahoo Finance
CABA,2026-09-21,2.640000104904175,2.6500000953674316,2.450000047683716,2.4600000381469727,2.4600000381469727,4725700,USD,NMS,America/New_York,Yahoo Finance
CABA,2026-09-22,2.4800000190734863,2.5999999046325684,2.4600000381469727,2.5,2.5,5312900,USD,NMS,America/New_York,Yahoo Finance
CABA,2026-09-23,2.5299999713897705,2.559999942779541,2.190000057220459,2.2200000286102295,2.2200000286102295,8671600,USD,NMS,America/New_York,Yahoo Finance
CABA,2026-09-24,2.2300000190734863,2.2300000190734863,2.059999942779541,2.1549999713897705,2.1549999713897705,5589900,USD,NMS,America/New_York,Yahoo Finance
CABA,2026-09-25,2.1700000762939453,2.1700000762939453,2.049999952316284,2.069999933242798,2.069999933242798,3096200,USD,NMS,America/New_York,Yahoo Finance
CABA,2026-09-28,2.059999942779541,2.069999933242798,1.9800000190734863,2.0,2.0,5436200,USD,NMS,America/New_York,Yahoo Finance
CABA,2026-09-29,2.009999990463257,2.0299999713897705,1.9500000476837158,1.9800000190734863,1.9800000190734863,4192200,USD,NMS,America/New_York,Yahoo Finance
CABA,2026-09-30,2.009999990463257,2.009999990463257,1.899999976158142,1.9199999570846558,1.9199999570846558,8051400,USD,NMS,America/New_York,Yahoo Finance
CABA,2026-10-01,1.9199999570846558,1.9700000286102295,1.8600000143051147,1.8899999856948853,1.8899999856948853,8533800,USD,NMS,America/New_York,Yahoo Finance
CABA,2026-10-02,1.940000057220459,2.009999990463257,1.8300000429153442,2.0,2.0,5694900,USD,NMS,America/New_York,Yahoo Finance
CACC,2026-08-17,585.3300170898438,585.3300170898438,570.4500122070312,573.0900268554688,573.0900268554688,82700,USD,NMS,America/New_York,Yahoo Finance
CACC,2026-08-18,570.3099975585938,579.5999755859375,570.219970703125,570.5399780273438,570.5399780273438,86500,USD,NMS,America/New_York,Yahoo Finance
CACC,2026-08-19,574.8499755859375,584.5399780273438,574.8499755859375,583.0499877929688,583.0499877929688,100400,USD,NMS,America/New_York,Yahoo Finance
CACC,2026-08-20,581.9099731445312,593.0599975585938,574.8699951171875,585.8800048828125,585.8800048828125,138900,USD,NMS,America/New_York,Yahoo Finance
CACC,2026-08-21,588.8900146484375,606.0999755859375,588.8900146484375,601.0499877929688,601.0499877929688,126200,USD,NMS,America/New_York,Yahoo Finance
CACC,2026-08-24,601.0499877929688,607.6699829101562,594.8499755859375,603.0700073242188,603.0700073242188,94300,USD,NMS,America/New_York,Yahoo Finance
CACC,2026-08-25,608.9400024414062,610.0,597.1099853515625,604.260009765625,604.260009765625,68000,USD,NMS,America/New_York,Yahoo Finance
CACC,2026-08-26,603.0599975585938,609.3200073242188,593.6300048828125,593.6400146484375,593.6400146484375,174000,USD,NMS,America/New_York,Yahoo Finance
CACC,2026-08-27,594.0999755859375,605.780029296875,593.3400268554688,600.47998046875,600.47998046875,111000,USD,NMS,America/New_York,Yahoo Finance
CACC,2026-08-28,604.6699829101562,610.0,589.9500122070312,594.8900146484375,594.8900146484375,145600,USD,NMS,America/New_York,Yahoo Finance
CACC,2026-08-31,591.530029296875,603.0399780273438,591.530029296875,599.739990234375,599.739990234375,105900,USD,NMS,America/New_York,Yahoo Finance
CACC,2026-09-01,596.5,603.510009765625,589.3599853515625,594.1799926757812,594.1799926757812,146400,USD,NMS,America/New_York,Yahoo Finance
CACC,2026-09-02,599.489990234375,611.1199951171875,592.6199951171875,607.77001953125,607.77001953125,89600,USD,NMS,America/New_York,Yahoo Finance
CACC,2026-09-03,609.0,620.9600219726562,599.9099731445312,601.5800170898438,601.5800170898438,98500,USD,NMS,America/New_York,Yahoo Finance
CACC,2026-09-04,600.6699829101562,611.02001953125,598.260009765625,604.719970703125,604.719970703125,59500,USD,NMS,America/New_York,Yahoo Finance
CACC,2026-09-08,596.5700073242188,602.1500244140625,590.989990234375,593.780029296875,593.780029296875,156400,USD,NMS,America/New_York,Yahoo Finance
CACC,2026-09-09,593.52001953125,601.22998046875,589.7999877929688,596.989990234375,596.989990234375,94200,USD,NMS,America/New_York,Yahoo Finance
CACC,2026-09-10,594.4600219726562,605.5999755859375,594.4500122070312,605.4600219726562,605.4600219726562,76200,USD,NMS,America/New_York,Yahoo Finance
CACC,2026-09-11,609.989990234375,611.6300048828125,599.1099853515625,604.239990234375,604.239990234375,58500,USD,NMS,America/New_York,Yahoo Finance
CACC,2026-09-14,605.52001953125,607.3900146484375,601.3900146484375,605.3599853515625,605.3599853515625,63900,USD,NMS,America/New_York,Yahoo Finance
CACC,2026-09-15,605.0,605.0,590.5900268554688,600.1099853515625,600.1099853515625,89200,USD,NMS,America/New_York,Yahoo Finance
CACC,2026-09-16,600.5800170898438,612.5900268554688,597.2100219726562,601.5399780273438,601.5399780273438,109400,USD,NMS,America/New_York,Yahoo Finance
CACC,2026-09-17,609.0,609.0,580.75,590.4099731445312,590.4099731445312,176300,USD,NMS,America/New_York,Yahoo Finance
CACC,2026-09-18,592.5399780273438,595.0,565.1500244140625,578.2899780273438,578.2899780273438,279700,USD,NMS,America/New_York,Yahoo Finance
CACC,2026-09-21,580.6500244140625,583.1300048828125,562.3699951171875,564.27001953125,564.27001953125,146300,USD,NMS,America/New_York,Yahoo Finance
CACC,2026-09-22,570.780029296875,580.9000244140625,551.8699951171875,562.3400268554688,562.3400268554688,172300,USD,NMS,America/New_York,Yahoo Finance
CACC,2026-09-23,562.8200073242188,562.8200073242188,546.2999877929688,555.1300048828125,555.1300048828125,120100,USD,NMS,America/New_York,Yahoo Finance
CACC,2026-09-24,550.0,558.47998046875,544.2000122070312,547.4000244140625,547.4000244140625,146300,USD,NMS,America/New_York,Yahoo Finance
CACC,2026-09-25,551.4400024414062,563.0499877929688,547.5900268554688,555.6799926757812,555.6799926757812,140500,USD,NMS,America/New_York,Yahoo Finance
CACC,2026-09-28,555.47998046875,555.47998046875,541.6099853515625,550.0,550.0,89200,USD,NMS,America/New_York,Yahoo Finance
CAF,2026-08-21,19.1299991607666,19.40999984741211,19.1299991607666,19.219999313354492,19.219999313354492,2600,USD,NYQ,America/New_York,Yahoo Finance
CAF,2026-08-24,19.219999313354492,19.219999313354492,18.760000228881836,18.950000762939453,18.950000762939453,26800,USD,NYQ,America/New_York,Yahoo Finance
CAF,2026-08-25,18.6200008392334,19.09000015258789,18.6200008392334,18.81999969482422,18.81999969482422,9100,USD,NYQ,America/New_York,Yahoo Finance
CAF,2026-08-26,18.729999542236328,19.030000686645508,18.729999542236328,18.899999618530273,18.899999618530273,3400,USD,NYQ,America/New_York,Yahoo Finance
CAF,2026-08-27,19.110000610351562,19.200000762939453,19.049999237060547,19.049999237060547,19.049999237060547,7200,USD,NYQ,America/New_York,Yahoo Finance
CAF,2026-08-28,19.06999969482422,19.079999923706055,19.0,19.010000228881836,19.010000228881836,8000,USD,NYQ,America/New_York,Yahoo Finance
CAF,2026-08-31,19.06999969482422,19.149999618530273,18.920000076293945,18.979999542236328,18.979999542236328,26100,USD,NYQ,America/New_York,Yahoo Finance
CAF,2026-09-01,18.979999542236328,19.079999923706055,18.969999313354492,18.969999313354492,18.969999313354492,2400,USD,NYQ,America/New_York,Yahoo Finance
CAF,2026-09-02,18.780000686645508,19.0,18.780000686645508,18.950000762939453,18.950000762939453,7400,USD,NYQ,America/New_York,Yahoo Finance
CAF,2026-09-03,18.90999984741211,18.90999984741211,18.649999618530273,18.770000457763672,18.770000457763672,8500,USD,NYQ,America/New_York,Yahoo Finance
CAF,2026-09-04,18.889999389648438,19.06999969482422,18.75,18.829999923706055,18.829999923706055,19000,USD,NYQ,America/New_York,Yahoo Finance
CAF,2026-09-08,18.799999237060547,18.799999237060547,18.56999969482422,18.610000610351562,18.610000610351562,21000,USD,NYQ,America/New_York,Yahoo Finance
CAF,2026-09-09,18.649999618530273,18.68000030517578,18.56999969482422,18.56999969482422,18.56999969482422,4900,USD,NYQ,America/New_York,Yahoo Finance
CAF,2026-09-10,18.469999313354492,18.5,18.31999969482422,18.389999389648438,18.389999389648438,6500,USD,NYQ,America/New_York,Yahoo Finance
CAF,2026-09-11,18.510000228881836,18.530000686645508,18.40999984741211,18.40999984741211,18.40999984741211,2300,USD,NYQ,America/New_York,Yahoo Finance
CAF,2026-09-14,18.270000457763672,18.459999084472656,18.260000228881836,18.329999923706055,18.329999923706055,2300,USD,NYQ,America/New_York,Yahoo Finance
CAF,2026-09-15,18.3700008392334,18.93000030517578,18.079999923706055,18.149999618530273,18.149999618530273,23700,USD,NYQ,America/New_York,Yahoo Finance
CAF,2026-09-16,18.149999618530273,18.290000915527344,18.149999618530273,18.229999542236328,18.229999542236328,5500,USD,NYQ,America/New_York,Yahoo Finance
CAF,2026-09-17,18.280000686645508,18.450000762939453,18.209999084472656,18.3700008392334,18.3700008392334,8400,USD,NYQ,America/New_York,Yahoo Finance
CAF,2026-09-18,18.43000030517578,18.459999084472656,18.3799991607666,18.3799991607666,18.3799991607666,800,USD,NYQ,America/New_York,Yahoo Finance
CAF,2026-09-21,18.530000686645508,18.530000686645508,18.389999389648438,18.440000534057617,18.440000534057617,7800,USD,NYQ,America/New_York,Yahoo Finance
CAF,2026-09-22,18.549999237060547,18.920000076293945,18.549999237060547,18.829999923706055,18.829999923706055,3600,USD,NYQ,America/New_York,Yahoo Finance
CAF,2026-09-23,18.56999969482422,18.799999237060547,18.56999969482422,18.700000762939453,18.700000762939453,10400,USD,NYQ,America/New_York,Yahoo Finance
CAF,2026-09-24,18.610000610351562,18.639999389648438,18.280000686645508,18.639999389648438,18.639999389648438,47900,USD,NYQ,America/New_York,Yahoo Finance
CAF,2026-09-25,18.530000686645508,18.530000686645508,18.260000228881836,18.459999084472656,18.459999084472656,15100,USD,NYQ,America/New_York,Yahoo Finance
CAF,2026-09-28,18.40999984741211,18.40999984741211,17.729999542236328,18.0,18.0,2900,USD,NYQ,America/New_York,Yahoo Finance
CAF,2026-09-29,17.510000228881836,17.829999923706055,17.510000228881836,17.639999389648438,17.639999389648438,3600,USD,NYQ,America/New_York,Yahoo Finance
CAF,2026-09-30,17.56999969482422,18.049999237060547,17.56999969482422,17.739999771118164,17.739999771118164,10400,USD,NYQ,America/New_York,Yahoo Finance
CAF,2026-10-01,17.690000534057617,17.790000915527344,17.59000015258789,17.59000015258789,17.59000015258789,6600,USD,NYQ,America/New_York,Yahoo Finance
CAF,2026-10-02,17.6200008392334,17.8700008392334,17.5,17.690000534057617,17.690000534057617,8500,USD,NYQ,America/New_York,Yahoo Finance
CAMP,2026-08-21,4.5,4.540999889373779,4.420000076293945,4.480000019073486,4.480000019073486,126700,USD,NGM,America/New_York,Yahoo Finance
CAMP,2026-08-24,4.460000038146973,4.517000198364258,4.260000228881836,4.320000171661377,4.320000171661377,109500,USD,NGM,America/New_York,Yahoo Finance
CAMP,2026-08-25,4.400000095367432,4.599999904632568,4.329999923706055,4.449999809265137,4.449999809265137,184500,USD,NGM,America/New_York,Yahoo Finance
CAMP,2026-08-26,4.449999809265137,4.5279998779296875,4.050000190734863,4.199999809265137,4.199999809265137,364500,USD,NGM,America/New_York,Yahoo Finance
CAMP,2026-08-27,4.230000019073486,4.409999847412109,4.010000228881836,4.139999866485596,4.139999866485596,749100,USD,NGM,America/New_York,Yahoo Finance
CAMP,2026-08-28,4.179999828338623,4.300000190734863,4.03000020980835,4.150000095367432,4.150000095367432,142100,USD,NGM,America/New_York,Yahoo Finance
CAMP,2026-08-31,4.179999828338623,4.179999828338623,3.869999885559082,3.9600000381469727,3.9600000381469727,190300,USD,NGM,America/New_York,Yahoo Finance
CAMP,2026-09-01,3.8499999046325684,3.950000047683716,3.700000047683716,3.7899999618530273,3.7899999618530273,229400,USD,NGM,America/New_York,Yahoo Finance
CAMP,2026-09-02,3.8499999046325684,4.070000171661377,3.7799999713897705,3.799999952316284,3.799999952316284,215200,USD,NGM,America/New_York,Yahoo Finance
CAMP,2026-09-03,3.869999885559082,4.53000020980835,3.759999990463257,4.489999771118164,4.489999771118164,1280500,USD,NGM,America/New_York,Yahoo Finance
CAMP,2026-09-04,4.449999809265137,4.639999866485596,4.330999851226807,4.409999847412109,4.409999847412109,131000,USD,NGM,America/New_York,Yahoo Finance
CAMP,2026-09-08,4.400000095367432,4.53000020980835,4.300000190734863,4.400000095367432,4.400000095367432,280500,USD,NGM,America/New_York,Yahoo Finance
CAMP,2026-09-09,4.449999809265137,4.5,4.329999923706055,4.329999923706055,4.329999923706055,79900,USD,NGM,America/New_York,Yahoo Finance
CAMP,2026-09-10,4.300000190734863,4.494999885559082,4.144999980926514,4.340000152587891,4.340000152587891,115600,USD,NGM,America/New_York,Yahoo Finance
CAMP,2026-09-11,4.460000038146973,4.539999961853027,4.210000038146973,4.25,4.25,101100,USD,NGM,America/New_York,Yahoo Finance
CAMP,2026-09-14,4.260000228881836,4.489999771118164,4.179999828338623,4.25,4.25,167000,USD,NGM,America/New_York,Yahoo Finance
CAMP,2026-09-15,4.230000019073486,4.275000095367432,4.03000020980835,4.190000057220459,4.190000057220459,175300,USD,NGM,America/New_York,Yahoo Finance
CAMP,2026-09-16,4.190000057220459,4.369999885559082,3.8399999141693115,3.859999895095825,3.859999895095825,300800,USD,NGM,America/New_York,Yahoo Finance
CAMP,2026-09-17,3.9600000381469727,4.25,3.930000066757202,4.03000020980835,4.03000020980835,93400,USD,NGM,America/New_York,Yahoo Finance
CAMP,2026-09-18,4.03000020980835,4.269999980926514,3.944999933242798,4.239999771118164,4.239999771118164,1043100,USD,NGM,America/New_York,Yahoo Finance
CAMP,2026-09-21,4.269999980926514,4.320000171661377,4.099999904632568,4.170000076293945,4.170000076293945,289500,USD,NGM,America/New_York,Yahoo Finance
CAMP,2026-09-22,4.210000038146973,4.239999771118164,3.859999895095825,4.150000095367432,4.150000095367432,161200,USD,NGM,America/New_York,Yahoo Finance
CAMP,2026-09-23,4.130000114440918,4.269999980926514,3.6500000953674316,3.7200000286102295,3.7200000286102295,192700,USD,NGM,America/New_York,Yahoo Finance
CAMP,2026-09-24,3.7799999713897705,3.940000057220459,3.674999952316284,3.8399999141693115,3.8399999141693115,130300,USD,NGM,America/New_York,Yahoo Finance
CAMP,2026-09-25,3.8299999237060547,4.059999942779541,3.7239999771118164,3.9200000762939453,3.9200000762939453,476900,USD,NGM,America/New_York,Yahoo Finance
CAMP,2026-09-28,3.859999895095825,3.950000047683716,3.7300000190734863,3.8499999046325684,3.8499999046325684,116900,USD,NGM,America/New_York,Yahoo Finance
CAMP,2026-09-29,3.869999885559082,4.019999980926514,3.809999942779541,3.9100000858306885,3.9100000858306885,172500,USD,NGM,America/New_York,Yahoo Finance
CAMP,2026-09-30,3.9600000381469727,4.090000152587891,3.859999895095825,4.039999961853027,4.039999961853027,170700,USD,NGM,America/New_York,Yahoo Finance
CAMP,2026-10-01,3.990000009536743,4.1519999504089355,3.759999990463257,3.8399999141693115,3.8399999141693115,994700,USD,NGM,America/New_York,Yahoo Finance
CAMP,2026-10-02,3.9000000953674316,4.050000190734863,3.690000057220459,4.0,4.0,368000,USD,NGM,America/New_York,Yahoo Finance
CCEP,2026-08-17,106.73999786376953,106.83999633789062,105.23999786376953,105.56999969482422,105.56999969482422,1609800,USD,NMS,America/New_York,Yahoo Finance
CCEP,2026-08-18,106.80999755859375,108.25,106.54000091552734,107.5,107.5,1715500,USD,NMS,America/New_York,Yahoo Finance
CCEP,2026-08-19,107.87999725341797,108.61000061035156,106.5199966430664,106.68000030517578,106.68000030517578,2066600,USD,NMS,America/New_York,Yahoo Finance
CCEP,2026-08-20,106.48999786376953,107.83000183105469,106.38999938964844,106.8499984741211,106.8499984741211,1312000,USD,NMS,America/New_York,Yahoo Finance
CCEP,2026-08-21,107.3499984741211,108.62000274658203,107.16999816894531,108.0,108.0,1012000,USD,NMS,America/New_York,Yahoo Finance
CCEP,2026-08-24,109.20999908447266,110.56999969482422,109.12999725341797,110.12000274658203,110.12000274658203,1903600,USD,NMS,America/New_York,Yahoo Finance
CCEP,2026-08-25,109.8499984741211,110.27999877929688,109.38999938964844,109.8499984741211,109.8499984741211,1336600,USD,NMS,America/New_York,Yahoo Finance
CCEP,2026-08-26,110.45999908447266,110.54000091552734,108.83000183105469,108.98999786376953,108.98999786376953,1299600,USD,NMS,America/New_York,Yahoo Finance
CCEP,2026-08-27,107.47000122070312,107.81999969482422,106.70999908447266,107.31999969482422,107.31999969482422,1052400,USD,NMS,America/New_York,Yahoo Finance
CCEP,2026-08-28,108.1500015258789,109.1500015258789,108.08000183105469,109.0999984741211,109.0999984741211,1099300,USD,NMS,America/New_York,Yahoo Finance
CCEP,2026-08-31,109.02999877929688,109.05000305175781,107.80000305175781,108.0199966430664,108.0199966430664,1520900,USD,NMS,America/New_York,Yahoo Finance
CCEP,2026-09-01,108.05999755859375,108.61000061035156,107.12999725341797,107.5999984741211,107.5999984741211,1326200,USD,NMS,America/New_York,Yahoo Finance
CCEP,2026-09-02,107.94999694824219,108.38999938964844,107.05000305175781,107.77999877929688,107.77999877929688,1325900,USD,NMS,America/New_York,Yahoo Finance
CCEP,2026-09-03,107.91999816894531,109.27999877929688,107.81999969482422,109.1500015258789,109.1500015258789,955200,USD,NMS,America/New_York,Yahoo Finance
CCEP,2026-09-04,107.58000183105469,107.61000061035156,105.58000183105469,105.76000213623047,105.76000213623047,2277400,USD,NMS,America/New_York,Yahoo Finance
CCEP,2026-09-08,105.5,107.66000366210938,105.5,106.55000305175781,106.55000305175781,1595500,USD,NMS,America/New_York,Yahoo Finance
CCEP,2026-09-09,105.73999786376953,105.95999908447266,103.63999938964844,103.81999969482422,103.81999969482422,1312300,USD,NMS,America/New_York,Yahoo Finance
CCEP,2026-09-10,103.80000305175781,105.02999877929688,102.83999633789062,102.87999725341797,102.87999725341797,1853800,USD,NMS,America/New_York,Yahoo Finance
CCEP,2026-09-11,104.23999786376953,104.47000122070312,102.44999694824219,102.7699966430664,102.7699966430664,1347400,USD,NMS,America/New_York,Yahoo Finance
CCEP,2026-09-14,104.79000091552734,105.19999694824219,104.36000061035156,104.66999816894531,104.66999816894531,1134000,USD,NMS,America/New_York,Yahoo Finance
CCEP,2026-09-15,103.7699966430664,104.0,102.88999938964844,103.01000213623047,103.01000213623047,1219200,USD,NMS,America/New_York,Yahoo Finance
CCEP,2026-09-16,103.31999969482422,103.79000091552734,102.5,102.7300033569336,102.7300033569336,2378400,USD,NMS,America/New_York,Yahoo Finance
CCEP,2026-09-17,103.31999969482422,103.62000274658203,100.13999938964844,100.4800033569336,100.4800033569336,3065200,USD,NMS,America/New_York,Yahoo Finance
CCEP,2026-09-18,99.73999786376953,100.68000030517578,99.36000061035156,99.7699966430664,99.7699966430664,4908100,USD,NMS,America/New_York,Yahoo Finance
CCEP,2026-09-21,99.7699966430664,101.06999969482422,99.41000366210938,100.52999877929688,100.52999877929688,1490200,USD,NMS,America/New_York,Yahoo Finance
CCEP,2026-09-22,101.70999908447266,102.80999755859375,101.37999725341797,102.30999755859375,102.30999755859375,1946400,USD,NMS,America/New_York,Yahoo Finance
CCEP,2026-09-23,101.87000274658203,102.44999694824219,99.0,99.69000244140625,99.69000244140625,1998500,USD,NMS,America/New_York,Yahoo Finance
CCEP,2026-09-24,100.69000244140625,101.37000274658203,100.05000305175781,100.30999755859375,100.30999755859375,1657700,USD,NMS,America/New_York,Yahoo Finance
CCEP,2026-09-25,100.19000244140625,102.25,99.83999633789062,101.7300033569336,101.7300033569336,1301600,USD,NMS,America/New_York,Yahoo Finance
CCEP,2026-09-28,100.97000122070312,103.04000091552734,100.83999633789062,102.87000274658203,102.87000274658203,1550900,USD,NMS,America/New_York,Yahoo Finance
CEVA,2026-08-17,33.43000030517578,33.779998779296875,32.52000045776367,32.709999084472656,32.709999084472656,970100,USD,NMS,America/New_York,Yahoo Finance
CEVA,2026-08-18,31.25,31.309999465942383,29.40999984741211,29.670000076293945,29.670000076293945,1021900,USD,NMS,America/New_York,Yahoo Finance
CEVA,2026-08-19,30.059999465942383,30.100000381469727,28.510000228881836,29.899999618530273,29.899999618530273,1279500,USD,NMS,America/New_York,Yahoo Finance
CEVA,2026-08-20,29.889999389648438,29.979999542236328,28.030000686645508,28.1299991607666,28.1299991607666,1333700,USD,NMS,America/New_York,Yahoo Finance
CEVA,2026-08-21,28.75,28.899999618530273,27.420000076293945,27.989999771118164,27.989999771118164,1311700,USD,NMS,America/New_York,Yahoo Finance
CEVA,2026-08-24,27.3799991607666,27.3799991607666,26.3700008392334,26.68000030517578,26.68000030517578,731500,USD,NMS,America/New_York,Yahoo Finance
CEVA,2026-08-25,27.450000762939453,27.450000762939453,26.700000762939453,27.079999923706055,27.079999923706055,691700,USD,NMS,America/New_York,Yahoo Finance
CEVA,2026-08-26,27.170000076293945,27.920000076293945,27.09000015258789,27.6299991607666,27.6299991607666,510000,USD,NMS,America/New_York,Yahoo Finance
CEVA,2026-08-27,28.670000076293945,28.690000534057617,27.8700008392334,28.420000076293945,28.420000076293945,509100,USD,NMS,America/New_York,Yahoo Finance
CEVA,2026-08-28,28.190000534057617,28.190000534057617,27.030000686645508,27.1200008392334,27.1200008392334,477100,USD,NMS,America/New_York,Yahoo Finance
CEVA,2026-08-31,27.350000381469727,27.770000457763672,26.719999313354492,27.049999237060547,27.049999237060547,490800,USD,NMS,America/New_York,Yahoo Finance
CEVA,2026-09-01,26.350000381469727,26.610000610351562,25.610000610351562,26.229999542236328,26.229999542236328,1153800,USD,NMS,America/New_York,Yahoo Finance
CEVA,2026-09-02,25.8799991607666,26.290000915527344,25.399999618530273,26.25,26.25,710200,USD,NMS,America/New_York,Yahoo Finance
CEVA,2026-09-03,26.0,26.8700008392334,25.25,26.440000534057617,26.440000534057617,563700,USD,NMS,America/New_York,Yahoo Finance
CEVA,2026-09-04,26.829999923706055,27.049999237060547,26.209999084472656,26.950000762939453,26.950000762939453,607500,USD,NMS,America/New_York,Yahoo Finance
CEVA,2026-09-08,27.860000610351562,28.559999465942383,27.290000915527344,28.239999771118164,28.239999771118164,775800,USD,NMS,America/New_York,Yahoo Finance
CEVA,2026-09-09,28.270000457763672,29.0,28.010000228881836,28.100000381469727,28.100000381469727,757600,USD,NMS,America/New_York,Yahoo Finance
CEVA,2026-09-10,27.6299991607666,28.389999389648438,27.280000686645508,27.959999084472656,27.959999084472656,409300,USD,NMS,America/New_York,Yahoo Finance
CEVA,2026-09-11,28.489999771118164,29.309999465942383,28.260000228881836,29.010000228881836,29.010000228881836,394300,USD,NMS,America/New_York,Yahoo Finance
CEVA,2026-09-14,27.700000762939453,28.229999542236328,27.440000534057617,27.780000686645508,27.780000686645508,621600,USD,NMS,America/New_York,Yahoo Finance
CEVA,2026-09-15,28.200000762939453,28.540000915527344,27.170000076293945,27.90999984741211,27.90999984741211,467100,USD,NMS,America/New_York,Yahoo Finance
CEVA,2026-09-16,28.579999923706055,28.579999923706055,26.8799991607666,27.809999465942383,27.809999465942383,462700,USD,NMS,America/New_York,Yahoo Finance
CEVA,2026-09-17,29.010000228881836,29.950000762939453,28.329999923706055,29.829999923706055,29.829999923706055,634700,USD,NMS,America/New_York,Yahoo Finance
CEVA,2026-09-18,30.110000610351562,30.3700008392334,29.389999389648438,30.270000457763672,30.270000457763672,851300,USD,NMS,America/New_York,Yahoo Finance
CEVA,2026-09-21,31.459999084472656,32.54999923706055,31.049999237060547,32.25,32.25,553900,USD,NMS,America/New_York,Yahoo Finance
CEVA,2026-09-22,32.0,33.43000030517578,31.799999237060547,33.36000061035156,33.36000061035156,528300,USD,NMS,America/New_York,Yahoo Finance
CEVA,2026-09-23,33.27000045776367,34.459999084472656,32.869998931884766,33.619998931884766,33.619998931884766,727400,USD,NMS,America/New_York,Yahoo Finance
CEVA,2026-09-24,32.25,34.68000030517578,32.25,34.459999084472656,34.459999084472656,674900,USD,NMS,America/New_York,Yahoo Finance
CEVA,2026-09-25,35.0,36.470001220703125,34.400001525878906,36.20000076293945,36.20000076293945,762700,USD,NMS,America/New_York,Yahoo Finance
CEVA,2026-09-28,35.720001220703125,35.869998931884766,33.959999084472656,34.689998626708984,34.689998626708984,673100,USD,NMS,America/New_York,Yahoo Finance
CHCT,2026-08-21,14.819999694824219,14.930000305175781,14.614999771118164,14.869999885559082,14.869999885559082,240000,USD,NYQ,America/New_York,Yahoo Finance
CHCT,2026-08-24,14.899999618530273,15.175000190734863,14.899999618530273,15.130000114440918,15.130000114440918,368500,USD,NYQ,America/New_York,Yahoo Finance
CHCT,2026-08-25,15.199999809265137,15.220000267028809,14.770000457763672,15.020000457763672,15.020000457763672,330100,USD,NYQ,America/New_York,Yahoo Finance
CHCT,2026-08-26,15.109999656677246,15.1899995803833,14.864999771118164,14.9399995803833,14.9399995803833,241600,USD,NYQ,America/New_York,Yahoo Finance
CHCT,2026-08-27,14.869999885559082,15.09000015258789,14.869999885559082,15.09000015258789,15.09000015258789,344400,USD,NYQ,America/New_York,Yahoo Finance
CHCT,2026-08-28,15.079999923706055,15.15999984741211,14.859999656677246,14.949999809265137,14.949999809265137,366500,USD,NYQ,America/New_York,Yahoo Finance
CHCT,2026-08-31,14.989999771118164,14.989999771118164,14.680000305175781,14.710000038146973,14.710000038146973,1462900,USD,NYQ,America/New_York,Yahoo Finance
CHCT,2026-09-01,14.699999809265137,15.005000114440918,14.699999809265137,14.890000343322754,14.890000343322754,321600,USD,NYQ,America/New_York,Yahoo Finance
CHCT,2026-09-02,14.850000381469727,14.970000267028809,14.805999755859375,14.899999618530273,14.899999618530273,252800,USD,NYQ,America/New_York,Yahoo Finance
CHCT,2026-09-03,14.979999542236328,15.0,14.819999694824219,14.899999618530273,14.899999618530273,182600,USD,NYQ,America/New_York,Yahoo Finance
CHCT,2026-09-04,14.850000381469727,15.109999656677246,14.850000381469727,15.0,15.0,213600,USD,NYQ,America/New_York,Yahoo Finance
CHCT,2026-09-08,14.930000305175781,14.979999542236328,14.760000228881836,14.779999732971191,14.779999732971191,305000,USD,NYQ,America/New_York,Yahoo Finance
CHCT,2026-09-09,14.779999732971191,14.845000267028809,14.430000305175781,14.489999771118164,14.489999771118164,349400,USD,NYQ,America/New_York,Yahoo Finance
CHCT,2026-09-10,14.550000190734863,14.65999984741211,14.449999809265137,14.630000114440918,14.630000114440918,316500,USD,NYQ,America/New_York,Yahoo Finance
CHCT,2026-09-11,14.670000076293945,14.791999816894531,14.5,14.609999656677246,14.609999656677246,241300,USD,NYQ,America/New_York,Yahoo Finance
CHCT,2026-09-14,14.779999732971191,14.845000267028809,14.569999694824219,14.739999771118164,14.739999771118164,306700,USD,NYQ,America/New_York,Yahoo Finance
CHCT,2026-09-15,14.6899995803833,14.6899995803833,14.5,14.649999618530273,14.649999618530273,221700,USD,NYQ,America/New_York,Yahoo Finance
CHCT,2026-09-16,14.680000305175781,14.770000457763672,14.399999618530273,14.65999984741211,14.65999984741211,265900,USD,NYQ,America/New_York,Yahoo Finance
CHCT,2026-09-17,14.720000267028809,14.720000267028809,14.40999984741211,14.420000076293945,14.420000076293945,248700,USD,NYQ,America/New_York,Yahoo Finance
CHCT,2026-09-18,14.380000114440918,14.380000114440918,14.109999656677246,14.170000076293945,14.170000076293945,962900,USD,NYQ,America/New_York,Yahoo Finance
CHCT,2026-09-21,14.229999542236328,14.444999694824219,14.229999542236328,14.380000114440918,14.380000114440918,451100,USD,NYQ,America/New_York,Yahoo Finance
CHCT,2026-09-22,14.449999809265137,14.598999977111816,14.345000267028809,14.430000305175781,14.430000305175781,347300,USD,NYQ,America/New_York,Yahoo Finance
CHCT,2026-09-23,14.390000343322754,14.390000343322754,14.1899995803833,14.270000457763672,14.270000457763672,330900,USD,NYQ,America/New_York,Yahoo Finance
CHCT,2026-09-24,14.279999732971191,14.34000015258789,14.149999618530273,14.3100004196167,14.3100004196167,347700,USD,NYQ,America/New_York,Yahoo Finance
CHCT,2026-09-25,14.3100004196167,14.40999984741211,14.21500015258789,14.40999984741211,14.40999984741211,321100,USD,NYQ,America/New_York,Yahoo Finance
CHCT,2026-09-28,14.350000381469727,14.399999618530273,14.180000305175781,14.3100004196167,14.3100004196167,337800,USD,NYQ,America/New_York,Yahoo Finance
CHCT,2026-09-29,14.25,14.479999542236328,14.180000305175781,14.390000343322754,14.390000343322754,410800,USD,NYQ,America/New_York,Yahoo Finance
CHCT,2026-09-30,14.399999618530273,14.40999984741211,14.170000076293945,14.180000305175781,14.180000305175781,424600,USD,NYQ,America/New_York,Yahoo Finance
CHCT,2026-10-01,14.140000343322754,14.140000343322754,13.880000114440918,14.09000015258789,14.09000015258789,552300,USD,NYQ,America/New_York,Yahoo Finance
CHCT,2026-10-02,14.130000114440918,14.149999618530273,13.609999656677246,13.619999885559082,13.619999885559082,527600,USD,NYQ,America/New_York,Yahoo Finance
CHDN,2026-08-17,90.0,90.51000213623047,88.05999755859375,89.69999694824219,89.69999694824219,905500,USD,NMS,America/New_York,Yahoo Finance
CHDN,2026-08-18,90.51000213623047,90.51000213623047,88.5,88.63999938964844,88.63999938964844,1180200,USD,NMS,America/New_York,Yahoo Finance
CHDN,2026-08-19,89.05000305175781,92.06999969482422,88.9000015258789,91.75,91.75,955300,USD,NMS,America/New_York,Yahoo Finance
CHDN,2026-08-20,91.48999786376953,93.52999877929688,90.68000030517578,93.12000274658203,93.12000274658203,798600,USD,NMS,America/New_York,Yahoo Finance
CHDN,2026-08-21,93.13999938964844,93.91999816894531,91.83999633789062,93.70999908447266,93.70999908447266,931000,USD,NMS,America/New_York,Yahoo Finance
CHDN,2026-08-24,94.0,94.86000061035156,90.61000061035156,90.70999908447266,90.70999908447266,1047400,USD,NMS,America/New_York,Yahoo Finance
CHDN,2026-08-25,90.44999694824219,91.23999786376953,88.56999969482422,88.66999816894531,88.66999816894531,724500,USD,NMS,America/New_York,Yahoo Finance
CHDN,2026-08-26,88.7300033569336,89.31999969482422,86.9800033569336,87.56999969482422,87.56999969482422,843600,USD,NMS,America/New_York,Yahoo Finance
CHDN,2026-08-27,86.9800033569336,87.31999969482422,85.70999908447266,86.51000213623047,86.51000213623047,626300,USD,NMS,America/New_York,Yahoo Finance
CHDN,2026-08-28,86.94000244140625,90.94000244140625,86.94000244140625,89.9000015258789,89.9000015258789,1095200,USD,NMS,America/New_York,Yahoo Finance
CHDN,2026-08-31,89.30999755859375,89.93000030517578,87.37000274658203,87.4800033569336,87.4800033569336,852300,USD,NMS,America/New_York,Yahoo Finance
CHDN,2026-09-01,86.77999877929688,87.30999755859375,85.72000122070312,86.6500015258789,86.6500015258789,1184000,USD,NMS,America/New_York,Yahoo Finance
CHDN,2026-09-02,87.2300033569336,90.20999908447266,86.94000244140625,89.18000030517578,89.18000030517578,1170800,USD,NMS,America/New_York,Yahoo Finance
CHDN,2026-09-03,90.5199966430664,91.44999694824219,89.11000061035156,90.27999877929688,90.27999877929688,824600,USD,NMS,America/New_York,Yahoo Finance
CHDN,2026-09-04,89.66000366210938,90.08000183105469,86.9000015258789,87.06999969482422,87.06999969482422,590800,USD,NMS,America/New_York,Yahoo Finance
CHDN,2026-09-08,87.04000091552734,87.63999938964844,85.52999877929688,85.83000183105469,85.83000183105469,735100,USD,NMS,America/New_York,Yahoo Finance
CHDN,2026-09-09,85.48999786376953,85.5,83.18000030517578,84.12999725341797,84.12999725341797,878600,USD,NMS,America/New_York,Yahoo Finance
CHDN,2026-09-10,83.72000122070312,84.25,81.9800033569336,82.75,82.75,1076500,USD,NMS,America/New_York,Yahoo Finance
CHDN,2026-09-11,83.38999938964844,84.30000305175781,82.22000122070312,83.86000061035156,83.86000061035156,918400,USD,NMS,America/New_York,Yahoo Finance
CHDN,2026-09-14,84.66000366210938,85.22000122070312,82.80000305175781,83.5999984741211,83.5999984741211,1090400,USD,NMS,America/New_York,Yahoo Finance
CHDN,2026-09-15,83.16000366210938,83.43000030517578,80.43000030517578,80.5999984741211,80.5999984741211,1007200,USD,NMS,America/New_York,Yahoo Finance
CHDN,2026-09-16,80.58000183105469,85.4800033569336,79.5,82.6500015258789,82.6500015258789,1896200,USD,NMS,America/New_York,Yahoo Finance
CHDN,2026-09-17,82.94999694824219,83.3499984741211,81.43000030517578,82.22000122070312,82.22000122070312,1408800,USD,NMS,America/New_York,Yahoo Finance
CHDN,2026-09-18,82.22000122070312,82.95999908447266,81.61000061035156,81.91000366210938,81.91000366210938,1953900,USD,NMS,America/New_York,Yahoo Finance
CHDN,2026-09-21,82.20999908447266,83.0999984741211,81.1500015258789,81.91999816894531,81.91999816894531,1145700,USD,NMS,America/New_York,Yahoo Finance
CHDN,2026-09-22,82.88999938964844,83.68000030517578,79.44999694824219,79.48999786376953,79.48999786376953,978200,USD,NMS,America/New_York,Yahoo Finance
CHDN,2026-09-23,79.55999755859375,80.66999816894531,78.37999725341797,80.45999908447266,80.45999908447266,1269800,USD,NMS,America/New_York,Yahoo Finance
CHDN,2026-09-24,80.29000091552734,80.8499984741211,78.08000183105469,79.41000366210938,79.41000366210938,1075300,USD,NMS,America/New_York,Yahoo Finance
CHDN,2026-09-25,79.4800033569336,80.06999969482422,78.94999694824219,79.7699966430664,79.7699966430664,559800,USD,NMS,America/New_York,Yahoo Finance
CHDN,2026-09-28,79.4000015258789,79.4000015258789,74.91999816894531,75.72000122070312,75.72000122070312,1602200,USD,NMS,America/New_York,Yahoo Finance
CHI,2026-08-17,13.319999694824219,13.319999694824219,13.15999984741211,13.260000228881836,13.158082962036133,100000,USD,NGM,America/New_York,Yahoo Finance
CHI,2026-08-18,13.199999809265137,13.229999542236328,13.069999694824219,13.100000381469727,12.999312400817871,135800,USD,NGM,America/New_York,Yahoo Finance
CHI,2026-08-19,13.149999618530273,13.220000267028809,12.979999542236328,13.020000457763672,12.919927597045898,154300,USD,NGM,America/New_York,Yahoo Finance
CHI,2026-08-20,12.9399995803833,12.989999771118164,12.800000190734863,12.890000343322754,12.790926933288574,119500,USD,NGM,America/New_York,Yahoo Finance
CHI,2026-08-21,13.039999961853027,13.079999923706055,12.930000305175781,12.949999809265137,12.850464820861816,227600,USD,NGM,America/New_York,Yahoo Finance
CHI,2026-08-24,12.899999618530273,13.010000228881836,12.75,12.8100004196167,12.711542129516602,127700,USD,NGM,America/New_York,Yahoo Finance
CHI,2026-08-25,13.069999694824219,13.069999694824219,12.819999694824219,12.899999618530273,12.800848960876465,131200,USD,NGM,America/New_York,Yahoo Finance
CHI,2026-08-26,12.869999885559082,12.960000038146973,12.859999656677246,12.890000343322754,12.790926933288574,87300,USD,NGM,America/New_York,Yahoo Finance
CHI,2026-08-27,13.0,13.0600004196167,12.899999618530273,13.010000228881836,12.910004615783691,116000,USD,NGM,America/New_York,Yahoo Finance
CHI,2026-08-28,13.069999694824219,13.079999923706055,12.8100004196167,12.859999656677246,12.761157035827637,72400,USD,NGM,America/New_York,Yahoo Finance
CHI,2026-08-31,12.770000457763672,12.84000015258789,12.65999984741211,12.710000038146973,12.612310409545898,141200,USD,NGM,America/New_York,Yahoo Finance
CHI,2026-09-01,12.649999618530273,12.649999618530273,12.390000343322754,12.420000076293945,12.324539184570312,188500,USD,NGM,America/New_York,Yahoo Finance
CHI,2026-09-02,12.420000076293945,12.65999984741211,12.350000381469727,12.40999984741211,12.314615249633789,139100,USD,NGM,America/New_York,Yahoo Finance
CHI,2026-09-03,12.489999771118164,12.819999694824219,12.359999656677246,12.520000457763672,12.423770904541016,214900,USD,NGM,America/New_York,Yahoo Finance
CHI,2026-09-04,12.550000190734863,12.5600004196167,12.479999542236328,12.529999732971191,12.433692932128906,138400,USD,NGM,America/New_York,Yahoo Finance
CHI,2026-09-08,12.5600004196167,12.630000114440918,12.520000457763672,12.5600004196167,12.463462829589844,118900,USD,NGM,America/New_York,Yahoo Finance
CHI,2026-09-09,12.550000190734863,12.600000381469727,12.479999542236328,12.489999771118164,12.394001007080078,81300,USD,NGM,America/New_York,Yahoo Finance
CHI,2026-09-10,12.420000076293945,12.5,12.350000381469727,12.369999885559082,12.274923324584961,73900,USD,NGM,America/New_York,Yahoo Finance
CHI,2026-09-11,12.479999542236328,12.5600004196167,12.319999694824219,12.359999656677246,12.264999389648438,138400,USD,NGM,America/New_York,Yahoo Finance
CHI,2026-09-14,12.199999809265137,12.229999542236328,11.949999809265137,12.170000076293945,12.170000076293945,202300,USD,NGM,America/New_York,Yahoo Finance
CHI,2026-09-15,12.119999885559082,12.199999809265137,11.899999618530273,11.930000305175781,11.930000305175781,187400,USD,NGM,America/New_York,Yahoo Finance
CHI,2026-09-16,12.0600004196167,12.15999984741211,11.9399995803833,12.029999732971191,12.029999732971191,175300,USD,NGM,America/New_York,Yahoo Finance
CHI,2026-09-17,12.210000038146973,12.229999542236328,12.010000228881836,12.119999885559082,12.119999885559082,208100,USD,NGM,America/New_York,Yahoo Finance
CHI,2026-09-18,12.180000305175781,12.25,11.9399995803833,12.130000114440918,12.130000114440918,147200,USD,NGM,America/New_York,Yahoo Finance
CHI,2026-09-21,12.3100004196167,12.489999771118164,12.260000228881836,12.4399995803833,12.4399995803833,296100,USD,NGM,America/New_York,Yahoo Finance
CHI,2026-09-22,12.359999656677246,12.479999542236328,12.239999771118164,12.319999694824219,12.319999694824219,139900,USD,NGM,America/New_York,Yahoo Finance
CHI,2026-09-23,12.300000190734863,12.319999694824219,12.050000190734863,12.050000190734863,12.050000190734863,120700,USD,NGM,America/New_York,Yahoo Finance
CHI,2026-09-24,12.050000190734863,12.09000015258789,11.880000114440918,12.010000228881836,12.010000228881836,130300,USD,NGM,America/New_York,Yahoo Finance
CHI,2026-09-25,11.960000038146973,12.109999656677246,11.880000114440918,11.899999618530273,11.899999618530273,143200,USD,NGM,America/New_York,Yahoo Finance
CHI,2026-09-28,11.880000114440918,11.880000114440918,11.359999656677246,11.359999656677246,11.359999656677246,303500,USD,NGM,America/New_York,Yahoo Finance
CHMG,2026-08-21,82.93000030517578,83.33999633789062,81.70999908447266,82.68000030517578,82.32374572753906,48800,USD,NMS,America/New_York,Yahoo Finance
CHMG,2026-08-24,82.36000061035156,84.06999969482422,82.36000061035156,82.58000183105469,82.22418212890625,47800,USD,NMS,America/New_York,Yahoo Finance
CHMG,2026-08-25,82.52999877929688,82.80000305175781,81.04000091552734,82.5999984741211,82.24408721923828,51000,USD,NMS,America/New_York,Yahoo Finance
CHMG,2026-08-26,82.87999725341797,82.87999725341797,80.43000030517578,80.86000061035156,80.51158905029297,68600,USD,NMS,America/New_York,Yahoo Finance
CHMG,2026-08-27,80.7300033569336,82.11000061035156,80.01000213623047,81.4800033569336,81.12892150878906,70700,USD,NMS,America/New_York,Yahoo Finance
CHMG,2026-08-28,82.18000030517578,82.6500015258789,81.2699966430664,81.5999984741211,81.24839782714844,37600,USD,NMS,America/New_York,Yahoo Finance
CHMG,2026-08-31,81.18000030517578,81.51000213623047,80.62999725341797,81.06999969482422,80.7206802368164,52500,USD,NMS,America/New_York,Yahoo Finance
CHMG,2026-09-01,81.30000305175781,82.33999633789062,79.7699966430664,79.88999938964844,79.54576873779297,29200,USD,NMS,America/New_York,Yahoo Finance
CHMG,2026-09-02,81.37000274658203,84.73999786376953,79.94999694824219,83.9000015258789,83.53849029541016,104600,USD,NMS,America/New_York,Yahoo Finance
CHMG,2026-09-03,84.58999633789062,85.22000122070312,83.81999969482422,84.56999969482422,84.20560455322266,25300,USD,NMS,America/New_York,Yahoo Finance
CHMG,2026-09-04,84.56999969482422,84.83999633789062,83.83999633789062,84.83999633789062,84.47443389892578,53300,USD,NMS,America/New_York,Yahoo Finance
CHMG,2026-09-08,84.83000183105469,85.0,83.4000015258789,84.43000030517578,84.06620788574219,112000,USD,NMS,America/New_York,Yahoo Finance
CHMG,2026-09-09,83.5,84.5999984741211,83.0199966430664,83.9000015258789,83.53849029541016,59700,USD,NMS,America/New_York,Yahoo Finance
CHMG,2026-09-10,84.04000091552734,85.02999877929688,83.37999725341797,84.80999755859375,84.44456481933594,64300,USD,NMS,America/New_York,Yahoo Finance
CHMG,2026-09-11,85.0,86.0,84.36000061035156,85.0999984741211,84.73331451416016,59900,USD,NMS,America/New_York,Yahoo Finance
CHMG,2026-09-14,85.44000244140625,85.6500015258789,84.16000366210938,84.98999786376953,84.62379455566406,75800,USD,NMS,America/New_York,Yahoo Finance
CHMG,2026-09-15,84.3499984741211,85.4000015258789,84.1500015258789,85.2300033569336,84.86276245117188,92500,USD,NMS,America/New_York,Yahoo Finance
CHMG,2026-09-16,84.62999725341797,85.06999969482422,81.94999694824219,83.55000305175781,83.19000244140625,88000,USD,NMS,America/New_York,Yahoo Finance
CHMG,2026-09-17,83.61000061035156,84.56999969482422,81.98999786376953,82.68000030517578,82.68000030517578,82800,USD,NMS,America/New_York,Yahoo Finance
CHMG,2026-09-18,82.05000305175781,85.01000213623047,81.5999984741211,82.97000122070312,82.97000122070312,116600,USD,NMS,America/New_York,Yahoo Finance
CHMG,2026-09-21,83.0,83.41000366210938,82.04000091552734,82.37999725341797,82.37999725341797,80400,USD,NMS,America/New_York,Yahoo Finance
CHMG,2026-09-22,82.37999725341797,82.98999786376953,81.05999755859375,81.97000122070312,81.97000122070312,66100,USD,NMS,America/New_York,Yahoo Finance
CHMG,2026-09-23,81.51000213623047,82.0999984741211,81.13999938964844,81.22000122070312,81.22000122070312,40800,USD,NMS,America/New_York,Yahoo Finance
CHMG,2026-09-24,81.52999877929688,82.30999755859375,80.75,82.08999633789062,82.08999633789062,93000,USD,NMS,America/New_York,Yahoo Finance
CHMG,2026-09-25,82.63999938964844,83.51000213623047,81.87000274658203,82.0,82.0,69300,USD,NMS,America/New_York,Yahoo Finance
CHMG,2026-09-28,81.93000030517578,82.4000015258789,81.4000015258789,81.7300033569336,81.7300033569336,75600,USD,NMS,America/New_York,Yahoo Finance
CHMG,2026-09-29,81.6500015258789,82.02999877929688,79.4000015258789,81.33999633789062,81.33999633789062,130600,USD,NMS,America/New_York,Yahoo Finance
CHMG,2026-09-30,81.12000274658203,81.83999633789062,80.12000274658203,80.86000061035156,80.86000061035156,98400,USD,NMS,America/New_York,Yahoo Finance
CHMG,2026-10-01,80.86000061035156,80.86000061035156,78.94000244140625,80.61000061035156,80.61000061035156,58700,USD,NMS,America/New_York,Yahoo Finance
CHMG,2026-10-02,81.19000244140625,82.25,81.19000244140625,81.93000030517578,81.93000030517578,47100,USD,NMS,America/New_York,Yahoo Finance
CHRN,2026-08-17,20.68000030517578,22.68000030517578,20.55900001525879,22.190000534057617,22.190000534057617,107400,USD,NCM,America/New_York,Yahoo Finance
CHRN,2026-08-18,21.56999969482422,24.027000427246094,20.799999237060547,23.530000686645508,23.530000686645508,161600,USD,NCM,America/New_York,Yahoo Finance
CHRN,2026-08-19,23.510000228881836,24.985000610351562,21.7450008392334,23.700000762939453,23.700000762939453,235600,USD,NCM,America/New_York,Yahoo Finance
CHRN,2026-08-20,24.610000610351562,24.829999923706055,23.299999237060547,24.100000381469727,24.100000381469727,205100,USD,NCM,America/New_York,Yahoo Finance
CHRN,2026-08-21,24.489999771118164,24.899999618530273,23.600000381469727,23.844999313354492,23.844999313354492,133400,USD,NCM,America/New_York,Yahoo Finance
CHRN,2026-08-24,23.0,25.0,22.270000457763672,22.56999969482422,22.56999969482422,122700,USD,NCM,America/New_York,Yahoo Finance
CHRN,2026-08-25,22.860000610351562,23.729999542236328,21.25,21.440000534057617,21.440000534057617,224100,USD,NCM,America/New_York,Yahoo Finance
CHRN,2026-08-26,21.350000381469727,22.135000228881836,20.139999389648438,21.149999618530273,21.149999618530273,121000,USD,NCM,America/New_York,Yahoo Finance
CHRN,2026-08-27,22.360000610351562,24.3700008392334,20.649999618530273,20.735000610351562,20.735000610351562,258200,USD,NCM,America/New_York,Yahoo Finance
CHRN,2026-08-28,21.540000915527344,22.219999313354492,18.540000915527344,18.739999771118164,18.739999771118164,204300,USD,NCM,America/New_York,Yahoo Finance
CHRN,2026-08-31,19.459999084472656,19.459999084472656,17.399999618530273,18.18000030517578,18.18000030517578,194100,USD,NCM,America/New_York,Yahoo Finance
CHRN,2026-09-01,17.899999618530273,18.299999237060547,17.299999237060547,17.65999984741211,17.65999984741211,153900,USD,NCM,America/New_York,Yahoo Finance
CHRN,2026-09-02,17.600000381469727,19.350000381469727,17.549999237060547,19.010000228881836,19.010000228881836,110400,USD,NCM,America/New_York,Yahoo Finance
CHRN,2026-09-03,19.010000228881836,20.65999984741211,18.795000076293945,20.079999923706055,20.079999923706055,149900,USD,NCM,America/New_York,Yahoo Finance
CHRN,2026-09-04,19.600000381469727,20.59000015258789,19.510000228881836,20.260000228881836,20.260000228881836,138600,USD,NCM,America/New_York,Yahoo Finance
CHRN,2026-09-08,20.06999969482422,22.0,19.649999618530273,21.059999465942383,21.059999465942383,147900,USD,NCM,America/New_York,Yahoo Finance
CHRN,2026-09-09,20.8700008392334,21.229999542236328,17.875,18.18000030517578,18.18000030517578,325500,USD,NCM,America/New_York,Yahoo Finance
CHRN,2026-09-10,18.0,18.61400032043457,17.760000228881836,17.969999313354492,17.969999313354492,101300,USD,NCM,America/New_York,Yahoo Finance
CHRN,2026-09-11,18.15999984741211,19.18000030517578,18.0,19.0,19.0,93500,USD,NCM,America/New_York,Yahoo Finance
CHRN,2026-09-14,18.139999389648438,19.530000686645508,18.0,18.809999465942383,18.809999465942383,95400,USD,NCM,America/New_York,Yahoo Finance
CHRN,2026-09-15,18.790000915527344,19.378000259399414,17.780000686645508,17.860000610351562,17.860000610351562,62100,USD,NCM,America/New_York,Yahoo Finance
CHRN,2026-09-16,18.15999984741211,18.780000686645508,17.895000457763672,18.649999618530273,18.649999618530273,65300,USD,NCM,America/New_York,Yahoo Finance
CHRN,2026-09-17,18.799999237060547,20.3799991607666,18.68000030517578,20.1299991607666,20.1299991607666,128900,USD,NCM,America/New_York,Yahoo Finance
CHRN,2026-09-18,20.170000076293945,20.690000534057617,19.5,20.420000076293945,20.420000076293945,118100,USD,NCM,America/New_York,Yahoo Finance
CHRN,2026-09-21,20.760000228881836,21.850000381469727,20.53700065612793,21.690000534057617,21.690000534057617,120800,USD,NCM,America/New_York,Yahoo Finance
CHRN,2026-09-22,21.540000915527344,22.389999389648438,21.1200008392334,21.200000762939453,21.200000762939453,153600,USD,NCM,America/New_York,Yahoo Finance
CHRN,2026-09-23,21.350000381469727,21.780000686645508,20.0,20.510000228881836,20.510000228881836,75200,USD,NCM,America/New_York,Yahoo Finance
CHRN,2026-09-24,20.270000457763672,22.58300018310547,20.270000457763672,21.850000381469727,21.850000381469727,169800,USD,NCM,America/New_York,Yahoo Finance
CHRN,2026-09-25,21.989999771118164,21.989999771118164,19.649999618530273,19.850000381469727,19.850000381469727,169000,USD,NCM,America/New_York,Yahoo Finance
CHRN,2026-09-28,19.510000228881836,20.200000762939453,19.0,19.815000534057617,19.815000534057617,92800,USD,NCM,America/New_York,Yahoo Finance
CHRW,2026-08-17,149.77000427246094,150.36000061035156,143.2899932861328,144.77999877929688,144.158203125,1840800,USD,NMS,America/New_York,Yahoo Finance
CHRW,2026-08-18,144.94000244140625,147.25,143.52999877929688,144.6699981689453,144.04867553710938,1317300,USD,NMS,America/New_York,Yahoo Finance
CHRW,2026-08-19,145.80999755859375,147.5,144.07000732421875,144.52000427246094,143.89932250976562,1127800,USD,NMS,America/New_York,Yahoo Finance
CHRW,2026-08-20,144.9199981689453,145.50999450683594,143.16000366210938,143.8300018310547,143.2122802734375,1140500,USD,NMS,America/New_York,Yahoo Finance
CHRW,2026-08-21,144.1699981689453,145.25,141.24000549316406,141.6300048828125,141.02174377441406,1034300,USD,NMS,America/New_York,Yahoo Finance
CHRW,2026-08-24,141.6300048828125,143.77999877929688,141.57000732421875,142.86000061035156,142.24644470214844,1095900,USD,NMS,America/New_York,Yahoo Finance
CHRW,2026-08-25,142.69000244140625,145.22999572753906,142.4600067138672,143.66000366210938,143.0430145263672,1002400,USD,NMS,America/New_York,Yahoo Finance
CHRW,2026-08-26,143.86000061035156,153.25,143.75999450683594,151.72999572753906,151.07835388183594,1932900,USD,NMS,America/New_York,Yahoo Finance
CHRW,2026-08-27,150.8800048828125,153.0800018310547,149.35000610351562,151.13999938964844,150.4908905029297,1595200,USD,NMS,America/New_York,Yahoo Finance
CHRW,2026-08-28,152.32000732421875,152.94000244140625,149.6300048828125,150.38999938964844,149.74411010742188,878300,USD,NMS,America/New_York,Yahoo Finance
CHRW,2026-08-31,150.08999633789062,151.49000549316406,148.86000061035156,149.66000366210938,149.0172576904297,1411000,USD,NMS,America/New_York,Yahoo Finance
CHRW,2026-09-01,150.27000427246094,151.08999633789062,146.3699951171875,147.8800048828125,147.24490356445312,1139600,USD,NMS,America/New_York,Yahoo Finance
CHRW,2026-09-02,147.9199981689453,148.0500030517578,145.0,145.1999969482422,144.57640075683594,1082000,USD,NMS,America/New_York,Yahoo Finance
CHRW,2026-09-03,146.77999877929688,147.6300048828125,144.02000427246094,146.69000244140625,146.05999755859375,769300,USD,NMS,America/New_York,Yahoo Finance
CHRW,2026-09-04,145.30999755859375,147.85000610351562,144.74000549316406,147.63999938964844,147.63999938964844,1116200,USD,NMS,America/New_York,Yahoo Finance
CHRW,2026-09-08,149.47999572753906,152.22999572753906,147.4499969482422,150.10000610351562,150.10000610351562,1275500,USD,NMS,America/New_York,Yahoo Finance
CHRW,2026-09-09,151.39999389648438,154.13999938964844,150.10000610351562,150.4499969482422,150.4499969482422,2174800,USD,NMS,America/New_York,Yahoo Finance
CHRW,2026-09-10,150.64999389648438,152.83999633789062,150.2100067138672,152.4199981689453,152.4199981689453,1695300,USD,NMS,America/New_York,Yahoo Finance
CHRW,2026-09-11,152.4199981689453,155.0,151.8000030517578,152.77999877929688,152.77999877929688,884800,USD,NMS,America/New_York,Yahoo Finance
CHRW,2026-09-14,152.77999877929688,157.82000732421875,151.92999267578125,157.30999755859375,157.30999755859375,1659500,USD,NMS,America/New_York,Yahoo Finance
CHRW,2026-09-15,156.8699951171875,158.07000732421875,155.4600067138672,157.6300048828125,157.6300048828125,1253100,USD,NMS,America/New_York,Yahoo Finance
CHRW,2026-09-16,155.60000610351562,156.33999633789062,152.11000061035156,153.47000122070312,153.47000122070312,1584000,USD,NMS,America/New_York,Yahoo Finance
CHRW,2026-09-17,154.5,154.6999969482422,151.60000610351562,153.82000732421875,153.82000732421875,1102800,USD,NMS,America/New_York,Yahoo Finance
CHRW,2026-09-18,153.5,153.85000610351562,151.97999572753906,152.99000549316406,152.99000549316406,2042500,USD,NMS,America/New_York,Yahoo Finance
CHRW,2026-09-21,153.66000366210938,154.97999572753906,149.9499969482422,152.83999633789062,152.83999633789062,1397900,USD,NMS,America/New_York,Yahoo Finance
CHRW,2026-09-22,153.17999267578125,154.1199951171875,148.0500030517578,149.55999755859375,149.55999755859375,2586900,USD,NMS,America/New_York,Yahoo Finance
CHRW,2026-09-23,149.80999755859375,151.39999389648438,147.38999938964844,149.6699981689453,149.6699981689453,1267300,USD,NMS,America/New_York,Yahoo Finance
CHRW,2026-09-24,148.72000122070312,150.3699951171875,145.8800048828125,146.1999969482422,146.1999969482422,1495900,USD,NMS,America/New_York,Yahoo Finance
CHRW,2026-09-25,145.97999572753906,147.5500030517578,145.39999389648438,147.10000610351562,147.10000610351562,1152000,USD,NMS,America/New_York,Yahoo Finance
CHRW,2026-09-28,146.22999572753906,148.97999572753906,145.02000427246094,148.24000549316406,148.24000549316406,987100,USD,NMS,America/New_York,Yahoo Finance
CLSK,2026-08-17,12.029999732971191,12.545000076293945,11.930000305175781,12.399999618530273,12.399999618530273,17991200,USD,NCM,America/New_York,Yahoo Finance
CLSK,2026-08-18,12.109999656677246,12.20199966430664,11.489999771118164,11.729999542236328,11.729999542236328,16828100,USD,NCM,America/New_York,Yahoo Finance
CLSK,2026-08-19,11.734999656677246,12.204999923706055,11.024999618530273,11.670000076293945,11.670000076293945,25132500,USD,NCM,America/New_York,Yahoo Finance
CLSK,2026-08-20,12.380000114440918,12.75,12.0,12.600000381469727,12.600000381469727,27637900,USD,NCM,America/New_York,Yahoo Finance
CLSK,2026-08-21,13.145000457763672,13.34000015258789,11.725000381469727,11.979999542236328,11.979999542236328,28225800,USD,NCM,America/New_York,Yahoo Finance
CLSK,2026-08-24,11.850000381469727,12.414999961853027,11.699999809265137,11.930000305175781,11.930000305175781,18683500,USD,NCM,America/New_York,Yahoo Finance
CLSK,2026-08-25,11.869999885559082,12.895000457763672,11.800000190734863,12.75,12.75,18833600,USD,NCM,America/New_York,Yahoo Finance
CLSK,2026-08-26,12.420000076293945,12.664999961853027,12.050000190734863,12.180000305175781,12.180000305175781,15196400,USD,NCM,America/New_York,Yahoo Finance
CLSK,2026-08-27,12.5,13.315999984741211,12.359999656677246,12.949999809265137,12.949999809265137,19050200,USD,NCM,America/New_York,Yahoo Finance
CLSK,2026-08-28,12.579999923706055,12.65999984741211,11.515000343322754,11.65999984741211,11.65999984741211,20065900,USD,NCM,America/New_York,Yahoo Finance
CLSK,2026-08-31,11.609999656677246,11.649999618530273,11.3100004196167,11.619999885559082,11.619999885559082,10323900,USD,NCM,America/New_York,Yahoo Finance
CLSK,2026-09-01,11.319999694824219,11.449999809265137,10.949999809265137,11.0600004196167,11.0600004196167,11974700,USD,NCM,America/New_York,Yahoo Finance
CLSK,2026-09-02,10.890000343322754,11.390000343322754,10.770000457763672,11.329999923706055,11.329999923706055,10457700,USD,NCM,America/New_York,Yahoo Finance
CLSK,2026-09-03,11.420000076293945,12.65999984741211,11.3100004196167,12.579999923706055,12.579999923706055,23534000,USD,NCM,America/New_York,Yahoo Finance
CLSK,2026-09-04,12.260000228881836,12.755000114440918,12.260000228881836,12.6899995803833,12.6899995803833,15842500,USD,NCM,America/New_York,Yahoo Finance
CLSK,2026-09-08,12.699999809265137,13.6899995803833,12.529999732971191,13.479999542236328,13.479999542236328,18709600,USD,NCM,America/New_York,Yahoo Finance
CLSK,2026-09-09,13.729999542236328,13.8100004196167,13.180000305175781,13.279999732971191,13.279999732971191,14087700,USD,NCM,America/New_York,Yahoo Finance
CLSK,2026-09-10,12.869999885559082,13.489999771118164,12.579999923706055,12.800000190734863,12.800000190734863,13571800,USD,NCM,America/New_York,Yahoo Finance
CLSK,2026-09-11,12.970000267028809,14.029999732971191,12.829999923706055,13.670000076293945,13.670000076293945,21641400,USD,NCM,America/New_York,Yahoo Finance
CLSK,2026-09-14,12.765000343322754,13.645000457763672,12.579999923706055,13.270000457763672,13.270000457763672,18549400,USD,NCM,America/New_York,Yahoo Finance
CLSK,2026-09-15,13.069999694824219,13.170000076293945,12.359999656677246,12.619999885559082,12.619999885559082,15287700,USD,NCM,America/New_York,Yahoo Finance
CLSK,2026-09-16,12.84000015258789,13.225000381469727,12.4399995803833,12.789999961853027,12.789999961853027,14524900,USD,NCM,America/New_York,Yahoo Finance
CLSK,2026-09-17,13.470000267028809,13.670000076293945,12.609999656677246,13.350000381469727,13.350000381469727,17843100,USD,NCM,America/New_York,Yahoo Finance
CLSK,2026-09-18,13.770000457763672,14.489999771118164,13.390000343322754,14.470000267028809,14.470000267028809,29674700,USD,NCM,America/New_York,Yahoo Finance
CLSK,2026-09-21,15.114999771118164,15.180000305175781,14.680000305175781,14.760000228881836,14.760000228881836,23239400,USD,NCM,America/New_York,Yahoo Finance
CLSK,2026-09-22,14.5,15.265000343322754,14.359999656677246,15.140000343322754,15.140000343322754,16802000,USD,NCM,America/New_York,Yahoo Finance
CLSK,2026-09-23,15.020000457763672,15.220000267028809,14.430000305175781,14.460000038146973,14.460000038146973,16916700,USD,NCM,America/New_York,Yahoo Finance
CLSK,2026-09-24,14.09000015258789,14.75,13.979999542236328,14.260000228881836,14.260000228881836,17933100,USD,NCM,America/New_York,Yahoo Finance
CLSK,2026-09-25,14.279999732971191,14.279999732971191,13.479999542236328,13.949999809265137,13.949999809265137,17283000,USD,NCM,America/New_York,Yahoo Finance
CLSK,2026-09-28,13.8100004196167,13.979999542236328,13.319999694824219,13.34000015258789,13.34000015258789,11375900,USD,NCM,America/New_York,Yahoo Finance
CLYM,2026-08-21,17.260000228881836,17.709999084472656,17.0,17.280000686645508,17.280000686645508,957400,USD,NGM,America/New_York,Yahoo Finance
CLYM,2026-08-24,17.270000457763672,17.40999984741211,16.049999237060547,16.399999618530273,16.399999618530273,1177800,USD,NGM,America/New_York,Yahoo Finance
CLYM,2026-08-25,16.75,18.329999923706055,16.75,17.84000015258789,17.84000015258789,1203100,USD,NGM,America/New_York,Yahoo Finance
CLYM,2026-08-26,17.719999313354492,17.799999237060547,16.010000228881836,16.079999923706055,16.079999923706055,1392100,USD,NGM,America/New_York,Yahoo Finance
CLYM,2026-08-27,16.09000015258789,16.329999923706055,14.9350004196167,15.0600004196167,15.0600004196167,1552500,USD,NGM,America/New_York,Yahoo Finance
CLYM,2026-08-28,14.859999656677246,15.130000114440918,14.369999885559082,14.569999694824219,14.569999694824219,840700,USD,NGM,America/New_York,Yahoo Finance
CLYM,2026-08-31,14.579999923706055,14.694999694824219,13.489999771118164,13.729999542236328,13.729999542236328,1437100,USD,NGM,America/New_York,Yahoo Finance
CLYM,2026-09-01,13.880000114440918,15.029999732971191,13.09000015258789,14.819999694824219,14.819999694824219,1972500,USD,NGM,America/New_York,Yahoo Finance
CLYM,2026-09-02,14.789999961853027,15.289999961853027,14.399999618530273,15.050000190734863,15.050000190734863,2214700,USD,NGM,America/New_York,Yahoo Finance
CLYM,2026-09-03,13.960000038146973,15.390000343322754,13.600000381469727,14.59000015258789,14.59000015258789,5527000,USD,NGM,America/New_York,Yahoo Finance
CLYM,2026-09-04,14.489999771118164,15.960000038146973,14.279999732971191,15.520000457763672,15.520000457763672,1495300,USD,NGM,America/New_York,Yahoo Finance
CLYM,2026-09-08,15.619999885559082,16.079999923706055,15.130000114440918,15.899999618530273,15.899999618530273,918200,USD,NGM,America/New_York,Yahoo Finance
CLYM,2026-09-09,15.819999694824219,16.173999786376953,14.960000038146973,15.050000190734863,15.050000190734863,1633100,USD,NGM,America/New_York,Yahoo Finance
CLYM,2026-09-10,14.829999923706055,15.069999694824219,14.15999984741211,14.949999809265137,14.949999809265137,1494600,USD,NGM,America/New_York,Yahoo Finance
CLYM,2026-09-11,15.210000038146973,15.444999694824219,14.09000015258789,14.25,14.25,1378200,USD,NGM,America/New_York,Yahoo Finance
CLYM,2026-09-14,14.489999771118164,14.960000038146973,14.300000190734863,14.5600004196167,14.5600004196167,1094900,USD,NGM,America/New_York,Yahoo Finance
CLYM,2026-09-15,14.704999923706055,14.704999923706055,13.375,13.90999984741211,13.90999984741211,1552500,USD,NGM,America/New_York,Yahoo Finance
CLYM,2026-09-16,14.0,14.550000190734863,13.864999771118164,14.109999656677246,14.109999656677246,2622000,USD,NGM,America/New_York,Yahoo Finance
CLYM,2026-09-17,14.489999771118164,14.654999732971191,13.765000343322754,14.0600004196167,14.0600004196167,1401600,USD,NGM,America/New_York,Yahoo Finance
CLYM,2026-09-18,14.149999618530273,14.4399995803833,13.920000076293945,14.050000190734863,14.050000190734863,4049700,USD,NGM,America/New_York,Yahoo Finance
CLYM,2026-09-21,14.130000114440918,14.229999542236328,13.545000076293945,13.640000343322754,13.640000343322754,1222200,USD,NGM,America/New_York,Yahoo Finance
CLYM,2026-09-22,13.75,14.289999961853027,13.630000114440918,14.210000038146973,14.210000038146973,930000,USD,NGM,America/New_York,Yahoo Finance
CLYM,2026-09-23,14.289999961853027,14.390000343322754,12.0600004196167,12.520000457763672,12.520000457763672,2140800,USD,NGM,America/New_York,Yahoo Finance
CLYM,2026-09-24,12.350000381469727,12.420000076293945,11.380000114440918,11.890000343322754,11.890000343322754,1871600,USD,NGM,America/New_York,Yahoo Finance
CLYM,2026-09-25,11.890000343322754,11.920000076293945,11.529999732971191,11.65999984741211,11.65999984741211,1532900,USD,NGM,America/New_York,Yahoo Finance
CLYM,2026-09-28,11.569999694824219,11.930000305175781,11.390000343322754,11.739999771118164,11.739999771118164,811000,USD,NGM,America/New_York,Yahoo Finance
CLYM,2026-09-29,11.789999961853027,11.805000305175781,11.3100004196167,11.5,11.5,1140400,USD,NGM,America/New_York,Yahoo Finance
CLYM,2026-09-30,11.6899995803833,11.930000305175781,11.319999694824219,11.470000267028809,11.470000267028809,1411200,USD,NGM,America/New_York,Yahoo Finance
CLYM,2026-10-01,11.390000343322754,11.670000076293945,11.029999732971191,11.069999694824219,11.069999694824219,953000,USD,NGM,America/New_York,Yahoo Finance
CLYM,2026-10-02,11.289999961853027,11.289999961853027,10.729999542236328,10.9399995803833,10.9399995803833,1574900,USD,NGM,America/New_York,Yahoo Finance
CNK,2026-08-17,37.18000030517578,37.79999923706055,37.099998474121094,37.52000045776367,37.429710388183594,1628100,USD,NYQ,America/New_York,Yahoo Finance
CNK,2026-08-18,37.79999923706055,37.79999923706055,36.58000183105469,36.70000076293945,36.61168670654297,1447400,USD,NYQ,America/New_York,Yahoo Finance
CNK,2026-08-19,37.02000045776367,37.849998474121094,36.79999923706055,37.31999969482422,37.23019027709961,1711900,USD,NYQ,America/New_York,Yahoo Finance
CNK,2026-08-20,37.08000183105469,37.9900016784668,36.790000915527344,36.88999938964844,36.80122756958008,1328800,USD,NYQ,America/New_York,Yahoo Finance
CNK,2026-08-21,36.97999954223633,37.2599983215332,36.470001220703125,36.599998474121094,36.511924743652344,3149100,USD,NYQ,America/New_York,Yahoo Finance
CNK,2026-08-24,36.939998626708984,38.83000183105469,36.79999923706055,38.400001525878906,38.307594299316406,2991300,USD,NYQ,America/New_York,Yahoo Finance
CNK,2026-08-25,38.29999923706055,38.45000076293945,37.33000183105469,37.400001525878906,37.310001373291016,1681000,USD,NYQ,America/New_York,Yahoo Finance
CNK,2026-08-26,37.16999816894531,37.88999938964844,36.68000030517578,37.099998474121094,37.099998474121094,1765600,USD,NYQ,America/New_York,Yahoo Finance
CNK,2026-08-27,36.70000076293945,37.119998931884766,36.130001068115234,36.59000015258789,36.59000015258789,1628800,USD,NYQ,America/New_York,Yahoo Finance
CNK,2026-08-28,36.790000915527344,37.18000030517578,35.959999084472656,35.9900016784668,35.9900016784668,2456900,USD,NYQ,America/New_York,Yahoo Finance
CNK,2026-08-31,36.16999816894531,36.38999938964844,35.52000045776367,35.61000061035156,35.61000061035156,1776100,USD,NYQ,America/New_York,Yahoo Finance
CNK,2026-09-01,35.5,35.61000061035156,34.709999084472656,34.779998779296875,34.779998779296875,3563200,USD,NYQ,America/New_York,Yahoo Finance
CNK,2026-09-02,35.18000030517578,36.060001373291016,35.0,35.189998626708984,35.189998626708984,3660100,USD,NYQ,America/New_York,Yahoo Finance
CNK,2026-09-03,35.540000915527344,35.84000015258789,34.83000183105469,34.9900016784668,34.9900016784668,1465600,USD,NYQ,America/New_York,Yahoo Finance
CNK,2026-09-04,35.02000045776367,35.650001525878906,34.84000015258789,35.040000915527344,35.040000915527344,1480800,USD,NYQ,America/New_York,Yahoo Finance
CNK,2026-09-08,34.43000030517578,36.189998626708984,34.290000915527344,36.16999816894531,36.16999816894531,2116900,USD,NYQ,America/New_York,Yahoo Finance
CNK,2026-09-09,36.060001373291016,36.20000076293945,35.0099983215332,35.349998474121094,35.349998474121094,2295400,USD,NYQ,America/New_York,Yahoo Finance
CNK,2026-09-10,35.25,35.90999984741211,34.86000061035156,35.150001525878906,35.150001525878906,1532300,USD,NYQ,America/New_York,Yahoo Finance
CNK,2026-09-11,35.5,35.630001068115234,34.86000061035156,35.08000183105469,35.08000183105469,1417100,USD,NYQ,America/New_York,Yahoo Finance
CNK,2026-09-14,35.0,35.56999969482422,34.7599983215332,34.83000183105469,34.83000183105469,1485600,USD,NYQ,America/New_York,Yahoo Finance
CNK,2026-09-15,34.68000030517578,34.95000076293945,33.70000076293945,33.93000030517578,33.93000030517578,1993300,USD,NYQ,America/New_York,Yahoo Finance
CNK,2026-09-16,33.849998474121094,34.40999984741211,33.77000045776367,34.029998779296875,34.029998779296875,1729500,USD,NYQ,America/New_York,Yahoo Finance
CNK,2026-09-17,34.099998474121094,34.65999984741211,33.86000061035156,34.52000045776367,34.52000045776367,2106400,USD,NYQ,America/New_York,Yahoo Finance
CNK,2026-09-18,34.5099983215332,35.04999923706055,34.33000183105469,34.9900016784668,34.9900016784668,3113000,USD,NYQ,America/New_York,Yahoo Finance
CNK,2026-09-21,35.130001068115234,36.41999816894531,35.060001373291016,36.25,36.25,3080900,USD,NYQ,America/New_York,Yahoo Finance
CNK,2026-09-22,36.790000915527344,36.93000030517578,35.7599983215332,35.880001068115234,35.880001068115234,3781200,USD,NYQ,America/New_York,Yahoo Finance
CNK,2026-09-23,35.709999084472656,36.540000915527344,35.68000030517578,35.790000915527344,35.790000915527344,1861400,USD,NYQ,America/New_York,Yahoo Finance
CNK,2026-09-24,35.86000061035156,37.2400016784668,35.52000045776367,36.97999954223633,36.97999954223633,2320800,USD,NYQ,America/New_York,Yahoo Finance
CNK,2026-09-25,36.9900016784668,38.09000015258789,36.439998626708984,37.77000045776367,37.77000045776367,2212900,USD,NYQ,America/New_York,Yahoo Finance
CNK,2026-09-28,37.650001525878906,39.06999969482422,37.2599983215332,38.380001068115234,38.380001068115234,2526700,USD,NYQ,America/New_York,Yahoo Finance
COE,2026-08-21,15.760000228881836,17.142000198364258,15.760000228881836,16.43000030517578,16.43000030517578,12700,USD,ASE,America/New_York,Yahoo Finance
COE,2026-08-24,17.25,17.25,16.579999923706055,16.799999237060547,16.799999237060547,11300,USD,ASE,America/New_York,Yahoo Finance
COE,2026-08-25,16.549999237060547,17.15999984741211,16.149999618530273,16.149999618530273,16.149999618530273,13200,USD,ASE,America/New_York,Yahoo Finance
COE,2026-08-26,15.800000190734863,16.559999465942383,15.569999694824219,16.420000076293945,16.420000076293945,18400,USD,ASE,America/New_York,Yahoo Finance
COE,2026-08-27,16.46500015258789,16.479999542236328,15.619999885559082,15.710000038146973,15.710000038146973,315100,USD,ASE,America/New_York,Yahoo Finance
COE,2026-08-28,15.90999984741211,16.2450008392334,15.350000381469727,15.350000381469727,15.350000381469727,77300,USD,ASE,America/New_York,Yahoo Finance
COE,2026-08-31,15.4399995803833,15.9350004196167,15.0,15.0,15.0,7200,USD,ASE,America/New_York,Yahoo Finance
COE,2026-09-01,15.479999542236328,15.550000190734863,14.800999641418457,15.220000267028809,15.220000267028809,38500,USD,ASE,America/New_York,Yahoo Finance
COE,2026-09-02,15.34000015258789,15.699999809265137,14.949999809265137,15.119999885559082,15.119999885559082,24300,USD,ASE,America/New_York,Yahoo Finance
COE,2026-09-03,15.154999732971191,15.5,14.770000457763672,14.880000114440918,14.880000114440918,40300,USD,ASE,America/New_York,Yahoo Finance
COE,2026-09-04,14.800000190734863,15.289999961853027,13.800000190734863,14.085000038146973,14.085000038146973,91500,USD,ASE,America/New_York,Yahoo Finance
COE,2026-09-08,14.010000228881836,14.75,12.829999923706055,13.15999984741211,13.15999984741211,167600,USD,ASE,America/New_York,Yahoo Finance
COE,2026-09-09,13.180000305175781,13.510000228881836,12.071999549865723,12.25,12.25,21400,USD,ASE,America/New_York,Yahoo Finance
COE,2026-09-10,11.029999732971191,12.84000015258789,9.930000305175781,10.600000381469727,10.600000381469727,89800,USD,ASE,America/New_York,Yahoo Finance
COE,2026-09-11,11.0,11.552000045776367,10.210000038146973,10.609999656677246,10.609999656677246,69100,USD,ASE,America/New_York,Yahoo Finance
COE,2026-09-14,10.479999542236328,12.510000228881836,10.119999885559082,11.899999618530273,11.899999618530273,167000,USD,ASE,America/New_York,Yahoo Finance
COE,2026-09-15,11.5,11.899999618530273,10.9350004196167,11.40999984741211,11.40999984741211,90400,USD,ASE,America/New_York,Yahoo Finance
COE,2026-09-16,10.510000228881836,11.050000190734863,10.0,10.210000038146973,10.210000038146973,10200,USD,ASE,America/New_York,Yahoo Finance
COE,2026-09-17,10.390000343322754,12.133000373840332,10.390000343322754,11.529999732971191,11.529999732971191,28500,USD,ASE,America/New_York,Yahoo Finance
COE,2026-09-18,11.75,11.819999694824219,11.5,11.819999694824219,11.819999694824219,3800,USD,ASE,America/New_York,Yahoo Finance
COE,2026-09-21,11.84000015258789,12.039999961853027,11.510000228881836,11.649999618530273,11.649999618530273,12400,USD,ASE,America/New_York,Yahoo Finance
COE,2026-09-22,11.779999732971191,11.779999732971191,11.5,11.510000228881836,11.510000228881836,14300,USD,ASE,America/New_York,Yahoo Finance
COE,2026-09-23,11.5,11.699999809265137,10.949999809265137,11.569999694824219,11.569999694824219,28600,USD,ASE,America/New_York,Yahoo Finance
COE,2026-09-24,11.569999694824219,11.569999694824219,11.569999694824219,11.569999694824219,11.569999694824219,0,USD,ASE,America/New_York,Yahoo Finance
COE,2026-09-25,11.645000457763672,11.859999656677246,11.484999656677246,11.670000076293945,11.670000076293945,197500,USD,ASE,America/New_York,Yahoo Finance
COE,2026-09-28,11.75,12.039999961853027,11.520000457763672,11.520000457763672,11.520000457763672,4900,USD,ASE,America/New_York,Yahoo Finance
COE,2026-09-29,11.539999961853027,12.404999732971191,11.510000228881836,11.800000190734863,11.800000190734863,85500,USD,ASE,America/New_York,Yahoo Finance
COE,2026-09-30,11.970000267028809,12.244999885559082,11.510000228881836,11.510000228881836,11.510000228881836,21000,USD,ASE,America/New_York,Yahoo Finance
COE,2026-10-01,11.420000076293945,11.449999809265137,10.456999778747559,10.65999984741211,10.65999984741211,19700,USD,ASE,America/New_York,Yahoo Finance
COE,2026-10-02,10.460000038146973,10.899999618530273,10.300000190734863,10.579999923706055,10.579999923706055,4600,USD,ASE,America/New_York,Yahoo Finance
COHU,2026-08-17,61.900001525878906,63.529998779296875,60.310001373291016,62.619998931884766,62.619998931884766,854900,USD,NMS,America/New_York,Yahoo Finance
COHU,2026-08-18,58.779998779296875,60.7400016784668,56.88999938964844,59.220001220703125,59.220001220703125,1836800,USD,NMS,America/New_York,Yahoo Finance
COHU,2026-08-19,59.59000015258789,60.08000183105469,54.0,55.189998626708984,55.189998626708984,976600,USD,NMS,America/New_York,Yahoo Finance
COHU,2026-08-20,54.63999938964844,55.599998474121094,53.099998474121094,54.11000061035156,54.11000061035156,1043400,USD,NMS,America/New_York,Yahoo Finance
COHU,2026-08-21,55.310001373291016,55.47999954223633,52.41999816894531,54.369998931884766,54.369998931884766,789200,USD,NMS,America/New_York,Yahoo Finance
COHU,2026-08-24,52.56999969482422,52.619998931884766,50.5,51.29999923706055,51.29999923706055,645800,USD,NMS,America/New_York,Yahoo Finance
COHU,2026-08-25,53.09000015258789,53.09000015258789,50.33000183105469,50.61000061035156,50.61000061035156,575400,USD,NMS,America/New_York,Yahoo Finance
COHU,2026-08-26,50.470001220703125,51.5,49.810001373291016,51.060001373291016,51.060001373291016,1062000,USD,NMS,America/New_York,Yahoo Finance
COHU,2026-08-27,53.290000915527344,53.65999984741211,50.9900016784668,51.689998626708984,51.689998626708984,705900,USD,NMS,America/New_York,Yahoo Finance
COHU,2026-08-28,51.08000183105469,51.08000183105469,47.81999969482422,48.0,48.0,647800,USD,NMS,America/New_York,Yahoo Finance
COHU,2026-08-31,48.20000076293945,48.65999984741211,45.970001220703125,46.099998474121094,46.099998474121094,823400,USD,NMS,America/New_York,Yahoo Finance
COHU,2026-09-01,44.95000076293945,45.91999816894531,43.439998626708984,44.15999984741211,44.15999984741211,1396300,USD,NMS,America/New_York,Yahoo Finance
COHU,2026-09-02,43.83000183105469,45.83000183105469,43.27000045776367,45.75,45.75,1081300,USD,NMS,America/New_York,Yahoo Finance
COHU,2026-09-03,45.31999969482422,45.9900016784668,43.34000015258789,45.97999954223633,45.97999954223633,624600,USD,NMS,America/New_York,Yahoo Finance
COHU,2026-09-04,47.150001525878906,50.83000183105469,46.93000030517578,50.720001220703125,50.720001220703125,872400,USD,NMS,America/New_York,Yahoo Finance
COHU,2026-09-08,51.2400016784668,53.209999084472656,50.959999084472656,53.16999816894531,53.16999816894531,856900,USD,NMS,America/New_York,Yahoo Finance
COHU,2026-09-09,52.560001373291016,57.13999938964844,52.470001220703125,56.68000030517578,56.68000030517578,1494200,USD,NMS,America/New_York,Yahoo Finance
COHU,2026-09-10,54.65999984741211,56.22999954223633,53.7400016784668,54.72999954223633,54.72999954223633,1118200,USD,NMS,America/New_York,Yahoo Finance
COHU,2026-09-11,56.09000015258789,58.709999084472656,55.72999954223633,57.08000183105469,57.08000183105469,614300,USD,NMS,America/New_York,Yahoo Finance
COHU,2026-09-14,52.22999954223633,53.959999084472656,49.77000045776367,49.970001220703125,49.970001220703125,983500,USD,NMS,America/New_York,Yahoo Finance
COHU,2026-09-15,51.06999969482422,51.15999984741211,48.13999938964844,49.970001220703125,49.970001220703125,1116000,USD,NMS,America/New_York,Yahoo Finance
COHU,2026-09-16,51.290000915527344,52.220001220703125,49.77000045776367,51.060001373291016,51.060001373291016,1597100,USD,NMS,America/New_York,Yahoo Finance
COHU,2026-09-17,53.22999954223633,55.15999984741211,53.02000045776367,55.0,55.0,976700,USD,NMS,America/New_York,Yahoo Finance
COHU,2026-09-18,55.79999923706055,57.970001220703125,55.77000045776367,57.75,57.75,1309200,USD,NMS,America/New_York,Yahoo Finance
COHU,2026-09-21,59.90999984741211,61.439998626708984,58.08000183105469,60.619998931884766,60.619998931884766,1386500,USD,NMS,America/New_York,Yahoo Finance
COHU,2026-09-22,59.47999954223633,64.76000213623047,58.83000183105469,64.54000091552734,64.54000091552734,1073300,USD,NMS,America/New_York,Yahoo Finance
COHU,2026-09-23,63.959999084472656,64.91000366210938,62.470001220703125,64.4800033569336,64.4800033569336,621700,USD,NMS,America/New_York,Yahoo Finance
COHU,2026-09-24,63.119998931884766,64.26000213623047,61.7599983215332,63.70000076293945,63.70000076293945,535000,USD,NMS,America/New_York,Yahoo Finance
COHU,2026-09-25,65.0,67.26000213623047,63.77000045776367,67.0,67.0,1043900,USD,NMS,America/New_York,Yahoo Finance
COHU,2026-09-28,66.7300033569336,67.0,63.869998931884766,66.06999969482422,66.06999969482422,641400,USD,NMS,America/New_York,Yahoo Finance
CPZ,2026-08-21,13.380000114440918,13.5,13.25,13.300000190734863,13.15737247467041,53000,USD,NGM,America/New_York,Yahoo Finance
CPZ,2026-08-24,13.25,13.380000114440918,13.180000305175781,13.329999923706055,13.187050819396973,69100,USD,NGM,America/New_York,Yahoo Finance
CPZ,2026-08-25,13.430000305175781,13.430000305175781,13.279999732971191,13.279999732971191,13.13758659362793,38600,USD,NGM,America/New_York,Yahoo Finance
CPZ,2026-08-26,13.359999656677246,13.399999618530273,13.329999923706055,13.390000343322754,13.246407508850098,34800,USD,NGM,America/New_York,Yahoo Finance
CPZ,2026-08-27,13.430000305175781,13.5,13.329999923706055,13.369999885559082,13.226621627807617,43900,USD,NGM,America/New_York,Yahoo Finance
CPZ,2026-08-28,13.34000015258789,13.649999618530273,13.260000228881836,13.359999656677246,13.216728210449219,40200,USD,NGM,America/New_York,Yahoo Finance
CPZ,2026-08-31,13.470000267028809,13.470000267028809,13.25,13.300000190734863,13.15737247467041,70700,USD,NGM,America/New_York,Yahoo Finance
CPZ,2026-09-01,13.3100004196167,13.362000465393066,13.060999870300293,13.079999923706055,12.93973159790039,47800,USD,NGM,America/New_York,Yahoo Finance
CPZ,2026-09-02,13.199999809265137,13.350000381469727,13.050000190734863,13.140000343322754,12.999088287353516,59100,USD,NGM,America/New_York,Yahoo Finance
CPZ,2026-09-03,12.979999542236328,13.180000305175781,12.979999542236328,13.109999656677246,12.969409942626953,46600,USD,NGM,America/New_York,Yahoo Finance
CPZ,2026-09-04,13.15999984741211,13.180000305175781,13.079999923706055,13.109999656677246,12.969409942626953,40600,USD,NGM,America/New_York,Yahoo Finance
CPZ,2026-09-08,12.989999771118164,13.149999618530273,12.989999771118164,12.989999771118164,12.850696563720703,55900,USD,NGM,America/New_York,Yahoo Finance
CPZ,2026-09-09,13.100000381469727,13.100000381469727,13.010000228881836,13.010000228881836,12.870482444763184,93100,USD,NGM,America/New_York,Yahoo Finance
CPZ,2026-09-10,13.109999656677246,13.145000457763672,12.980999946594238,13.03499984741211,12.895214080810547,64400,USD,NGM,America/New_York,Yahoo Finance
CPZ,2026-09-11,13.140000343322754,13.140000343322754,12.949999809265137,13.055000305175781,12.914999961853027,51400,USD,NGM,America/New_York,Yahoo Finance
CPZ,2026-09-14,13.0600004196167,13.085000038146973,12.850000381469727,12.899999618530273,12.899999618530273,75900,USD,NGM,America/New_York,Yahoo Finance
CPZ,2026-09-15,12.920000076293945,12.920000076293945,12.729999542236328,12.729999542236328,12.729999542236328,98800,USD,NGM,America/New_York,Yahoo Finance
CPZ,2026-09-16,12.779999732971191,12.84000015258789,12.6850004196167,12.779999732971191,12.779999732971191,56000,USD,NGM,America/New_York,Yahoo Finance
CPZ,2026-09-17,12.6899995803833,12.829999923706055,12.6899995803833,12.760000228881836,12.760000228881836,58800,USD,NGM,America/New_York,Yahoo Finance
CPZ,2026-09-18,12.899999618530273,12.899999618530273,12.739999771118164,12.789999961853027,12.789999961853027,51800,USD,NGM,America/New_York,Yahoo Finance
CPZ,2026-09-21,12.789999961853027,12.920000076293945,12.760000228881836,12.819999694824219,12.819999694824219,78800,USD,NGM,America/New_York,Yahoo Finance
CPZ,2026-09-22,12.789999961853027,12.949999809265137,12.774999618530273,12.949999809265137,12.949999809265137,60500,USD,NGM,America/New_York,Yahoo Finance
CPZ,2026-09-23,12.869999885559082,12.949999809265137,12.770000457763672,12.8100004196167,12.8100004196167,81500,USD,NGM,America/New_York,Yahoo Finance
CPZ,2026-09-24,12.789999961853027,12.789999961853027,12.666000366210938,12.699999809265137,12.699999809265137,53000,USD,NGM,America/New_York,Yahoo Finance
CPZ,2026-09-25,12.699999809265137,12.829999923706055,12.600000381469727,12.755000114440918,12.755000114440918,69100,USD,NGM,America/New_York,Yahoo Finance
CPZ,2026-09-28,12.729999542236328,12.880000114440918,12.510000228881836,12.5600004196167,12.5600004196167,78700,USD,NGM,America/New_York,Yahoo Finance
CPZ,2026-09-29,12.5,12.59000015258789,12.399999618530273,12.460000038146973,12.460000038146973,106600,USD,NGM,America/New_York,Yahoo Finance
CPZ,2026-09-30,12.430000305175781,12.579999923706055,12.430000305175781,12.5600004196167,12.5600004196167,36300,USD,NGM,America/New_York,Yahoo Finance
CPZ,2026-10-01,12.520000457763672,12.649999618530273,12.451000213623047,12.470000267028809,12.470000267028809,60600,USD,NGM,America/New_York,Yahoo Finance
CPZ,2026-10-02,12.479999542236328,12.59000015258789,12.414999961853027,12.550000190734863,12.550000190734863,55800,USD,NGM,America/New_York,Yahoo Finance
CRF,2026-08-17,6.610000133514404,6.690000057220459,6.559999942779541,6.659999847412109,6.536044120788574,5483200,USD,ASE,America/New_York,Yahoo Finance
CRF,2026-08-18,6.630000114440918,6.650000095367432,6.46999979019165,6.53000020980835,6.408463954925537,3223400,USD,ASE,America/New_York,Yahoo Finance
CRF,2026-08-19,6.550000190734863,6.639999866485596,6.550000190734863,6.610000133514404,6.486975193023682,1682900,USD,ASE,America/New_York,Yahoo Finance
CRF,2026-08-20,6.599999904632568,6.630000114440918,6.510000228881836,6.510000228881836,6.38883638381958,1112400,USD,ASE,America/New_York,Yahoo Finance
CRF,2026-08-21,6.510000228881836,6.579999923706055,6.510000228881836,6.559999942779541,6.437905311584473,1136300,USD,ASE,America/New_York,Yahoo Finance
CRF,2026-08-24,6.559999942779541,6.570000171661377,6.440000057220459,6.460000038146973,6.339766502380371,2150800,USD,ASE,America/New_York,Yahoo Finance
CRF,2026-08-25,6.460000038146973,6.510000228881836,6.440000057220459,6.480000019073486,6.359394550323486,1775400,USD,ASE,America/New_York,Yahoo Finance
CRF,2026-08-26,6.46999979019165,6.5,6.420000076293945,6.429999828338623,6.310324668884277,1550200,USD,ASE,America/New_York,Yahoo Finance
CRF,2026-08-27,6.420000076293945,6.440000057220459,6.389999866485596,6.400000095367432,6.280883312225342,1987300,USD,ASE,America/New_York,Yahoo Finance
CRF,2026-08-28,6.389999866485596,6.460000038146973,6.369999885559082,6.440000057220459,6.320138931274414,2348900,USD,ASE,America/New_York,Yahoo Finance
CRF,2026-08-31,6.429999828338623,6.489999771118164,6.380000114440918,6.409999847412109,6.29069709777832,2418500,USD,ASE,America/New_York,Yahoo Finance
CRF,2026-09-01,6.380000114440918,6.389999866485596,6.340000152587891,6.340000152587891,6.2220001220703125,1816100,USD,ASE,America/New_York,Yahoo Finance
CRF,2026-09-02,6.369999885559082,6.409999847412109,6.340000152587891,6.400000095367432,6.280883312225342,917500,USD,ASE,America/New_York,Yahoo Finance
CRF,2026-09-03,6.400000095367432,6.510000228881836,6.400000095367432,6.489999771118164,6.369208335876465,995200,USD,ASE,America/New_York,Yahoo Finance
CRF,2026-09-04,6.510000228881836,6.519999980926514,6.429999828338623,6.460000038146973,6.339766502380371,674800,USD,ASE,America/New_York,Yahoo Finance
CRF,2026-09-08,6.460000038146973,6.460000038146973,6.380000114440918,6.389999866485596,6.271069526672363,1020200,USD,ASE,America/New_York,Yahoo Finance
CRF,2026-09-09,6.369999885559082,6.380000114440918,6.349999904632568,6.360000133514404,6.241628170013428,848900,USD,ASE,America/New_York,Yahoo Finance
CRF,2026-09-10,6.340000152587891,6.349999904632568,6.300000190734863,6.320000171661377,6.2023725509643555,917000,USD,ASE,America/New_York,Yahoo Finance
CRF,2026-09-11,6.340000152587891,6.380000114440918,6.320000171661377,6.369999885559082,6.251441478729248,1498900,USD,ASE,America/New_York,Yahoo Finance
CRF,2026-09-14,6.349999904632568,6.360000133514404,6.25,6.340000152587891,6.2220001220703125,2834100,USD,ASE,America/New_York,Yahoo Finance
CRF,2026-09-15,6.210000038146973,6.21999979019165,6.050000190734863,6.150000095367432,6.150000095367432,2711200,USD,ASE,America/New_York,Yahoo Finance
CRF,2026-09-16,6.130000114440918,6.170000076293945,6.050000190734863,6.059999942779541,6.059999942779541,2877400,USD,ASE,America/New_York,Yahoo Finance
CRF,2026-09-17,6.119999885559082,6.210000038146973,6.090000152587891,6.130000114440918,6.130000114440918,1682900,USD,ASE,America/New_York,Yahoo Finance
CRF,2026-09-18,6.159999847412109,6.170000076293945,6.070000171661377,6.079999923706055,6.079999923706055,1468700,USD,ASE,America/New_York,Yahoo Finance
CRF,2026-09-21,6.110000133514404,6.150000095367432,6.070000171661377,6.119999885559082,6.119999885559082,1589400,USD,ASE,America/New_York,Yahoo Finance
CRF,2026-09-22,6.139999866485596,6.150000095367432,6.079999923706055,6.139999866485596,6.139999866485596,1533800,USD,ASE,America/New_York,Yahoo Finance
CRF,2026-09-23,6.130000114440918,6.139999866485596,6.079999923706055,6.099999904632568,6.099999904632568,804100,USD,ASE,America/New_York,Yahoo Finance
CRF,2026-09-24,6.099999904632568,6.159999847412109,6.070000171661377,6.150000095367432,6.150000095367432,1247000,USD,ASE,America/New_York,Yahoo Finance
CRF,2026-09-25,6.150000095367432,6.21999979019165,6.130000114440918,6.190000057220459,6.190000057220459,1524800,USD,ASE,America/New_York,Yahoo Finance
CRF,2026-09-28,6.159999847412109,6.190000057220459,6.110000133514404,6.139999866485596,6.139999866485596,1177700,USD,ASE,America/New_York,Yahoo Finance
CRWV,2026-08-17,107.01000213623047,109.9000015258789,101.22000122070312,106.0,106.0,32398500,USD,NMS,America/New_York,Yahoo Finance
CRWV,2026-08-18,101.4000015258789,102.37999725341797,93.1500015258789,93.16999816894531,93.16999816894531,38029200,USD,NMS,America/New_York,Yahoo Finance
CRWV,2026-08-19,94.2300033569336,94.37999725341797,88.85099792480469,90.87000274658203,90.87000274658203,26700900,USD,NMS,America/New_York,Yahoo Finance
CRWV,2026-08-20,90.30500030517578,93.7699966430664,88.77999877929688,89.76000213623047,89.76000213623047,17649000,USD,NMS,America/New_York,Yahoo Finance
CRWV,2026-08-21,90.3949966430664,91.5199966430664,87.41000366210938,87.8499984741211,87.8499984741211,22187500,USD,NMS,America/New_York,Yahoo Finance
CRWV,2026-08-24,85.16000366210938,87.19999694824219,83.2300033569336,86.25,86.25,19581400,USD,NMS,America/New_York,Yahoo Finance
CRWV,2026-08-25,88.2699966430664,90.25,87.5,88.04000091552734,88.04000091552734,14224300,USD,NMS,America/New_York,Yahoo Finance
CRWV,2026-08-26,86.88999938964844,89.91100311279297,86.75,88.01000213623047,88.01000213623047,14056800,USD,NMS,America/New_York,Yahoo Finance
CRWV,2026-08-27,90.75,91.80999755859375,86.51000213623047,86.80000305175781,86.80000305175781,19872200,USD,NMS,America/New_York,Yahoo Finance
CRWV,2026-08-28,85.16999816894531,87.9000015258789,83.16999816894531,84.2300033569336,84.2300033569336,17332100,USD,NMS,America/New_York,Yahoo Finance
CRWV,2026-08-31,82.62999725341797,85.2300033569336,82.4000015258789,84.88999938964844,84.88999938964844,13237900,USD,NMS,America/New_York,Yahoo Finance
CRWV,2026-09-01,82.33999633789062,82.80999755859375,80.37000274658203,81.8499984741211,81.8499984741211,15848700,USD,NMS,America/New_York,Yahoo Finance
CRWV,2026-09-02,80.08999633789062,82.52999877929688,79.58000183105469,80.93000030517578,80.93000030517578,15574700,USD,NMS,America/New_York,Yahoo Finance
CRWV,2026-09-03,80.12000274658203,84.8499984741211,79.02999877929688,84.55999755859375,84.55999755859375,18798400,USD,NMS,America/New_York,Yahoo Finance
CRWV,2026-09-04,85.7249984741211,89.62999725341797,84.9000015258789,89.36000061035156,89.36000061035156,20796900,USD,NMS,America/New_York,Yahoo Finance
CRWV,2026-09-08,92.94999694824219,104.58999633789062,92.87999725341797,99.83000183105469,99.83000183105469,51191200,USD,NMS,America/New_York,Yahoo Finance
CRWV,2026-09-09,100.03500366210938,100.58100128173828,94.61000061035156,94.94000244140625,94.94000244140625,22038800,USD,NMS,America/New_York,Yahoo Finance
CRWV,2026-09-10,89.91000366210938,92.19000244140625,88.7300033569336,89.12000274658203,89.12000274658203,27867100,USD,NMS,America/New_York,Yahoo Finance
CRWV,2026-09-11,91.08000183105469,91.98999786376953,88.62000274658203,88.98999786376953,88.98999786376953,17682400,USD,NMS,America/New_York,Yahoo Finance
CRWV,2026-09-14,82.6500015258789,85.93000030517578,82.08000183105469,82.9800033569336,82.9800033569336,26522600,USD,NMS,America/New_York,Yahoo Finance
CRWV,2026-09-15,82.62000274658203,83.86000061035156,80.5199966430664,80.91999816894531,80.91999816894531,15675200,USD,NMS,America/New_York,Yahoo Finance
CRWV,2026-09-16,83.75,85.25800323486328,81.15699768066406,83.3499984741211,83.3499984741211,18787600,USD,NMS,America/New_York,Yahoo Finance
CRWV,2026-09-17,81.44999694824219,82.43000030517578,78.2699966430664,79.87999725341797,79.87999725341797,79547300,USD,NMS,America/New_York,Yahoo Finance
CRWV,2026-09-18,79.83000183105469,81.73999786376953,79.16000366210938,81.36000061035156,81.36000061035156,66370200,USD,NMS,America/New_York,Yahoo Finance
CRWV,2026-09-21,81.55999755859375,87.25,80.91999816894531,85.43000030517578,85.43000030517578,39845100,USD,NMS,America/New_York,Yahoo Finance
CRWV,2026-09-22,85.70999908447266,89.2300033569336,84.5999984741211,86.76000213623047,86.76000213623047,26584500,USD,NMS,America/New_York,Yahoo Finance
CRWV,2026-09-23,88.98500061035156,90.36000061035156,86.55000305175781,86.9000015258789,86.9000015258789,31705100,USD,NMS,America/New_York,Yahoo Finance
CRWV,2026-09-24,88.90499877929688,91.12300109863281,85.93599700927734,90.12999725341797,90.12999725341797,33748900,USD,NMS,America/New_York,Yahoo Finance
CRWV,2026-09-25,90.36499786376953,90.91000366210938,86.80000305175781,87.58999633789062,87.58999633789062,23569300,USD,NMS,America/New_York,Yahoo Finance
CRWV,2026-09-28,86.20500183105469,88.21600341796875,83.52999877929688,85.06999969482422,85.06999969482422,19541000,USD,NMS,America/New_York,Yahoo Finance
CTMX,2026-08-21,3.309999942779541,3.4149999618530273,3.2699999809265137,3.2799999713897705,3.2799999713897705,2894700,USD,NMS,America/New_York,Yahoo Finance
CTMX,2026-08-24,3.299999952316284,3.380000114440918,3.174999952316284,3.2899999618530273,3.2899999618530273,3191700,USD,NMS,America/New_York,Yahoo Finance
CTMX,2026-08-25,3.319999933242798,3.444999933242798,3.319999933242798,3.369999885559082,3.369999885559082,4027200,USD,NMS,America/New_York,Yahoo Finance
CTMX,2026-08-26,3.3499999046325684,3.380000114440918,3.2850000858306885,3.319999933242798,3.319999933242798,2216300,USD,NMS,America/New_York,Yahoo Finance
CTMX,2026-08-27,3.4549999237060547,3.5199999809265137,3.2850000858306885,3.4200000762939453,3.4200000762939453,2580400,USD,NMS,America/New_York,Yahoo Finance
CTMX,2026-08-28,3.4000000953674316,3.4200000762939453,3.2100000381469727,3.2100000381469727,3.2100000381469727,2173300,USD,NMS,America/New_York,Yahoo Finance
CTMX,2026-08-31,3.200000047683716,3.375,3.1700000762939453,3.359999895095825,3.359999895095825,2381000,USD,NMS,America/New_York,Yahoo Finance
CTMX,2026-09-01,3.319999933242798,3.7300000190734863,3.319999933242798,3.6700000762939453,3.6700000762939453,8820600,USD,NMS,America/New_York,Yahoo Finance
CTMX,2026-09-02,3.7200000286102295,3.884999990463257,3.690000057220459,3.7200000286102295,3.7200000286102295,6497300,USD,NMS,America/New_York,Yahoo Finance
CTMX,2026-09-03,3.7300000190734863,3.819999933242798,3.609999895095825,3.680000066757202,3.680000066757202,2556800,USD,NMS,America/New_York,Yahoo Finance
CTMX,2026-09-04,3.640000104904175,3.7249999046325684,3.5299999713897705,3.7100000381469727,3.7100000381469727,2297100,USD,NMS,America/New_York,Yahoo Finance
CTMX,2026-09-08,3.611999988555908,3.6600000858306885,3.5799999237060547,3.6500000953674316,3.6500000953674316,1984600,USD,NMS,America/New_York,Yahoo Finance
CTMX,2026-09-09,3.6600000858306885,3.6600000858306885,3.494999885559082,3.5399999618530273,3.5399999618530273,2053100,USD,NMS,America/New_York,Yahoo Finance
CTMX,2026-09-10,3.5,3.5199999809265137,3.3350000381469727,3.3499999046325684,3.3499999046325684,2058000,USD,NMS,America/New_York,Yahoo Finance
CTMX,2026-09-11,3.380000114440918,3.4059998989105225,3.2300000190734863,3.2899999618530273,3.2899999618530273,2250000,USD,NMS,America/New_York,Yahoo Finance
CTMX,2026-09-14,3.3350000381469727,3.359999895095825,3.1449999809265137,3.200000047683716,3.200000047683716,6138700,USD,NMS,America/New_York,Yahoo Finance
CTMX,2026-09-15,3.200000047683716,3.2049999237060547,2.6649999618530273,2.690000057220459,2.690000057220459,7507300,USD,NMS,America/New_York,Yahoo Finance
CTMX,2026-09-16,2.7200000286102295,2.865000009536743,2.6710000038146973,2.765000104904175,2.765000104904175,6866200,USD,NMS,America/New_York,Yahoo Finance
CTMX,2026-09-17,2.8299999237060547,2.9200000762939453,2.7799999713897705,2.819999933242798,2.819999933242798,4215000,USD,NMS,America/New_York,Yahoo Finance
CTMX,2026-09-18,2.8299999237060547,2.859999895095825,2.7200000286102295,2.759999990463257,2.759999990463257,9595800,USD,NMS,America/New_York,Yahoo Finance
CTMX,2026-09-21,2.799999952316284,2.8299999237060547,2.742000102996826,2.759999990463257,2.759999990463257,2330600,USD,NMS,America/New_York,Yahoo Finance
CTMX,2026-09-22,2.859999895095825,2.994999885559082,2.759999990463257,2.940000057220459,2.940000057220459,7923000,USD,NMS,America/New_York,Yahoo Finance
CTMX,2026-09-23,2.9000000953674316,2.9100000858306885,2.6700000762939453,2.7799999713897705,2.7799999713897705,4955300,USD,NMS,America/New_York,Yahoo Finance
CTMX,2026-09-24,2.75,2.7799999713897705,2.680000066757202,2.75,2.75,3079000,USD,NMS,America/New_York,Yahoo Finance
CTMX,2026-09-25,2.740000009536743,2.7799999713897705,2.6600000858306885,2.700000047683716,2.700000047683716,3031500,USD,NMS,America/New_York,Yahoo Finance
CTMX,2026-09-28,2.680000066757202,2.759999990463257,2.5999999046325684,2.690000057220459,2.690000057220459,2693900,USD,NMS,America/New_York,Yahoo Finance
CTMX,2026-09-29,2.700000047683716,2.825000047683716,2.6500000953674316,2.75,2.75,4457000,USD,NMS,America/New_York,Yahoo Finance
CTMX,2026-09-30,2.7799999713897705,2.799999952316284,2.700000047683716,2.7200000286102295,2.7200000286102295,3220700,USD,NMS,America/New_York,Yahoo Finance
CTMX,2026-10-01,2.7100000381469727,2.7750000953674316,2.619999885559082,2.630000114440918,2.630000114440918,2697800,USD,NMS,America/New_York,Yahoo Finance
CTMX,2026-10-02,2.680000066757202,2.680000066757202,2.549999952316284,2.559999942779541,2.559999942779541,2624100,USD,NMS,America/New_York,Yahoo Finance
CURB,2026-08-17,30.229999542236328,30.229999542236328,29.844999313354492,29.989999771118164,29.989999771118164,937800,USD,NYQ,America/New_York,Yahoo Finance
CURB,2026-08-18,30.059999465942383,30.270000457763672,29.75,30.0,30.0,908600,USD,NYQ,America/New_York,Yahoo Finance
CURB,2026-08-19,30.149999618530273,30.187000274658203,29.729999542236328,29.969999313354492,29.969999313354492,6252100,USD,NYQ,America/New_York,Yahoo Finance
CURB,2026-08-20,29.8799991607666,29.959999084472656,29.299999237060547,29.469999313354492,29.469999313354492,1355700,USD,NYQ,America/New_York,Yahoo Finance
CURB,2026-08-21,29.75,29.80500030517578,29.3799991607666,29.389999389648438,29.389999389648438,860100,USD,NYQ,America/New_York,Yahoo Finance
CURB,2026-08-24,29.549999237060547,29.8700008392334,29.549999237060547,29.780000686645508,29.780000686645508,896300,USD,NYQ,America/New_York,Yahoo Finance
CURB,2026-08-25,29.969999313354492,30.34000015258789,29.854999542236328,30.079999923706055,30.079999923706055,1335000,USD,NYQ,America/New_York,Yahoo Finance
CURB,2026-08-26,30.010000228881836,30.350000381469727,29.84000015258789,30.1200008392334,30.1200008392334,874900,USD,NYQ,America/New_York,Yahoo Finance
CURB,2026-08-27,29.799999237060547,30.09000015258789,29.760000228881836,29.8700008392334,29.8700008392334,876600,USD,NYQ,America/New_York,Yahoo Finance
CURB,2026-08-28,29.920000076293945,30.270000457763672,29.665000915527344,29.989999771118164,29.989999771118164,1222400,USD,NYQ,America/New_York,Yahoo Finance
CURB,2026-08-31,30.1200008392334,30.520000457763672,29.690000534057617,29.829999923706055,29.829999923706055,1694000,USD,NYQ,America/New_York,Yahoo Finance
CURB,2026-09-01,29.84000015258789,30.1200008392334,29.46500015258789,29.59000015258789,29.59000015258789,1544500,USD,NYQ,America/New_York,Yahoo Finance
CURB,2026-09-02,29.530000686645508,29.649999618530273,29.200000762939453,29.440000534057617,29.440000534057617,1728700,USD,NYQ,America/New_York,Yahoo Finance
CURB,2026-09-03,29.540000915527344,29.549999237060547,29.18000030517578,29.40999984741211,29.40999984741211,1258500,USD,NYQ,America/New_York,Yahoo Finance
CURB,2026-09-04,29.209999084472656,29.6299991607666,28.56999969482422,29.469999313354492,29.469999313354492,1063900,USD,NYQ,America/New_York,Yahoo Finance
CURB,2026-09-08,29.5,29.860000610351562,28.850000381469727,29.68000030517578,29.68000030517578,1644500,USD,NYQ,America/New_York,Yahoo Finance
CURB,2026-09-09,29.790000915527344,29.809999465942383,29.2810001373291,29.309999465942383,29.309999465942383,1423800,USD,NYQ,America/New_York,Yahoo Finance
CURB,2026-09-10,29.360000610351562,29.760000228881836,29.100000381469727,29.399999618530273,29.399999618530273,1359800,USD,NYQ,America/New_York,Yahoo Finance
CURB,2026-09-11,29.440000534057617,29.579999923706055,29.110000610351562,29.31999969482422,29.31999969482422,1063300,USD,NYQ,America/New_York,Yahoo Finance
CURB,2026-09-14,29.290000915527344,29.579999923706055,28.969999313354492,29.079999923706055,29.079999923706055,1301600,USD,NYQ,America/New_York,Yahoo Finance
CURB,2026-09-15,29.030000686645508,29.25,28.790000915527344,29.239999771118164,29.239999771118164,1668900,USD,NYQ,America/New_York,Yahoo Finance
CURB,2026-09-16,29.15999984741211,29.44499969482422,28.510000228881836,28.690000534057617,28.690000534057617,1102900,USD,NYQ,America/New_York,Yahoo Finance
CURB,2026-09-17,28.889999389648438,29.010000228881836,28.700000762939453,28.739999771118164,28.739999771118164,878700,USD,NYQ,America/New_York,Yahoo Finance
CURB,2026-09-18,28.600000381469727,28.770000457763672,28.329999923706055,28.329999923706055,28.329999923706055,5781400,USD,NYQ,America/New_York,Yahoo Finance
CURB,2026-09-21,28.450000762939453,28.770000457763672,28.329999923706055,28.65999984741211,28.65999984741211,1294300,USD,NYQ,America/New_York,Yahoo Finance
CURB,2026-09-22,28.90999984741211,28.940000534057617,28.459999084472656,28.799999237060547,28.799999237060547,1307400,USD,NYQ,America/New_York,Yahoo Finance
CURB,2026-09-23,28.65999984741211,28.81999969482422,28.104999542236328,28.15999984741211,28.15999984741211,871100,USD,NYQ,America/New_York,Yahoo Finance
CURB,2026-09-24,28.290000915527344,28.59000015258789,28.110000610351562,28.440000534057617,28.440000534057617,1108300,USD,NYQ,America/New_York,Yahoo Finance
CURB,2026-09-25,28.579999923706055,28.78499984741211,28.219999313354492,28.459999084472656,28.459999084472656,1681800,USD,NYQ,America/New_York,Yahoo Finance
CURB,2026-09-28,28.510000228881836,28.579999923706055,28.165000915527344,28.350000381469727,28.350000381469727,897500,USD,NYQ,America/New_York,Yahoo Finance
CWH,2026-08-21,6.579999923706055,6.769999980926514,6.525000095367432,6.539999961853027,6.539999961853027,1804000,USD,NYQ,America/New_York,Yahoo Finance
CWH,2026-08-24,6.510000228881836,6.539999961853027,6.340000152587891,6.420000076293945,6.420000076293945,1166800,USD,NYQ,America/New_York,Yahoo Finance
CWH,2026-08-25,6.460000038146973,6.519999980926514,6.320000171661377,6.480000019073486,6.480000019073486,1143900,USD,NYQ,America/New_York,Yahoo Finance
CWH,2026-08-26,6.460000038146973,6.565000057220459,6.380000114440918,6.510000228881836,6.510000228881836,1012600,USD,NYQ,America/New_York,Yahoo Finance
CWH,2026-08-27,6.460000038146973,6.585000038146973,6.389999866485596,6.429999828338623,6.429999828338623,1095000,USD,NYQ,America/New_York,Yahoo Finance
CWH,2026-08-28,6.429999828338623,6.59499979019165,6.25,6.53000020980835,6.53000020980835,1337200,USD,NYQ,America/New_York,Yahoo Finance
CWH,2026-08-31,6.480000019073486,6.554999828338623,6.388000011444092,6.460000038146973,6.460000038146973,1552700,USD,NYQ,America/New_York,Yahoo Finance
CWH,2026-09-01,6.329999923706055,6.630000114440918,6.230000019073486,6.489999771118164,6.489999771118164,1737100,USD,NYQ,America/New_York,Yahoo Finance
CWH,2026-09-02,6.510000228881836,6.889999866485596,6.46999979019165,6.789999961853027,6.789999961853027,1589300,USD,NYQ,America/New_York,Yahoo Finance
CWH,2026-09-03,6.900000095367432,7.050000190734863,6.639999866485596,6.71999979019165,6.71999979019165,1129400,USD,NYQ,America/New_York,Yahoo Finance
CWH,2026-09-04,6.639999866485596,6.96999979019165,6.5879998207092285,6.960000038146973,6.960000038146973,1198800,USD,NYQ,America/New_York,Yahoo Finance
CWH,2026-09-08,6.869999885559082,6.869999885559082,6.46999979019165,6.559999942779541,6.559999942779541,1766600,USD,NYQ,America/New_York,Yahoo Finance
CWH,2026-09-09,6.420000076293945,6.501999855041504,6.170000076293945,6.179999828338623,6.179999828338623,1740400,USD,NYQ,America/New_York,Yahoo Finance
CWH,2026-09-10,6.070000171661377,6.179999828338623,5.989999771118164,6.090000152587891,6.090000152587891,1751400,USD,NYQ,America/New_York,Yahoo Finance
CWH,2026-09-11,6.210000038146973,6.300000190734863,5.985000133514404,6.039999961853027,6.039999961853027,1752300,USD,NYQ,America/New_York,Yahoo Finance
CWH,2026-09-14,5.940000057220459,6.289999961853027,5.9120001792907715,6.139999866485596,6.139999866485596,1997300,USD,NYQ,America/New_York,Yahoo Finance
CWH,2026-09-15,6.039999961853027,6.110000133514404,5.635000228881836,5.760000228881836,5.760000228881836,2772700,USD,NYQ,America/New_York,Yahoo Finance
CWH,2026-09-16,5.760000228881836,5.875,5.534999847412109,5.559999942779541,5.559999942779541,2188300,USD,NYQ,America/New_York,Yahoo Finance
CWH,2026-09-17,5.769999980926514,5.820000171661377,5.639999866485596,5.789999961853027,5.789999961853027,1890200,USD,NYQ,America/New_York,Yahoo Finance
CWH,2026-09-18,5.78000020980835,5.800000190734863,5.559999942779541,5.599999904632568,5.599999904632568,2754000,USD,NYQ,America/New_York,Yahoo Finance
CWH,2026-09-21,5.71999979019165,5.760000228881836,5.385000228881836,5.480000019073486,5.480000019073486,2327300,USD,NYQ,America/New_York,Yahoo Finance
CWH,2026-09-22,5.599999904632568,5.764999866485596,5.505000114440918,5.699999809265137,5.699999809265137,2305500,USD,NYQ,America/New_York,Yahoo Finance
CWH,2026-09-23,5.630000114440918,5.670000076293945,5.309999942779541,5.360000133514404,5.360000133514404,1743000,USD,NYQ,America/New_York,Yahoo Finance
CWH,2026-09-24,5.349999904632568,5.429999828338623,4.929999828338623,5.190000057220459,5.190000057220459,2510000,USD,NYQ,America/New_York,Yahoo Finance
CWH,2026-09-25,5.28000020980835,5.539999961853027,5.239999771118164,5.389999866485596,5.389999866485596,1912500,USD,NYQ,America/New_York,Yahoo Finance
CWH,2026-09-28,5.28000020980835,5.309999942779541,5.114999771118164,5.170000076293945,5.170000076293945,1343500,USD,NYQ,America/New_York,Yahoo Finance
CWH,2026-09-29,5.239999771118164,5.264999866485596,5.072999954223633,5.099999904632568,5.099999904632568,1309400,USD,NYQ,America/New_York,Yahoo Finance
CWH,2026-09-30,5.170000076293945,5.235000133514404,5.0,5.019999980926514,5.019999980926514,2283300,USD,NYQ,America/New_York,Yahoo Finance
CWH,2026-10-01,5.010000228881836,5.03000020980835,4.784999847412109,5.010000228881836,5.010000228881836,1870300,USD,NYQ,America/New_York,Yahoo Finance
CWH,2026-10-02,5.110000133514404,5.230000019073486,5.019999980926514,5.03000020980835,5.03000020980835,1129400,USD,NYQ,America/New_York,Yahoo Finance
CYTK,2026-08-17,73.9000015258789,75.91999816894531,73.45999908447266,75.87000274658203,75.87000274658203,1492000,USD,NMS,America/New_York,Yahoo Finance
CYTK,2026-08-18,75.56999969482422,76.80999755859375,74.76000213623047,76.0999984741211,76.0999984741211,1653100,USD,NMS,America/New_York,Yahoo Finance
CYTK,2026-08-19,77.2300033569336,77.87999725341797,76.16999816894531,77.73999786376953,77.73999786376953,1505900,USD,NMS,America/New_York,Yahoo Finance
CYTK,2026-08-20,77.36000061035156,77.62000274658203,76.13999938964844,77.18000030517578,77.18000030517578,1651700,USD,NMS,America/New_York,Yahoo Finance
CYTK,2026-08-21,77.30000305175781,77.69999694824219,76.6500015258789,76.83999633789062,76.83999633789062,1521300,USD,NMS,America/New_York,Yahoo Finance
CYTK,2026-08-24,77.19999694824219,77.98999786376953,75.6500015258789,77.08999633789062,77.08999633789062,1212300,USD,NMS,America/New_York,Yahoo Finance
CYTK,2026-08-25,77.93000030517578,78.72000122070312,77.20999908447266,77.45999908447266,77.45999908447266,1260800,USD,NMS,America/New_York,Yahoo Finance
CYTK,2026-08-26,77.91000366210938,79.87999725341797,76.69999694824219,79.19999694824219,79.19999694824219,1236600,USD,NMS,America/New_York,Yahoo Finance
CYTK,2026-08-27,78.83999633789062,79.12999725341797,77.83999633789062,77.9000015258789,77.9000015258789,1109800,USD,NMS,America/New_York,Yahoo Finance
CYTK,2026-08-28,73.87999725341797,74.41999816894531,71.66000366210938,72.08999633789062,72.08999633789062,4361500,USD,NMS,America/New_York,Yahoo Finance
CYTK,2026-08-31,71.54000091552734,71.79000091552734,69.30999755859375,70.91000366210938,70.91000366210938,3078100,USD,NMS,America/New_York,Yahoo Finance
CYTK,2026-09-01,69.8499984741211,72.45999908447266,69.83000183105469,71.4000015258789,71.4000015258789,1898300,USD,NMS,America/New_York,Yahoo Finance
CYTK,2026-09-02,71.9000015258789,73.69999694824219,70.41999816894531,71.93000030517578,71.93000030517578,1605700,USD,NMS,America/New_York,Yahoo Finance
CYTK,2026-09-03,73.55000305175781,74.2300033569336,71.41000366210938,73.94999694824219,73.94999694824219,1589700,USD,NMS,America/New_York,Yahoo Finance
CYTK,2026-09-04,73.04000091552734,74.01000213623047,72.26000213623047,72.72000122070312,72.72000122070312,1140900,USD,NMS,America/New_York,Yahoo Finance
CYTK,2026-09-08,72.38999938964844,76.80999755859375,72.38999938964844,75.3499984741211,75.3499984741211,1920900,USD,NMS,America/New_York,Yahoo Finance
CYTK,2026-09-09,74.30999755859375,74.88999938964844,73.5199966430664,74.11000061035156,74.11000061035156,1424800,USD,NMS,America/New_York,Yahoo Finance
CYTK,2026-09-10,73.2300033569336,75.0999984741211,73.12999725341797,73.62000274658203,73.62000274658203,1444900,USD,NMS,America/New_York,Yahoo Finance
CYTK,2026-09-11,74.66000366210938,75.9800033569336,73.5,73.7699966430664,73.7699966430664,1721500,USD,NMS,America/New_York,Yahoo Finance
CYTK,2026-09-14,73.51000213623047,74.6500015258789,72.33999633789062,72.44999694824219,72.44999694824219,1533500,USD,NMS,America/New_York,Yahoo Finance
CYTK,2026-09-15,72.12999725341797,72.19000244140625,68.55000305175781,69.30999755859375,69.30999755859375,2576600,USD,NMS,America/New_York,Yahoo Finance
CYTK,2026-09-16,69.5199966430664,70.68000030517578,68.66999816894531,69.38999938964844,69.38999938964844,2211800,USD,NMS,America/New_York,Yahoo Finance
CYTK,2026-09-17,70.63999938964844,71.05000305175781,68.91999816894531,69.91999816894531,69.91999816894531,1398200,USD,NMS,America/New_York,Yahoo Finance
CYTK,2026-09-18,70.18000030517578,70.18000030517578,68.1500015258789,68.77999877929688,68.77999877929688,4873000,USD,NMS,America/New_York,Yahoo Finance
CYTK,2026-09-21,69.30000305175781,69.5,67.3499984741211,67.55999755859375,67.55999755859375,1603400,USD,NMS,America/New_York,Yahoo Finance
CYTK,2026-09-22,68.06999969482422,69.55999755859375,67.4800033569336,67.58999633789062,67.58999633789062,2388500,USD,NMS,America/New_York,Yahoo Finance
CYTK,2026-09-23,67.0199966430664,67.38999938964844,64.7300033569336,65.80999755859375,65.80999755859375,2050900,USD,NMS,America/New_York,Yahoo Finance
CYTK,2026-09-24,65.37000274658203,66.47000122070312,64.88999938964844,65.66000366210938,65.66000366210938,1836300,USD,NMS,America/New_York,Yahoo Finance
CYTK,2026-09-25,65.66000366210938,65.94999694824219,64.44000244140625,64.66000366210938,64.66000366210938,1599200,USD,NMS,America/New_York,Yahoo Finance
CYTK,2026-09-28,64.58000183105469,66.41000366210938,64.25,66.16000366210938,66.16000366210938,2551200,USD,NMS,America/New_York,Yahoo Finance
DBL,2026-08-21,14.069999694824219,14.119999885559082,14.069999694824219,14.09000015258789,13.978736877441406,33500,USD,NYQ,America/New_York,Yahoo Finance
DBL,2026-08-24,14.0600004196167,14.119999885559082,14.039999961853027,14.0600004196167,13.948974609375,47000,USD,NYQ,America/New_York,Yahoo Finance
DBL,2026-08-25,14.0600004196167,14.199999809265137,14.039999961853027,14.140000343322754,14.028342247009277,69500,USD,NYQ,America/New_York,Yahoo Finance
DBL,2026-08-26,14.119999885559082,14.15999984741211,14.09000015258789,14.109999656677246,13.998579025268555,14400,USD,NYQ,America/New_York,Yahoo Finance
DBL,2026-08-27,14.119999885559082,14.199999809265137,14.119999885559082,14.149999618530273,14.038262367248535,63000,USD,NYQ,America/New_York,Yahoo Finance
DBL,2026-08-28,14.130000114440918,14.1899995803833,14.09000015258789,14.180000305175781,14.068026542663574,44200,USD,NYQ,America/New_York,Yahoo Finance
DBL,2026-08-31,14.119999885559082,14.170000076293945,14.100000381469727,14.130000114440918,14.018421173095703,55500,USD,NYQ,America/New_York,Yahoo Finance
DBL,2026-09-01,14.079999923706055,14.199999809265137,14.0600004196167,14.100000381469727,13.98865795135498,89000,USD,NYQ,America/New_York,Yahoo Finance
DBL,2026-09-02,14.140000343322754,14.220000267028809,14.09000015258789,14.15999984741211,14.048184394836426,155100,USD,NYQ,America/New_York,Yahoo Finance
DBL,2026-09-03,14.149999618530273,14.3100004196167,14.069999694824219,14.270000457763672,14.157316207885742,165200,USD,NYQ,America/New_York,Yahoo Finance
DBL,2026-09-04,14.239999771118164,14.260000228881836,14.210000038146973,14.25,14.137473106384277,15600,USD,NYQ,America/New_York,Yahoo Finance
DBL,2026-09-08,14.1899995803833,14.25,14.100000381469727,14.149999618530273,14.038262367248535,49400,USD,NYQ,America/New_York,Yahoo Finance
DBL,2026-09-09,14.15999984741211,14.210000038146973,14.149999618530273,14.170000076293945,14.05810546875,21000,USD,NYQ,America/New_York,Yahoo Finance
DBL,2026-09-10,14.170000076293945,14.1899995803833,14.069999694824219,14.09000015258789,13.978736877441406,27100,USD,NYQ,America/New_York,Yahoo Finance
DBL,2026-09-11,14.069999694824219,14.229999542236328,14.050000190734863,14.050000190734863,13.93905258178711,49400,USD,NYQ,America/New_York,Yahoo Finance
DBL,2026-09-14,14.039999961853027,14.079999923706055,13.829999923706055,13.970000267028809,13.859684944152832,65200,USD,NYQ,America/New_York,Yahoo Finance
DBL,2026-09-15,13.9399995803833,14.050000190734863,13.90999984741211,13.930000305175781,13.820000648498535,80600,USD,NYQ,America/New_York,Yahoo Finance
DBL,2026-09-16,13.829999923706055,13.899999618530273,13.819999694824219,13.819999694824219,13.819999694824219,25500,USD,NYQ,America/New_York,Yahoo Finance
DBL,2026-09-17,13.850000381469727,13.949999809265137,13.829999923706055,13.859999656677246,13.859999656677246,54100,USD,NYQ,America/New_York,Yahoo Finance
DBL,2026-09-18,13.859999656677246,13.90999984741211,13.710000038146973,13.770000457763672,13.770000457763672,110700,USD,NYQ,America/New_York,Yahoo Finance
DBL,2026-09-21,13.75,13.779999732971191,13.720000267028809,13.739999771118164,13.739999771118164,82700,USD,NYQ,America/New_York,Yahoo Finance
DBL,2026-09-22,13.729999542236328,13.739999771118164,13.640000343322754,13.699999809265137,13.699999809265137,126500,USD,NYQ,America/New_York,Yahoo Finance
DBL,2026-09-23,13.720000267028809,13.720000267028809,13.619999885559082,13.649999618530273,13.649999618530273,230900,USD,NYQ,America/New_York,Yahoo Finance
DBL,2026-09-24,13.600000381469727,13.609999656677246,13.510000228881836,13.5600004196167,13.5600004196167,68500,USD,NYQ,America/New_York,Yahoo Finance
DBL,2026-09-25,13.600000381469727,13.600000381469727,13.510000228881836,13.5600004196167,13.5600004196167,86300,USD,NYQ,America/New_York,Yahoo Finance
DBL,2026-09-28,13.539999961853027,13.5600004196167,13.40999984741211,13.420000076293945,13.420000076293945,140500,USD,NYQ,America/New_York,Yahoo Finance
DBL,2026-09-29,13.470000267028809,13.550000190734863,13.420000076293945,13.550000190734863,13.550000190734863,53500,USD,NYQ,America/New_York,Yahoo Finance
DBL,2026-09-30,13.600000381469727,13.640000343322754,13.510000228881836,13.550000190734863,13.550000190734863,56100,USD,NYQ,America/New_York,Yahoo Finance
DBL,2026-10-01,13.510000228881836,13.630000114440918,13.479999542236328,13.5600004196167,13.5600004196167,95300,USD,NYQ,America/New_York,Yahoo Finance
DBL,2026-10-02,13.600000381469727,13.720000267028809,13.600000381469727,13.680000305175781,13.680000305175781,31300,USD,NYQ,America/New_York,Yahoo Finance
DE,2026-08-17,606.3699951171875,610.6400146484375,599.47998046875,599.9199829101562,599.9199829101562,1245700,USD,NYQ,America/New_York,Yahoo Finance
DE,2026-08-18,603.9299926757812,604.0399780273438,588.0,588.719970703125,588.719970703125,1218300,USD,NYQ,America/New_York,Yahoo Finance
DE,2026-08-19,589.5800170898438,596.0599975585938,579.3099975585938,580.6300048828125,580.6300048828125,1596700,USD,NYQ,America/New_York,Yahoo Finance
DE,2026-08-20,611.1199951171875,639.0,586.47998046875,620.9400024414062,620.9400024414062,3200600,USD,NYQ,America/New_York,Yahoo Finance
DE,2026-08-21,623.260009765625,654.280029296875,607.9000244140625,647.469970703125,647.469970703125,2392500,USD,NYQ,America/New_York,Yahoo Finance
DE,2026-08-24,653.0399780273438,660.7000122070312,645.77001953125,648.6400146484375,648.6400146484375,1228900,USD,NYQ,America/New_York,Yahoo Finance
DE,2026-08-25,652.0700073242188,653.1799926757812,627.1400146484375,630.6599731445312,630.6599731445312,1206900,USD,NYQ,America/New_York,Yahoo Finance
DE,2026-08-26,632.1500244140625,639.6500244140625,630.4099731445312,634.5399780273438,634.5399780273438,830700,USD,NYQ,America/New_York,Yahoo Finance
DE,2026-08-27,628.8200073242188,629.3499755859375,617.8099975585938,622.6599731445312,622.6599731445312,807500,USD,NYQ,America/New_York,Yahoo Finance
DE,2026-08-28,626.5,632.02001953125,617.2100219726562,630.3300170898438,630.3300170898438,630600,USD,NYQ,America/New_York,Yahoo Finance
DE,2026-08-31,648.0,657.1699829101562,641.1300048828125,654.9099731445312,654.9099731445312,1786500,USD,NYQ,America/New_York,Yahoo Finance
DE,2026-09-01,655.3400268554688,677.8900146484375,654.0499877929688,676.0800170898438,676.0800170898438,2309600,USD,NYQ,America/New_York,Yahoo Finance
DE,2026-09-02,678.0599975585938,700.6400146484375,677.6599731445312,698.3699951171875,698.3699951171875,2027900,USD,NYQ,America/New_York,Yahoo Finance
DE,2026-09-03,703.25,705.8800048828125,685.47998046875,694.4099731445312,694.4099731445312,1692900,USD,NYQ,America/New_York,Yahoo Finance
DE,2026-09-04,692.030029296875,702.4500122070312,690.8300170898438,693.530029296875,693.530029296875,1053800,USD,NYQ,America/New_York,Yahoo Finance
DE,2026-09-08,687.2100219726562,690.5800170898438,680.260009765625,680.72998046875,680.72998046875,883500,USD,NYQ,America/New_York,Yahoo Finance
DE,2026-09-09,681.3200073242188,688.5900268554688,672.6199951171875,677.2100219726562,677.2100219726562,1035800,USD,NYQ,America/New_York,Yahoo Finance
DE,2026-09-10,675.030029296875,682.0,671.4000244140625,677.9400024414062,677.9400024414062,1175900,USD,NYQ,America/New_York,Yahoo Finance
DE,2026-09-11,685.9199829101562,692.6900024414062,675.4299926757812,675.739990234375,675.739990234375,1322300,USD,NYQ,America/New_York,Yahoo Finance
DE,2026-09-14,673.0800170898438,687.969970703125,668.0,681.4600219726562,681.4600219726562,1029700,USD,NYQ,America/New_York,Yahoo Finance
DE,2026-09-15,681.4000244140625,689.3699951171875,680.5900268554688,684.0399780273438,684.0399780273438,1526500,USD,NYQ,America/New_York,Yahoo Finance
DE,2026-09-16,681.72998046875,684.530029296875,665.4500122070312,669.469970703125,669.469970703125,871600,USD,NYQ,America/New_York,Yahoo Finance
DE,2026-09-17,675.6599731445312,687.9199829101562,672.0900268554688,685.6300048828125,685.6300048828125,1232200,USD,NYQ,America/New_York,Yahoo Finance
DE,2026-09-18,684.760009765625,688.0,679.6300048828125,683.989990234375,683.989990234375,2243000,USD,NYQ,America/New_York,Yahoo Finance
DE,2026-09-21,686.1199951171875,695.0499877929688,683.6199951171875,684.72998046875,684.72998046875,953100,USD,NYQ,America/New_York,Yahoo Finance
DE,2026-09-22,688.72998046875,704.9199829101562,684.010009765625,703.1199951171875,703.1199951171875,1548200,USD,NYQ,America/New_York,Yahoo Finance
DE,2026-09-23,702.0499877929688,721.219970703125,701.719970703125,709.47998046875,709.47998046875,1819000,USD,NYQ,America/New_York,Yahoo Finance
DE,2026-09-24,707.2000122070312,708.2000122070312,691.0,694.9400024414062,694.9400024414062,1175500,USD,NYQ,America/New_York,Yahoo Finance
DE,2026-09-25,694.989990234375,698.2899780273438,681.0599975585938,690.4600219726562,690.4600219726562,1112600,USD,NYQ,America/New_York,Yahoo Finance
DE,2026-09-28,687.1300048828125,690.9400024414062,681.8599853515625,689.5900268554688,689.5900268554688,798800,USD,NYQ,America/New_York,Yahoo Finance
DT,2026-08-17,47.470001220703125,48.400001525878906,46.790000915527344,47.61000061035156,47.61000061035156,7390500,USD,NYQ,America/New_York,Yahoo Finance
DT,2026-08-18,47.61000061035156,49.724998474121094,47.5,49.2599983215332,49.2599983215332,18685000,USD,NYQ,America/New_York,Yahoo Finance
DT,2026-08-19,48.939998626708984,49.89500045776367,48.88999938964844,49.599998474121094,49.599998474121094,6037400,USD,NYQ,America/New_York,Yahoo Finance
DT,2026-08-20,49.61000061035156,49.97999954223633,49.029998779296875,49.18000030517578,49.18000030517578,4285500,USD,NYQ,America/New_York,Yahoo Finance
DT,2026-08-21,49.08000183105469,49.599998474121094,48.07500076293945,49.29999923706055,49.29999923706055,4953900,USD,NYQ,America/New_York,Yahoo Finance
DT,2026-08-24,49.4900016784668,49.869998931884766,48.90999984741211,49.04999923706055,49.04999923706055,5585100,USD,NYQ,America/New_York,Yahoo Finance
DT,2026-08-25,50.5,51.36000061035156,49.599998474121094,50.06999969482422,50.06999969482422,8358400,USD,NYQ,America/New_York,Yahoo Finance
DT,2026-08-26,49.06999969482422,51.720001220703125,49.0,51.599998474121094,51.599998474121094,7933600,USD,NYQ,America/New_York,Yahoo Finance
DT,2026-08-27,52.959999084472656,54.25,52.66999816894531,53.43000030517578,53.43000030517578,8814700,USD,NYQ,America/New_York,Yahoo Finance
DT,2026-08-28,53.40999984741211,54.61000061035156,53.290000915527344,53.66999816894531,53.66999816894531,5997200,USD,NYQ,America/New_York,Yahoo Finance
DT,2026-08-31,53.459999084472656,54.834999084472656,53.400001525878906,54.59000015258789,54.59000015258789,7950200,USD,NYQ,America/New_York,Yahoo Finance
DT,2026-09-01,53.810001373291016,54.35499954223633,52.63999938964844,52.86000061035156,52.86000061035156,4909800,USD,NYQ,America/New_York,Yahoo Finance
DT,2026-09-02,52.380001068115234,52.595001220703125,50.86000061035156,50.869998931884766,50.869998931884766,4130800,USD,NYQ,America/New_York,Yahoo Finance
DT,2026-09-03,52.2599983215332,53.20000076293945,51.959999084472656,52.7599983215332,52.7599983215332,5518600,USD,NYQ,America/New_York,Yahoo Finance
DT,2026-09-04,52.66999816894531,53.060001373291016,51.84000015258789,51.900001525878906,51.900001525878906,4394300,USD,NYQ,America/New_York,Yahoo Finance
DT,2026-09-08,51.22999954223633,51.22999954223633,50.119998931884766,50.290000915527344,50.290000915527344,4933600,USD,NYQ,America/New_York,Yahoo Finance
DT,2026-09-09,50.369998931884766,51.290000915527344,49.560001373291016,50.599998474121094,50.599998474121094,6988300,USD,NYQ,America/New_York,Yahoo Finance
DT,2026-09-10,50.599998474121094,51.650001525878906,50.04999923706055,51.41999816894531,51.41999816894531,5562300,USD,NYQ,America/New_York,Yahoo Finance
DT,2026-09-11,51.189998626708984,51.83000183105469,50.900001525878906,51.06999969482422,51.06999969482422,4969700,USD,NYQ,America/New_York,Yahoo Finance
DT,2026-09-14,52.779998779296875,53.5099983215332,51.2599983215332,53.34000015258789,53.34000015258789,5126000,USD,NYQ,America/New_York,Yahoo Finance
DT,2026-09-15,52.77000045776367,55.45000076293945,52.72999954223633,55.16999816894531,55.16999816894531,7673100,USD,NYQ,America/New_York,Yahoo Finance
DT,2026-09-16,54.529998779296875,55.7599983215332,54.36000061035156,55.189998626708984,55.189998626708984,6722600,USD,NYQ,America/New_York,Yahoo Finance
DT,2026-09-17,55.040000915527344,56.27000045776367,54.7599983215332,55.83000183105469,55.83000183105469,7366500,USD,NYQ,America/New_York,Yahoo Finance
DT,2026-09-18,57.209999084472656,57.22999954223633,54.915000915527344,55.13999938964844,55.13999938964844,11514100,USD,NYQ,America/New_York,Yahoo Finance
DT,2026-09-21,55.630001068115234,56.650001525878906,55.18600082397461,56.400001525878906,56.400001525878906,9455200,USD,NYQ,America/New_York,Yahoo Finance
DT,2026-09-22,57.060001373291016,57.25,55.810001373291016,57.20000076293945,57.20000076293945,11923000,USD,NYQ,America/New_York,Yahoo Finance
DT,2026-09-23,57.540000915527344,59.310001373291016,57.38999938964844,58.5099983215332,58.5099983215332,8052900,USD,NYQ,America/New_York,Yahoo Finance
DT,2026-09-24,58.86000061035156,59.40999984741211,57.685001373291016,58.68000030517578,58.68000030517578,8465400,USD,NYQ,America/New_York,Yahoo Finance
DT,2026-09-25,58.810001373291016,59.16999816894531,57.720001220703125,57.95000076293945,57.95000076293945,6848900,USD,NYQ,America/New_York,Yahoo Finance
DT,2026-09-28,56.310001373291016,57.849998474121094,55.64400100708008,57.84000015258789,57.84000015258789,6947400,USD,NYQ,America/New_York,Yahoo Finance
DX,2026-08-17,13.09000015258789,13.119999885559082,13.020000457763672,13.069999694824219,12.722228050231934,4823900,USD,NYQ,America/New_York,Yahoo Finance
DX,2026-08-18,13.079999923706055,13.1899995803833,13.029999732971191,13.180000305175781,12.829300880432129,5242300,USD,NYQ,America/New_York,Yahoo Finance
DX,2026-08-19,13.25,13.399999618530273,13.239999771118164,13.329999923706055,12.975309371948242,7018700,USD,NYQ,America/New_York,Yahoo Finance
DX,2026-08-20,13.289999961853027,13.380000114440918,13.180000305175781,13.25,12.897438049316406,5616100,USD,NYQ,America/New_York,Yahoo Finance
DX,2026-08-21,13.149999618530273,13.180000305175781,13.0,13.029999732971191,12.848135948181152,4667600,USD,NYQ,America/New_York,Yahoo Finance
DX,2026-08-24,13.029999732971191,13.100000381469727,12.9399995803833,13.050000190734863,12.867856979370117,5396500,USD,NYQ,America/New_York,Yahoo Finance
DX,2026-08-25,13.0600004196167,13.09000015258789,12.930000305175781,13.010000228881836,12.828415870666504,4276900,USD,NYQ,America/New_York,Yahoo Finance
DX,2026-08-26,13.020000457763672,13.020000457763672,12.869999885559082,12.880000114440918,12.70022964477539,3022500,USD,NYQ,America/New_York,Yahoo Finance
DX,2026-08-27,12.84000015258789,12.9399995803833,12.819999694824219,12.899999618530273,12.719949722290039,3593100,USD,NYQ,America/New_York,Yahoo Finance
DX,2026-08-28,12.949999809265137,12.979999542236328,12.869999885559082,12.90999984741211,12.72981071472168,3079500,USD,NYQ,America/New_York,Yahoo Finance
DX,2026-08-31,12.869999885559082,13.020000457763672,12.829999923706055,12.890000343322754,12.710090637207031,4976900,USD,NYQ,America/New_York,Yahoo Finance
DX,2026-09-01,12.84000015258789,12.880000114440918,12.710000038146973,12.739999771118164,12.562183380126953,4877300,USD,NYQ,America/New_York,Yahoo Finance
DX,2026-09-02,12.739999771118164,12.779999732971191,12.710000038146973,12.75,12.572044372558594,4911200,USD,NYQ,America/New_York,Yahoo Finance
DX,2026-09-03,12.850000381469727,12.880000114440918,12.729999542236328,12.829999923706055,12.650927543640137,4082300,USD,NYQ,America/New_York,Yahoo Finance
DX,2026-09-04,12.779999732971191,12.960000038146973,12.739999771118164,12.899999618530273,12.719949722290039,2857400,USD,NYQ,America/New_York,Yahoo Finance
DX,2026-09-08,12.899999618530273,13.020000457763672,12.880000114440918,12.890000343322754,12.710090637207031,4508300,USD,NYQ,America/New_York,Yahoo Finance
DX,2026-09-09,12.920000076293945,12.970000267028809,12.829999923706055,12.829999923706055,12.650927543640137,3241800,USD,NYQ,America/New_York,Yahoo Finance
DX,2026-09-10,12.770000457763672,12.770000457763672,12.5,12.5600004196167,12.384696006774902,7965500,USD,NYQ,America/New_York,Yahoo Finance
DX,2026-09-11,12.630000114440918,12.6899995803833,12.470000267028809,12.520000457763672,12.345254898071289,6902200,USD,NYQ,America/New_York,Yahoo Finance
DX,2026-09-14,12.520000457763672,12.569999694824219,12.34000015258789,12.40999984741211,12.23678970336914,6541500,USD,NYQ,America/New_York,Yahoo Finance
DX,2026-09-15,12.40999984741211,12.460000038146973,12.199999809265137,12.229999542236328,12.059301376342773,5717300,USD,NYQ,America/New_York,Yahoo Finance
DX,2026-09-16,12.25,12.350000381469727,12.029999732971191,12.15999984741211,11.990279197692871,8326900,USD,NYQ,America/New_York,Yahoo Finance
DX,2026-09-17,12.319999694824219,12.430000305175781,12.279999732971191,12.289999961853027,12.118464469909668,6552800,USD,NYQ,America/New_York,Yahoo Finance
DX,2026-09-18,12.289999961853027,12.3100004196167,12.170000076293945,12.180000305175781,12.010000228881836,14881000,USD,NYQ,America/New_York,Yahoo Finance
DX,2026-09-21,12.100000381469727,12.170000076293945,12.020000457763672,12.069999694824219,12.069999694824219,5231800,USD,NYQ,America/New_York,Yahoo Finance
DX,2026-09-22,12.119999885559082,12.25,12.079999923706055,12.100000381469727,12.100000381469727,5554700,USD,NYQ,America/New_York,Yahoo Finance
DX,2026-09-23,12.069999694824219,12.079999923706055,11.710000038146973,11.729999542236328,11.729999542236328,9698500,USD,NYQ,America/New_York,Yahoo Finance
DX,2026-09-24,11.729999542236328,11.760000228881836,11.329999923706055,11.34000015258789,11.34000015258789,9292800,USD,NYQ,America/New_York,Yahoo Finance
DX,2026-09-25,11.40999984741211,11.420000076293945,11.119999885559082,11.34000015258789,11.34000015258789,9247000,USD,NYQ,America/New_York,Yahoo Finance
DX,2026-09-28,11.260000228881836,11.5,11.149999618530273,11.329999923706055,11.329999923706055,8145200,USD,NYQ,America/New_York,Yahoo Finance
DXPE,2026-08-17,199.02999877929688,205.77999877929688,197.6300048828125,199.91000366210938,199.91000366210938,147700,USD,NMS,America/New_York,Yahoo Finance
DXPE,2026-08-18,197.27999877929688,200.9199981689453,194.5500030517578,197.6199951171875,197.6199951171875,107200,USD,NMS,America/New_York,Yahoo Finance
DXPE,2026-08-19,200.77999877929688,202.8800048828125,190.7899932861328,191.49000549316406,191.49000549316406,172600,USD,NMS,America/New_York,Yahoo Finance
DXPE,2026-08-20,188.82000732421875,190.3800048828125,182.74000549316406,187.5800018310547,187.5800018310547,118500,USD,NMS,America/New_York,Yahoo Finance
DXPE,2026-08-21,190.3800048828125,191.75,187.02000427246094,190.27999877929688,190.27999877929688,121500,USD,NMS,America/New_York,Yahoo Finance
DXPE,2026-08-24,190.2100067138672,190.8699951171875,186.10000610351562,186.8000030517578,186.8000030517578,54000,USD,NMS,America/New_York,Yahoo Finance
DXPE,2026-08-25,190.0800018310547,191.2100067138672,184.94000244140625,188.44000244140625,188.44000244140625,104800,USD,NMS,America/New_York,Yahoo Finance
DXPE,2026-08-26,189.83999633789062,193.22999572753906,189.16000366210938,190.8000030517578,190.8000030517578,125000,USD,NMS,America/New_York,Yahoo Finance
DXPE,2026-08-27,191.1699981689453,193.99000549316406,189.22999572753906,192.80999755859375,192.80999755859375,83500,USD,NMS,America/New_York,Yahoo Finance
DXPE,2026-08-28,193.3699951171875,193.60000610351562,184.4600067138672,185.9199981689453,185.9199981689453,95400,USD,NMS,America/New_York,Yahoo Finance
DXPE,2026-08-31,186.4199981689453,188.4600067138672,182.67999267578125,187.72999572753906,187.72999572753906,107900,USD,NMS,America/New_York,Yahoo Finance
DXPE,2026-09-01,184.91000366210938,186.80999755859375,181.91000366210938,183.10000610351562,183.10000610351562,79500,USD,NMS,America/New_York,Yahoo Finance
DXPE,2026-09-02,183.57000732421875,186.25999450683594,179.2899932861328,180.47999572753906,180.47999572753906,138900,USD,NMS,America/New_York,Yahoo Finance
DXPE,2026-09-03,182.75,185.08999633789062,179.02000427246094,181.2100067138672,181.2100067138672,98900,USD,NMS,America/New_York,Yahoo Finance
DXPE,2026-09-04,182.10000610351562,186.3300018310547,182.10000610351562,184.0,184.0,100800,USD,NMS,America/New_York,Yahoo Finance
DXPE,2026-09-08,184.0,189.2100067138672,182.6699981689453,189.0399932861328,189.0399932861328,88000,USD,NMS,America/New_York,Yahoo Finance
DXPE,2026-09-09,187.77999877929688,189.9600067138672,185.94000244140625,186.55999755859375,186.55999755859375,100700,USD,NMS,America/New_York,Yahoo Finance
DXPE,2026-09-10,184.6300048828125,185.74000549316406,181.9499969482422,183.13999938964844,183.13999938964844,68100,USD,NMS,America/New_York,Yahoo Finance
DXPE,2026-09-11,186.77999877929688,189.38999938964844,185.1999969482422,187.08999633789062,187.08999633789062,103000,USD,NMS,America/New_York,Yahoo Finance
DXPE,2026-09-14,182.1300048828125,182.47999572753906,177.36000061035156,179.7899932861328,179.7899932861328,105000,USD,NMS,America/New_York,Yahoo Finance
DXPE,2026-09-15,181.22999572753906,182.1300048828125,178.08999633789062,179.83999633789062,179.83999633789062,132500,USD,NMS,America/New_York,Yahoo Finance
DXPE,2026-09-16,182.5399932861328,185.9199981689453,181.22000122070312,183.5399932861328,183.5399932861328,119700,USD,NMS,America/New_York,Yahoo Finance
DXPE,2026-09-17,188.7899932861328,188.7899932861328,183.16000366210938,184.13999938964844,184.13999938964844,116600,USD,NMS,America/New_York,Yahoo Finance
DXPE,2026-09-18,184.13999938964844,185.91000366210938,182.1699981689453,185.25999450683594,185.25999450683594,146300,USD,NMS,America/New_York,Yahoo Finance
DXPE,2026-09-21,186.27000427246094,189.22000122070312,184.9499969482422,188.19000244140625,188.19000244140625,104900,USD,NMS,America/New_York,Yahoo Finance
DXPE,2026-09-22,189.9499969482422,192.05999755859375,188.3699951171875,189.85000610351562,189.85000610351562,127500,USD,NMS,America/New_York,Yahoo Finance
DXPE,2026-09-23,189.36000061035156,191.1699981689453,187.5,191.0800018310547,191.0800018310547,92300,USD,NMS,America/New_York,Yahoo Finance
DXPE,2026-09-24,191.0800018310547,194.36000061035156,188.72000122070312,193.64999389648438,193.64999389648438,213500,USD,NMS,America/New_York,Yahoo Finance
DXPE,2026-09-25,194.36000061035156,198.38999938964844,191.39999389648438,192.10000610351562,192.10000610351562,147000,USD,NMS,America/New_York,Yahoo Finance
DXPE,2026-09-28,191.9600067138672,195.6199951171875,190.47000122070312,191.42999267578125,191.42999267578125,162100,USD,NMS,America/New_York,Yahoo Finance
EFOR,2026-08-17,30.5,32.029998779296875,30.5,30.860000610351562,30.860000610351562,705900,USD,NYQ,America/New_York,Yahoo Finance
EFOR,2026-08-18,31.43000030517578,31.829999923706055,30.549999237060547,30.790000915527344,30.790000915527344,755800,USD,NYQ,America/New_York,Yahoo Finance
EFOR,2026-08-19,30.739999771118164,33.040000915527344,30.700000762939453,31.950000762939453,31.950000762939453,605200,USD,NYQ,America/New_York,Yahoo Finance
EFOR,2026-08-20,32.040000915527344,32.68000030517578,31.540000915527344,32.16999816894531,32.16999816894531,467100,USD,NYQ,America/New_York,Yahoo Finance
EFOR,2026-08-21,32.150001525878906,33.31999969482422,31.420000076293945,32.70000076293945,32.70000076293945,623900,USD,NYQ,America/New_York,Yahoo Finance
EFOR,2026-08-24,32.75,33.36000061035156,32.220001220703125,32.5,32.5,478000,USD,NYQ,America/New_York,Yahoo Finance
EFOR,2026-08-25,32.0099983215332,33.72999954223633,31.40999984741211,31.559999465942383,31.559999465942383,320900,USD,NYQ,America/New_York,Yahoo Finance
EFOR,2026-08-26,31.09000015258789,31.670000076293945,30.709999084472656,31.450000762939453,31.450000762939453,388900,USD,NYQ,America/New_York,Yahoo Finance
EFOR,2026-08-27,31.260000228881836,32.08000183105469,31.260000228881836,31.639999389648438,31.639999389648438,455700,USD,NYQ,America/New_York,Yahoo Finance
EFOR,2026-08-28,31.329999923706055,32.4900016784668,31.270000457763672,31.950000762939453,31.950000762939453,814500,USD,NYQ,America/New_York,Yahoo Finance
EFOR,2026-08-31,31.600000381469727,32.619998931884766,31.510000228881836,32.41999816894531,32.41999816894531,814500,USD,NYQ,America/New_York,Yahoo Finance
EFOR,2026-09-01,32.41999816894531,33.09000015258789,30.170000076293945,30.280000686645508,30.280000686645508,676300,USD,NYQ,America/New_York,Yahoo Finance
EFOR,2026-09-02,30.219999313354492,31.559999465942383,30.219999313354492,30.8799991607666,30.8799991607666,742000,USD,NYQ,America/New_York,Yahoo Finance
EFOR,2026-09-03,31.780000686645508,32.77000045776367,30.90999984741211,31.829999923706055,31.829999923706055,1171500,USD,NYQ,America/New_York,Yahoo Finance
EFOR,2026-09-04,31.420000076293945,32.68000030517578,30.920000076293945,32.54999923706055,32.54999923706055,578500,USD,NYQ,America/New_York,Yahoo Finance
EFOR,2026-09-08,32.0099983215332,32.0099983215332,30.09000015258789,30.920000076293945,30.920000076293945,631200,USD,NYQ,America/New_York,Yahoo Finance
EFOR,2026-09-09,30.940000534057617,31.149999618530273,29.709999084472656,30.600000381469727,30.600000381469727,583000,USD,NYQ,America/New_York,Yahoo Finance
EFOR,2026-09-10,30.459999084472656,31.020000457763672,29.940000534057617,30.389999389648438,30.389999389648438,441500,USD,NYQ,America/New_York,Yahoo Finance
EFOR,2026-09-11,30.6299991607666,31.5,30.239999771118164,31.469999313354492,31.469999313354492,416600,USD,NYQ,America/New_York,Yahoo Finance
EFOR,2026-09-14,31.5,34.369998931884766,31.5,34.04999923706055,34.04999923706055,1042600,USD,NYQ,America/New_York,Yahoo Finance
EFOR,2026-09-15,33.16999816894531,34.41999816894531,33.13999938964844,33.79999923706055,33.79999923706055,1267500,USD,NYQ,America/New_York,Yahoo Finance
EFOR,2026-09-16,33.45000076293945,33.52000045776367,32.27000045776367,32.43000030517578,32.43000030517578,588600,USD,NYQ,America/New_York,Yahoo Finance
EFOR,2026-09-17,32.43000030517578,33.22999954223633,31.649999618530273,32.93000030517578,32.93000030517578,740900,USD,NYQ,America/New_York,Yahoo Finance
EFOR,2026-09-18,32.849998474121094,33.06999969482422,31.540000915527344,32.7599983215332,32.7599983215332,1679300,USD,NYQ,America/New_York,Yahoo Finance
EFOR,2026-09-21,33.33000183105469,33.93000030517578,32.290000915527344,32.88999938964844,32.88999938964844,578300,USD,NYQ,America/New_York,Yahoo Finance
EFOR,2026-09-22,33.650001525878906,34.0099983215332,31.780000686645508,32.279998779296875,32.279998779296875,482000,USD,NYQ,America/New_York,Yahoo Finance
EFOR,2026-09-23,32.54999923706055,33.650001525878906,32.0,33.150001525878906,33.150001525878906,576500,USD,NYQ,America/New_York,Yahoo Finance
EFOR,2026-09-24,33.4900016784668,33.97999954223633,31.989999771118164,32.43000030517578,32.43000030517578,552000,USD,NYQ,America/New_York,Yahoo Finance
EFOR,2026-09-25,32.5,33.619998931884766,32.310001373291016,33.119998931884766,33.119998931884766,512600,USD,NYQ,America/New_York,Yahoo Finance
EFOR,2026-09-28,32.880001068115234,33.220001220703125,32.09000015258789,32.83000183105469,32.83000183105469,461400,USD,NYQ,America/New_York,Yahoo Finance
EFX,2026-08-17,178.91000366210938,179.85000610351562,176.1999969482422,176.8000030517578,176.2905731201172,922700,USD,NYQ,America/New_York,Yahoo Finance
EFX,2026-08-18,179.27000427246094,183.00999450683594,177.3699951171875,181.83999633789062,181.3160400390625,1283700,USD,NYQ,America/New_York,Yahoo Finance
EFX,2026-08-19,183.55999755859375,194.97999572753906,183.55999755859375,192.10000610351562,191.54649353027344,1579800,USD,NYQ,America/New_York,Yahoo Finance
EFX,2026-08-20,189.1699981689453,195.86000061035156,188.19000244140625,192.41000366210938,191.8555908203125,1194000,USD,NYQ,America/New_York,Yahoo Finance
EFX,2026-08-21,194.2100067138672,196.27999877929688,190.77999877929688,192.6199951171875,192.06497192382812,1169300,USD,NYQ,America/New_York,Yahoo Finance
EFX,2026-08-24,192.50999450683594,196.4499969482422,192.07000732421875,194.6300048828125,194.06919860839844,1254400,USD,NYQ,America/New_York,Yahoo Finance
EFX,2026-08-25,191.82000732421875,194.10000610351562,190.0,191.88999938964844,191.3370819091797,1003900,USD,NYQ,America/New_York,Yahoo Finance
EFX,2026-08-26,189.72000122070312,192.58999633789062,189.5800018310547,190.55999755859375,190.0109100341797,778000,USD,NYQ,America/New_York,Yahoo Finance
EFX,2026-08-27,189.4199981689453,194.11000061035156,189.4199981689453,190.36000061035156,189.81149291992188,684600,USD,NYQ,America/New_York,Yahoo Finance
EFX,2026-08-28,191.1300048828125,197.89999389648438,191.1300048828125,194.35000610351562,193.79000854492188,1148400,USD,NYQ,America/New_York,Yahoo Finance
EFX,2026-08-31,191.13999938964844,192.10000610351562,188.13999938964844,189.16000366210938,189.16000366210938,784200,USD,NYQ,America/New_York,Yahoo Finance
EFX,2026-09-01,187.88999938964844,190.07000732421875,185.24000549316406,186.1999969482422,186.1999969482422,808300,USD,NYQ,America/New_York,Yahoo Finance
EFX,2026-09-02,185.5399932861328,187.1999969482422,182.94000244140625,185.47999572753906,185.47999572753906,701700,USD,NYQ,America/New_York,Yahoo Finance
EFX,2026-09-03,187.0,192.50999450683594,186.3300018310547,189.08999633789062,189.08999633789062,749800,USD,NYQ,America/New_York,Yahoo Finance
EFX,2026-09-04,167.99000549316406,179.27000427246094,167.92999267578125,177.0500030517578,177.0500030517578,2736800,USD,NYQ,America/New_York,Yahoo Finance
EFX,2026-09-08,179.6999969482422,179.8699951171875,170.69000244140625,171.6199951171875,171.6199951171875,1437800,USD,NYQ,America/New_York,Yahoo Finance
EFX,2026-09-09,170.1699981689453,175.88999938964844,166.64999389648438,168.08999633789062,168.08999633789062,1678100,USD,NYQ,America/New_York,Yahoo Finance
EFX,2026-09-10,168.14999389648438,171.77999877929688,166.32000732421875,168.0399932861328,168.0399932861328,1196400,USD,NYQ,America/New_York,Yahoo Finance
EFX,2026-09-11,169.14999389648438,169.97000122070312,166.82000732421875,169.0,169.0,1056500,USD,NYQ,America/New_York,Yahoo Finance
EFX,2026-09-14,172.00999450683594,174.75999450683594,167.25,172.2899932861328,172.2899932861328,1499800,USD,NYQ,America/New_York,Yahoo Finance
EFX,2026-09-15,171.1999969482422,172.10000610351562,166.5,167.0800018310547,167.0800018310547,1867000,USD,NYQ,America/New_York,Yahoo Finance
EFX,2026-09-16,166.55999755859375,166.64999389648438,162.91000366210938,163.8000030517578,163.8000030517578,1128600,USD,NYQ,America/New_York,Yahoo Finance
EFX,2026-09-17,165.17999267578125,165.17999267578125,161.07000732421875,161.1699981689453,161.1699981689453,1014400,USD,NYQ,America/New_York,Yahoo Finance
EFX,2026-09-18,160.8800048828125,161.3800048828125,157.63999938964844,158.8699951171875,158.8699951171875,3465300,USD,NYQ,America/New_York,Yahoo Finance
EFX,2026-09-21,160.32000732421875,160.6199951171875,157.5,158.6199951171875,158.6199951171875,1439200,USD,NYQ,America/New_York,Yahoo Finance
EFX,2026-09-22,160.44000244140625,162.52999877929688,157.85000610351562,159.77999877929688,159.77999877929688,1530400,USD,NYQ,America/New_York,Yahoo Finance
EFX,2026-09-23,159.6199951171875,160.3699951171875,154.6699981689453,155.32000732421875,155.32000732421875,1552100,USD,NYQ,America/New_York,Yahoo Finance
EFX,2026-09-24,155.32000732421875,157.1999969482422,148.11000061035156,148.8000030517578,148.8000030517578,1831400,USD,NYQ,America/New_York,Yahoo Finance
EFX,2026-09-25,148.60000610351562,150.07000732421875,146.8000030517578,148.11000061035156,148.11000061035156,3028700,USD,NYQ,America/New_York,Yahoo Finance
EFX,2026-09-28,146.67999267578125,147.41000366210938,143.74000549316406,145.77999877929688,145.77999877929688,2323500,USD,NYQ,America/New_York,Yahoo Finance
ENB.TO,2026-08-20,69.51000213623047,71.52999877929688,69.41000366210938,70.47000122070312,70.47000122070312,12933500,CAD,TOR,America/Toronto,Yahoo Finance
ENB.TO,2026-08-21,70.38999938964844,70.91000366210938,69.12000274658203,69.54000091552734,69.54000091552734,11253400,CAD,TOR,America/Toronto,Yahoo Finance
ENB.TO,2026-08-24,69.44999694824219,69.80000305175781,68.70999908447266,69.36000061035156,69.36000061035156,8020900,CAD,TOR,America/Toronto,Yahoo Finance
ENB.TO,2026-08-25,68.94999694824219,69.37000274658203,68.76000213623047,68.83000183105469,68.83000183105469,8392500,CAD,TOR,America/Toronto,Yahoo Finance
ENB.TO,2026-08-26,68.91999816894531,70.2300033569336,68.80000305175781,69.80000305175781,69.80000305175781,5677100,CAD,TOR,America/Toronto,Yahoo Finance
ENB.TO,2026-08-27,69.87999725341797,69.94999694824219,68.9000015258789,69.27999877929688,69.27999877929688,6481400,CAD,TOR,America/Toronto,Yahoo Finance
ENB.TO,2026-08-28,69.75,70.25,69.41000366210938,69.76000213623047,69.76000213623047,7222100,CAD,TOR,America/Toronto,Yahoo Finance
ENB.TO,2026-08-31,69.5,70.2300033569336,69.19999694824219,70.22000122070312,70.22000122070312,10780200,CAD,TOR,America/Toronto,Yahoo Finance
ENB.TO,2026-09-01,70.20999908447266,70.83000183105469,69.5999984741211,70.54000091552734,70.54000091552734,9921500,CAD,TOR,America/Toronto,Yahoo Finance
ENB.TO,2026-09-02,70.44999694824219,70.54000091552734,69.41999816894531,69.69999694824219,69.69999694824219,10314600,CAD,TOR,America/Toronto,Yahoo Finance
ENB.TO,2026-09-03,69.6500015258789,70.08999633789062,69.3499984741211,69.69999694824219,69.69999694824219,8253000,CAD,TOR,America/Toronto,Yahoo Finance
ENB.TO,2026-09-04,69.51000213623047,69.66000366210938,69.05000305175781,69.31999969482422,69.31999969482422,9887000,CAD,TOR,America/Toronto,Yahoo Finance
ENB.TO,2026-09-08,69.31999969482422,69.86000061035156,68.77999877929688,69.69000244140625,69.69000244140625,10985500,CAD,TOR,America/Toronto,Yahoo Finance
ENB.TO,2026-09-09,69.87000274658203,70.01000213623047,68.83000183105469,69.27999877929688,69.27999877929688,12230300,CAD,TOR,America/Toronto,Yahoo Finance
ENB.TO,2026-09-10,66.76000213623047,67.19999694824219,66.5199966430664,66.73999786376953,66.73999786376953,20657600,CAD,TOR,America/Toronto,Yahoo Finance
ENB.TO,2026-09-11,67.0,67.19000244140625,66.05999755859375,66.2300033569336,66.2300033569336,11707000,CAD,TOR,America/Toronto,Yahoo Finance
ENB.TO,2026-09-14,66.75,67.69999694824219,66.69000244140625,67.02999877929688,67.02999877929688,12478300,CAD,TOR,America/Toronto,Yahoo Finance
ENB.TO,2026-09-15,67.8499984741211,68.20999908447266,67.12999725341797,67.4000015258789,67.4000015258789,4879200,CAD,TOR,America/Toronto,Yahoo Finance
ENB.TO,2026-09-16,67.44999694824219,68.06999969482422,67.2699966430664,67.69999694824219,67.69999694824219,10717100,CAD,TOR,America/Toronto,Yahoo Finance
ENB.TO,2026-09-17,67.5999984741211,68.4000015258789,67.5,68.18000030517578,68.18000030517578,3562100,CAD,TOR,America/Toronto,Yahoo Finance
ENB.TO,2026-09-18,68.23999786376953,68.52999877929688,67.95999908447266,68.13999938964844,68.13999938964844,14892600,CAD,TOR,America/Toronto,Yahoo Finance
ENB.TO,2026-09-21,68.0,68.41999816894531,67.6500015258789,67.69000244140625,67.69000244140625,8155300,CAD,TOR,America/Toronto,Yahoo Finance
ENB.TO,2026-09-22,67.5,68.19999694824219,67.13999938964844,67.47000122070312,67.47000122070312,3309900,CAD,TOR,America/Toronto,Yahoo Finance
ENB.TO,2026-09-23,67.5,67.97000122070312,67.41999816894531,67.47000122070312,67.47000122070312,5758700,CAD,TOR,America/Toronto,Yahoo Finance
ENB.TO,2026-09-24,67.75,67.8499984741211,66.91999816894531,66.98999786376953,66.98999786376953,4346000,CAD,TOR,America/Toronto,Yahoo Finance
ENB.TO,2026-09-25,66.8499984741211,67.0199966430664,65.76000213623047,66.12999725341797,66.12999725341797,6577300,CAD,TOR,America/Toronto,Yahoo Finance
ENB.TO,2026-09-28,66.63999938964844,66.83999633789062,65.9800033569336,66.58000183105469,66.58000183105469,6354000,CAD,TOR,America/Toronto,Yahoo Finance
ENB.TO,2026-09-29,66.41000366210938,66.47000122070312,65.79000091552734,66.20999908447266,66.20999908447266,3585000,CAD,TOR,America/Toronto,Yahoo Finance
ENB.TO,2026-09-30,66.2300033569336,66.55000305175781,66.05999755859375,66.1500015258789,66.1500015258789,4430900,CAD,TOR,America/Toronto,Yahoo Finance
ENB.TO,2026-10-01,65.91000366210938,66.12000274658203,65.0999984741211,65.7699966430664,65.7699966430664,3843400,CAD,TOR,America/Toronto,Yahoo Finance
ENIC,2026-08-17,4.5,4.579999923706055,4.48199987411499,4.559999942779541,4.559999942779541,230800,USD,NYQ,America/New_York,Yahoo Finance
ENIC,2026-08-18,4.539999961853027,4.554999828338623,4.489999771118164,4.519999980926514,4.519999980926514,440400,USD,NYQ,America/New_York,Yahoo Finance
ENIC,2026-08-19,4.550000190734863,4.630000114440918,4.5,4.519999980926514,4.519999980926514,505500,USD,NYQ,America/New_York,Yahoo Finance
ENIC,2026-08-20,4.5,4.53000020980835,4.394999980926514,4.409999847412109,4.409999847412109,470100,USD,NYQ,America/New_York,Yahoo Finance
ENIC,2026-08-21,4.449999809265137,4.46999979019165,4.400000095367432,4.440000057220459,4.440000057220459,403300,USD,NYQ,America/New_York,Yahoo Finance
ENIC,2026-08-24,4.460000038146973,4.550000190734863,4.420000076293945,4.53000020980835,4.53000020980835,295500,USD,NYQ,America/New_York,Yahoo Finance
ENIC,2026-08-25,4.519999980926514,4.570000171661377,4.480000019073486,4.570000171661377,4.570000171661377,692000,USD,NYQ,America/New_York,Yahoo Finance
ENIC,2026-08-26,4.559999942779541,4.574999809265137,4.425000190734863,4.46999979019165,4.46999979019165,552800,USD,NYQ,America/New_York,Yahoo Finance
ENIC,2026-08-27,4.46999979019165,4.480000019073486,4.389999866485596,4.440000057220459,4.440000057220459,307200,USD,NYQ,America/New_York,Yahoo Finance
ENIC,2026-08-28,4.46999979019165,4.46999979019165,4.324999809265137,4.349999904632568,4.349999904632568,1992500,USD,NYQ,America/New_York,Yahoo Finance
ENIC,2026-08-31,4.349999904632568,4.364999771118164,4.251999855041504,4.340000152587891,4.340000152587891,1363900,USD,NYQ,America/New_York,Yahoo Finance
ENIC,2026-09-01,4.309999942779541,4.36899995803833,4.309999942779541,4.309999942779541,4.309999942779541,1014200,USD,NYQ,America/New_York,Yahoo Finance
ENIC,2026-09-02,4.349999904632568,4.40500020980835,4.315000057220459,4.380000114440918,4.380000114440918,1529500,USD,NYQ,America/New_York,Yahoo Finance
ENIC,2026-09-03,4.380000114440918,4.439000129699707,4.349999904632568,4.380000114440918,4.380000114440918,361300,USD,NYQ,America/New_York,Yahoo Finance
ENIC,2026-09-04,4.380000114440918,4.460000038146973,4.355000019073486,4.449999809265137,4.449999809265137,409200,USD,NYQ,America/New_York,Yahoo Finance
ENIC,2026-09-08,4.5,4.610000133514404,4.5,4.579999923706055,4.579999923706055,998600,USD,NYQ,America/New_York,Yahoo Finance
ENIC,2026-09-09,4.559999942779541,4.570000171661377,4.449999809265137,4.489999771118164,4.489999771118164,535100,USD,NYQ,America/New_York,Yahoo Finance
ENIC,2026-09-10,4.460000038146973,4.480000019073486,4.409999847412109,4.460000038146973,4.460000038146973,380000,USD,NYQ,America/New_York,Yahoo Finance
ENIC,2026-09-11,4.489999771118164,4.5,4.349999904632568,4.380000114440918,4.380000114440918,437100,USD,NYQ,America/New_York,Yahoo Finance
ENIC,2026-09-14,4.309999942779541,4.320000171661377,4.230000019073486,4.309999942779541,4.309999942779541,456800,USD,NYQ,America/New_York,Yahoo Finance
ENIC,2026-09-15,4.329999923706055,4.329999923706055,4.239999771118164,4.289999961853027,4.289999961853027,580100,USD,NYQ,America/New_York,Yahoo Finance
ENIC,2026-09-16,4.340000152587891,4.340000152587891,4.275000095367432,4.309999942779541,4.309999942779541,718700,USD,NYQ,America/New_York,Yahoo Finance
ENIC,2026-09-17,4.349999904632568,4.355999946594238,4.289999961853027,4.320000171661377,4.320000171661377,569300,USD,NYQ,America/New_York,Yahoo Finance
ENIC,2026-09-18,4.309999942779541,4.314000129699707,4.139999866485596,4.190000057220459,4.190000057220459,3458000,USD,NYQ,America/New_York,Yahoo Finance
ENIC,2026-09-21,4.349999904632568,4.360000133514404,4.269999980926514,4.309999942779541,4.309999942779541,1004400,USD,NYQ,America/New_York,Yahoo Finance
ENIC,2026-09-22,4.360000133514404,4.454999923706055,4.34499979019165,4.420000076293945,4.420000076293945,485300,USD,NYQ,America/New_York,Yahoo Finance
ENIC,2026-09-23,4.400000095367432,4.409999847412109,4.340000152587891,4.340000152587891,4.340000152587891,403200,USD,NYQ,America/New_York,Yahoo Finance
ENIC,2026-09-24,4.340000152587891,4.369999885559082,4.230000019073486,4.239999771118164,4.239999771118164,755700,USD,NYQ,America/New_York,Yahoo Finance
ENIC,2026-09-25,4.28000020980835,4.309999942779541,4.224999904632568,4.289999961853027,4.289999961853027,478300,USD,NYQ,America/New_York,Yahoo Finance
ENIC,2026-09-28,4.260000228881836,4.28000020980835,4.224999904632568,4.260000228881836,4.260000228881836,410900,USD,NYQ,America/New_York,Yahoo Finance
EOI,2026-08-17,20.09000015258789,20.239999771118164,20.049999237060547,20.170000076293945,20.032873153686523,66100,USD,NYQ,America/New_York,Yahoo Finance
EOI,2026-08-18,20.139999389648438,20.149999618530273,20.020000457763672,20.09000015258789,19.95341682434082,78700,USD,NYQ,America/New_York,Yahoo Finance
EOI,2026-08-19,20.1299991607666,20.1299991607666,19.989999771118164,20.0,19.864028930664062,61700,USD,NYQ,America/New_York,Yahoo Finance
EOI,2026-08-20,19.989999771118164,20.100000381469727,19.75,19.799999237060547,19.665388107299805,52100,USD,NYQ,America/New_York,Yahoo Finance
EOI,2026-08-21,19.81999969482422,20.0,19.780000686645508,19.8799991607666,19.744844436645508,32200,USD,NYQ,America/New_York,Yahoo Finance
EOI,2026-08-24,19.899999618530273,19.959999084472656,19.799999237060547,19.860000610351562,19.7249813079834,44500,USD,NYQ,America/New_York,Yahoo Finance
EOI,2026-08-25,19.959999084472656,19.979999542236328,19.829999923706055,19.969999313354492,19.834232330322266,58200,USD,NYQ,America/New_York,Yahoo Finance
EOI,2026-08-26,19.969999313354492,20.010000228881836,19.860000610351562,19.989999771118164,19.854097366333008,34700,USD,NYQ,America/New_York,Yahoo Finance
EOI,2026-08-27,20.100000381469727,20.149999618530273,19.899999618530273,20.149999618530273,20.01300811767578,37800,USD,NYQ,America/New_York,Yahoo Finance
EOI,2026-08-28,20.149999618530273,20.229999542236328,20.09000015258789,20.209999084472656,20.072599411010742,76000,USD,NYQ,America/New_York,Yahoo Finance
EOI,2026-08-31,20.1299991607666,20.170000076293945,20.0,20.15999984741211,20.02294158935547,92500,USD,NYQ,America/New_York,Yahoo Finance
EOI,2026-09-01,19.93000030517578,20.049999237060547,19.920000076293945,19.93000030517578,19.794504165649414,63200,USD,NYQ,America/New_York,Yahoo Finance
EOI,2026-09-02,19.860000610351562,19.989999771118164,19.84000015258789,19.889999389648438,19.754776000976562,48800,USD,NYQ,America/New_York,Yahoo Finance
EOI,2026-09-03,20.059999465942383,20.139999389648438,19.940000534057617,20.06999969482422,19.933551788330078,57000,USD,NYQ,America/New_York,Yahoo Finance
EOI,2026-09-04,20.06999969482422,20.15999984741211,20.010000228881836,20.020000457763672,19.883893966674805,40900,USD,NYQ,America/New_York,Yahoo Finance
EOI,2026-09-08,20.020000457763672,20.100000381469727,19.950000762939453,19.959999084472656,19.824298858642578,49100,USD,NYQ,America/New_York,Yahoo Finance
EOI,2026-09-09,19.950000762939453,19.969999313354492,19.790000915527344,19.809999465942383,19.67531967163086,52300,USD,NYQ,America/New_York,Yahoo Finance
EOI,2026-09-10,19.770000457763672,19.84000015258789,19.6200008392334,19.65999984741211,19.52634048461914,45800,USD,NYQ,America/New_York,Yahoo Finance
EOI,2026-09-11,19.809999465942383,19.950000762939453,19.68000030517578,19.690000534057617,19.556137084960938,66000,USD,NYQ,America/New_York,Yahoo Finance
EOI,2026-09-14,19.6200008392334,19.809999465942383,19.559999465942383,19.709999084472656,19.576000213623047,99600,USD,NYQ,America/New_York,Yahoo Finance
EOI,2026-09-15,19.549999237060547,19.600000381469727,19.399999618530273,19.459999084472656,19.459999084472656,78500,USD,NYQ,America/New_York,Yahoo Finance
EOI,2026-09-16,19.399999618530273,19.59000015258789,19.350000381469727,19.399999618530273,19.399999618530273,59200,USD,NYQ,America/New_York,Yahoo Finance
EOI,2026-09-17,19.549999237060547,19.68000030517578,19.520000457763672,19.6200008392334,19.6200008392334,76700,USD,NYQ,America/New_York,Yahoo Finance
EOI,2026-09-18,19.690000534057617,19.700000762939453,19.540000915527344,19.639999389648438,19.639999389648438,68400,USD,NYQ,America/New_York,Yahoo Finance
EOI,2026-09-21,19.780000686645508,19.93000030517578,19.639999389648438,19.889999389648438,19.889999389648438,67100,USD,NYQ,America/New_York,Yahoo Finance
EOI,2026-09-22,19.920000076293945,20.020000457763672,19.860000610351562,19.950000762939453,19.950000762939453,60100,USD,NYQ,America/New_York,Yahoo Finance
EOI,2026-09-23,20.0,20.010000228881836,19.690000534057617,19.780000686645508,19.780000686645508,44900,USD,NYQ,America/New_York,Yahoo Finance
EOI,2026-09-24,19.770000457763672,19.790000915527344,19.649999618530273,19.729999542236328,19.729999542236328,66300,USD,NYQ,America/New_York,Yahoo Finance
EOI,2026-09-25,19.790000915527344,19.979999542236328,19.690000534057617,19.940000534057617,19.940000534057617,74900,USD,NYQ,America/New_York,Yahoo Finance
EOI,2026-09-28,19.81999969482422,19.90999984741211,19.719999313354492,19.739999771118164,19.739999771118164,62500,USD,NYQ,America/New_York,Yahoo Finance
ESTC,2026-08-17,85.51000213623047,86.37999725341797,82.18000030517578,83.44000244140625,83.44000244140625,3442500,USD,NYQ,America/New_York,Yahoo Finance
ESTC,2026-08-18,84.11000061035156,86.58999633789062,83.5,85.01000213623047,85.01000213623047,2773400,USD,NYQ,America/New_York,Yahoo Finance
ESTC,2026-08-19,84.9800033569336,87.95999908447266,84.5,87.33999633789062,87.33999633789062,3554600,USD,NYQ,America/New_York,Yahoo Finance
ESTC,2026-08-20,87.88999938964844,88.20999908447266,85.2699966430664,85.9000015258789,85.9000015258789,1757000,USD,NYQ,America/New_York,Yahoo Finance
ESTC,2026-08-21,85.43000030517578,86.23999786376953,83.51000213623047,85.94000244140625,85.94000244140625,1411100,USD,NYQ,America/New_York,Yahoo Finance
ESTC,2026-08-24,85.68000030517578,86.05999755859375,82.94999694824219,83.23999786376953,83.23999786376953,2169700,USD,NYQ,America/New_York,Yahoo Finance
ESTC,2026-08-25,82.9800033569336,83.31999969482422,79.44000244140625,80.4000015258789,80.4000015258789,2113400,USD,NYQ,America/New_York,Yahoo Finance
ESTC,2026-08-26,79.05000305175781,80.91000366210938,78.79000091552734,79.25,79.25,1693900,USD,NYQ,America/New_York,Yahoo Finance
ESTC,2026-08-27,82.6500015258789,85.77999877929688,82.0,83.73999786376953,83.73999786376953,5251000,USD,NYQ,America/New_York,Yahoo Finance
ESTC,2026-08-28,103.88999938964844,108.0,96.81999969482422,99.91000366210938,99.91000366210938,10107900,USD,NYQ,America/New_York,Yahoo Finance
ESTC,2026-08-31,98.0,102.41999816894531,95.36000061035156,97.55000305175781,97.55000305175781,5938300,USD,NYQ,America/New_York,Yahoo Finance
ESTC,2026-09-01,95.76000213623047,96.98999786376953,92.0999984741211,92.38999938964844,92.38999938964844,2862000,USD,NYQ,America/New_York,Yahoo Finance
ESTC,2026-09-02,92.0,93.5,89.33999633789062,89.58000183105469,89.58000183105469,2407400,USD,NYQ,America/New_York,Yahoo Finance
ESTC,2026-09-03,92.0,96.47000122070312,92.0,96.12999725341797,96.12999725341797,3878000,USD,NYQ,America/New_York,Yahoo Finance
ESTC,2026-09-04,95.13999938964844,96.0,91.44999694824219,91.80999755859375,91.80999755859375,1956500,USD,NYQ,America/New_York,Yahoo Finance
ESTC,2026-09-08,89.9800033569336,90.58999633789062,88.0999984741211,88.41999816894531,88.41999816894531,2487800,USD,NYQ,America/New_York,Yahoo Finance
ESTC,2026-09-09,88.38999938964844,88.8499984741211,86.01000213623047,86.58000183105469,86.58000183105469,2585800,USD,NYQ,America/New_York,Yahoo Finance
ESTC,2026-09-10,86.0,88.23999786376953,83.41000366210938,83.4800033569336,83.4800033569336,2100400,USD,NYQ,America/New_York,Yahoo Finance
ESTC,2026-09-11,83.48999786376953,84.76000213623047,82.1500015258789,83.38999938964844,83.38999938964844,2354700,USD,NYQ,America/New_York,Yahoo Finance
ESTC,2026-09-14,84.5,85.97000122070312,83.04000091552734,85.11000061035156,85.11000061035156,2371700,USD,NYQ,America/New_York,Yahoo Finance
ESTC,2026-09-15,83.61000061035156,87.66000366210938,83.30000305175781,85.16000366210938,85.16000366210938,1552700,USD,NYQ,America/New_York,Yahoo Finance
ESTC,2026-09-16,83.75,86.30000305175781,83.66000366210938,85.02999877929688,85.02999877929688,1979200,USD,NYQ,America/New_York,Yahoo Finance
ESTC,2026-09-17,85.48999786376953,89.7300033569336,83.80999755859375,88.97000122070312,88.97000122070312,1997600,USD,NYQ,America/New_York,Yahoo Finance
ESTC,2026-09-18,89.48999786376953,89.75,86.54000091552734,86.95999908447266,86.95999908447266,3263800,USD,NYQ,America/New_York,Yahoo Finance
ESTC,2026-09-21,87.51000213623047,90.12000274658203,86.95999908447266,89.70999908447266,89.70999908447266,1237400,USD,NYQ,America/New_York,Yahoo Finance
ESTC,2026-09-22,91.0,91.25,87.68000030517578,89.22000122070312,89.22000122070312,1442900,USD,NYQ,America/New_York,Yahoo Finance
ESTC,2026-09-23,89.38999938964844,91.5199966430664,88.7699966430664,91.27999877929688,91.27999877929688,1521000,USD,NYQ,America/New_York,Yahoo Finance
ESTC,2026-09-24,91.0,91.45999908447266,89.33999633789062,91.27999877929688,91.27999877929688,1618200,USD,NYQ,America/New_York,Yahoo Finance
ESTC,2026-09-25,90.87999725341797,92.63999938964844,87.37000274658203,88.12000274658203,88.12000274658203,1761500,USD,NYQ,America/New_York,Yahoo Finance
ESTC,2026-09-28,85.66000366210938,88.69999694824219,84.62000274658203,87.94000244140625,87.94000244140625,1914100,USD,NYQ,America/New_York,Yahoo Finance
ETY,2026-08-17,14.600000381469727,14.630000114440918,14.550000190734863,14.609999656677246,14.507781028747559,211000,USD,NYQ,America/New_York,Yahoo Finance
ETY,2026-08-18,14.59000015258789,14.609999656677246,14.539999961853027,14.600000381469727,14.497852325439453,171000,USD,NYQ,America/New_York,Yahoo Finance
ETY,2026-08-19,14.640000343322754,14.640000343322754,14.479999542236328,14.479999542236328,14.378690719604492,233600,USD,NYQ,America/New_York,Yahoo Finance
ETY,2026-08-20,14.489999771118164,14.5,14.3100004196167,14.34000015258789,14.239670753479004,188800,USD,NYQ,America/New_York,Yahoo Finance
ETY,2026-08-21,14.369999885559082,14.460000038146973,14.34000015258789,14.380000114440918,14.279391288757324,193400,USD,NYQ,America/New_York,Yahoo Finance
ETY,2026-08-24,14.300000190734863,14.399999618530273,14.300000190734863,14.3100004196167,14.209880828857422,268300,USD,NYQ,America/New_York,Yahoo Finance
ETY,2026-08-25,14.390000343322754,14.460000038146973,14.329999923706055,14.390000343322754,14.289320945739746,210600,USD,NYQ,America/New_York,Yahoo Finance
ETY,2026-08-26,14.420000076293945,14.829999923706055,14.380000114440918,14.4399995803833,14.338971138000488,210100,USD,NYQ,America/New_York,Yahoo Finance
ETY,2026-08-27,14.5,14.569999694824219,14.4399995803833,14.5600004196167,14.458131790161133,244900,USD,NYQ,America/New_York,Yahoo Finance
ETY,2026-08-28,14.609999656677246,14.619999885559082,14.420000076293945,14.600000381469727,14.497852325439453,269100,USD,NYQ,America/New_York,Yahoo Finance
ETY,2026-08-31,14.609999656677246,14.649999618530273,14.460000038146973,14.479999542236328,14.378690719604492,311600,USD,NYQ,America/New_York,Yahoo Finance
ETY,2026-09-01,14.329999923706055,14.59000015258789,14.300000190734863,14.319999694824219,14.219810485839844,739200,USD,NYQ,America/New_York,Yahoo Finance
ETY,2026-09-02,14.380000114440918,14.449999809265137,14.300000190734863,14.420000076293945,14.319110870361328,365900,USD,NYQ,America/New_York,Yahoo Finance
ETY,2026-09-03,14.5,14.619999885559082,14.369999885559082,14.5,14.398550987243652,202500,USD,NYQ,America/New_York,Yahoo Finance
ETY,2026-09-04,14.529999732971191,14.529999732971191,14.399999618530273,14.4399995803833,14.338971138000488,166600,USD,NYQ,America/New_York,Yahoo Finance
ETY,2026-09-08,14.479999542236328,14.539999961853027,14.399999618530273,14.430000305175781,14.329041481018066,220800,USD,NYQ,America/New_York,Yahoo Finance
ETY,2026-09-09,14.430000305175781,14.460000038146973,14.279999732971191,14.300000190734863,14.199951171875,338800,USD,NYQ,America/New_York,Yahoo Finance
ETY,2026-09-10,14.199999809265137,14.289999961853027,14.140000343322754,14.149999618530273,14.050999641418457,338500,USD,NYQ,America/New_York,Yahoo Finance
ETY,2026-09-11,14.220000267028809,14.399999618530273,14.130000114440918,14.1899995803833,14.090720176696777,497000,USD,NYQ,America/New_York,Yahoo Finance
ETY,2026-09-14,14.109999656677246,14.15999984741211,14.010000228881836,14.149999618530273,14.050999641418457,412200,USD,NYQ,America/New_York,Yahoo Finance
ETY,2026-09-15,14.020000457763672,14.149999618530273,13.880000114440918,13.890000343322754,13.890000343322754,329300,USD,NYQ,America/New_York,Yahoo Finance
ETY,2026-09-16,13.920000076293945,14.050000190734863,13.779999732971191,13.890000343322754,13.890000343322754,209000,USD,NYQ,America/New_York,Yahoo Finance
ETY,2026-09-17,14.0,14.109999656677246,13.920000076293945,13.949999809265137,13.949999809265137,338000,USD,NYQ,America/New_York,Yahoo Finance
ETY,2026-09-18,14.0,14.079999923706055,13.9399995803833,14.010000228881836,14.010000228881836,310000,USD,NYQ,America/New_York,Yahoo Finance
ETY,2026-09-21,14.09000015258789,14.229999542236328,14.0600004196167,14.229999542236328,14.229999542236328,223400,USD,NYQ,America/New_York,Yahoo Finance
ETY,2026-09-22,14.15999984741211,14.270000457763672,14.15999984741211,14.1899995803833,14.1899995803833,218100,USD,NYQ,America/New_York,Yahoo Finance
ETY,2026-09-23,14.199999809265137,14.220000267028809,14.050000190734863,14.050000190734863,14.050000190734863,266000,USD,NYQ,America/New_York,Yahoo Finance
ETY,2026-09-24,14.0,14.09000015258789,13.979999542236328,14.069999694824219,14.069999694824219,234000,USD,NYQ,America/New_York,Yahoo Finance
ETY,2026-09-25,14.119999885559082,14.210000038146973,14.079999923706055,14.149999618530273,14.149999618530273,382500,USD,NYQ,America/New_York,Yahoo Finance
ETY,2026-09-28,14.130000114440918,14.15999984741211,14.029999732971191,14.069999694824219,14.069999694824219,370600,USD,NYQ,America/New_York,Yahoo Finance
EXK,2026-08-17,10.069999694824219,10.390000343322754,9.770000457763672,10.140000343322754,10.140000343322754,14188500,USD,NYQ,America/New_York,Yahoo Finance
EXK,2026-08-18,9.920000076293945,10.100000381469727,9.649999618530273,9.65999984741211,9.65999984741211,8666100,USD,NYQ,America/New_York,Yahoo Finance
EXK,2026-08-19,10.350000381469727,11.0,10.300000190734863,10.989999771118164,10.989999771118164,9963300,USD,NYQ,America/New_York,Yahoo Finance
EXK,2026-08-20,10.770000457763672,11.479999542236328,10.739999771118164,10.970000267028809,10.970000267028809,11236900,USD,NYQ,America/New_York,Yahoo Finance
EXK,2026-08-21,11.34000015258789,11.34000015258789,10.59000015258789,10.619999885559082,10.619999885559082,13163200,USD,NYQ,America/New_York,Yahoo Finance
EXK,2026-08-24,10.970000267028809,11.239999771118164,10.489999771118164,10.760000228881836,10.760000228881836,11243300,USD,NYQ,America/New_York,Yahoo Finance
EXK,2026-08-25,10.4399995803833,11.140000343322754,10.399999618530273,11.09000015258789,11.09000015258789,9038900,USD,NYQ,America/New_York,Yahoo Finance
EXK,2026-08-26,10.829999923706055,11.0600004196167,10.710000038146973,10.890000343322754,10.890000343322754,6308500,USD,NYQ,America/New_York,Yahoo Finance
EXK,2026-08-27,10.800000190734863,11.319999694824219,10.800000190734863,11.300000190734863,11.300000190734863,7490100,USD,NYQ,America/New_York,Yahoo Finance
EXK,2026-08-28,11.460000038146973,11.520000457763672,10.529999732971191,10.760000228881836,10.760000228881836,13172400,USD,NYQ,America/New_York,Yahoo Finance
EXK,2026-08-31,10.739999771118164,10.779999732971191,10.430000305175781,10.710000038146973,10.710000038146973,8037500,USD,NYQ,America/New_York,Yahoo Finance
EXK,2026-09-01,10.220000267028809,10.699999809265137,10.130000114440918,10.239999771118164,10.239999771118164,7925900,USD,NYQ,America/New_York,Yahoo Finance
EXK,2026-09-02,10.680000305175781,11.199999809265137,10.430000305175781,11.130000114440918,11.130000114440918,10630800,USD,NYQ,America/New_York,Yahoo Finance
EXK,2026-09-03,11.600000381469727,11.649999618530273,11.119999885559082,11.470000267028809,11.470000267028809,9872700,USD,NYQ,America/New_York,Yahoo Finance
EXK,2026-09-04,11.15999984741211,11.34000015258789,10.970000267028809,11.119999885559082,11.119999885559082,8656700,USD,NYQ,America/New_York,Yahoo Finance
EXK,2026-09-08,11.069999694824219,11.289999961853027,11.050000190734863,11.130000114440918,11.130000114440918,7423500,USD,NYQ,America/New_York,Yahoo Finance
EXK,2026-09-09,11.359999656677246,11.520000457763672,11.0,11.149999618530273,11.149999618530273,9707700,USD,NYQ,America/New_York,Yahoo Finance
EXK,2026-09-10,10.649999618530273,10.859999656677246,10.5,10.520000457763672,10.520000457763672,7287400,USD,NYQ,America/New_York,Yahoo Finance
EXK,2026-09-11,10.710000038146973,10.850000381469727,10.069999694824219,10.180000305175781,10.180000305175781,9383100,USD,NYQ,America/New_York,Yahoo Finance
EXK,2026-09-14,9.699999809265137,9.899999618530273,9.449999809265137,9.720000267028809,9.720000267028809,6935900,USD,NYQ,America/New_York,Yahoo Finance
EXK,2026-09-15,9.770000457763672,9.819999694824219,9.430000305175781,9.640000343322754,9.640000343322754,5912800,USD,NYQ,America/New_York,Yahoo Finance
EXK,2026-09-16,9.859999656677246,9.869999885559082,9.3100004196167,9.529999732971191,9.529999732971191,8823400,USD,NYQ,America/New_York,Yahoo Finance
EXK,2026-09-17,9.960000038146973,10.199999809265137,9.869999885559082,10.170000076293945,10.170000076293945,6373900,USD,NYQ,America/New_York,Yahoo Finance
EXK,2026-09-18,10.319999694824219,10.390000343322754,10.020000457763672,10.210000038146973,10.210000038146973,7723600,USD,NYQ,America/New_York,Yahoo Finance
EXK,2026-09-21,10.300000190734863,10.300000190734863,9.859999656677246,10.130000114440918,10.130000114440918,5812400,USD,NYQ,America/New_York,Yahoo Finance
EXK,2026-09-22,10.109999656677246,10.59000015258789,10.050000190734863,10.510000228881836,10.510000228881836,8042600,USD,NYQ,America/New_York,Yahoo Finance
EXK,2026-09-23,10.050000190734863,10.140000343322754,9.140000343322754,9.260000228881836,9.260000228881836,12720900,USD,NYQ,America/New_York,Yahoo Finance
EXK,2026-09-24,9.199999809265137,9.34000015258789,8.970000267028809,9.15999984741211,9.15999984741211,7660800,USD,NYQ,America/New_York,Yahoo Finance
EXK,2026-09-25,9.260000228881836,9.460000038146973,9.050000190734863,9.390000343322754,9.390000343322754,6833500,USD,NYQ,America/New_York,Yahoo Finance
EXK,2026-09-28,8.850000381469727,9.119999885559082,8.760000228881836,8.960000038146973,8.960000038146973,9036100,USD,NYQ,America/New_York,Yahoo Finance
FET-USD,2026-09-04,0.1574140042066574,0.1598459929227829,0.1517920047044754,0.15497300028800964,0.15497300028800964,124885108,USD,CCC,UTC,Yahoo Finance
FET-USD,2026-09-05,0.15497900545597076,0.1688379943370819,0.15497900545597076,0.16461800038814545,0.16461800038814545,128320797,USD,CCC,UTC,Yahoo Finance
FET-USD,2026-09-06,0.16460399329662323,0.1777449995279312,0.16414499282836914,0.17503300309181213,0.17503300309181213,143680088,USD,CCC,UTC,Yahoo Finance
FET-USD,2026-09-07,0.1750349998474121,0.18651500344276428,0.17092199623584747,0.1831739991903305,0.1831739991903305,182452569,USD,CCC,UTC,Yahoo Finance
FET-USD,2026-09-08,0.18319499492645264,0.18977099657058716,0.1770939975976944,0.17913700640201569,0.17913700640201569,150721776,USD,CCC,UTC,Yahoo Finance
FET-USD,2026-09-09,0.17913700640201569,0.18164600431919098,0.1672929972410202,0.1699099987745285,0.1699099987745285,129621194,USD,CCC,UTC,Yahoo Finance
FET-USD,2026-09-10,0.1699099987745285,0.17111699283123016,0.16083599627017975,0.16230200231075287,0.16230200231075287,110600688,USD,CCC,UTC,Yahoo Finance
FET-USD,2026-09-11,0.16230200231075287,0.17403599619865417,0.1620209962129593,0.16616100072860718,0.16616100072860718,122341414,USD,CCC,UTC,Yahoo Finance
FET-USD,2026-09-12,0.16616100072860718,0.1718740016222,0.16616100072860718,0.16718100011348724,0.16718100011348724,72912550,USD,CCC,UTC,Yahoo Finance
FET-USD,2026-09-13,0.16718000173568726,0.17359699308872223,0.16447199881076813,0.16583700478076935,0.16583700478076935,97272068,USD,CCC,UTC,Yahoo Finance
FET-USD,2026-09-14,0.16583700478076935,0.17205099761486053,0.16286399960517883,0.16286399960517883,0.16286399960517883,114014295,USD,CCC,UTC,Yahoo Finance
FET-USD,2026-09-15,0.16286300122737885,0.1640460044145584,0.1499900072813034,0.15087200701236725,0.15087200701236725,143468647,USD,CCC,UTC,Yahoo Finance
FET-USD,2026-09-16,0.15087200701236725,0.15816499292850494,0.14864599704742432,0.1578489989042282,0.1578489989042282,123266511,USD,CCC,UTC,Yahoo Finance
FET-USD,2026-09-17,0.15785600244998932,0.17384199798107147,0.15535500645637512,0.17368799448013306,0.17368799448013306,124601781,USD,CCC,UTC,Yahoo Finance
FET-USD,2026-09-18,0.1737069934606552,0.18800200521945953,0.1718669980764389,0.18535800278186798,0.18535800278186798,178762830,USD,CCC,UTC,Yahoo Finance
FET-USD,2026-09-19,0.18536099791526794,0.18626099824905396,0.17491599917411804,0.1770240068435669,0.1770240068435669,171305748,USD,CCC,UTC,Yahoo Finance
FET-USD,2026-09-20,0.1770240068435669,0.1798419952392578,0.1673080027103424,0.17557300627231598,0.17557300627231598,185657571,USD,CCC,UTC,Yahoo Finance
FET-USD,2026-09-21,0.17557300627231598,0.20670199394226074,0.17475199699401855,0.20384900271892548,0.20384900271892548,255991757,USD,CCC,UTC,Yahoo Finance
FET-USD,2026-09-22,0.20385199785232544,0.21269600093364716,0.19705800712108612,0.20935000479221344,0.20935000479221344,196015640,USD,CCC,UTC,Yahoo Finance
FET-USD,2026-09-23,0.20935100317001343,0.21567699313163757,0.19199800491333008,0.1940550059080124,0.1940550059080124,179018000,USD,CCC,UTC,Yahoo Finance
FET-USD,2026-09-24,0.1940539926290512,0.2322400063276291,0.19190199673175812,0.2289070039987564,0.2289070039987564,259791356,USD,CCC,UTC,Yahoo Finance
FET-USD,2026-09-25,0.2289080023765564,0.24604099988937378,0.22211000323295593,0.24564599990844727,0.24564599990844727,229697719,USD,CCC,UTC,Yahoo Finance
FET-USD,2026-09-26,0.24566300213336945,0.2587819993495941,0.23797200620174408,0.24323299527168274,0.24323299527168274,168554745,USD,CCC,UTC,Yahoo Finance
FET-USD,2026-09-27,0.24323299527168274,0.24844799935817719,0.23892100155353546,0.24764899909496307,0.24764899909496307,120413152,USD,CCC,UTC,Yahoo Finance
FET-USD,2026-09-28,0.24765299260616302,0.24856799840927124,0.22119200229644775,0.22446799278259277,0.22446799278259277,201319166,USD,CCC,UTC,Yahoo Finance
FET-USD,2026-09-29,0.22446799278259277,0.2356400042772293,0.2149450033903122,0.2223220020532608,0.2223220020532608,216472909,USD,CCC,UTC,Yahoo Finance
FET-USD,2026-09-30,0.2223220020532608,0.23035499453544617,0.21472999453544617,0.22861100733280182,0.22861100733280182,209043155,USD,CCC,UTC,Yahoo Finance
FET-USD,2026-10-01,0.22861100733280182,0.24530799686908722,0.22417199611663818,0.23051400482654572,0.23051400482654572,231844378,USD,CCC,UTC,Yahoo Finance
FET-USD,2026-10-02,0.23050600290298462,0.2410610020160675,0.2150219976902008,0.2190289944410324,0.2190289944410324,193958712,USD,CCC,UTC,Yahoo Finance
FET-USD,2026-10-03,0.2190299928188324,0.23056800663471222,0.21627800166606903,0.2258629947900772,0.2258629947900772,155786062,USD,CCC,UTC,Yahoo Finance
FIGR,2026-08-17,32.15999984741211,35.81999969482422,31.450000762939453,35.755001068115234,35.755001068115234,9336300,USD,NMS,America/New_York,Yahoo Finance
FIGR,2026-08-18,34.33000183105469,36.314998626708984,34.29999923706055,35.52000045776367,35.52000045776367,4462300,USD,NMS,America/New_York,Yahoo Finance
FIGR,2026-08-19,35.08000183105469,37.59000015258789,35.040000915527344,36.849998474121094,36.849998474121094,6010900,USD,NMS,America/New_York,Yahoo Finance
FIGR,2026-08-20,37.29999923706055,38.29999923706055,35.939998626708984,36.060001373291016,36.060001373291016,4624900,USD,NMS,America/New_York,Yahoo Finance
FIGR,2026-08-21,37.0099983215332,39.68000030517578,36.849998474121094,39.099998474121094,39.099998474121094,5343400,USD,NMS,America/New_York,Yahoo Finance
FIGR,2026-08-24,38.77000045776367,39.58000183105469,38.04899978637695,38.63999938964844,38.63999938964844,2576500,USD,NMS,America/New_York,Yahoo Finance
FIGR,2026-08-25,39.099998474121094,41.5,38.380001068115234,41.13999938964844,41.13999938964844,4080300,USD,NMS,America/New_York,Yahoo Finance
FIGR,2026-08-26,40.5,40.5,37.040000915527344,37.08000183105469,37.08000183105469,5140000,USD,NMS,America/New_York,Yahoo Finance
FIGR,2026-08-27,37.41999816894531,38.07500076293945,36.11000061035156,38.02000045776367,38.02000045776367,3354200,USD,NMS,America/New_York,Yahoo Finance
FIGR,2026-08-28,37.4900016784668,38.0,35.869998931884766,36.04999923706055,36.04999923706055,2491600,USD,NMS,America/New_York,Yahoo Finance
FIGR,2026-08-31,35.77000045776367,37.029998779296875,34.630001068115234,36.689998626708984,36.689998626708984,4839000,USD,NMS,America/New_York,Yahoo Finance
FIGR,2026-09-01,35.459999084472656,36.92499923706055,33.65999984741211,33.70000076293945,33.70000076293945,3770600,USD,NMS,America/New_York,Yahoo Finance
FIGR,2026-09-02,33.310001373291016,34.38999938964844,32.20000076293945,33.189998626708984,33.189998626708984,4625800,USD,NMS,America/New_York,Yahoo Finance
FIGR,2026-09-03,33.68000030517578,36.959999084472656,33.0,36.209999084472656,36.209999084472656,5300800,USD,NMS,America/New_York,Yahoo Finance
FIGR,2026-09-04,35.4900016784668,36.290000915527344,34.70000076293945,35.959999084472656,35.959999084472656,2754800,USD,NMS,America/New_York,Yahoo Finance
FIGR,2026-09-08,36.119998931884766,38.439998626708984,35.45000076293945,38.26499938964844,38.26499938964844,4658300,USD,NMS,America/New_York,Yahoo Finance
FIGR,2026-09-09,40.0,40.599998474121094,37.84000015258789,38.119998931884766,38.119998931884766,7521300,USD,NMS,America/New_York,Yahoo Finance
FIGR,2026-09-10,36.560001373291016,37.70000076293945,36.130001068115234,36.56999969482422,36.56999969482422,3895200,USD,NMS,America/New_York,Yahoo Finance
FIGR,2026-09-11,37.04999923706055,38.96500015258789,34.79999923706055,34.869998931884766,34.869998931884766,4371500,USD,NMS,America/New_York,Yahoo Finance
FIGR,2026-09-14,33.7400016784668,36.52000045776367,33.720001220703125,35.650001525878906,35.650001525878906,2650600,USD,NMS,America/New_York,Yahoo Finance
FIGR,2026-09-15,34.91600036621094,35.64899826049805,32.720001220703125,33.279998779296875,33.279998779296875,3490500,USD,NMS,America/New_York,Yahoo Finance
FIGR,2026-09-16,33.7400016784668,34.38999938964844,32.380001068115234,33.290000915527344,33.290000915527344,4061800,USD,NMS,America/New_York,Yahoo Finance
FIGR,2026-09-17,33.939998626708984,34.470001220703125,32.91999816894531,33.709999084472656,33.709999084472656,3489400,USD,NMS,America/New_York,Yahoo Finance
FIGR,2026-09-18,34.435001373291016,36.54999923706055,34.29999923706055,35.4900016784668,35.4900016784668,13799600,USD,NMS,America/New_York,Yahoo Finance
FIGR,2026-09-21,37.404998779296875,37.459999084472656,35.0,35.290000915527344,35.290000915527344,3976800,USD,NMS,America/New_York,Yahoo Finance
FIGR,2026-09-22,35.290000915527344,37.45000076293945,35.099998474121094,37.11000061035156,37.11000061035156,3851400,USD,NMS,America/New_York,Yahoo Finance
FIGR,2026-09-23,36.619998931884766,36.83000183105469,34.540000915527344,34.65999984741211,34.65999984741211,2761300,USD,NMS,America/New_York,Yahoo Finance
FIGR,2026-09-24,34.2400016784668,34.5099983215332,31.959999084472656,32.65999984741211,32.65999984741211,5291100,USD,NMS,America/New_York,Yahoo Finance
FIGR,2026-09-25,32.54999923706055,33.244998931884766,31.440000534057617,31.899999618530273,31.899999618530273,4993200,USD,NMS,America/New_York,Yahoo Finance
FIGR,2026-09-28,31.200000762939453,31.559999465942383,29.309999465942383,29.329999923706055,29.329999923706055,6159900,USD,NMS,America/New_York,Yahoo Finance
FMC,2026-08-17,10.119999885559082,10.359999656677246,9.979999542236328,10.180000305175781,10.180000305175781,3124700,USD,NYQ,America/New_York,Yahoo Finance
FMC,2026-08-18,10.270000457763672,10.329999923706055,10.0,10.119999885559082,10.119999885559082,1743700,USD,NYQ,America/New_York,Yahoo Finance
FMC,2026-08-19,10.289999961853027,11.100000381469727,10.289999961853027,10.8100004196167,10.8100004196167,3499000,USD,NYQ,America/New_York,Yahoo Finance
FMC,2026-08-20,10.760000228881836,10.979999542236328,10.529999732971191,10.880000114440918,10.880000114440918,2088200,USD,NYQ,America/New_York,Yahoo Finance
FMC,2026-08-21,11.010000228881836,11.350000381469727,10.850000381469727,11.020000457763672,11.020000457763672,2819900,USD,NYQ,America/New_York,Yahoo Finance
FMC,2026-08-24,11.050000190734863,11.430000305175781,10.970000267028809,11.279999732971191,11.279999732971191,2274600,USD,NYQ,America/New_York,Yahoo Finance
FMC,2026-08-25,11.119999885559082,11.220000267028809,10.90999984741211,11.170000076293945,11.170000076293945,1876000,USD,NYQ,America/New_York,Yahoo Finance
FMC,2026-08-26,11.180000305175781,11.619999885559082,11.050000190734863,11.079999923706055,11.079999923706055,2085700,USD,NYQ,America/New_York,Yahoo Finance
FMC,2026-08-27,11.020000457763672,11.050000190734863,10.649999618530273,10.65999984741211,10.65999984741211,2602600,USD,NYQ,America/New_York,Yahoo Finance
FMC,2026-08-28,10.90999984741211,11.329999923706055,10.779999732971191,11.329999923706055,11.329999923706055,2353900,USD,NYQ,America/New_York,Yahoo Finance
FMC,2026-08-31,11.289999961853027,11.600000381469727,11.170000076293945,11.529999732971191,11.529999732971191,3735700,USD,NYQ,America/New_York,Yahoo Finance
FMC,2026-09-01,11.4399995803833,11.9399995803833,11.390000343322754,11.880000114440918,11.880000114440918,3628100,USD,NYQ,America/New_York,Yahoo Finance
FMC,2026-09-02,12.0,13.460000038146973,11.970000267028809,13.329999923706055,13.329999923706055,6342700,USD,NYQ,America/New_York,Yahoo Finance
FMC,2026-09-03,13.300000190734863,13.420000076293945,12.380000114440918,12.979999542236328,12.979999542236328,4903500,USD,NYQ,America/New_York,Yahoo Finance
FMC,2026-09-04,12.949999809265137,13.09000015258789,12.649999618530273,12.970000267028809,12.970000267028809,2583600,USD,NYQ,America/New_York,Yahoo Finance
FMC,2026-09-08,13.109999656677246,13.229999542236328,12.569999694824219,12.8100004196167,12.8100004196167,2329900,USD,NYQ,America/New_York,Yahoo Finance
FMC,2026-09-09,12.75,12.9399995803833,12.239999771118164,12.289999961853027,12.289999961853027,2209200,USD,NYQ,America/New_York,Yahoo Finance
FMC,2026-09-10,12.069999694824219,12.449999809265137,11.890000343322754,12.079999923706055,12.079999923706055,2100100,USD,NYQ,America/New_York,Yahoo Finance
FMC,2026-09-11,12.079999923706055,12.079999923706055,11.279999732971191,11.399999618530273,11.399999618530273,2996300,USD,NYQ,America/New_York,Yahoo Finance
FMC,2026-09-14,11.220000267028809,11.520000457763672,10.979999542236328,10.979999542236328,10.979999542236328,2952900,USD,NYQ,America/New_York,Yahoo Finance
FMC,2026-09-15,10.949999809265137,11.579999923706055,10.770000457763672,11.25,11.25,3032700,USD,NYQ,America/New_York,Yahoo Finance
FMC,2026-09-16,11.130000114440918,11.229999542236328,10.609999656677246,10.800000190734863,10.800000190734863,3789500,USD,NYQ,America/New_York,Yahoo Finance
FMC,2026-09-17,10.84000015258789,10.869999885559082,10.149999618530273,10.199999809265137,10.199999809265137,4474900,USD,NYQ,America/New_York,Yahoo Finance
FMC,2026-09-18,10.079999923706055,10.260000228881836,9.710000038146973,10.09000015258789,10.09000015258789,9084700,USD,NYQ,America/New_York,Yahoo Finance
FMC,2026-09-21,10.239999771118164,10.359999656677246,9.949999809265137,10.279999732971191,10.279999732971191,3715400,USD,NYQ,America/New_York,Yahoo Finance
FMC,2026-09-22,10.479999542236328,10.760000228881836,10.369999885559082,10.569999694824219,10.569999694824219,3124400,USD,NYQ,America/New_York,Yahoo Finance
FMC,2026-09-23,10.420000076293945,10.489999771118164,9.880000114440918,9.899999618530273,9.899999618530273,3014500,USD,NYQ,America/New_York,Yahoo Finance
FMC,2026-09-24,9.899999618530273,10.109999656677246,9.539999961853027,9.59000015258789,9.59000015258789,5318700,USD,NYQ,America/New_York,Yahoo Finance
FMC,2026-09-25,9.609999656677246,9.760000228881836,9.460000038146973,9.579999923706055,9.579999923706055,3891500,USD,NYQ,America/New_York,Yahoo Finance
FMC,2026-09-28,9.489999771118164,9.510000228881836,9.140000343322754,9.210000038146973,9.210000038146973,4014700,USD,NYQ,America/New_York,Yahoo Finance
FOR,2026-08-17,29.43000030517578,29.43000030517578,28.920000076293945,29.15999984741211,29.15999984741211,67100,USD,NYQ,America/New_York,Yahoo Finance
FOR,2026-08-18,29.25,29.649999618530273,28.649999618530273,28.649999618530273,28.649999618530273,70200,USD,NYQ,America/New_York,Yahoo Finance
FOR,2026-08-19,29.010000228881836,29.920000076293945,29.010000228881836,29.40999984741211,29.40999984741211,81600,USD,NYQ,America/New_York,Yahoo Finance
FOR,2026-08-20,28.719999313354492,29.399999618530273,28.5,28.8799991607666,28.8799991607666,121000,USD,NYQ,America/New_York,Yahoo Finance
FOR,2026-08-21,29.040000915527344,29.260000228881836,28.690000534057617,29.170000076293945,29.170000076293945,106600,USD,NYQ,America/New_York,Yahoo Finance
FOR,2026-08-24,29.440000534057617,29.5,28.739999771118164,28.899999618530273,28.899999618530273,94400,USD,NYQ,America/New_York,Yahoo Finance
FOR,2026-08-25,29.0,29.239999771118164,28.649999618530273,28.950000762939453,28.950000762939453,139900,USD,NYQ,America/New_York,Yahoo Finance
FOR,2026-08-26,29.049999237060547,29.270000457763672,28.84000015258789,28.979999542236328,28.979999542236328,129500,USD,NYQ,America/New_York,Yahoo Finance
FOR,2026-08-27,28.75,29.010000228881836,28.09000015258789,28.6200008392334,28.6200008392334,124700,USD,NYQ,America/New_York,Yahoo Finance
FOR,2026-08-28,28.649999618530273,29.040000915527344,28.280000686645508,28.6299991607666,28.6299991607666,85100,USD,NYQ,America/New_York,Yahoo Finance
FOR,2026-08-31,28.68000030517578,28.68000030517578,28.030000686645508,28.270000457763672,28.270000457763672,111300,USD,NYQ,America/New_York,Yahoo Finance
FOR,2026-09-01,27.950000762939453,28.280000686645508,27.450000762939453,27.520000457763672,27.520000457763672,92600,USD,NYQ,America/New_York,Yahoo Finance
FOR,2026-09-02,27.690000534057617,27.8799991607666,27.18000030517578,27.190000534057617,27.190000534057617,138500,USD,NYQ,America/New_York,Yahoo Finance
FOR,2026-09-03,27.559999465942383,27.8700008392334,27.0,27.68000030517578,27.68000030517578,132500,USD,NYQ,America/New_York,Yahoo Finance
FOR,2026-09-04,27.709999084472656,28.020000457763672,27.649999618530273,27.889999389648438,27.889999389648438,106300,USD,NYQ,America/New_York,Yahoo Finance
FOR,2026-09-08,27.68000030517578,27.68000030517578,27.06999969482422,27.079999923706055,27.079999923706055,157200,USD,NYQ,America/New_York,Yahoo Finance
FOR,2026-09-09,27.110000610351562,27.399999618530273,26.610000610351562,26.90999984741211,26.90999984741211,130800,USD,NYQ,America/New_York,Yahoo Finance
FOR,2026-09-10,26.540000915527344,26.540000915527344,26.209999084472656,26.520000457763672,26.520000457763672,149600,USD,NYQ,America/New_York,Yahoo Finance
FOR,2026-09-11,26.920000076293945,26.950000762939453,26.559999465942383,26.850000381469727,26.850000381469727,115800,USD,NYQ,America/New_York,Yahoo Finance
FOR,2026-09-14,27.09000015258789,27.329999923706055,26.6200008392334,26.829999923706055,26.829999923706055,112900,USD,NYQ,America/New_York,Yahoo Finance
FOR,2026-09-15,26.920000076293945,27.399999618530273,26.469999313354492,26.940000534057617,26.940000534057617,240300,USD,NYQ,America/New_York,Yahoo Finance
FOR,2026-09-16,26.959999084472656,27.209999084472656,25.729999542236328,26.3700008392334,26.3700008392334,289500,USD,NYQ,America/New_York,Yahoo Finance
FOR,2026-09-17,26.760000228881836,26.760000228881836,25.889999389648438,26.1299991607666,26.1299991607666,224500,USD,NYQ,America/New_York,Yahoo Finance
FOR,2026-09-18,25.90999984741211,26.020000457763672,25.450000762939453,26.020000457763672,26.020000457763672,313200,USD,NYQ,America/New_York,Yahoo Finance
FOR,2026-09-21,26.09000015258789,26.6299991607666,25.8799991607666,26.3799991607666,26.3799991607666,137200,USD,NYQ,America/New_York,Yahoo Finance
FOR,2026-09-22,26.729999542236328,27.270000457763672,26.479999542236328,27.209999084472656,27.209999084472656,178300,USD,NYQ,America/New_York,Yahoo Finance
FOR,2026-09-23,26.829999923706055,27.059999465942383,26.59000015258789,26.739999771118164,26.739999771118164,209200,USD,NYQ,America/New_York,Yahoo Finance
FOR,2026-09-24,26.709999084472656,26.899999618530273,26.440000534057617,26.700000762939453,26.700000762939453,222100,USD,NYQ,America/New_York,Yahoo Finance
FOR,2026-09-25,26.739999771118164,26.739999771118164,26.34000015258789,26.489999771118164,26.489999771118164,147100,USD,NYQ,America/New_York,Yahoo Finance
FOR,2026-09-28,26.31999969482422,26.6299991607666,26.149999618530273,26.290000915527344,26.290000915527344,186600,USD,NYQ,America/New_York,Yahoo Finance
FRVO,2026-08-17,19.489999771118164,19.690000534057617,17.559999465942383,18.100000381469727,18.100000381469727,6573300,USD,NMS,America/New_York,Yahoo Finance
FRVO,2026-08-18,18.049999237060547,19.0,17.709999084472656,17.969999313354492,17.969999313354492,5013400,USD,NMS,America/New_York,Yahoo Finance
FRVO,2026-08-19,18.0,18.280000686645508,17.010000228881836,17.829999923706055,17.829999923706055,4490600,USD,NMS,America/New_York,Yahoo Finance
FRVO,2026-08-20,17.950000762939453,18.280000686645508,16.690000534057617,17.0,17.0,3849900,USD,NMS,America/New_York,Yahoo Finance
FRVO,2026-08-21,17.0,17.56999969482422,16.510000228881836,16.920000076293945,16.920000076293945,2360100,USD,NMS,America/New_York,Yahoo Finance
FRVO,2026-08-24,16.969999313354492,17.149999618530273,15.3100004196167,15.470000267028809,15.470000267028809,4303700,USD,NMS,America/New_York,Yahoo Finance
FRVO,2026-08-25,15.640000343322754,16.68000030517578,15.319999694824219,16.450000762939453,16.450000762939453,3603700,USD,NMS,America/New_York,Yahoo Finance
FRVO,2026-08-26,16.3799991607666,16.450000762939453,15.220000267028809,15.4399995803833,15.4399995803833,3608400,USD,NMS,America/New_York,Yahoo Finance
FRVO,2026-08-27,15.59000015258789,16.40999984741211,15.550000190734863,15.960000038146973,15.960000038146973,3918200,USD,NMS,America/New_York,Yahoo Finance
FRVO,2026-08-28,15.699999809265137,15.899999618530273,14.75,14.770000457763672,14.770000457763672,4077800,USD,NMS,America/New_York,Yahoo Finance
FRVO,2026-08-31,14.850000381469727,15.510000228881836,14.600000381469727,15.380000114440918,15.380000114440918,4505500,USD,NMS,America/New_York,Yahoo Finance
FRVO,2026-09-01,16.469999313354492,20.06999969482422,16.440000534057617,19.75,19.75,35232500,USD,NMS,America/New_York,Yahoo Finance
FRVO,2026-09-02,18.399999618530273,18.790000915527344,17.030000686645508,17.979999542236328,17.979999542236328,19643000,USD,NMS,America/New_York,Yahoo Finance
FRVO,2026-09-03,18.280000686645508,18.479999542236328,16.799999237060547,17.15999984741211,17.15999984741211,8563700,USD,NMS,America/New_York,Yahoo Finance
FRVO,2026-09-04,17.270000457763672,18.579999923706055,17.100000381469727,18.15999984741211,18.15999984741211,7786500,USD,NMS,America/New_York,Yahoo Finance
FRVO,2026-09-08,18.6200008392334,19.270000457763672,17.84000015258789,18.899999618530273,18.899999618530273,5461900,USD,NMS,America/New_York,Yahoo Finance
FRVO,2026-09-09,18.600000381469727,18.969999313354492,17.0,17.239999771118164,17.239999771118164,5010900,USD,NMS,America/New_York,Yahoo Finance
FRVO,2026-09-10,17.219999313354492,17.3700008392334,15.720000267028809,15.729999542236328,15.729999542236328,6060600,USD,NMS,America/New_York,Yahoo Finance
FRVO,2026-09-11,15.880000114440918,15.9399995803833,14.9399995803833,15.59000015258789,15.59000015258789,6057400,USD,NMS,America/New_York,Yahoo Finance
FRVO,2026-09-14,15.3100004196167,15.890000343322754,14.869999885559082,14.960000038146973,14.960000038146973,4349100,USD,NMS,America/New_York,Yahoo Finance
FRVO,2026-09-15,15.100000381469727,15.369999885559082,14.850000381469727,15.15999984741211,15.15999984741211,3490800,USD,NMS,America/New_York,Yahoo Finance
FRVO,2026-09-16,15.25,15.489999771118164,14.800000190734863,15.399999618530273,15.399999618530273,4520400,USD,NMS,America/New_York,Yahoo Finance
FRVO,2026-09-17,15.869999885559082,16.739999771118164,15.800000190734863,16.65999984741211,16.65999984741211,4151600,USD,NMS,America/New_York,Yahoo Finance
FRVO,2026-09-18,16.860000610351562,17.420000076293945,16.170000076293945,16.90999984741211,16.90999984741211,9222600,USD,NMS,America/New_York,Yahoo Finance
FRVO,2026-09-21,17.260000228881836,17.93000030517578,16.520000457763672,16.829999923706055,16.829999923706055,4080900,USD,NMS,America/New_York,Yahoo Finance
FRVO,2026-09-22,16.8799991607666,16.969999313354492,16.299999237060547,16.440000534057617,16.440000534057617,3584300,USD,NMS,America/New_York,Yahoo Finance
FRVO,2026-09-23,16.350000381469727,16.670000076293945,15.979999542236328,16.350000381469727,16.350000381469727,2905300,USD,NMS,America/New_York,Yahoo Finance
FRVO,2026-09-24,18.489999771118164,18.540000915527344,16.15999984741211,16.709999084472656,16.709999084472656,14295900,USD,NMS,America/New_York,Yahoo Finance
FRVO,2026-09-25,17.59000015258789,17.65999984741211,15.029999732971191,15.180000305175781,15.180000305175781,10460400,USD,NMS,America/New_York,Yahoo Finance
FRVO,2026-09-28,15.180000305175781,15.319999694824219,13.829999923706055,14.109999656677246,14.109999656677246,11679900,USD,NMS,America/New_York,Yahoo Finance
FSLY,2026-08-17,30.329999923706055,30.34000015258789,28.520000457763672,29.040000915527344,29.040000915527344,6137400,USD,NMS,America/New_York,Yahoo Finance
FSLY,2026-08-18,28.600000381469727,30.139999389648438,26.270000457763672,26.59000015258789,26.59000015258789,6159800,USD,NMS,America/New_York,Yahoo Finance
FSLY,2026-08-19,26.829999923706055,26.8700008392334,23.520999908447266,23.65999984741211,23.65999984741211,6768300,USD,NMS,America/New_York,Yahoo Finance
FSLY,2026-08-20,23.424999237060547,23.579999923706055,22.299999237060547,22.709999084472656,22.709999084472656,5763100,USD,NMS,America/New_York,Yahoo Finance
FSLY,2026-08-21,23.010000228881836,24.9950008392334,22.84600067138672,24.950000762939453,24.950000762939453,5646600,USD,NMS,America/New_York,Yahoo Finance
FSLY,2026-08-24,24.15999984741211,24.360000610351562,22.8700008392334,22.940000534057617,22.940000534057617,3176600,USD,NMS,America/New_York,Yahoo Finance
FSLY,2026-08-25,23.299999237060547,23.559999465942383,22.530000686645508,23.0,23.0,3489300,USD,NMS,America/New_York,Yahoo Finance
FSLY,2026-08-26,22.719999313354492,23.649999618530273,22.700000762939453,23.290000915527344,23.290000915527344,2542700,USD,NMS,America/New_York,Yahoo Finance
FSLY,2026-08-27,24.079999923706055,25.360000610351562,23.82200050354004,24.639999389648438,24.639999389648438,4221600,USD,NMS,America/New_York,Yahoo Finance
FSLY,2026-08-28,24.329999923706055,24.80900001525879,22.780000686645508,23.040000915527344,23.040000915527344,4015900,USD,NMS,America/New_York,Yahoo Finance
FSLY,2026-08-31,23.0,23.107999801635742,22.454999923706055,22.790000915527344,22.790000915527344,3996600,USD,NMS,America/New_York,Yahoo Finance
FSLY,2026-09-01,22.600000381469727,22.68899917602539,20.579999923706055,20.770000457763672,20.770000457763672,4074900,USD,NMS,America/New_York,Yahoo Finance
FSLY,2026-09-02,20.559999465942383,20.834999084472656,20.110000610351562,20.43000030517578,20.43000030517578,3560900,USD,NMS,America/New_York,Yahoo Finance
FSLY,2026-09-03,20.299999237060547,21.21500015258789,19.760000228881836,21.1200008392334,21.1200008392334,3708600,USD,NMS,America/New_York,Yahoo Finance
FSLY,2026-09-04,20.860000610351562,21.030000686645508,20.3700008392334,20.59000015258789,20.59000015258789,2420300,USD,NMS,America/New_York,Yahoo Finance
FSLY,2026-09-08,20.350000381469727,22.729999542236328,19.920000076293945,21.489999771118164,21.489999771118164,5815000,USD,NMS,America/New_York,Yahoo Finance
FSLY,2026-09-09,22.690000534057617,24.59000015258789,22.084999084472656,22.709999084472656,22.709999084472656,10751200,USD,NMS,America/New_York,Yahoo Finance
FSLY,2026-09-10,22.0,23.190000534057617,21.81999969482422,22.709999084472656,22.709999084472656,6217300,USD,NMS,America/New_York,Yahoo Finance
FSLY,2026-09-11,22.700000762939453,23.3799991607666,21.899999618530273,23.15999984741211,23.15999984741211,6398800,USD,NMS,America/New_York,Yahoo Finance
FSLY,2026-09-14,23.229999542236328,25.100000381469727,22.75,24.860000610351562,24.860000610351562,7346500,USD,NMS,America/New_York,Yahoo Finance
FSLY,2026-09-15,24.75,25.405000686645508,23.6299991607666,24.299999237060547,24.299999237060547,5285000,USD,NMS,America/New_York,Yahoo Finance
FSLY,2026-09-16,23.84000015258789,24.823999404907227,23.094999313354492,23.540000915527344,23.540000915527344,3518200,USD,NMS,America/New_York,Yahoo Finance
FSLY,2026-09-17,23.540000915527344,25.75,22.899999618530273,24.56999969482422,24.56999969482422,6408300,USD,NMS,America/New_York,Yahoo Finance
FSLY,2026-09-18,24.875,24.979999542236328,23.059999465942383,23.860000610351562,23.860000610351562,7837800,USD,NMS,America/New_York,Yahoo Finance
FSLY,2026-09-21,24.219999313354492,28.06999969482422,23.704999923706055,27.420000076293945,27.420000076293945,9874200,USD,NMS,America/New_York,Yahoo Finance
FSLY,2026-09-22,28.020000457763672,28.834999084472656,24.65999984741211,26.079999923706055,26.079999923706055,14968100,USD,NMS,America/New_York,Yahoo Finance
FSLY,2026-09-23,25.899999618530273,31.329999923706055,24.040000915527344,29.649999618530273,29.649999618530273,30280000,USD,NMS,America/New_York,Yahoo Finance
FSLY,2026-09-24,27.799999237060547,28.149999618530273,26.191999435424805,26.68000030517578,26.68000030517578,17464700,USD,NMS,America/New_York,Yahoo Finance
FSLY,2026-09-25,28.149999618530273,28.280000686645508,24.75,24.959999084472656,24.959999084472656,9665600,USD,NMS,America/New_York,Yahoo Finance
FSLY,2026-09-28,24.5049991607666,25.229999542236328,24.139999389648438,24.920000076293945,24.920000076293945,5085400,USD,NMS,America/New_York,Yahoo Finance
FTS,2026-08-17,56.439998626708984,56.72999954223633,56.18000030517578,56.439998626708984,55.979244232177734,558300,USD,NYQ,America/New_York,Yahoo Finance
FTS,2026-08-18,56.869998931884766,57.040000915527344,56.470001220703125,56.470001220703125,56.009002685546875,685700,USD,NYQ,America/New_York,Yahoo Finance
FTS,2026-08-19,56.06999969482422,56.61000061035156,55.810001373291016,56.22999954223633,56.22999954223633,835300,USD,NYQ,America/New_York,Yahoo Finance
FTS,2026-08-20,56.2400016784668,56.779998779296875,56.099998474121094,56.2400016784668,56.2400016784668,659200,USD,NYQ,America/New_York,Yahoo Finance
FTS,2026-08-21,56.4900016784668,56.650001525878906,54.849998474121094,54.900001525878906,54.900001525878906,867500,USD,NYQ,America/New_York,Yahoo Finance
FTS,2026-08-24,55.13999938964844,55.34000015258789,54.66999816894531,55.31999969482422,55.31999969482422,796500,USD,NYQ,America/New_York,Yahoo Finance
FTS,2026-08-25,55.38999938964844,55.400001525878906,54.869998931884766,55.06999969482422,55.06999969482422,540600,USD,NYQ,America/New_York,Yahoo Finance
FTS,2026-08-26,55.130001068115234,55.38999938964844,54.810001373291016,55.349998474121094,55.349998474121094,612000,USD,NYQ,America/New_York,Yahoo Finance
FTS,2026-08-27,55.209999084472656,55.66999816894531,54.47999954223633,54.849998474121094,54.849998474121094,634500,USD,NYQ,America/New_York,Yahoo Finance
FTS,2026-08-28,54.97999954223633,55.040000915527344,54.34000015258789,54.65999984741211,54.65999984741211,835600,USD,NYQ,America/New_York,Yahoo Finance
FTS,2026-08-31,54.279998779296875,55.279998779296875,54.279998779296875,55.18000030517578,55.18000030517578,1068900,USD,NYQ,America/New_York,Yahoo Finance
FTS,2026-09-01,55.529998779296875,55.529998779296875,54.56999969482422,55.040000915527344,55.040000915527344,1013700,USD,NYQ,America/New_York,Yahoo Finance
FTS,2026-09-02,55.220001220703125,55.220001220703125,54.52000045776367,55.04999923706055,55.04999923706055,838100,USD,NYQ,America/New_York,Yahoo Finance
FTS,2026-09-03,55.29999923706055,55.72999954223633,55.15999984741211,55.56999969482422,55.56999969482422,684800,USD,NYQ,America/New_York,Yahoo Finance
FTS,2026-09-04,55.25,55.7599983215332,55.220001220703125,55.2599983215332,55.2599983215332,478200,USD,NYQ,America/New_York,Yahoo Finance
FTS,2026-09-08,55.2599983215332,55.95000076293945,55.25,55.56999969482422,55.56999969482422,565100,USD,NYQ,America/New_York,Yahoo Finance
FTS,2026-09-09,55.58000183105469,55.630001068115234,54.91999816894531,55.119998931884766,55.119998931884766,499000,USD,NYQ,America/New_York,Yahoo Finance
FTS,2026-09-10,55.279998779296875,55.400001525878906,54.38999938964844,54.47999954223633,54.47999954223633,656200,USD,NYQ,America/New_York,Yahoo Finance
FTS,2026-09-11,54.849998474121094,54.86000061035156,54.189998626708984,54.369998931884766,54.369998931884766,549700,USD,NYQ,America/New_York,Yahoo Finance
FTS,2026-09-14,54.59000015258789,54.59000015258789,53.619998931884766,54.06999969482422,54.06999969482422,746400,USD,NYQ,America/New_York,Yahoo Finance
FTS,2026-09-15,54.09000015258789,54.20000076293945,53.2599983215332,53.5,53.5,693300,USD,NYQ,America/New_York,Yahoo Finance
FTS,2026-09-16,53.79999923706055,54.119998931884766,53.619998931884766,53.849998474121094,53.849998474121094,863100,USD,NYQ,America/New_York,Yahoo Finance
FTS,2026-09-17,54.099998474121094,54.65999984741211,53.9900016784668,54.47999954223633,54.47999954223633,677000,USD,NYQ,America/New_York,Yahoo Finance
FTS,2026-09-18,54.060001373291016,54.2400016784668,53.79999923706055,54.099998474121094,54.099998474121094,642000,USD,NYQ,America/New_York,Yahoo Finance
FTS,2026-09-21,54.029998779296875,54.150001525878906,53.560001373291016,53.61000061035156,53.61000061035156,561300,USD,NYQ,America/New_York,Yahoo Finance
FTS,2026-09-22,53.689998626708984,54.189998626708984,53.54999923706055,53.84000015258789,53.84000015258789,706500,USD,NYQ,America/New_York,Yahoo Finance
FTS,2026-09-23,53.61000061035156,53.66999816894531,53.119998931884766,53.29999923706055,53.29999923706055,904500,USD,NYQ,America/New_York,Yahoo Finance
FTS,2026-09-24,53.40999984741211,53.45000076293945,52.91999816894531,53.08000183105469,53.08000183105469,1119700,USD,NYQ,America/New_York,Yahoo Finance
FTS,2026-09-25,53.0099983215332,53.18000030517578,52.70000076293945,53.09000015258789,53.09000015258789,927900,USD,NYQ,America/New_York,Yahoo Finance
FTS,2026-09-28,53.25,53.2599983215332,52.65999984741211,53.119998931884766,53.119998931884766,944200,USD,NYQ,America/New_York,Yahoo Finance
FUL,2026-08-17,62.380001068115234,64.23999786376953,62.380001068115234,63.58000183105469,63.58000183105469,885100,USD,NYQ,America/New_York,Yahoo Finance
FUL,2026-08-18,63.43000030517578,63.43000030517578,59.880001068115234,59.88999938964844,59.88999938964844,812400,USD,NYQ,America/New_York,Yahoo Finance
FUL,2026-08-19,59.36000061035156,62.279998779296875,59.36000061035156,60.849998474121094,60.849998474121094,484000,USD,NYQ,America/New_York,Yahoo Finance
FUL,2026-08-20,59.66999816894531,60.279998779296875,58.849998474121094,59.15999984741211,59.15999984741211,900500,USD,NYQ,America/New_York,Yahoo Finance
FUL,2026-08-21,58.630001068115234,59.88999938964844,58.630001068115234,58.70000076293945,58.70000076293945,384000,USD,NYQ,America/New_York,Yahoo Finance
FUL,2026-08-24,58.709999084472656,59.45000076293945,57.77000045776367,57.9900016784668,57.9900016784668,546600,USD,NYQ,America/New_York,Yahoo Finance
FUL,2026-08-25,58.18000030517578,58.18000030517578,56.779998779296875,57.0099983215332,57.0099983215332,577600,USD,NYQ,America/New_York,Yahoo Finance
FUL,2026-08-26,56.369998931884766,58.16999816894531,56.36000061035156,58.04999923706055,58.04999923706055,492600,USD,NYQ,America/New_York,Yahoo Finance
FUL,2026-08-27,57.2599983215332,57.95000076293945,56.970001220703125,57.0,57.0,555100,USD,NYQ,America/New_York,Yahoo Finance
FUL,2026-08-28,56.40999984741211,58.15999984741211,56.310001373291016,56.349998474121094,56.349998474121094,443100,USD,NYQ,America/New_York,Yahoo Finance
FUL,2026-08-31,56.29999923706055,56.310001373291016,54.86000061035156,54.95000076293945,54.95000076293945,515000,USD,NYQ,America/New_York,Yahoo Finance
FUL,2026-09-01,54.459999084472656,54.5,53.380001068115234,53.81999969482422,53.81999969482422,423700,USD,NYQ,America/New_York,Yahoo Finance
FUL,2026-09-02,54.29999923706055,55.400001525878906,53.84000015258789,53.90999984741211,53.90999984741211,606400,USD,NYQ,America/New_York,Yahoo Finance
FUL,2026-09-03,55.220001220703125,55.220001220703125,52.63999938964844,53.66999816894531,53.66999816894531,566400,USD,NYQ,America/New_York,Yahoo Finance
FUL,2026-09-04,53.060001373291016,54.11000061035156,52.86000061035156,53.88999938964844,53.88999938964844,382300,USD,NYQ,America/New_York,Yahoo Finance
FUL,2026-09-08,53.369998931884766,53.52000045776367,52.900001525878906,53.040000915527344,53.040000915527344,387800,USD,NYQ,America/New_York,Yahoo Finance
FUL,2026-09-09,53.0,53.58000183105469,51.43000030517578,51.84000015258789,51.84000015258789,472000,USD,NYQ,America/New_York,Yahoo Finance
FUL,2026-09-10,51.310001373291016,52.06999969482422,50.849998474121094,51.650001525878906,51.650001525878906,640100,USD,NYQ,America/New_York,Yahoo Finance
FUL,2026-09-11,52.529998779296875,52.68000030517578,51.47999954223633,51.599998474121094,51.599998474121094,1107900,USD,NYQ,America/New_York,Yahoo Finance
FUL,2026-09-14,51.0,51.47999954223633,50.7599983215332,50.970001220703125,50.970001220703125,620100,USD,NYQ,America/New_York,Yahoo Finance
FUL,2026-09-15,50.939998626708984,50.97999954223633,50.310001373291016,50.88999938964844,50.88999938964844,833000,USD,NYQ,America/New_York,Yahoo Finance
FUL,2026-09-16,51.349998474121094,51.900001525878906,50.61000061035156,50.83000183105469,50.83000183105469,612300,USD,NYQ,America/New_York,Yahoo Finance
FUL,2026-09-17,51.58000183105469,51.59000015258789,50.40999984741211,50.40999984741211,50.40999984741211,487200,USD,NYQ,America/New_York,Yahoo Finance
FUL,2026-09-18,50.0,50.060001373291016,48.599998474121094,49.40999984741211,49.40999984741211,1622900,USD,NYQ,America/New_York,Yahoo Finance
FUL,2026-09-21,49.93000030517578,50.0,49.2400016784668,49.630001068115234,49.630001068115234,613100,USD,NYQ,America/New_York,Yahoo Finance
FUL,2026-09-22,50.59000015258789,51.650001525878906,50.25,51.06999969482422,51.06999969482422,618800,USD,NYQ,America/New_York,Yahoo Finance
FUL,2026-09-23,50.5099983215332,52.66999816894531,49.619998931884766,50.209999084472656,50.209999084472656,1999800,USD,NYQ,America/New_York,Yahoo Finance
FUL,2026-09-24,49.290000915527344,50.72999954223633,46.70000076293945,50.0,50.0,2253300,USD,NYQ,America/New_York,Yahoo Finance
FUL,2026-09-25,53.0,53.54999923706055,48.869998931884766,50.060001373291016,50.060001373291016,1145700,USD,NYQ,America/New_York,Yahoo Finance
FUL,2026-09-28,49.060001373291016,50.060001373291016,48.4900016784668,49.369998931884766,49.369998931884766,1384900,USD,NYQ,America/New_York,Yahoo Finance
FWONK,2026-08-17,102.8499984741211,103.98999786376953,101.20999908447266,101.9800033569336,101.9800033569336,1395300,USD,NMS,America/New_York,Yahoo Finance
FWONK,2026-08-18,102.55000305175781,103.12999725341797,101.83999633789062,102.0199966430664,102.0199966430664,1136200,USD,NMS,America/New_York,Yahoo Finance
FWONK,2026-08-19,101.4800033569336,104.88999938964844,101.4800033569336,104.83999633789062,104.83999633789062,1496700,USD,NMS,America/New_York,Yahoo Finance
FWONK,2026-08-20,105.01000213623047,105.11499786376953,102.7249984741211,104.16000366210938,104.16000366210938,1971000,USD,NMS,America/New_York,Yahoo Finance
FWONK,2026-08-21,104.1500015258789,105.22000122070312,104.0,104.94000244140625,104.94000244140625,924100,USD,NMS,America/New_York,Yahoo Finance
FWONK,2026-08-24,105.63999938964844,107.30999755859375,105.13899993896484,106.66000366210938,106.66000366210938,2034000,USD,NMS,America/New_York,Yahoo Finance
FWONK,2026-08-25,105.91000366210938,106.4000015258789,103.93299865722656,104.5,104.5,1674100,USD,NMS,America/New_York,Yahoo Finance
FWONK,2026-08-26,103.97000122070312,104.7300033569336,103.20999908447266,103.33999633789062,103.33999633789062,1667600,USD,NMS,America/New_York,Yahoo Finance
FWONK,2026-08-27,103.36000061035156,103.56300354003906,101.5999984741211,102.08999633789062,102.08999633789062,1497600,USD,NMS,America/New_York,Yahoo Finance
FWONK,2026-08-28,102.62999725341797,102.80999755859375,101.19000244140625,101.80000305175781,101.80000305175781,933100,USD,NMS,America/New_York,Yahoo Finance
FWONK,2026-08-31,101.0199966430664,101.76499938964844,99.48500061035156,99.94999694824219,99.94999694824219,2159700,USD,NMS,America/New_York,Yahoo Finance
FWONK,2026-09-01,99.1500015258789,100.0250015258789,96.93000030517578,96.94999694824219,96.94999694824219,2353900,USD,NMS,America/New_York,Yahoo Finance
FWONK,2026-09-02,96.8499984741211,98.4800033569336,96.8499984741211,97.4000015258789,97.4000015258789,1820900,USD,NMS,America/New_York,Yahoo Finance
FWONK,2026-09-03,97.20999908447266,98.5,96.0999984741211,96.94000244140625,96.94000244140625,1647900,USD,NMS,America/New_York,Yahoo Finance
FWONK,2026-09-04,96.12999725341797,98.9000015258789,95.33999633789062,95.5,95.5,1740800,USD,NMS,America/New_York,Yahoo Finance
FWONK,2026-09-08,95.87999725341797,96.79000091552734,94.68000030517578,94.94999694824219,94.94999694824219,1578700,USD,NMS,America/New_York,Yahoo Finance
FWONK,2026-09-09,95.55999755859375,97.43000030517578,95.08999633789062,96.80000305175781,96.80000305175781,2192900,USD,NMS,America/New_York,Yahoo Finance
FWONK,2026-09-10,98.62000274658203,98.62000274658203,94.95500183105469,95.44000244140625,95.44000244140625,2522400,USD,NMS,America/New_York,Yahoo Finance
FWONK,2026-09-11,95.88999938964844,97.56999969482422,95.0,95.58999633789062,95.58999633789062,1766900,USD,NMS,America/New_York,Yahoo Finance
FWONK,2026-09-14,96.58499908447266,96.93000030517578,94.69999694824219,95.4000015258789,95.4000015258789,1995600,USD,NMS,America/New_York,Yahoo Finance
FWONK,2026-09-15,94.76000213623047,95.45999908447266,94.01000213623047,95.0,95.0,1882700,USD,NMS,America/New_York,Yahoo Finance
FWONK,2026-09-16,94.87000274658203,96.66999816894531,94.33999633789062,95.36000061035156,95.36000061035156,2096600,USD,NMS,America/New_York,Yahoo Finance
FWONK,2026-09-17,95.8499984741211,95.86000061035156,93.93000030517578,94.16999816894531,94.16999816894531,1563000,USD,NMS,America/New_York,Yahoo Finance
FWONK,2026-09-18,94.5199966430664,95.31999969482422,93.3499984741211,94.54000091552734,94.54000091552734,3669000,USD,NMS,America/New_York,Yahoo Finance
FWONK,2026-09-21,96.54000091552734,97.2699966430664,94.58999633789062,96.43000030517578,96.43000030517578,2246600,USD,NMS,America/New_York,Yahoo Finance
FWONK,2026-09-22,96.80000305175781,97.63999938964844,94.52999877929688,94.62000274658203,94.62000274658203,4227000,USD,NMS,America/New_York,Yahoo Finance
FWONK,2026-09-23,94.5199966430664,95.4000015258789,93.16999816894531,93.25,93.25,4316900,USD,NMS,America/New_York,Yahoo Finance
FWONK,2026-09-24,93.73999786376953,95.95999908447266,93.33000183105469,95.08000183105469,95.08000183105469,2503300,USD,NMS,America/New_York,Yahoo Finance
FWONK,2026-09-25,95.08000183105469,95.56500244140625,93.05000305175781,94.61000061035156,94.61000061035156,2068300,USD,NMS,America/New_York,Yahoo Finance
FWONK,2026-09-28,94.25,95.1449966430664,93.44000244140625,94.86000061035156,94.86000061035156,1109800,USD,NMS,America/New_York,Yahoo Finance
GAM,2026-08-17,67.88999938964844,68.56999969482422,67.5999984741211,67.70999908447266,67.70999908447266,16900,USD,NYQ,America/New_York,Yahoo Finance
GAM,2026-08-18,67.44999694824219,67.8499984741211,67.36000061035156,67.36000061035156,67.36000061035156,2300,USD,NYQ,America/New_York,Yahoo Finance
GAM,2026-08-19,67.36000061035156,68.0199966430664,67.36000061035156,67.80999755859375,67.80999755859375,8800,USD,NYQ,America/New_York,Yahoo Finance
GAM,2026-08-20,67.5199966430664,68.29000091552734,67.0999984741211,67.0999984741211,67.0999984741211,12800,USD,NYQ,America/New_York,Yahoo Finance
GAM,2026-08-21,67.43000030517578,67.63999938964844,67.11000061035156,67.62000274658203,67.62000274658203,10800,USD,NYQ,America/New_York,Yahoo Finance
GAM,2026-08-24,67.80000305175781,67.80000305175781,66.98999786376953,67.3499984741211,67.3499984741211,20100,USD,NYQ,America/New_York,Yahoo Finance
GAM,2026-08-25,67.5199966430664,68.01000213623047,67.38999938964844,67.94999694824219,67.94999694824219,10100,USD,NYQ,America/New_York,Yahoo Finance
GAM,2026-08-26,67.6500015258789,67.79000091552734,67.38999938964844,67.58000183105469,67.58000183105469,5700,USD,NYQ,America/New_York,Yahoo Finance
GAM,2026-08-27,67.77999877929688,67.77999877929688,67.27999877929688,67.58999633789062,67.58999633789062,23200,USD,NYQ,America/New_York,Yahoo Finance
GAM,2026-08-28,67.5999984741211,67.5999984741211,67.0,67.16000366210938,67.16000366210938,17600,USD,NYQ,America/New_York,Yahoo Finance
GAM,2026-08-31,66.66000366210938,68.29000091552734,66.38999938964844,66.62999725341797,66.62999725341797,15700,USD,NYQ,America/New_York,Yahoo Finance
GAM,2026-09-01,66.9000015258789,66.9000015258789,65.95999908447266,66.30999755859375,66.30999755859375,19900,USD,NYQ,America/New_York,Yahoo Finance
GAM,2026-09-02,66.5999984741211,67.4800033569336,65.95999908447266,66.7300033569336,66.7300033569336,10000,USD,NYQ,America/New_York,Yahoo Finance
GAM,2026-09-03,67.02999877929688,67.37000274658203,66.43000030517578,67.1500015258789,67.1500015258789,19700,USD,NYQ,America/New_York,Yahoo Finance
GAM,2026-09-04,67.19999694824219,67.19999694824219,66.4800033569336,66.4800033569336,66.4800033569336,8300,USD,NYQ,America/New_York,Yahoo Finance
GAM,2026-09-08,66.6500015258789,66.83999633789062,66.25,66.38999938964844,66.38999938964844,12400,USD,NYQ,America/New_York,Yahoo Finance
GAM,2026-09-09,65.97000122070312,66.27999877929688,65.61000061035156,65.81999969482422,65.81999969482422,12000,USD,NYQ,America/New_York,Yahoo Finance
GAM,2026-09-10,65.16000366210938,66.61000061035156,65.16000366210938,65.44999694824219,65.44999694824219,12900,USD,NYQ,America/New_York,Yahoo Finance
GAM,2026-09-11,65.62999725341797,66.47000122070312,65.62000274658203,65.7300033569336,65.7300033569336,8700,USD,NYQ,America/New_York,Yahoo Finance
GAM,2026-09-14,65.16999816894531,66.8499984741211,64.8499984741211,65.08000183105469,65.08000183105469,29200,USD,NYQ,America/New_York,Yahoo Finance
GAM,2026-09-15,64.91000366210938,65.44999694824219,64.31999969482422,64.41999816894531,64.41999816894531,35400,USD,NYQ,America/New_York,Yahoo Finance
GAM,2026-09-16,64.33999633789062,65.2699966430664,64.0,64.48999786376953,64.48999786376953,20500,USD,NYQ,America/New_York,Yahoo Finance
GAM,2026-09-17,65.25,65.25,64.87999725341797,65.0199966430664,65.0199966430664,10900,USD,NYQ,America/New_York,Yahoo Finance
GAM,2026-09-18,65.05999755859375,65.29000091552734,64.5,64.94000244140625,64.94000244140625,11600,USD,NYQ,America/New_York,Yahoo Finance
GAM,2026-09-21,64.9000015258789,65.94000244140625,64.9000015258789,65.51000213623047,65.51000213623047,12800,USD,NYQ,America/New_York,Yahoo Finance
GAM,2026-09-22,64.9000015258789,65.94999694824219,64.9000015258789,65.45999908447266,65.45999908447266,17700,USD,NYQ,America/New_York,Yahoo Finance
GAM,2026-09-23,65.11000061035156,65.27999877929688,64.66000366210938,64.80000305175781,64.80000305175781,31000,USD,NYQ,America/New_York,Yahoo Finance
GAM,2026-09-24,64.2699966430664,64.87999725341797,64.19999694824219,64.4800033569336,64.4800033569336,16700,USD,NYQ,America/New_York,Yahoo Finance
GAM,2026-09-25,64.33000183105469,64.79000091552734,64.33000183105469,64.5199966430664,64.5199966430664,16200,USD,NYQ,America/New_York,Yahoo Finance
GAM,2026-09-28,64.27999877929688,64.54000091552734,63.88999938964844,63.97999954223633,63.97999954223633,12600,USD,NYQ,America/New_York,Yahoo Finance
GD,2026-08-17,391.7699890136719,394.5199890136719,389.7900085449219,391.1400146484375,391.1400146484375,725800,USD,NYQ,America/New_York,Yahoo Finance
GD,2026-08-18,393.92999267578125,395.9800109863281,392.6600036621094,393.4800109863281,393.4800109863281,619500,USD,NYQ,America/New_York,Yahoo Finance
GD,2026-08-19,396.42999267578125,396.9200134277344,391.4700012207031,392.3399963378906,392.3399963378906,860300,USD,NYQ,America/New_York,Yahoo Finance
GD,2026-08-20,391.17999267578125,394.67999267578125,385.17999267578125,386.07000732421875,386.07000732421875,933000,USD,NYQ,America/New_York,Yahoo Finance
GD,2026-08-21,387.0,388.3800048828125,382.19000244140625,384.2900085449219,384.2900085449219,759800,USD,NYQ,America/New_York,Yahoo Finance
GD,2026-08-24,384.4800109863281,386.4100036621094,381.5299987792969,383.7699890136719,383.7699890136719,824700,USD,NYQ,America/New_York,Yahoo Finance
GD,2026-08-25,384.0,384.1199951171875,375.17999267578125,376.5799865722656,376.5799865722656,978600,USD,NYQ,America/New_York,Yahoo Finance
GD,2026-08-26,378.04998779296875,382.989990234375,378.0199890136719,382.0199890136719,382.0199890136719,819900,USD,NYQ,America/New_York,Yahoo Finance
GD,2026-08-27,381.07000732421875,382.17999267578125,378.3299865722656,380.05999755859375,380.05999755859375,592400,USD,NYQ,America/New_York,Yahoo Finance
GD,2026-08-28,381.07000732421875,381.0799865722656,377.6600036621094,379.32000732421875,379.32000732421875,624400,USD,NYQ,America/New_York,Yahoo Finance
GD,2026-08-31,377.239990234375,378.989990234375,367.4599914550781,371.3500061035156,371.3500061035156,1255800,USD,NYQ,America/New_York,Yahoo Finance
GD,2026-09-01,371.5,375.30999755859375,367.4100036621094,369.4100036621094,369.4100036621094,1269400,USD,NYQ,America/New_York,Yahoo Finance
GD,2026-09-02,369.8500061035156,370.3699951171875,362.2099914550781,364.07000732421875,364.07000732421875,1575500,USD,NYQ,America/New_York,Yahoo Finance
GD,2026-09-03,366.75,367.25,359.5,365.8699951171875,365.8699951171875,1485500,USD,NYQ,America/New_York,Yahoo Finance
GD,2026-09-04,361.5799865722656,366.4700012207031,358.0400085449219,359.3900146484375,359.3900146484375,1080200,USD,NYQ,America/New_York,Yahoo Finance
GD,2026-09-08,358.70001220703125,361.0,355.1400146484375,356.5799865722656,356.5799865722656,1089900,USD,NYQ,America/New_York,Yahoo Finance
GD,2026-09-09,356.4100036621094,360.5,352.19000244140625,352.6700134277344,352.6700134277344,907500,USD,NYQ,America/New_York,Yahoo Finance
GD,2026-09-10,353.54998779296875,355.739990234375,352.2900085449219,354.25,354.25,850800,USD,NYQ,America/New_York,Yahoo Finance
GD,2026-09-11,357.0,357.94000244140625,352.510009765625,355.8999938964844,355.8999938964844,1343400,USD,NYQ,America/New_York,Yahoo Finance
GD,2026-09-14,357.8800048828125,359.1499938964844,355.6400146484375,356.80999755859375,356.80999755859375,910000,USD,NYQ,America/New_York,Yahoo Finance
GD,2026-09-15,357.07000732421875,360.260009765625,353.1199951171875,358.6000061035156,358.6000061035156,1259000,USD,NYQ,America/New_York,Yahoo Finance
GD,2026-09-16,357.5899963378906,362.07000732421875,356.04998779296875,360.0,360.0,1003400,USD,NYQ,America/New_York,Yahoo Finance
GD,2026-09-17,361.2300109863281,362.3900146484375,353.3900146484375,355.95001220703125,355.95001220703125,1152000,USD,NYQ,America/New_York,Yahoo Finance
GD,2026-09-18,355.4800109863281,355.7200012207031,349.8399963378906,353.04998779296875,353.04998779296875,2693600,USD,NYQ,America/New_York,Yahoo Finance
GD,2026-09-21,352.739990234375,355.04998779296875,351.4100036621094,353.8999938964844,353.8999938964844,926700,USD,NYQ,America/New_York,Yahoo Finance
GD,2026-09-22,353.95001220703125,354.6700134277344,342.1600036621094,343.3900146484375,343.3900146484375,1279400,USD,NYQ,America/New_York,Yahoo Finance
GD,2026-09-23,344.19000244140625,348.760009765625,343.04998779296875,343.3299865722656,343.3299865722656,1085300,USD,NYQ,America/New_York,Yahoo Finance
GD,2026-09-24,343.0,344.739990234375,336.19000244140625,336.2900085449219,336.2900085449219,1570300,USD,NYQ,America/New_York,Yahoo Finance
GD,2026-09-25,336.2099914550781,339.989990234375,335.0,336.7200012207031,336.7200012207031,1463100,USD,NYQ,America/New_York,Yahoo Finance
GD,2026-09-28,334.8599853515625,337.29998779296875,332.5899963378906,334.1600036621094,334.1600036621094,1870400,USD,NYQ,America/New_York,Yahoo Finance
GE,2026-08-17,367.8699951171875,372.3599853515625,366.760009765625,369.42999267578125,369.42999267578125,5515000,USD,NYQ,America/New_York,Yahoo Finance
GE,2026-08-18,366.8900146484375,375.5799865722656,365.0,375.0899963378906,375.0899963378906,4927900,USD,NYQ,America/New_York,Yahoo Finance
GE,2026-08-19,373.5199890136719,374.55999755859375,355.9800109863281,356.2300109863281,356.2300109863281,4923400,USD,NYQ,America/New_York,Yahoo Finance
GE,2026-08-20,353.0899963378906,354.5,343.55999755859375,344.6400146484375,344.6400146484375,6056100,USD,NYQ,America/New_York,Yahoo Finance
GE,2026-08-21,347.5400085449219,351.8599853515625,346.4100036621094,348.3699951171875,348.3699951171875,3546100,USD,NYQ,America/New_York,Yahoo Finance
GE,2026-08-24,346.5899963378906,348.489990234375,340.5400085449219,341.8399963378906,341.8399963378906,2664800,USD,NYQ,America/New_York,Yahoo Finance
GE,2026-08-25,345.95001220703125,350.0,344.2200012207031,349.5400085449219,349.5400085449219,3134800,USD,NYQ,America/New_York,Yahoo Finance
GE,2026-08-26,351.7799987792969,356.3900146484375,350.0,354.3900146484375,354.3900146484375,3035900,USD,NYQ,America/New_York,Yahoo Finance
GE,2026-08-27,352.7900085449219,353.5,339.6000061035156,342.7300109863281,342.7300109863281,5090900,USD,NYQ,America/New_York,Yahoo Finance
GE,2026-08-28,345.0899963378906,345.6300048828125,341.2699890136719,342.5799865722656,342.5799865722656,2537100,USD,NYQ,America/New_York,Yahoo Finance
GE,2026-08-31,338.8299865722656,339.75,333.7200012207031,335.7099914550781,335.7099914550781,4476600,USD,NYQ,America/New_York,Yahoo Finance
GE,2026-09-01,333.7099914550781,336.25,329.510009765625,331.0899963378906,331.0899963378906,3027200,USD,NYQ,America/New_York,Yahoo Finance
GE,2026-09-02,333.3599853515625,333.8599853515625,329.30999755859375,329.5,329.5,2691300,USD,NYQ,America/New_York,Yahoo Finance
GE,2026-09-03,331.54998779296875,334.44000244140625,329.32000732421875,333.4800109863281,333.4800109863281,2653100,USD,NYQ,America/New_York,Yahoo Finance
GE,2026-09-04,332.239990234375,337.2099914550781,332.239990234375,337.1199951171875,337.1199951171875,2511000,USD,NYQ,America/New_York,Yahoo Finance
GE,2026-09-08,338.1099853515625,342.7300109863281,332.0400085449219,334.9100036621094,334.9100036621094,3062100,USD,NYQ,America/New_York,Yahoo Finance
GE,2026-09-09,330.8800048828125,332.05999755859375,321.1600036621094,325.4200134277344,325.4200134277344,5020200,USD,NYQ,America/New_York,Yahoo Finance
GE,2026-09-10,322.3599853515625,327.5,321.79998779296875,324.1499938964844,324.1499938964844,3463400,USD,NYQ,America/New_York,Yahoo Finance
GE,2026-09-11,328.2900085449219,329.8800048828125,322.7699890136719,323.6600036621094,323.6600036621094,2528100,USD,NYQ,America/New_York,Yahoo Finance
GE,2026-09-14,315.20001220703125,318.4599914550781,312.0799865722656,317.55999755859375,317.55999755859375,5146000,USD,NYQ,America/New_York,Yahoo Finance
GE,2026-09-15,318.5400085449219,320.3599853515625,306.79998779296875,307.04998779296875,307.04998779296875,7273800,USD,NYQ,America/New_York,Yahoo Finance
GE,2026-09-16,310.17999267578125,318.5,308.67999267578125,312.8999938964844,312.8999938964844,4524600,USD,NYQ,America/New_York,Yahoo Finance
GE,2026-09-17,316.7900085449219,318.67999267578125,313.4700012207031,313.4700012207031,313.4700012207031,5326800,USD,NYQ,America/New_York,Yahoo Finance
GE,2026-09-18,313.6300048828125,314.5299987792969,309.6199951171875,314.2699890136719,314.2699890136719,10440000,USD,NYQ,America/New_York,Yahoo Finance
GE,2026-09-21,317.5400085449219,322.1400146484375,313.80999755859375,319.010009765625,319.010009765625,3794700,USD,NYQ,America/New_York,Yahoo Finance
GE,2026-09-22,322.3299865722656,322.5,314.3599853515625,319.2200012207031,319.2200012207031,3400800,USD,NYQ,America/New_York,Yahoo Finance
GE,2026-09-23,318.3999938964844,325.9200134277344,317.6199951171875,319.79998779296875,319.79998779296875,4353100,USD,NYQ,America/New_York,Yahoo Finance
GE,2026-09-24,317.5400085449219,323.1700134277344,315.4800109863281,319.7799987792969,319.7799987792969,3726300,USD,NYQ,America/New_York,Yahoo Finance
GE,2026-09-25,321.8999938964844,329.1700134277344,319.6400146484375,327.0899963378906,327.0899963378906,4287300,USD,NYQ,America/New_York,Yahoo Finance
GE,2026-09-28,321.4599914550781,323.0,315.239990234375,318.239990234375,318.239990234375,4173000,USD,NYQ,America/New_York,Yahoo Finance
GFS,2026-08-17,54.880001068115234,55.58000183105469,53.27000045776367,53.439998626708984,53.30625915527344,4197900,USD,NMS,America/New_York,Yahoo Finance
GFS,2026-08-18,51.244998931884766,51.61000061035156,49.560001373291016,49.900001525878906,49.77511978149414,3373200,USD,NMS,America/New_York,Yahoo Finance
GFS,2026-08-19,50.779998779296875,51.0,48.09000015258789,48.58000183105469,48.45842361450195,3380900,USD,NMS,America/New_York,Yahoo Finance
GFS,2026-08-20,48.380001068115234,48.630001068115234,47.064998626708984,47.33000183105469,47.211551666259766,3433900,USD,NMS,America/New_York,Yahoo Finance
GFS,2026-08-21,48.150001525878906,48.39500045776367,46.959999084472656,48.04999923706055,47.92974853515625,2707500,USD,NMS,America/New_York,Yahoo Finance
GFS,2026-08-24,47.02000045776367,47.17300033569336,45.45000076293945,45.95000076293945,45.83500671386719,3677000,USD,NMS,America/New_York,Yahoo Finance
GFS,2026-08-25,46.900001525878906,46.900001525878906,45.540000915527344,45.91999816894531,45.805076599121094,3782800,USD,NMS,America/New_York,Yahoo Finance
GFS,2026-08-26,45.70500183105469,46.040000915527344,45.11000061035156,45.66999816894531,45.555702209472656,4575700,USD,NMS,America/New_York,Yahoo Finance
GFS,2026-08-27,46.75,47.119998931884766,45.619998931884766,46.34000015258789,46.224029541015625,5076000,USD,NMS,America/New_York,Yahoo Finance
GFS,2026-08-28,46.34000015258789,46.45000076293945,44.53099822998047,44.7599983215332,44.647979736328125,3307400,USD,NMS,America/New_York,Yahoo Finance
GFS,2026-08-31,44.97999954223633,45.41999816894531,44.38999938964844,44.689998626708984,44.578155517578125,3384000,USD,NMS,America/New_York,Yahoo Finance
GFS,2026-09-01,43.880001068115234,44.470001220703125,43.257999420166016,43.93000030517578,43.82006072998047,4060400,USD,NMS,America/New_York,Yahoo Finance
GFS,2026-09-02,44.41999816894531,44.529998779296875,43.16999816894531,43.970001220703125,43.859962463378906,3413300,USD,NMS,America/New_York,Yahoo Finance
GFS,2026-09-03,43.2400016784668,44.529998779296875,42.70000076293945,44.529998779296875,44.418556213378906,4321000,USD,NMS,America/New_York,Yahoo Finance
GFS,2026-09-04,44.880001068115234,45.619998931884766,44.529998779296875,45.209999084472656,45.09685516357422,2631300,USD,NMS,America/New_York,Yahoo Finance
GFS,2026-09-08,46.29999923706055,46.689998626708984,44.900001525878906,45.09000015258789,44.97715759277344,5471400,USD,NMS,America/New_York,Yahoo Finance
GFS,2026-09-09,45.09000015258789,46.34000015258789,45.0,45.95000076293945,45.83500671386719,3281700,USD,NMS,America/New_York,Yahoo Finance
GFS,2026-09-10,44.83000183105469,46.29999923706055,44.63999938964844,45.959999084472656,45.84497833251953,3028700,USD,NMS,America/New_York,Yahoo Finance
GFS,2026-09-11,46.439998626708984,47.33000183105469,46.029998779296875,46.95000076293945,46.83250427246094,3695500,USD,NMS,America/New_York,Yahoo Finance
GFS,2026-09-14,44.369998931884766,45.3650016784668,43.5099983215332,43.540000915527344,43.43103790283203,3994800,USD,NMS,America/New_York,Yahoo Finance
GFS,2026-09-15,43.58000183105469,44.40999984741211,42.150001525878906,42.75,42.64301300048828,3909700,USD,NMS,America/New_York,Yahoo Finance
GFS,2026-09-16,43.90999984741211,44.15999984741211,42.55500030517578,43.029998779296875,42.92230987548828,2752500,USD,NMS,America/New_York,Yahoo Finance
GFS,2026-09-17,44.869998931884766,47.099998474121094,44.560001373291016,45.84000015258789,45.72528076171875,6381200,USD,NMS,America/New_York,Yahoo Finance
GFS,2026-09-18,46.20000076293945,47.8650016784668,45.25,47.81999969482422,47.70032501220703,6585900,USD,NMS,America/New_York,Yahoo Finance
GFS,2026-09-21,49.040000915527344,49.18000030517578,47.869998931884766,48.56999969482422,48.448448181152344,3964900,USD,NMS,America/New_York,Yahoo Finance
GFS,2026-09-22,48.0,49.369998931884766,47.79999923706055,47.95000076293945,47.83000183105469,4497500,USD,NMS,America/New_York,Yahoo Finance
GFS,2026-09-23,47.435001373291016,47.900001525878906,46.349998474121094,46.41999816894531,46.41999816894531,3271500,USD,NMS,America/New_York,Yahoo Finance
GFS,2026-09-24,45.560001373291016,47.08000183105469,45.38999938964844,47.04999923706055,47.04999923706055,4729200,USD,NMS,America/New_York,Yahoo Finance
GFS,2026-09-25,47.4900016784668,49.42499923706055,47.119998931884766,49.0,49.0,4939200,USD,NMS,America/New_York,Yahoo Finance
GFS,2026-09-28,48.83000183105469,49.060001373291016,46.63999938964844,47.779998779296875,47.779998779296875,3159100,USD,NMS,America/New_York,Yahoo Finance
GLIBK,2026-08-17,26.56999969482422,27.02899932861328,25.5,25.56999969482422,25.56999969482422,288600,USD,NMS,America/New_York,Yahoo Finance
GLIBK,2026-08-18,25.950000762939453,26.735000610351562,25.690000534057617,26.020000457763672,26.020000457763672,401600,USD,NMS,America/New_York,Yahoo Finance
GLIBK,2026-08-19,26.389999389648438,26.885000228881836,25.84000015258789,25.940000534057617,25.940000534057617,246600,USD,NMS,America/New_York,Yahoo Finance
GLIBK,2026-08-20,25.420000076293945,25.899999618530273,24.829999923706055,25.510000228881836,25.510000228881836,486400,USD,NMS,America/New_York,Yahoo Finance
GLIBK,2026-08-21,25.690000534057617,26.0,25.360000610351562,25.530000686645508,25.530000686645508,294500,USD,NMS,America/New_York,Yahoo Finance
GLIBK,2026-08-24,25.530000686645508,26.25,25.299999237060547,25.780000686645508,25.780000686645508,327400,USD,NMS,America/New_York,Yahoo Finance
GLIBK,2026-08-25,25.75,26.5,25.584999084472656,26.3700008392334,26.3700008392334,176000,USD,NMS,America/New_York,Yahoo Finance
GLIBK,2026-08-26,26.530000686645508,26.530000686645508,26.0,26.34000015258789,26.34000015258789,213300,USD,NMS,America/New_York,Yahoo Finance
GLIBK,2026-08-27,26.040000915527344,26.389999389648438,25.81999969482422,26.139999389648438,26.139999389648438,258200,USD,NMS,America/New_York,Yahoo Finance
GLIBK,2026-08-28,26.31999969482422,26.645000457763672,25.979999542236328,26.010000228881836,26.010000228881836,233000,USD,NMS,America/New_York,Yahoo Finance
GLIBK,2026-08-31,25.84000015258789,26.329999923706055,25.475000381469727,26.030000686645508,26.030000686645508,436700,USD,NMS,America/New_York,Yahoo Finance
GLIBK,2026-09-01,26.110000610351562,26.43000030517578,25.674999237060547,25.799999237060547,25.799999237060547,243500,USD,NMS,America/New_York,Yahoo Finance
GLIBK,2026-09-02,25.75,26.690000534057617,25.75,26.170000076293945,26.170000076293945,269300,USD,NMS,America/New_York,Yahoo Finance
GLIBK,2026-09-03,26.440000534057617,26.479999542236328,25.844999313354492,26.170000076293945,26.170000076293945,263900,USD,NMS,America/New_York,Yahoo Finance
GLIBK,2026-09-04,25.979999542236328,26.559999465942383,25.5,26.270000457763672,26.270000457763672,210400,USD,NMS,America/New_York,Yahoo Finance
GLIBK,2026-09-08,26.079999923706055,26.315000534057617,25.770000457763672,25.920000076293945,25.920000076293945,560200,USD,NMS,America/New_York,Yahoo Finance
GLIBK,2026-09-09,25.700000762939453,26.049999237060547,25.280000686645508,25.440000534057617,25.440000534057617,240800,USD,NMS,America/New_York,Yahoo Finance
GLIBK,2026-09-10,25.309999465942383,26.040000915527344,25.309999465942383,25.709999084472656,25.709999084472656,229400,USD,NMS,America/New_York,Yahoo Finance
GLIBK,2026-09-11,26.059999465942383,26.229999542236328,25.65999984741211,25.780000686645508,25.780000686645508,203400,USD,NMS,America/New_York,Yahoo Finance
GLIBK,2026-09-14,25.989999771118164,26.190000534057617,25.329999923706055,25.84000015258789,25.84000015258789,221900,USD,NMS,America/New_York,Yahoo Finance
GLIBK,2026-09-15,25.799999237060547,25.829999923706055,25.450000762939453,25.549999237060547,25.549999237060547,220000,USD,NMS,America/New_York,Yahoo Finance
GLIBK,2026-09-16,25.600000381469727,25.8799991607666,24.735000610351562,24.8799991607666,24.8799991607666,301900,USD,NMS,America/New_York,Yahoo Finance
GLIBK,2026-09-17,25.079999923706055,25.09000015258789,24.100000381469727,24.25,24.25,348700,USD,NMS,America/New_York,Yahoo Finance
GLIBK,2026-09-18,24.0,24.229999542236328,23.584999084472656,23.790000915527344,23.790000915527344,990200,USD,NMS,America/New_York,Yahoo Finance
GLIBK,2026-09-21,23.959999084472656,24.44499969482422,23.65999984741211,24.260000228881836,24.260000228881836,328800,USD,NMS,America/New_York,Yahoo Finance
GLIBK,2026-09-22,24.530000686645508,25.0,23.989999771118164,24.40999984741211,24.40999984741211,268800,USD,NMS,America/New_York,Yahoo Finance
GLIBK,2026-09-23,24.280000686645508,24.34000015258789,23.600000381469727,23.700000762939453,23.700000762939453,244700,USD,NMS,America/New_York,Yahoo Finance
GLIBK,2026-09-24,23.809999465942383,23.979999542236328,23.600000381469727,23.770000457763672,23.770000457763672,348900,USD,NMS,America/New_York,Yahoo Finance
GLIBK,2026-09-25,23.719999313354492,23.975000381469727,23.084999084472656,23.549999237060547,23.549999237060547,335300,USD,NMS,America/New_York,Yahoo Finance
GLIBK,2026-09-28,23.540000915527344,23.579999923706055,23.049999237060547,23.34000015258789,23.34000015258789,302700,USD,NMS,America/New_York,Yahoo Finance
GLW,2026-08-17,169.74000549316406,176.94000244140625,166.67999267578125,173.2100067138672,172.88446044921875,11381100,USD,NYQ,America/New_York,Yahoo Finance
GLW,2026-08-18,161.64999389648438,168.05999755859375,157.89999389648438,159.89999389648438,159.59947204589844,11032300,USD,NYQ,America/New_York,Yahoo Finance
GLW,2026-08-19,160.6300048828125,161.16000366210938,150.6999969482422,152.4600067138672,152.1734619140625,10637100,USD,NYQ,America/New_York,Yahoo Finance
GLW,2026-08-20,152.25999450683594,154.05999755859375,149.25,151.4499969482422,151.1653594970703,10582500,USD,NYQ,America/New_York,Yahoo Finance
GLW,2026-08-21,153.85000610351562,155.47999572753906,148.0500030517578,149.83999633789062,149.55838012695312,6179000,USD,NYQ,America/New_York,Yahoo Finance
GLW,2026-08-24,145.86000061035156,146.38999938964844,141.6300048828125,145.5500030517578,145.2764434814453,10336800,USD,NYQ,America/New_York,Yahoo Finance
GLW,2026-08-25,150.80999755859375,150.80999755859375,146.25,147.16000366210938,146.8834228515625,7148200,USD,NYQ,America/New_York,Yahoo Finance
GLW,2026-08-26,147.0,152.92999267578125,146.9499969482422,152.77999877929688,152.49285888671875,6239400,USD,NYQ,America/New_York,Yahoo Finance
GLW,2026-08-27,153.97000122070312,157.57000732421875,149.42999267578125,152.8000030517578,152.5128173828125,8190800,USD,NYQ,America/New_York,Yahoo Finance
GLW,2026-08-28,150.99000549316406,152.6699981689453,148.05999755859375,148.97999572753906,148.6999969482422,6142100,USD,NYQ,America/New_York,Yahoo Finance
GLW,2026-08-31,148.1699981689453,149.0399932861328,146.72000122070312,148.72999572753906,148.72999572753906,9540800,USD,NYQ,America/New_York,Yahoo Finance
GLW,2026-09-01,144.25,147.08999633789062,143.2899932861328,145.55999755859375,145.55999755859375,10685000,USD,NYQ,America/New_York,Yahoo Finance
GLW,2026-09-02,143.75,147.66000366210938,142.82000732421875,144.1300048828125,144.1300048828125,7863700,USD,NYQ,America/New_York,Yahoo Finance
GLW,2026-09-03,143.07000732421875,146.3300018310547,139.25,146.0,146.0,8645100,USD,NYQ,America/New_York,Yahoo Finance
GLW,2026-09-04,148.5399932861328,154.58999633789062,147.02000427246094,154.3000030517578,154.3000030517578,8554800,USD,NYQ,America/New_York,Yahoo Finance
GLW,2026-09-08,159.24000549316406,169.72999572753906,158.83999633789062,165.9600067138672,165.9600067138672,13858800,USD,NYQ,America/New_York,Yahoo Finance
GLW,2026-09-09,168.0,171.3000030517578,167.36000061035156,168.4600067138672,168.4600067138672,8510700,USD,NYQ,America/New_York,Yahoo Finance
GLW,2026-09-10,164.3300018310547,168.49000549316406,162.8800048828125,163.1199951171875,163.1199951171875,5488100,USD,NYQ,America/New_York,Yahoo Finance
GLW,2026-09-11,165.5,168.82000732421875,163.75,166.39999389648438,166.39999389648438,4893900,USD,NYQ,America/New_York,Yahoo Finance
GLW,2026-09-14,150.64999389648438,154.25,142.77000427246094,143.60000610351562,143.60000610351562,17757400,USD,NYQ,America/New_York,Yahoo Finance
GLW,2026-09-15,145.3000030517578,147.24000549316406,142.60000610351562,143.57000732421875,143.57000732421875,8015000,USD,NYQ,America/New_York,Yahoo Finance
GLW,2026-09-16,147.22000122070312,147.86000061035156,142.35000610351562,144.16000366210938,144.16000366210938,8395800,USD,NYQ,America/New_York,Yahoo Finance
GLW,2026-09-17,151.35000610351562,155.75,147.3699951171875,147.8000030517578,147.8000030517578,8467300,USD,NYQ,America/New_York,Yahoo Finance
GLW,2026-09-18,152.0,153.77000427246094,148.67999267578125,150.1300048828125,150.1300048828125,14505700,USD,NYQ,America/New_York,Yahoo Finance
GLW,2026-09-21,156.3699951171875,159.8699951171875,151.9199981689453,158.97999572753906,158.97999572753906,9263600,USD,NYQ,America/New_York,Yahoo Finance
GLW,2026-09-22,157.22999572753906,160.7100067138672,155.1300048828125,159.69000244140625,159.69000244140625,6729100,USD,NYQ,America/New_York,Yahoo Finance
GLW,2026-09-23,160.16000366210938,160.55999755859375,153.60000610351562,154.47999572753906,154.47999572753906,5549800,USD,NYQ,America/New_York,Yahoo Finance
GLW,2026-09-24,150.50999450683594,156.36000061035156,149.60000610351562,154.14999389648438,154.14999389648438,5397500,USD,NYQ,America/New_York,Yahoo Finance
GLW,2026-09-25,156.0,157.72000122070312,154.1999969482422,156.74000549316406,156.74000549316406,5634000,USD,NYQ,America/New_York,Yahoo Finance
GLW,2026-09-28,154.25999450683594,155.66000366210938,149.25999450683594,151.58999633789062,151.58999633789062,7283400,USD,NYQ,America/New_York,Yahoo Finance
GNRC,2026-08-17,220.30999755859375,223.0399932861328,218.9600067138672,221.25,221.25,617200,USD,NYQ,America/New_York,Yahoo Finance
GNRC,2026-08-18,214.60000610351562,216.22000122070312,211.1199951171875,211.55999755859375,211.55999755859375,855100,USD,NYQ,America/New_York,Yahoo Finance
GNRC,2026-08-19,212.60000610351562,212.60000610351562,203.0800018310547,210.80999755859375,210.80999755859375,911700,USD,NYQ,America/New_York,Yahoo Finance
GNRC,2026-08-20,207.2100067138672,210.58999633789062,204.38999938964844,206.75,206.75,745800,USD,NYQ,America/New_York,Yahoo Finance
GNRC,2026-08-21,209.5500030517578,212.13999938964844,203.92999267578125,205.97999572753906,205.97999572753906,751400,USD,NYQ,America/New_York,Yahoo Finance
GNRC,2026-08-24,203.33999633789062,204.5,199.0,203.55999755859375,203.55999755859375,890700,USD,NYQ,America/New_York,Yahoo Finance
GNRC,2026-08-25,208.44000244140625,208.44000244140625,201.27999877929688,201.77999877929688,201.77999877929688,596300,USD,NYQ,America/New_York,Yahoo Finance
GNRC,2026-08-26,203.0,209.10000610351562,203.0,206.6199951171875,206.6199951171875,522100,USD,NYQ,America/New_York,Yahoo Finance
GNRC,2026-08-27,209.77000427246094,209.80999755859375,190.55999755859375,197.2899932861328,197.2899932861328,2344900,USD,NYQ,America/New_York,Yahoo Finance
GNRC,2026-08-28,198.64999389648438,199.0,183.60000610351562,183.8000030517578,183.8000030517578,2429300,USD,NYQ,America/New_York,Yahoo Finance
GNRC,2026-08-31,184.08999633789062,186.5,183.0,185.3800048828125,185.3800048828125,1073600,USD,NYQ,America/New_York,Yahoo Finance
GNRC,2026-09-01,182.2100067138672,184.24000549316406,178.19000244140625,181.4199981689453,181.4199981689453,948300,USD,NYQ,America/New_York,Yahoo Finance
GNRC,2026-09-02,181.69000244140625,183.77999877929688,178.30999755859375,180.75999450683594,180.75999450683594,782300,USD,NYQ,America/New_York,Yahoo Finance
GNRC,2026-09-03,180.92999267578125,183.02000427246094,179.0399932861328,183.02000427246094,183.02000427246094,985600,USD,NYQ,America/New_York,Yahoo Finance
GNRC,2026-09-04,183.8300018310547,187.64999389648438,183.82000732421875,187.35000610351562,187.35000610351562,605600,USD,NYQ,America/New_York,Yahoo Finance
GNRC,2026-09-08,188.27000427246094,193.30999755859375,186.30999755859375,190.2100067138672,190.2100067138672,750100,USD,NYQ,America/New_York,Yahoo Finance
GNRC,2026-09-09,188.77999877929688,192.0,186.00999450683594,186.47999572753906,186.47999572753906,570300,USD,NYQ,America/New_York,Yahoo Finance
GNRC,2026-09-10,183.27000427246094,184.39999389648438,181.00999450683594,181.6699981689453,181.6699981689453,656500,USD,NYQ,America/New_York,Yahoo Finance
GNRC,2026-09-11,184.86000061035156,189.4199981689453,184.00999450683594,186.99000549316406,186.99000549316406,568600,USD,NYQ,America/New_York,Yahoo Finance
GNRC,2026-09-14,179.63999938964844,179.67999267578125,174.3800048828125,176.97999572753906,176.97999572753906,1207200,USD,NYQ,America/New_York,Yahoo Finance
GNRC,2026-09-15,179.42999267578125,180.0,173.83999633789062,175.02999877929688,175.02999877929688,619300,USD,NYQ,America/New_York,Yahoo Finance
GNRC,2026-09-16,177.16000366210938,179.50999450683594,173.25,175.11000061035156,175.11000061035156,1659000,USD,NYQ,America/New_York,Yahoo Finance
GNRC,2026-09-17,229.5,231.88999938964844,202.25999450683594,207.22999572753906,207.22999572753906,8047500,USD,NYQ,America/New_York,Yahoo Finance
GNRC,2026-09-18,209.52000427246094,214.85000610351562,201.5800018310547,207.44000244140625,207.44000244140625,3054200,USD,NYQ,America/New_York,Yahoo Finance
GNRC,2026-09-21,210.0,212.4600067138672,203.97999572753906,204.9600067138672,204.9600067138672,1614100,USD,NYQ,America/New_York,Yahoo Finance
GNRC,2026-09-22,204.6300048828125,208.69000244140625,201.2899932861328,206.1699981689453,206.1699981689453,1499500,USD,NYQ,America/New_York,Yahoo Finance
GNRC,2026-09-23,204.38999938964844,206.2899932861328,198.77999877929688,199.4199981689453,199.4199981689453,1115200,USD,NYQ,America/New_York,Yahoo Finance
GNRC,2026-09-24,195.10000610351562,199.5,193.9600067138672,198.0500030517578,198.0500030517578,870100,USD,NYQ,America/New_York,Yahoo Finance
GNRC,2026-09-25,200.02999877929688,208.89999389648438,199.83999633789062,208.13999938964844,208.13999938964844,1176100,USD,NYQ,America/New_York,Yahoo Finance
GNRC,2026-09-28,207.41000366210938,208.36000061035156,200.7100067138672,205.2100067138672,205.2100067138672,961100,USD,NYQ,America/New_York,Yahoo Finance
GPOR,2026-08-17,169.17999267578125,170.3800048828125,166.52000427246094,169.60000610351562,169.60000610351562,221900,USD,NYQ,America/New_York,Yahoo Finance
GPOR,2026-08-18,171.94000244140625,171.9600067138672,168.88999938964844,170.97999572753906,170.97999572753906,331500,USD,NYQ,America/New_York,Yahoo Finance
GPOR,2026-08-19,172.6699981689453,174.72000122070312,170.44000244140625,173.13999938964844,173.13999938964844,248500,USD,NYQ,America/New_York,Yahoo Finance
GPOR,2026-08-20,173.39999389648438,177.25999450683594,171.5,174.35000610351562,174.35000610351562,253600,USD,NYQ,America/New_York,Yahoo Finance
GPOR,2026-08-21,175.0,176.10000610351562,172.55999755859375,173.4499969482422,173.4499969482422,240900,USD,NYQ,America/New_York,Yahoo Finance
GPOR,2026-08-24,173.38999938964844,176.3300018310547,173.13999938964844,175.52000427246094,175.52000427246094,286800,USD,NYQ,America/New_York,Yahoo Finance
GPOR,2026-08-25,171.72999572753906,174.14500427246094,171.7100067138672,172.47999572753906,172.47999572753906,228700,USD,NYQ,America/New_York,Yahoo Finance
GPOR,2026-08-26,171.32000732421875,177.08999633789062,171.32000732421875,174.0399932861328,174.0399932861328,207100,USD,NYQ,America/New_York,Yahoo Finance
GPOR,2026-08-27,173.41000366210938,176.35499572753906,171.27999877929688,176.1300048828125,176.1300048828125,213900,USD,NYQ,America/New_York,Yahoo Finance
GPOR,2026-08-28,177.27000427246094,179.08999633789062,175.4199981689453,176.3699951171875,176.3699951171875,192200,USD,NYQ,America/New_York,Yahoo Finance
GPOR,2026-08-31,178.83999633789062,179.91000366210938,177.11700439453125,179.4499969482422,179.4499969482422,243000,USD,NYQ,America/New_York,Yahoo Finance
GPOR,2026-09-01,178.57000732421875,182.83999633789062,178.57000732421875,182.61000061035156,182.61000061035156,221700,USD,NYQ,America/New_York,Yahoo Finance
GPOR,2026-09-02,180.60000610351562,183.24000549316406,180.3350067138672,180.4499969482422,180.4499969482422,181900,USD,NYQ,America/New_York,Yahoo Finance
GPOR,2026-09-03,181.0800018310547,182.83999633789062,179.27000427246094,181.86000061035156,181.86000061035156,232800,USD,NYQ,America/New_York,Yahoo Finance
GPOR,2026-09-04,180.97999572753906,180.97999572753906,177.34500122070312,179.39999389648438,179.39999389648438,211500,USD,NYQ,America/New_York,Yahoo Finance
GPOR,2026-09-08,178.82000732421875,181.27999877929688,176.2949981689453,180.0399932861328,180.0399932861328,298200,USD,NYQ,America/New_York,Yahoo Finance
GPOR,2026-09-09,179.1199951171875,179.60000610351562,173.75999450683594,176.3300018310547,176.3300018310547,218400,USD,NYQ,America/New_York,Yahoo Finance
GPOR,2026-09-10,175.9600067138672,179.72000122070312,171.0,176.3000030517578,176.3000030517578,264400,USD,NYQ,America/New_York,Yahoo Finance
GPOR,2026-09-11,174.8699951171875,175.69000244140625,171.53500366210938,173.25,173.25,215000,USD,NYQ,America/New_York,Yahoo Finance
GPOR,2026-09-14,176.30999755859375,176.30999755859375,172.83999633789062,173.05999755859375,173.05999755859375,321800,USD,NYQ,America/New_York,Yahoo Finance
GPOR,2026-09-15,173.92999267578125,179.19000244140625,173.27000427246094,175.9499969482422,175.9499969482422,293400,USD,NYQ,America/New_York,Yahoo Finance
GPOR,2026-09-16,173.27000427246094,174.44000244140625,162.0749969482422,162.25,162.25,376600,USD,NYQ,America/New_York,Yahoo Finance
GPOR,2026-09-17,161.38999938964844,163.1999969482422,160.74000549316406,161.38999938964844,161.38999938964844,298100,USD,NYQ,America/New_York,Yahoo Finance
GPOR,2026-09-18,160.91000366210938,162.69500732421875,159.32000732421875,159.6999969482422,159.6999969482422,423500,USD,NYQ,America/New_York,Yahoo Finance
GPOR,2026-09-21,157.86000061035156,157.99000549316406,155.0850067138672,156.16000366210938,156.16000366210938,293800,USD,NYQ,America/New_York,Yahoo Finance
GPOR,2026-09-22,155.47999572753906,159.94000244140625,154.67999267578125,158.5,158.5,347100,USD,NYQ,America/New_York,Yahoo Finance
GPOR,2026-09-23,158.91000366210938,163.64999389648438,158.22999572753906,159.72000122070312,159.72000122070312,263000,USD,NYQ,America/New_York,Yahoo Finance
GPOR,2026-09-24,160.0,162.0800018310547,158.65499877929688,161.91000366210938,161.91000366210938,257200,USD,NYQ,America/New_York,Yahoo Finance
GPOR,2026-09-25,156.41000366210938,159.25,154.47999572753906,154.6199951171875,154.6199951171875,331900,USD,NYQ,America/New_York,Yahoo Finance
GPOR,2026-09-28,153.61000061035156,155.8979949951172,151.8800048828125,152.08999633789062,152.08999633789062,282400,USD,NYQ,America/New_York,Yahoo Finance
GRC,2026-08-17,80.77999877929688,81.48999786376953,79.97000122070312,80.6500015258789,80.6500015258789,101200,USD,NYQ,America/New_York,Yahoo Finance
GRC,2026-08-18,79.6500015258789,79.6500015258789,77.87000274658203,78.75,78.75,163800,USD,NYQ,America/New_York,Yahoo Finance
GRC,2026-08-19,79.22000122070312,79.5,77.19999694824219,78.5199966430664,78.5199966430664,145600,USD,NYQ,America/New_York,Yahoo Finance
GRC,2026-08-20,78.06999969482422,78.44999694824219,77.12000274658203,77.8499984741211,77.8499984741211,109500,USD,NYQ,America/New_York,Yahoo Finance
GRC,2026-08-21,78.63999938964844,78.63999938964844,76.61000061035156,78.08999633789062,78.08999633789062,211700,USD,NYQ,America/New_York,Yahoo Finance
GRC,2026-08-24,78.66999816894531,78.66999816894531,77.3499984741211,77.81999969482422,77.81999969482422,90500,USD,NYQ,America/New_York,Yahoo Finance
GRC,2026-08-25,78.98999786376953,79.19999694824219,76.6500015258789,76.76000213623047,76.76000213623047,111000,USD,NYQ,America/New_York,Yahoo Finance
GRC,2026-08-26,77.29000091552734,78.61000061035156,76.70999908447266,77.62000274658203,77.62000274658203,108700,USD,NYQ,America/New_York,Yahoo Finance
GRC,2026-08-27,77.58000183105469,78.66999816894531,76.52999877929688,77.58000183105469,77.58000183105469,117300,USD,NYQ,America/New_York,Yahoo Finance
GRC,2026-08-28,77.30000305175781,77.5999984741211,75.45999908447266,76.22000122070312,76.22000122070312,136900,USD,NYQ,America/New_York,Yahoo Finance
GRC,2026-08-31,76.25,76.47000122070312,75.0,75.4000015258789,75.4000015258789,142200,USD,NYQ,America/New_York,Yahoo Finance
GRC,2026-09-01,74.54000091552734,74.83999633789062,71.80999755859375,73.98999786376953,73.98999786376953,146600,USD,NYQ,America/New_York,Yahoo Finance
GRC,2026-09-02,74.75,75.73999786376953,72.0,73.94000244140625,73.94000244140625,194100,USD,NYQ,America/New_York,Yahoo Finance
GRC,2026-09-03,74.80999755859375,75.3499984741211,73.72000122070312,75.0999984741211,75.0999984741211,193500,USD,NYQ,America/New_York,Yahoo Finance
GRC,2026-09-04,74.83000183105469,76.30000305175781,74.54000091552734,75.33999633789062,75.33999633789062,103400,USD,NYQ,America/New_York,Yahoo Finance
GRC,2026-09-08,75.16000366210938,76.29000091552734,74.55000305175781,75.48999786376953,75.48999786376953,112300,USD,NYQ,America/New_York,Yahoo Finance
GRC,2026-09-09,74.98999786376953,75.66000366210938,74.45999908447266,74.7699966430664,74.7699966430664,119300,USD,NYQ,America/New_York,Yahoo Finance
GRC,2026-09-10,74.04000091552734,74.04000091552734,72.22000122070312,73.2300033569336,73.2300033569336,215400,USD,NYQ,America/New_York,Yahoo Finance
GRC,2026-09-11,74.61000061035156,74.8499984741211,73.5999984741211,74.47000122070312,74.47000122070312,73300,USD,NYQ,America/New_York,Yahoo Finance
GRC,2026-09-14,73.0,73.0,70.0,71.5,71.5,205600,USD,NYQ,America/New_York,Yahoo Finance
GRC,2026-09-15,72.1500015258789,72.41999816894531,70.44000244140625,71.2300033569336,71.2300033569336,272800,USD,NYQ,America/New_York,Yahoo Finance
GRC,2026-09-16,72.0199966430664,73.16999816894531,70.76000213623047,72.16999816894531,72.16999816894531,205200,USD,NYQ,America/New_York,Yahoo Finance
GRC,2026-09-17,73.7699966430664,73.7699966430664,70.93000030517578,72.0999984741211,72.0999984741211,242100,USD,NYQ,America/New_York,Yahoo Finance
GRC,2026-09-18,72.41999816894531,73.5999984741211,71.0,73.25,73.25,796700,USD,NYQ,America/New_York,Yahoo Finance
GRC,2026-09-21,73.52999877929688,74.36000061035156,73.11000061035156,73.75,73.75,148300,USD,NYQ,America/New_York,Yahoo Finance
GRC,2026-09-22,74.33000183105469,74.94999694824219,73.61000061035156,74.58999633789062,74.58999633789062,122600,USD,NYQ,America/New_York,Yahoo Finance
GRC,2026-09-23,74.12999725341797,75.81999969482422,73.70999908447266,75.25,75.25,163700,USD,NYQ,America/New_York,Yahoo Finance
GRC,2026-09-24,74.56999969482422,75.36000061035156,73.58000183105469,74.6500015258789,74.6500015258789,154900,USD,NYQ,America/New_York,Yahoo Finance
GRC,2026-09-25,75.04000091552734,75.5,74.08999633789062,74.20999908447266,74.20999908447266,252300,USD,NYQ,America/New_York,Yahoo Finance
GRC,2026-09-28,74.2699966430664,76.30999755859375,73.83999633789062,76.05999755859375,76.05999755859375,201800,USD,NYQ,America/New_York,Yahoo Finance
GSK,2026-08-17,49.93000030517578,50.369998931884766,49.880001068115234,50.279998779296875,50.279998779296875,2815000,USD,NYQ,America/New_York,Yahoo Finance
GSK,2026-08-18,50.7599983215332,51.349998474121094,50.650001525878906,51.150001525878906,51.150001525878906,2829000,USD,NYQ,America/New_York,Yahoo Finance
GSK,2026-08-19,51.400001525878906,52.95000076293945,51.349998474121094,52.880001068115234,52.880001068115234,3902400,USD,NYQ,America/New_York,Yahoo Finance
GSK,2026-08-20,52.56999969482422,52.630001068115234,51.86000061035156,51.959999084472656,51.959999084472656,3598400,USD,NYQ,America/New_York,Yahoo Finance
GSK,2026-08-21,51.349998474121094,52.56999969482422,51.349998474121094,52.40999984741211,52.40999984741211,2404700,USD,NYQ,America/New_York,Yahoo Finance
GSK,2026-08-24,51.540000915527344,51.95000076293945,51.400001525878906,51.779998779296875,51.779998779296875,2886100,USD,NYQ,America/New_York,Yahoo Finance
GSK,2026-08-25,51.56999969482422,52.209999084472656,51.5099983215332,52.06999969482422,52.06999969482422,2699100,USD,NYQ,America/New_York,Yahoo Finance
GSK,2026-08-26,51.900001525878906,52.09000015258789,51.400001525878906,51.43000030517578,51.43000030517578,1716700,USD,NYQ,America/New_York,Yahoo Finance
GSK,2026-08-27,50.95000076293945,51.029998779296875,50.16999816894531,50.27000045776367,50.27000045776367,2466200,USD,NYQ,America/New_York,Yahoo Finance
GSK,2026-08-28,50.220001220703125,50.880001068115234,49.95000076293945,50.81999969482422,50.81999969482422,3432100,USD,NYQ,America/New_York,Yahoo Finance
GSK,2026-08-31,50.619998931884766,50.81999969482422,50.25,50.25,50.25,2394000,USD,NYQ,America/New_York,Yahoo Finance
GSK,2026-09-01,51.11000061035156,51.2599983215332,50.470001220703125,50.65999984741211,50.65999984741211,3272100,USD,NYQ,America/New_York,Yahoo Finance
GSK,2026-09-02,50.36000061035156,51.08000183105469,50.040000915527344,50.439998626708984,50.439998626708984,2938400,USD,NYQ,America/New_York,Yahoo Finance
GSK,2026-09-03,51.5,51.52000045776367,50.189998626708984,50.869998931884766,50.869998931884766,2443300,USD,NYQ,America/New_York,Yahoo Finance
GSK,2026-09-04,49.70000076293945,50.060001373291016,49.65999984741211,49.88999938964844,49.88999938964844,2286800,USD,NYQ,America/New_York,Yahoo Finance
GSK,2026-09-08,49.0,49.22999954223633,48.540000915527344,48.540000915527344,48.540000915527344,3062100,USD,NYQ,America/New_York,Yahoo Finance
GSK,2026-09-09,48.81999969482422,49.15999984741211,48.599998474121094,48.630001068115234,48.630001068115234,2405200,USD,NYQ,America/New_York,Yahoo Finance
GSK,2026-09-10,48.470001220703125,48.59000015258789,47.97999954223633,48.119998931884766,48.119998931884766,2151000,USD,NYQ,America/New_York,Yahoo Finance
GSK,2026-09-11,48.70000076293945,48.79999923706055,47.849998474121094,48.130001068115234,48.130001068115234,2277000,USD,NYQ,America/New_York,Yahoo Finance
GSK,2026-09-14,50.290000915527344,50.29999923706055,49.61000061035156,50.04999923706055,50.04999923706055,3004100,USD,NYQ,America/New_York,Yahoo Finance
GSK,2026-09-15,49.689998626708984,50.15999984741211,49.630001068115234,50.0099983215332,50.0099983215332,2739700,USD,NYQ,America/New_York,Yahoo Finance
GSK,2026-09-16,50.189998626708984,50.709999084472656,50.060001373291016,50.290000915527344,50.290000915527344,2844200,USD,NYQ,America/New_York,Yahoo Finance
GSK,2026-09-17,50.720001220703125,51.08000183105469,50.619998931884766,51.060001373291016,51.060001373291016,3075200,USD,NYQ,America/New_York,Yahoo Finance
GSK,2026-09-18,50.20000076293945,50.33000183105469,49.5,50.220001220703125,50.220001220703125,4708700,USD,NYQ,America/New_York,Yahoo Finance
GSK,2026-09-21,50.75,51.31999969482422,50.459999084472656,51.08000183105469,51.08000183105469,2872100,USD,NYQ,America/New_York,Yahoo Finance
GSK,2026-09-22,50.689998626708984,50.9900016784668,50.220001220703125,50.720001220703125,50.720001220703125,4296100,USD,NYQ,America/New_York,Yahoo Finance
GSK,2026-09-23,50.18000030517578,50.7400016784668,49.66999816894531,49.709999084472656,49.709999084472656,3040700,USD,NYQ,America/New_York,Yahoo Finance
GSK,2026-09-24,49.59000015258789,50.13999938964844,49.56999969482422,49.650001525878906,49.650001525878906,2838900,USD,NYQ,America/New_York,Yahoo Finance
GSK,2026-09-25,49.4900016784668,49.5,49.0,49.2400016784668,49.2400016784668,3324000,USD,NYQ,America/New_York,Yahoo Finance
GSK,2026-09-28,49.16999816894531,49.79999923706055,48.97999954223633,49.70000076293945,49.70000076293945,3586600,USD,NYQ,America/New_York,Yahoo Finance
HCA,2026-08-17,401.0,407.32000732421875,400.0,404.9800109863281,404.23468017578125,1005600,USD,NYQ,America/New_York,Yahoo Finance
HCA,2026-08-18,409.04998779296875,417.989990234375,406.1499938964844,411.7300109863281,410.9722595214844,1450000,USD,NYQ,America/New_York,Yahoo Finance
HCA,2026-08-19,411.0799865722656,422.0,406.80999755859375,407.04998779296875,406.30084228515625,1436600,USD,NYQ,America/New_York,Yahoo Finance
HCA,2026-08-20,403.3500061035156,411.1400146484375,403.3500061035156,406.2699890136719,405.52227783203125,1063600,USD,NYQ,America/New_York,Yahoo Finance
HCA,2026-08-21,409.55999755859375,431.3999938964844,408.94000244140625,429.19000244140625,428.4001159667969,2058000,USD,NYQ,America/New_York,Yahoo Finance
HCA,2026-08-24,433.25,436.5,427.2300109863281,429.239990234375,428.45001220703125,1323600,USD,NYQ,America/New_York,Yahoo Finance
HCA,2026-08-25,426.9700012207031,430.6000061035156,425.8900146484375,428.760009765625,427.9709167480469,790200,USD,NYQ,America/New_York,Yahoo Finance
HCA,2026-08-26,427.5,433.5,424.5,427.1600036621094,426.37384033203125,1318200,USD,NYQ,America/New_York,Yahoo Finance
HCA,2026-08-27,424.6099853515625,426.57000732421875,417.9200134277344,419.3399963378906,418.5682373046875,974500,USD,NYQ,America/New_York,Yahoo Finance
HCA,2026-08-28,423.760009765625,426.3699951171875,416.5199890136719,417.82000732421875,417.0510559082031,1000900,USD,NYQ,America/New_York,Yahoo Finance
HCA,2026-08-31,415.3999938964844,419.80999755859375,414.1199951171875,414.45001220703125,413.687255859375,1306100,USD,NYQ,America/New_York,Yahoo Finance
HCA,2026-09-01,418.42999267578125,423.4200134277344,412.2900085449219,413.5799865722656,412.8188171386719,1258000,USD,NYQ,America/New_York,Yahoo Finance
HCA,2026-09-02,412.4599914550781,414.5,396.7699890136719,402.05999755859375,401.3200378417969,1534900,USD,NYQ,America/New_York,Yahoo Finance
HCA,2026-09-03,406.79998779296875,413.1300048828125,401.4100036621094,409.20001220703125,408.4469299316406,1362300,USD,NYQ,America/New_York,Yahoo Finance
HCA,2026-09-04,404.29998779296875,419.57000732421875,401.0,405.0,404.254638671875,971300,USD,NYQ,America/New_York,Yahoo Finance
HCA,2026-09-08,401.54998779296875,411.75,397.6000061035156,402.0199890136719,401.2801208496094,1764700,USD,NYQ,America/New_York,Yahoo Finance
HCA,2026-09-09,398.4700012207031,426.8299865722656,396.0,421.8299865722656,421.05364990234375,2146900,USD,NYQ,America/New_York,Yahoo Finance
HCA,2026-09-10,422.6099853515625,426.80999755859375,415.0400085449219,421.2099914550781,420.4347839355469,1408100,USD,NYQ,America/New_York,Yahoo Finance
HCA,2026-09-11,423.7900085449219,429.4200134277344,420.7900085449219,426.94000244140625,426.1542663574219,1321300,USD,NYQ,America/New_York,Yahoo Finance
HCA,2026-09-14,429.9599914550781,433.79998779296875,420.0,425.489990234375,424.7069091796875,1305900,USD,NYQ,America/New_York,Yahoo Finance
HCA,2026-09-15,419.0,426.2200012207031,409.739990234375,423.82000732421875,423.0400085449219,1256100,USD,NYQ,America/New_York,Yahoo Finance
HCA,2026-09-16,420.69000244140625,433.70001220703125,420.0,430.42999267578125,430.42999267578125,1369600,USD,NYQ,America/New_York,Yahoo Finance
HCA,2026-09-17,431.989990234375,433.510009765625,426.5199890136719,429.0400085449219,429.0400085449219,1188000,USD,NYQ,America/New_York,Yahoo Finance
HCA,2026-09-18,429.1700134277344,436.1400146484375,425.3699951171875,427.7099914550781,427.7099914550781,5444100,USD,NYQ,America/New_York,Yahoo Finance
HCA,2026-09-21,427.75,434.07000732421875,423.42999267578125,425.9700012207031,425.9700012207031,1418500,USD,NYQ,America/New_York,Yahoo Finance
HCA,2026-09-22,426.3699951171875,442.5199890136719,426.3699951171875,438.1199951171875,438.1199951171875,1502500,USD,NYQ,America/New_York,Yahoo Finance
HCA,2026-09-23,441.4200134277344,446.3599853515625,433.8299865722656,436.4800109863281,436.4800109863281,1314000,USD,NYQ,America/New_York,Yahoo Finance
HCA,2026-09-24,437.3599853515625,442.2099914550781,423.3900146484375,423.4800109863281,423.4800109863281,1050600,USD,NYQ,America/New_York,Yahoo Finance
HCA,2026-09-25,421.5899963378906,435.7799987792969,420.0,435.6099853515625,435.6099853515625,1020200,USD,NYQ,America/New_York,Yahoo Finance
HCA,2026-09-28,431.1600036621094,443.1499938964844,431.1600036621094,432.6000061035156,432.6000061035156,1045200,USD,NYQ,America/New_York,Yahoo Finance
HG,2026-08-17,35.7400016784668,36.11000061035156,34.970001220703125,35.2599983215332,35.2599983215332,315700,USD,NYQ,America/New_York,Yahoo Finance
HG,2026-08-18,35.720001220703125,35.7400016784668,35.2599983215332,35.2599983215332,35.2599983215332,289700,USD,NYQ,America/New_York,Yahoo Finance
HG,2026-08-19,35.31999969482422,35.369998931884766,34.349998474121094,34.400001525878906,34.400001525878906,291700,USD,NYQ,America/New_York,Yahoo Finance
HG,2026-08-20,34.09000015258789,34.88999938964844,33.689998626708984,34.77000045776367,34.77000045776367,342800,USD,NYQ,America/New_York,Yahoo Finance
HG,2026-08-21,34.91999816894531,35.060001373291016,34.78499984741211,34.959999084472656,34.959999084472656,204200,USD,NYQ,America/New_York,Yahoo Finance
HG,2026-08-24,35.02000045776367,35.959999084472656,35.0099983215332,35.18000030517578,35.18000030517578,304500,USD,NYQ,America/New_York,Yahoo Finance
HG,2026-08-25,35.599998474121094,35.599998474121094,34.7400016784668,35.040000915527344,35.040000915527344,247800,USD,NYQ,America/New_York,Yahoo Finance
HG,2026-08-26,35.630001068115234,35.630001068115234,34.560001373291016,35.08000183105469,35.08000183105469,396200,USD,NYQ,America/New_York,Yahoo Finance
HG,2026-08-27,34.75,35.310001373291016,34.58000183105469,35.27000045776367,35.27000045776367,280000,USD,NYQ,America/New_York,Yahoo Finance
HG,2026-08-28,35.099998474121094,35.54999923706055,35.099998474121094,35.349998474121094,35.349998474121094,204900,USD,NYQ,America/New_York,Yahoo Finance
HG,2026-08-31,35.41999816894531,35.41999816894531,34.7400016784668,35.15999984741211,35.15999984741211,417700,USD,NYQ,America/New_York,Yahoo Finance
HG,2026-09-01,34.93000030517578,35.630001068115234,34.93000030517578,35.04999923706055,35.04999923706055,233800,USD,NYQ,America/New_York,Yahoo Finance
HG,2026-09-02,35.41999816894531,35.81999969482422,35.04999923706055,35.5,35.5,469300,USD,NYQ,America/New_York,Yahoo Finance
HG,2026-09-03,35.90999984741211,36.470001220703125,35.810001373291016,36.11000061035156,36.11000061035156,431000,USD,NYQ,America/New_York,Yahoo Finance
HG,2026-09-04,35.65999984741211,36.0,35.40999984741211,35.599998474121094,35.599998474121094,237900,USD,NYQ,America/New_York,Yahoo Finance
HG,2026-09-08,35.2599983215332,35.494998931884766,34.779998779296875,34.869998931884766,34.869998931884766,262600,USD,NYQ,America/New_York,Yahoo Finance
HG,2026-09-09,34.77000045776367,34.77000045776367,34.2599983215332,34.369998931884766,34.369998931884766,406200,USD,NYQ,America/New_York,Yahoo Finance
HG,2026-09-10,34.72999954223633,34.959999084472656,34.36000061035156,34.900001525878906,34.900001525878906,505200,USD,NYQ,America/New_York,Yahoo Finance
HG,2026-09-11,35.13999938964844,36.75,34.45000076293945,34.849998474121094,34.849998474121094,295800,USD,NYQ,America/New_York,Yahoo Finance
HG,2026-09-14,35.29999923706055,35.40999984741211,34.83000183105469,34.970001220703125,34.970001220703125,412600,USD,NYQ,America/New_York,Yahoo Finance
HG,2026-09-15,34.849998474121094,35.279998779296875,34.65999984741211,35.2599983215332,35.2599983215332,477700,USD,NYQ,America/New_York,Yahoo Finance
HG,2026-09-16,35.060001373291016,35.45000076293945,34.689998626708984,35.16999816894531,35.16999816894531,459400,USD,NYQ,America/New_York,Yahoo Finance
HG,2026-09-17,35.220001220703125,35.369998931884766,34.79999923706055,35.150001525878906,35.150001525878906,469700,USD,NYQ,America/New_York,Yahoo Finance
HG,2026-09-18,34.939998626708984,35.10200119018555,34.529998779296875,34.959999084472656,34.959999084472656,651000,USD,NYQ,America/New_York,Yahoo Finance
HG,2026-09-21,34.810001373291016,34.97999954223633,33.83000183105469,33.869998931884766,33.869998931884766,543900,USD,NYQ,America/New_York,Yahoo Finance
HG,2026-09-22,33.88999938964844,34.08000183105469,33.599998474121094,33.7400016784668,33.7400016784668,524300,USD,NYQ,America/New_York,Yahoo Finance
HG,2026-09-23,33.529998779296875,33.90999984741211,33.17399978637695,33.470001220703125,33.470001220703125,373900,USD,NYQ,America/New_York,Yahoo Finance
HG,2026-09-24,33.540000915527344,33.76499938964844,33.40999984741211,33.43000030517578,33.43000030517578,439500,USD,NYQ,America/New_York,Yahoo Finance
HG,2026-09-25,33.47999954223633,33.47999954223633,32.97999954223633,33.290000915527344,33.290000915527344,294400,USD,NYQ,America/New_York,Yahoo Finance
HG,2026-09-28,33.34000015258789,33.47100067138672,32.70100021362305,33.22999954223633,33.22999954223633,309300,USD,NYQ,America/New_York,Yahoo Finance
HIG,2026-08-17,137.63999938964844,139.17999267578125,136.6199951171875,136.7100067138672,136.11293029785156,960700,USD,NYQ,America/New_York,Yahoo Finance
HIG,2026-08-18,139.3699951171875,139.38999938964844,137.7899932861328,138.9600067138672,138.3531036376953,1403100,USD,NYQ,America/New_York,Yahoo Finance
HIG,2026-08-19,139.25999450683594,140.0,137.5,137.52999877929688,136.92933654785156,1789800,USD,NYQ,America/New_York,Yahoo Finance
HIG,2026-08-20,137.0500030517578,138.02999877929688,136.38999938964844,137.1199951171875,136.52113342285156,905100,USD,NYQ,America/New_York,Yahoo Finance
HIG,2026-08-21,137.36000061035156,138.42999267578125,136.0,136.10000610351562,135.50559997558594,2793800,USD,NYQ,America/New_York,Yahoo Finance
HIG,2026-08-24,137.3800048828125,139.50999450683594,137.3800048828125,138.97999572753906,138.3730010986328,991400,USD,NYQ,America/New_York,Yahoo Finance
HIG,2026-08-25,138.77000427246094,139.52000427246094,137.61000061035156,138.22000122070312,137.6163330078125,1084500,USD,NYQ,America/New_York,Yahoo Finance
HIG,2026-08-26,138.57000732421875,140.30999755859375,138.02000427246094,139.86000061035156,139.24916076660156,1207000,USD,NYQ,America/New_York,Yahoo Finance
HIG,2026-08-27,138.6300048828125,138.97000122070312,136.49000549316406,137.8000030517578,137.1981658935547,1256000,USD,NYQ,America/New_York,Yahoo Finance
HIG,2026-08-28,138.22999572753906,138.8800048828125,137.7100067138672,138.5500030517578,137.94488525390625,875300,USD,NYQ,America/New_York,Yahoo Finance
HIG,2026-08-31,138.47999572753906,138.75,137.3300018310547,137.3800048828125,136.77999877929688,2040000,USD,NYQ,America/New_York,Yahoo Finance
HIG,2026-09-01,137.80999755859375,138.69000244140625,136.27999877929688,137.1300048828125,137.1300048828125,981500,USD,NYQ,America/New_York,Yahoo Finance
HIG,2026-09-02,137.82000732421875,138.5399932861328,136.91000366210938,137.2100067138672,137.2100067138672,1138700,USD,NYQ,America/New_York,Yahoo Finance
HIG,2026-09-03,138.2100067138672,140.41000366210938,138.2100067138672,140.0,140.0,1130100,USD,NYQ,America/New_York,Yahoo Finance
HIG,2026-09-04,138.92999267578125,139.64999389648438,138.0399932861328,138.3699951171875,138.3699951171875,1607100,USD,NYQ,America/New_York,Yahoo Finance
HIG,2026-09-08,136.32000732421875,137.5500030517578,135.63999938964844,135.66000366210938,135.66000366210938,1118300,USD,NYQ,America/New_York,Yahoo Finance
HIG,2026-09-09,134.91000366210938,136.8800048828125,134.24000549316406,136.55999755859375,136.55999755859375,1168000,USD,NYQ,America/New_York,Yahoo Finance
HIG,2026-09-10,137.97999572753906,138.5,135.63999938964844,136.8000030517578,136.8000030517578,1419300,USD,NYQ,America/New_York,Yahoo Finance
HIG,2026-09-11,138.19000244140625,138.19000244140625,135.7100067138672,136.36000061035156,136.36000061035156,1175900,USD,NYQ,America/New_York,Yahoo Finance
HIG,2026-09-14,138.08999633789062,138.64999389648438,136.94000244140625,137.58999633789062,137.58999633789062,1205800,USD,NYQ,America/New_York,Yahoo Finance
HIG,2026-09-15,137.50999450683594,137.50999450683594,135.5,136.02999877929688,136.02999877929688,1808900,USD,NYQ,America/New_York,Yahoo Finance
HIG,2026-09-16,135.5500030517578,136.39999389648438,134.6199951171875,134.94000244140625,134.94000244140625,2075900,USD,NYQ,America/New_York,Yahoo Finance
HIG,2026-09-17,135.3699951171875,135.67999267578125,132.75999450683594,133.13999938964844,133.13999938964844,1477300,USD,NYQ,America/New_York,Yahoo Finance
HIG,2026-09-18,132.25,132.77999877929688,131.16000366210938,131.88999938964844,131.88999938964844,4936400,USD,NYQ,America/New_York,Yahoo Finance
HIG,2026-09-21,131.69000244140625,132.3699951171875,130.72000122070312,130.72999572753906,130.72999572753906,1665600,USD,NYQ,America/New_York,Yahoo Finance
HIG,2026-09-22,130.6300048828125,130.72999572753906,128.58999633789062,128.72999572753906,128.72999572753906,1716900,USD,NYQ,America/New_York,Yahoo Finance
HIG,2026-09-23,128.05999755859375,129.69000244140625,126.47000122070312,126.58999633789062,126.58999633789062,1761500,USD,NYQ,America/New_York,Yahoo Finance
HIG,2026-09-24,127.08000183105469,127.79000091552734,125.5199966430664,125.69000244140625,125.69000244140625,1391400,USD,NYQ,America/New_York,Yahoo Finance
HIG,2026-09-25,125.45999908447266,125.9000015258789,124.08999633789062,124.2300033569336,124.2300033569336,1671700,USD,NYQ,America/New_York,Yahoo Finance
HIG,2026-09-28,124.38999938964844,126.33999633789062,123.83000183105469,126.04000091552734,126.04000091552734,2051000,USD,NYQ,America/New_York,Yahoo Finance
HLI,2026-08-17,127.5999984741211,128.4250030517578,125.19000244140625,125.22000122070312,124.56238555908203,569500,USD,NYQ,America/New_York,Yahoo Finance
HLI,2026-08-18,125.62999725341797,128.7899932861328,124.01000213623047,127.01000213623047,126.34297943115234,601000,USD,NYQ,America/New_York,Yahoo Finance
HLI,2026-08-19,127.7300033569336,133.67999267578125,127.19000244140625,130.08999633789062,129.40679931640625,923100,USD,NYQ,America/New_York,Yahoo Finance
HLI,2026-08-20,129.0800018310547,130.9600067138672,127.50499725341797,128.05999755859375,127.38746643066406,560300,USD,NYQ,America/New_York,Yahoo Finance
HLI,2026-08-21,128.77000427246094,131.24000549316406,128.22000122070312,129.0500030517578,128.3722686767578,797600,USD,NYQ,America/New_York,Yahoo Finance
HLI,2026-08-24,129.77999877929688,131.36000061035156,128.2100067138672,128.9499969482422,128.27279663085938,503300,USD,NYQ,America/New_York,Yahoo Finance
HLI,2026-08-25,128.9600067138672,129.5500030517578,127.19999694824219,129.0399932861328,128.36231994628906,526400,USD,NYQ,America/New_York,Yahoo Finance
HLI,2026-08-26,128.72000122070312,130.5800018310547,127.7300033569336,129.8000030517578,129.1183319091797,675500,USD,NYQ,America/New_York,Yahoo Finance
HLI,2026-08-27,128.6199951171875,132.02000427246094,128.6199951171875,130.80999755859375,130.12301635742188,491900,USD,NYQ,America/New_York,Yahoo Finance
HLI,2026-08-28,131.5500030517578,133.92999267578125,130.67999267578125,133.02000427246094,132.32142639160156,684400,USD,NYQ,America/New_York,Yahoo Finance
HLI,2026-08-31,131.0399932861328,133.8249969482422,131.0399932861328,133.2899932861328,132.58999633789062,627600,USD,NYQ,America/New_York,Yahoo Finance
HLI,2026-09-01,130.89999389648438,135.97999572753906,129.30999755859375,132.89999389648438,132.89999389648438,775000,USD,NYQ,America/New_York,Yahoo Finance
HLI,2026-09-02,132.36000061035156,135.24000549316406,131.58999633789062,133.2100067138672,133.2100067138672,714100,USD,NYQ,America/New_York,Yahoo Finance
HLI,2026-09-03,135.1300048828125,138.89999389648438,134.64999389648438,136.86000061035156,136.86000061035156,885700,USD,NYQ,America/New_York,Yahoo Finance
HLI,2026-09-04,134.7899932861328,137.2100067138672,133.93499755859375,137.11000061035156,137.11000061035156,720500,USD,NYQ,America/New_York,Yahoo Finance
HLI,2026-09-08,135.83999633789062,137.4600067138672,134.77000427246094,135.38999938964844,135.38999938964844,492700,USD,NYQ,America/New_York,Yahoo Finance
HLI,2026-09-09,135.0399932861328,136.42999267578125,133.61000061035156,135.27000427246094,135.27000427246094,751100,USD,NYQ,America/New_York,Yahoo Finance
HLI,2026-09-10,134.94000244140625,141.0800018310547,134.1750030517578,135.97000122070312,135.97000122070312,1345900,USD,NYQ,America/New_York,Yahoo Finance
HLI,2026-09-11,137.1699981689453,140.5850067138672,135.55999755859375,136.61000061035156,136.61000061035156,933000,USD,NYQ,America/New_York,Yahoo Finance
HLI,2026-09-14,136.9600067138672,139.77000427246094,135.72999572753906,137.82000732421875,137.82000732421875,789700,USD,NYQ,America/New_York,Yahoo Finance
HLI,2026-09-15,137.02999877929688,137.8300018310547,133.4199981689453,133.72999572753906,133.72999572753906,951400,USD,NYQ,America/New_York,Yahoo Finance
HLI,2026-09-16,133.3300018310547,134.69000244140625,129.1300048828125,130.33999633789062,130.33999633789062,626800,USD,NYQ,America/New_York,Yahoo Finance
HLI,2026-09-17,131.83999633789062,135.01499938964844,130.22000122070312,132.66000366210938,132.66000366210938,1003900,USD,NYQ,America/New_York,Yahoo Finance
HLI,2026-09-18,131.5399932861328,132.8000030517578,130.47000122070312,130.5500030517578,130.5500030517578,1959600,USD,NYQ,America/New_York,Yahoo Finance
HLI,2026-09-21,132.64999389648438,134.1020050048828,131.00999450683594,132.61000061035156,132.61000061035156,877000,USD,NYQ,America/New_York,Yahoo Finance
HLI,2026-09-22,133.97999572753906,135.4550018310547,127.5199966430664,130.97000122070312,130.97000122070312,850400,USD,NYQ,America/New_York,Yahoo Finance
HLI,2026-09-23,130.1199951171875,131.22000122070312,127.95999908447266,129.94000244140625,129.94000244140625,522300,USD,NYQ,America/New_York,Yahoo Finance
HLI,2026-09-24,129.8300018310547,130.73500061035156,125.33999633789062,127.48999786376953,127.48999786376953,1295200,USD,NYQ,America/New_York,Yahoo Finance
HLI,2026-09-25,127.4800033569336,129.7050018310547,126.7750015258789,129.07000732421875,129.07000732421875,787300,USD,NYQ,America/New_York,Yahoo Finance
HLI,2026-09-28,128.72000122070312,129.58999633789062,126.91999816894531,129.5399932861328,129.5399932861328,717200,USD,NYQ,America/New_York,Yahoo Finance
HTD,2026-08-17,25.440000534057617,25.790000915527344,25.399999618530273,25.459999084472656,25.298511505126953,64200,USD,NYQ,America/New_York,Yahoo Finance
HTD,2026-08-18,25.5,25.68000030517578,25.479999542236328,25.530000686645508,25.36806869506836,40200,USD,NYQ,America/New_York,Yahoo Finance
HTD,2026-08-19,25.5,25.670000076293945,25.420000076293945,25.520000457763672,25.358131408691406,56500,USD,NYQ,America/New_York,Yahoo Finance
HTD,2026-08-20,25.600000381469727,25.690000534057617,25.459999084472656,25.459999084472656,25.298511505126953,63700,USD,NYQ,America/New_York,Yahoo Finance
HTD,2026-08-21,25.56999969482422,25.670000076293945,25.1299991607666,25.1299991607666,24.970603942871094,60900,USD,NYQ,America/New_York,Yahoo Finance
HTD,2026-08-24,25.1299991607666,25.25,24.989999771118164,25.149999618530273,24.990476608276367,48700,USD,NYQ,America/New_York,Yahoo Finance
HTD,2026-08-25,25.18000030517578,25.399999618530273,25.18000030517578,25.34000015258789,25.17927360534668,39600,USD,NYQ,America/New_York,Yahoo Finance
HTD,2026-08-26,25.399999618530273,25.479999542236328,25.270000457763672,25.420000076293945,25.258766174316406,26000,USD,NYQ,America/New_York,Yahoo Finance
HTD,2026-08-27,25.420000076293945,25.489999771118164,25.170000076293945,25.219999313354492,25.060033798217773,76100,USD,NYQ,America/New_York,Yahoo Finance
HTD,2026-08-28,25.239999771118164,25.440000534057617,25.239999771118164,25.309999465942383,25.14946174621582,67300,USD,NYQ,America/New_York,Yahoo Finance
HTD,2026-08-31,25.25,25.350000381469727,25.200000762939453,25.209999084472656,25.05009651184082,72600,USD,NYQ,America/New_York,Yahoo Finance
HTD,2026-09-01,25.31999969482422,25.350000381469727,25.190000534057617,25.260000228881836,25.099781036376953,49000,USD,NYQ,America/New_York,Yahoo Finance
HTD,2026-09-02,25.350000381469727,25.350000381469727,25.0,25.209999084472656,25.05009651184082,30600,USD,NYQ,America/New_York,Yahoo Finance
HTD,2026-09-03,25.15999984741211,25.25,25.100000381469727,25.18000030517578,25.020288467407227,44400,USD,NYQ,America/New_York,Yahoo Finance
HTD,2026-09-04,25.020000457763672,25.309999465942383,25.020000457763672,25.15999984741211,25.00041389465332,32100,USD,NYQ,America/New_York,Yahoo Finance
HTD,2026-09-08,25.100000381469727,25.34000015258789,25.079999923706055,25.260000228881836,25.099781036376953,31000,USD,NYQ,America/New_York,Yahoo Finance
HTD,2026-09-09,25.229999542236328,25.260000228881836,25.010000228881836,25.010000228881836,24.85136604309082,47000,USD,NYQ,America/New_York,Yahoo Finance
HTD,2026-09-10,25.020000457763672,25.239999771118164,24.8799991607666,24.90999984741211,24.75200080871582,35200,USD,NYQ,America/New_York,Yahoo Finance
HTD,2026-09-11,24.790000915527344,25.059999465942383,24.709999084472656,24.739999771118164,24.739999771118164,36600,USD,NYQ,America/New_York,Yahoo Finance
HTD,2026-09-14,24.75,25.079999923706055,24.209999084472656,24.239999771118164,24.239999771118164,65000,USD,NYQ,America/New_York,Yahoo Finance
HTD,2026-09-15,24.309999465942383,24.5,23.969999313354492,24.229999542236328,24.229999542236328,99300,USD,NYQ,America/New_York,Yahoo Finance
HTD,2026-09-16,24.34000015258789,24.8700008392334,24.020000457763672,24.110000610351562,24.110000610351562,60300,USD,NYQ,America/New_York,Yahoo Finance
HTD,2026-09-17,24.190000534057617,24.940000534057617,24.0,24.0,24.0,65500,USD,NYQ,America/New_York,Yahoo Finance
HTD,2026-09-18,24.079999923706055,24.149999618530273,23.649999618530273,23.649999618530273,23.649999618530273,66500,USD,NYQ,America/New_York,Yahoo Finance
HTD,2026-09-21,23.510000228881836,23.700000762939453,23.469999313354492,23.469999313354492,23.469999313354492,152000,USD,NYQ,America/New_York,Yahoo Finance
HTD,2026-09-22,23.5,23.600000381469727,23.389999389648438,23.440000534057617,23.440000534057617,84700,USD,NYQ,America/New_York,Yahoo Finance
HTD,2026-09-23,23.350000381469727,23.520000457763672,22.809999465942383,22.8799991607666,22.8799991607666,134100,USD,NYQ,America/New_York,Yahoo Finance
HTD,2026-09-24,22.770000457763672,23.5,22.530000686645508,22.549999237060547,22.549999237060547,85000,USD,NYQ,America/New_York,Yahoo Finance
HTD,2026-09-25,22.549999237060547,22.6299991607666,22.350000381469727,22.489999771118164,22.489999771118164,122500,USD,NYQ,America/New_York,Yahoo Finance
HTD,2026-09-28,22.350000381469727,22.520000457763672,22.100000381469727,22.110000610351562,22.110000610351562,111400,USD,NYQ,America/New_York,Yahoo Finance
IART,2026-08-17,18.059999465942383,18.1299991607666,17.6200008392334,17.65999984741211,17.65999984741211,541200,USD,NMS,America/New_York,Yahoo Finance
IART,2026-08-18,17.770000457763672,18.149999618530273,17.5,17.549999237060547,17.549999237060547,541300,USD,NMS,America/New_York,Yahoo Finance
IART,2026-08-19,17.649999618530273,18.3700008392334,17.15999984741211,17.239999771118164,17.239999771118164,652400,USD,NMS,America/New_York,Yahoo Finance
IART,2026-08-20,17.010000228881836,17.469999313354492,16.559999465942383,16.59000015258789,16.59000015258789,582300,USD,NMS,America/New_York,Yahoo Finance
IART,2026-08-21,16.809999465942383,16.940000534057617,16.440000534057617,16.739999771118164,16.739999771118164,551000,USD,NMS,America/New_York,Yahoo Finance
IART,2026-08-24,16.739999771118164,17.0,16.389999389648438,16.690000534057617,16.690000534057617,654700,USD,NMS,America/New_York,Yahoo Finance
IART,2026-08-25,16.729999542236328,16.8700008392334,16.389999389648438,16.790000915527344,16.790000915527344,369500,USD,NMS,America/New_York,Yahoo Finance
IART,2026-08-26,16.850000381469727,17.100000381469727,16.6200008392334,16.8799991607666,16.8799991607666,489400,USD,NMS,America/New_York,Yahoo Finance
IART,2026-08-27,16.850000381469727,17.170000076293945,16.790000915527344,16.850000381469727,16.850000381469727,449800,USD,NMS,America/New_York,Yahoo Finance
IART,2026-08-28,16.969999313354492,17.329999923706055,16.8700008392334,16.889999389648438,16.889999389648438,776200,USD,NMS,America/New_York,Yahoo Finance
IART,2026-08-31,16.809999465942383,16.950000762939453,16.479999542236328,16.920000076293945,16.920000076293945,581100,USD,NMS,America/New_York,Yahoo Finance
IART,2026-09-01,16.84000015258789,17.079999923706055,16.540000915527344,16.6200008392334,16.6200008392334,559700,USD,NMS,America/New_York,Yahoo Finance
IART,2026-09-02,16.799999237060547,17.209999084472656,16.65999984741211,16.809999465942383,16.809999465942383,528900,USD,NMS,America/New_York,Yahoo Finance
IART,2026-09-03,17.09000015258789,17.110000610351562,16.280000686645508,16.440000534057617,16.440000534057617,998500,USD,NMS,America/New_York,Yahoo Finance
IART,2026-09-04,16.31999969482422,16.780000686645508,16.25,16.719999313354492,16.719999313354492,674300,USD,NMS,America/New_York,Yahoo Finance
IART,2026-09-08,16.479999542236328,16.549999237060547,15.989999771118164,16.260000228881836,16.260000228881836,621800,USD,NMS,America/New_York,Yahoo Finance
IART,2026-09-09,16.100000381469727,16.459999084472656,15.989999771118164,16.25,16.25,578400,USD,NMS,America/New_York,Yahoo Finance
IART,2026-09-10,15.930000305175781,16.040000915527344,15.390000343322754,15.539999961853027,15.539999961853027,1362000,USD,NMS,America/New_York,Yahoo Finance
IART,2026-09-11,16.059999465942383,16.219999313354492,15.329999923706055,15.5,15.5,792000,USD,NMS,America/New_York,Yahoo Finance
IART,2026-09-14,15.359999656677246,15.800000190734863,15.359999656677246,15.710000038146973,15.710000038146973,1141800,USD,NMS,America/New_York,Yahoo Finance
IART,2026-09-15,15.6899995803833,16.040000915527344,15.199999809265137,15.6899995803833,15.6899995803833,1077600,USD,NMS,America/New_York,Yahoo Finance
IART,2026-09-16,15.8100004196167,16.219999313354492,15.649999618530273,16.059999465942383,16.059999465942383,1618100,USD,NMS,America/New_York,Yahoo Finance
IART,2026-09-17,16.299999237060547,16.3799991607666,15.069999694824219,15.100000381469727,15.100000381469727,1051300,USD,NMS,America/New_York,Yahoo Finance
IART,2026-09-18,14.979999542236328,15.239999771118164,14.880000114440918,15.220000267028809,15.220000267028809,2169100,USD,NMS,America/New_York,Yahoo Finance
IART,2026-09-21,15.0600004196167,15.649999618530273,14.90999984741211,15.59000015258789,15.59000015258789,1064200,USD,NMS,America/New_York,Yahoo Finance
IART,2026-09-22,15.899999618530273,16.290000915527344,15.6899995803833,16.020000457763672,16.020000457763672,770500,USD,NMS,America/New_York,Yahoo Finance
IART,2026-09-23,15.880000114440918,16.260000228881836,15.380000114440918,15.529999732971191,15.529999732971191,573100,USD,NMS,America/New_York,Yahoo Finance
IART,2026-09-24,15.670000076293945,15.90999984741211,15.489999771118164,15.880000114440918,15.880000114440918,759500,USD,NMS,America/New_York,Yahoo Finance
IART,2026-09-25,15.880000114440918,16.209999084472656,15.739999771118164,16.1200008392334,16.1200008392334,539000,USD,NMS,America/New_York,Yahoo Finance
IART,2026-09-28,16.040000915527344,16.270000457763672,15.859999656677246,16.270000457763672,16.270000457763672,479000,USD,NMS,America/New_York,Yahoo Finance
IDYA,2026-08-17,36.040000915527344,36.81999969482422,35.79999923706055,36.540000915527344,36.540000915527344,427800,USD,NMS,America/New_York,Yahoo Finance
IDYA,2026-08-18,36.40999984741211,37.974998474121094,36.38800048828125,37.93000030517578,37.93000030517578,629500,USD,NMS,America/New_York,Yahoo Finance
IDYA,2026-08-19,39.0099983215332,39.29999923706055,37.84000015258789,38.869998931884766,38.869998931884766,931900,USD,NMS,America/New_York,Yahoo Finance
IDYA,2026-08-20,38.2400016784668,39.279998779296875,37.888999938964844,39.11000061035156,39.11000061035156,1633900,USD,NMS,America/New_York,Yahoo Finance
IDYA,2026-08-21,39.34000015258789,40.560001373291016,39.310001373291016,39.66999816894531,39.66999816894531,860600,USD,NMS,America/New_York,Yahoo Finance
IDYA,2026-08-24,39.72999954223633,40.459999084472656,39.119998931884766,40.040000915527344,40.040000915527344,786600,USD,NMS,America/New_York,Yahoo Finance
IDYA,2026-08-25,40.880001068115234,42.68000030517578,40.060001373291016,42.47999954223633,42.47999954223633,1022200,USD,NMS,America/New_York,Yahoo Finance
IDYA,2026-08-26,42.2599983215332,42.32500076293945,41.09000015258789,41.58000183105469,41.58000183105469,724900,USD,NMS,America/New_York,Yahoo Finance
IDYA,2026-08-27,41.630001068115234,42.095001220703125,40.96500015258789,41.77000045776367,41.77000045776367,534400,USD,NMS,America/New_York,Yahoo Finance
IDYA,2026-08-28,41.13999938964844,41.6349983215332,40.040000915527344,40.11000061035156,40.11000061035156,714100,USD,NMS,America/New_York,Yahoo Finance
IDYA,2026-08-31,39.7400016784668,40.31999969482422,39.43000030517578,40.099998474121094,40.099998474121094,977800,USD,NMS,America/New_York,Yahoo Finance
IDYA,2026-09-01,39.849998474121094,40.20000076293945,38.900001525878906,39.95000076293945,39.95000076293945,587800,USD,NMS,America/New_York,Yahoo Finance
IDYA,2026-09-02,40.20000076293945,41.47999954223633,39.58000183105469,40.16999816894531,40.16999816894531,765300,USD,NMS,America/New_York,Yahoo Finance
IDYA,2026-09-03,40.40999984741211,40.665000915527344,39.560001373291016,39.970001220703125,39.970001220703125,567900,USD,NMS,America/New_York,Yahoo Finance
IDYA,2026-09-04,39.54999923706055,40.06999969482422,39.41999816894531,39.86000061035156,39.86000061035156,447700,USD,NMS,America/New_York,Yahoo Finance
IDYA,2026-09-08,38.900001525878906,39.470001220703125,38.59000015258789,38.84000015258789,38.84000015258789,805900,USD,NMS,America/New_York,Yahoo Finance
IDYA,2026-09-09,39.189998626708984,39.189998626708984,38.209999084472656,38.349998474121094,38.349998474121094,488500,USD,NMS,America/New_York,Yahoo Finance
IDYA,2026-09-10,37.849998474121094,38.404998779296875,37.369998931884766,37.45000076293945,37.45000076293945,547700,USD,NMS,America/New_York,Yahoo Finance
IDYA,2026-09-11,37.7400016784668,38.27000045776367,37.2400016784668,37.59000015258789,37.59000015258789,429200,USD,NMS,America/New_York,Yahoo Finance
IDYA,2026-09-14,38.5,39.33000183105469,37.7400016784668,38.029998779296875,38.029998779296875,524700,USD,NMS,America/New_York,Yahoo Finance
IDYA,2026-09-15,37.880001068115234,38.2400016784668,37.125,37.65999984741211,37.65999984741211,654200,USD,NMS,America/New_York,Yahoo Finance
IDYA,2026-09-16,37.709999084472656,38.459999084472656,37.2400016784668,37.72999954223633,37.72999954223633,639800,USD,NMS,America/New_York,Yahoo Finance
IDYA,2026-09-17,38.61000061035156,39.470001220703125,38.529998779296875,38.61000061035156,38.61000061035156,757800,USD,NMS,America/New_York,Yahoo Finance
IDYA,2026-09-18,38.880001068115234,39.244998931884766,38.150001525878906,38.40999984741211,38.40999984741211,2492500,USD,NMS,America/New_York,Yahoo Finance
IDYA,2026-09-21,38.70500183105469,39.0,37.98500061035156,38.86000061035156,38.86000061035156,571100,USD,NMS,America/New_York,Yahoo Finance
IDYA,2026-09-22,39.11000061035156,40.0,38.93000030517578,39.709999084472656,39.709999084472656,745800,USD,NMS,America/New_York,Yahoo Finance
IDYA,2026-09-23,39.7400016784668,39.880001068115234,37.0,37.459999084472656,37.459999084472656,2238200,USD,NMS,America/New_York,Yahoo Finance
IDYA,2026-09-24,37.459999084472656,37.779998779296875,35.59000015258789,36.7400016784668,36.7400016784668,1273600,USD,NMS,America/New_York,Yahoo Finance
IDYA,2026-09-25,36.7400016784668,36.98500061035156,36.15999984741211,36.689998626708984,36.689998626708984,487300,USD,NMS,America/New_York,Yahoo Finance
IDYA,2026-09-28,36.2599983215332,38.72999954223633,36.099998474121094,38.220001220703125,38.220001220703125,1053700,USD,NMS,America/New_York,Yahoo Finance
IMKTA,2026-08-17,86.16999816894531,87.91000366210938,86.0999984741211,86.5199966430664,86.5199966430664,116500,USD,NMS,America/New_York,Yahoo Finance
IMKTA,2026-08-18,87.19000244140625,88.04000091552734,84.8499984741211,85.77999877929688,85.77999877929688,131100,USD,NMS,America/New_York,Yahoo Finance
IMKTA,2026-08-19,85.87000274658203,87.05000305175781,84.94999694824219,85.05000305175781,85.05000305175781,98700,USD,NMS,America/New_York,Yahoo Finance
IMKTA,2026-08-20,83.73999786376953,84.88999938964844,82.66999816894531,84.81999969482422,84.81999969482422,144800,USD,NMS,America/New_York,Yahoo Finance
IMKTA,2026-08-21,85.33999633789062,85.43000030517578,83.80999755859375,84.94000244140625,84.94000244140625,123200,USD,NMS,America/New_York,Yahoo Finance
IMKTA,2026-08-24,85.05000305175781,86.4800033569336,83.5,85.44999694824219,85.44999694824219,106600,USD,NMS,America/New_York,Yahoo Finance
IMKTA,2026-08-25,85.44999694824219,87.19000244140625,84.4000015258789,84.69999694824219,84.69999694824219,127900,USD,NMS,America/New_York,Yahoo Finance
IMKTA,2026-08-26,84.87999725341797,85.4800033569336,83.38999938964844,83.54000091552734,83.54000091552734,103400,USD,NMS,America/New_York,Yahoo Finance
IMKTA,2026-08-27,82.45999908447266,82.91000366210938,81.6500015258789,82.26000213623047,82.26000213623047,102900,USD,NMS,America/New_York,Yahoo Finance
IMKTA,2026-08-28,82.86000061035156,82.86000061035156,81.94999694824219,82.12000274658203,82.12000274658203,77400,USD,NMS,America/New_York,Yahoo Finance
IMKTA,2026-08-31,82.18000030517578,82.5999984741211,81.05999755859375,81.80000305175781,81.80000305175781,114000,USD,NMS,America/New_York,Yahoo Finance
IMKTA,2026-09-01,81.62999725341797,82.1500015258789,80.16999816894531,80.58999633789062,80.58999633789062,94300,USD,NMS,America/New_York,Yahoo Finance
IMKTA,2026-09-02,81.13999938964844,82.29000091552734,80.19999694824219,81.4000015258789,81.4000015258789,92300,USD,NMS,America/New_York,Yahoo Finance
IMKTA,2026-09-03,81.91000366210938,83.31999969482422,80.76000213623047,82.62999725341797,82.62999725341797,94500,USD,NMS,America/New_York,Yahoo Finance
IMKTA,2026-09-04,82.20999908447266,83.79000091552734,82.11000061035156,83.06999969482422,83.06999969482422,78000,USD,NMS,America/New_York,Yahoo Finance
IMKTA,2026-09-08,82.6500015258789,83.23999786376953,81.5,81.91000366210938,81.91000366210938,113100,USD,NMS,America/New_York,Yahoo Finance
IMKTA,2026-09-09,81.2699966430664,81.5999984741211,80.83000183105469,80.95999908447266,80.95999908447266,94300,USD,NMS,America/New_York,Yahoo Finance
IMKTA,2026-09-10,81.55999755859375,83.52999877929688,80.68000030517578,82.0199966430664,82.0199966430664,96200,USD,NMS,America/New_York,Yahoo Finance
IMKTA,2026-09-11,82.79000091552734,83.16999816894531,81.80999755859375,83.12000274658203,83.12000274658203,90000,USD,NMS,America/New_York,Yahoo Finance
IMKTA,2026-09-14,83.30999755859375,84.55000305175781,83.12000274658203,83.19000244140625,83.19000244140625,116200,USD,NMS,America/New_York,Yahoo Finance
IMKTA,2026-09-15,82.55999755859375,83.33000183105469,81.97000122070312,82.75,82.75,102500,USD,NMS,America/New_York,Yahoo Finance
IMKTA,2026-09-16,82.95999908447266,83.7300033569336,82.08999633789062,82.68000030517578,82.68000030517578,89200,USD,NMS,America/New_York,Yahoo Finance
IMKTA,2026-09-17,83.33999633789062,84.05999755859375,82.75,82.94999694824219,82.94999694824219,100100,USD,NMS,America/New_York,Yahoo Finance
IMKTA,2026-09-18,82.81999969482422,83.41000366210938,81.69000244140625,82.73999786376953,82.73999786376953,361700,USD,NMS,America/New_York,Yahoo Finance
IMKTA,2026-09-21,82.58000183105469,83.16999816894531,82.08000183105469,83.0999984741211,83.0999984741211,102300,USD,NMS,America/New_York,Yahoo Finance
IMKTA,2026-09-22,83.87000274658203,84.81999969482422,83.0199966430664,83.83999633789062,83.83999633789062,88600,USD,NMS,America/New_York,Yahoo Finance
IMKTA,2026-09-23,83.61000061035156,84.48999786376953,82.76000213623047,83.06999969482422,83.06999969482422,78400,USD,NMS,America/New_York,Yahoo Finance
IMKTA,2026-09-24,83.47000122070312,84.13999938964844,83.05000305175781,84.11000061035156,84.11000061035156,80000,USD,NMS,America/New_York,Yahoo Finance
IMKTA,2026-09-25,84.11000061035156,84.47000122070312,83.12000274658203,83.7699966430664,83.7699966430664,103300,USD,NMS,America/New_York,Yahoo Finance
IMKTA,2026-09-28,83.55999755859375,85.33000183105469,83.1500015258789,85.08999633789062,85.08999633789062,82600,USD,NMS,America/New_York,Yahoo Finance
IMMX,2026-08-17,10.880000114440918,11.529999732971191,10.739999771118164,11.34000015258789,11.34000015258789,1248600,USD,NCM,America/New_York,Yahoo Finance
IMMX,2026-08-18,11.119999885559082,11.859999656677246,11.060999870300293,11.8100004196167,11.8100004196167,1352600,USD,NCM,America/New_York,Yahoo Finance
IMMX,2026-08-19,11.989999771118164,13.1899995803833,11.989999771118164,13.1899995803833,13.1899995803833,1975400,USD,NCM,America/New_York,Yahoo Finance
IMMX,2026-08-20,12.979999542236328,13.199999809265137,12.6899995803833,13.15999984741211,13.15999984741211,1666200,USD,NCM,America/New_York,Yahoo Finance
IMMX,2026-08-21,13.359999656677246,13.760000228881836,13.119999885559082,13.65999984741211,13.65999984741211,1510600,USD,NCM,America/New_York,Yahoo Finance
IMMX,2026-08-24,13.65999984741211,13.800000190734863,12.899999618530273,13.609999656677246,13.609999656677246,1415400,USD,NCM,America/New_York,Yahoo Finance
IMMX,2026-08-25,13.600000381469727,15.100000381469727,13.484999656677246,14.470000267028809,14.470000267028809,3651500,USD,NCM,America/New_York,Yahoo Finance
IMMX,2026-08-26,14.449999809265137,14.550000190734863,13.800000190734863,14.069999694824219,14.069999694824219,1385000,USD,NCM,America/New_York,Yahoo Finance
IMMX,2026-08-27,14.029999732971191,14.609999656677246,13.770000457763672,14.3100004196167,14.3100004196167,1511000,USD,NCM,America/New_York,Yahoo Finance
IMMX,2026-08-28,14.0600004196167,14.170000076293945,13.760000228881836,13.9399995803833,13.9399995803833,1143400,USD,NCM,America/New_York,Yahoo Finance
IMMX,2026-08-31,13.699999809265137,14.149999618530273,13.520000457763672,14.029999732971191,14.029999732971191,1326800,USD,NCM,America/New_York,Yahoo Finance
IMMX,2026-09-01,13.859999656677246,14.260000228881836,13.619999885559082,14.010000228881836,14.010000228881836,1277400,USD,NCM,America/New_York,Yahoo Finance
IMMX,2026-09-02,14.0,14.229999542236328,13.420000076293945,13.960000038146973,13.960000038146973,1578200,USD,NCM,America/New_York,Yahoo Finance
IMMX,2026-09-03,14.140000343322754,14.140000343322754,13.520000457763672,13.829999923706055,13.829999923706055,987200,USD,NCM,America/New_York,Yahoo Finance
IMMX,2026-09-04,13.680000305175781,14.085000038146973,13.600000381469727,13.90999984741211,13.90999984741211,1050700,USD,NCM,America/New_York,Yahoo Finance
IMMX,2026-09-08,13.699999809265137,13.890000343322754,12.75,13.25,13.25,1420200,USD,NCM,America/New_York,Yahoo Finance
IMMX,2026-09-09,13.119999885559082,13.229999542236328,12.239999771118164,12.3100004196167,12.3100004196167,1285600,USD,NCM,America/New_York,Yahoo Finance
IMMX,2026-09-10,12.079999923706055,12.770000457763672,11.90999984741211,12.699999809265137,12.699999809265137,1656300,USD,NCM,America/New_York,Yahoo Finance
IMMX,2026-09-11,12.859999656677246,13.289999961853027,12.020000457763672,12.140000343322754,12.140000343322754,1190300,USD,NCM,America/New_York,Yahoo Finance
IMMX,2026-09-14,12.4399995803833,12.59000015258789,11.979999542236328,12.210000038146973,12.210000038146973,1079600,USD,NCM,America/New_York,Yahoo Finance
IMMX,2026-09-15,12.489999771118164,12.630000114440918,11.8100004196167,12.140000343322754,12.140000343322754,1054900,USD,NCM,America/New_York,Yahoo Finance
IMMX,2026-09-16,12.279999732971191,12.460000038146973,11.75,11.920000076293945,11.920000076293945,1421900,USD,NCM,America/New_York,Yahoo Finance
IMMX,2026-09-17,12.239999771118164,12.75,12.069999694824219,12.720000267028809,12.720000267028809,1184700,USD,NCM,America/New_York,Yahoo Finance
IMMX,2026-09-18,12.680000305175781,12.84000015258789,12.34000015258789,12.5,12.5,4183900,USD,NCM,America/New_York,Yahoo Finance
IMMX,2026-09-21,12.59000015258789,12.710000038146973,12.140000343322754,12.470000267028809,12.470000267028809,1329500,USD,NCM,America/New_York,Yahoo Finance
IMMX,2026-09-22,12.449999809265137,12.899999618530273,12.3100004196167,12.829999923706055,12.829999923706055,948100,USD,NCM,America/New_York,Yahoo Finance
IMMX,2026-09-23,12.800000190734863,12.84000015258789,11.710000038146973,11.920000076293945,11.920000076293945,1168200,USD,NCM,America/New_York,Yahoo Finance
IMMX,2026-09-24,11.869999885559082,11.970000267028809,11.1850004196167,11.699999809265137,11.699999809265137,1535800,USD,NCM,America/New_York,Yahoo Finance
IMMX,2026-09-25,11.779999732971191,11.989999771118164,10.819999694824219,10.970000267028809,10.970000267028809,1828200,USD,NCM,America/New_York,Yahoo Finance
IMMX,2026-09-28,10.819999694824219,11.84000015258789,10.699999809265137,11.470000267028809,11.470000267028809,995600,USD,NCM,America/New_York,Yahoo Finance
INTU,2026-08-17,339.0799865722656,344.5799865722656,332.1000061035156,335.6000061035156,335.6000061035156,3531600,USD,NMS,America/New_York,Yahoo Finance
INTU,2026-08-18,348.010009765625,355.8599853515625,343.0,350.4100036621094,350.4100036621094,3894100,USD,NMS,America/New_York,Yahoo Finance
INTU,2026-08-19,349.32000732421875,365.3800048828125,349.32000732421875,362.4700012207031,362.4700012207031,4018300,USD,NMS,America/New_York,Yahoo Finance
INTU,2026-08-20,363.0899963378906,366.6300048828125,358.3900146484375,361.8699951171875,361.8699951171875,3288900,USD,NMS,America/New_York,Yahoo Finance
INTU,2026-08-21,364.94000244140625,371.70001220703125,360.07000732421875,367.0,367.0,3448600,USD,NMS,America/New_York,Yahoo Finance
INTU,2026-08-24,366.4700012207031,372.9800109863281,365.010009765625,369.9200134277344,369.9200134277344,3138900,USD,NMS,America/New_York,Yahoo Finance
INTU,2026-08-25,364.3500061035156,367.8500061035156,356.0199890136719,357.4599914550781,357.4599914550781,7200900,USD,NMS,America/New_York,Yahoo Finance
INTU,2026-08-26,323.4700012207031,351.3900146484375,322.57000732421875,345.8800048828125,345.8800048828125,11443000,USD,NMS,America/New_York,Yahoo Finance
INTU,2026-08-27,353.5400085449219,355.5,335.0,348.0,348.0,4748400,USD,NMS,America/New_York,Yahoo Finance
INTU,2026-08-28,347.82000732421875,358.42999267578125,345.25,358.05999755859375,358.05999755859375,4120100,USD,NMS,America/New_York,Yahoo Finance
INTU,2026-08-31,356.04998779296875,365.7699890136719,355.07000732421875,359.29998779296875,359.29998779296875,3082600,USD,NMS,America/New_York,Yahoo Finance
INTU,2026-09-01,353.1000061035156,357.2099914550781,343.0,344.92999267578125,344.92999267578125,2672500,USD,NMS,America/New_York,Yahoo Finance
INTU,2026-09-02,346.30999755859375,348.3999938964844,339.32000732421875,342.94000244140625,342.94000244140625,3134000,USD,NMS,America/New_York,Yahoo Finance
INTU,2026-09-03,351.92999267578125,363.70001220703125,340.82000732421875,344.29998779296875,344.29998779296875,3695700,USD,NMS,America/New_York,Yahoo Finance
INTU,2026-09-04,341.3599853515625,346.0,330.1199951171875,332.70001220703125,332.70001220703125,3538800,USD,NMS,America/New_York,Yahoo Finance
INTU,2026-09-08,326.0899963378906,327.0,313.04998779296875,318.92999267578125,318.92999267578125,4468900,USD,NMS,America/New_York,Yahoo Finance
INTU,2026-09-09,319.07000732421875,321.30999755859375,312.79998779296875,313.94000244140625,313.94000244140625,2417100,USD,NMS,America/New_York,Yahoo Finance
INTU,2026-09-10,314.0299987792969,317.3900146484375,309.79998779296875,312.7699890136719,312.7699890136719,2715100,USD,NMS,America/New_York,Yahoo Finance
INTU,2026-09-11,313.0199890136719,323.0899963378906,312.7699890136719,321.57000732421875,321.57000732421875,2305500,USD,NMS,America/New_York,Yahoo Finance
INTU,2026-09-14,332.0199890136719,342.30999755859375,329.8800048828125,339.1499938964844,339.1499938964844,3631900,USD,NMS,America/New_York,Yahoo Finance
INTU,2026-09-15,334.45001220703125,338.9700012207031,328.6600036621094,329.2699890136719,329.2699890136719,2906500,USD,NMS,America/New_York,Yahoo Finance
INTU,2026-09-16,322.2099914550781,323.95001220703125,316.75,318.1300048828125,318.1300048828125,2496500,USD,NMS,America/New_York,Yahoo Finance
INTU,2026-09-17,319.1700134277344,323.8599853515625,312.5799865722656,313.1300048828125,313.1300048828125,4121200,USD,NMS,America/New_York,Yahoo Finance
INTU,2026-09-18,312.9100036621094,313.3800048828125,300.6700134277344,303.19000244140625,303.19000244140625,7694400,USD,NMS,America/New_York,Yahoo Finance
INTU,2026-09-21,301.5299987792969,304.80999755859375,295.1099853515625,304.1199951171875,304.1199951171875,2946900,USD,NMS,America/New_York,Yahoo Finance
INTU,2026-09-22,310.739990234375,310.739990234375,288.25,292.3500061035156,292.3500061035156,4812900,USD,NMS,America/New_York,Yahoo Finance
INTU,2026-09-23,291.7099914550781,294.20001220703125,286.20001220703125,286.79998779296875,286.79998779296875,3418600,USD,NMS,America/New_York,Yahoo Finance
INTU,2026-09-24,289.55999755859375,291.79998779296875,276.7799987792969,277.1300048828125,277.1300048828125,4564700,USD,NMS,America/New_York,Yahoo Finance
INTU,2026-09-25,275.5199890136719,277.3900146484375,271.42999267578125,275.7900085449219,275.7900085449219,3398400,USD,NMS,America/New_York,Yahoo Finance
INTU,2026-09-28,270.1499938964844,272.1400146484375,262.32000732421875,269.3999938964844,269.3999938964844,3803400,USD,NMS,America/New_York,Yahoo Finance
IONQ,2026-08-17,46.0099983215332,47.209999084472656,44.849998474121094,46.84000015258789,46.84000015258789,13863100,USD,NYQ,America/New_York,Yahoo Finance
IONQ,2026-08-18,44.36000061035156,46.459999084472656,43.599998474121094,44.119998931884766,44.119998931884766,16881400,USD,NYQ,America/New_York,Yahoo Finance
IONQ,2026-08-19,43.380001068115234,44.189998626708984,42.15999984741211,43.36000061035156,43.36000061035156,15005900,USD,NYQ,America/New_York,Yahoo Finance
IONQ,2026-08-20,43.439998626708984,43.59000015258789,40.33000183105469,41.529998779296875,41.529998779296875,17163500,USD,NYQ,America/New_York,Yahoo Finance
IONQ,2026-08-21,42.20000076293945,45.459999084472656,42.0099983215332,44.86000061035156,44.86000061035156,19707800,USD,NYQ,America/New_York,Yahoo Finance
IONQ,2026-08-24,43.33000183105469,43.54999923706055,40.959999084472656,41.060001373291016,41.060001373291016,17251100,USD,NYQ,America/New_York,Yahoo Finance
IONQ,2026-08-25,42.08000183105469,42.66999816894531,40.9900016784668,42.04999923706055,42.04999923706055,12364100,USD,NYQ,America/New_York,Yahoo Finance
IONQ,2026-08-26,41.060001373291016,41.90999984741211,39.959999084472656,40.029998779296875,40.029998779296875,13106100,USD,NYQ,America/New_York,Yahoo Finance
IONQ,2026-08-27,41.029998779296875,42.939998626708984,40.7599983215332,42.459999084472656,42.459999084472656,14880800,USD,NYQ,America/New_York,Yahoo Finance
IONQ,2026-08-28,41.72999954223633,41.92100143432617,38.63999938964844,39.20000076293945,39.20000076293945,20107800,USD,NYQ,America/New_York,Yahoo Finance
IONQ,2026-08-31,38.79999923706055,40.54999923706055,38.43000030517578,39.310001373291016,39.310001373291016,38638700,USD,NYQ,America/New_York,Yahoo Finance
IONQ,2026-09-01,37.8650016784668,39.25,37.59000015258789,37.779998779296875,37.779998779296875,14156700,USD,NYQ,America/New_York,Yahoo Finance
IONQ,2026-09-02,37.41999816894531,38.23500061035156,36.78499984741211,37.63999938964844,37.63999938964844,13313100,USD,NYQ,America/New_York,Yahoo Finance
IONQ,2026-09-03,38.130001068115234,39.779998779296875,37.84000015258789,39.02000045776367,39.02000045776367,14009200,USD,NYQ,America/New_York,Yahoo Finance
IONQ,2026-09-04,39.06999969482422,39.72999954223633,38.83000183105469,39.52000045776367,39.52000045776367,13112200,USD,NYQ,America/New_York,Yahoo Finance
IONQ,2026-09-08,42.31999969482422,44.43000030517578,39.45000076293945,40.470001220703125,40.470001220703125,40223400,USD,NYQ,America/New_York,Yahoo Finance
IONQ,2026-09-09,39.5099983215332,39.915000915527344,38.099998474121094,38.13999938964844,38.13999938964844,25387600,USD,NYQ,America/New_York,Yahoo Finance
IONQ,2026-09-10,37.290000915527344,38.34000015258789,36.790000915527344,36.84000015258789,36.84000015258789,17837200,USD,NYQ,America/New_York,Yahoo Finance
IONQ,2026-09-11,37.22999954223633,37.939998626708984,36.332000732421875,36.75,36.75,15395500,USD,NYQ,America/New_York,Yahoo Finance
IONQ,2026-09-14,35.15999984741211,38.560001373291016,35.0,37.5,37.5,18228800,USD,NYQ,America/New_York,Yahoo Finance
IONQ,2026-09-15,36.275001525878906,38.16999816894531,36.2599983215332,37.04999923706055,37.04999923706055,12906800,USD,NYQ,America/New_York,Yahoo Finance
IONQ,2026-09-16,36.97999954223633,37.650001525878906,36.060001373291016,36.84000015258789,36.84000015258789,15823800,USD,NYQ,America/New_York,Yahoo Finance
IONQ,2026-09-17,38.31999969482422,40.779998779296875,38.09000015258789,40.34000015258789,40.34000015258789,22494900,USD,NYQ,America/New_York,Yahoo Finance
IONQ,2026-09-18,40.75,40.944000244140625,37.77000045776367,39.130001068115234,39.130001068115234,23126600,USD,NYQ,America/New_York,Yahoo Finance
IONQ,2026-09-21,40.43000030517578,40.93000030517578,39.83000183105469,40.5099983215332,40.5099983215332,14289400,USD,NYQ,America/New_York,Yahoo Finance
IONQ,2026-09-22,40.5099983215332,40.79999923706055,39.869998931884766,40.7400016784668,40.7400016784668,17857200,USD,NYQ,America/New_York,Yahoo Finance
IONQ,2026-09-23,45.84000015258789,46.04999923706055,41.630001068115234,42.540000915527344,42.540000915527344,72555700,USD,NYQ,America/New_York,Yahoo Finance
IONQ,2026-09-24,41.56999969482422,45.65999984741211,41.279998779296875,44.97999954223633,44.97999954223633,43226800,USD,NYQ,America/New_York,Yahoo Finance
IONQ,2026-09-25,44.70000076293945,46.54999923706055,44.119998931884766,45.47999954223633,45.47999954223633,27579200,USD,NYQ,America/New_York,Yahoo Finance
IONQ,2026-09-28,45.63999938964844,47.90999984741211,44.540000915527344,44.58000183105469,44.58000183105469,34933600,USD,NYQ,America/New_York,Yahoo Finance
IRS,2026-08-17,14.710000038146973,14.970000267028809,14.550000190734863,14.640000343322754,14.640000343322754,100600,USD,NYQ,America/New_York,Yahoo Finance
IRS,2026-08-18,14.579999923706055,14.75,14.149999618530273,14.380000114440918,14.380000114440918,175600,USD,NYQ,America/New_York,Yahoo Finance
IRS,2026-08-19,14.479999542236328,14.770000457763672,14.40999984741211,14.739999771118164,14.739999771118164,95300,USD,NYQ,America/New_York,Yahoo Finance
IRS,2026-08-20,14.670000076293945,14.869999885559082,14.420000076293945,14.539999961853027,14.539999961853027,112400,USD,NYQ,America/New_York,Yahoo Finance
IRS,2026-08-21,14.6899995803833,15.199999809265137,14.609999656677246,14.819999694824219,14.819999694824219,91900,USD,NYQ,America/New_York,Yahoo Finance
IRS,2026-08-24,14.710000038146973,15.140000343322754,14.640000343322754,15.079999923706055,15.079999923706055,127800,USD,NYQ,America/New_York,Yahoo Finance
IRS,2026-08-25,15.180000305175781,15.210000038146973,14.869999885559082,15.149999618530273,15.149999618530273,109700,USD,NYQ,America/New_York,Yahoo Finance
IRS,2026-08-26,15.069999694824219,15.289999961853027,14.949999809265137,15.039999961853027,15.039999961853027,138100,USD,NYQ,America/New_York,Yahoo Finance
IRS,2026-08-27,14.920000076293945,15.149999618530273,14.779999732971191,14.920000076293945,14.920000076293945,94500,USD,NYQ,America/New_York,Yahoo Finance
IRS,2026-08-28,14.979999542236328,15.260000228881836,14.520000457763672,14.640000343322754,14.640000343322754,112300,USD,NYQ,America/New_York,Yahoo Finance
IRS,2026-08-31,14.699999809265137,15.0,14.539999961853027,14.960000038146973,14.960000038146973,262100,USD,NYQ,America/New_York,Yahoo Finance
IRS,2026-09-01,14.880000114440918,15.180000305175781,14.819999694824219,15.029999732971191,15.029999732971191,74100,USD,NYQ,America/New_York,Yahoo Finance
IRS,2026-09-02,15.010000228881836,15.390000343322754,14.970000267028809,15.289999961853027,15.289999961853027,69200,USD,NYQ,America/New_York,Yahoo Finance
IRS,2026-09-03,15.399999618530273,15.5,15.029999732971191,15.079999923706055,15.079999923706055,80500,USD,NYQ,America/New_York,Yahoo Finance
IRS,2026-09-04,14.579999923706055,15.489999771118164,14.579999923706055,15.15999984741211,15.15999984741211,164200,USD,NYQ,America/New_York,Yahoo Finance
IRS,2026-09-08,15.09000015258789,15.329999923706055,14.850000381469727,15.109999656677246,15.109999656677246,83900,USD,NYQ,America/New_York,Yahoo Finance
IRS,2026-09-09,15.029999732971191,15.930000305175781,14.850000381469727,15.460000038146973,15.460000038146973,544800,USD,NYQ,America/New_York,Yahoo Finance
IRS,2026-09-10,15.5,15.949999809265137,15.399999618530273,15.569999694824219,15.569999694824219,424000,USD,NYQ,America/New_York,Yahoo Finance
IRS,2026-09-11,15.65999984741211,15.699999809265137,15.399999618530273,15.539999961853027,15.539999961853027,201100,USD,NYQ,America/New_York,Yahoo Finance
IRS,2026-09-14,15.510000228881836,15.640000343322754,15.100000381469727,15.260000228881836,15.260000228881836,215500,USD,NYQ,America/New_York,Yahoo Finance
IRS,2026-09-15,15.229999542236328,15.4399995803833,15.0,15.359999656677246,15.359999656677246,157900,USD,NYQ,America/New_York,Yahoo Finance
IRS,2026-09-16,15.449999809265137,15.569999694824219,15.15999984741211,15.399999618530273,15.399999618530273,107000,USD,NYQ,America/New_York,Yahoo Finance
IRS,2026-09-17,15.5,16.229999542236328,15.3100004196167,16.020000457763672,16.020000457763672,196200,USD,NYQ,America/New_York,Yahoo Finance
IRS,2026-09-18,15.979999542236328,16.399999618530273,15.449999809265137,15.470000267028809,15.470000267028809,108600,USD,NYQ,America/New_York,Yahoo Finance
IRS,2026-09-21,15.619999885559082,15.699999809265137,15.329999923706055,15.600000381469727,15.600000381469727,236400,USD,NYQ,America/New_York,Yahoo Finance
IRS,2026-09-22,15.5600004196167,15.84000015258789,15.050000190734863,15.390000343322754,15.390000343322754,211300,USD,NYQ,America/New_York,Yahoo Finance
IRS,2026-09-23,15.279999732971191,15.380000114440918,14.920000076293945,15.109999656677246,15.109999656677246,128100,USD,NYQ,America/New_York,Yahoo Finance
IRS,2026-09-24,15.09000015258789,15.270000457763672,14.680000305175781,14.800000190734863,14.800000190734863,144800,USD,NYQ,America/New_York,Yahoo Finance
IRS,2026-09-25,14.890000343322754,14.930000305175781,14.600000381469727,14.75,14.75,132400,USD,NYQ,America/New_York,Yahoo Finance
IRS,2026-09-28,14.649999618530273,14.930000305175781,14.229999542236328,14.239999771118164,14.239999771118164,125300,USD,NYQ,America/New_York,Yahoo Finance
IVT,2026-08-17,33.470001220703125,33.540000915527344,33.275001525878906,33.41999816894531,33.41999816894531,413800,USD,NYQ,America/New_York,Yahoo Finance
IVT,2026-08-18,33.470001220703125,33.849998474121094,33.27000045776367,33.400001525878906,33.400001525878906,410200,USD,NYQ,America/New_York,Yahoo Finance
IVT,2026-08-19,33.439998626708984,33.66999816894531,33.25,33.29999923706055,33.29999923706055,599800,USD,NYQ,America/New_York,Yahoo Finance
IVT,2026-08-20,33.119998931884766,33.34000015258789,33.040000915527344,33.189998626708984,33.189998626708984,364400,USD,NYQ,America/New_York,Yahoo Finance
IVT,2026-08-21,32.7400016784668,33.2599983215332,32.66999816894531,32.689998626708984,32.689998626708984,530600,USD,NYQ,America/New_York,Yahoo Finance
IVT,2026-08-24,32.70000076293945,33.0,32.400001525878906,32.81999969482422,32.81999969482422,765400,USD,NYQ,America/New_York,Yahoo Finance
IVT,2026-08-25,33.0099983215332,33.84000015258789,32.6150016784668,32.68000030517578,32.68000030517578,496500,USD,NYQ,America/New_York,Yahoo Finance
IVT,2026-08-26,32.619998931884766,32.83000183105469,32.470001220703125,32.66999816894531,32.66999816894531,677100,USD,NYQ,America/New_York,Yahoo Finance
IVT,2026-08-27,32.400001525878906,32.689998626708984,32.22999954223633,32.63999938964844,32.63999938964844,624100,USD,NYQ,America/New_York,Yahoo Finance
IVT,2026-08-28,32.77000045776367,32.90999984741211,32.540000915527344,32.54999923706055,32.54999923706055,415100,USD,NYQ,America/New_York,Yahoo Finance
IVT,2026-08-31,32.310001373291016,32.56999969482422,32.13999938964844,32.310001373291016,32.310001373291016,560300,USD,NYQ,America/New_York,Yahoo Finance
IVT,2026-09-01,32.22999954223633,32.56999969482422,32.15999984741211,32.529998779296875,32.529998779296875,645700,USD,NYQ,America/New_York,Yahoo Finance
IVT,2026-09-02,32.27000045776367,32.79999923706055,32.27000045776367,32.779998779296875,32.779998779296875,607500,USD,NYQ,America/New_York,Yahoo Finance
IVT,2026-09-03,32.939998626708984,33.04999923706055,32.4900016784668,32.54999923706055,32.54999923706055,527300,USD,NYQ,America/New_York,Yahoo Finance
IVT,2026-09-04,32.189998626708984,32.915000915527344,32.189998626708984,32.630001068115234,32.630001068115234,511200,USD,NYQ,America/New_York,Yahoo Finance
IVT,2026-09-08,32.33000183105469,32.81999969482422,32.33000183105469,32.61000061035156,32.61000061035156,414600,USD,NYQ,America/New_York,Yahoo Finance
IVT,2026-09-09,32.61000061035156,32.91999816894531,32.11000061035156,32.33000183105469,32.33000183105469,599900,USD,NYQ,America/New_York,Yahoo Finance
IVT,2026-09-10,32.47999954223633,32.48500061035156,31.920000076293945,32.029998779296875,32.029998779296875,569400,USD,NYQ,America/New_York,Yahoo Finance
IVT,2026-09-11,32.150001525878906,32.17499923706055,31.739999771118164,31.860000610351562,31.860000610351562,678000,USD,NYQ,America/New_York,Yahoo Finance
IVT,2026-09-14,32.099998474121094,32.400001525878906,31.68000030517578,31.729999542236328,31.729999542236328,535600,USD,NYQ,America/New_York,Yahoo Finance
IVT,2026-09-15,31.59000015258789,31.725000381469727,31.209999084472656,31.229999542236328,31.229999542236328,704400,USD,NYQ,America/New_York,Yahoo Finance
IVT,2026-09-16,31.469999313354492,31.600000381469727,30.649999618530273,30.81999969482422,30.81999969482422,876700,USD,NYQ,America/New_York,Yahoo Finance
IVT,2026-09-17,31.020000457763672,31.170000076293945,30.700000762939453,30.75,30.75,609100,USD,NYQ,America/New_York,Yahoo Finance
IVT,2026-09-18,30.709999084472656,30.989999771118164,30.5049991607666,30.81999969482422,30.81999969482422,1604800,USD,NYQ,America/New_York,Yahoo Finance
IVT,2026-09-21,30.809999465942383,30.959999084472656,30.59000015258789,30.799999237060547,30.799999237060547,510500,USD,NYQ,America/New_York,Yahoo Finance
IVT,2026-09-22,30.969999313354492,31.05500030517578,30.649999618530273,30.65999984741211,30.65999984741211,567000,USD,NYQ,America/New_York,Yahoo Finance
IVT,2026-09-23,30.8799991607666,30.8799991607666,30.309999465942383,30.34000015258789,30.34000015258789,496000,USD,NYQ,America/New_York,Yahoo Finance
IVT,2026-09-24,30.649999618530273,30.670000076293945,30.190000534057617,30.56999969482422,30.56999969482422,517900,USD,NYQ,America/New_York,Yahoo Finance
IVT,2026-09-25,30.809999465942383,30.809999465942383,30.155000686645508,30.530000686645508,30.530000686645508,554400,USD,NYQ,America/New_York,Yahoo Finance
IVT,2026-09-28,30.450000762939453,30.80299949645996,30.450000762939453,30.719999313354492,30.719999313354492,534200,USD,NYQ,America/New_York,Yahoo Finance
JBL,2026-08-17,365.7699890136719,372.2300109863281,364.7099914550781,369.8900146484375,369.8900146484375,707700,USD,NYQ,America/New_York,Yahoo Finance
JBL,2026-08-18,359.7799987792969,362.1400146484375,337.5,338.6199951171875,338.6199951171875,1182200,USD,NYQ,America/New_York,Yahoo Finance
JBL,2026-08-19,347.239990234375,347.239990234375,321.6199951171875,322.7699890136719,322.7699890136719,917300,USD,NYQ,America/New_York,Yahoo Finance
JBL,2026-08-20,320.1700134277344,323.7900085449219,315.4800109863281,316.6499938964844,316.6499938964844,928200,USD,NYQ,America/New_York,Yahoo Finance
JBL,2026-08-21,320.54998779296875,321.4800109863281,311.2200012207031,313.2099914550781,313.2099914550781,753500,USD,NYQ,America/New_York,Yahoo Finance
JBL,2026-08-24,309.3599853515625,310.2799987792969,300.1099853515625,304.8900146484375,304.8900146484375,1063700,USD,NYQ,America/New_York,Yahoo Finance
JBL,2026-08-25,313.010009765625,313.67999267578125,304.0,308.67999267578125,308.67999267578125,599800,USD,NYQ,America/New_York,Yahoo Finance
JBL,2026-08-26,310.4800109863281,315.1499938964844,309.94000244140625,310.9100036621094,310.9100036621094,564000,USD,NYQ,America/New_York,Yahoo Finance
JBL,2026-08-27,314.8800048828125,315.94000244140625,306.20001220703125,312.2200012207031,312.2200012207031,918600,USD,NYQ,America/New_York,Yahoo Finance
JBL,2026-08-28,312.5199890136719,315.0,301.2799987792969,301.45001220703125,301.45001220703125,1022900,USD,NYQ,America/New_York,Yahoo Finance
JBL,2026-08-31,303.1000061035156,306.2900085449219,300.6700134277344,305.260009765625,305.260009765625,975000,USD,NYQ,America/New_York,Yahoo Finance
JBL,2026-09-01,302.07000732421875,306.0799865722656,294.69000244140625,299.1400146484375,299.1400146484375,926300,USD,NYQ,America/New_York,Yahoo Finance
JBL,2026-09-02,299.2799987792969,302.3800048828125,292.2900085449219,299.3900146484375,299.3900146484375,872300,USD,NYQ,America/New_York,Yahoo Finance
JBL,2026-09-03,298.0,306.6099853515625,292.5,305.9200134277344,305.9200134277344,1133400,USD,NYQ,America/New_York,Yahoo Finance
JBL,2026-09-04,309.42999267578125,315.7200012207031,307.2200012207031,310.57000732421875,310.57000732421875,714200,USD,NYQ,America/New_York,Yahoo Finance
JBL,2026-09-08,312.6400146484375,314.5799865722656,308.3299865722656,312.3299865722656,312.3299865722656,1052500,USD,NYQ,America/New_York,Yahoo Finance
JBL,2026-09-09,311.1099853515625,315.2900085449219,310.80999755859375,311.3699951171875,311.3699951171875,834900,USD,NYQ,America/New_York,Yahoo Finance
JBL,2026-09-10,307.2799987792969,309.5400085449219,302.32000732421875,302.79998779296875,302.79998779296875,754700,USD,NYQ,America/New_York,Yahoo Finance
JBL,2026-09-11,307.1600036621094,319.8699951171875,305.510009765625,318.0799865722656,318.0799865722656,859100,USD,NYQ,America/New_York,Yahoo Finance
JBL,2026-09-14,302.4700012207031,306.0,296.94000244140625,298.7200012207031,298.7200012207031,749700,USD,NYQ,America/New_York,Yahoo Finance
JBL,2026-09-15,303.0799865722656,305.0,294.6000061035156,296.04998779296875,296.04998779296875,1039800,USD,NYQ,America/New_York,Yahoo Finance
JBL,2026-09-16,302.6199951171875,306.92999267578125,293.6000061035156,297.239990234375,297.239990234375,1042500,USD,NYQ,America/New_York,Yahoo Finance
JBL,2026-09-17,305.260009765625,307.3999938964844,295.6099853515625,295.94000244140625,295.94000244140625,908800,USD,NYQ,America/New_York,Yahoo Finance
JBL,2026-09-18,299.20001220703125,302.0,295.0299987792969,299.57000732421875,299.57000732421875,3806700,USD,NYQ,America/New_York,Yahoo Finance
JBL,2026-09-21,303.94000244140625,306.69000244140625,295.5,303.6700134277344,303.6700134277344,1403500,USD,NYQ,America/New_York,Yahoo Finance
JBL,2026-09-22,302.4200134277344,309.0199890136719,300.79998779296875,308.9800109863281,308.9800109863281,1311600,USD,NYQ,America/New_York,Yahoo Finance
JBL,2026-09-23,306.6199951171875,309.1099853515625,301.29998779296875,308.75,308.75,831600,USD,NYQ,America/New_York,Yahoo Finance
JBL,2026-09-24,303.5,312.3999938964844,300.0,310.69000244140625,310.69000244140625,972400,USD,NYQ,America/New_York,Yahoo Finance
JBL,2026-09-25,318.8800048828125,331.5799865722656,316.0899963378906,316.739990234375,316.739990234375,1334600,USD,NYQ,America/New_York,Yahoo Finance
JBL,2026-09-28,319.9700012207031,323.0,309.57000732421875,318.92999267578125,318.92999267578125,1752400,USD,NYQ,America/New_York,Yahoo Finance
JBLU,2026-08-17,5.5,5.53000020980835,5.230000019073486,5.239999771118164,5.239999771118164,24347500,USD,NMS,America/New_York,Yahoo Finance
JBLU,2026-08-18,5.130000114440918,5.210000038146973,5.019999980926514,5.039999961853027,5.039999961853027,21416100,USD,NMS,America/New_York,Yahoo Finance
JBLU,2026-08-19,5.079999923706055,5.139999866485596,4.849999904632568,4.900000095367432,4.900000095367432,24771400,USD,NMS,America/New_York,Yahoo Finance
JBLU,2026-08-20,4.840000152587891,4.840000152587891,4.659999847412109,4.739999771118164,4.739999771118164,29993500,USD,NMS,America/New_York,Yahoo Finance
JBLU,2026-08-21,4.75,4.909999847412109,4.699999809265137,4.889999866485596,4.889999866485596,24489400,USD,NMS,America/New_York,Yahoo Finance
JBLU,2026-08-24,4.909999847412109,4.96999979019165,4.829999923706055,4.949999809265137,4.949999809265137,17326300,USD,NMS,America/New_York,Yahoo Finance
JBLU,2026-08-25,5.070000171661377,5.099999904632568,4.980000019073486,5.079999923706055,5.079999923706055,25243500,USD,NMS,America/New_York,Yahoo Finance
JBLU,2026-08-26,5.150000095367432,5.230000019073486,4.980000019073486,4.989999771118164,4.989999771118164,24179100,USD,NMS,America/New_York,Yahoo Finance
JBLU,2026-08-27,4.949999809265137,5.019999980926514,4.849999904632568,4.889999866485596,4.889999866485596,21451500,USD,NMS,America/New_York,Yahoo Finance
JBLU,2026-08-28,4.869999885559082,4.949999809265137,4.800000190734863,4.800000190734863,4.800000190734863,14419800,USD,NMS,America/New_York,Yahoo Finance
JBLU,2026-08-31,4.71999979019165,4.71999979019165,4.570000171661377,4.599999904632568,4.599999904632568,24087600,USD,NMS,America/New_York,Yahoo Finance
JBLU,2026-09-01,4.5,4.599999904632568,4.449999809265137,4.46999979019165,4.46999979019165,17597000,USD,NMS,America/New_York,Yahoo Finance
JBLU,2026-09-02,4.539999961853027,4.699999809265137,4.53000020980835,4.639999866485596,4.639999866485596,18944000,USD,NMS,America/New_York,Yahoo Finance
JBLU,2026-09-03,4.690000057220459,4.699999809265137,4.559999942779541,4.610000133514404,4.610000133514404,16320100,USD,NMS,America/New_York,Yahoo Finance
JBLU,2026-09-04,4.619999885559082,4.71999979019165,4.610000133514404,4.630000114440918,4.630000114440918,14462700,USD,NMS,America/New_York,Yahoo Finance
JBLU,2026-09-08,4.579999923706055,4.639999866485596,4.5,4.519999980926514,4.519999980926514,19782500,USD,NMS,America/New_York,Yahoo Finance
JBLU,2026-09-09,4.480000019073486,4.480000019073486,4.309999942779541,4.380000114440918,4.380000114440918,25049000,USD,NMS,America/New_York,Yahoo Finance
JBLU,2026-09-10,4.300000190734863,4.519999980926514,4.28000020980835,4.389999866485596,4.389999866485596,26287400,USD,NMS,America/New_York,Yahoo Finance
JBLU,2026-09-11,4.510000228881836,4.519999980926514,4.389999866485596,4.400000095367432,4.400000095367432,16943100,USD,NMS,America/New_York,Yahoo Finance
JBLU,2026-09-14,4.289999961853027,4.489999771118164,4.269999980926514,4.360000133514404,4.360000133514404,16406500,USD,NMS,America/New_York,Yahoo Finance
JBLU,2026-09-15,4.380000114440918,4.389999866485596,4.199999809265137,4.269999980926514,4.269999980926514,19828100,USD,NMS,America/New_York,Yahoo Finance
JBLU,2026-09-16,4.329999923706055,4.519999980926514,4.25,4.300000190734863,4.300000190734863,18610600,USD,NMS,America/New_York,Yahoo Finance
JBLU,2026-09-17,4.449999809265137,4.53000020980835,4.400000095367432,4.449999809265137,4.449999809265137,19564100,USD,NMS,America/New_York,Yahoo Finance
JBLU,2026-09-18,4.429999828338623,4.46999979019165,4.340000152587891,4.369999885559082,4.369999885559082,20733300,USD,NMS,America/New_York,Yahoo Finance
JBLU,2026-09-21,4.489999771118164,4.579999923706055,4.420000076293945,4.570000171661377,4.570000171661377,16340000,USD,NMS,America/New_York,Yahoo Finance
JBLU,2026-09-22,4.739999771118164,4.75,4.53000020980835,4.550000190734863,4.550000190734863,15838100,USD,NMS,America/New_York,Yahoo Finance
JBLU,2026-09-23,4.480000019073486,4.5,4.369999885559082,4.389999866485596,4.389999866485596,14150200,USD,NMS,America/New_York,Yahoo Finance
JBLU,2026-09-24,4.349999904632568,4.440000057220459,4.28000020980835,4.349999904632568,4.349999904632568,17278900,USD,NMS,America/New_York,Yahoo Finance
JBLU,2026-09-25,4.429999828338623,4.460000038146973,4.309999942779541,4.400000095367432,4.400000095367432,15808600,USD,NMS,America/New_York,Yahoo Finance
JBLU,2026-09-28,4.329999923706055,4.329999923706055,4.199999809265137,4.21999979019165,4.21999979019165,21642400,USD,NMS,America/New_York,Yahoo Finance
JJSF,2026-08-17,88.54000091552734,88.94999694824219,86.12999725341797,87.44999694824219,86.61114501953125,232600,USD,NMS,America/New_York,Yahoo Finance
JJSF,2026-08-18,88.66000366210938,90.0,87.55000305175781,88.83999633789062,87.98780822753906,228200,USD,NMS,America/New_York,Yahoo Finance
JJSF,2026-08-19,89.20999908447266,90.9000015258789,89.20999908447266,90.75,89.8794937133789,257600,USD,NMS,America/New_York,Yahoo Finance
JJSF,2026-08-20,89.27999877929688,90.44999694824219,88.2699966430664,88.44000244140625,87.5916519165039,167100,USD,NMS,America/New_York,Yahoo Finance
JJSF,2026-08-21,88.44000244140625,89.4000015258789,86.68000030517578,87.58999633789062,86.74980163574219,117800,USD,NMS,America/New_York,Yahoo Finance
JJSF,2026-08-24,88.43000030517578,90.29000091552734,87.87999725341797,89.86000061035156,88.99803161621094,179400,USD,NMS,America/New_York,Yahoo Finance
JJSF,2026-08-25,89.04000091552734,90.12000274658203,88.04000091552734,89.3499984741211,88.492919921875,130900,USD,NMS,America/New_York,Yahoo Finance
JJSF,2026-08-26,89.73999786376953,90.20999908447266,86.5199966430664,88.70999908447266,87.85906219482422,156200,USD,NMS,America/New_York,Yahoo Finance
JJSF,2026-08-27,87.66999816894531,88.5199966430664,86.88999938964844,87.75,86.90827178955078,151600,USD,NMS,America/New_York,Yahoo Finance
JJSF,2026-08-28,88.05000305175781,89.77999877929688,86.29000091552734,89.26000213623047,88.4037857055664,190400,USD,NMS,America/New_York,Yahoo Finance
JJSF,2026-08-31,88.94000244140625,89.97000122070312,87.55999755859375,88.18000030517578,87.33414459228516,150800,USD,NMS,America/New_York,Yahoo Finance
JJSF,2026-09-01,88.36000061035156,88.36000061035156,86.69000244140625,87.01000213623047,86.17536926269531,193700,USD,NMS,America/New_York,Yahoo Finance
JJSF,2026-09-02,87.45999908447266,88.95999908447266,86.25,86.37000274658203,85.54151153564453,174400,USD,NMS,America/New_York,Yahoo Finance
JJSF,2026-09-03,85.97000122070312,87.54000091552734,85.33999633789062,85.95999908447266,85.13543701171875,157900,USD,NMS,America/New_York,Yahoo Finance
JJSF,2026-09-04,85.69000244140625,86.26000213623047,83.9000015258789,84.11000061035156,83.30318450927734,213400,USD,NMS,America/New_York,Yahoo Finance
JJSF,2026-09-08,83.69999694824219,84.0999984741211,82.3499984741211,83.45999908447266,82.659423828125,199100,USD,NMS,America/New_York,Yahoo Finance
JJSF,2026-09-09,82.86000061035156,83.0199966430664,81.5,82.25,81.46102905273438,156800,USD,NMS,America/New_York,Yahoo Finance
JJSF,2026-09-10,82.44999694824219,84.12999725341797,81.52999877929688,82.55999755859375,81.76805114746094,159300,USD,NMS,America/New_York,Yahoo Finance
JJSF,2026-09-11,82.88999938964844,84.80000305175781,81.63999938964844,83.29000091552734,82.49105072021484,185300,USD,NMS,America/New_York,Yahoo Finance
JJSF,2026-09-14,84.76000213623047,85.4800033569336,82.86000061035156,83.4000015258789,82.5999984741211,160700,USD,NMS,America/New_York,Yahoo Finance
JJSF,2026-09-15,82.47000122070312,82.47000122070312,80.27999877929688,80.77999877929688,80.77999877929688,159500,USD,NMS,America/New_York,Yahoo Finance
JJSF,2026-09-16,80.80000305175781,82.04000091552734,80.69999694824219,80.9800033569336,80.9800033569336,183000,USD,NMS,America/New_York,Yahoo Finance
JJSF,2026-09-17,81.5199966430664,81.5199966430664,78.76000213623047,78.86000061035156,78.86000061035156,168300,USD,NMS,America/New_York,Yahoo Finance
JJSF,2026-09-18,78.41999816894531,78.41999816894531,77.5199966430664,77.97000122070312,77.97000122070312,504400,USD,NMS,America/New_York,Yahoo Finance
JJSF,2026-09-21,78.1500015258789,79.4800033569336,77.54000091552734,78.04000091552734,78.04000091552734,220200,USD,NMS,America/New_York,Yahoo Finance
JJSF,2026-09-22,79.05000305175781,79.94000244140625,78.55999755859375,78.72000122070312,78.72000122070312,264200,USD,NMS,America/New_York,Yahoo Finance
JJSF,2026-09-23,78.72000122070312,78.72000122070312,77.61000061035156,77.93000030517578,77.93000030517578,162600,USD,NMS,America/New_York,Yahoo Finance
JJSF,2026-09-24,78.41999816894531,79.08999633789062,77.04000091552734,77.18000030517578,77.18000030517578,129800,USD,NMS,America/New_York,Yahoo Finance
JJSF,2026-09-25,76.81999969482422,77.6500015258789,76.31999969482422,77.51000213623047,77.51000213623047,179500,USD,NMS,America/New_York,Yahoo Finance
JJSF,2026-09-28,77.30000305175781,78.70999908447266,76.44999694824219,77.75,77.75,153100,USD,NMS,America/New_York,Yahoo Finance
KEY-PK,2026-08-17,20.760000228881836,20.8799991607666,20.68000030517578,20.68000030517578,20.33063316345215,29815,USD,NYQ,America/New_York,Yahoo Finance
KEY-PK,2026-08-18,20.610000610351562,20.610000610351562,20.47010040283203,20.479999542236328,20.13401222229004,31614,USD,NYQ,America/New_York,Yahoo Finance
KEY-PK,2026-08-19,20.579999923706055,20.70400047302246,20.540000915527344,20.579999923706055,20.232322692871094,27688,USD,NYQ,America/New_York,Yahoo Finance
KEY-PK,2026-08-20,20.610000610351562,20.610000610351562,20.469999313354492,20.59000015258789,20.242155075073242,28081,USD,NYQ,America/New_York,Yahoo Finance
KEY-PK,2026-08-21,20.530000686645508,20.602800369262695,20.530000686645508,20.559999465942383,20.21265983581543,20245,USD,NYQ,America/New_York,Yahoo Finance
KEY-PK,2026-08-24,20.579999923706055,20.770000457763672,20.559999465942383,20.75,20.399450302124023,37630,USD,NYQ,America/New_York,Yahoo Finance
KEY-PK,2026-08-25,20.760000228881836,20.969999313354492,20.719999313354492,20.889999389648438,20.537084579467773,50848,USD,NYQ,America/New_York,Yahoo Finance
KEY-PK,2026-08-26,20.799999237060547,21.110000610351562,20.799999237060547,20.950000762939453,20.596073150634766,31508,USD,NYQ,America/New_York,Yahoo Finance
KEY-PK,2026-08-27,20.920000076293945,20.969999313354492,20.75,20.899999618530273,20.546916961669922,20293,USD,NYQ,America/New_York,Yahoo Finance
KEY-PK,2026-08-28,20.760000228881836,20.905000686645508,20.75,20.809999465942383,20.458436965942383,31074,USD,NYQ,America/New_York,Yahoo Finance
KEY-PK,2026-08-31,20.450000762939453,20.450000762939453,20.209999084472656,20.209999084472656,20.209999084472656,23931,USD,NYQ,America/New_York,Yahoo Finance
KEY-PK,2026-09-01,20.200000762939453,20.239900588989258,20.065000534057617,20.209999084472656,20.209999084472656,49817,USD,NYQ,America/New_York,Yahoo Finance
KEY-PK,2026-09-02,20.25,20.290000915527344,20.111000061035156,20.229999542236328,20.229999542236328,24867,USD,NYQ,America/New_York,Yahoo Finance
KEY-PK,2026-09-03,20.290000915527344,20.354999542236328,20.239999771118164,20.25,20.25,33603,USD,NYQ,America/New_York,Yahoo Finance
KEY-PK,2026-09-04,20.299999237060547,20.34000015258789,20.200000762939453,20.2450008392334,20.2450008392334,84644,USD,NYQ,America/New_York,Yahoo Finance
KEY-PK,2026-09-08,20.360000610351562,20.360000610351562,20.200000762939453,20.2549991607666,20.2549991607666,31351,USD,NYQ,America/New_York,Yahoo Finance
KEY-PK,2026-09-09,20.149999618530273,20.350000381469727,20.120100021362305,20.200000762939453,20.200000762939453,40087,USD,NYQ,America/New_York,Yahoo Finance
KEY-PK,2026-09-10,20.09000015258789,20.360000610351562,20.029600143432617,20.19099998474121,20.19099998474121,35679,USD,NYQ,America/New_York,Yahoo Finance
KEY-PK,2026-09-11,20.290000915527344,20.459999084472656,20.280000686645508,20.280000686645508,20.280000686645508,15498,USD,NYQ,America/New_York,Yahoo Finance
KEY-PK,2026-09-14,20.350000381469727,20.350000381469727,20.200000762939453,20.209999084472656,20.209999084472656,17117,USD,NYQ,America/New_York,Yahoo Finance
KEY-PK,2026-09-15,20.329999923706055,20.34000015258789,19.989999771118164,20.309999465942383,20.309999465942383,59315,USD,NYQ,America/New_York,Yahoo Finance
KEY-PK,2026-09-16,20.399999618530273,20.639999389648438,20.270000457763672,20.334999084472656,20.334999084472656,31200,USD,NYQ,America/New_York,Yahoo Finance
KEY-PK,2026-09-17,20.40999984741211,20.549999237060547,20.139999389648438,20.139999389648438,20.139999389648438,43960,USD,NYQ,America/New_York,Yahoo Finance
KEY-PK,2026-09-18,20.139999389648438,20.18000030517578,19.979999542236328,19.979999542236328,19.979999542236328,23099,USD,NYQ,America/New_York,Yahoo Finance
KEY-PK,2026-09-21,20.09000015258789,20.360000610351562,20.09000015258789,20.219999313354492,20.219999313354492,38093,USD,NYQ,America/New_York,Yahoo Finance
KEY-PK,2026-09-22,20.01099967956543,20.299999237060547,19.899999618530273,19.93000030517578,19.93000030517578,25507,USD,NYQ,America/New_York,Yahoo Finance
KEY-PK,2026-09-23,19.940000534057617,20.094999313354492,19.760000228881836,19.985000610351562,19.985000610351562,45216,USD,NYQ,America/New_York,Yahoo Finance
KEY-PK,2026-09-24,19.899999618530273,20.1299991607666,19.773399353027344,19.790000915527344,19.790000915527344,24229,USD,NYQ,America/New_York,Yahoo Finance
KEY-PK,2026-09-25,19.84000015258789,20.13159942626953,19.590099334716797,19.760000228881836,19.760000228881836,54931,USD,NYQ,America/New_York,Yahoo Finance
KEY-PK,2026-09-28,19.889999389648438,19.889999389648438,19.489999771118164,19.565000534057617,19.565000534057617,28559,USD,NYQ,America/New_York,Yahoo Finance
KMTS,2026-08-17,27.520000457763672,28.020000457763672,26.899999618530273,27.81999969482422,27.81999969482422,193700,USD,NMS,America/New_York,Yahoo Finance
KMTS,2026-08-18,27.549999237060547,28.329999923706055,26.690000534057617,27.93000030517578,27.93000030517578,249300,USD,NMS,America/New_York,Yahoo Finance
KMTS,2026-08-19,28.309999465942383,28.889999389648438,27.65999984741211,27.90999984741211,27.90999984741211,237700,USD,NMS,America/New_York,Yahoo Finance
KMTS,2026-08-20,27.489999771118164,28.110000610351562,27.0,27.260000228881836,27.260000228881836,246900,USD,NMS,America/New_York,Yahoo Finance
KMTS,2026-08-21,27.40999984741211,27.454999923706055,26.309999465942383,26.989999771118164,26.989999771118164,510800,USD,NMS,America/New_York,Yahoo Finance
KMTS,2026-08-24,26.979999542236328,27.530000686645508,26.239999771118164,26.90999984741211,26.90999984741211,171400,USD,NMS,America/New_York,Yahoo Finance
KMTS,2026-08-25,27.239999771118164,27.500999450683594,26.489999771118164,26.920000076293945,26.920000076293945,159600,USD,NMS,America/New_York,Yahoo Finance
KMTS,2026-08-26,26.639999389648438,26.989999771118164,26.06999969482422,26.56999969482422,26.56999969482422,210800,USD,NMS,America/New_York,Yahoo Finance
KMTS,2026-08-27,26.559999465942383,27.243999481201172,25.780000686645508,25.809999465942383,25.809999465942383,198300,USD,NMS,America/New_York,Yahoo Finance
KMTS,2026-08-28,25.600000381469727,26.280000686645508,25.485000610351562,25.639999389648438,25.639999389648438,151400,USD,NMS,America/New_York,Yahoo Finance
KMTS,2026-08-31,25.3799991607666,25.899999618530273,25.059999465942383,25.75,25.75,351300,USD,NMS,America/New_York,Yahoo Finance
KMTS,2026-09-01,25.540000915527344,26.184999465942383,25.049999237060547,25.1200008392334,25.1200008392334,319300,USD,NMS,America/New_York,Yahoo Finance
KMTS,2026-09-02,25.459999084472656,26.5,25.094999313354492,25.729999542236328,25.729999542236328,245500,USD,NMS,America/New_York,Yahoo Finance
KMTS,2026-09-03,26.139999389648438,26.139999389648438,24.81999969482422,25.139999389648438,25.139999389648438,200400,USD,NMS,America/New_York,Yahoo Finance
KMTS,2026-09-04,25.010000228881836,25.670000076293945,24.760000228881836,25.540000915527344,25.540000915527344,181800,USD,NMS,America/New_York,Yahoo Finance
KMTS,2026-09-08,25.450000762939453,25.829999923706055,24.8700008392334,25.635000228881836,25.635000228881836,349600,USD,NMS,America/New_York,Yahoo Finance
KMTS,2026-09-09,25.31999969482422,25.56999969482422,24.030000686645508,24.06999969482422,24.06999969482422,303100,USD,NMS,America/New_York,Yahoo Finance
KMTS,2026-09-10,23.450000762939453,24.424999237060547,23.25,23.56999969482422,23.56999969482422,310500,USD,NMS,America/New_York,Yahoo Finance
KMTS,2026-09-11,23.90999984741211,24.3799991607666,22.434999465942383,22.850000381469727,22.850000381469727,241600,USD,NMS,America/New_York,Yahoo Finance
KMTS,2026-09-14,22.8700008392334,24.43000030517578,22.795000076293945,24.059999465942383,24.059999465942383,742800,USD,NMS,America/New_York,Yahoo Finance
KMTS,2026-09-15,21.899999618530273,25.437999725341797,21.559999465942383,25.18000030517578,25.18000030517578,887700,USD,NMS,America/New_York,Yahoo Finance
KMTS,2026-09-16,25.200000762939453,25.327999114990234,23.860000610351562,24.079999923706055,24.079999923706055,825000,USD,NMS,America/New_York,Yahoo Finance
KMTS,2026-09-17,24.450000762939453,25.010000228881836,23.639999389648438,24.350000381469727,24.350000381469727,287200,USD,NMS,America/New_York,Yahoo Finance
KMTS,2026-09-18,24.350000381469727,25.079999923706055,24.290000915527344,24.43000030517578,24.43000030517578,1249200,USD,NMS,America/New_York,Yahoo Finance
KMTS,2026-09-21,24.690000534057617,24.8799991607666,24.139999389648438,24.770000457763672,24.770000457763672,144100,USD,NMS,America/New_York,Yahoo Finance
KMTS,2026-09-22,25.15999984741211,26.110000610351562,24.75,26.09000015258789,26.09000015258789,281600,USD,NMS,America/New_York,Yahoo Finance
KMTS,2026-09-23,26.030000686645508,26.059999465942383,25.139999389648438,25.510000228881836,25.510000228881836,222700,USD,NMS,America/New_York,Yahoo Finance
KMTS,2026-09-24,25.450000762939453,26.0,25.235000610351562,25.760000228881836,25.760000228881836,306100,USD,NMS,America/New_York,Yahoo Finance
KMTS,2026-09-25,26.020000457763672,27.68000030517578,25.56999969482422,27.139999389648438,27.139999389648438,339700,USD,NMS,America/New_York,Yahoo Finance
KMTS,2026-09-28,27.040000915527344,28.434999465942383,26.8799991607666,28.1299991607666,28.1299991607666,292900,USD,NMS,America/New_York,Yahoo Finance
KOP,2026-08-17,47.04999923706055,47.56999969482422,46.130001068115234,47.45000076293945,47.35780715942383,167500,USD,NYQ,America/New_York,Yahoo Finance
KOP,2026-08-18,47.290000915527344,47.81999969482422,45.150001525878906,45.439998626708984,45.351707458496094,162800,USD,NYQ,America/New_York,Yahoo Finance
KOP,2026-08-19,45.720001220703125,47.02000045776367,44.7599983215332,44.900001525878906,44.81275939941406,157300,USD,NYQ,America/New_York,Yahoo Finance
KOP,2026-08-20,44.470001220703125,46.27000045776367,44.470001220703125,45.880001068115234,45.790855407714844,194300,USD,NYQ,America/New_York,Yahoo Finance
KOP,2026-08-21,45.880001068115234,46.7400016784668,44.15999984741211,45.189998626708984,45.102195739746094,313700,USD,NYQ,America/New_York,Yahoo Finance
KOP,2026-08-24,45.43000030517578,46.0,44.88999938964844,45.83000183105469,45.7409553527832,145700,USD,NYQ,America/New_York,Yahoo Finance
KOP,2026-08-25,45.869998931884766,46.619998931884766,44.810001373291016,46.130001068115234,46.04037094116211,108700,USD,NYQ,America/New_York,Yahoo Finance
KOP,2026-08-26,46.560001373291016,47.09000015258789,45.91999816894531,46.34000015258789,46.249961853027344,149200,USD,NYQ,America/New_York,Yahoo Finance
KOP,2026-08-27,46.04999923706055,46.630001068115234,45.349998474121094,46.31999969482422,46.22999954223633,112900,USD,NYQ,America/New_York,Yahoo Finance
KOP,2026-08-28,46.7400016784668,47.0,46.0,46.560001373291016,46.560001373291016,117700,USD,NYQ,America/New_York,Yahoo Finance
KOP,2026-08-31,47.099998474121094,47.61000061035156,45.7599983215332,45.869998931884766,45.869998931884766,160800,USD,NYQ,America/New_York,Yahoo Finance
KOP,2026-09-01,45.279998779296875,46.08000183105469,44.4900016784668,45.93000030517578,45.93000030517578,227300,USD,NYQ,America/New_York,Yahoo Finance
KOP,2026-09-02,45.84000015258789,47.939998626708984,45.41999816894531,46.720001220703125,46.720001220703125,205500,USD,NYQ,America/New_York,Yahoo Finance
KOP,2026-09-03,47.25,47.43000030517578,46.15999984741211,46.86000061035156,46.86000061035156,170100,USD,NYQ,America/New_York,Yahoo Finance
KOP,2026-09-04,46.56999969482422,47.83000183105469,46.220001220703125,47.779998779296875,47.779998779296875,174200,USD,NYQ,America/New_York,Yahoo Finance
KOP,2026-09-08,47.939998626708984,47.939998626708984,46.72999954223633,47.119998931884766,47.119998931884766,179200,USD,NYQ,America/New_York,Yahoo Finance
KOP,2026-09-09,47.20000076293945,47.290000915527344,45.7400016784668,46.060001373291016,46.060001373291016,138600,USD,NYQ,America/New_York,Yahoo Finance
KOP,2026-09-10,45.959999084472656,46.939998626708984,45.709999084472656,46.349998474121094,46.349998474121094,139500,USD,NYQ,America/New_York,Yahoo Finance
KOP,2026-09-11,46.619998931884766,47.0,46.189998626708984,46.349998474121094,46.349998474121094,115100,USD,NYQ,America/New_York,Yahoo Finance
KOP,2026-09-14,45.91999816894531,46.20000076293945,45.27000045776367,46.0,46.0,110700,USD,NYQ,America/New_York,Yahoo Finance
KOP,2026-09-15,46.119998931884766,46.400001525878906,45.43000030517578,45.790000915527344,45.790000915527344,155100,USD,NYQ,America/New_York,Yahoo Finance
KOP,2026-09-16,45.9900016784668,47.63999938964844,45.689998626708984,46.720001220703125,46.720001220703125,314700,USD,NYQ,America/New_York,Yahoo Finance
KOP,2026-09-17,47.41999816894531,47.41999816894531,45.83000183105469,46.18000030517578,46.18000030517578,179600,USD,NYQ,America/New_York,Yahoo Finance
KOP,2026-09-18,45.97999954223633,45.97999954223633,44.83000183105469,45.33000183105469,45.33000183105469,470800,USD,NYQ,America/New_York,Yahoo Finance
KOP,2026-09-21,45.720001220703125,46.310001373291016,45.189998626708984,45.61000061035156,45.61000061035156,142300,USD,NYQ,America/New_York,Yahoo Finance
KOP,2026-09-22,45.900001525878906,46.900001525878906,45.81999969482422,46.099998474121094,46.099998474121094,171700,USD,NYQ,America/New_York,Yahoo Finance
KOP,2026-09-23,45.97999954223633,46.43000030517578,45.09000015258789,46.2599983215332,46.2599983215332,126600,USD,NYQ,America/New_York,Yahoo Finance
KOP,2026-09-24,46.34000015258789,46.45000076293945,45.54999923706055,45.959999084472656,45.959999084472656,108100,USD,NYQ,America/New_York,Yahoo Finance
KOP,2026-09-25,46.0,46.5099983215332,45.5099983215332,46.27000045776367,46.27000045776367,98800,USD,NYQ,America/New_York,Yahoo Finance
KOP,2026-09-28,46.060001373291016,46.97999954223633,45.95000076293945,46.16999816894531,46.16999816894531,102600,USD,NYQ,America/New_York,Yahoo Finance
KYMR,2026-08-17,117.38999938964844,122.58999633789062,117.04000091552734,121.41000366210938,121.41000366210938,704500,USD,NGM,America/New_York,Yahoo Finance
KYMR,2026-08-18,119.75,122.13999938964844,118.08999633789062,121.37999725341797,121.37999725341797,640800,USD,NGM,America/New_York,Yahoo Finance
KYMR,2026-08-19,124.62999725341797,127.36000061035156,121.82499694824219,127.30999755859375,127.30999755859375,842800,USD,NGM,America/New_York,Yahoo Finance
KYMR,2026-08-20,124.94999694824219,125.44999694824219,121.12999725341797,121.5,121.5,580500,USD,NGM,America/New_York,Yahoo Finance
KYMR,2026-08-21,122.87000274658203,125.70999908447266,119.7699966430664,119.80000305175781,119.80000305175781,503400,USD,NGM,America/New_York,Yahoo Finance
KYMR,2026-08-24,119.9800033569336,121.55999755859375,116.45999908447266,121.05000305175781,121.05000305175781,466900,USD,NGM,America/New_York,Yahoo Finance
KYMR,2026-08-25,122.63999938964844,127.8499984741211,121.5999984741211,126.63999938964844,126.63999938964844,925800,USD,NGM,America/New_York,Yahoo Finance
KYMR,2026-08-26,126.23999786376953,126.31500244140625,123.38999938964844,125.55000305175781,125.55000305175781,558000,USD,NGM,America/New_York,Yahoo Finance
KYMR,2026-08-27,124.98999786376953,125.06500244140625,119.9800033569336,120.2300033569336,120.2300033569336,595400,USD,NGM,America/New_York,Yahoo Finance
KYMR,2026-08-28,119.4000015258789,121.9749984741211,117.4800033569336,118.1500015258789,118.1500015258789,415900,USD,NGM,America/New_York,Yahoo Finance
KYMR,2026-08-31,118.5999984741211,119.93000030517578,115.97000122070312,118.80999755859375,118.80999755859375,656800,USD,NGM,America/New_York,Yahoo Finance
KYMR,2026-09-01,116.91999816894531,119.78500366210938,116.27999877929688,119.05000305175781,119.05000305175781,576600,USD,NGM,America/New_York,Yahoo Finance
KYMR,2026-09-02,119.58000183105469,123.54000091552734,117.41500091552734,118.62999725341797,118.62999725341797,983000,USD,NGM,America/New_York,Yahoo Finance
KYMR,2026-09-03,118.62999725341797,119.26000213623047,115.55000305175781,117.27999877929688,117.27999877929688,591600,USD,NGM,America/New_York,Yahoo Finance
KYMR,2026-09-04,115.08999633789062,118.27999877929688,112.7699966430664,117.38999938964844,117.38999938964844,378600,USD,NGM,America/New_York,Yahoo Finance
KYMR,2026-09-08,114.41000366210938,120.22000122070312,113.97000122070312,116.47000122070312,116.47000122070312,631800,USD,NGM,America/New_York,Yahoo Finance
KYMR,2026-09-09,115.33999633789062,120.66500091552734,113.1780014038086,115.43000030517578,115.43000030517578,767400,USD,NGM,America/New_York,Yahoo Finance
KYMR,2026-09-10,116.05000305175781,119.62999725341797,114.3499984741211,117.0,117.0,734300,USD,NGM,America/New_York,Yahoo Finance
KYMR,2026-09-11,118.4000015258789,119.93000030517578,113.73999786376953,114.95999908447266,114.95999908447266,574200,USD,NGM,America/New_York,Yahoo Finance
KYMR,2026-09-14,116.01000213623047,117.8499984741211,114.31999969482422,114.62999725341797,114.62999725341797,499000,USD,NGM,America/New_York,Yahoo Finance
KYMR,2026-09-15,114.5,114.5,110.29000091552734,113.1500015258789,113.1500015258789,900900,USD,NGM,America/New_York,Yahoo Finance
KYMR,2026-09-16,113.05999755859375,117.43000030517578,112.88099670410156,116.33000183105469,116.33000183105469,653800,USD,NGM,America/New_York,Yahoo Finance
KYMR,2026-09-17,119.12000274658203,122.12999725341797,118.2699966430664,118.4800033569336,118.4800033569336,570500,USD,NGM,America/New_York,Yahoo Finance
KYMR,2026-09-18,119.05999755859375,119.05999755859375,116.36000061035156,117.75,117.75,1900300,USD,NGM,America/New_York,Yahoo Finance
KYMR,2026-09-21,117.75,119.52999877929688,116.61000061035156,117.66999816894531,117.66999816894531,636900,USD,NGM,America/New_York,Yahoo Finance
KYMR,2026-09-22,119.02999877929688,122.37000274658203,117.875,122.05999755859375,122.05999755859375,779400,USD,NGM,America/New_York,Yahoo Finance
KYMR,2026-09-23,121.29000091552734,123.0,112.91000366210938,115.47000122070312,115.47000122070312,969600,USD,NGM,America/New_York,Yahoo Finance
KYMR,2026-09-24,115.27999877929688,116.40499877929688,111.36499786376953,115.80999755859375,115.80999755859375,841700,USD,NGM,America/New_York,Yahoo Finance
KYMR,2026-09-25,115.98999786376953,116.19999694824219,111.41999816894531,111.94999694824219,111.94999694824219,698400,USD,NGM,America/New_York,Yahoo Finance
KYMR,2026-09-28,111.94999694824219,113.59500122070312,110.51000213623047,112.0,112.0,723700,USD,NGM,America/New_York,Yahoo Finance
LAMR,2026-08-17,154.63999938964844,154.69000244140625,151.63999938964844,152.3800048828125,150.6674041748047,429600,USD,NMS,America/New_York,Yahoo Finance
LAMR,2026-08-18,153.02999877929688,153.92999267578125,151.6699981689453,151.72000122070312,150.0148162841797,760100,USD,NMS,America/New_York,Yahoo Finance
LAMR,2026-08-19,151.75999450683594,154.41000366210938,151.0,153.97999572753906,152.24942016601562,679100,USD,NMS,America/New_York,Yahoo Finance
LAMR,2026-08-20,153.94000244140625,154.4499969482422,150.8000030517578,151.00999450683594,149.3127899169922,499200,USD,NMS,America/New_York,Yahoo Finance
LAMR,2026-08-21,150.8300018310547,151.49000549316406,149.19000244140625,150.77000427246094,149.07550048828125,512700,USD,NMS,America/New_York,Yahoo Finance
LAMR,2026-08-24,151.36000061035156,152.89999389648438,151.00999450683594,152.67999267578125,150.96401977539062,472400,USD,NMS,America/New_York,Yahoo Finance
LAMR,2026-08-25,152.97999572753906,153.4600067138672,151.47000122070312,151.85000610351562,150.14337158203125,527900,USD,NMS,America/New_York,Yahoo Finance
LAMR,2026-08-26,152.75,153.05999755859375,150.9199981689453,151.97999572753906,150.2718963623047,358500,USD,NMS,America/New_York,Yahoo Finance
LAMR,2026-08-27,150.77999877929688,151.8300018310547,149.61000061035156,150.58999633789062,148.89752197265625,510400,USD,NMS,America/New_York,Yahoo Finance
LAMR,2026-08-28,150.8800048828125,154.72000122070312,149.94000244140625,150.3800048828125,148.68988037109375,340400,USD,NMS,America/New_York,Yahoo Finance
LAMR,2026-08-31,149.72999572753906,150.47999572753906,147.77000427246094,149.00999450683594,147.33526611328125,394700,USD,NMS,America/New_York,Yahoo Finance
LAMR,2026-09-01,149.94000244140625,151.5,148.97000122070312,151.0800018310547,149.38201904296875,619100,USD,NMS,America/New_York,Yahoo Finance
LAMR,2026-09-02,151.8699951171875,152.16000366210938,150.11000061035156,151.5,149.7972869873047,464100,USD,NMS,America/New_York,Yahoo Finance
LAMR,2026-09-03,152.2899932861328,152.61000061035156,151.11000061035156,151.5500030517578,149.84674072265625,299000,USD,NMS,America/New_York,Yahoo Finance
LAMR,2026-09-04,151.2100067138672,151.9199981689453,150.50999450683594,150.75999450683594,149.0655975341797,322000,USD,NMS,America/New_York,Yahoo Finance
LAMR,2026-09-08,151.22999572753906,151.22999572753906,149.69000244140625,149.94000244140625,148.25482177734375,347300,USD,NMS,America/New_York,Yahoo Finance
LAMR,2026-09-09,150.0,150.0,148.36000061035156,148.8300018310547,147.1573028564453,345200,USD,NMS,America/New_York,Yahoo Finance
LAMR,2026-09-10,148.6699981689453,149.4499969482422,147.2100067138672,147.6999969482422,146.0399932861328,446400,USD,NMS,America/New_York,Yahoo Finance
LAMR,2026-09-11,149.13999938964844,150.00999450683594,147.8800048828125,149.0800018310547,147.4044952392578,370900,USD,NMS,America/New_York,Yahoo Finance
LAMR,2026-09-14,149.3800048828125,149.9600067138672,148.41000366210938,149.77999877929688,148.09661865234375,331200,USD,NMS,America/New_York,Yahoo Finance
LAMR,2026-09-15,149.77999877929688,149.8800048828125,147.02000427246094,147.82000732421875,146.15866088867188,507200,USD,NMS,America/New_York,Yahoo Finance
LAMR,2026-09-16,147.3699951171875,149.30999755859375,145.6300048828125,147.52999877929688,145.87191772460938,470900,USD,NMS,America/New_York,Yahoo Finance
LAMR,2026-09-17,147.82000732421875,148.61000061035156,146.61000061035156,146.80999755859375,145.16000366210938,447400,USD,NMS,America/New_York,Yahoo Finance
LAMR,2026-09-18,146.27000427246094,147.24000549316406,145.25999450683594,146.80999755859375,145.16000366210938,1466100,USD,NMS,America/New_York,Yahoo Finance
LAMR,2026-09-21,145.3000030517578,146.47000122070312,145.0,146.0800018310547,146.0800018310547,480100,USD,NMS,America/New_York,Yahoo Finance
LAMR,2026-09-22,146.5800018310547,147.1300048828125,144.86000061035156,145.1300048828125,145.1300048828125,508400,USD,NMS,America/New_York,Yahoo Finance
LAMR,2026-09-23,144.3300018310547,146.0,143.69000244140625,144.22000122070312,144.22000122070312,452300,USD,NMS,America/New_York,Yahoo Finance
LAMR,2026-09-24,144.2100067138672,144.85000610351562,142.22000122070312,143.7100067138672,143.7100067138672,511100,USD,NMS,America/New_York,Yahoo Finance
LAMR,2026-09-25,144.17999267578125,144.17999267578125,142.3800048828125,143.97999572753906,143.97999572753906,465600,USD,NMS,America/New_York,Yahoo Finance
LAMR,2026-09-28,143.6300048828125,145.1699981689453,143.41000366210938,145.02999877929688,145.02999877929688,573700,USD,NMS,America/New_York,Yahoo Finance
LCLN,2026-08-17,25.5,25.969999313354492,24.719999313354492,24.979999542236328,24.910720825195312,249900,USD,NYQ,America/New_York,Yahoo Finance
LCLN,2026-08-18,25.200000762939453,25.200000762939453,23.829999923706055,23.959999084472656,23.8935489654541,236300,USD,NYQ,America/New_York,Yahoo Finance
LCLN,2026-08-19,24.209999084472656,24.6299991607666,23.81999969482422,24.139999389648438,24.073049545288086,319600,USD,NYQ,America/New_York,Yahoo Finance
LCLN,2026-08-20,24.110000610351562,24.3700008392334,23.149999618530273,23.31999969482422,23.25532341003418,278300,USD,NYQ,America/New_York,Yahoo Finance
LCLN,2026-08-21,23.56999969482422,23.969999313354492,23.010000228881836,23.809999465942383,23.74396514892578,420200,USD,NYQ,America/New_York,Yahoo Finance
LCLN,2026-08-24,23.600000381469727,24.309999465942383,23.200000762939453,23.420000076293945,23.35504722595215,386100,USD,NYQ,America/New_York,Yahoo Finance
LCLN,2026-08-25,23.530000686645508,23.770000457763672,23.25,23.770000457763672,23.704076766967773,358800,USD,NYQ,America/New_York,Yahoo Finance
LCLN,2026-08-26,23.700000762939453,25.25,23.65999984741211,25.170000076293945,25.10019302368164,527700,USD,NYQ,America/New_York,Yahoo Finance
LCLN,2026-08-27,25.020000457763672,25.329999923706055,24.3700008392334,25.059999465942383,24.990497589111328,634600,USD,NYQ,America/New_York,Yahoo Finance
LCLN,2026-08-28,25.110000610351562,25.850000381469727,24.8799991607666,24.979999542236328,24.910720825195312,280000,USD,NYQ,America/New_York,Yahoo Finance
LCLN,2026-08-31,24.729999542236328,25.59000015258789,24.729999542236328,25.239999771118164,25.169998168945312,263200,USD,NYQ,America/New_York,Yahoo Finance
LCLN,2026-09-01,25.100000381469727,25.229999542236328,24.479999542236328,24.850000381469727,24.850000381469727,491500,USD,NYQ,America/New_York,Yahoo Finance
LCLN,2026-09-02,24.90999984741211,25.989999771118164,24.559999465942383,25.950000762939453,25.950000762939453,511600,USD,NYQ,America/New_York,Yahoo Finance
LCLN,2026-09-03,26.290000915527344,27.260000228881836,26.209999084472656,26.829999923706055,26.829999923706055,647600,USD,NYQ,America/New_York,Yahoo Finance
LCLN,2026-09-04,26.540000915527344,27.549999237060547,26.309999465942383,27.190000534057617,27.190000534057617,622000,USD,NYQ,America/New_York,Yahoo Finance
LCLN,2026-09-08,27.420000076293945,27.549999237060547,26.479999542236328,26.899999618530273,26.899999618530273,411500,USD,NYQ,America/New_York,Yahoo Finance
LCLN,2026-09-09,26.84000015258789,26.84000015258789,25.8799991607666,26.309999465942383,26.309999465942383,401800,USD,NYQ,America/New_York,Yahoo Finance
LCLN,2026-09-10,26.170000076293945,26.670000076293945,25.90999984741211,26.149999618530273,26.149999618530273,802300,USD,NYQ,America/New_York,Yahoo Finance
LCLN,2026-09-11,26.5,27.43000030517578,26.25,26.530000686645508,26.530000686645508,880400,USD,NYQ,America/New_York,Yahoo Finance
LCLN,2026-09-14,26.6200008392334,27.020000457763672,26.389999389648438,26.809999465942383,26.809999465942383,712100,USD,NYQ,America/New_York,Yahoo Finance
LCLN,2026-09-15,26.729999542236328,27.020000457763672,26.18000030517578,26.420000076293945,26.420000076293945,522600,USD,NYQ,America/New_York,Yahoo Finance
LCLN,2026-09-16,26.450000762939453,26.979999542236328,25.190000534057617,25.90999984741211,25.90999984741211,669400,USD,NYQ,America/New_York,Yahoo Finance
LCLN,2026-09-17,26.049999237060547,27.440000534057617,25.850000381469727,25.90999984741211,25.90999984741211,740900,USD,NYQ,America/New_York,Yahoo Finance
LCLN,2026-09-18,25.639999389648438,26.56999969482422,25.399999618530273,26.110000610351562,26.110000610351562,6019200,USD,NYQ,America/New_York,Yahoo Finance
LCLN,2026-09-21,25.540000915527344,26.239999771118164,24.5,24.68000030517578,24.68000030517578,831600,USD,NYQ,America/New_York,Yahoo Finance
LCLN,2026-09-22,25.010000228881836,25.139999389648438,23.059999465942383,24.030000686645508,24.030000686645508,827000,USD,NYQ,America/New_York,Yahoo Finance
LCLN,2026-09-23,23.760000228881836,24.579999923706055,23.540000915527344,23.950000762939453,23.950000762939453,488900,USD,NYQ,America/New_York,Yahoo Finance
LCLN,2026-09-24,23.8799991607666,23.8799991607666,22.979999542236328,23.139999389648438,23.139999389648438,547800,USD,NYQ,America/New_York,Yahoo Finance
LCLN,2026-09-25,22.979999542236328,23.469999313354492,22.81999969482422,23.3700008392334,23.3700008392334,401700,USD,NYQ,America/New_York,Yahoo Finance
LCLN,2026-09-28,23.25,23.3799991607666,22.799999237060547,23.0,23.0,488300,USD,NYQ,America/New_York,Yahoo Finance
LIND,2026-08-17,33.38999938964844,33.54999923706055,32.279998779296875,32.77000045776367,32.77000045776367,812900,USD,NCM,America/New_York,Yahoo Finance
LIND,2026-08-18,32.369998931884766,32.77000045776367,32.02000045776367,32.349998474121094,32.349998474121094,612200,USD,NCM,America/New_York,Yahoo Finance
LIND,2026-08-19,32.84000015258789,32.86000061035156,31.75,31.81999969482422,31.81999969482422,557900,USD,NCM,America/New_York,Yahoo Finance
LIND,2026-08-20,31.260000228881836,31.84000015258789,30.8799991607666,31.31999969482422,31.31999969482422,676800,USD,NCM,America/New_York,Yahoo Finance
LIND,2026-08-21,31.489999771118164,31.770000457763672,30.350000381469727,31.09000015258789,31.09000015258789,635100,USD,NCM,America/New_York,Yahoo Finance
LIND,2026-08-24,31.149999618530273,32.04999923706055,31.149999618530273,31.899999618530273,31.899999618530273,683900,USD,NCM,America/New_York,Yahoo Finance
LIND,2026-08-25,32.349998474121094,32.40999984741211,31.559999465942383,31.739999771118164,31.739999771118164,587600,USD,NCM,America/New_York,Yahoo Finance
LIND,2026-08-26,31.739999771118164,31.93000030517578,30.899999618530273,31.190000534057617,31.190000534057617,562900,USD,NCM,America/New_York,Yahoo Finance
LIND,2026-08-27,30.959999084472656,31.479999542236328,30.0,30.059999465942383,30.059999465942383,550100,USD,NCM,America/New_York,Yahoo Finance
LIND,2026-08-28,30.270000457763672,30.649999618530273,29.540000915527344,29.59000015258789,29.59000015258789,986100,USD,NCM,America/New_York,Yahoo Finance
LIND,2026-08-31,29.690000534057617,29.690000534057617,26.239999771118164,26.559999465942383,26.559999465942383,1258500,USD,NCM,America/New_York,Yahoo Finance
LIND,2026-09-01,26.170000076293945,26.5,25.450000762939453,25.600000381469727,25.600000381469727,1987000,USD,NCM,America/New_York,Yahoo Finance
LIND,2026-09-02,26.079999923706055,26.079999923706055,24.979999542236328,25.389999389648438,25.389999389648438,1259800,USD,NCM,America/New_York,Yahoo Finance
LIND,2026-09-03,25.770000457763672,26.09000015258789,24.780000686645508,26.020000457763672,26.020000457763672,842400,USD,NCM,America/New_York,Yahoo Finance
LIND,2026-09-04,26.06999969482422,26.530000686645508,25.600000381469727,25.8700008392334,25.8700008392334,568500,USD,NCM,America/New_York,Yahoo Finance
LIND,2026-09-08,25.440000534057617,26.610000610351562,25.440000534057617,26.549999237060547,26.549999237060547,544200,USD,NCM,America/New_York,Yahoo Finance
LIND,2026-09-09,25.950000762939453,26.190000534057617,25.09000015258789,25.360000610351562,25.360000610351562,824800,USD,NCM,America/New_York,Yahoo Finance
LIND,2026-09-10,24.600000381469727,25.399999618530273,24.309999465942383,25.290000915527344,25.290000915527344,539100,USD,NCM,America/New_York,Yahoo Finance
LIND,2026-09-11,25.959999084472656,26.489999771118164,25.469999313354492,25.670000076293945,25.670000076293945,581800,USD,NCM,America/New_York,Yahoo Finance
LIND,2026-09-14,25.260000228881836,26.09000015258789,24.899999618530273,26.0,26.0,487800,USD,NCM,America/New_York,Yahoo Finance
LIND,2026-09-15,26.489999771118164,26.649999618530273,25.719999313354492,26.09000015258789,26.09000015258789,1508400,USD,NCM,America/New_York,Yahoo Finance
LIND,2026-09-16,26.399999618530273,27.549999237060547,26.290000915527344,27.420000076293945,27.420000076293945,960900,USD,NCM,America/New_York,Yahoo Finance
LIND,2026-09-17,28.239999771118164,28.989999771118164,27.479999542236328,27.719999313354492,27.719999313354492,815200,USD,NCM,America/New_York,Yahoo Finance
LIND,2026-09-18,27.43000030517578,27.639999389648438,26.360000610351562,27.540000915527344,27.540000915527344,1604600,USD,NCM,America/New_York,Yahoo Finance
LIND,2026-09-21,27.950000762939453,28.450000762939453,27.709999084472656,28.290000915527344,28.290000915527344,642600,USD,NCM,America/New_York,Yahoo Finance
LIND,2026-09-22,29.1299991607666,29.469999313354492,27.170000076293945,27.31999969482422,27.31999969482422,1257600,USD,NCM,America/New_York,Yahoo Finance
LIND,2026-09-23,26.90999984741211,27.260000228881836,26.31999969482422,27.229999542236328,27.229999542236328,603600,USD,NCM,America/New_York,Yahoo Finance
LIND,2026-09-24,27.139999389648438,27.729999542236328,26.950000762939453,27.579999923706055,27.579999923706055,778600,USD,NCM,America/New_York,Yahoo Finance
LIND,2026-09-25,28.0,28.510000228881836,27.3700008392334,28.450000762939453,28.450000762939453,782300,USD,NCM,America/New_York,Yahoo Finance
LIND,2026-09-28,28.15999984741211,30.110000610351562,28.110000610351562,29.639999389648438,29.639999389648438,891600,USD,NCM,America/New_York,Yahoo Finance
LVS,2026-08-17,46.04999923706055,46.380001068115234,45.220001220703125,45.43000030517578,45.43000030517578,4274500,USD,NYQ,America/New_York,Yahoo Finance
LVS,2026-08-18,45.70000076293945,46.16999816894531,45.43000030517578,45.470001220703125,45.470001220703125,3074000,USD,NYQ,America/New_York,Yahoo Finance
LVS,2026-08-19,45.72999954223633,46.63999938964844,44.84000015258789,46.58000183105469,46.58000183105469,4839300,USD,NYQ,America/New_York,Yahoo Finance
LVS,2026-08-20,46.400001525878906,46.689998626708984,45.5,45.970001220703125,45.970001220703125,4316800,USD,NYQ,America/New_York,Yahoo Finance
LVS,2026-08-21,46.220001220703125,47.08000183105469,46.18000030517578,47.029998779296875,47.029998779296875,3294100,USD,NYQ,America/New_York,Yahoo Finance
LVS,2026-08-24,47.0,47.2400016784668,46.08000183105469,46.970001220703125,46.970001220703125,3818800,USD,NYQ,America/New_York,Yahoo Finance
LVS,2026-08-25,46.880001068115234,47.5,46.72999954223633,47.27000045776367,47.27000045776367,3018400,USD,NYQ,America/New_York,Yahoo Finance
LVS,2026-08-26,46.81999969482422,47.060001373291016,46.09000015258789,46.22999954223633,46.22999954223633,3816000,USD,NYQ,America/New_York,Yahoo Finance
LVS,2026-08-27,46.189998626708984,46.36000061035156,43.91999816894531,44.2400016784668,44.2400016784668,7632700,USD,NYQ,America/New_York,Yahoo Finance
LVS,2026-08-28,45.0,45.529998779296875,44.619998931884766,45.040000915527344,45.040000915527344,6848500,USD,NYQ,America/New_York,Yahoo Finance
LVS,2026-08-31,45.130001068115234,45.18000030517578,43.59000015258789,43.810001373291016,43.810001373291016,7267600,USD,NYQ,America/New_York,Yahoo Finance
LVS,2026-09-01,43.54999923706055,44.150001525878906,43.36000061035156,43.84000015258789,43.84000015258789,4771200,USD,NYQ,America/New_York,Yahoo Finance
LVS,2026-09-02,43.75,45.29999923706055,43.65999984741211,44.540000915527344,44.540000915527344,5547400,USD,NYQ,America/New_York,Yahoo Finance
LVS,2026-09-03,44.709999084472656,44.9900016784668,43.810001373291016,44.5099983215332,44.5099983215332,3672200,USD,NYQ,America/New_York,Yahoo Finance
LVS,2026-09-04,44.18000030517578,44.72999954223633,44.130001068115234,44.369998931884766,44.369998931884766,4291200,USD,NYQ,America/New_York,Yahoo Finance
LVS,2026-09-08,44.279998779296875,44.40999984741211,43.56999969482422,43.97999954223633,43.97999954223633,6957100,USD,NYQ,America/New_York,Yahoo Finance
LVS,2026-09-09,43.72999954223633,43.91999816894531,42.720001220703125,43.33000183105469,43.33000183105469,7223000,USD,NYQ,America/New_York,Yahoo Finance
LVS,2026-09-10,43.31999969482422,43.33000183105469,42.11000061035156,42.599998474121094,42.599998474121094,5770700,USD,NYQ,America/New_York,Yahoo Finance
LVS,2026-09-11,42.81999969482422,43.099998474121094,42.5,42.83000183105469,42.83000183105469,3985000,USD,NYQ,America/New_York,Yahoo Finance
LVS,2026-09-14,42.81999969482422,43.029998779296875,42.13999938964844,42.400001525878906,42.400001525878906,4437400,USD,NYQ,America/New_York,Yahoo Finance
LVS,2026-09-15,42.220001220703125,42.459999084472656,41.2599983215332,41.27000045776367,41.27000045776367,5436400,USD,NYQ,America/New_York,Yahoo Finance
LVS,2026-09-16,41.369998931884766,41.529998779296875,40.86000061035156,41.060001373291016,41.060001373291016,6021800,USD,NYQ,America/New_York,Yahoo Finance
LVS,2026-09-17,41.369998931884766,41.43000030517578,40.630001068115234,40.66999816894531,40.66999816894531,4183100,USD,NYQ,America/New_York,Yahoo Finance
LVS,2026-09-18,40.5099983215332,40.790000915527344,39.72999954223633,39.97999954223633,39.97999954223633,18101900,USD,NYQ,America/New_York,Yahoo Finance
LVS,2026-09-21,40.189998626708984,40.599998474121094,39.540000915527344,40.2599983215332,40.2599983215332,4541600,USD,NYQ,America/New_York,Yahoo Finance
LVS,2026-09-22,40.86000061035156,41.02000045776367,39.59000015258789,39.70000076293945,39.70000076293945,5102000,USD,NYQ,America/New_York,Yahoo Finance
LVS,2026-09-23,39.7599983215332,39.779998779296875,39.0099983215332,39.189998626708984,39.189998626708984,3816100,USD,NYQ,America/New_York,Yahoo Finance
LVS,2026-09-24,39.0,39.22999954223633,38.060001373291016,38.650001525878906,38.650001525878906,7210000,USD,NYQ,America/New_York,Yahoo Finance
LVS,2026-09-25,38.790000915527344,39.16999816894531,38.52000045776367,38.9900016784668,38.9900016784668,3886700,USD,NYQ,America/New_York,Yahoo Finance
LVS,2026-09-28,38.869998931884766,39.290000915527344,38.41999816894531,38.779998779296875,38.779998779296875,3766000,USD,NYQ,America/New_York,Yahoo Finance
M,2026-08-17,23.40999984741211,23.610000610351562,23.059999465942383,23.219999313354492,23.022558212280273,4775100,USD,NYQ,America/New_York,Yahoo Finance
M,2026-08-18,23.549999237060547,23.65999984741211,23.1200008392334,23.229999542236328,23.032472610473633,4989500,USD,NYQ,America/New_York,Yahoo Finance
M,2026-08-19,23.329999923706055,23.90999984741211,23.149999618530273,23.399999618530273,23.201026916503906,4996400,USD,NYQ,America/New_York,Yahoo Finance
M,2026-08-20,23.15999984741211,23.25,22.56999969482422,22.579999923706055,22.38800048828125,5405600,USD,NYQ,America/New_York,Yahoo Finance
M,2026-08-21,23.079999923706055,23.09000015258789,22.59000015258789,22.81999969482422,22.625959396362305,6720000,USD,NYQ,America/New_York,Yahoo Finance
M,2026-08-24,23.0,23.479999542236328,23.0,23.18000030517578,22.982898712158203,4957200,USD,NYQ,America/New_York,Yahoo Finance
M,2026-08-25,23.139999389648438,23.18000030517578,22.40999984741211,22.59000015258789,22.39791488647461,5813700,USD,NYQ,America/New_York,Yahoo Finance
M,2026-08-26,22.579999923706055,22.959999084472656,22.3700008392334,22.81999969482422,22.625959396362305,5420000,USD,NYQ,America/New_York,Yahoo Finance
M,2026-08-27,22.479999542236328,22.8799991607666,22.360000610351562,22.510000228881836,22.31859588623047,6667100,USD,NYQ,America/New_York,Yahoo Finance
M,2026-08-28,22.760000228881836,22.899999618530273,21.989999771118164,22.010000228881836,21.822847366333008,4140600,USD,NYQ,America/New_York,Yahoo Finance
M,2026-08-31,21.889999389648438,22.079999923706055,21.65999984741211,21.959999084472656,21.773271560668945,4736200,USD,NYQ,America/New_York,Yahoo Finance
M,2026-09-01,21.81999969482422,22.420000076293945,21.75,21.93000030517578,21.743528366088867,7237000,USD,NYQ,America/New_York,Yahoo Finance
M,2026-09-02,22.100000381469727,22.770000457763672,22.100000381469727,22.420000076293945,22.229360580444336,6628800,USD,NYQ,America/New_York,Yahoo Finance
M,2026-09-03,22.540000915527344,22.729999542236328,22.149999618530273,22.469999313354492,22.278934478759766,4487300,USD,NYQ,America/New_York,Yahoo Finance
M,2026-09-04,22.40999984741211,23.09000015258789,22.31999969482422,23.049999237060547,22.85400390625,3576100,USD,NYQ,America/New_York,Yahoo Finance
M,2026-09-08,23.209999084472656,23.3799991607666,22.329999923706055,22.450000762939453,22.259105682373047,6373900,USD,NYQ,America/New_York,Yahoo Finance
M,2026-09-09,22.5,22.670000076293945,21.469999313354492,21.510000228881836,21.327098846435547,9724900,USD,NYQ,America/New_York,Yahoo Finance
M,2026-09-10,20.25,21.270000457763672,19.770000457763672,20.5,20.325687408447266,15143800,USD,NYQ,America/New_York,Yahoo Finance
M,2026-09-11,20.709999084472656,22.1200008392334,20.6299991607666,22.079999923706055,21.89225196838379,10299600,USD,NYQ,America/New_York,Yahoo Finance
M,2026-09-14,21.770000457763672,23.18000030517578,21.700000762939453,22.579999923706055,22.38800048828125,8949700,USD,NYQ,America/New_York,Yahoo Finance
M,2026-09-15,22.399999618530273,22.489999771118164,21.56999969482422,22.079999923706055,22.079999923706055,7666700,USD,NYQ,America/New_York,Yahoo Finance
M,2026-09-16,22.1299991607666,22.399999618530273,21.700000762939453,21.809999465942383,21.809999465942383,6534400,USD,NYQ,America/New_York,Yahoo Finance
M,2026-09-17,22.010000228881836,22.209999084472656,21.559999465942383,21.639999389648438,21.639999389648438,5083000,USD,NYQ,America/New_York,Yahoo Finance
M,2026-09-18,21.65999984741211,22.15999984741211,21.540000915527344,21.940000534057617,21.940000534057617,9134300,USD,NYQ,America/New_York,Yahoo Finance
M,2026-09-21,22.020000457763672,22.559999465942383,21.809999465942383,22.190000534057617,22.190000534057617,5882500,USD,NYQ,America/New_York,Yahoo Finance
M,2026-09-22,22.579999923706055,22.8799991607666,22.309999465942383,22.780000686645508,22.780000686645508,4586200,USD,NYQ,America/New_York,Yahoo Finance
M,2026-09-23,22.950000762939453,23.219999313354492,22.18000030517578,22.239999771118164,22.239999771118164,5475700,USD,NYQ,America/New_York,Yahoo Finance
M,2026-09-24,22.40999984741211,22.59000015258789,22.139999389648438,22.309999465942383,22.309999465942383,4962500,USD,NYQ,America/New_York,Yahoo Finance
M,2026-09-25,22.43000030517578,22.719999313354492,22.25,22.639999389648438,22.639999389648438,4776800,USD,NYQ,America/New_York,Yahoo Finance
M,2026-09-28,22.219999313354492,23.200000762939453,22.1299991607666,23.010000228881836,23.010000228881836,6447200,USD,NYQ,America/New_York,Yahoo Finance
MLI,2026-08-17,65.91000366210938,67.11000061035156,65.72000122070312,66.62999725341797,66.44479370117188,908800,USD,NYQ,America/New_York,Yahoo Finance
MLI,2026-08-18,65.70999908447266,65.70999908447266,64.11000061035156,64.4800033569336,64.30078125,816900,USD,NYQ,America/New_York,Yahoo Finance
MLI,2026-08-19,64.62000274658203,65.08999633789062,62.66999816894531,62.72999954223633,62.55563735961914,1124800,USD,NYQ,America/New_York,Yahoo Finance
MLI,2026-08-20,62.290000915527344,63.279998779296875,61.599998474121094,61.959999084472656,61.787776947021484,872000,USD,NYQ,America/New_York,Yahoo Finance
MLI,2026-08-21,62.380001068115234,63.81999969482422,62.380001068115234,63.220001220703125,63.04427719116211,1424300,USD,NYQ,America/New_York,Yahoo Finance
MLI,2026-08-24,63.09000015258789,64.11000061035156,63.029998779296875,63.45000076293945,63.27363967895508,1124300,USD,NYQ,America/New_York,Yahoo Finance
MLI,2026-08-25,64.08000183105469,65.08000183105469,59.81999969482422,61.5099983215332,61.339027404785156,2066000,USD,NYQ,America/New_York,Yahoo Finance
MLI,2026-08-26,61.439998626708984,64.0999984741211,61.439998626708984,64.08000183105469,63.90188980102539,1266500,USD,NYQ,America/New_York,Yahoo Finance
MLI,2026-08-27,64.08000183105469,64.66000366210938,63.22999954223633,64.18000030517578,64.0016098022461,1313300,USD,NYQ,America/New_York,Yahoo Finance
MLI,2026-08-28,64.18000030517578,64.61000061035156,62.560001373291016,62.79999923706055,62.62544250488281,1213000,USD,NYQ,America/New_York,Yahoo Finance
MLI,2026-08-31,62.72999954223633,63.04999923706055,62.279998779296875,62.40999984741211,62.23653030395508,1262900,USD,NYQ,America/New_York,Yahoo Finance
MLI,2026-09-01,61.81999969482422,62.709999084472656,60.599998474121094,61.040000915527344,60.870338439941406,1150300,USD,NYQ,America/New_York,Yahoo Finance
MLI,2026-09-02,61.45000076293945,62.380001068115234,61.150001525878906,62.06999969482422,61.8974723815918,1482900,USD,NYQ,America/New_York,Yahoo Finance
MLI,2026-09-03,62.220001220703125,63.09000015258789,61.380001068115234,62.959999084472656,62.78499984741211,1074900,USD,NYQ,America/New_York,Yahoo Finance
MLI,2026-09-04,62.72999954223633,63.939998626708984,62.72999954223633,63.7400016784668,63.7400016784668,828600,USD,NYQ,America/New_York,Yahoo Finance
MLI,2026-09-08,63.90999984741211,64.12999725341797,63.4900016784668,63.58000183105469,63.58000183105469,1511600,USD,NYQ,America/New_York,Yahoo Finance
MLI,2026-09-09,63.09000015258789,64.0199966430664,62.869998931884766,63.709999084472656,63.709999084472656,1108300,USD,NYQ,America/New_York,Yahoo Finance
MLI,2026-09-10,63.150001525878906,63.150001525878906,60.0,60.15999984741211,60.15999984741211,1233500,USD,NYQ,America/New_York,Yahoo Finance
MLI,2026-09-11,61.150001525878906,61.150001525878906,60.220001220703125,60.47999954223633,60.47999954223633,1499100,USD,NYQ,America/New_York,Yahoo Finance
MLI,2026-09-14,59.290000915527344,60.5,57.81999969482422,60.0,60.0,2032200,USD,NYQ,America/New_York,Yahoo Finance
MLI,2026-09-15,59.209999084472656,60.779998779296875,59.209999084472656,60.529998779296875,60.529998779296875,2094400,USD,NYQ,America/New_York,Yahoo Finance
MLI,2026-09-16,60.90999984741211,61.0,59.90999984741211,60.540000915527344,60.540000915527344,1856500,USD,NYQ,America/New_York,Yahoo Finance
MLI,2026-09-17,61.630001068115234,61.650001525878906,60.04999923706055,60.33000183105469,60.33000183105469,1517900,USD,NYQ,America/New_York,Yahoo Finance
MLI,2026-09-18,60.369998931884766,60.599998474121094,59.630001068115234,60.06999969482422,60.06999969482422,9236400,USD,NYQ,America/New_York,Yahoo Finance
MLI,2026-09-21,60.970001220703125,60.9900016784668,59.900001525878906,59.93000030517578,59.93000030517578,1407500,USD,NYQ,America/New_York,Yahoo Finance
MLI,2026-09-22,60.2599983215332,60.650001525878906,59.81999969482422,59.900001525878906,59.900001525878906,2097900,USD,NYQ,America/New_York,Yahoo Finance
MLI,2026-09-23,59.70000076293945,61.02000045776367,59.599998474121094,60.33000183105469,60.33000183105469,1250500,USD,NYQ,America/New_York,Yahoo Finance
MLI,2026-09-24,59.7599983215332,60.61000061035156,59.7599983215332,60.02000045776367,60.02000045776367,2024700,USD,NYQ,America/New_York,Yahoo Finance
MLI,2026-09-25,60.09000015258789,60.79999923706055,59.4900016784668,60.52000045776367,60.52000045776367,1287500,USD,NYQ,America/New_York,Yahoo Finance
MLI,2026-09-28,60.209999084472656,61.599998474121094,60.0,60.970001220703125,60.970001220703125,1434600,USD,NYQ,America/New_York,Yahoo Finance
MMM,2026-08-17,181.6999969482422,183.22999572753906,179.66000366210938,180.2100067138672,179.424560546875,3873800,USD,NYQ,America/New_York,Yahoo Finance
MMM,2026-08-18,180.60000610351562,181.66000366210938,179.00999450683594,180.94000244140625,180.1513671875,2318500,USD,NYQ,America/New_York,Yahoo Finance
MMM,2026-08-19,182.00999450683594,183.42999267578125,179.89999389648438,180.66000366210938,179.87258911132812,2765400,USD,NYQ,America/New_York,Yahoo Finance
MMM,2026-08-20,179.25,181.97000122070312,177.89999389648438,178.08999633789062,177.31378173828125,3499900,USD,NYQ,America/New_York,Yahoo Finance
MMM,2026-08-21,178.02000427246094,181.02999877929688,178.02000427246094,178.9600067138672,178.1800079345703,2587900,USD,NYQ,America/New_York,Yahoo Finance
MMM,2026-08-24,178.8800048828125,180.35000610351562,178.22999572753906,179.00999450683594,179.00999450683594,2088100,USD,NYQ,America/New_York,Yahoo Finance
MMM,2026-08-25,180.3300018310547,180.8000030517578,178.61000061035156,179.3699951171875,179.3699951171875,2316900,USD,NYQ,America/New_York,Yahoo Finance
MMM,2026-08-26,180.5,180.6699981689453,178.5399932861328,180.0,180.0,2673700,USD,NYQ,America/New_York,Yahoo Finance
MMM,2026-08-27,177.77000427246094,180.0,176.91000366210938,178.8300018310547,178.8300018310547,2394600,USD,NYQ,America/New_York,Yahoo Finance
MMM,2026-08-28,179.66000366210938,179.83999633789062,173.57000732421875,174.33999633789062,174.33999633789062,2336400,USD,NYQ,America/New_York,Yahoo Finance
MMM,2026-08-31,173.5,173.64999389648438,171.66000366210938,171.8300018310547,171.8300018310547,2362500,USD,NYQ,America/New_York,Yahoo Finance
MMM,2026-09-01,171.9600067138672,172.42999267578125,169.52000427246094,170.24000549316406,170.24000549316406,3340200,USD,NYQ,America/New_York,Yahoo Finance
MMM,2026-09-02,171.0,171.25999450683594,168.0800018310547,168.75,168.75,2174500,USD,NYQ,America/New_York,Yahoo Finance
MMM,2026-09-03,169.74000549316406,169.75,165.8000030517578,168.30999755859375,168.30999755859375,3005800,USD,NYQ,America/New_York,Yahoo Finance
MMM,2026-09-04,167.8699951171875,169.58999633789062,167.5500030517578,168.55999755859375,168.55999755859375,2175200,USD,NYQ,America/New_York,Yahoo Finance
MMM,2026-09-08,168.1699981689453,168.55999755859375,165.7100067138672,167.52000427246094,167.52000427246094,2179600,USD,NYQ,America/New_York,Yahoo Finance
MMM,2026-09-09,166.0,166.80999755859375,164.02999877929688,164.39999389648438,164.39999389648438,3288700,USD,NYQ,America/New_York,Yahoo Finance
MMM,2026-09-10,164.4499969482422,164.4499969482422,161.3000030517578,162.86000061035156,162.86000061035156,2908600,USD,NYQ,America/New_York,Yahoo Finance
MMM,2026-09-11,164.36000061035156,165.3699951171875,162.5500030517578,164.97000122070312,164.97000122070312,3285600,USD,NYQ,America/New_York,Yahoo Finance
MMM,2026-09-14,162.47999572753906,163.3800048828125,160.27000427246094,162.02000427246094,162.02000427246094,3000800,USD,NYQ,America/New_York,Yahoo Finance
MMM,2026-09-15,162.32000732421875,166.25,160.67999267578125,164.6699981689453,164.6699981689453,4174800,USD,NYQ,America/New_York,Yahoo Finance
MMM,2026-09-16,165.57000732421875,166.2899932861328,161.3699951171875,162.64999389648438,162.64999389648438,2885700,USD,NYQ,America/New_York,Yahoo Finance
MMM,2026-09-17,164.83999633789062,165.4600067138672,162.8699951171875,164.7100067138672,164.7100067138672,2401300,USD,NYQ,America/New_York,Yahoo Finance
MMM,2026-09-18,163.8000030517578,166.0500030517578,163.22999572753906,165.88999938964844,165.88999938964844,4551900,USD,NYQ,America/New_York,Yahoo Finance
MMM,2026-09-21,166.69000244140625,166.77000427246094,164.83999633789062,164.97000122070312,164.97000122070312,2380900,USD,NYQ,America/New_York,Yahoo Finance
MMM,2026-09-22,166.39999389648438,169.32000732421875,165.0,169.3000030517578,169.3000030517578,3260300,USD,NYQ,America/New_York,Yahoo Finance
MMM,2026-09-23,168.4499969482422,170.42999267578125,167.82000732421875,170.3000030517578,170.3000030517578,2787100,USD,NYQ,America/New_York,Yahoo Finance
MMM,2026-09-24,170.22999572753906,170.75,167.25999450683594,167.52000427246094,167.52000427246094,2430700,USD,NYQ,America/New_York,Yahoo Finance
MMM,2026-09-25,168.55999755859375,170.72999572753906,168.1300048828125,169.5500030517578,169.5500030517578,2516200,USD,NYQ,America/New_York,Yahoo Finance
MMM,2026-09-28,168.27999877929688,170.6199951171875,168.02999877929688,169.47999572753906,169.47999572753906,3783500,USD,NYQ,America/New_York,Yahoo Finance
MPWR,2026-08-17,1418.010009765625,1448.760009765625,1411.5999755859375,1415.989990234375,1415.989990234375,542800,USD,NMS,America/New_York,Yahoo Finance
MPWR,2026-08-18,1365.449951171875,1376.530029296875,1303.219970703125,1333.1800537109375,1333.1800537109375,1144300,USD,NMS,America/New_York,Yahoo Finance
MPWR,2026-08-19,1321.1199951171875,1335.18994140625,1267.77001953125,1300.1400146484375,1300.1400146484375,710800,USD,NMS,America/New_York,Yahoo Finance
MPWR,2026-08-20,1311.3399658203125,1327.0,1295.02001953125,1310.5999755859375,1310.5999755859375,437100,USD,NMS,America/New_York,Yahoo Finance
MPWR,2026-08-21,1321.1300048828125,1337.699951171875,1297.300048828125,1316.280029296875,1316.280029296875,529600,USD,NMS,America/New_York,Yahoo Finance
MPWR,2026-08-24,1298.3800048828125,1305.6400146484375,1255.56005859375,1285.030029296875,1285.030029296875,897600,USD,NMS,America/New_York,Yahoo Finance
MPWR,2026-08-25,1310.06005859375,1322.989990234375,1291.5400390625,1304.1500244140625,1304.1500244140625,359500,USD,NMS,America/New_York,Yahoo Finance
MPWR,2026-08-26,1301.0400390625,1311.02001953125,1284.56005859375,1303.8800048828125,1303.8800048828125,254500,USD,NMS,America/New_York,Yahoo Finance
MPWR,2026-08-27,1319.75,1332.0,1290.8599853515625,1311.0799560546875,1311.0799560546875,459000,USD,NMS,America/New_York,Yahoo Finance
MPWR,2026-08-28,1306.030029296875,1306.030029296875,1254.010009765625,1256.260009765625,1256.260009765625,706200,USD,NMS,America/New_York,Yahoo Finance
MPWR,2026-08-31,1261.9000244140625,1279.0,1253.0,1267.77001953125,1267.77001953125,689000,USD,NMS,America/New_York,Yahoo Finance
MPWR,2026-09-01,1245.1099853515625,1250.0,1211.8599853515625,1225.9599609375,1225.9599609375,757900,USD,NMS,America/New_York,Yahoo Finance
MPWR,2026-09-02,1224.9200439453125,1245.22998046875,1211.739990234375,1219.3599853515625,1219.3599853515625,405200,USD,NMS,America/New_York,Yahoo Finance
MPWR,2026-09-03,1200.699951171875,1225.0,1189.489990234375,1213.6500244140625,1213.6500244140625,413600,USD,NMS,America/New_York,Yahoo Finance
MPWR,2026-09-04,1239.1300048828125,1239.1300048828125,1206.550048828125,1223.8599853515625,1223.8599853515625,625900,USD,NMS,America/New_York,Yahoo Finance
MPWR,2026-09-08,1230.6400146484375,1243.0899658203125,1211.219970703125,1218.5,1218.5,763400,USD,NMS,America/New_York,Yahoo Finance
MPWR,2026-09-09,1206.699951171875,1228.8199462890625,1198.1700439453125,1203.75,1203.75,508400,USD,NMS,America/New_York,Yahoo Finance
MPWR,2026-09-10,1184.8499755859375,1205.199951171875,1175.949951171875,1186.0799560546875,1186.0799560546875,625200,USD,NMS,America/New_York,Yahoo Finance
MPWR,2026-09-11,1200.800048828125,1241.0400390625,1194.469970703125,1234.4599609375,1234.4599609375,555000,USD,NMS,America/New_York,Yahoo Finance
MPWR,2026-09-14,1184.4300537109375,1185.8900146484375,1141.3800048828125,1143.239990234375,1143.239990234375,984400,USD,NMS,America/New_York,Yahoo Finance
MPWR,2026-09-15,1164.969970703125,1171.1800537109375,1136.6500244140625,1142.4599609375,1142.4599609375,557000,USD,NMS,America/New_York,Yahoo Finance
MPWR,2026-09-16,1157.4200439453125,1176.050048828125,1133.8299560546875,1147.6099853515625,1147.6099853515625,624900,USD,NMS,America/New_York,Yahoo Finance
MPWR,2026-09-17,1183.1500244140625,1184.1500244140625,1146.4000244140625,1169.5799560546875,1169.5799560546875,950100,USD,NMS,America/New_York,Yahoo Finance
MPWR,2026-09-18,1185.52001953125,1221.510009765625,1176.2099609375,1217.800048828125,1217.800048828125,1426900,USD,NMS,America/New_York,Yahoo Finance
MPWR,2026-09-21,1243.25,1283.8299560546875,1217.239990234375,1277.6800537109375,1277.6800537109375,1029700,USD,NMS,America/New_York,Yahoo Finance
MPWR,2026-09-22,1278.0799560546875,1387.4599609375,1271.030029296875,1380.6199951171875,1380.6199951171875,1534800,USD,NMS,America/New_York,Yahoo Finance
MPWR,2026-09-23,1367.0799560546875,1371.6600341796875,1302.0999755859375,1355.469970703125,1355.469970703125,767000,USD,NMS,America/New_York,Yahoo Finance
MPWR,2026-09-24,1317.0899658203125,1349.6400146484375,1313.0899658203125,1335.550048828125,1335.550048828125,492500,USD,NMS,America/New_York,Yahoo Finance
MPWR,2026-09-25,1332.6300048828125,1377.1400146484375,1329.469970703125,1367.4300537109375,1367.4300537109375,536600,USD,NMS,America/New_York,Yahoo Finance
MPWR,2026-09-28,1353.1300048828125,1359.760009765625,1320.800048828125,1351.199951171875,1351.199951171875,659400,USD,NMS,America/New_York,Yahoo Finance
MRSH,2026-08-17,186.4199981689453,187.22000122070312,184.1300048828125,184.2100067138672,184.2100067138672,1337500,USD,NYQ,America/New_York,Yahoo Finance
MRSH,2026-08-18,186.77000427246094,188.47999572753906,185.3699951171875,186.3699951171875,186.3699951171875,1837300,USD,NYQ,America/New_York,Yahoo Finance
MRSH,2026-08-19,187.0,191.63999938964844,186.27999877929688,189.1999969482422,189.1999969482422,1893600,USD,NYQ,America/New_York,Yahoo Finance
MRSH,2026-08-20,188.4600067138672,191.80999755859375,187.5800018310547,190.2100067138672,190.2100067138672,2417500,USD,NYQ,America/New_York,Yahoo Finance
MRSH,2026-08-21,190.9499969482422,193.72999572753906,189.47999572753906,192.00999450683594,192.00999450683594,2552400,USD,NYQ,America/New_York,Yahoo Finance
MRSH,2026-08-24,193.7100067138672,195.6699981689453,192.72000122070312,194.6699981689453,194.6699981689453,1927400,USD,NYQ,America/New_York,Yahoo Finance
MRSH,2026-08-25,193.80999755859375,195.47000122070312,193.27999877929688,193.39999389648438,193.39999389648438,1644400,USD,NYQ,America/New_York,Yahoo Finance
MRSH,2026-08-26,193.92999267578125,195.5500030517578,193.0800018310547,193.25999450683594,193.25999450683594,2956200,USD,NYQ,America/New_York,Yahoo Finance
MRSH,2026-08-27,190.61000061035156,192.42999267578125,188.75999450683594,190.0,190.0,2674300,USD,NYQ,America/New_York,Yahoo Finance
MRSH,2026-08-28,190.47000122070312,194.6199951171875,190.47000122070312,192.63999938964844,192.63999938964844,1446800,USD,NYQ,America/New_York,Yahoo Finance
MRSH,2026-08-31,191.99000549316406,192.66000366210938,189.49000549316406,189.8000030517578,189.8000030517578,2360000,USD,NYQ,America/New_York,Yahoo Finance
MRSH,2026-09-01,190.88999938964844,191.7899932861328,186.5800018310547,187.5800018310547,187.5800018310547,2064300,USD,NYQ,America/New_York,Yahoo Finance
MRSH,2026-09-02,188.50999450683594,189.33999633789062,186.7100067138672,187.83999633789062,187.83999633789062,3011700,USD,NYQ,America/New_York,Yahoo Finance
MRSH,2026-09-03,188.75,191.22000122070312,187.58999633789062,188.4600067138672,188.4600067138672,1981300,USD,NYQ,America/New_York,Yahoo Finance
MRSH,2026-09-04,186.5399932861328,187.69000244140625,185.39999389648438,185.74000549316406,185.74000549316406,1409200,USD,NYQ,America/New_York,Yahoo Finance
MRSH,2026-09-08,183.27000427246094,184.72000122070312,180.39999389648438,180.52000427246094,180.52000427246094,2098100,USD,NYQ,America/New_York,Yahoo Finance
MRSH,2026-09-09,179.88999938964844,180.52999877929688,176.5800018310547,176.83999633789062,176.83999633789062,2164000,USD,NYQ,America/New_York,Yahoo Finance
MRSH,2026-09-10,177.4199981689453,178.5,176.39999389648438,177.2899932861328,177.2899932861328,2181400,USD,NYQ,America/New_York,Yahoo Finance
MRSH,2026-09-11,178.57000732421875,179.00999450683594,175.52000427246094,176.91000366210938,176.91000366210938,1727700,USD,NYQ,America/New_York,Yahoo Finance
MRSH,2026-09-14,179.6999969482422,181.4499969482422,178.67999267578125,180.42999267578125,180.42999267578125,1796500,USD,NYQ,America/New_York,Yahoo Finance
MRSH,2026-09-15,179.77999877929688,181.39999389648438,178.27999877929688,179.75999450683594,179.75999450683594,2769500,USD,NYQ,America/New_York,Yahoo Finance
MRSH,2026-09-16,178.8300018310547,179.60000610351562,175.75,176.75999450683594,176.75999450683594,3035200,USD,NYQ,America/New_York,Yahoo Finance
MRSH,2026-09-17,176.14999389648438,176.17999267578125,173.25999450683594,174.5800018310547,174.5800018310547,3135400,USD,NYQ,America/New_York,Yahoo Finance
MRSH,2026-09-18,173.75999450683594,176.24000549316406,172.6300048828125,175.00999450683594,175.00999450683594,7168100,USD,NYQ,America/New_York,Yahoo Finance
MRSH,2026-09-21,175.16000366210938,175.7899932861328,172.72000122070312,172.72000122070312,172.72000122070312,2862000,USD,NYQ,America/New_York,Yahoo Finance
MRSH,2026-09-22,172.85000610351562,172.91000366210938,167.92999267578125,170.00999450683594,170.00999450683594,3622300,USD,NYQ,America/New_York,Yahoo Finance
MRSH,2026-09-23,169.4499969482422,171.52000427246094,169.4499969482422,170.3800048828125,170.3800048828125,2654000,USD,NYQ,America/New_York,Yahoo Finance
MRSH,2026-09-24,170.80999755859375,171.83999633789062,168.9199981689453,169.92999267578125,169.92999267578125,3196800,USD,NYQ,America/New_York,Yahoo Finance
MRSH,2026-09-25,169.9499969482422,173.74000549316406,169.6699981689453,171.1199951171875,171.1199951171875,3148700,USD,NYQ,America/New_York,Yahoo Finance
MRSH,2026-09-28,171.1699981689453,171.6699981689453,168.49000549316406,169.02999877929688,169.02999877929688,1919400,USD,NYQ,America/New_York,Yahoo Finance
MSCI,2026-08-17,561.4299926757812,569.6900024414062,550.52001953125,550.6799926757812,550.6799926757812,634100,USD,NYQ,America/New_York,Yahoo Finance
MSCI,2026-08-18,558.9400024414062,566.8599853515625,554.0399780273438,562.77001953125,562.77001953125,957200,USD,NYQ,America/New_York,Yahoo Finance
MSCI,2026-08-19,561.75,575.6599731445312,560.4299926757812,565.27001953125,565.27001953125,636400,USD,NYQ,America/New_York,Yahoo Finance
MSCI,2026-08-20,563.4199829101562,572.4299926757812,561.7899780273438,568.75,568.75,676500,USD,NYQ,America/New_York,Yahoo Finance
MSCI,2026-08-21,568.5700073242188,574.97998046875,562.6799926757812,563.489990234375,563.489990234375,437000,USD,NYQ,America/New_York,Yahoo Finance
MSCI,2026-08-24,564.3599853515625,572.469970703125,562.75,571.3599853515625,571.3599853515625,409100,USD,NYQ,America/New_York,Yahoo Finance
MSCI,2026-08-25,563.4099731445312,570.0800170898438,560.72998046875,563.989990234375,563.989990234375,374200,USD,NYQ,America/New_York,Yahoo Finance
MSCI,2026-08-26,560.1300048828125,568.1300048828125,560.010009765625,564.219970703125,564.219970703125,273300,USD,NYQ,America/New_York,Yahoo Finance
MSCI,2026-08-27,564.4299926757812,572.5800170898438,564.4299926757812,569.1500244140625,569.1500244140625,530600,USD,NYQ,America/New_York,Yahoo Finance
MSCI,2026-08-28,570.8499755859375,576.5499877929688,569.8599853515625,570.760009765625,570.760009765625,270100,USD,NYQ,America/New_York,Yahoo Finance
MSCI,2026-08-31,567.1400146484375,573.0499877929688,564.0599975585938,570.6400146484375,570.6400146484375,427000,USD,NYQ,America/New_York,Yahoo Finance
MSCI,2026-09-01,568.8300170898438,572.75,559.6900024414062,563.0900268554688,563.0900268554688,355600,USD,NYQ,America/New_York,Yahoo Finance
MSCI,2026-09-02,563.1300048828125,565.7100219726562,555.010009765625,560.6300048828125,560.6300048828125,397200,USD,NYQ,America/New_York,Yahoo Finance
MSCI,2026-09-03,567.8200073242188,576.3900146484375,564.4600219726562,574.6500244140625,574.6500244140625,297200,USD,NYQ,America/New_York,Yahoo Finance
MSCI,2026-09-04,566.5599975585938,573.4099731445312,560.4600219726562,573.010009765625,573.010009765625,476900,USD,NYQ,America/New_York,Yahoo Finance
MSCI,2026-09-08,569.3400268554688,569.3400268554688,550.1500244140625,551.3900146484375,551.3900146484375,515700,USD,NYQ,America/New_York,Yahoo Finance
MSCI,2026-09-09,549.8499755859375,556.6099853515625,545.5599975585938,554.5399780273438,554.5399780273438,505800,USD,NYQ,America/New_York,Yahoo Finance
MSCI,2026-09-10,554.239990234375,555.7999877929688,545.1199951171875,547.5999755859375,547.5999755859375,493500,USD,NYQ,America/New_York,Yahoo Finance
MSCI,2026-09-11,552.5599975585938,556.510009765625,545.7000122070312,554.6099853515625,554.6099853515625,425400,USD,NYQ,America/New_York,Yahoo Finance
MSCI,2026-09-14,561.5499877929688,564.77001953125,542.6300048828125,553.6500244140625,553.6500244140625,823300,USD,NYQ,America/New_York,Yahoo Finance
MSCI,2026-09-15,550.0599975585938,553.6500244140625,543.47998046875,544.5999755859375,544.5999755859375,524400,USD,NYQ,America/New_York,Yahoo Finance
MSCI,2026-09-16,546.1300048828125,548.6799926757812,537.3599853515625,540.6099853515625,540.6099853515625,648100,USD,NYQ,America/New_York,Yahoo Finance
MSCI,2026-09-17,543.72998046875,552.8800048828125,542.0999755859375,549.469970703125,549.469970703125,687800,USD,NYQ,America/New_York,Yahoo Finance
MSCI,2026-09-18,546.4299926757812,555.4000244140625,544.1799926757812,552.8699951171875,552.8699951171875,841000,USD,NYQ,America/New_York,Yahoo Finance
MSCI,2026-09-21,556.3400268554688,559.9299926757812,552.3300170898438,558.969970703125,558.969970703125,430700,USD,NYQ,America/New_York,Yahoo Finance
MSCI,2026-09-22,558.1099853515625,559.3499755859375,547.8499755859375,548.8800048828125,548.8800048828125,747900,USD,NYQ,America/New_York,Yahoo Finance
MSCI,2026-09-23,548.1099853515625,559.1500244140625,545.010009765625,555.7000122070312,555.7000122070312,611700,USD,NYQ,America/New_York,Yahoo Finance
MSCI,2026-09-24,557.719970703125,563.27001953125,552.030029296875,556.0800170898438,556.0800170898438,541100,USD,NYQ,America/New_York,Yahoo Finance
MSCI,2026-09-25,552.0700073242188,555.9500122070312,547.47998046875,551.3599853515625,551.3599853515625,460100,USD,NYQ,America/New_York,Yahoo Finance
MSCI,2026-09-28,547.0,547.0,540.4299926757812,542.719970703125,542.719970703125,588900,USD,NYQ,America/New_York,Yahoo Finance
MTCH,2026-08-17,37.29499816894531,37.810001373291016,37.02000045776367,37.220001220703125,37.220001220703125,2098100,USD,NMS,America/New_York,Yahoo Finance
MTCH,2026-08-18,37.279998779296875,39.040000915527344,37.25699996948242,38.689998626708984,38.689998626708984,3520100,USD,NMS,America/New_York,Yahoo Finance
MTCH,2026-08-19,38.91999816894531,40.279998779296875,38.810001373291016,39.70000076293945,39.70000076293945,4177300,USD,NMS,America/New_York,Yahoo Finance
MTCH,2026-08-20,39.54999923706055,40.56999969482422,39.334999084472656,40.349998474121094,40.349998474121094,2852200,USD,NMS,America/New_York,Yahoo Finance
MTCH,2026-08-21,40.56999969482422,40.95000076293945,39.75,40.869998931884766,40.869998931884766,2188700,USD,NMS,America/New_York,Yahoo Finance
MTCH,2026-08-24,40.7400016784668,41.78499984741211,40.59000015258789,41.72999954223633,41.72999954223633,3224100,USD,NMS,America/New_York,Yahoo Finance
MTCH,2026-08-25,41.75,42.4900016784668,41.689998626708984,42.18000030517578,42.18000030517578,3504000,USD,NMS,America/New_York,Yahoo Finance
MTCH,2026-08-26,42.209999084472656,42.3849983215332,41.724998474121094,42.06999969482422,42.06999969482422,3114600,USD,NMS,America/New_York,Yahoo Finance
MTCH,2026-08-27,41.91999816894531,42.20000076293945,41.03200149536133,41.220001220703125,41.220001220703125,3846500,USD,NMS,America/New_York,Yahoo Finance
MTCH,2026-08-28,41.290000915527344,42.20000076293945,41.290000915527344,41.58000183105469,41.58000183105469,2173400,USD,NMS,America/New_York,Yahoo Finance
MTCH,2026-08-31,41.494998931884766,41.73500061035156,40.3650016784668,40.650001525878906,40.650001525878906,3028300,USD,NMS,America/New_York,Yahoo Finance
MTCH,2026-09-01,40.20000076293945,42.0,40.189998626708984,41.90999984741211,41.90999984741211,4402700,USD,NMS,America/New_York,Yahoo Finance
MTCH,2026-09-02,41.72999954223633,42.689998626708984,41.43000030517578,42.439998626708984,42.439998626708984,3445700,USD,NMS,America/New_York,Yahoo Finance
MTCH,2026-09-03,42.66999816894531,43.470001220703125,42.15999984741211,42.43000030517578,42.43000030517578,3490400,USD,NMS,America/New_York,Yahoo Finance
MTCH,2026-09-04,42.27000045776367,42.38999938964844,41.57500076293945,41.86000061035156,41.86000061035156,1883800,USD,NMS,America/New_York,Yahoo Finance
MTCH,2026-09-08,41.54999923706055,41.70500183105469,40.880001068115234,41.150001525878906,41.150001525878906,2929800,USD,NMS,America/New_York,Yahoo Finance
MTCH,2026-09-09,41.14500045776367,42.02000045776367,40.11000061035156,41.43000030517578,41.43000030517578,3899300,USD,NMS,America/New_York,Yahoo Finance
MTCH,2026-09-10,41.41999816894531,41.9900016784668,41.2400016784668,41.81999969482422,41.81999969482422,2707200,USD,NMS,America/New_York,Yahoo Finance
MTCH,2026-09-11,41.9900016784668,42.85499954223633,41.9900016784668,42.38999938964844,42.38999938964844,2558000,USD,NMS,America/New_York,Yahoo Finance
MTCH,2026-09-14,42.810001373291016,43.720001220703125,42.810001373291016,43.150001525878906,43.150001525878906,2825100,USD,NMS,America/New_York,Yahoo Finance
MTCH,2026-09-15,42.970001220703125,44.935001373291016,42.54999923706055,44.400001525878906,44.400001525878906,5011100,USD,NMS,America/New_York,Yahoo Finance
MTCH,2026-09-16,44.33000183105469,44.584999084472656,43.47999954223633,43.58000183105469,43.58000183105469,3654800,USD,NMS,America/New_York,Yahoo Finance
MTCH,2026-09-17,43.88999938964844,44.0099983215332,43.060001373291016,43.77000045776367,43.77000045776367,3339100,USD,NMS,America/New_York,Yahoo Finance
MTCH,2026-09-18,43.90999984741211,43.90999984741211,42.650001525878906,43.20000076293945,43.20000076293945,6193500,USD,NMS,America/New_York,Yahoo Finance
MTCH,2026-09-21,43.75,43.75,42.85499954223633,43.15999984741211,43.15999984741211,4370600,USD,NMS,America/New_York,Yahoo Finance
MTCH,2026-09-22,43.4900016784668,43.689998626708984,41.619998931884766,41.709999084472656,41.709999084472656,4527300,USD,NMS,America/New_York,Yahoo Finance
MTCH,2026-09-23,41.54999923706055,41.54999923706055,39.459999084472656,40.47999954223633,40.47999954223633,5582800,USD,NMS,America/New_York,Yahoo Finance
MTCH,2026-09-24,40.47999954223633,41.47999954223633,40.40999984741211,40.79999923706055,40.79999923706055,2876200,USD,NMS,America/New_York,Yahoo Finance
MTCH,2026-09-25,40.86000061035156,41.43000030517578,40.369998931884766,40.54999923706055,40.54999923706055,2347700,USD,NMS,America/New_York,Yahoo Finance
MTCH,2026-09-28,39.9900016784668,40.15999984741211,39.2400016784668,39.5099983215332,39.5099983215332,2846100,USD,NMS,America/New_York,Yahoo Finance
MZTI,2026-08-17,115.08000183105469,116.55000305175781,114.62000274658203,114.76000213623047,113.67108917236328,283900,USD,NMS,America/New_York,Yahoo Finance
MZTI,2026-08-18,116.54000091552734,117.41999816894531,114.44999694824219,115.58000183105469,114.48331451416016,201800,USD,NMS,America/New_York,Yahoo Finance
MZTI,2026-08-19,116.33000183105469,117.93000030517578,115.9000015258789,116.91999816894531,115.81059265136719,190700,USD,NMS,America/New_York,Yahoo Finance
MZTI,2026-08-20,116.05000305175781,117.05000305175781,112.58000183105469,112.88999938964844,111.81883239746094,282900,USD,NMS,America/New_York,Yahoo Finance
MZTI,2026-08-21,112.76000213623047,114.04000091552734,111.22000122070312,111.62999725341797,110.57078552246094,389200,USD,NMS,America/New_York,Yahoo Finance
MZTI,2026-08-24,112.91000366210938,116.13999938964844,112.1500015258789,115.76000213623047,114.66160583496094,534000,USD,NMS,America/New_York,Yahoo Finance
MZTI,2026-08-25,118.93000030517578,120.98999786376953,113.7300033569336,117.3499984741211,116.23651123046875,770900,USD,NMS,America/New_York,Yahoo Finance
MZTI,2026-08-26,115.68000030517578,117.01000213623047,112.8499984741211,113.44999694824219,112.37351989746094,503500,USD,NMS,America/New_York,Yahoo Finance
MZTI,2026-08-27,112.30999755859375,112.9800033569336,110.12000274658203,112.52999877929688,111.46224975585938,427000,USD,NMS,America/New_York,Yahoo Finance
MZTI,2026-08-28,113.05000305175781,115.3499984741211,112.1500015258789,114.83999633789062,113.75032806396484,359200,USD,NMS,America/New_York,Yahoo Finance
MZTI,2026-08-31,114.08999633789062,115.86000061035156,112.5999984741211,112.6500015258789,111.58111572265625,393900,USD,NMS,America/New_York,Yahoo Finance
MZTI,2026-09-01,112.7300033569336,113.37000274658203,110.55000305175781,111.83000183105469,110.76889038085938,542200,USD,NMS,America/New_York,Yahoo Finance
MZTI,2026-09-02,113.01000213623047,113.23999786376953,111.22000122070312,111.37000274658203,110.31326293945312,369300,USD,NMS,America/New_York,Yahoo Finance
MZTI,2026-09-03,111.5199966430664,111.75,105.41000366210938,105.63999938964844,104.63762664794922,407100,USD,NMS,America/New_York,Yahoo Finance
MZTI,2026-09-04,105.16000366210938,106.43000030517578,104.66999816894531,105.38999938964844,104.38999938964844,306400,USD,NMS,America/New_York,Yahoo Finance
MZTI,2026-09-08,103.7699966430664,104.91000366210938,102.13999938964844,104.02999877929688,104.02999877929688,442600,USD,NMS,America/New_York,Yahoo Finance
MZTI,2026-09-09,103.45999908447266,103.86000061035156,100.55000305175781,101.19999694824219,101.19999694824219,422200,USD,NMS,America/New_York,Yahoo Finance
MZTI,2026-09-10,101.20999908447266,102.80000305175781,100.47000122070312,101.47000122070312,101.47000122070312,440000,USD,NMS,America/New_York,Yahoo Finance
MZTI,2026-09-11,101.95999908447266,104.08999633789062,100.19999694824219,104.05000305175781,104.05000305175781,454700,USD,NMS,America/New_York,Yahoo Finance
MZTI,2026-09-14,105.47000122070312,107.0999984741211,102.66000366210938,102.94000244140625,102.94000244140625,470000,USD,NMS,America/New_York,Yahoo Finance
MZTI,2026-09-15,102.16999816894531,102.16999816894531,98.0,101.33999633789062,101.33999633789062,499700,USD,NMS,America/New_York,Yahoo Finance
MZTI,2026-09-16,101.20999908447266,103.20999908447266,101.20999908447266,102.95999908447266,102.95999908447266,388200,USD,NMS,America/New_York,Yahoo Finance
MZTI,2026-09-17,103.87999725341797,104.29000091552734,101.02999877929688,101.25,101.25,416900,USD,NMS,America/New_York,Yahoo Finance
MZTI,2026-09-18,100.66000366210938,102.2300033569336,99.41000366210938,99.91999816894531,99.91999816894531,1511400,USD,NMS,America/New_York,Yahoo Finance
MZTI,2026-09-21,100.30000305175781,103.81999969482422,99.1500015258789,102.5,102.5,367300,USD,NMS,America/New_York,Yahoo Finance
MZTI,2026-09-22,103.9000015258789,104.56999969482422,102.5999984741211,103.55999755859375,103.55999755859375,460800,USD,NMS,America/New_York,Yahoo Finance
MZTI,2026-09-23,103.55999755859375,104.47000122070312,101.6500015258789,102.12000274658203,102.12000274658203,390600,USD,NMS,America/New_York,Yahoo Finance
MZTI,2026-09-24,102.27999877929688,103.41000366210938,100.55000305175781,101.13999938964844,101.13999938964844,313800,USD,NMS,America/New_York,Yahoo Finance
MZTI,2026-09-25,100.7300033569336,101.26000213623047,99.69000244140625,100.47000122070312,100.47000122070312,352500,USD,NMS,America/New_York,Yahoo Finance
MZTI,2026-09-28,100.22000122070312,101.91999816894531,98.55999755859375,101.0999984741211,101.0999984741211,326300,USD,NMS,America/New_York,Yahoo Finance
NCLH,2026-08-17,18.93000030517578,18.93000030517578,18.100000381469727,18.18000030517578,18.18000030517578,15650600,USD,NYQ,America/New_York,Yahoo Finance
NCLH,2026-08-18,17.780000686645508,18.010000228881836,17.579999923706055,17.610000610351562,17.610000610351562,17636700,USD,NYQ,America/New_York,Yahoo Finance
NCLH,2026-08-19,17.899999618530273,17.899999618530273,17.309999465942383,17.34000015258789,17.34000015258789,11274900,USD,NYQ,America/New_York,Yahoo Finance
NCLH,2026-08-20,17.1299991607666,17.15999984741211,16.420000076293945,16.75,16.75,22097900,USD,NYQ,America/New_York,Yahoo Finance
NCLH,2026-08-21,16.8799991607666,17.459999084472656,16.860000610351562,17.239999771118164,17.239999771118164,14073300,USD,NYQ,America/New_York,Yahoo Finance
NCLH,2026-08-24,17.479999542236328,17.719999313354492,17.030000686645508,17.219999313354492,17.219999313354492,14641700,USD,NYQ,America/New_York,Yahoo Finance
NCLH,2026-08-25,17.450000762939453,17.530000686645508,17.079999923706055,17.260000228881836,17.260000228881836,11167400,USD,NYQ,America/New_York,Yahoo Finance
NCLH,2026-08-26,17.399999618530273,17.670000076293945,16.979999542236328,17.09000015258789,17.09000015258789,8931600,USD,NYQ,America/New_York,Yahoo Finance
NCLH,2026-08-27,16.979999542236328,17.079999923706055,16.600000381469727,16.649999618530273,16.649999618530273,13432500,USD,NYQ,America/New_York,Yahoo Finance
NCLH,2026-08-28,16.790000915527344,16.940000534057617,16.649999618530273,16.649999618530273,16.649999618530273,14046800,USD,NYQ,America/New_York,Yahoo Finance
NCLH,2026-08-31,16.43000030517578,16.450000762939453,16.09000015258789,16.139999389648438,16.139999389648438,14576900,USD,NYQ,America/New_York,Yahoo Finance
NCLH,2026-09-01,15.970000267028809,16.100000381469727,15.3100004196167,15.430000305175781,15.430000305175781,22599400,USD,NYQ,America/New_York,Yahoo Finance
NCLH,2026-09-02,15.630000114440918,15.920000076293945,15.479999542236328,15.569999694824219,15.569999694824219,13619800,USD,NYQ,America/New_York,Yahoo Finance
NCLH,2026-09-03,15.6899995803833,15.779999732971191,15.3100004196167,15.59000015258789,15.59000015258789,13370600,USD,NYQ,America/New_York,Yahoo Finance
NCLH,2026-09-04,15.630000114440918,15.720000267028809,15.420000076293945,15.569999694824219,15.569999694824219,11727500,USD,NYQ,America/New_York,Yahoo Finance
NCLH,2026-09-08,15.430000305175781,15.789999961853027,15.369999885559082,15.390000343322754,15.390000343322754,14584000,USD,NYQ,America/New_York,Yahoo Finance
NCLH,2026-09-09,15.199999809265137,15.270000457763672,14.739999771118164,14.850000381469727,14.850000381469727,20413200,USD,NYQ,America/New_York,Yahoo Finance
NCLH,2026-09-10,14.579999923706055,14.829999923706055,14.449999809265137,14.569999694824219,14.569999694824219,19155200,USD,NYQ,America/New_York,Yahoo Finance
NCLH,2026-09-11,14.890000343322754,15.029999732971191,14.699999809265137,14.819999694824219,14.819999694824219,15583000,USD,NYQ,America/New_York,Yahoo Finance
NCLH,2026-09-14,14.510000228881836,14.989999771118164,14.420000076293945,14.720000267028809,14.720000267028809,16341000,USD,NYQ,America/New_York,Yahoo Finance
NCLH,2026-09-15,14.770000457763672,14.850000381469727,14.1899995803833,14.279999732971191,14.279999732971191,18402800,USD,NYQ,America/New_York,Yahoo Finance
NCLH,2026-09-16,14.5,14.699999809265137,14.199999809265137,14.529999732971191,14.529999732971191,16302500,USD,NYQ,America/New_York,Yahoo Finance
NCLH,2026-09-17,14.930000305175781,15.029999732971191,14.390000343322754,14.390000343322754,14.390000343322754,16438400,USD,NYQ,America/New_York,Yahoo Finance
NCLH,2026-09-18,14.350000381469727,14.470000267028809,14.069999694824219,14.119999885559082,14.119999885559082,22810200,USD,NYQ,America/New_York,Yahoo Finance
NCLH,2026-09-21,14.350000381469727,14.600000381469727,14.199999809265137,14.239999771118164,14.239999771118164,16684500,USD,NYQ,America/New_York,Yahoo Finance
NCLH,2026-09-22,14.75,14.979999542236328,14.170000076293945,14.220000267028809,14.220000267028809,25194200,USD,NYQ,America/New_York,Yahoo Finance
NCLH,2026-09-23,14.140000343322754,14.279999732971191,13.630000114440918,14.180000305175781,14.180000305175781,23145000,USD,NYQ,America/New_York,Yahoo Finance
NCLH,2026-09-24,14.010000228881836,14.550000190734863,13.970000267028809,14.1899995803833,14.1899995803833,20755000,USD,NYQ,America/New_York,Yahoo Finance
NCLH,2026-09-25,14.430000305175781,14.869999885559082,14.119999885559082,14.609999656677246,14.609999656677246,18789300,USD,NYQ,America/New_York,Yahoo Finance
NCLH,2026-09-28,14.449999809265137,14.619999885559082,14.170000076293945,14.3100004196167,14.3100004196167,23314000,USD,NYQ,America/New_York,Yahoo Finance
NESR,2026-08-17,36.849998474121094,36.939998626708984,35.58000183105469,35.779998779296875,35.779998779296875,1646300,USD,NCM,America/New_York,Yahoo Finance
NESR,2026-08-18,35.70000076293945,36.0,34.7400016784668,35.290000915527344,35.290000915527344,1612000,USD,NCM,America/New_York,Yahoo Finance
NESR,2026-08-19,35.900001525878906,35.900001525878906,33.48500061035156,33.54499816894531,33.54499816894531,2893800,USD,NCM,America/New_York,Yahoo Finance
NESR,2026-08-20,33.68000030517578,34.45500183105469,32.619998931884766,32.720001220703125,32.720001220703125,1761900,USD,NCM,America/New_York,Yahoo Finance
NESR,2026-08-21,33.0,33.349998474121094,32.04999923706055,33.029998779296875,33.029998779296875,1802500,USD,NCM,America/New_York,Yahoo Finance
NESR,2026-08-24,32.790000915527344,34.064998626708984,32.150001525878906,33.41999816894531,33.41999816894531,2865000,USD,NCM,America/New_York,Yahoo Finance
NESR,2026-08-25,33.65999984741211,34.470001220703125,32.900001525878906,33.47999954223633,33.47999954223633,1779100,USD,NCM,America/New_York,Yahoo Finance
NESR,2026-08-26,33.08000183105469,33.77000045776367,32.5,33.63999938964844,33.63999938964844,1762000,USD,NCM,America/New_York,Yahoo Finance
NESR,2026-08-27,33.57500076293945,35.099998474121094,32.93000030517578,35.029998779296875,35.029998779296875,1358400,USD,NCM,America/New_York,Yahoo Finance
NESR,2026-08-28,35.209999084472656,35.27000045776367,34.30799865722656,34.439998626708984,34.439998626708984,1304400,USD,NCM,America/New_York,Yahoo Finance
NESR,2026-08-31,35.220001220703125,35.470001220703125,34.54999923706055,35.11000061035156,35.11000061035156,1745300,USD,NCM,America/New_York,Yahoo Finance
NESR,2026-09-01,35.0,35.45000076293945,34.42499923706055,34.720001220703125,34.720001220703125,1507500,USD,NCM,America/New_York,Yahoo Finance
NESR,2026-09-02,34.56999969482422,35.2599983215332,33.5099983215332,34.7400016784668,34.7400016784668,1087100,USD,NCM,America/New_York,Yahoo Finance
NESR,2026-09-03,34.38999938964844,34.86000061035156,34.0,34.5,34.5,1851700,USD,NCM,America/New_York,Yahoo Finance
NESR,2026-09-04,34.290000915527344,34.900001525878906,33.939998626708984,34.75,34.75,1617800,USD,NCM,America/New_York,Yahoo Finance
NESR,2026-09-08,35.0,35.400001525878906,34.09299850463867,34.18000030517578,34.18000030517578,1472000,USD,NCM,America/New_York,Yahoo Finance
NESR,2026-09-09,34.20000076293945,35.45000076293945,34.20000076293945,34.70000076293945,34.70000076293945,1360500,USD,NCM,America/New_York,Yahoo Finance
NESR,2026-09-10,34.40999984741211,34.84000015258789,33.45000076293945,33.81999969482422,33.81999969482422,1016800,USD,NCM,America/New_York,Yahoo Finance
NESR,2026-09-11,34.20500183105469,34.900001525878906,33.349998474121094,33.540000915527344,33.540000915527344,1318300,USD,NCM,America/New_York,Yahoo Finance
NESR,2026-09-14,33.14500045776367,33.165000915527344,31.750999450683594,32.7400016784668,32.7400016784668,1791600,USD,NCM,America/New_York,Yahoo Finance
NESR,2026-09-15,32.689998626708984,33.34199905395508,31.93000030517578,32.09000015258789,32.09000015258789,1615800,USD,NCM,America/New_York,Yahoo Finance
NESR,2026-09-16,32.310001373291016,32.6349983215332,30.75,31.489999771118164,31.489999771118164,1281700,USD,NCM,America/New_York,Yahoo Finance
NESR,2026-09-17,32.279998779296875,32.9900016784668,31.68000030517578,32.4900016784668,32.4900016784668,2508400,USD,NCM,America/New_York,Yahoo Finance
NESR,2026-09-18,32.279998779296875,32.97999954223633,32.08000183105469,32.58000183105469,32.58000183105469,3245400,USD,NCM,America/New_York,Yahoo Finance
NESR,2026-09-21,32.630001068115234,32.82500076293945,32.0,32.400001525878906,32.400001525878906,1814200,USD,NCM,America/New_York,Yahoo Finance
NESR,2026-09-22,32.599998474121094,33.630001068115234,32.400001525878906,33.09000015258789,33.09000015258789,1969500,USD,NCM,America/New_York,Yahoo Finance
NESR,2026-09-23,32.90999984741211,33.08000183105469,32.11000061035156,32.810001373291016,32.810001373291016,998600,USD,NCM,America/New_York,Yahoo Finance
NESR,2026-09-24,32.9900016784668,33.18000030517578,32.34000015258789,32.77000045776367,32.77000045776367,1496000,USD,NCM,America/New_York,Yahoo Finance
NESR,2026-09-25,32.65999984741211,33.27000045776367,31.950000762939453,32.130001068115234,32.130001068115234,1405400,USD,NCM,America/New_York,Yahoo Finance
NESR,2026-09-28,32.52000045776367,32.52000045776367,29.75,29.809999465942383,29.809999465942383,2351500,USD,NCM,America/New_York,Yahoo Finance
NEU,2026-08-17,960.3300170898438,981.6599731445312,940.0399780273438,951.0599975585938,947.8197021484375,124700,USD,NYQ,America/New_York,Yahoo Finance
NEU,2026-08-18,951.3400268554688,961.8099975585938,927.6400146484375,947.02001953125,943.79345703125,124000,USD,NYQ,America/New_York,Yahoo Finance
NEU,2026-08-19,954.8099975585938,963.4099731445312,925.6599731445312,930.8200073242188,927.6486206054688,119200,USD,NYQ,America/New_York,Yahoo Finance
NEU,2026-08-20,927.3599853515625,938.6300048828125,923.5999755859375,927.6099853515625,924.4495849609375,82900,USD,NYQ,America/New_York,Yahoo Finance
NEU,2026-08-21,931.8800048828125,946.52001953125,920.8300170898438,937.3400268554688,934.1464233398438,93500,USD,NYQ,America/New_York,Yahoo Finance
NEU,2026-08-24,942.0700073242188,942.5999755859375,925.6500244140625,936.6199951171875,933.4288940429688,115600,USD,NYQ,America/New_York,Yahoo Finance
NEU,2026-08-25,935.1300048828125,938.8699951171875,916.5599975585938,930.719970703125,927.5489501953125,113500,USD,NYQ,America/New_York,Yahoo Finance
NEU,2026-08-26,928.8400268554688,937.0,919.5499877929688,925.3300170898438,922.1773681640625,127200,USD,NYQ,America/New_York,Yahoo Finance
NEU,2026-08-27,921.2100219726562,934.0,910.739990234375,923.530029296875,920.3834838867188,115400,USD,NYQ,America/New_York,Yahoo Finance
NEU,2026-08-28,924.6599731445312,936.77001953125,912.3200073242188,914.6900024414062,911.5736083984375,77500,USD,NYQ,America/New_York,Yahoo Finance
NEU,2026-08-31,913.969970703125,920.0499877929688,895.0,897.7000122070312,894.6414794921875,174000,USD,NYQ,America/New_York,Yahoo Finance
NEU,2026-09-01,898.72998046875,910.219970703125,894.7899780273438,903.1199951171875,900.0430297851562,122700,USD,NYQ,America/New_York,Yahoo Finance
NEU,2026-09-02,899.8800048828125,916.1699829101562,899.8800048828125,909.1500244140625,906.052490234375,128500,USD,NYQ,America/New_York,Yahoo Finance
NEU,2026-09-03,911.1099853515625,915.22998046875,893.5800170898438,900.1500244140625,897.0831298828125,87200,USD,NYQ,America/New_York,Yahoo Finance
NEU,2026-09-04,895.2000122070312,905.0,884.8900146484375,885.0,881.9847412109375,106600,USD,NYQ,America/New_York,Yahoo Finance
NEU,2026-09-08,890.0,894.239990234375,867.1500244140625,867.7000122070312,864.7437133789062,160200,USD,NYQ,America/New_York,Yahoo Finance
NEU,2026-09-09,862.739990234375,870.4000244140625,833.4299926757812,862.469970703125,859.531494140625,127200,USD,NYQ,America/New_York,Yahoo Finance
NEU,2026-09-10,859.4400024414062,886.2000122070312,852.3300170898438,880.6099853515625,877.6096801757812,119100,USD,NYQ,America/New_York,Yahoo Finance
NEU,2026-09-11,879.489990234375,889.3599853515625,871.75,887.0800170898438,884.0576782226562,96900,USD,NYQ,America/New_York,Yahoo Finance
NEU,2026-09-14,896.6199951171875,897.530029296875,874.8099975585938,880.52001953125,877.52001953125,86000,USD,NYQ,America/New_York,Yahoo Finance
NEU,2026-09-15,874.47998046875,887.4000244140625,865.1500244140625,884.47998046875,884.47998046875,122300,USD,NYQ,America/New_York,Yahoo Finance
NEU,2026-09-16,883.1199951171875,895.6699829101562,879.4000244140625,891.6900024414062,891.6900024414062,91000,USD,NYQ,America/New_York,Yahoo Finance
NEU,2026-09-17,904.530029296875,904.530029296875,878.6699829101562,889.1900024414062,889.1900024414062,109800,USD,NYQ,America/New_York,Yahoo Finance
NEU,2026-09-18,915.0700073242188,915.0700073242188,881.8900146484375,891.8699951171875,891.8699951171875,200300,USD,NYQ,America/New_York,Yahoo Finance
NEU,2026-09-21,895.1500244140625,897.760009765625,882.030029296875,884.97998046875,884.97998046875,117300,USD,NYQ,America/New_York,Yahoo Finance
NEU,2026-09-22,889.3300170898438,891.010009765625,874.7100219726562,888.780029296875,888.780029296875,144000,USD,NYQ,America/New_York,Yahoo Finance
NEU,2026-09-23,884.6699829101562,891.3400268554688,881.1500244140625,889.75,889.75,96800,USD,NYQ,America/New_York,Yahoo Finance
NEU,2026-09-24,879.3900146484375,897.4199829101562,875.5499877929688,893.2999877929688,893.2999877929688,112700,USD,NYQ,America/New_York,Yahoo Finance
NEU,2026-09-25,891.8699951171875,898.9299926757812,881.510009765625,898.0399780273438,898.0399780273438,141200,USD,NYQ,America/New_York,Yahoo Finance
NEU,2026-09-28,892.9299926757812,918.6300048828125,884.469970703125,912.4400024414062,912.4400024414062,112300,USD,NYQ,America/New_York,Yahoo Finance
NG,2026-08-17,8.039999961853027,8.079999923706055,7.739999771118164,7.75,7.75,3424200,USD,ASE,America/New_York,Yahoo Finance
NG,2026-08-18,7.599999904632568,7.699999809265137,7.409999847412109,7.409999847412109,7.409999847412109,2795100,USD,ASE,America/New_York,Yahoo Finance
NG,2026-08-19,7.960000038146973,8.479999542236328,7.860000133514404,8.460000038146973,8.460000038146973,6329000,USD,ASE,America/New_York,Yahoo Finance
NG,2026-08-20,8.380000114440918,8.6899995803833,8.350000381469727,8.65999984741211,8.65999984741211,5475800,USD,ASE,America/New_York,Yahoo Finance
NG,2026-08-21,9.020000457763672,9.069999694824219,8.649999618530273,8.720000267028809,8.720000267028809,4700600,USD,ASE,America/New_York,Yahoo Finance
NG,2026-08-24,8.890000343322754,9.529999732971191,8.84000015258789,9.350000381469727,9.350000381469727,9327300,USD,ASE,America/New_York,Yahoo Finance
NG,2026-08-25,9.3100004196167,9.8100004196167,9.199999809265137,9.770000457763672,9.770000457763672,5887800,USD,ASE,America/New_York,Yahoo Finance
NG,2026-08-26,9.550000190734863,9.869999885559082,9.279999732971191,9.319999694824219,9.319999694824219,6047600,USD,ASE,America/New_York,Yahoo Finance
NG,2026-08-27,9.270000457763672,9.369999885559082,9.0600004196167,9.119999885559082,9.119999885559082,4744100,USD,ASE,America/New_York,Yahoo Finance
NG,2026-08-28,9.199999809265137,9.300000190734863,8.640000343322754,8.75,8.75,5279700,USD,ASE,America/New_York,Yahoo Finance
NG,2026-08-31,8.670000076293945,8.789999961853027,8.5,8.600000381469727,8.600000381469727,3830200,USD,ASE,America/New_York,Yahoo Finance
NG,2026-09-01,8.180000305175781,8.4399995803833,7.989999771118164,8.029999732971191,8.029999732971191,5461400,USD,ASE,America/New_York,Yahoo Finance
NG,2026-09-02,8.270000457763672,8.539999961853027,8.100000381469727,8.170000076293945,8.170000076293945,5388500,USD,ASE,America/New_York,Yahoo Finance
NG,2026-09-03,8.579999923706055,8.619999885559082,8.1899995803833,8.319999694824219,8.319999694824219,5176800,USD,ASE,America/New_York,Yahoo Finance
NG,2026-09-04,8.069999694824219,8.15999984741211,7.96999979019165,8.069999694824219,8.069999694824219,3189800,USD,ASE,America/New_York,Yahoo Finance
NG,2026-09-08,8.0,8.109999656677246,7.869999885559082,7.900000095367432,7.900000095367432,3916100,USD,ASE,America/New_York,Yahoo Finance
NG,2026-09-09,8.119999885559082,8.270000457763672,8.069999694824219,8.100000381469727,8.100000381469727,6982400,USD,ASE,America/New_York,Yahoo Finance
NG,2026-09-10,7.730000019073486,7.849999904632568,7.599999904632568,7.610000133514404,7.610000133514404,6170700,USD,ASE,America/New_York,Yahoo Finance
NG,2026-09-11,7.769999980926514,8.09000015258789,7.400000095367432,7.5,7.5,7232800,USD,ASE,America/New_York,Yahoo Finance
NG,2026-09-14,7.230000019073486,7.420000076293945,7.050000190734863,7.230000019073486,7.230000019073486,5549400,USD,ASE,America/New_York,Yahoo Finance
NG,2026-09-15,7.21999979019165,7.320000171661377,6.900000095367432,7.25,7.25,7734600,USD,ASE,America/New_York,Yahoo Finance
NG,2026-09-16,7.409999847412109,7.429999828338623,6.809999942779541,6.989999771118164,6.989999771118164,5754100,USD,ASE,America/New_York,Yahoo Finance
NG,2026-09-17,7.269999980926514,7.550000190734863,7.130000114440918,7.429999828338623,7.429999828338623,9456900,USD,ASE,America/New_York,Yahoo Finance
NG,2026-09-18,7.480000019073486,7.480000019073486,7.179999828338623,7.269999980926514,7.269999980926514,12903800,USD,ASE,America/New_York,Yahoo Finance
NG,2026-09-21,7.340000152587891,7.389999866485596,7.139999866485596,7.360000133514404,7.360000133514404,4242300,USD,ASE,America/New_York,Yahoo Finance
NG,2026-09-22,7.420000076293945,7.840000152587891,7.329999923706055,7.769999980926514,7.769999980926514,5105800,USD,ASE,America/New_York,Yahoo Finance
NG,2026-09-23,7.5,7.550000190734863,7.099999904632568,7.260000228881836,7.260000228881836,5653500,USD,ASE,America/New_York,Yahoo Finance
NG,2026-09-24,7.159999847412109,7.179999828338623,6.929999828338623,7.139999866485596,7.139999866485596,5100300,USD,ASE,America/New_York,Yahoo Finance
NG,2026-09-25,7.190000057220459,7.260000228881836,6.949999809265137,7.130000114440918,7.130000114440918,3587500,USD,ASE,America/New_York,Yahoo Finance
NG,2026-09-28,6.71999979019165,6.820000171661377,6.610000133514404,6.650000095367432,6.650000095367432,4624000,USD,ASE,America/New_York,Yahoo Finance
NIO,2026-08-17,4.539999961853027,4.610000133514404,4.53000020980835,4.599999904632568,4.599999904632568,17074700,USD,NYQ,America/New_York,Yahoo Finance
NIO,2026-08-18,4.510000228881836,4.539999961853027,4.480000019073486,4.53000020980835,4.53000020980835,17996900,USD,NYQ,America/New_York,Yahoo Finance
NIO,2026-08-19,4.53000020980835,4.599999904632568,4.480000019073486,4.579999923706055,4.579999923706055,34791300,USD,NYQ,America/New_York,Yahoo Finance
NIO,2026-08-20,4.599999904632568,4.630000114440918,4.519999980926514,4.53000020980835,4.53000020980835,27311600,USD,NYQ,America/New_York,Yahoo Finance
NIO,2026-08-21,4.590000152587891,4.639999866485596,4.539999961853027,4.630000114440918,4.630000114440918,24774500,USD,NYQ,America/New_York,Yahoo Finance
NIO,2026-08-24,4.510000228881836,4.539999961853027,4.340000152587891,4.360000133514404,4.360000133514404,53318000,USD,NYQ,America/New_York,Yahoo Finance
NIO,2026-08-25,4.360000133514404,4.480000019073486,4.349999904632568,4.449999809265137,4.449999809265137,29519600,USD,NYQ,America/New_York,Yahoo Finance
NIO,2026-08-26,4.480000019073486,4.5,4.369999885559082,4.369999885559082,4.369999885559082,18312100,USD,NYQ,America/New_York,Yahoo Finance
NIO,2026-08-27,4.380000114440918,4.380000114440918,4.300000190734863,4.360000133514404,4.360000133514404,25525000,USD,NYQ,America/New_York,Yahoo Finance
NIO,2026-08-28,4.360000133514404,4.389999866485596,4.309999942779541,4.369999885559082,4.369999885559082,24849300,USD,NYQ,America/New_York,Yahoo Finance
NIO,2026-08-31,4.329999923706055,4.409999847412109,4.230000019073486,4.230000019073486,4.230000019073486,45982300,USD,NYQ,America/New_York,Yahoo Finance
NIO,2026-09-01,4.079999923706055,4.179999828338623,3.990000009536743,4.059999942779541,4.059999942779541,81891900,USD,NYQ,America/New_York,Yahoo Finance
NIO,2026-09-02,3.9200000762939453,3.9700000286102295,3.8499999046325684,3.859999895095825,3.859999895095825,73027200,USD,NYQ,America/New_York,Yahoo Finance
NIO,2026-09-03,3.7899999618530273,3.9000000953674316,3.7100000381469727,3.859999895095825,3.859999895095825,63075400,USD,NYQ,America/New_York,Yahoo Finance
NIO,2026-09-04,3.7799999713897705,3.809999942779541,3.7200000286102295,3.799999952316284,3.799999952316284,52356200,USD,NYQ,America/New_York,Yahoo Finance
NIO,2026-09-08,3.740000009536743,3.8499999046325684,3.7200000286102295,3.7899999618530273,3.7899999618530273,37249400,USD,NYQ,America/New_York,Yahoo Finance
NIO,2026-09-09,3.7799999713897705,3.7799999713897705,3.680000066757202,3.700000047683716,3.700000047683716,50418500,USD,NYQ,America/New_York,Yahoo Finance
NIO,2026-09-10,3.619999885559082,3.640000104904175,3.569999933242798,3.5799999237060547,3.5799999237060547,43474900,USD,NYQ,America/New_York,Yahoo Finance
NIO,2026-09-11,3.690000057220459,3.740000009536743,3.6600000858306885,3.690000057220459,3.690000057220459,36645800,USD,NYQ,America/New_York,Yahoo Finance
NIO,2026-09-14,3.7300000190734863,3.7899999618530273,3.6600000858306885,3.6700000762939453,3.6700000762939453,32091300,USD,NYQ,America/New_York,Yahoo Finance
NIO,2026-09-15,3.700000047683716,3.700000047683716,3.549999952316284,3.5999999046325684,3.5999999046325684,40133000,USD,NYQ,America/New_York,Yahoo Finance
NIO,2026-09-16,3.619999885559082,3.6500000953674316,3.559999942779541,3.5799999237060547,3.5799999237060547,24202600,USD,NYQ,America/New_York,Yahoo Finance
NIO,2026-09-17,3.630000114440918,3.6500000953674316,3.5799999237060547,3.619999885559082,3.619999885559082,20589000,USD,NYQ,America/New_York,Yahoo Finance
NIO,2026-09-18,3.7200000286102295,3.7200000286102295,3.619999885559082,3.6600000858306885,3.6600000858306885,28136600,USD,NYQ,America/New_York,Yahoo Finance
NIO,2026-09-21,3.640000104904175,3.680000066757202,3.609999895095825,3.6700000762939453,3.6700000762939453,23335700,USD,NYQ,America/New_York,Yahoo Finance
NIO,2026-09-22,3.690000057220459,3.7899999618530273,3.680000066757202,3.7200000286102295,3.7200000286102295,39067400,USD,NYQ,America/New_York,Yahoo Finance
NIO,2026-09-23,3.680000066757202,3.7200000286102295,3.6600000858306885,3.6700000762939453,3.6700000762939453,24704900,USD,NYQ,America/New_York,Yahoo Finance
NIO,2026-09-24,3.630000114440918,3.6500000953674316,3.569999933242798,3.630000114440918,3.630000114440918,29329500,USD,NYQ,America/New_York,Yahoo Finance
NIO,2026-09-25,3.5999999046325684,3.609999895095825,3.559999942779541,3.5799999237060547,3.5799999237060547,25487000,USD,NYQ,America/New_York,Yahoo Finance
NIO,2026-09-28,3.640000104904175,3.6700000762939453,3.569999933242798,3.5899999141693115,3.5899999141693115,23940400,USD,NYQ,America/New_York,Yahoo Finance
NLY,2026-08-17,23.25,23.459999084472656,23.200000762939453,23.3700008392334,23.3700008392334,4104400,USD,NYQ,America/New_York,Yahoo Finance
NLY,2026-08-18,23.43000030517578,23.450000762939453,23.280000686645508,23.399999618530273,23.399999618530273,4777900,USD,NYQ,America/New_York,Yahoo Finance
NLY,2026-08-19,23.549999237060547,23.90999984741211,23.510000228881836,23.739999771118164,23.739999771118164,6556300,USD,NYQ,America/New_York,Yahoo Finance
NLY,2026-08-20,23.649999618530273,23.790000915527344,23.280000686645508,23.290000915527344,23.290000915527344,4503000,USD,NYQ,America/New_York,Yahoo Finance
NLY,2026-08-21,23.40999984741211,23.440000534057617,23.1200008392334,23.15999984741211,23.15999984741211,6263800,USD,NYQ,America/New_York,Yahoo Finance
NLY,2026-08-24,23.200000762939453,23.329999923706055,23.1299991607666,23.25,23.25,5733700,USD,NYQ,America/New_York,Yahoo Finance
NLY,2026-08-25,23.280000686645508,23.3799991607666,22.979999542236328,23.100000381469727,23.100000381469727,5227000,USD,NYQ,America/New_York,Yahoo Finance
NLY,2026-08-26,23.100000381469727,23.1200008392334,22.850000381469727,22.860000610351562,22.860000610351562,4163300,USD,NYQ,America/New_York,Yahoo Finance
NLY,2026-08-27,22.81999969482422,23.100000381469727,22.790000915527344,23.059999465942383,23.059999465942383,4739200,USD,NYQ,America/New_York,Yahoo Finance
NLY,2026-08-28,23.1299991607666,23.229999542236328,23.0,23.040000915527344,23.040000915527344,4963100,USD,NYQ,America/New_York,Yahoo Finance
NLY,2026-08-31,23.010000228881836,23.170000076293945,22.829999923706055,22.920000076293945,22.920000076293945,8878600,USD,NYQ,America/New_York,Yahoo Finance
NLY,2026-09-01,22.770000457763672,22.979999542236328,22.56999969482422,22.6200008392334,22.6200008392334,5606000,USD,NYQ,America/New_York,Yahoo Finance
NLY,2026-09-02,22.68000030517578,22.75,22.56999969482422,22.709999084472656,22.709999084472656,8082300,USD,NYQ,America/New_York,Yahoo Finance
NLY,2026-09-03,22.850000381469727,22.950000762939453,22.709999084472656,22.829999923706055,22.829999923706055,6760000,USD,NYQ,America/New_York,Yahoo Finance
NLY,2026-09-04,22.649999618530273,22.950000762939453,22.610000610351562,22.809999465942383,22.809999465942383,5936500,USD,NYQ,America/New_York,Yahoo Finance
NLY,2026-09-08,22.75,22.940000534057617,22.709999084472656,22.719999313354492,22.719999313354492,6699600,USD,NYQ,America/New_York,Yahoo Finance
NLY,2026-09-09,22.770000457763672,22.950000762939453,22.56999969482422,22.610000610351562,22.610000610351562,6797400,USD,NYQ,America/New_York,Yahoo Finance
NLY,2026-09-10,22.5,22.5,21.950000762939453,22.0,22.0,12785800,USD,NYQ,America/New_York,Yahoo Finance
NLY,2026-09-11,22.219999313354492,22.260000228881836,21.860000610351562,21.899999618530273,21.899999618530273,8349800,USD,NYQ,America/New_York,Yahoo Finance
NLY,2026-09-14,21.8799991607666,22.06999969482422,21.65999984741211,21.84000015258789,21.84000015258789,9831500,USD,NYQ,America/New_York,Yahoo Finance
NLY,2026-09-15,21.809999465942383,21.920000076293945,21.34000015258789,21.40999984741211,21.40999984741211,10717800,USD,NYQ,America/New_York,Yahoo Finance
NLY,2026-09-16,21.510000228881836,21.729999542236328,21.079999923706055,21.229999542236328,21.229999542236328,12447700,USD,NYQ,America/New_York,Yahoo Finance
NLY,2026-09-17,21.579999923706055,21.639999389648438,21.270000457763672,21.309999465942383,21.309999465942383,9814300,USD,NYQ,America/New_York,Yahoo Finance
NLY,2026-09-18,21.260000228881836,21.389999389648438,21.040000915527344,21.049999237060547,21.049999237060547,17892300,USD,NYQ,America/New_York,Yahoo Finance
NLY,2026-09-21,21.200000762939453,21.43000030517578,21.1200008392334,21.309999465942383,21.309999465942383,9239300,USD,NYQ,America/New_York,Yahoo Finance
NLY,2026-09-22,21.5,21.549999237060547,21.329999923706055,21.440000534057617,21.440000534057617,9840600,USD,NYQ,America/New_York,Yahoo Finance
NLY,2026-09-23,21.399999618530273,21.450000762939453,21.010000228881836,21.040000915527344,21.040000915527344,9841800,USD,NYQ,America/New_York,Yahoo Finance
NLY,2026-09-24,21.030000686645508,21.06999969482422,20.549999237060547,20.600000381469727,20.600000381469727,11460300,USD,NYQ,America/New_York,Yahoo Finance
NLY,2026-09-25,20.65999984741211,20.709999084472656,20.299999237060547,20.610000610351562,20.610000610351562,14949800,USD,NYQ,America/New_York,Yahoo Finance
NLY,2026-09-28,20.520000457763672,20.649999618530273,20.260000228881836,20.350000381469727,20.350000381469727,12306100,USD,NYQ,America/New_York,Yahoo Finance
NMRK,2026-08-17,15.170000076293945,15.369999885559082,14.949999809265137,15.130000114440918,15.130000114440918,1317100,USD,NMS,America/New_York,Yahoo Finance
NMRK,2026-08-18,15.1899995803833,15.449999809265137,15.039999961853027,15.180000305175781,15.180000305175781,1136700,USD,NMS,America/New_York,Yahoo Finance
NMRK,2026-08-19,15.4399995803833,16.450000762939453,15.303000450134277,16.420000076293945,16.420000076293945,2527900,USD,NMS,America/New_York,Yahoo Finance
NMRK,2026-08-20,16.079999923706055,16.344999313354492,15.9399995803833,15.979999542236328,15.979999542236328,1383300,USD,NMS,America/New_York,Yahoo Finance
NMRK,2026-08-21,16.1299991607666,16.260000228881836,15.869999885559082,16.209999084472656,16.209999084472656,1070200,USD,NMS,America/New_York,Yahoo Finance
NMRK,2026-08-24,16.209999084472656,16.290000915527344,15.819999694824219,16.06999969482422,16.06999969482422,1020100,USD,NMS,America/New_York,Yahoo Finance
NMRK,2026-08-25,16.1200008392334,16.184999465942383,15.729999542236328,16.0,16.0,1306100,USD,NMS,America/New_York,Yahoo Finance
NMRK,2026-08-26,16.030000686645508,16.1299991607666,15.729999542236328,15.760000228881836,15.760000228881836,1048300,USD,NMS,America/New_York,Yahoo Finance
NMRK,2026-08-27,15.630000114440918,15.779999732971191,15.479999542236328,15.539999961853027,15.539999961853027,982200,USD,NMS,America/New_York,Yahoo Finance
NMRK,2026-08-28,15.569999694824219,15.960000038146973,15.569999694824219,15.829999923706055,15.829999923706055,1195800,USD,NMS,America/New_York,Yahoo Finance
NMRK,2026-08-31,15.609999656677246,15.675000190734863,15.210000038146973,15.229999542236328,15.229999542236328,1848600,USD,NMS,America/New_York,Yahoo Finance
NMRK,2026-09-01,15.100000381469727,15.34000015258789,14.829999923706055,15.020000457763672,15.020000457763672,1688400,USD,NMS,America/New_York,Yahoo Finance
NMRK,2026-09-02,15.25,15.359999656677246,14.460000038146973,14.5,14.5,2026400,USD,NMS,America/New_York,Yahoo Finance
NMRK,2026-09-03,14.8100004196167,15.1899995803833,14.6899995803833,14.914999961853027,14.914999961853027,1645600,USD,NMS,America/New_York,Yahoo Finance
NMRK,2026-09-04,14.800000190734863,15.34000015258789,14.579999923706055,15.25,15.25,2341000,USD,NMS,America/New_York,Yahoo Finance
NMRK,2026-09-08,15.069999694824219,15.069999694824219,14.6899995803833,14.829999923706055,14.829999923706055,1504000,USD,NMS,America/New_York,Yahoo Finance
NMRK,2026-09-09,14.770000457763672,14.890000343322754,14.569999694824219,14.649999618530273,14.649999618530273,1127200,USD,NMS,America/New_York,Yahoo Finance
NMRK,2026-09-10,14.430000305175781,14.489999771118164,14.085000038146973,14.170000076293945,14.170000076293945,906500,USD,NMS,America/New_York,Yahoo Finance
NMRK,2026-09-11,14.380000114440918,14.505000114440918,14.1899995803833,14.420000076293945,14.420000076293945,1278600,USD,NMS,America/New_York,Yahoo Finance
NMRK,2026-09-14,14.430000305175781,14.539999961853027,14.119999885559082,14.199999809265137,14.199999809265137,1948600,USD,NMS,America/New_York,Yahoo Finance
NMRK,2026-09-15,14.239999771118164,14.329999923706055,14.0600004196167,14.25,14.25,1383200,USD,NMS,America/New_York,Yahoo Finance
NMRK,2026-09-16,14.449999809265137,14.449999809265137,13.954999923706055,14.1899995803833,14.1899995803833,1712800,USD,NMS,America/New_York,Yahoo Finance
NMRK,2026-09-17,14.449999809265137,14.5,13.734999656677246,13.835000038146973,13.835000038146973,3223300,USD,NMS,America/New_York,Yahoo Finance
NMRK,2026-09-18,13.680000305175781,13.9399995803833,13.5649995803833,13.9399995803833,13.9399995803833,6176000,USD,NMS,America/New_York,Yahoo Finance
NMRK,2026-09-21,13.930000305175781,14.079999923706055,13.845000267028809,13.970000267028809,13.970000267028809,2513700,USD,NMS,America/New_York,Yahoo Finance
NMRK,2026-09-22,14.119999885559082,14.413999557495117,13.84000015258789,13.9399995803833,13.9399995803833,2353900,USD,NMS,America/New_York,Yahoo Finance
NMRK,2026-09-23,13.859999656677246,13.859999656677246,13.095000267028809,13.130000114440918,13.130000114440918,1859400,USD,NMS,America/New_York,Yahoo Finance
NMRK,2026-09-24,13.130000114440918,13.395000457763672,12.954999923706055,13.100000381469727,13.100000381469727,2187600,USD,NMS,America/New_York,Yahoo Finance
NMRK,2026-09-25,13.109999656677246,13.345000267028809,13.020000457763672,13.0600004196167,13.0600004196167,2511500,USD,NMS,America/New_York,Yahoo Finance
NMRK,2026-09-28,12.850000381469727,12.944999694824219,12.425000190734863,12.489999771118164,12.489999771118164,1720600,USD,NMS,America/New_York,Yahoo Finance
NTCT,2026-08-17,39.27000045776367,39.439998626708984,38.529998779296875,39.13999938964844,39.13999938964844,570600,USD,NMS,America/New_York,Yahoo Finance
NTCT,2026-08-18,38.65999984741211,39.25,38.43000030517578,38.939998626708984,38.939998626708984,592800,USD,NMS,America/New_York,Yahoo Finance
NTCT,2026-08-19,39.25,39.25,37.72999954223633,38.349998474121094,38.349998474121094,645600,USD,NMS,America/New_York,Yahoo Finance
NTCT,2026-08-20,38.06999969482422,38.36000061035156,37.70000076293945,38.040000915527344,38.040000915527344,522800,USD,NMS,America/New_York,Yahoo Finance
NTCT,2026-08-21,38.06999969482422,38.59000015258789,37.7400016784668,38.4900016784668,38.4900016784668,556200,USD,NMS,America/New_York,Yahoo Finance
NTCT,2026-08-24,38.150001525878906,38.459999084472656,37.529998779296875,37.810001373291016,37.810001373291016,460500,USD,NMS,America/New_York,Yahoo Finance
NTCT,2026-08-25,38.31999969482422,38.529998779296875,37.65999984741211,38.060001373291016,38.060001373291016,458400,USD,NMS,America/New_York,Yahoo Finance
NTCT,2026-08-26,37.95000076293945,38.66999816894531,37.7599983215332,38.5,38.5,442800,USD,NMS,America/New_York,Yahoo Finance
NTCT,2026-08-27,38.900001525878906,39.84000015258789,38.810001373291016,39.459999084472656,39.459999084472656,542700,USD,NMS,America/New_York,Yahoo Finance
NTCT,2026-08-28,39.459999084472656,39.720001220703125,39.040000915527344,39.060001373291016,39.060001373291016,536700,USD,NMS,America/New_York,Yahoo Finance
NTCT,2026-08-31,39.209999084472656,39.68000030517578,38.779998779296875,38.83000183105469,38.83000183105469,864300,USD,NMS,America/New_York,Yahoo Finance
NTCT,2026-09-01,38.470001220703125,38.790000915527344,37.63999938964844,38.0,38.0,902000,USD,NMS,America/New_York,Yahoo Finance
NTCT,2026-09-02,38.119998931884766,38.20000076293945,37.38999938964844,37.4900016784668,37.4900016784668,635600,USD,NMS,America/New_York,Yahoo Finance
NTCT,2026-09-03,37.65999984741211,37.65999984741211,36.65999984741211,37.5,37.5,582900,USD,NMS,America/New_York,Yahoo Finance
NTCT,2026-09-04,37.5,37.810001373291016,37.060001373291016,37.220001220703125,37.220001220703125,797600,USD,NMS,America/New_York,Yahoo Finance
NTCT,2026-09-08,36.91999816894531,37.31999969482422,36.40999984741211,36.97999954223633,36.97999954223633,653400,USD,NMS,America/New_York,Yahoo Finance
NTCT,2026-09-09,36.97999954223633,37.619998931884766,36.91999816894531,37.29999923706055,37.29999923706055,609000,USD,NMS,America/New_York,Yahoo Finance
NTCT,2026-09-10,36.95000076293945,37.7400016784668,36.93000030517578,37.439998626708984,37.439998626708984,497800,USD,NMS,America/New_York,Yahoo Finance
NTCT,2026-09-11,37.7400016784668,38.349998474121094,37.7400016784668,38.04999923706055,38.04999923706055,499400,USD,NMS,America/New_York,Yahoo Finance
NTCT,2026-09-14,37.290000915527344,38.0,37.2400016784668,37.369998931884766,37.369998931884766,700400,USD,NMS,America/New_York,Yahoo Finance
NTCT,2026-09-15,37.4900016784668,38.400001525878906,37.4900016784668,38.369998931884766,38.369998931884766,658300,USD,NMS,America/New_York,Yahoo Finance
NTCT,2026-09-16,38.470001220703125,39.060001373291016,38.18000030517578,38.5099983215332,38.5099983215332,577900,USD,NMS,America/New_York,Yahoo Finance
NTCT,2026-09-17,38.84000015258789,39.560001373291016,38.4900016784668,39.27000045776367,39.27000045776367,830800,USD,NMS,America/New_York,Yahoo Finance
NTCT,2026-09-18,39.439998626708984,39.470001220703125,37.90999984741211,38.209999084472656,38.209999084472656,1633200,USD,NMS,America/New_York,Yahoo Finance
NTCT,2026-09-21,38.56999969482422,39.02000045776367,38.13999938964844,38.939998626708984,38.939998626708984,470800,USD,NMS,America/New_York,Yahoo Finance
NTCT,2026-09-22,39.06999969482422,39.18000030517578,38.41999816894531,39.13999938964844,39.13999938964844,619800,USD,NMS,America/New_York,Yahoo Finance
NTCT,2026-09-23,39.130001068115234,39.560001373291016,38.86000061035156,39.279998779296875,39.279998779296875,409400,USD,NMS,America/New_York,Yahoo Finance
NTCT,2026-09-24,39.279998779296875,39.599998474121094,39.11000061035156,39.25,39.25,420500,USD,NMS,America/New_York,Yahoo Finance
NTCT,2026-09-25,39.560001373291016,39.75,39.08000183105469,39.439998626708984,39.439998626708984,465600,USD,NMS,America/New_York,Yahoo Finance
NTCT,2026-09-28,39.04999923706055,39.689998626708984,38.720001220703125,39.40999984741211,39.40999984741211,542400,USD,NMS,America/New_York,Yahoo Finance
NTR,2026-08-17,68.41000366210938,68.86000061035156,67.95500183105469,68.29000091552734,68.29000091552734,1969900,USD,NYQ,America/New_York,Yahoo Finance
NTR,2026-08-18,69.27999877929688,69.61000061035156,68.79000091552734,69.4000015258789,69.4000015258789,2240400,USD,NYQ,America/New_York,Yahoo Finance
NTR,2026-08-19,70.04000091552734,71.55000305175781,69.93000030517578,70.5,70.5,3511000,USD,NYQ,America/New_York,Yahoo Finance
NTR,2026-08-20,70.94000244140625,73.83000183105469,70.91000366210938,73.12000274658203,73.12000274658203,3172600,USD,NYQ,America/New_York,Yahoo Finance
NTR,2026-08-21,73.87999725341797,75.48500061035156,73.43000030517578,75.2699966430664,75.2699966430664,3036000,USD,NYQ,America/New_York,Yahoo Finance
NTR,2026-08-24,75.20999908447266,76.11000061035156,73.48100280761719,74.29000091552734,74.29000091552734,2296300,USD,NYQ,America/New_York,Yahoo Finance
NTR,2026-08-25,72.45999908447266,73.33000183105469,71.7760009765625,72.83999633789062,72.83999633789062,2540300,USD,NYQ,America/New_York,Yahoo Finance
NTR,2026-08-26,72.44000244140625,74.13999938964844,72.09600067138672,73.61000061035156,73.61000061035156,2184000,USD,NYQ,America/New_York,Yahoo Finance
NTR,2026-08-27,73.29000091552734,73.3499984741211,72.13500213623047,73.05999755859375,73.05999755859375,1330600,USD,NYQ,America/New_York,Yahoo Finance
NTR,2026-08-28,73.5,75.08999633789062,73.13999938964844,73.51000213623047,73.51000213623047,1870500,USD,NYQ,America/New_York,Yahoo Finance
NTR,2026-08-31,74.73999786376953,75.94999694824219,74.3499984741211,75.52999877929688,75.52999877929688,3053000,USD,NYQ,America/New_York,Yahoo Finance
NTR,2026-09-01,76.0,77.99500274658203,75.45999908447266,77.69000244140625,77.69000244140625,3721300,USD,NYQ,America/New_York,Yahoo Finance
NTR,2026-09-02,76.81999969482422,80.69999694824219,76.40499877929688,80.29000091552734,80.29000091552734,2886900,USD,NYQ,America/New_York,Yahoo Finance
NTR,2026-09-03,80.32499694824219,80.91999816894531,79.43000030517578,80.7300033569336,80.7300033569336,2907200,USD,NYQ,America/New_York,Yahoo Finance
NTR,2026-09-04,78.9800033569336,80.01000213623047,78.2699966430664,79.47000122070312,79.47000122070312,2773100,USD,NYQ,America/New_York,Yahoo Finance
NTR,2026-09-08,80.12000274658203,81.8280029296875,80.0,80.68000030517578,80.68000030517578,3179800,USD,NYQ,America/New_York,Yahoo Finance
NTR,2026-09-09,81.8499984741211,82.55000305175781,80.3550033569336,80.72000122070312,80.72000122070312,3354600,USD,NYQ,America/New_York,Yahoo Finance
NTR,2026-09-10,81.41999816894531,81.44000244140625,78.73999786376953,78.73999786376953,78.73999786376953,2457000,USD,NYQ,America/New_York,Yahoo Finance
NTR,2026-09-11,78.05000305175781,79.6500015258789,77.9800033569336,78.44999694824219,78.44999694824219,2443800,USD,NYQ,America/New_York,Yahoo Finance
NTR,2026-09-14,78.91000366210938,78.9749984741211,76.80000305175781,77.0,77.0,3145500,USD,NYQ,America/New_York,Yahoo Finance
NTR,2026-09-15,77.33999633789062,79.36000061035156,76.73500061035156,78.72000122070312,78.72000122070312,2560300,USD,NYQ,America/New_York,Yahoo Finance
NTR,2026-09-16,78.33000183105469,78.6449966430664,77.19000244140625,77.68000030517578,77.68000030517578,1606500,USD,NYQ,America/New_York,Yahoo Finance
NTR,2026-09-17,77.51000213623047,79.31300354003906,77.45999908447266,78.91999816894531,78.91999816894531,1486200,USD,NYQ,America/New_York,Yahoo Finance
NTR,2026-09-18,78.91000366210938,79.08999633789062,76.76000213623047,77.08999633789062,77.08999633789062,2263400,USD,NYQ,America/New_York,Yahoo Finance
NTR,2026-09-21,76.58999633789062,77.02999877929688,73.05999755859375,74.54000091552734,74.54000091552734,5720700,USD,NYQ,America/New_York,Yahoo Finance
NTR,2026-09-22,73.86000061035156,76.05000305175781,73.4800033569336,75.43000030517578,75.43000030517578,2833700,USD,NYQ,America/New_York,Yahoo Finance
NTR,2026-09-23,75.4000015258789,75.91000366210938,74.80000305175781,75.12999725341797,75.12999725341797,1902100,USD,NYQ,America/New_York,Yahoo Finance
NTR,2026-09-24,75.73999786376953,75.88999938964844,73.75,73.95999908447266,73.95999908447266,2593600,USD,NYQ,America/New_York,Yahoo Finance
NTR,2026-09-25,73.4800033569336,73.5,70.73999786376953,72.2300033569336,72.2300033569336,3102600,USD,NYQ,America/New_York,Yahoo Finance
NTR,2026-09-28,72.25,72.44999694824219,71.58499908447266,71.9800033569336,71.9800033569336,4426700,USD,NYQ,America/New_York,Yahoo Finance
NVO,2026-08-17,45.18000030517578,45.45000076293945,44.68000030517578,44.880001068115234,44.880001068115234,14626400,USD,NYQ,America/New_York,Yahoo Finance
NVO,2026-08-18,44.90999984741211,46.06999969482422,44.7599983215332,45.709999084472656,45.709999084472656,12089900,USD,NYQ,America/New_York,Yahoo Finance
NVO,2026-08-19,46.0099983215332,47.20000076293945,45.84000015258789,46.47999954223633,46.47999954223633,19511400,USD,NYQ,America/New_York,Yahoo Finance
NVO,2026-08-20,46.88999938964844,46.900001525878906,46.11000061035156,46.13999938964844,46.13999938964844,9669900,USD,NYQ,America/New_York,Yahoo Finance
NVO,2026-08-21,46.349998474121094,47.16999816894531,46.34000015258789,46.7400016784668,46.7400016784668,10912600,USD,NYQ,America/New_York,Yahoo Finance
NVO,2026-08-24,47.09000015258789,47.29999923706055,46.56999969482422,46.91999816894531,46.91999816894531,9674200,USD,NYQ,America/New_York,Yahoo Finance
NVO,2026-08-25,47.84000015258789,48.65999984741211,47.560001373291016,48.65999984741211,48.65999984741211,15526700,USD,NYQ,America/New_York,Yahoo Finance
NVO,2026-08-26,47.79999923706055,48.040000915527344,46.869998931884766,47.189998626708984,47.189998626708984,8877900,USD,NYQ,America/New_York,Yahoo Finance
NVO,2026-08-27,45.970001220703125,46.33000183105469,45.70000076293945,46.2599983215332,46.2599983215332,13024400,USD,NYQ,America/New_York,Yahoo Finance
NVO,2026-08-28,46.16999816894531,46.209999084472656,45.40999984741211,45.61000061035156,45.61000061035156,8495900,USD,NYQ,America/New_York,Yahoo Finance
NVO,2026-08-31,45.279998779296875,45.61000061035156,44.95000076293945,45.33000183105469,45.33000183105469,7601800,USD,NYQ,America/New_York,Yahoo Finance
NVO,2026-09-01,45.79999923706055,46.15999984741211,45.06999969482422,45.119998931884766,45.119998931884766,9356000,USD,NYQ,America/New_York,Yahoo Finance
NVO,2026-09-02,46.04999923706055,47.0099983215332,45.90999984741211,46.77000045776367,46.77000045776367,13597400,USD,NYQ,America/New_York,Yahoo Finance
NVO,2026-09-03,47.9900016784668,48.0,46.56999969482422,47.5099983215332,47.5099983215332,8765600,USD,NYQ,America/New_York,Yahoo Finance
NVO,2026-09-04,46.349998474121094,46.7400016784668,46.040000915527344,46.599998474121094,46.599998474121094,6213600,USD,NYQ,America/New_York,Yahoo Finance
NVO,2026-09-08,45.58000183105469,45.90999984741211,45.150001525878906,45.15999984741211,45.15999984741211,10354000,USD,NYQ,America/New_York,Yahoo Finance
NVO,2026-09-09,45.0,45.400001525878906,44.52000045776367,44.560001373291016,44.560001373291016,8828000,USD,NYQ,America/New_York,Yahoo Finance
NVO,2026-09-10,44.599998474121094,44.81999969482422,44.0099983215332,44.0099983215332,44.0099983215332,6580900,USD,NYQ,America/New_York,Yahoo Finance
NVO,2026-09-11,43.20000076293945,43.5,42.720001220703125,43.06999969482422,43.06999969482422,11029100,USD,NYQ,America/New_York,Yahoo Finance
NVO,2026-09-14,43.65999984741211,43.709999084472656,43.06999969482422,43.45000076293945,43.45000076293945,6555000,USD,NYQ,America/New_York,Yahoo Finance
NVO,2026-09-15,42.72999954223633,43.0,42.400001525878906,42.529998779296875,42.529998779296875,8862100,USD,NYQ,America/New_York,Yahoo Finance
NVO,2026-09-16,42.470001220703125,42.720001220703125,41.470001220703125,41.709999084472656,41.709999084472656,11669800,USD,NYQ,America/New_York,Yahoo Finance
NVO,2026-09-17,41.97999954223633,43.439998626708984,41.959999084472656,43.189998626708984,43.189998626708984,12947100,USD,NYQ,America/New_York,Yahoo Finance
NVO,2026-09-18,43.5,43.540000915527344,42.779998779296875,43.2400016784668,43.2400016784668,10360900,USD,NYQ,America/New_York,Yahoo Finance
NVO,2026-09-21,41.04999923706055,41.16999816894531,39.540000915527344,39.79999923706055,39.79999923706055,49339300,USD,NYQ,America/New_York,Yahoo Finance
NVO,2026-09-22,39.5,39.88999938964844,39.11000061035156,39.400001525878906,39.400001525878906,24462900,USD,NYQ,America/New_York,Yahoo Finance
NVO,2026-09-23,38.900001525878906,39.13999938964844,38.15999984741211,38.16999816894531,38.16999816894531,18439000,USD,NYQ,America/New_York,Yahoo Finance
NVO,2026-09-24,37.95000076293945,38.720001220703125,37.91999816894531,38.619998931884766,38.619998931884766,20064200,USD,NYQ,America/New_York,Yahoo Finance
NVO,2026-09-25,38.810001373291016,38.83000183105469,38.40999984741211,38.79999923706055,38.79999923706055,10062000,USD,NYQ,America/New_York,Yahoo Finance
NVO,2026-09-28,38.400001525878906,38.900001525878906,38.22999954223633,38.709999084472656,38.709999084472656,11313000,USD,NYQ,America/New_York,Yahoo Finance
NX,2026-08-17,20.700000762939453,20.850000381469727,20.260000228881836,20.739999771118164,20.66091537475586,204100,USD,NYQ,America/New_York,Yahoo Finance
NX,2026-08-18,20.440000534057617,20.520000457763672,19.780000686645508,20.010000228881836,19.933698654174805,236800,USD,NYQ,America/New_York,Yahoo Finance
NX,2026-08-19,20.440000534057617,21.010000228881836,20.440000534057617,20.709999084472656,20.63102912902832,252200,USD,NYQ,America/New_York,Yahoo Finance
NX,2026-08-20,20.1200008392334,20.420000076293945,19.59000015258789,19.719999313354492,19.644804000854492,248300,USD,NYQ,America/New_York,Yahoo Finance
NX,2026-08-21,20.020000457763672,20.489999771118164,19.719999313354492,20.280000686645508,20.202669143676758,284600,USD,NYQ,America/New_York,Yahoo Finance
NX,2026-08-24,20.450000762939453,20.549999237060547,19.799999237060547,19.950000762939453,19.87392807006836,224100,USD,NYQ,America/New_York,Yahoo Finance
NX,2026-08-25,20.329999923706055,20.329999923706055,19.729999542236328,19.940000534057617,19.86396598815918,169600,USD,NYQ,America/New_York,Yahoo Finance
NX,2026-08-26,20.06999969482422,20.139999389648438,19.639999389648438,19.81999969482422,19.744422912597656,226200,USD,NYQ,America/New_York,Yahoo Finance
NX,2026-08-27,19.6200008392334,20.010000228881836,19.399999618530273,19.68000030517578,19.604957580566406,271700,USD,NYQ,America/New_York,Yahoo Finance
NX,2026-08-28,19.850000381469727,19.920000076293945,19.360000610351562,19.420000076293945,19.345949172973633,294400,USD,NYQ,America/New_York,Yahoo Finance
NX,2026-08-31,19.229999542236328,19.260000228881836,18.899999618530273,19.219999313354492,19.146711349487305,291400,USD,NYQ,America/New_York,Yahoo Finance
NX,2026-09-01,18.979999542236328,19.09000015258789,18.420000076293945,18.489999771118164,18.41949462890625,252800,USD,NYQ,America/New_York,Yahoo Finance
NX,2026-09-02,18.549999237060547,19.209999084472656,17.5,18.93000030517578,18.857816696166992,398900,USD,NYQ,America/New_York,Yahoo Finance
NX,2026-09-03,19.09000015258789,19.479999542236328,18.760000228881836,18.760000228881836,18.688465118408203,453000,USD,NYQ,America/New_York,Yahoo Finance
NX,2026-09-04,20.6299991607666,23.229999542236328,20.139999389648438,22.93000030517578,22.842565536499023,1917100,USD,NYQ,America/New_York,Yahoo Finance
NX,2026-09-08,22.899999618530273,23.329999923706055,21.450000762939453,22.219999313354492,22.135271072387695,894100,USD,NYQ,America/New_York,Yahoo Finance
NX,2026-09-09,22.1200008392334,22.1299991607666,21.149999618530273,21.850000381469727,21.76668357849121,698200,USD,NYQ,America/New_York,Yahoo Finance
NX,2026-09-10,21.360000610351562,21.3799991607666,20.770000457763672,21.09000015258789,21.009580612182617,541800,USD,NYQ,America/New_York,Yahoo Finance
NX,2026-09-11,21.790000915527344,21.969999313354492,21.239999771118164,21.56999969482422,21.487751007080078,597700,USD,NYQ,America/New_York,Yahoo Finance
NX,2026-09-14,20.700000762939453,21.6200008392334,20.6299991607666,20.979999542236328,20.899999618530273,417300,USD,NYQ,America/New_York,Yahoo Finance
NX,2026-09-15,20.979999542236328,21.389999389648438,20.690000534057617,21.1299991607666,21.1299991607666,474200,USD,NYQ,America/New_York,Yahoo Finance
NX,2026-09-16,21.280000686645508,21.489999771118164,20.5,20.780000686645508,20.780000686645508,457700,USD,NYQ,America/New_York,Yahoo Finance
NX,2026-09-17,21.3799991607666,21.3799991607666,20.260000228881836,20.540000915527344,20.540000915527344,501700,USD,NYQ,America/New_York,Yahoo Finance
NX,2026-09-18,20.489999771118164,20.489999771118164,19.809999465942383,20.09000015258789,20.09000015258789,866900,USD,NYQ,America/New_York,Yahoo Finance
NX,2026-09-21,20.270000457763672,20.360000610351562,19.799999237060547,20.100000381469727,20.100000381469727,329600,USD,NYQ,America/New_York,Yahoo Finance
NX,2026-09-22,20.829999923706055,21.100000381469727,20.5,20.65999984741211,20.65999984741211,379100,USD,NYQ,America/New_York,Yahoo Finance
NX,2026-09-23,20.5,20.799999237060547,19.809999465942383,19.829999923706055,19.829999923706055,519600,USD,NYQ,America/New_York,Yahoo Finance
NX,2026-09-24,19.790000915527344,19.8799991607666,19.110000610351562,19.280000686645508,19.280000686645508,367500,USD,NYQ,America/New_York,Yahoo Finance
NX,2026-09-25,19.3700008392334,20.049999237060547,19.25,19.739999771118164,19.739999771118164,312300,USD,NYQ,America/New_York,Yahoo Finance
NX,2026-09-28,19.950000762939453,19.950000762939453,19.270000457763672,19.3799991607666,19.3799991607666,317900,USD,NYQ,America/New_York,Yahoo Finance
OGG,2026-08-17,2.880000114440918,2.880000114440918,2.7699999809265137,2.809999942779541,2.809999942779541,1254500,USD,NYQ,America/New_York,Yahoo Finance
OGG,2026-08-18,2.819999933242798,2.819999933242798,2.684999942779541,2.700000047683716,2.700000047683716,747000,USD,NYQ,America/New_York,Yahoo Finance
OGG,2026-08-19,2.869999885559082,2.9749999046325684,2.8399999141693115,2.9000000953674316,2.9000000953674316,1461300,USD,NYQ,America/New_York,Yahoo Finance
OGG,2026-08-20,2.8499999046325684,2.950000047683716,2.8499999046325684,2.930000066757202,2.930000066757202,1273000,USD,NYQ,America/New_York,Yahoo Finance
OGG,2026-08-21,3.0399999618530273,3.069999933242798,2.9200000762939453,3.069999933242798,3.069999933242798,1049800,USD,NYQ,America/New_York,Yahoo Finance
OGG,2026-08-24,3.0999999046325684,3.1600000858306885,3.059999942779541,3.119999885559082,3.119999885559082,6882000,USD,NYQ,America/New_York,Yahoo Finance
OGG,2026-08-25,3.0399999618530273,3.25,2.990000009536743,3.190000057220459,3.190000057220459,8352100,USD,NYQ,America/New_York,Yahoo Finance
OGG,2026-08-26,3.0899999141693115,3.1449999809265137,3.0260000228881836,3.0799999237060547,3.0799999237060547,1085100,USD,NYQ,America/New_York,Yahoo Finance
OGG,2026-08-27,3.059999942779541,3.1700000762939453,3.059999942779541,3.1700000762939453,3.1700000762939453,3151200,USD,NYQ,America/New_York,Yahoo Finance
OGG,2026-08-28,3.109999895095825,3.2100000381469727,3.0350000858306885,3.069999933242798,3.069999933242798,1286800,USD,NYQ,America/New_York,Yahoo Finance
OGG,2026-08-31,3.059999942779541,3.0799999237060547,2.950000047683716,2.990000009536743,2.990000009536743,1280600,USD,NYQ,America/New_York,Yahoo Finance
OGG,2026-09-01,2.9200000762939453,2.9700000286102295,2.8399999141693115,2.8499999046325684,2.8499999046325684,867900,USD,NYQ,America/New_York,Yahoo Finance
OGG,2026-09-02,2.9100000858306885,3.0,2.869999885559082,2.9000000953674316,2.9000000953674316,563600,USD,NYQ,America/New_York,Yahoo Finance
OGG,2026-09-03,3.009999990463257,3.069999933242798,2.950000047683716,2.990000009536743,2.990000009536743,667100,USD,NYQ,America/New_York,Yahoo Finance
OGG,2026-09-04,2.9200000762939453,2.950000047683716,2.890000104904175,2.9100000858306885,2.9100000858306885,745000,USD,NYQ,America/New_York,Yahoo Finance
OGG,2026-09-08,2.940000057220459,2.9600000381469727,2.869999885559082,2.880000114440918,2.880000114440918,501000,USD,NYQ,America/New_York,Yahoo Finance
OGG,2026-09-09,2.9000000953674316,2.9700000286102295,2.819999933242798,2.8499999046325684,2.8499999046325684,777600,USD,NYQ,America/New_York,Yahoo Finance
OGG,2026-09-10,2.799999952316284,2.8499999046325684,2.759999990463257,2.819999933242798,2.819999933242798,1109200,USD,NYQ,America/New_York,Yahoo Finance
OGG,2026-09-11,2.869999885559082,2.9100000858306885,2.809999942779541,2.8299999237060547,2.8299999237060547,618700,USD,NYQ,America/New_York,Yahoo Finance
OGG,2026-09-14,2.7799999713897705,2.8489999771118164,2.7699999809265137,2.7799999713897705,2.7799999713897705,1701500,USD,NYQ,America/New_York,Yahoo Finance
OGG,2026-09-15,2.7899999618530273,2.815000057220459,2.690000057220459,2.7699999809265137,2.7699999809265137,715800,USD,NYQ,America/New_York,Yahoo Finance
OGG,2026-09-16,2.7899999618530273,2.799999952316284,2.569999933242798,2.640000104904175,2.640000104904175,1464400,USD,NYQ,America/New_York,Yahoo Finance
OGG,2026-09-17,2.740000009536743,2.7799999713897705,2.694999933242798,2.740000009536743,2.740000009536743,602900,USD,NYQ,America/New_York,Yahoo Finance
OGG,2026-09-18,2.759999990463257,2.799999952316284,2.690000057220459,2.7200000286102295,2.7200000286102295,1019500,USD,NYQ,America/New_York,Yahoo Finance
OGG,2026-09-21,2.7200000286102295,2.75,2.5999999046325684,2.630000114440918,2.630000114440918,2260300,USD,NYQ,America/New_York,Yahoo Finance
OGG,2026-09-22,2.630000114440918,2.7799999713897705,2.5999999046325684,2.740000009536743,2.740000009536743,1924700,USD,NYQ,America/New_York,Yahoo Finance
OGG,2026-09-23,2.680000066757202,2.7049999237060547,2.609999895095825,2.690000057220459,2.690000057220459,1569300,USD,NYQ,America/New_York,Yahoo Finance
OGG,2026-09-24,2.680000066757202,2.7799999713897705,2.6700000762939453,2.7300000190734863,2.7300000190734863,2106800,USD,NYQ,America/New_York,Yahoo Finance
OGG,2026-09-25,2.7899999618530273,2.819999933242798,2.7300000190734863,2.7699999809265137,2.7699999809265137,1795500,USD,NYQ,America/New_York,Yahoo Finance
OGG,2026-09-28,2.7100000381469727,2.809999942779541,2.6700000762939453,2.7799999713897705,2.7799999713897705,2102600,USD,NYQ,America/New_York,Yahoo Finance
OII,2026-08-17,52.36000061035156,54.25,51.95000076293945,54.11000061035156,54.11000061035156,2032600,USD,NYQ,America/New_York,Yahoo Finance
OII,2026-08-18,53.90999984741211,54.0,52.119998931884766,53.099998474121094,53.099998474121094,1055900,USD,NYQ,America/New_York,Yahoo Finance
OII,2026-08-19,53.63999938964844,54.0,52.459999084472656,52.689998626708984,52.689998626708984,1032700,USD,NYQ,America/New_York,Yahoo Finance
OII,2026-08-20,53.029998779296875,53.59000015258789,51.2599983215332,52.4900016784668,52.4900016784668,715100,USD,NYQ,America/New_York,Yahoo Finance
OII,2026-08-21,52.900001525878906,53.849998474121094,51.880001068115234,53.0,53.0,964300,USD,NYQ,America/New_York,Yahoo Finance
OII,2026-08-24,52.4900016784668,53.369998931884766,49.869998931884766,50.459999084472656,50.459999084472656,825400,USD,NYQ,America/New_York,Yahoo Finance
OII,2026-08-25,50.65999984741211,52.18000030517578,49.88999938964844,49.90999984741211,49.90999984741211,1084600,USD,NYQ,America/New_York,Yahoo Finance
OII,2026-08-26,49.5,49.880001068115234,48.150001525878906,49.619998931884766,49.619998931884766,912800,USD,NYQ,America/New_York,Yahoo Finance
OII,2026-08-27,49.27000045776367,51.560001373291016,49.040000915527344,51.209999084472656,51.209999084472656,960300,USD,NYQ,America/New_York,Yahoo Finance
OII,2026-08-28,50.689998626708984,51.779998779296875,50.0,50.59000015258789,50.59000015258789,578600,USD,NYQ,America/New_York,Yahoo Finance
OII,2026-08-31,51.90999984741211,52.20000076293945,50.7599983215332,51.7599983215332,51.7599983215332,926100,USD,NYQ,America/New_York,Yahoo Finance
OII,2026-09-01,52.06999969482422,52.70000076293945,51.18000030517578,51.31999969482422,51.31999969482422,613200,USD,NYQ,America/New_York,Yahoo Finance
OII,2026-09-02,51.25,52.380001068115234,50.52000045776367,51.630001068115234,51.630001068115234,649000,USD,NYQ,America/New_York,Yahoo Finance
OII,2026-09-03,51.810001373291016,52.45000076293945,51.25,51.779998779296875,51.779998779296875,843800,USD,NYQ,America/New_York,Yahoo Finance
OII,2026-09-04,51.33000183105469,51.970001220703125,50.9900016784668,51.400001525878906,51.400001525878906,394000,USD,NYQ,America/New_York,Yahoo Finance
OII,2026-09-08,52.02000045776367,52.029998779296875,50.560001373291016,50.68000030517578,50.68000030517578,639700,USD,NYQ,America/New_York,Yahoo Finance
OII,2026-09-09,50.790000915527344,51.470001220703125,48.45000076293945,48.4900016784668,48.4900016784668,961800,USD,NYQ,America/New_York,Yahoo Finance
OII,2026-09-10,49.029998779296875,51.060001373291016,49.0099983215332,50.56999969482422,50.56999969482422,956500,USD,NYQ,America/New_York,Yahoo Finance
OII,2026-09-11,50.880001068115234,51.400001525878906,50.5099983215332,51.09000015258789,51.09000015258789,1142300,USD,NYQ,America/New_York,Yahoo Finance
OII,2026-09-14,50.40999984741211,50.40999984741211,46.15999984741211,46.560001373291016,46.560001373291016,1094500,USD,NYQ,America/New_York,Yahoo Finance
OII,2026-09-15,46.86000061035156,48.290000915527344,46.52000045776367,47.68000030517578,47.68000030517578,1024600,USD,NYQ,America/New_York,Yahoo Finance
OII,2026-09-16,47.380001068115234,47.720001220703125,45.540000915527344,46.61000061035156,46.61000061035156,895500,USD,NYQ,America/New_York,Yahoo Finance
OII,2026-09-17,47.0,47.56999969482422,46.0099983215332,46.20000076293945,46.20000076293945,794100,USD,NYQ,America/New_York,Yahoo Finance
OII,2026-09-18,46.150001525878906,46.459999084472656,45.18000030517578,46.290000915527344,46.290000915527344,2660700,USD,NYQ,America/New_York,Yahoo Finance
OII,2026-09-21,46.2599983215332,46.5,45.31999969482422,45.93000030517578,45.93000030517578,874200,USD,NYQ,America/New_York,Yahoo Finance
OII,2026-09-22,45.400001525878906,46.33000183105469,45.2599983215332,46.11000061035156,46.11000061035156,961500,USD,NYQ,America/New_York,Yahoo Finance
OII,2026-09-23,46.349998474121094,46.4900016784668,45.369998931884766,46.2400016784668,46.2400016784668,432100,USD,NYQ,America/New_York,Yahoo Finance
OII,2026-09-24,46.93000030517578,46.939998626708984,45.70000076293945,46.66999816894531,46.66999816894531,703100,USD,NYQ,America/New_York,Yahoo Finance
OII,2026-09-25,46.279998779296875,47.5,46.209999084472656,46.2599983215332,46.2599983215332,900000,USD,NYQ,America/New_York,Yahoo Finance
OII,2026-09-28,46.65999984741211,47.0099983215332,45.66999816894531,45.84000015258789,45.84000015258789,538300,USD,NYQ,America/New_York,Yahoo Finance
ON,2026-08-17,83.33999633789062,85.55000305175781,83.27999877929688,83.37999725341797,83.37999725341797,6578900,USD,NMS,America/New_York,Yahoo Finance
ON,2026-08-18,79.98999786376953,80.9000015258789,76.95999908447266,79.41999816894531,79.41999816894531,10810400,USD,NMS,America/New_York,Yahoo Finance
ON,2026-08-19,80.52999877929688,81.06999969482422,76.43000030517578,76.58000183105469,76.58000183105469,8986700,USD,NMS,America/New_York,Yahoo Finance
ON,2026-08-20,76.0,76.69000244140625,74.5,74.70999908447266,74.70999908447266,5865000,USD,NMS,America/New_York,Yahoo Finance
ON,2026-08-21,75.2699966430664,75.66999816894531,73.5199966430664,74.20999908447266,74.20999908447266,4524900,USD,NMS,America/New_York,Yahoo Finance
ON,2026-08-24,73.44999694824219,73.52999877929688,70.91999816894531,71.93000030517578,71.93000030517578,8488300,USD,NMS,America/New_York,Yahoo Finance
ON,2026-08-25,73.12999725341797,73.37000274658203,71.62999725341797,72.51000213623047,72.51000213623047,5756900,USD,NMS,America/New_York,Yahoo Finance
ON,2026-08-26,72.55999755859375,73.83000183105469,72.38999938964844,73.22000122070312,73.22000122070312,4354100,USD,NMS,America/New_York,Yahoo Finance
ON,2026-08-27,74.55000305175781,74.91000366210938,73.18000030517578,74.80000305175781,74.80000305175781,6407400,USD,NMS,America/New_York,Yahoo Finance
ON,2026-08-28,74.4000015258789,74.4000015258789,72.05000305175781,72.61000061035156,72.61000061035156,7112400,USD,NMS,America/New_York,Yahoo Finance
ON,2026-08-31,73.55000305175781,74.9800033569336,73.3499984741211,74.08999633789062,74.08999633789062,5790500,USD,NMS,America/New_York,Yahoo Finance
ON,2026-09-01,72.62999725341797,73.0999984741211,71.41000366210938,72.6500015258789,72.6500015258789,7722100,USD,NMS,America/New_York,Yahoo Finance
ON,2026-09-02,72.86000061035156,74.13999938964844,71.66000366210938,72.33999633789062,72.33999633789062,7139500,USD,NMS,America/New_York,Yahoo Finance
ON,2026-09-03,72.19000244140625,74.30999755859375,71.36000061035156,73.6500015258789,73.6500015258789,8137500,USD,NMS,America/New_York,Yahoo Finance
ON,2026-09-04,75.2300033569336,75.33000183105469,73.56999969482422,74.37999725341797,74.37999725341797,10320100,USD,NMS,America/New_York,Yahoo Finance
ON,2026-09-08,74.80999755859375,74.94999694824219,70.87000274658203,71.08000183105469,71.08000183105469,14885400,USD,NMS,America/New_York,Yahoo Finance
ON,2026-09-09,70.83000183105469,72.44999694824219,70.54000091552734,70.9800033569336,70.9800033569336,6499400,USD,NMS,America/New_York,Yahoo Finance
ON,2026-09-10,69.41999816894531,70.55000305175781,68.79000091552734,70.16999816894531,70.16999816894531,7825900,USD,NMS,America/New_York,Yahoo Finance
ON,2026-09-11,70.9800033569336,76.19000244140625,70.37999725341797,76.13999938964844,76.13999938964844,11285100,USD,NMS,America/New_York,Yahoo Finance
ON,2026-09-14,72.37999725341797,73.13999938964844,71.45999908447266,71.6500015258789,71.6500015258789,12415400,USD,NMS,America/New_York,Yahoo Finance
ON,2026-09-15,73.3499984741211,74.75,71.3499984741211,73.19999694824219,73.19999694824219,12540200,USD,NMS,America/New_York,Yahoo Finance
ON,2026-09-16,74.33000183105469,74.41999816894531,65.80000305175781,66.5999984741211,66.5999984741211,18821700,USD,NMS,America/New_York,Yahoo Finance
ON,2026-09-17,68.12999725341797,69.80000305175781,66.05000305175781,68.30000305175781,68.30000305175781,16647000,USD,NMS,America/New_York,Yahoo Finance
ON,2026-09-18,70.13999938964844,70.81999969482422,68.5199966430664,69.9800033569336,69.9800033569336,20501600,USD,NMS,America/New_York,Yahoo Finance
ON,2026-09-21,71.0,72.05000305175781,68.16999816894531,71.72000122070312,71.72000122070312,12329100,USD,NMS,America/New_York,Yahoo Finance
ON,2026-09-22,71.75,73.83000183105469,71.18000030517578,73.5999984741211,73.5999984741211,11948100,USD,NMS,America/New_York,Yahoo Finance
ON,2026-09-23,73.7699966430664,74.4800033569336,72.20999908447266,74.0999984741211,74.0999984741211,9148300,USD,NMS,America/New_York,Yahoo Finance
ON,2026-09-24,72.5,73.30000305175781,71.79000091552734,73.1500015258789,73.1500015258789,10448900,USD,NMS,America/New_York,Yahoo Finance
ON,2026-09-25,74.2699966430664,77.68000030517578,73.66000366210938,77.19999694824219,77.19999694824219,11194700,USD,NMS,America/New_York,Yahoo Finance
ON,2026-09-28,77.0,77.20999908447266,74.11000061035156,75.6500015258789,75.6500015258789,10375600,USD,NMS,America/New_York,Yahoo Finance
OPRA,2026-08-17,20.15999984741211,20.270000457763672,19.450000762939453,19.6200008392334,19.6200008392334,341200,USD,NMS,America/New_York,Yahoo Finance
OPRA,2026-08-18,19.600000381469727,19.75,19.34000015258789,19.510000228881836,19.510000228881836,440600,USD,NMS,America/New_York,Yahoo Finance
OPRA,2026-08-19,18.299999237060547,18.790000915527344,17.6299991607666,18.1200008392334,18.1200008392334,1541800,USD,NMS,America/New_York,Yahoo Finance
OPRA,2026-08-20,18.0,18.3799991607666,17.68000030517578,18.290000915527344,18.290000915527344,584900,USD,NMS,America/New_York,Yahoo Finance
OPRA,2026-08-21,18.56999969482422,19.209999084472656,18.450000762939453,18.959999084472656,18.959999084472656,420200,USD,NMS,America/New_York,Yahoo Finance
OPRA,2026-08-24,18.979999542236328,19.31999969482422,18.700000762939453,18.860000610351562,18.860000610351562,262700,USD,NMS,America/New_York,Yahoo Finance
OPRA,2026-08-25,18.860000610351562,19.440000534057617,18.84000015258789,19.40999984741211,19.40999984741211,191700,USD,NMS,America/New_York,Yahoo Finance
OPRA,2026-08-26,19.399999618530273,19.6299991607666,19.100000381469727,19.469999313354492,19.469999313354492,364000,USD,NMS,America/New_York,Yahoo Finance
OPRA,2026-08-27,19.770000457763672,20.030000686645508,19.40999984741211,19.40999984741211,19.40999984741211,385400,USD,NMS,America/New_York,Yahoo Finance
OPRA,2026-08-28,19.43000030517578,19.940000534057617,19.399999618530273,19.6200008392334,19.6200008392334,275800,USD,NMS,America/New_York,Yahoo Finance
OPRA,2026-08-31,19.5,19.65999984741211,19.110000610351562,19.229999542236328,19.229999542236328,255400,USD,NMS,America/New_York,Yahoo Finance
OPRA,2026-09-01,18.84000015258789,19.030000686645508,18.639999389648438,18.770000457763672,18.770000457763672,275800,USD,NMS,America/New_York,Yahoo Finance
OPRA,2026-09-02,18.639999389648438,18.639999389648438,18.299999237060547,18.459999084472656,18.459999084472656,442300,USD,NMS,America/New_York,Yahoo Finance
OPRA,2026-09-03,18.6200008392334,18.969999313354492,18.3799991607666,18.440000534057617,18.440000534057617,353200,USD,NMS,America/New_York,Yahoo Finance
OPRA,2026-09-04,18.34000015258789,18.829999923706055,18.200000762939453,18.780000686645508,18.780000686645508,326800,USD,NMS,America/New_York,Yahoo Finance
OPRA,2026-09-08,18.829999923706055,18.829999923706055,18.100000381469727,18.34000015258789,18.34000015258789,452600,USD,NMS,America/New_York,Yahoo Finance
OPRA,2026-09-09,18.299999237060547,18.329999923706055,17.649999618530273,17.68000030517578,17.68000030517578,332200,USD,NMS,America/New_York,Yahoo Finance
OPRA,2026-09-10,17.5,18.09000015258789,17.350000381469727,18.030000686645508,18.030000686645508,282900,USD,NMS,America/New_York,Yahoo Finance
OPRA,2026-09-11,18.170000076293945,18.389999389648438,18.049999237060547,18.299999237060547,18.299999237060547,363500,USD,NMS,America/New_York,Yahoo Finance
OPRA,2026-09-14,18.25,18.700000762939453,18.25,18.43000030517578,18.43000030517578,241300,USD,NMS,America/New_York,Yahoo Finance
OPRA,2026-09-15,18.219999313354492,18.5,18.1200008392334,18.440000534057617,18.440000534057617,268900,USD,NMS,America/New_York,Yahoo Finance
OPRA,2026-09-16,18.40999984741211,18.670000076293945,18.260000228881836,18.40999984741211,18.40999984741211,315700,USD,NMS,America/New_York,Yahoo Finance
OPRA,2026-09-17,18.610000610351562,18.700000762939453,18.260000228881836,18.299999237060547,18.299999237060547,282800,USD,NMS,America/New_York,Yahoo Finance
OPRA,2026-09-18,18.399999618530273,18.489999771118164,18.020000457763672,18.059999465942383,18.059999465942383,619000,USD,NMS,America/New_York,Yahoo Finance
OPRA,2026-09-21,18.139999389648438,18.34000015258789,17.690000534057617,18.1299991607666,18.1299991607666,459100,USD,NMS,America/New_York,Yahoo Finance
OPRA,2026-09-22,18.34000015258789,18.34000015258789,17.850000381469727,17.940000534057617,17.940000534057617,453300,USD,NMS,America/New_York,Yahoo Finance
OPRA,2026-09-23,17.989999771118164,18.239999771118164,17.6299991607666,17.729999542236328,17.729999542236328,291700,USD,NMS,America/New_York,Yahoo Finance
OPRA,2026-09-24,17.670000076293945,17.8700008392334,17.469999313354492,17.700000762939453,17.700000762939453,254300,USD,NMS,America/New_York,Yahoo Finance
OPRA,2026-09-25,17.600000381469727,17.799999237060547,17.420000076293945,17.649999618530273,17.649999618530273,286700,USD,NMS,America/New_York,Yahoo Finance
OPRA,2026-09-28,17.469999313354492,17.540000915527344,17.149999618530273,17.399999618530273,17.399999618530273,268400,USD,NMS,America/New_York,Yahoo Finance
ORLY,2026-08-17,89.6500015258789,91.31999969482422,89.37000274658203,90.2300033569336,90.2300033569336,4461000,USD,NMS,America/New_York,Yahoo Finance
ORLY,2026-08-18,91.95999908447266,92.1500015258789,90.5999984741211,90.76000213623047,90.76000213623047,4898600,USD,NMS,America/New_York,Yahoo Finance
ORLY,2026-08-19,90.94000244140625,92.7699966430664,90.56999969482422,91.19999694824219,91.19999694824219,3909600,USD,NMS,America/New_York,Yahoo Finance
ORLY,2026-08-20,88.79000091552734,90.06999969482422,87.19000244140625,89.08000183105469,89.08000183105469,6790500,USD,NMS,America/New_York,Yahoo Finance
ORLY,2026-08-21,89.5199966430664,90.0199966430664,88.3499984741211,89.11000061035156,89.11000061035156,5717400,USD,NMS,America/New_York,Yahoo Finance
ORLY,2026-08-24,89.12999725341797,91.48999786376953,89.12999725341797,90.68000030517578,90.68000030517578,3943500,USD,NMS,America/New_York,Yahoo Finance
ORLY,2026-08-25,90.58000183105469,91.43000030517578,90.20999908447266,90.31999969482422,90.31999969482422,4496900,USD,NMS,America/New_York,Yahoo Finance
ORLY,2026-08-26,90.29000091552734,90.80999755859375,89.3499984741211,89.55000305175781,89.55000305175781,3698300,USD,NMS,America/New_York,Yahoo Finance
ORLY,2026-08-27,88.68000030517578,88.79000091552734,87.73999786376953,87.83000183105469,87.83000183105469,4071300,USD,NMS,America/New_York,Yahoo Finance
ORLY,2026-08-28,88.73999786376953,88.9000015258789,87.63999938964844,88.5,88.5,4704800,USD,NMS,America/New_York,Yahoo Finance
ORLY,2026-08-31,88.38999938964844,89.33999633789062,87.91000366210938,88.80000305175781,88.80000305175781,6399500,USD,NMS,America/New_York,Yahoo Finance
ORLY,2026-09-01,89.2300033569336,89.2300033569336,87.55000305175781,87.94999694824219,87.94999694824219,5345800,USD,NMS,America/New_York,Yahoo Finance
ORLY,2026-09-02,87.97000122070312,88.1500015258789,86.4000015258789,86.97000122070312,86.97000122070312,7550000,USD,NMS,America/New_York,Yahoo Finance
ORLY,2026-09-03,87.75,88.33999633789062,86.80000305175781,87.37999725341797,87.37999725341797,4310200,USD,NMS,America/New_York,Yahoo Finance
ORLY,2026-09-04,86.7699966430664,88.19000244140625,86.6500015258789,87.88999938964844,87.88999938964844,3790400,USD,NMS,America/New_York,Yahoo Finance
ORLY,2026-09-08,87.0,87.30000305175781,85.55000305175781,85.88999938964844,85.88999938964844,8076700,USD,NMS,America/New_York,Yahoo Finance
ORLY,2026-09-09,85.48999786376953,86.62999725341797,84.83999633789062,86.08000183105469,86.08000183105469,6204600,USD,NMS,America/New_York,Yahoo Finance
ORLY,2026-09-10,86.06999969482422,86.44999694824219,85.0199966430664,85.51000213623047,85.51000213623047,4743700,USD,NMS,America/New_York,Yahoo Finance
ORLY,2026-09-11,86.12999725341797,86.31999969482422,85.23999786376953,85.81999969482422,85.81999969482422,5167300,USD,NMS,America/New_York,Yahoo Finance
ORLY,2026-09-14,86.33000183105469,87.45999908447266,86.33000183105469,87.22000122070312,87.22000122070312,4613100,USD,NMS,America/New_York,Yahoo Finance
ORLY,2026-09-15,86.91999816894531,86.97000122070312,84.98999786376953,85.16000366210938,85.16000366210938,6232600,USD,NMS,America/New_York,Yahoo Finance
ORLY,2026-09-16,84.87000274658203,85.41000366210938,83.44000244140625,83.68000030517578,83.68000030517578,7213600,USD,NMS,America/New_York,Yahoo Finance
ORLY,2026-09-17,83.8499984741211,85.4000015258789,83.62000274658203,84.88999938964844,84.88999938964844,7574800,USD,NMS,America/New_York,Yahoo Finance
ORLY,2026-09-18,84.61000061035156,85.0,83.81999969482422,84.70999908447266,84.70999908447266,18004500,USD,NMS,America/New_York,Yahoo Finance
ORLY,2026-09-21,83.77999877929688,84.88999938964844,82.83000183105469,82.87999725341797,82.87999725341797,7782300,USD,NMS,America/New_York,Yahoo Finance
ORLY,2026-09-22,83.91999816894531,87.0199966430664,83.91999816894531,85.81999969482422,85.81999969482422,9592400,USD,NMS,America/New_York,Yahoo Finance
ORLY,2026-09-23,85.22000122070312,86.43000030517578,84.70999908447266,85.9000015258789,85.9000015258789,5199500,USD,NMS,America/New_York,Yahoo Finance
ORLY,2026-09-24,86.55000305175781,87.44999694824219,85.77999877929688,86.23999786376953,86.23999786376953,4350000,USD,NMS,America/New_York,Yahoo Finance
ORLY,2026-09-25,86.0999984741211,86.80000305175781,85.55999755859375,86.12000274658203,86.12000274658203,4161700,USD,NMS,America/New_York,Yahoo Finance
ORLY,2026-09-28,85.8499984741211,87.0199966430664,85.5999984741211,86.51000213623047,86.51000213623047,4269500,USD,NMS,America/New_York,Yahoo Finance
PAY,2026-08-17,41.41999816894531,41.880001068115234,40.560001373291016,40.65999984741211,40.65999984741211,521500,USD,NYQ,America/New_York,Yahoo Finance
PAY,2026-08-18,40.689998626708984,40.689998626708984,38.31999969482422,38.31999969482422,38.31999969482422,1944300,USD,NYQ,America/New_York,Yahoo Finance
PAY,2026-08-19,38.2400016784668,39.56999969482422,38.099998474121094,39.56999969482422,39.56999969482422,1451800,USD,NYQ,America/New_York,Yahoo Finance
PAY,2026-08-20,39.470001220703125,39.96500015258789,38.40999984741211,38.41999816894531,38.41999816894531,1023100,USD,NYQ,America/New_York,Yahoo Finance
PAY,2026-08-21,38.279998779296875,40.45800018310547,37.70000076293945,40.0,40.0,1484100,USD,NYQ,America/New_York,Yahoo Finance
PAY,2026-08-24,40.099998474121094,40.599998474121094,39.77000045776367,39.939998626708984,39.939998626708984,965500,USD,NYQ,America/New_York,Yahoo Finance
PAY,2026-08-25,39.130001068115234,39.630001068115234,37.810001373291016,39.34000015258789,39.34000015258789,1022600,USD,NYQ,America/New_York,Yahoo Finance
PAY,2026-08-26,38.959999084472656,39.55500030517578,38.7599983215332,39.43000030517578,39.43000030517578,467800,USD,NYQ,America/New_York,Yahoo Finance
PAY,2026-08-27,38.72999954223633,39.255001068115234,35.36000061035156,35.61000061035156,35.61000061035156,2488500,USD,NYQ,America/New_York,Yahoo Finance
PAY,2026-08-28,35.65999984741211,36.65999984741211,35.189998626708984,35.9900016784668,35.9900016784668,1131300,USD,NYQ,America/New_York,Yahoo Finance
PAY,2026-08-31,35.68000030517578,35.959999084472656,34.86000061035156,35.599998474121094,35.599998474121094,1063000,USD,NYQ,America/New_York,Yahoo Finance
PAY,2026-09-01,35.25,35.93000030517578,34.970001220703125,35.130001068115234,35.130001068115234,1136200,USD,NYQ,America/New_York,Yahoo Finance
PAY,2026-09-02,34.84000015258789,36.638999938964844,34.650001525878906,36.279998779296875,36.279998779296875,1980500,USD,NYQ,America/New_York,Yahoo Finance
PAY,2026-09-03,36.79999923706055,37.25,35.619998931884766,36.77000045776367,36.77000045776367,1203100,USD,NYQ,America/New_York,Yahoo Finance
PAY,2026-09-04,36.13999938964844,36.66999816894531,35.75,36.189998626708984,36.189998626708984,895600,USD,NYQ,America/New_York,Yahoo Finance
PAY,2026-09-08,36.0,36.404998779296875,35.0099983215332,35.650001525878906,35.650001525878906,757200,USD,NYQ,America/New_York,Yahoo Finance
PAY,2026-09-09,35.68000030517578,36.19200134277344,34.77000045776367,35.22999954223633,35.22999954223633,457400,USD,NYQ,America/New_York,Yahoo Finance
PAY,2026-09-10,34.95000076293945,36.4900016784668,34.95000076293945,36.279998779296875,36.279998779296875,786900,USD,NYQ,America/New_York,Yahoo Finance
PAY,2026-09-11,36.4900016784668,36.891998291015625,35.59000015258789,36.380001068115234,36.380001068115234,741000,USD,NYQ,America/New_York,Yahoo Finance
PAY,2026-09-14,36.66999816894531,37.904998779296875,36.66999816894531,37.08000183105469,37.08000183105469,1050200,USD,NYQ,America/New_York,Yahoo Finance
PAY,2026-09-15,36.529998779296875,37.45100021362305,35.61000061035156,36.0099983215332,36.0099983215332,648600,USD,NYQ,America/New_York,Yahoo Finance
PAY,2026-09-16,35.83000183105469,37.22999954223633,35.66999816894531,36.63999938964844,36.63999938964844,1363100,USD,NYQ,America/New_York,Yahoo Finance
PAY,2026-09-17,37.38999938964844,37.40999984741211,36.02000045776367,36.130001068115234,36.130001068115234,821800,USD,NYQ,America/New_York,Yahoo Finance
PAY,2026-09-18,36.0099983215332,36.060001373291016,34.619998931884766,35.040000915527344,35.040000915527344,1354500,USD,NYQ,America/New_York,Yahoo Finance
PAY,2026-09-21,35.130001068115234,35.33000183105469,34.470001220703125,34.5,34.5,592600,USD,NYQ,America/New_York,Yahoo Finance
PAY,2026-09-22,34.9900016784668,35.17900085449219,32.15999984741211,32.29999923706055,32.29999923706055,1486700,USD,NYQ,America/New_York,Yahoo Finance
PAY,2026-09-23,32.27000045776367,32.56999969482422,29.649999618530273,29.950000762939453,29.950000762939453,2948900,USD,NYQ,America/New_York,Yahoo Finance
PAY,2026-09-24,30.0,31.0,29.280000686645508,30.950000762939453,30.950000762939453,2894700,USD,NYQ,America/New_York,Yahoo Finance
PAY,2026-09-25,30.514999389648438,30.829999923706055,30.125,30.170000076293945,30.170000076293945,969900,USD,NYQ,America/New_York,Yahoo Finance
PAY,2026-09-28,29.90999984741211,30.06999969482422,29.450000762939453,29.920000076293945,29.920000076293945,731100,USD,NYQ,America/New_York,Yahoo Finance
PBI,2026-08-17,16.389999389648438,16.440000534057617,15.989999771118164,16.020000457763672,16.020000457763672,1385200,USD,NYQ,America/New_York,Yahoo Finance
PBI,2026-08-18,16.239999771118164,16.399999618530273,16.1200008392334,16.170000076293945,16.170000076293945,953800,USD,NYQ,America/New_York,Yahoo Finance
PBI,2026-08-19,16.25,16.280000686645508,16.079999923706055,16.09000015258789,16.09000015258789,955100,USD,NYQ,America/New_York,Yahoo Finance
PBI,2026-08-20,16.100000381469727,16.5,16.049999237060547,16.170000076293945,16.170000076293945,1055100,USD,NYQ,America/New_York,Yahoo Finance
PBI,2026-08-21,16.239999771118164,16.479999542236328,15.989999771118164,16.479999542236328,16.479999542236328,1890600,USD,NYQ,America/New_York,Yahoo Finance
PBI,2026-08-24,16.350000381469727,16.690000534057617,16.229999542236328,16.530000686645508,16.530000686645508,1758700,USD,NYQ,America/New_York,Yahoo Finance
PBI,2026-08-25,16.65999984741211,17.09000015258789,16.65999984741211,17.079999923706055,17.079999923706055,1457500,USD,NYQ,America/New_York,Yahoo Finance
PBI,2026-08-26,17.06999969482422,17.15999984741211,16.920000076293945,17.010000228881836,17.010000228881836,1145700,USD,NYQ,America/New_York,Yahoo Finance
PBI,2026-08-27,17.06999969482422,17.43000030517578,17.049999237060547,17.270000457763672,17.270000457763672,1251600,USD,NYQ,America/New_York,Yahoo Finance
PBI,2026-08-28,17.329999923706055,17.420000076293945,17.079999923706055,17.209999084472656,17.209999084472656,1134300,USD,NYQ,America/New_York,Yahoo Finance
PBI,2026-08-31,17.229999542236328,17.260000228881836,17.030000686645508,17.1299991607666,17.1299991607666,1187400,USD,NYQ,America/New_York,Yahoo Finance
PBI,2026-09-01,16.799999237060547,17.690000534057617,16.799999237060547,17.110000610351562,17.110000610351562,2611200,USD,NYQ,America/New_York,Yahoo Finance
PBI,2026-09-02,17.1200008392334,17.719999313354492,17.110000610351562,17.399999618530273,17.399999618530273,1446100,USD,NYQ,America/New_York,Yahoo Finance
PBI,2026-09-03,17.489999771118164,17.59000015258789,17.350000381469727,17.579999923706055,17.579999923706055,890400,USD,NYQ,America/New_York,Yahoo Finance
PBI,2026-09-04,17.489999771118164,17.489999771118164,17.079999923706055,17.399999618530273,17.399999618530273,1388800,USD,NYQ,America/New_York,Yahoo Finance
PBI,2026-09-08,17.139999389648438,17.219999313354492,16.899999618530273,16.989999771118164,16.989999771118164,2093500,USD,NYQ,America/New_York,Yahoo Finance
PBI,2026-09-09,16.8799991607666,17.309999465942383,16.860000610351562,17.170000076293945,17.170000076293945,1737300,USD,NYQ,America/New_York,Yahoo Finance
PBI,2026-09-10,16.90999984741211,17.059999465942383,16.68000030517578,16.969999313354492,16.969999313354492,1471300,USD,NYQ,America/New_York,Yahoo Finance
PBI,2026-09-11,17.139999389648438,17.239999771118164,16.93000030517578,17.059999465942383,17.059999465942383,1249600,USD,NYQ,America/New_York,Yahoo Finance
PBI,2026-09-14,17.09000015258789,17.5,16.690000534057617,17.329999923706055,17.329999923706055,1752100,USD,NYQ,America/New_York,Yahoo Finance
PBI,2026-09-15,17.25,17.459999084472656,17.030000686645508,17.31999969482422,17.31999969482422,2082600,USD,NYQ,America/New_York,Yahoo Finance
PBI,2026-09-16,17.280000686645508,17.469999313354492,17.1200008392334,17.309999465942383,17.309999465942383,1970800,USD,NYQ,America/New_York,Yahoo Finance
PBI,2026-09-17,17.3700008392334,17.469999313354492,17.15999984741211,17.31999969482422,17.31999969482422,1685900,USD,NYQ,America/New_York,Yahoo Finance
PBI,2026-09-18,17.209999084472656,17.3700008392334,16.770000457763672,16.850000381469727,16.850000381469727,4821800,USD,NYQ,America/New_York,Yahoo Finance
PBI,2026-09-21,16.760000228881836,17.100000381469727,16.399999618530273,16.540000915527344,16.540000915527344,1691800,USD,NYQ,America/New_York,Yahoo Finance
PBI,2026-09-22,16.670000076293945,16.760000228881836,16.420000076293945,16.579999923706055,16.579999923706055,1395700,USD,NYQ,America/New_York,Yahoo Finance
PBI,2026-09-23,16.559999465942383,16.559999465942383,16.239999771118164,16.270000457763672,16.270000457763672,1518200,USD,NYQ,America/New_York,Yahoo Finance
PBI,2026-09-24,16.290000915527344,16.420000076293945,16.149999618530273,16.360000610351562,16.360000610351562,969700,USD,NYQ,America/New_York,Yahoo Finance
PBI,2026-09-25,16.399999618530273,16.479999542236328,16.209999084472656,16.3799991607666,16.3799991607666,854200,USD,NYQ,America/New_York,Yahoo Finance
PBI,2026-09-28,16.329999923706055,16.510000228881836,16.200000762939453,16.3799991607666,16.3799991607666,900200,USD,NYQ,America/New_York,Yahoo Finance
PBR-A,2026-08-17,16.399999618530273,16.43000030517578,16.079999923706055,16.34000015258789,15.823590278625488,7889300,USD,NYQ,America/New_York,Yahoo Finance
PBR-A,2026-08-18,16.520000457763672,16.6200008392334,16.280000686645508,16.3700008392334,15.852642059326172,8524200,USD,NYQ,America/New_York,Yahoo Finance
PBR-A,2026-08-19,16.84000015258789,17.0,16.6299991607666,16.65999984741211,16.13347625732422,8601900,USD,NYQ,America/New_York,Yahoo Finance
PBR-A,2026-08-20,16.829999923706055,17.190000534057617,16.799999237060547,17.040000915527344,16.501468658447266,6429400,USD,NYQ,America/New_York,Yahoo Finance
PBR-A,2026-08-21,17.1200008392334,17.299999237060547,17.1200008392334,17.219999313354492,16.675777435302734,5896800,USD,NYQ,America/New_York,Yahoo Finance
PBR-A,2026-08-24,16.670000076293945,16.84000015258789,16.56999969482422,16.770000457763672,16.239999771118164,7067800,USD,NYQ,America/New_York,Yahoo Finance
PBR-A,2026-08-25,16.260000228881836,16.280000686645508,15.920000076293945,16.059999465942383,16.059999465942383,11552300,USD,NYQ,America/New_York,Yahoo Finance
PBR-A,2026-08-26,15.970000267028809,16.3700008392334,15.859999656677246,16.020000457763672,16.020000457763672,7704600,USD,NYQ,America/New_York,Yahoo Finance
PBR-A,2026-08-27,16.030000686645508,16.59000015258789,15.890000343322754,16.540000915527344,16.540000915527344,8271200,USD,NYQ,America/New_York,Yahoo Finance
PBR-A,2026-08-28,16.520000457763672,16.780000686645508,16.459999084472656,16.770000457763672,16.770000457763672,6035900,USD,NYQ,America/New_York,Yahoo Finance
PBR-A,2026-08-31,17.299999237060547,17.559999465942383,17.110000610351562,17.399999618530273,17.399999618530273,7937600,USD,NYQ,America/New_York,Yahoo Finance
PBR-A,2026-09-01,17.690000534057617,18.260000228881836,17.690000534057617,18.200000762939453,18.200000762939453,10079400,USD,NYQ,America/New_York,Yahoo Finance
PBR-A,2026-09-02,18.139999389648438,18.889999389648438,18.09000015258789,18.809999465942383,18.809999465942383,9479500,USD,NYQ,America/New_York,Yahoo Finance
PBR-A,2026-09-03,19.15999984741211,19.209999084472656,18.549999237060547,18.579999923706055,18.579999923706055,13342000,USD,NYQ,America/New_York,Yahoo Finance
PBR-A,2026-09-04,18.360000610351562,18.530000686645508,18.239999771118164,18.25,18.25,5312300,USD,NYQ,America/New_York,Yahoo Finance
PBR-A,2026-09-08,18.780000686645508,19.079999923706055,18.65999984741211,18.860000610351562,18.860000610351562,7196600,USD,NYQ,America/New_York,Yahoo Finance
PBR-A,2026-09-09,19.100000381469727,19.209999084472656,18.8700008392334,18.989999771118164,18.989999771118164,7678800,USD,NYQ,America/New_York,Yahoo Finance
PBR-A,2026-09-10,19.18000030517578,19.489999771118164,18.889999389648438,19.219999313354492,19.219999313354492,8912900,USD,NYQ,America/New_York,Yahoo Finance
PBR-A,2026-09-11,19.09000015258789,19.260000228881836,18.920000076293945,19.110000610351562,19.110000610351562,3730900,USD,NYQ,America/New_York,Yahoo Finance
PBR-A,2026-09-14,19.139999389648438,19.200000762939453,18.899999618530273,19.06999969482422,19.06999969482422,5533900,USD,NYQ,America/New_York,Yahoo Finance
PBR-A,2026-09-15,19.1200008392334,19.700000762939453,19.1200008392334,19.56999969482422,19.56999969482422,8181900,USD,NYQ,America/New_York,Yahoo Finance
PBR-A,2026-09-16,19.31999969482422,19.31999969482422,18.84000015258789,18.889999389648438,18.889999389648438,8137800,USD,NYQ,America/New_York,Yahoo Finance
PBR-A,2026-09-17,18.709999084472656,19.09000015258789,18.559999465942383,18.940000534057617,18.940000534057617,6152200,USD,NYQ,America/New_York,Yahoo Finance
PBR-A,2026-09-18,18.75,18.93000030517578,18.729999542236328,18.81999969482422,18.81999969482422,3546000,USD,NYQ,America/New_York,Yahoo Finance
PBR-A,2026-09-21,18.790000915527344,18.940000534057617,18.690000534057617,18.739999771118164,18.739999771118164,6902100,USD,NYQ,America/New_York,Yahoo Finance
PBR-A,2026-09-22,18.5,18.989999771118164,18.40999984741211,18.940000534057617,18.940000534057617,7705300,USD,NYQ,America/New_York,Yahoo Finance
PBR-A,2026-09-23,19.25,19.489999771118164,19.079999923706055,19.219999313354492,19.219999313354492,7287300,USD,NYQ,America/New_York,Yahoo Finance
PBR-A,2026-09-24,19.219999313354492,19.40999984741211,18.969999313354492,18.989999771118164,18.989999771118164,8711500,USD,NYQ,America/New_York,Yahoo Finance
PBR-A,2026-09-25,18.65999984741211,18.700000762939453,18.389999389648438,18.520000457763672,18.520000457763672,5973700,USD,NYQ,America/New_York,Yahoo Finance
PBR-A,2026-09-28,18.649999618530273,18.889999389648438,18.59000015258789,18.649999618530273,18.649999618530273,6905100,USD,NYQ,America/New_York,Yahoo Finance
PEG,2026-08-17,75.76000213623047,75.87000274658203,75.12000274658203,75.61000061035156,74.9276351928711,3857700,USD,NYQ,America/New_York,Yahoo Finance
PEG,2026-08-18,76.1500015258789,76.62000274658203,75.52999877929688,75.5999984741211,74.917724609375,2540000,USD,NYQ,America/New_York,Yahoo Finance
PEG,2026-08-19,76.08999633789062,76.30000305175781,75.26000213623047,75.33000183105469,74.65016174316406,2091900,USD,NYQ,America/New_York,Yahoo Finance
PEG,2026-08-20,74.95999908447266,75.55000305175781,74.58999633789062,74.62000274658203,73.94657135009766,2063200,USD,NYQ,America/New_York,Yahoo Finance
PEG,2026-08-21,74.87000274658203,74.97000122070312,72.5999984741211,72.61000061035156,71.9547119140625,2356900,USD,NYQ,America/New_York,Yahoo Finance
PEG,2026-08-24,72.86000061035156,73.58000183105469,72.52999877929688,73.52999877929688,72.86640167236328,1610100,USD,NYQ,America/New_York,Yahoo Finance
PEG,2026-08-25,73.76000213623047,73.8499984741211,73.20999908447266,73.27999877929688,72.61865997314453,1274700,USD,NYQ,America/New_York,Yahoo Finance
PEG,2026-08-26,73.45999908447266,74.33999633789062,73.45999908447266,74.02999877929688,73.36189270019531,1685000,USD,NYQ,America/New_York,Yahoo Finance
PEG,2026-08-27,73.2699966430664,73.47000122070312,72.9000015258789,73.33000183105469,72.668212890625,1808500,USD,NYQ,America/New_York,Yahoo Finance
PEG,2026-08-28,73.9000015258789,73.98999786376953,72.7699966430664,73.19000244140625,72.52947998046875,2284200,USD,NYQ,America/New_York,Yahoo Finance
PEG,2026-08-31,72.79000091552734,73.72000122070312,72.72000122070312,73.33000183105469,72.668212890625,6914300,USD,NYQ,America/New_York,Yahoo Finance
PEG,2026-09-01,73.68000030517578,73.88999938964844,73.13999938964844,73.4800033569336,72.81686401367188,3581500,USD,NYQ,America/New_York,Yahoo Finance
PEG,2026-09-02,73.48999786376953,73.72000122070312,72.69999694824219,73.31999969482422,72.6583023071289,4116100,USD,NYQ,America/New_York,Yahoo Finance
PEG,2026-09-03,73.56999969482422,74.05999755859375,73.4800033569336,73.80999755859375,73.14387512207031,3196300,USD,NYQ,America/New_York,Yahoo Finance
PEG,2026-09-04,73.55999755859375,74.3499984741211,73.4000015258789,73.69999694824219,73.03486633300781,2016400,USD,NYQ,America/New_York,Yahoo Finance
PEG,2026-09-08,73.69999694824219,74.6500015258789,73.62999725341797,74.23999786376953,73.56999969482422,2448900,USD,NYQ,America/New_York,Yahoo Finance
PEG,2026-09-09,73.05000305175781,73.58999633789062,72.08000183105469,72.5999984741211,72.5999984741211,2864100,USD,NYQ,America/New_York,Yahoo Finance
PEG,2026-09-10,72.91000366210938,73.27999877929688,72.25,72.4800033569336,72.4800033569336,2883000,USD,NYQ,America/New_York,Yahoo Finance
PEG,2026-09-11,73.0999984741211,73.16000366210938,72.13999938964844,72.38999938964844,72.38999938964844,2093300,USD,NYQ,America/New_York,Yahoo Finance
PEG,2026-09-14,72.30999755859375,72.72000122070312,70.7300033569336,70.91999816894531,70.91999816894531,4302200,USD,NYQ,America/New_York,Yahoo Finance
PEG,2026-09-15,70.94000244140625,70.94999694824219,70.13999938964844,70.41999816894531,70.41999816894531,3522400,USD,NYQ,America/New_York,Yahoo Finance
PEG,2026-09-16,70.73999786376953,70.88999938964844,70.05000305175781,70.38999938964844,70.38999938964844,2941000,USD,NYQ,America/New_York,Yahoo Finance
PEG,2026-09-17,70.66999816894531,71.06999969482422,70.2699966430664,70.9800033569336,70.9800033569336,2528900,USD,NYQ,America/New_York,Yahoo Finance
PEG,2026-09-18,70.31999969482422,70.61000061035156,69.72000122070312,69.7699966430664,69.7699966430664,7509400,USD,NYQ,America/New_York,Yahoo Finance
PEG,2026-09-21,70.02999877929688,70.16999816894531,69.25,69.30999755859375,69.30999755859375,3821000,USD,NYQ,America/New_York,Yahoo Finance
PEG,2026-09-22,69.16000366210938,69.62999725341797,68.9000015258789,69.12000274658203,69.12000274658203,2351900,USD,NYQ,America/New_York,Yahoo Finance
PEG,2026-09-23,68.9000015258789,68.9000015258789,67.12999725341797,67.30999755859375,67.30999755859375,3573100,USD,NYQ,America/New_York,Yahoo Finance
PEG,2026-09-24,67.51000213623047,67.58999633789062,66.5,66.55999755859375,66.55999755859375,3723300,USD,NYQ,America/New_York,Yahoo Finance
PEG,2026-09-25,66.55999755859375,67.0999984741211,66.1500015258789,67.0199966430664,67.0199966430664,3284100,USD,NYQ,America/New_York,Yahoo Finance
PEG,2026-09-28,67.02999877929688,67.16999816894531,66.33999633789062,66.7300033569336,66.7300033569336,3363100,USD,NYQ,America/New_York,Yahoo Finance
PGC,2026-08-17,46.529998779296875,47.08000183105469,46.38999938964844,46.709999084472656,46.709999084472656,144000,USD,NMS,America/New_York,Yahoo Finance
PGC,2026-08-18,46.779998779296875,46.779998779296875,45.88999938964844,46.36000061035156,46.36000061035156,97900,USD,NMS,America/New_York,Yahoo Finance
PGC,2026-08-19,46.439998626708984,46.4900016784668,44.70000076293945,45.060001373291016,45.060001373291016,133000,USD,NMS,America/New_York,Yahoo Finance
PGC,2026-08-20,44.849998474121094,45.45000076293945,44.75,45.16999816894531,45.16999816894531,129300,USD,NMS,America/New_York,Yahoo Finance
PGC,2026-08-21,45.560001373291016,45.70000076293945,44.65999984741211,45.58000183105469,45.58000183105469,274300,USD,NMS,America/New_York,Yahoo Finance
PGC,2026-08-24,45.58000183105469,45.81999969482422,45.060001373291016,45.33000183105469,45.33000183105469,91300,USD,NMS,America/New_York,Yahoo Finance
PGC,2026-08-25,45.58000183105469,45.58000183105469,44.97999954223633,45.150001525878906,45.150001525878906,88400,USD,NMS,America/New_York,Yahoo Finance
PGC,2026-08-26,45.43000030517578,45.59000015258789,44.459999084472656,45.18000030517578,45.18000030517578,135200,USD,NMS,America/New_York,Yahoo Finance
PGC,2026-08-27,44.959999084472656,45.2400016784668,44.31999969482422,45.15999984741211,45.15999984741211,98700,USD,NMS,America/New_York,Yahoo Finance
PGC,2026-08-28,45.15999984741211,45.59000015258789,44.65999984741211,45.11000061035156,45.11000061035156,107100,USD,NMS,America/New_York,Yahoo Finance
PGC,2026-08-31,44.880001068115234,44.95000076293945,44.58000183105469,44.63999938964844,44.63999938964844,132500,USD,NMS,America/New_York,Yahoo Finance
PGC,2026-09-01,44.41999816894531,45.04999923706055,44.22999954223633,44.59000015258789,44.59000015258789,132300,USD,NMS,America/New_York,Yahoo Finance
PGC,2026-09-02,44.65999984741211,45.84000015258789,44.41999816894531,45.439998626708984,45.439998626708984,116900,USD,NMS,America/New_York,Yahoo Finance
PGC,2026-09-03,45.72999954223633,46.25,45.470001220703125,45.939998626708984,45.939998626708984,120700,USD,NMS,America/New_York,Yahoo Finance
PGC,2026-09-04,45.77000045776367,46.720001220703125,45.77000045776367,46.380001068115234,46.380001068115234,90300,USD,NMS,America/New_York,Yahoo Finance
PGC,2026-09-08,46.130001068115234,46.29999923706055,45.65999984741211,45.939998626708984,45.939998626708984,104500,USD,NMS,America/New_York,Yahoo Finance
PGC,2026-09-09,45.540000915527344,46.150001525878906,45.369998931884766,45.619998931884766,45.619998931884766,137000,USD,NMS,America/New_York,Yahoo Finance
PGC,2026-09-10,45.619998931884766,46.040000915527344,45.0,46.040000915527344,46.040000915527344,94000,USD,NMS,America/New_York,Yahoo Finance
PGC,2026-09-11,46.650001525878906,46.709999084472656,45.52000045776367,45.79999923706055,45.79999923706055,105500,USD,NMS,America/New_York,Yahoo Finance
PGC,2026-09-14,45.61000061035156,46.27000045776367,45.47999954223633,45.81999969482422,45.81999969482422,131500,USD,NMS,America/New_York,Yahoo Finance
PGC,2026-09-15,45.66999816894531,46.09000015258789,45.540000915527344,45.720001220703125,45.720001220703125,88800,USD,NMS,America/New_York,Yahoo Finance
PGC,2026-09-16,45.61000061035156,45.86000061035156,44.2400016784668,45.029998779296875,45.029998779296875,158100,USD,NMS,America/New_York,Yahoo Finance
PGC,2026-09-17,45.630001068115234,45.650001525878906,44.93000030517578,45.40999984741211,45.40999984741211,105100,USD,NMS,America/New_York,Yahoo Finance
PGC,2026-09-18,45.06999969482422,45.59000015258789,44.7400016784668,45.279998779296875,45.279998779296875,298700,USD,NMS,America/New_York,Yahoo Finance
PGC,2026-09-21,45.47999954223633,45.93000030517578,45.13999938964844,45.16999816894531,45.16999816894531,97900,USD,NMS,America/New_York,Yahoo Finance
PGC,2026-09-22,45.400001525878906,45.91999816894531,44.66999816894531,44.68000030517578,44.68000030517578,126900,USD,NMS,America/New_York,Yahoo Finance
PGC,2026-09-23,44.52000045776367,44.75,44.25,44.380001068115234,44.380001068115234,150700,USD,NMS,America/New_York,Yahoo Finance
PGC,2026-09-24,44.5,44.900001525878906,44.060001373291016,44.81999969482422,44.81999969482422,157500,USD,NMS,America/New_York,Yahoo Finance
PGC,2026-09-25,44.900001525878906,45.34000015258789,44.79999923706055,45.029998779296875,45.029998779296875,100000,USD,NMS,America/New_York,Yahoo Finance
PGC,2026-09-28,44.84000015258789,45.119998931884766,44.029998779296875,44.119998931884766,44.119998931884766,123000,USD,NMS,America/New_York,Yahoo Finance
PLUG,2026-08-17,2.309999942779541,2.309999942779541,2.200000047683716,2.2799999713897705,2.2799999713897705,59337700,USD,NCM,America/New_York,Yahoo Finance
PLUG,2026-08-18,2.190000057220459,2.2200000286102295,2.119999885559082,2.1600000858306885,2.1600000858306885,59853700,USD,NCM,America/New_York,Yahoo Finance
PLUG,2026-08-19,2.190000057220459,2.259999990463257,2.130000114440918,2.25,2.25,46056800,USD,NCM,America/New_York,Yahoo Finance
PLUG,2026-08-20,2.2300000190734863,2.2699999809265137,2.1500000953674316,2.200000047683716,2.200000047683716,43561800,USD,NCM,America/New_York,Yahoo Finance
PLUG,2026-08-21,2.2100000381469727,2.3399999141693115,2.2100000381469727,2.2699999809265137,2.2699999809265137,57275000,USD,NCM,America/New_York,Yahoo Finance
PLUG,2026-08-24,2.2300000190734863,2.2300000190734863,2.1500000953674316,2.1700000762939453,2.1700000762939453,77000600,USD,NCM,America/New_York,Yahoo Finance
PLUG,2026-08-25,2.200000047683716,2.299999952316284,2.200000047683716,2.2699999809265137,2.2699999809265137,64008600,USD,NCM,America/New_York,Yahoo Finance
PLUG,2026-08-26,2.2699999809265137,2.299999952316284,2.1500000953674316,2.1700000762939453,2.1700000762939453,79817400,USD,NCM,America/New_York,Yahoo Finance
PLUG,2026-08-27,2.2200000286102295,2.2899999618530273,2.200000047683716,2.2699999809265137,2.2699999809265137,51047300,USD,NCM,America/New_York,Yahoo Finance
PLUG,2026-08-28,2.2699999809265137,2.2699999809265137,2.1700000762939453,2.190000057220459,2.190000057220459,46644300,USD,NCM,America/New_York,Yahoo Finance
PLUG,2026-08-31,2.180000066757202,2.190000057220459,2.140000104904175,2.1600000858306885,2.1600000858306885,35171900,USD,NCM,America/New_York,Yahoo Finance
PLUG,2026-09-01,2.109999895095825,2.1500000953674316,2.059999942779541,2.0899999141693115,2.0899999141693115,46711800,USD,NCM,America/New_York,Yahoo Finance
PLUG,2026-09-02,2.0799999237060547,2.140000104904175,2.059999942779541,2.0899999141693115,2.0899999141693115,40554800,USD,NCM,America/New_York,Yahoo Finance
PLUG,2026-09-03,2.109999895095825,2.130000114440918,2.069999933242798,2.109999895095825,2.109999895095825,41791900,USD,NCM,America/New_York,Yahoo Finance
PLUG,2026-09-04,2.109999895095825,2.200000047683716,2.0899999141693115,2.1700000762939453,2.1700000762939453,45322700,USD,NCM,America/New_York,Yahoo Finance
PLUG,2026-09-08,2.200000047683716,2.3299999237060547,2.190000057220459,2.259999990463257,2.259999990463257,76356500,USD,NCM,America/New_York,Yahoo Finance
PLUG,2026-09-09,2.240000009536743,2.299999952316284,2.1600000858306885,2.1700000762939453,2.1700000762939453,46302600,USD,NCM,America/New_York,Yahoo Finance
PLUG,2026-09-10,2.140000104904175,2.1700000762939453,2.0899999141693115,2.109999895095825,2.109999895095825,49242900,USD,NCM,America/New_York,Yahoo Finance
PLUG,2026-09-11,2.140000104904175,2.1500000953674316,2.0899999141693115,2.0999999046325684,2.0999999046325684,32427100,USD,NCM,America/New_York,Yahoo Finance
PLUG,2026-09-14,2.0299999713897705,2.109999895095825,2.0199999809265137,2.059999942779541,2.059999942779541,52916000,USD,NCM,America/New_York,Yahoo Finance
PLUG,2026-09-15,2.069999933242798,2.0899999141693115,2.0299999713897705,2.049999952316284,2.049999952316284,43196100,USD,NCM,America/New_York,Yahoo Finance
PLUG,2026-09-16,2.069999933242798,2.0899999141693115,1.9800000190734863,2.0199999809265137,2.0199999809265137,47287000,USD,NCM,America/New_York,Yahoo Finance
PLUG,2026-09-17,2.0799999237060547,2.190000057220459,2.069999933242798,2.119999885559082,2.119999885559082,61379500,USD,NCM,America/New_York,Yahoo Finance
PLUG,2026-09-18,2.130000114440918,2.1700000762939453,2.0199999809265137,2.0899999141693115,2.0899999141693115,55189000,USD,NCM,America/New_York,Yahoo Finance
PLUG,2026-09-21,2.119999885559082,2.140000104904175,2.059999942779541,2.0899999141693115,2.0899999141693115,34064900,USD,NCM,America/New_York,Yahoo Finance
PLUG,2026-09-22,2.0999999046325684,2.130000114440918,2.069999933242798,2.109999895095825,2.109999895095825,28872000,USD,NCM,America/New_York,Yahoo Finance
PLUG,2026-09-23,2.119999885559082,2.119999885559082,2.0299999713897705,2.0399999618530273,2.0399999618530273,41213900,USD,NCM,America/New_York,Yahoo Finance
PLUG,2026-09-24,2.0199999809265137,2.0199999809265137,1.940000057220459,1.9600000381469727,1.9600000381469727,58318800,USD,NCM,America/New_York,Yahoo Finance
PLUG,2026-09-25,2.0,2.0299999713897705,1.9600000381469727,1.9800000190734863,1.9800000190734863,45605700,USD,NCM,America/New_York,Yahoo Finance
PLUG,2026-09-28,1.9500000476837158,1.9600000381469727,1.8300000429153442,1.8600000143051147,1.8600000143051147,65167700,USD,NCM,America/New_York,Yahoo Finance
PRAA,2026-08-17,20.690000534057617,20.850000381469727,20.15999984741211,20.229999542236328,20.229999542236328,458800,USD,NMS,America/New_York,Yahoo Finance
PRAA,2026-08-18,20.200000762939453,20.290000915527344,19.56999969482422,19.649999618530273,19.649999618530273,327200,USD,NMS,America/New_York,Yahoo Finance
PRAA,2026-08-19,19.6200008392334,19.989999771118164,19.31999969482422,19.440000534057617,19.440000534057617,350500,USD,NMS,America/New_York,Yahoo Finance
PRAA,2026-08-20,19.34000015258789,19.34000015258789,18.420000076293945,18.6299991607666,18.6299991607666,298600,USD,NMS,America/New_York,Yahoo Finance
PRAA,2026-08-21,18.969999313354492,19.729999542236328,18.90999984741211,19.579999923706055,19.579999923706055,434600,USD,NMS,America/New_York,Yahoo Finance
PRAA,2026-08-24,19.8799991607666,20.299999237060547,19.649999618530273,20.170000076293945,20.170000076293945,318900,USD,NMS,America/New_York,Yahoo Finance
PRAA,2026-08-25,20.139999389648438,20.15999984741211,19.579999923706055,19.68000030517578,19.68000030517578,298300,USD,NMS,America/New_York,Yahoo Finance
PRAA,2026-08-26,19.559999465942383,19.959999084472656,19.239999771118164,19.450000762939453,19.450000762939453,299500,USD,NMS,America/New_York,Yahoo Finance
PRAA,2026-08-27,19.280000686645508,19.440000534057617,18.850000381469727,19.290000915527344,19.290000915527344,299100,USD,NMS,America/New_York,Yahoo Finance
PRAA,2026-08-28,19.389999389648438,19.700000762939453,19.09000015258789,19.139999389648438,19.139999389648438,249800,USD,NMS,America/New_York,Yahoo Finance
PRAA,2026-08-31,19.09000015258789,19.34000015258789,18.790000915527344,18.81999969482422,18.81999969482422,352300,USD,NMS,America/New_York,Yahoo Finance
PRAA,2026-09-01,18.65999984741211,18.719999313354492,18.260000228881836,18.34000015258789,18.34000015258789,377900,USD,NMS,America/New_York,Yahoo Finance
PRAA,2026-09-02,18.40999984741211,18.829999923706055,18.270000457763672,18.75,18.75,246800,USD,NMS,America/New_York,Yahoo Finance
PRAA,2026-09-03,18.979999542236328,19.540000915527344,18.889999389648438,18.989999771118164,18.989999771118164,214800,USD,NMS,America/New_York,Yahoo Finance
PRAA,2026-09-04,18.690000534057617,19.40999984741211,18.440000534057617,19.020000457763672,19.020000457763672,223200,USD,NMS,America/New_York,Yahoo Finance
PRAA,2026-09-08,18.75,19.1299991607666,18.420000076293945,19.110000610351562,19.110000610351562,303600,USD,NMS,America/New_York,Yahoo Finance
PRAA,2026-09-09,18.899999618530273,19.5,18.549999237060547,19.139999389648438,19.139999389648438,676300,USD,NMS,America/New_York,Yahoo Finance
PRAA,2026-09-10,19.030000686645508,19.059999465942383,18.5,18.770000457763672,18.770000457763672,222000,USD,NMS,America/New_York,Yahoo Finance
PRAA,2026-09-11,19.059999465942383,19.219999313354492,18.709999084472656,18.93000030517578,18.93000030517578,501600,USD,NMS,America/New_York,Yahoo Finance
PRAA,2026-09-14,18.93000030517578,19.459999084472656,18.690000534057617,19.389999389648438,19.389999389648438,344500,USD,NMS,America/New_York,Yahoo Finance
PRAA,2026-09-15,19.229999542236328,19.479999542236328,18.860000610351562,19.290000915527344,19.290000915527344,341000,USD,NMS,America/New_York,Yahoo Finance
PRAA,2026-09-16,19.1200008392334,20.1299991607666,19.1200008392334,20.06999969482422,20.06999969482422,588700,USD,NMS,America/New_York,Yahoo Finance
PRAA,2026-09-17,20.31999969482422,20.610000610351562,19.829999923706055,20.56999969482422,20.56999969482422,618200,USD,NMS,America/New_York,Yahoo Finance
PRAA,2026-09-18,20.3799991607666,21.209999084472656,19.799999237060547,21.0,21.0,858600,USD,NMS,America/New_York,Yahoo Finance
PRAA,2026-09-21,21.15999984741211,21.15999984741211,20.299999237060547,20.600000381469727,20.600000381469727,915100,USD,NMS,America/New_York,Yahoo Finance
PRAA,2026-09-22,20.979999542236328,21.290000915527344,20.010000228881836,20.579999923706055,20.579999923706055,449300,USD,NMS,America/New_York,Yahoo Finance
PRAA,2026-09-23,20.389999389648438,20.389999389648438,19.600000381469727,20.110000610351562,20.110000610351562,446000,USD,NMS,America/New_York,Yahoo Finance
PRAA,2026-09-24,20.110000610351562,20.860000610351562,20.110000610351562,20.239999771118164,20.239999771118164,506900,USD,NMS,America/New_York,Yahoo Finance
PRAA,2026-09-25,20.219999313354492,20.719999313354492,20.100000381469727,20.649999618530273,20.649999618530273,365200,USD,NMS,America/New_York,Yahoo Finance
PRAA,2026-09-28,20.649999618530273,21.049999237060547,19.459999084472656,20.049999237060547,20.049999237060547,533500,USD,NMS,America/New_York,Yahoo Finance
RDVT,2026-08-17,70.72000122070312,70.72000122070312,67.8499984741211,68.04000091552734,68.04000091552734,158200,USD,NCM,America/New_York,Yahoo Finance
RDVT,2026-08-18,67.87000274658203,69.97000122070312,67.79100036621094,68.19000244140625,68.19000244140625,102300,USD,NCM,America/New_York,Yahoo Finance
RDVT,2026-08-19,67.94999694824219,70.06999969482422,66.34600067138672,69.76000213623047,69.76000213623047,267800,USD,NCM,America/New_York,Yahoo Finance
RDVT,2026-08-20,69.69999694824219,70.9800033569336,69.30500030517578,70.52999877929688,70.52999877929688,219800,USD,NCM,America/New_York,Yahoo Finance
RDVT,2026-08-21,70.88999938964844,71.16999816894531,68.79000091552734,71.16999816894531,71.16999816894531,149300,USD,NCM,America/New_York,Yahoo Finance
RDVT,2026-08-24,71.08999633789062,71.23999786376953,69.27999877929688,70.16999816894531,70.16999816894531,201300,USD,NCM,America/New_York,Yahoo Finance
RDVT,2026-08-25,70.29000091552734,70.63500213623047,68.41000366210938,69.38500213623047,69.38500213623047,178800,USD,NCM,America/New_York,Yahoo Finance
RDVT,2026-08-26,68.52999877929688,70.25,68.52999877929688,69.5,69.5,108600,USD,NCM,America/New_York,Yahoo Finance
RDVT,2026-08-27,70.4000015258789,72.08999633789062,70.4000015258789,72.0,72.0,382500,USD,NCM,America/New_York,Yahoo Finance
RDVT,2026-08-28,73.45999908447266,74.82499694824219,72.47000122070312,73.30000305175781,73.30000305175781,221900,USD,NCM,America/New_York,Yahoo Finance
RDVT,2026-08-31,73.0,74.27999877929688,72.18499755859375,73.16000366210938,73.16000366210938,383200,USD,NCM,America/New_York,Yahoo Finance
RDVT,2026-09-01,73.69999694824219,76.18000030517578,72.48999786376953,75.55999755859375,75.55999755859375,349700,USD,NCM,America/New_York,Yahoo Finance
RDVT,2026-09-02,74.79000091552734,75.58000183105469,71.22100067138672,71.47000122070312,71.47000122070312,205000,USD,NCM,America/New_York,Yahoo Finance
RDVT,2026-09-03,73.19000244140625,77.36000061035156,72.42500305175781,76.43000030517578,76.43000030517578,338200,USD,NCM,America/New_York,Yahoo Finance
RDVT,2026-09-04,75.55999755859375,76.3499984741211,74.01000213623047,76.13999938964844,76.13999938964844,148400,USD,NCM,America/New_York,Yahoo Finance
RDVT,2026-09-08,75.0,75.70999908447266,73.18000030517578,74.72000122070312,74.72000122070312,138800,USD,NCM,America/New_York,Yahoo Finance
RDVT,2026-09-09,74.1500015258789,75.19000244140625,73.55999755859375,74.4000015258789,74.4000015258789,183500,USD,NCM,America/New_York,Yahoo Finance
RDVT,2026-09-10,74.06999969482422,75.02999877929688,72.9000015258789,73.05000305175781,73.05000305175781,174900,USD,NCM,America/New_York,Yahoo Finance
RDVT,2026-09-11,73.55999755859375,75.41999816894531,73.55999755859375,75.0199966430664,75.0199966430664,198200,USD,NCM,America/New_York,Yahoo Finance
RDVT,2026-09-14,76.23999786376953,78.80000305175781,76.0999984741211,76.29000091552734,76.29000091552734,233000,USD,NCM,America/New_York,Yahoo Finance
RDVT,2026-09-15,75.36000061035156,76.65499877929688,74.91999816894531,76.20999908447266,76.20999908447266,161800,USD,NCM,America/New_York,Yahoo Finance
RDVT,2026-09-16,75.26000213623047,78.20999908447266,75.20999908447266,77.5199966430664,77.5199966430664,265100,USD,NCM,America/New_York,Yahoo Finance
RDVT,2026-09-17,79.16999816894531,80.29000091552734,76.8499984741211,77.12000274658203,77.12000274658203,269500,USD,NCM,America/New_York,Yahoo Finance
RDVT,2026-09-18,77.26499938964844,77.26499938964844,75.70999908447266,75.94000244140625,75.94000244140625,289500,USD,NCM,America/New_York,Yahoo Finance
RDVT,2026-09-21,76.3499984741211,76.69999694824219,74.91300201416016,75.5,75.5,135700,USD,NCM,America/New_York,Yahoo Finance
RDVT,2026-09-22,75.63999938964844,76.12000274658203,72.44000244140625,73.41000366210938,73.41000366210938,195500,USD,NCM,America/New_York,Yahoo Finance
RDVT,2026-09-23,73.83000183105469,76.39199829101562,72.9800033569336,76.19999694824219,76.19999694824219,236600,USD,NCM,America/New_York,Yahoo Finance
RDVT,2026-09-24,76.23999786376953,79.5,76.23999786376953,79.05999755859375,79.05999755859375,151100,USD,NCM,America/New_York,Yahoo Finance
RDVT,2026-09-25,78.94000244140625,80.38999938964844,77.6500015258789,78.55000305175781,78.55000305175781,249700,USD,NCM,America/New_York,Yahoo Finance
RDVT,2026-09-28,78.19000244140625,79.4000015258789,76.48999786376953,78.61000061035156,78.61000061035156,151100,USD,NCM,America/New_York,Yahoo Finance
RDWR,2026-08-17,29.209999084472656,29.209999084472656,28.530000686645508,28.860000610351562,28.860000610351562,125900,USD,NMS,America/New_York,Yahoo Finance
RDWR,2026-08-18,28.559999465942383,28.950000762939453,28.059999465942383,28.110000610351562,28.110000610351562,145000,USD,NMS,America/New_York,Yahoo Finance
RDWR,2026-08-19,28.15999984741211,28.43000030517578,26.989999771118164,27.049999237060547,27.049999237060547,402700,USD,NMS,America/New_York,Yahoo Finance
RDWR,2026-08-20,27.059999465942383,27.420000076293945,26.540000915527344,26.979999542236328,26.979999542236328,378500,USD,NMS,America/New_York,Yahoo Finance
RDWR,2026-08-21,27.350000381469727,27.860000610351562,27.079999923706055,27.850000381469727,27.850000381469727,272300,USD,NMS,America/New_York,Yahoo Finance
RDWR,2026-08-24,27.719999313354492,28.18000030517578,27.450000762939453,27.68000030517578,27.68000030517578,330300,USD,NMS,America/New_York,Yahoo Finance
RDWR,2026-08-25,27.760000228881836,27.989999771118164,27.459999084472656,27.850000381469727,27.850000381469727,233200,USD,NMS,America/New_York,Yahoo Finance
RDWR,2026-08-26,27.670000076293945,29.0,27.3799991607666,28.420000076293945,28.420000076293945,273200,USD,NMS,America/New_York,Yahoo Finance
RDWR,2026-08-27,29.06999969482422,30.170000076293945,29.030000686645508,29.56999969482422,29.56999969482422,396400,USD,NMS,America/New_York,Yahoo Finance
RDWR,2026-08-28,29.420000076293945,29.540000915527344,28.43000030517578,28.600000381469727,28.600000381469727,129900,USD,NMS,America/New_York,Yahoo Finance
RDWR,2026-08-31,28.600000381469727,29.170000076293945,28.34000015258789,28.8799991607666,28.8799991607666,218900,USD,NMS,America/New_York,Yahoo Finance
RDWR,2026-09-01,28.43000030517578,28.530000686645508,27.690000534057617,27.93000030517578,27.93000030517578,183800,USD,NMS,America/New_York,Yahoo Finance
RDWR,2026-09-02,28.010000228881836,28.799999237060547,27.420000076293945,27.799999237060547,27.799999237060547,167700,USD,NMS,America/New_York,Yahoo Finance
RDWR,2026-09-03,28.139999389648438,28.649999618530273,27.860000610351562,28.530000686645508,28.530000686645508,173600,USD,NMS,America/New_York,Yahoo Finance
RDWR,2026-09-04,28.510000228881836,28.700000762939453,28.100000381469727,28.280000686645508,28.280000686645508,150800,USD,NMS,America/New_York,Yahoo Finance
RDWR,2026-09-08,28.170000076293945,28.280000686645508,27.65999984741211,27.989999771118164,27.989999771118164,183200,USD,NMS,America/New_York,Yahoo Finance
RDWR,2026-09-09,27.989999771118164,28.329999923706055,27.940000534057617,28.0,28.0,175400,USD,NMS,America/New_York,Yahoo Finance
RDWR,2026-09-10,27.780000686645508,28.34000015258789,27.700000762939453,28.0,28.0,168500,USD,NMS,America/New_York,Yahoo Finance
RDWR,2026-09-11,28.270000457763672,28.709999084472656,27.84000015258789,27.899999618530273,27.899999618530273,144000,USD,NMS,America/New_York,Yahoo Finance
RDWR,2026-09-14,28.0,29.860000610351562,27.780000686645508,29.5,29.5,284600,USD,NMS,America/New_York,Yahoo Finance
RDWR,2026-09-15,29.34000015258789,29.989999771118164,29.059999465942383,29.770000457763672,29.770000457763672,364800,USD,NMS,America/New_York,Yahoo Finance
RDWR,2026-09-16,29.530000686645508,30.0,29.200000762939453,29.450000762939453,29.450000762939453,259000,USD,NMS,America/New_York,Yahoo Finance
RDWR,2026-09-17,30.209999084472656,31.649999618530273,30.030000686645508,30.549999237060547,30.549999237060547,608500,USD,NMS,America/New_York,Yahoo Finance
RDWR,2026-09-18,30.5,31.700000762939453,28.770000457763672,29.1299991607666,29.1299991607666,1157300,USD,NMS,America/New_York,Yahoo Finance
RDWR,2026-09-21,29.139999389648438,29.690000534057617,28.649999618530273,29.5,29.5,431200,USD,NMS,America/New_York,Yahoo Finance
RDWR,2026-09-22,29.770000457763672,29.770000457763672,28.59000015258789,29.639999389648438,29.639999389648438,370100,USD,NMS,America/New_York,Yahoo Finance
RDWR,2026-09-23,29.709999084472656,30.530000686645508,29.3799991607666,30.440000534057617,30.440000534057617,305200,USD,NMS,America/New_York,Yahoo Finance
RDWR,2026-09-24,30.450000762939453,30.479999542236328,29.670000076293945,29.790000915527344,29.790000915527344,294500,USD,NMS,America/New_York,Yahoo Finance
RDWR,2026-09-25,29.899999618530273,30.389999389648438,29.489999771118164,29.559999465942383,29.559999465942383,377400,USD,NMS,America/New_York,Yahoo Finance
RDWR,2026-09-28,29.149999618530273,29.68000030517578,28.5,29.459999084472656,29.459999084472656,413000,USD,NMS,America/New_York,Yahoo Finance
REXR,2026-08-17,36.06999969482422,36.099998474121094,35.68000030517578,35.86000061035156,35.86000061035156,1679200,USD,NYQ,America/New_York,Yahoo Finance
REXR,2026-08-18,36.130001068115234,37.189998626708984,35.88999938964844,37.040000915527344,37.040000915527344,3444100,USD,NYQ,America/New_York,Yahoo Finance
REXR,2026-08-19,37.290000915527344,38.15999984741211,37.20000076293945,37.560001373291016,37.560001373291016,3498300,USD,NYQ,America/New_York,Yahoo Finance
REXR,2026-08-20,37.599998474121094,37.81999969482422,37.029998779296875,37.04999923706055,37.04999923706055,2035700,USD,NYQ,America/New_York,Yahoo Finance
REXR,2026-08-21,37.27000045776367,37.630001068115234,37.0,37.22999954223633,37.22999954223633,2469000,USD,NYQ,America/New_York,Yahoo Finance
REXR,2026-08-24,37.380001068115234,37.939998626708984,37.33000183105469,37.66999816894531,37.66999816894531,1811900,USD,NYQ,America/New_York,Yahoo Finance
REXR,2026-08-25,37.689998626708984,37.849998474121094,37.5,37.619998931884766,37.619998931884766,1793400,USD,NYQ,America/New_York,Yahoo Finance
REXR,2026-08-26,37.540000915527344,37.68000030517578,37.2599983215332,37.27000045776367,37.27000045776367,1671000,USD,NYQ,America/New_York,Yahoo Finance
REXR,2026-08-27,36.959999084472656,37.369998931884766,36.939998626708984,37.119998931884766,37.119998931884766,1463400,USD,NYQ,America/New_York,Yahoo Finance
REXR,2026-08-28,37.25,37.290000915527344,36.90999984741211,37.130001068115234,37.130001068115234,2632300,USD,NYQ,America/New_York,Yahoo Finance
REXR,2026-08-31,37.0099983215332,37.209999084472656,36.72999954223633,37.040000915527344,37.040000915527344,1886800,USD,NYQ,America/New_York,Yahoo Finance
REXR,2026-09-01,37.0099983215332,37.369998931884766,36.86000061035156,37.060001373291016,37.060001373291016,2379500,USD,NYQ,America/New_York,Yahoo Finance
REXR,2026-09-02,37.09000015258789,37.349998474121094,36.560001373291016,36.630001068115234,36.630001068115234,2248000,USD,NYQ,America/New_York,Yahoo Finance
REXR,2026-09-03,36.97999954223633,37.02000045776367,36.66999816894531,37.0099983215332,37.0099983215332,1620300,USD,NYQ,America/New_York,Yahoo Finance
REXR,2026-09-04,36.7400016784668,37.06999969482422,36.720001220703125,36.790000915527344,36.790000915527344,1857200,USD,NYQ,America/New_York,Yahoo Finance
REXR,2026-09-08,36.72999954223633,37.47999954223633,36.70000076293945,37.43000030517578,37.43000030517578,2270300,USD,NYQ,America/New_York,Yahoo Finance
REXR,2026-09-09,37.52000045776367,37.650001525878906,36.83000183105469,37.06999969482422,37.06999969482422,2679200,USD,NYQ,America/New_York,Yahoo Finance
REXR,2026-09-10,37.0,37.29999923706055,36.709999084472656,37.0,37.0,2153500,USD,NYQ,America/New_York,Yahoo Finance
REXR,2026-09-11,37.47999954223633,38.04999923706055,37.11000061035156,38.040000915527344,38.040000915527344,3224700,USD,NYQ,America/New_York,Yahoo Finance
REXR,2026-09-14,38.11000061035156,38.439998626708984,37.689998626708984,38.43000030517578,38.43000030517578,2781000,USD,NYQ,America/New_York,Yahoo Finance
REXR,2026-09-15,38.33000183105469,39.310001373291016,38.18000030517578,38.619998931884766,38.619998931884766,4663500,USD,NYQ,America/New_York,Yahoo Finance
REXR,2026-09-16,39.0,39.66999816894531,38.41999816894531,38.84000015258789,38.84000015258789,4095000,USD,NYQ,America/New_York,Yahoo Finance
REXR,2026-09-17,39.099998474121094,39.13999938964844,38.2599983215332,38.43000030517578,38.43000030517578,3108800,USD,NYQ,America/New_York,Yahoo Finance
REXR,2026-09-18,38.31999969482422,38.79999923706055,38.099998474121094,38.38999938964844,38.38999938964844,5272800,USD,NYQ,America/New_York,Yahoo Finance
REXR,2026-09-21,38.5099983215332,38.790000915527344,38.400001525878906,38.720001220703125,38.720001220703125,2759500,USD,NYQ,America/New_York,Yahoo Finance
REXR,2026-09-22,38.810001373291016,38.939998626708984,38.220001220703125,38.22999954223633,38.22999954223633,3600200,USD,NYQ,America/New_York,Yahoo Finance
REXR,2026-09-23,38.08000183105469,38.65999984741211,38.0099983215332,38.150001525878906,38.150001525878906,2800200,USD,NYQ,America/New_York,Yahoo Finance
REXR,2026-09-24,38.36000061035156,38.58000183105469,37.849998474121094,37.9900016784668,37.9900016784668,2653300,USD,NYQ,America/New_York,Yahoo Finance
REXR,2026-09-25,38.029998779296875,38.029998779296875,37.25,37.470001220703125,37.470001220703125,1822800,USD,NYQ,America/New_York,Yahoo Finance
REXR,2026-09-28,37.540000915527344,37.75,37.060001373291016,37.189998626708984,37.189998626708984,2396400,USD,NYQ,America/New_York,Yahoo Finance
RF,2026-08-17,31.809999465942383,32.11000061035156,31.68000030517578,31.700000762939453,31.38172721862793,8445300,USD,NYQ,America/New_York,Yahoo Finance
RF,2026-08-18,31.84000015258789,31.889999389648438,31.420000076293945,31.700000762939453,31.38172721862793,7921600,USD,NYQ,America/New_York,Yahoo Finance
RF,2026-08-19,31.780000686645508,31.780000686645508,30.549999237060547,30.59000015258789,30.28287124633789,7530100,USD,NYQ,America/New_York,Yahoo Finance
RF,2026-08-20,30.489999771118164,30.649999618530273,30.219999313354492,30.219999313354492,29.91658592224121,6876600,USD,NYQ,America/New_York,Yahoo Finance
RF,2026-08-21,30.440000534057617,30.559999465942383,30.1200008392334,30.40999984741211,30.104679107666016,7041100,USD,NYQ,America/New_York,Yahoo Finance
RF,2026-08-24,30.469999313354492,31.040000915527344,30.469999313354492,30.6299991607666,30.32246971130371,9868000,USD,NYQ,America/New_York,Yahoo Finance
RF,2026-08-25,30.68000030517578,30.719999313354492,30.299999237060547,30.6299991607666,30.32246971130371,7208100,USD,NYQ,America/New_York,Yahoo Finance
RF,2026-08-26,30.729999542236328,30.899999618530273,30.530000686645508,30.700000762939453,30.391767501831055,5865300,USD,NYQ,America/New_York,Yahoo Finance
RF,2026-08-27,30.219999313354492,30.469999313354492,29.979999542236328,30.399999618530273,30.094778060913086,7607000,USD,NYQ,America/New_York,Yahoo Finance
RF,2026-08-28,30.530000686645508,30.760000228881836,30.239999771118164,30.329999923706055,30.025482177734375,5901900,USD,NYQ,America/New_York,Yahoo Finance
RF,2026-08-31,30.239999771118164,30.329999923706055,29.84000015258789,29.8799991607666,29.579999923706055,9284100,USD,NYQ,America/New_York,Yahoo Finance
RF,2026-09-01,29.549999237060547,29.84000015258789,29.25,29.290000915527344,29.290000915527344,6252400,USD,NYQ,America/New_York,Yahoo Finance
RF,2026-09-02,29.510000228881836,30.260000228881836,29.399999618530273,29.93000030517578,29.93000030517578,7004400,USD,NYQ,America/New_York,Yahoo Finance
RF,2026-09-03,29.969999313354492,30.489999771118164,29.969999313354492,30.440000534057617,30.440000534057617,6344300,USD,NYQ,America/New_York,Yahoo Finance
RF,2026-09-04,30.270000457763672,30.6299991607666,30.200000762939453,30.420000076293945,30.420000076293945,6236100,USD,NYQ,America/New_York,Yahoo Finance
RF,2026-09-08,30.25,30.440000534057617,30.059999465942383,30.06999969482422,30.06999969482422,7000600,USD,NYQ,America/New_York,Yahoo Finance
RF,2026-09-09,29.899999618530273,30.209999084472656,29.760000228881836,29.889999389648438,29.889999389648438,6068800,USD,NYQ,America/New_York,Yahoo Finance
RF,2026-09-10,30.010000228881836,30.010000228881836,29.559999465942383,29.950000762939453,29.950000762939453,5978700,USD,NYQ,America/New_York,Yahoo Finance
RF,2026-09-11,30.299999237060547,30.399999618530273,29.68000030517578,30.1299991607666,30.1299991607666,7370600,USD,NYQ,America/New_York,Yahoo Finance
RF,2026-09-14,30.229999542236328,30.40999984741211,29.8799991607666,30.030000686645508,30.030000686645508,5807500,USD,NYQ,America/New_York,Yahoo Finance
RF,2026-09-15,30.079999923706055,30.290000915527344,29.670000076293945,29.68000030517578,29.68000030517578,9726900,USD,NYQ,America/New_York,Yahoo Finance
RF,2026-09-16,29.56999969482422,29.670000076293945,28.079999923706055,28.469999313354492,28.469999313354492,10495900,USD,NYQ,America/New_York,Yahoo Finance
RF,2026-09-17,28.770000457763672,28.829999923706055,28.389999389648438,28.479999542236328,28.479999542236328,7267800,USD,NYQ,America/New_York,Yahoo Finance
RF,2026-09-18,28.670000076293945,28.760000228881836,28.290000915527344,28.5,28.5,16414600,USD,NYQ,America/New_York,Yahoo Finance
RF,2026-09-21,28.700000762939453,28.719999313354492,28.469999313354492,28.549999237060547,28.549999237060547,6633700,USD,NYQ,America/New_York,Yahoo Finance
RF,2026-09-22,28.729999542236328,28.780000686645508,27.799999237060547,27.90999984741211,27.90999984741211,12022500,USD,NYQ,America/New_York,Yahoo Finance
RF,2026-09-23,27.75,27.889999389648438,27.350000381469727,27.389999389648438,27.389999389648438,9349400,USD,NYQ,America/New_York,Yahoo Finance
RF,2026-09-24,27.489999771118164,27.510000228881836,27.079999923706055,27.260000228881836,27.260000228881836,8746700,USD,NYQ,America/New_York,Yahoo Finance
RF,2026-09-25,27.290000915527344,27.700000762939453,27.200000762939453,27.6200008392334,27.6200008392334,10153300,USD,NYQ,America/New_York,Yahoo Finance
RF,2026-09-28,27.56999969482422,27.56999969482422,27.200000762939453,27.260000228881836,27.260000228881836,12374100,USD,NYQ,America/New_York,Yahoo Finance
RLAY,2026-08-17,19.719999313354492,20.790000915527344,19.559999465942383,20.670000076293945,20.670000076293945,1835300,USD,NGM,America/New_York,Yahoo Finance
RLAY,2026-08-18,20.459999084472656,20.989999771118164,20.079999923706055,20.610000610351562,20.610000610351562,2227600,USD,NGM,America/New_York,Yahoo Finance
RLAY,2026-08-19,21.049999237060547,21.270000457763672,20.450000762939453,20.739999771118164,20.739999771118164,2101600,USD,NGM,America/New_York,Yahoo Finance
RLAY,2026-08-20,20.360000610351562,20.5,19.420000076293945,19.700000762939453,19.700000762939453,2788700,USD,NGM,America/New_York,Yahoo Finance
RLAY,2026-08-21,19.920000076293945,20.170000076293945,19.18000030517578,19.440000534057617,19.440000534057617,2965800,USD,NGM,America/New_York,Yahoo Finance
RLAY,2026-08-24,19.15999984741211,20.024999618530273,18.600000381469727,19.760000228881836,19.760000228881836,2639400,USD,NGM,America/New_York,Yahoo Finance
RLAY,2026-08-25,20.174999237060547,20.770000457763672,20.049999237060547,20.56999969482422,20.56999969482422,2744100,USD,NGM,America/New_York,Yahoo Finance
RLAY,2026-08-26,19.950000762939453,20.1200008392334,19.190000534057617,19.459999084472656,19.459999084472656,2936600,USD,NGM,America/New_York,Yahoo Finance
RLAY,2026-08-27,19.229999542236328,19.68000030517578,19.15999984741211,19.420000076293945,19.420000076293945,2394400,USD,NGM,America/New_York,Yahoo Finance
RLAY,2026-08-28,19.149999618530273,19.299999237060547,18.6299991607666,18.770000457763672,18.770000457763672,2762900,USD,NGM,America/New_York,Yahoo Finance
RLAY,2026-08-31,18.540000915527344,18.639999389648438,18.030000686645508,18.3799991607666,18.3799991607666,3784700,USD,NGM,America/New_York,Yahoo Finance
RLAY,2026-09-01,18.149999618530273,18.68000030517578,17.959999084472656,18.489999771118164,18.489999771118164,1598400,USD,NGM,America/New_York,Yahoo Finance
RLAY,2026-09-02,18.700000762939453,19.270000457763672,18.290000915527344,18.510000228881836,18.510000228881836,2107900,USD,NGM,America/New_York,Yahoo Finance
RLAY,2026-09-03,18.549999237060547,19.100000381469727,18.34000015258789,19.010000228881836,19.010000228881836,2716600,USD,NGM,America/New_York,Yahoo Finance
RLAY,2026-09-04,18.850000381469727,19.256999969482422,18.68000030517578,19.040000915527344,19.040000915527344,2054800,USD,NGM,America/New_York,Yahoo Finance
RLAY,2026-09-08,18.774999618530273,19.280000686645508,18.31399917602539,19.110000610351562,19.110000610351562,5029400,USD,NGM,America/New_York,Yahoo Finance
RLAY,2026-09-09,18.760000228881836,19.184999465942383,18.540000915527344,18.65999984741211,18.65999984741211,6061100,USD,NGM,America/New_York,Yahoo Finance
RLAY,2026-09-10,18.299999237060547,19.110000610351562,18.100000381469727,18.889999389648438,18.889999389648438,3000700,USD,NGM,America/New_York,Yahoo Finance
RLAY,2026-09-11,19.170000076293945,19.350000381469727,18.674999237060547,18.8700008392334,18.8700008392334,4164400,USD,NGM,America/New_York,Yahoo Finance
RLAY,2026-09-14,18.899999618530273,19.43000030517578,18.8799991607666,19.059999465942383,19.059999465942383,2400200,USD,NGM,America/New_York,Yahoo Finance
RLAY,2026-09-15,19.049999237060547,19.09000015258789,18.639999389648438,18.969999313354492,18.969999313354492,2742800,USD,NGM,America/New_York,Yahoo Finance
RLAY,2026-09-16,18.969999313354492,19.219999313354492,18.6200008392334,18.84000015258789,18.84000015258789,2116700,USD,NGM,America/New_York,Yahoo Finance
RLAY,2026-09-17,19.450000762939453,19.690000534057617,19.065000534057617,19.190000534057617,19.190000534057617,3095700,USD,NGM,America/New_York,Yahoo Finance
RLAY,2026-09-18,19.25,19.399999618530273,18.68000030517578,18.84000015258789,18.84000015258789,10076100,USD,NGM,America/New_York,Yahoo Finance
RLAY,2026-09-21,19.06999969482422,19.170000076293945,18.049999237060547,18.190000534057617,18.190000534057617,3029900,USD,NGM,America/New_York,Yahoo Finance
RLAY,2026-09-22,18.43000030517578,19.479999542236328,18.21299934387207,19.350000381469727,19.350000381469727,3632000,USD,NGM,America/New_York,Yahoo Finance
RLAY,2026-09-23,19.149999618530273,19.229999542236328,17.219999313354492,18.030000686645508,18.030000686645508,4705600,USD,NGM,America/New_York,Yahoo Finance
RLAY,2026-09-24,18.09000015258789,18.09000015258789,17.40999984741211,17.729999542236328,17.729999542236328,3675000,USD,NGM,America/New_York,Yahoo Finance
RLAY,2026-09-25,17.940000534057617,18.010000228881836,17.420000076293945,17.469999313354492,17.469999313354492,2983600,USD,NGM,America/New_York,Yahoo Finance
RLAY,2026-09-28,17.100000381469727,17.8799991607666,17.049999237060547,17.690000534057617,17.690000534057617,1843500,USD,NGM,America/New_York,Yahoo Finance
RLUSD-USD,2026-09-04,1.0000070333480835,1.0004459619522095,0.9995139837265015,1.0000360012054443,1.0000360012054443,180288197,USD,CCC,UTC,Yahoo Finance
RLUSD-USD,2026-09-05,1.0000330209732056,1.000560998916626,0.9996100068092346,0.9999840259552002,0.9999840259552002,103192289,USD,CCC,UTC,Yahoo Finance
RLUSD-USD,2026-09-06,0.9999790191650391,1.0009249448776245,0.99959397315979,0.9999129772186279,0.9999129772186279,97788178,USD,CCC,UTC,Yahoo Finance
RLUSD-USD,2026-09-07,0.9999309778213501,1.0013480186462402,0.9993810057640076,1.0000120401382446,1.0000120401382446,155343023,USD,CCC,UTC,Yahoo Finance
RLUSD-USD,2026-09-08,1.000020980834961,1.0005509853363037,0.9994890093803406,1.0000460147857666,1.0000460147857666,217937089,USD,CCC,UTC,Yahoo Finance
RLUSD-USD,2026-09-09,1.0000460147857666,1.0007480382919312,0.9988059997558594,1.0000510215759277,1.0000510215759277,198007910,USD,CCC,UTC,Yahoo Finance
RLUSD-USD,2026-09-10,1.0000519752502441,1.001378059387207,0.9986900091171265,0.9999690055847168,0.9999690055847168,168787208,USD,CCC,UTC,Yahoo Finance
RLUSD-USD,2026-09-11,0.9999279975891113,1.0007580518722534,0.9992120265960693,0.9999499917030334,0.9999499917030334,370064042,USD,CCC,UTC,Yahoo Finance
RLUSD-USD,2026-09-12,0.9999470114707947,1.0003169775009155,0.9996010065078735,0.9999719858169556,0.9999719858169556,105164974,USD,CCC,UTC,Yahoo Finance
RLUSD-USD,2026-09-13,0.9999729990959167,1.0008209943771362,0.9989799857139587,1.0000369548797607,1.0000369548797607,99728626,USD,CCC,UTC,Yahoo Finance
RLUSD-USD,2026-09-14,1.000046968460083,1.0010859966278076,0.9991120100021362,0.9999970197677612,0.9999970197677612,321618806,USD,CCC,UTC,Yahoo Finance
RLUSD-USD,2026-09-15,1.0000079870224,1.0006309747695923,0.9989190101623535,1.0000089406967163,1.0000089406967163,410566377,USD,CCC,UTC,Yahoo Finance
RLUSD-USD,2026-09-16,1.0000200271606445,1.000825047492981,0.9990000128746033,0.9999570250511169,0.9999570250511169,351967107,USD,CCC,UTC,Yahoo Finance
RLUSD-USD,2026-09-17,0.9999539852142334,1.0005700588226318,0.9987750053405762,0.9999290108680725,0.9999290108680725,216644811,USD,CCC,UTC,Yahoo Finance
RLUSD-USD,2026-09-18,0.9999309778213501,1.0006619691848755,0.9993069767951965,0.9999819993972778,0.9999819993972778,309334031,USD,CCC,UTC,Yahoo Finance
RLUSD-USD,2026-09-19,0.9999610185623169,1.0002249479293823,0.999409019947052,1.0000180006027222,1.0000180006027222,238623428,USD,CCC,UTC,Yahoo Finance
RLUSD-USD,2026-09-20,1.0000180006027222,1.0005680322647095,0.9993979930877686,0.999970018863678,0.999970018863678,282109167,USD,CCC,UTC,Yahoo Finance
RLUSD-USD,2026-09-21,1.0000139474868774,1.0006810426712036,0.9994699954986572,1.0000070333480835,1.0000070333480835,492452655,USD,CCC,UTC,Yahoo Finance
RLUSD-USD,2026-09-22,1.0000040531158447,1.0007590055465698,0.9994379878044128,0.9999740123748779,0.9999740123748779,480011517,USD,CCC,UTC,Yahoo Finance
RLUSD-USD,2026-09-23,0.9999740123748779,1.0006109476089478,0.9992210268974304,0.9999809861183167,0.9999809861183167,432447039,USD,CCC,UTC,Yahoo Finance
RLUSD-USD,2026-09-24,0.9999769926071167,1.0006450414657593,0.9990019798278809,0.999970018863678,0.999970018863678,359931303,USD,CCC,UTC,Yahoo Finance
RLUSD-USD,2026-09-25,0.999970018863678,1.0005979537963867,0.9995369911193848,0.9998729825019836,0.9998729825019836,473727295,USD,CCC,UTC,Yahoo Finance
RLUSD-USD,2026-09-26,0.9998679757118225,1.0005439519882202,0.9996700286865234,0.9999849796295166,0.9999849796295166,130938970,USD,CCC,UTC,Yahoo Finance
RLUSD-USD,2026-09-27,0.9999549984931946,1.000491976737976,0.9993370175361633,0.9999470114707947,0.9999470114707947,141205300,USD,CCC,UTC,Yahoo Finance
RLUSD-USD,2026-09-28,0.9999470114707947,1.0008100271224976,0.9993379712104797,0.9998819828033447,0.9998819828033447,334593210,USD,CCC,UTC,Yahoo Finance
RLUSD-USD,2026-09-29,0.9998810291290283,1.0003310441970825,0.9995219707489014,1.0000859498977661,1.0000859498977661,303171381,USD,CCC,UTC,Yahoo Finance
RLUSD-USD,2026-09-30,1.0000859498977661,1.0005520582199097,0.9993169903755188,0.9999269843101501,0.9999269843101501,255248934,USD,CCC,UTC,Yahoo Finance
RLUSD-USD,2026-10-01,0.9999269843101501,1.0004240274429321,0.9995419979095459,1.000082015991211,1.000082015991211,226673684,USD,CCC,UTC,Yahoo Finance
RLUSD-USD,2026-10-02,1.000074028968811,1.000581979751587,0.998993992805481,1.0000749826431274,1.0000749826431274,325147821,USD,CCC,UTC,Yahoo Finance
RLUSD-USD,2026-10-03,1.0000660419464111,1.0003609657287598,0.9997720122337341,0.9999679923057556,0.9999679923057556,66184677,USD,CCC,UTC,Yahoo Finance
RML,2026-09-09,14.15999984741211,14.75,10.199999809265137,11.600000381469727,11.600000381469727,1621600,USD,NCM,America/New_York,Yahoo Finance
RML,2026-09-10,8.609999656677246,9.5,8.5,8.529999732971191,8.529999732971191,280100,USD,NCM,America/New_York,Yahoo Finance
RML,2026-09-11,8.260000228881836,8.260000228881836,7.570000171661377,7.760000228881836,7.760000228881836,123300,USD,NCM,America/New_York,Yahoo Finance
RML,2026-09-14,7.360000133514404,7.460000038146973,7.0,7.460000038146973,7.460000038146973,121000,USD,NCM,America/New_York,Yahoo Finance
RML,2026-09-15,7.139999866485596,7.199999809265137,6.389999866485596,6.659999847412109,6.659999847412109,82400,USD,NCM,America/New_York,Yahoo Finance
RML,2026-09-16,6.590000152587891,6.860000133514404,6.409999847412109,6.420000076293945,6.420000076293945,28500,USD,NCM,America/New_York,Yahoo Finance
RML,2026-09-17,6.360000133514404,7.010000228881836,5.800000190734863,6.150000095367432,6.150000095367432,37400,USD,NCM,America/New_York,Yahoo Finance
RML,2026-09-18,6.199999809265137,6.5,6.099999904632568,6.329999923706055,6.329999923706055,30400,USD,NCM,America/New_York,Yahoo Finance
RML,2026-09-21,6.449999809265137,6.449999809265137,6.110000133514404,6.210000038146973,6.210000038146973,13100,USD,NCM,America/New_York,Yahoo Finance
RML,2026-09-22,6.329999923706055,6.480000019073486,6.010000228881836,6.239999771118164,6.239999771118164,154900,USD,NCM,America/New_York,Yahoo Finance
RML,2026-09-23,5.949999809265137,6.349999904632568,5.900000095367432,6.239999771118164,6.239999771118164,32200,USD,NCM,America/New_York,Yahoo Finance
RML,2026-09-24,6.099999904632568,6.460000038146973,6.099999904632568,6.369999885559082,6.369999885559082,32900,USD,NCM,America/New_York,Yahoo Finance
RML,2026-09-25,6.369999885559082,6.559999942779541,6.159999847412109,6.380000114440918,6.380000114440918,18700,USD,NCM,America/New_York,Yahoo Finance
RML,2026-09-28,6.099999904632568,6.150000095367432,5.860000133514404,5.860000133514404,5.860000133514404,57600,USD,NCM,America/New_York,Yahoo Finance
RNR,2026-08-17,322.2900085449219,325.32000732421875,317.9700012207031,318.5,318.10504150390625,250100,USD,NYQ,America/New_York,Yahoo Finance
RNR,2026-08-18,322.8699951171875,326.4700012207031,320.3699951171875,320.7200012207031,320.3222961425781,224300,USD,NYQ,America/New_York,Yahoo Finance
RNR,2026-08-19,321.5400085449219,323.1600036621094,317.239990234375,317.239990234375,316.8465881347656,260700,USD,NYQ,America/New_York,Yahoo Finance
RNR,2026-08-20,315.95001220703125,322.8800048828125,315.8900146484375,322.1499938964844,321.7505187988281,233300,USD,NYQ,America/New_York,Yahoo Finance
RNR,2026-08-21,323.8999938964844,325.2099914550781,321.1700134277344,323.45001220703125,323.0489196777344,468600,USD,NYQ,America/New_York,Yahoo Finance
RNR,2026-08-24,324.1600036621094,330.7699890136719,324.1600036621094,329.4200134277344,329.0115051269531,233100,USD,NYQ,America/New_York,Yahoo Finance
RNR,2026-08-25,329.0199890136719,330.260009765625,326.6400146484375,329.20001220703125,328.7917785644531,192000,USD,NYQ,America/New_York,Yahoo Finance
RNR,2026-08-26,329.4200134277344,335.1700134277344,329.4200134277344,331.7300109863281,331.3186340332031,201900,USD,NYQ,America/New_York,Yahoo Finance
RNR,2026-08-27,328.05999755859375,331.30999755859375,326.3699951171875,330.4100036621094,330.0002746582031,185300,USD,NYQ,America/New_York,Yahoo Finance
RNR,2026-08-28,330.5199890136719,333.3399963378906,329.3599853515625,330.739990234375,330.329833984375,184200,USD,NYQ,America/New_York,Yahoo Finance
RNR,2026-08-31,329.9100036621094,330.2200012207031,326.0,327.6400146484375,327.23370361328125,285300,USD,NYQ,America/New_York,Yahoo Finance
RNR,2026-09-01,330.1600036621094,334.9700012207031,328.5299987792969,329.7900085449219,329.38104248046875,219700,USD,NYQ,America/New_York,Yahoo Finance
RNR,2026-09-02,331.8399963378906,333.8599853515625,330.2699890136719,331.2099914550781,330.79925537109375,219000,USD,NYQ,America/New_York,Yahoo Finance
RNR,2026-09-03,333.4100036621094,340.239990234375,331.7799987792969,337.9700012207031,337.5509033203125,236600,USD,NYQ,America/New_York,Yahoo Finance
RNR,2026-09-04,333.7900085449219,336.1400146484375,329.8900146484375,330.3800048828125,329.9703063964844,293200,USD,NYQ,America/New_York,Yahoo Finance
RNR,2026-09-08,326.4800109863281,328.04998779296875,321.6600036621094,323.1000061035156,322.6993408203125,254800,USD,NYQ,America/New_York,Yahoo Finance
RNR,2026-09-09,324.3800048828125,324.3800048828125,319.1600036621094,322.5299987792969,322.1300354003906,232300,USD,NYQ,America/New_York,Yahoo Finance
RNR,2026-09-10,326.20001220703125,326.9200134277344,322.489990234375,326.5299987792969,326.1250915527344,281100,USD,NYQ,America/New_York,Yahoo Finance
RNR,2026-09-11,329.07000732421875,330.1199951171875,322.9700012207031,324.989990234375,324.58697509765625,182000,USD,NYQ,America/New_York,Yahoo Finance
RNR,2026-09-14,329.70001220703125,331.25,327.8699951171875,330.6199951171875,330.2099914550781,531800,USD,NYQ,America/New_York,Yahoo Finance
RNR,2026-09-15,329.4100036621094,330.2699890136719,325.07000732421875,328.70001220703125,328.70001220703125,243500,USD,NYQ,America/New_York,Yahoo Finance
RNR,2026-09-16,326.8900146484375,330.8699951171875,326.1400146484375,328.42999267578125,328.42999267578125,286700,USD,NYQ,America/New_York,Yahoo Finance
RNR,2026-09-17,328.4599914550781,334.20001220703125,325.3500061035156,328.7799987792969,328.7799987792969,280100,USD,NYQ,America/New_York,Yahoo Finance
RNR,2026-09-18,327.42999267578125,329.4800109863281,324.3299865722656,327.1199951171875,327.1199951171875,707500,USD,NYQ,America/New_York,Yahoo Finance
RNR,2026-09-21,326.989990234375,330.6499938964844,325.1199951171875,326.2900085449219,326.2900085449219,302300,USD,NYQ,America/New_York,Yahoo Finance
RNR,2026-09-22,326.3599853515625,328.1300048828125,321.79998779296875,325.8999938964844,325.8999938964844,362500,USD,NYQ,America/New_York,Yahoo Finance
RNR,2026-09-23,327.489990234375,331.4100036621094,322.4100036621094,328.79998779296875,328.79998779296875,323200,USD,NYQ,America/New_York,Yahoo Finance
RNR,2026-09-24,330.0799865722656,333.6700134277344,330.0400085449219,330.4200134277344,330.4200134277344,273700,USD,NYQ,America/New_York,Yahoo Finance
RNR,2026-09-25,331.739990234375,331.739990234375,325.55999755859375,325.6000061035156,325.6000061035156,280400,USD,NYQ,America/New_York,Yahoo Finance
RNR,2026-09-28,325.7699890136719,328.9800109863281,323.7799987792969,324.8999938964844,324.8999938964844,242600,USD,NYQ,America/New_York,Yahoo Finance
RNW,2026-08-17,6.800000190734863,6.824999809265137,6.800000190734863,6.820000171661377,6.820000171661377,2491600,USD,NMS,America/New_York,Yahoo Finance
RNW,2026-08-18,6.829999923706055,6.829999923706055,6.804999828338623,6.820000171661377,6.820000171661377,3864400,USD,NMS,America/New_York,Yahoo Finance
RNW,2026-08-19,6.840000152587891,6.840000152587891,6.800000190734863,6.800000190734863,6.800000190734863,2741800,USD,NMS,America/New_York,Yahoo Finance
RNW,2026-08-20,6.809999942779541,6.820000171661377,6.809999942779541,6.820000171661377,6.820000171661377,2323800,USD,NMS,America/New_York,Yahoo Finance
RNW,2026-08-21,6.809999942779541,6.820000171661377,6.809999942779541,6.809999942779541,6.809999942779541,2989300,USD,NMS,America/New_York,Yahoo Finance
RNW,2026-08-24,6.809999942779541,6.820000171661377,6.800000190734863,6.800000190734863,6.800000190734863,2558500,USD,NMS,America/New_York,Yahoo Finance
RNW,2026-08-25,6.809999942779541,6.820000171661377,6.800000190734863,6.809999942779541,6.809999942779541,3321900,USD,NMS,America/New_York,Yahoo Finance
RNW,2026-08-26,6.809999942779541,6.829999923706055,6.809999942779541,6.820000171661377,6.820000171661377,3839200,USD,NMS,America/New_York,Yahoo Finance
RNW,2026-08-27,6.829999923706055,6.849999904632568,6.820000171661377,6.820000171661377,6.820000171661377,2363100,USD,NMS,America/New_York,Yahoo Finance
RNW,2026-08-28,6.840000152587891,6.840000152587891,6.809999942779541,6.820000171661377,6.820000171661377,2381400,USD,NMS,America/New_York,Yahoo Finance
RNW,2026-08-31,6.820000171661377,6.829999923706055,6.78000020980835,6.800000190734863,6.800000190734863,3093500,USD,NMS,America/New_York,Yahoo Finance
RNW,2026-09-01,6.800000190734863,6.820000171661377,6.789999961853027,6.800000190734863,6.800000190734863,2329600,USD,NMS,America/New_York,Yahoo Finance
RNW,2026-09-02,6.800000190734863,6.820000171661377,6.800000190734863,6.809999942779541,6.809999942779541,1669300,USD,NMS,America/New_York,Yahoo Finance
RNW,2026-09-03,6.829999923706055,6.84499979019165,6.810999870300293,6.829999923706055,6.829999923706055,1416100,USD,NMS,America/New_York,Yahoo Finance
RNW,2026-09-04,6.829999923706055,6.880000114440918,6.820000171661377,6.869999885559082,6.869999885559082,1589800,USD,NMS,America/New_York,Yahoo Finance
RNW,2026-09-08,6.869999885559082,6.875,6.84499979019165,6.860000133514404,6.860000133514404,2868000,USD,NMS,America/New_York,Yahoo Finance
RNW,2026-09-09,6.860000133514404,6.880000114440918,6.849999904632568,6.849999904632568,6.849999904632568,4039200,USD,NMS,America/New_York,Yahoo Finance
RNW,2026-09-10,6.849999904632568,6.869999885559082,6.829999923706055,6.849999904632568,6.849999904632568,3035100,USD,NMS,America/New_York,Yahoo Finance
RNW,2026-09-11,6.840000152587891,6.840000152587891,6.829999923706055,6.829999923706055,6.829999923706055,1744300,USD,NMS,America/New_York,Yahoo Finance
RNW,2026-09-14,6.840000152587891,6.841000080108643,6.820000171661377,6.829999923706055,6.829999923706055,1877600,USD,NMS,America/New_York,Yahoo Finance
RNW,2026-09-15,6.840000152587891,6.840000152587891,6.829999923706055,6.829999923706055,6.829999923706055,931700,USD,NMS,America/New_York,Yahoo Finance
RNW,2026-09-16,6.849999904632568,6.849999904632568,6.829999923706055,6.849999904632568,6.849999904632568,1349600,USD,NMS,America/New_York,Yahoo Finance
RNW,2026-09-17,6.840000152587891,6.849999904632568,6.840000152587891,6.840000152587891,6.840000152587891,1500100,USD,NMS,America/New_York,Yahoo Finance
RNW,2026-09-18,6.849999904632568,6.849999904632568,6.829999923706055,6.840000152587891,6.840000152587891,2380900,USD,NMS,America/New_York,Yahoo Finance
RNW,2026-09-21,6.849999904632568,6.849999904632568,6.829999923706055,6.840000152587891,6.840000152587891,1173400,USD,NMS,America/New_York,Yahoo Finance
RNW,2026-09-22,6.840000152587891,6.849999904632568,6.840000152587891,6.840000152587891,6.840000152587891,1020000,USD,NMS,America/New_York,Yahoo Finance
RNW,2026-09-23,6.849999904632568,6.849999904632568,6.840000152587891,6.840000152587891,6.840000152587891,933500,USD,NMS,America/New_York,Yahoo Finance
RNW,2026-09-24,6.840000152587891,6.860000133514404,6.840000152587891,6.849999904632568,6.849999904632568,976600,USD,NMS,America/New_York,Yahoo Finance
RNW,2026-09-25,6.860000133514404,6.860000133514404,6.840000152587891,6.840000152587891,6.840000152587891,1030400,USD,NMS,America/New_York,Yahoo Finance
RNW,2026-09-28,6.849999904632568,6.860000133514404,6.840000152587891,6.840000152587891,6.840000152587891,1003800,USD,NMS,America/New_York,Yahoo Finance
RUM,2026-08-17,7.429999828338623,8.40999984741211,7.361999988555908,8.239999771118164,8.239999771118164,5433700,USD,NGM,America/New_York,Yahoo Finance
RUM,2026-08-18,7.949999809265137,8.34000015258789,7.710000038146973,8.100000381469727,8.100000381469727,3130400,USD,NGM,America/New_York,Yahoo Finance
RUM,2026-08-19,8.130000114440918,8.619999885559082,8.079999923706055,8.319999694824219,8.319999694824219,3017100,USD,NGM,America/New_York,Yahoo Finance
RUM,2026-08-20,8.300000190734863,8.444999694824219,8.109999656677246,8.430000305175781,8.430000305175781,2226600,USD,NGM,America/New_York,Yahoo Finance
RUM,2026-08-21,8.59000015258789,9.119000434875488,8.411999702453613,9.050000190734863,9.050000190734863,3924100,USD,NGM,America/New_York,Yahoo Finance
RUM,2026-08-24,8.989999771118164,9.789999961853027,8.979999542236328,9.359999656677246,9.359999656677246,8274300,USD,NGM,America/New_York,Yahoo Finance
RUM,2026-08-25,9.420000076293945,10.595000267028809,9.229999542236328,10.229999542236328,10.229999542236328,8950600,USD,NGM,America/New_York,Yahoo Finance
RUM,2026-08-26,10.069999694824219,10.069999694824219,9.170000076293945,9.375,9.375,5115700,USD,NGM,America/New_York,Yahoo Finance
RUM,2026-08-27,9.510000228881836,10.239999771118164,9.369999885559082,9.430000305175781,9.430000305175781,4229700,USD,NGM,America/New_York,Yahoo Finance
RUM,2026-08-28,9.300000190734863,9.772000312805176,8.949999809265137,8.979999542236328,8.979999542236328,3316600,USD,NGM,America/New_York,Yahoo Finance
RUM,2026-08-31,8.770000457763672,9.024999618530273,8.420000076293945,8.960000038146973,8.960000038146973,4173100,USD,NGM,America/New_York,Yahoo Finance
RUM,2026-09-01,8.6899995803833,8.770000457763672,8.470000267028809,8.529999732971191,8.529999732971191,2675400,USD,NGM,America/New_York,Yahoo Finance
RUM,2026-09-02,8.510000228881836,9.015000343322754,8.460000038146973,8.800000190734863,8.800000190734863,3362700,USD,NGM,America/New_York,Yahoo Finance
RUM,2026-09-03,8.854999542236328,9.069999694824219,8.675000190734863,9.039999961853027,9.039999961853027,2290000,USD,NGM,America/New_York,Yahoo Finance
RUM,2026-09-04,9.0,9.210000038146973,8.510000228881836,8.600000381469727,8.600000381469727,3300900,USD,NGM,America/New_York,Yahoo Finance
RUM,2026-09-08,8.529999732971191,8.675000190734863,8.199999809265137,8.390000343322754,8.390000343322754,2955400,USD,NGM,America/New_York,Yahoo Finance
RUM,2026-09-09,8.350000381469727,8.5,7.510000228881836,7.519999980926514,7.519999980926514,4739300,USD,NGM,America/New_York,Yahoo Finance
RUM,2026-09-10,7.369999885559082,7.519999980926514,7.21999979019165,7.364999771118164,7.364999771118164,3082900,USD,NGM,America/New_York,Yahoo Finance
RUM,2026-09-11,7.480000019073486,7.5,6.985000133514404,7.170000076293945,7.170000076293945,4409700,USD,NGM,America/New_York,Yahoo Finance
RUM,2026-09-14,7.671999931335449,8.652000427246094,7.599999904632568,8.0,8.0,25898100,USD,NGM,America/New_York,Yahoo Finance
RUM,2026-09-15,7.699999809265137,8.5,7.579999923706055,8.199999809265137,8.199999809265137,7454000,USD,NGM,America/New_York,Yahoo Finance
RUM,2026-09-16,8.289999961853027,8.53499984741211,7.980000019073486,8.300000190734863,8.300000190734863,6809100,USD,NGM,America/New_York,Yahoo Finance
RUM,2026-09-17,8.65999984741211,8.914999961853027,8.425000190734863,8.890000343322754,8.890000343322754,6372200,USD,NGM,America/New_York,Yahoo Finance
RUM,2026-09-18,9.050000190734863,9.350000381469727,8.954999923706055,9.09000015258789,9.09000015258789,12431200,USD,NGM,America/New_York,Yahoo Finance
RUM,2026-09-21,9.199999809265137,9.354999542236328,8.9399995803833,9.170000076293945,9.170000076293945,5541900,USD,NGM,America/New_York,Yahoo Finance
RUM,2026-09-22,9.220000267028809,9.305000305175781,8.720999717712402,8.960000038146973,8.960000038146973,6072400,USD,NGM,America/New_York,Yahoo Finance
RUM,2026-09-23,8.819999694824219,8.845000267028809,8.260000228881836,8.270000457763672,8.270000457763672,4815200,USD,NGM,America/New_York,Yahoo Finance
RUM,2026-09-24,8.180000305175781,8.619999885559082,8.069999694824219,8.600000381469727,8.600000381469727,4592600,USD,NGM,America/New_York,Yahoo Finance
RUM,2026-09-25,8.59000015258789,8.680000305175781,8.279999732971191,8.359999656677246,8.359999656677246,2710400,USD,NGM,America/New_York,Yahoo Finance
RUM,2026-09-28,8.130000114440918,8.210000038146973,7.880000114440918,7.929999828338623,7.929999828338623,3546100,USD,NGM,America/New_York,Yahoo Finance
RY.TO,2026-08-20,285.8699951171875,286.0,281.29998779296875,283.3299865722656,283.3299865722656,2887700,CAD,TOR,America/Toronto,Yahoo Finance
RY.TO,2026-08-21,283.70001220703125,285.75,281.67999267578125,282.3699951171875,282.3699951171875,2525800,CAD,TOR,America/Toronto,Yahoo Finance
RY.TO,2026-08-24,280.4599914550781,284.9599914550781,277.510009765625,282.6199951171875,282.6199951171875,2198500,CAD,TOR,America/Toronto,Yahoo Finance
RY.TO,2026-08-25,282.5799865722656,287.17999267578125,281.7200012207031,286.6300048828125,286.6300048828125,1747300,CAD,TOR,America/Toronto,Yahoo Finance
RY.TO,2026-08-26,286.1000061035156,289.25,286.1000061035156,288.1099853515625,288.1099853515625,2672200,CAD,TOR,America/Toronto,Yahoo Finance
RY.TO,2026-08-27,286.0799865722656,287.7300109863281,279.7099914550781,283.4700012207031,283.4700012207031,3276100,CAD,TOR,America/Toronto,Yahoo Finance
RY.TO,2026-08-28,284.0,286.1099853515625,282.8699951171875,284.1700134277344,284.1700134277344,3148800,CAD,TOR,America/Toronto,Yahoo Finance
RY.TO,2026-08-31,283.25,285.8599853515625,281.7699890136719,283.3999938964844,283.3999938964844,3634100,CAD,TOR,America/Toronto,Yahoo Finance
RY.TO,2026-09-01,282.2699890136719,284.3699951171875,280.5199890136719,283.1099853515625,283.1099853515625,2664100,CAD,TOR,America/Toronto,Yahoo Finance
RY.TO,2026-09-02,282.6000061035156,287.8999938964844,282.6000061035156,287.8900146484375,287.8900146484375,5083000,CAD,TOR,America/Toronto,Yahoo Finance
RY.TO,2026-09-03,288.6499938964844,292.8999938964844,288.0,292.3699951171875,292.3699951171875,2211900,CAD,TOR,America/Toronto,Yahoo Finance
RY.TO,2026-09-04,292.4700012207031,293.8699951171875,290.6600036621094,291.4800109863281,291.4800109863281,1187700,CAD,TOR,America/Toronto,Yahoo Finance
RY.TO,2026-09-08,289.7900085449219,290.5,287.75,288.2099914550781,288.2099914550781,2130900,CAD,TOR,America/Toronto,Yahoo Finance
RY.TO,2026-09-09,286.4800109863281,287.0,283.5899963378906,285.5899963378906,285.5899963378906,2128500,CAD,TOR,America/Toronto,Yahoo Finance
RY.TO,2026-09-10,285.1499938964844,286.82000732421875,283.5199890136719,284.9800109863281,284.9800109863281,2055700,CAD,TOR,America/Toronto,Yahoo Finance
RY.TO,2026-09-11,287.489990234375,288.3999938964844,283.2300109863281,285.20001220703125,285.20001220703125,1624300,CAD,TOR,America/Toronto,Yahoo Finance
RY.TO,2026-09-14,285.80999755859375,287.2799987792969,284.07000732421875,285.19000244140625,285.19000244140625,2321800,CAD,TOR,America/Toronto,Yahoo Finance
RY.TO,2026-09-15,284.57000732421875,285.04998779296875,281.3399963378906,284.2099914550781,284.2099914550781,1632900,CAD,TOR,America/Toronto,Yahoo Finance
RY.TO,2026-09-16,284.3900146484375,286.3999938964844,280.82000732421875,283.05999755859375,283.05999755859375,2581300,CAD,TOR,America/Toronto,Yahoo Finance
RY.TO,2026-09-17,285.1400146484375,286.7699890136719,283.1099853515625,284.92999267578125,284.92999267578125,2740300,CAD,TOR,America/Toronto,Yahoo Finance
RY.TO,2026-09-18,284.4100036621094,285.04998779296875,282.04998779296875,284.45001220703125,284.45001220703125,7898300,CAD,TOR,America/Toronto,Yahoo Finance
RY.TO,2026-09-21,286.0299987792969,289.7200012207031,286.0299987792969,289.6400146484375,289.6400146484375,1579400,CAD,TOR,America/Toronto,Yahoo Finance
RY.TO,2026-09-22,289.8999938964844,290.55999755859375,285.04998779296875,287.1700134277344,287.1700134277344,1612100,CAD,TOR,America/Toronto,Yahoo Finance
RY.TO,2026-09-23,285.760009765625,286.7699890136719,281.1099853515625,281.3500061035156,281.3500061035156,3240300,CAD,TOR,America/Toronto,Yahoo Finance
RY.TO,2026-09-24,280.82000732421875,282.9200134277344,280.1600036621094,282.1099853515625,282.1099853515625,2409700,CAD,TOR,America/Toronto,Yahoo Finance
RY.TO,2026-09-25,283.20001220703125,286.19000244140625,283.05999755859375,285.6300048828125,285.6300048828125,2388500,CAD,TOR,America/Toronto,Yahoo Finance
RY.TO,2026-09-28,285.6400146484375,286.9200134277344,284.25,285.07000732421875,285.07000732421875,3264700,CAD,TOR,America/Toronto,Yahoo Finance
RY.TO,2026-09-29,283.7799987792969,284.9599914550781,282.4100036621094,283.2799987792969,283.2799987792969,2735300,CAD,TOR,America/Toronto,Yahoo Finance
RY.TO,2026-09-30,283.1600036621094,283.3500061035156,279.3699951171875,279.94000244140625,279.94000244140625,2556200,CAD,TOR,America/Toronto,Yahoo Finance
RY.TO,2026-10-01,279.1300048828125,279.3399963378906,272.8500061035156,277.8599853515625,277.8599853515625,3444700,CAD,TOR,America/Toronto,Yahoo Finance
SAP.DE,2026-08-21,185.17999267578125,188.39999389648438,183.60000610351562,188.1199951171875,188.1199951171875,1829234,EUR,GER,Europe/Berlin,Yahoo Finance
SAP.DE,2026-08-24,186.86000061035156,188.16000366210938,185.52000427246094,187.1999969482422,187.1999969482422,1540364,EUR,GER,Europe/Berlin,Yahoo Finance
SAP.DE,2026-08-25,186.39999389648438,187.6199951171875,182.74000549316406,185.4600067138672,185.4600067138672,1668248,EUR,GER,Europe/Berlin,Yahoo Finance
SAP.DE,2026-08-26,179.9199981689453,182.16000366210938,176.82000732421875,180.02000427246094,180.02000427246094,3651018,EUR,GER,Europe/Berlin,Yahoo Finance
SAP.DE,2026-08-27,182.5,190.8000030517578,181.13999938964844,189.8800048828125,189.8800048828125,2826929,EUR,GER,Europe/Berlin,Yahoo Finance
SAP.DE,2026-08-28,189.5,191.94000244140625,187.97999572753906,191.32000732421875,191.32000732421875,2187400,EUR,GER,Europe/Berlin,Yahoo Finance
SAP.DE,2026-08-31,188.4600067138672,192.1199951171875,188.1999969482422,190.89999389648438,190.89999389648438,4377990,EUR,GER,Europe/Berlin,Yahoo Finance
SAP.DE,2026-09-01,186.0,187.86000061035156,183.32000732421875,184.25999450683594,184.25999450683594,2353295,EUR,GER,Europe/Berlin,Yahoo Finance
SAP.DE,2026-09-02,182.17999267578125,184.6999969482422,180.72000122070312,181.44000244140625,181.44000244140625,1589670,EUR,GER,Europe/Berlin,Yahoo Finance
SAP.DE,2026-09-03,182.0800018310547,187.55999755859375,182.0,185.5800018310547,185.5800018310547,1584544,EUR,GER,Europe/Berlin,Yahoo Finance
SAP.DE,2026-09-04,187.8000030517578,189.89999389648438,184.9600067138672,185.67999267578125,185.67999267578125,2847247,EUR,GER,Europe/Berlin,Yahoo Finance
SAP.DE,2026-09-07,183.55999755859375,184.3000030517578,179.9199981689453,182.8000030517578,182.8000030517578,1802718,EUR,GER,Europe/Berlin,Yahoo Finance
SAP.DE,2026-09-08,182.32000732421875,183.75999450683594,180.02000427246094,181.6999969482422,181.6999969482422,2100343,EUR,GER,Europe/Berlin,Yahoo Finance
SAP.DE,2026-09-09,183.0,187.0399932861328,181.36000061035156,182.86000061035156,182.86000061035156,2442888,EUR,GER,Europe/Berlin,Yahoo Finance
SAP.DE,2026-09-10,180.0,180.39999389648438,176.1999969482422,177.82000732421875,177.82000732421875,3314805,EUR,GER,Europe/Berlin,Yahoo Finance
SAP.DE,2026-09-11,175.67999267578125,178.83999633789062,172.16000366210938,177.25999450683594,177.25999450683594,2845545,EUR,GER,Europe/Berlin,Yahoo Finance
SAP.DE,2026-09-14,180.82000732421875,186.75999450683594,180.82000732421875,186.25999450683594,186.25999450683594,2629809,EUR,GER,Europe/Berlin,Yahoo Finance
SAP.DE,2026-09-15,186.63999938964844,187.25999450683594,183.1999969482422,187.0800018310547,187.0800018310547,1942232,EUR,GER,Europe/Berlin,Yahoo Finance
SAP.DE,2026-09-16,185.86000061035156,186.75999450683594,182.17999267578125,186.55999755859375,186.55999755859375,1922824,EUR,GER,Europe/Berlin,Yahoo Finance
SAP.DE,2026-09-17,188.5399932861328,189.1999969482422,184.6199951171875,188.0,188.0,1518878,EUR,GER,Europe/Berlin,Yahoo Finance
SAP.DE,2026-09-18,186.10000610351562,187.25999450683594,182.55999755859375,183.1199951171875,183.1199951171875,7136397,EUR,GER,Europe/Berlin,Yahoo Finance
SAP.DE,2026-09-21,184.6999969482422,185.86000061035156,182.47999572753906,182.86000061035156,182.86000061035156,1756918,EUR,GER,Europe/Berlin,Yahoo Finance
SAP.DE,2026-09-22,182.13999938964844,187.47999572753906,181.52000427246094,182.32000732421875,182.32000732421875,1549917,EUR,GER,Europe/Berlin,Yahoo Finance
SAP.DE,2026-09-23,184.89999389648438,187.8000030517578,183.47999572753906,186.4600067138672,186.4600067138672,1542040,EUR,GER,Europe/Berlin,Yahoo Finance
SAP.DE,2026-09-24,184.52000427246094,185.5,182.25999450683594,184.17999267578125,184.17999267578125,2328556,EUR,GER,Europe/Berlin,Yahoo Finance
SAP.DE,2026-09-25,184.4199981689453,185.9199981689453,183.75999450683594,185.9199981689453,185.9199981689453,1891585,EUR,GER,Europe/Berlin,Yahoo Finance
SAP.DE,2026-09-28,185.1999969482422,186.75999450683594,178.8800048828125,184.02000427246094,184.02000427246094,1971789,EUR,GER,Europe/Berlin,Yahoo Finance
SAP.DE,2026-09-29,183.22000122070312,186.33999633789062,182.27999877929688,185.32000732421875,185.32000732421875,1372775,EUR,GER,Europe/Berlin,Yahoo Finance
SAP.DE,2026-09-30,184.5,186.1999969482422,181.05999755859375,185.66000366210938,185.66000366210938,2263391,EUR,GER,Europe/Berlin,Yahoo Finance
SAP.DE,2026-10-01,184.67999267578125,190.25999450683594,181.33999633789062,186.74000549316406,186.74000549316406,2235546,EUR,GER,Europe/Berlin,Yahoo Finance
SBET,2026-08-17,6.269999980926514,6.53000020980835,6.239999771118164,6.510000228881836,6.510000228881836,6701800,USD,NCM,America/New_York,Yahoo Finance
SBET,2026-08-18,6.320000171661377,6.429999828338623,6.159999847412109,6.289999961853027,6.289999961853027,8679400,USD,NCM,America/New_York,Yahoo Finance
SBET,2026-08-19,6.349999904632568,7.210000038146973,6.349999904632568,7.079999923706055,7.079999923706055,18881200,USD,NCM,America/New_York,Yahoo Finance
SBET,2026-08-20,7.550000190734863,7.670000076293945,7.170000076293945,7.590000152587891,7.590000152587891,15682000,USD,NCM,America/New_York,Yahoo Finance
SBET,2026-08-21,7.869999885559082,8.140000343322754,7.710000038146973,7.909999847412109,7.909999847412109,14985800,USD,NCM,America/New_York,Yahoo Finance
SBET,2026-08-24,8.0600004196167,8.539999961853027,8.020000457763672,8.270000457763672,8.270000457763672,13942100,USD,NCM,America/New_York,Yahoo Finance
SBET,2026-08-25,8.050000190734863,8.569999694824219,8.0,8.350000381469727,8.350000381469727,12098900,USD,NCM,America/New_York,Yahoo Finance
SBET,2026-08-26,8.15999984741211,8.430000305175781,8.119999885559082,8.319999694824219,8.319999694824219,5905000,USD,NCM,America/New_York,Yahoo Finance
SBET,2026-08-27,8.449999809265137,9.0600004196167,8.390000343322754,8.880000114440918,8.880000114440918,10204300,USD,NCM,America/New_York,Yahoo Finance
SBET,2026-08-28,8.649999618530273,8.760000228881836,8.119999885559082,8.199999809265137,8.199999809265137,7905500,USD,NCM,America/New_York,Yahoo Finance
SBET,2026-08-31,8.239999771118164,8.649999618530273,8.109999656677246,8.630000114440918,8.630000114440918,7721800,USD,NCM,America/New_York,Yahoo Finance
SBET,2026-09-01,8.289999961853027,8.460000038146973,8.079999923706055,8.149999618530273,8.149999618530273,6530000,USD,NCM,America/New_York,Yahoo Finance
SBET,2026-09-02,8.010000228881836,8.270000457763672,7.889999866485596,8.100000381469727,8.100000381469727,6191200,USD,NCM,America/New_York,Yahoo Finance
SBET,2026-09-03,8.34000015258789,9.020000457763672,8.289999961853027,8.979999542236328,8.979999542236328,13224200,USD,NCM,America/New_York,Yahoo Finance
SBET,2026-09-04,8.600000381469727,8.699999809265137,8.350000381469727,8.680000305175781,8.680000305175781,6256200,USD,NCM,America/New_York,Yahoo Finance
SBET,2026-09-08,8.6899995803833,8.9399995803833,8.449999809265137,8.819999694824219,8.819999694824219,7523400,USD,NCM,America/New_York,Yahoo Finance
SBET,2026-09-09,8.989999771118164,9.050000190734863,8.529999732971191,8.539999961853027,8.539999961853027,5855800,USD,NCM,America/New_York,Yahoo Finance
SBET,2026-09-10,8.369999885559082,8.670000076293945,8.329999923706055,8.430000305175781,8.430000305175781,7068600,USD,NCM,America/New_York,Yahoo Finance
SBET,2026-09-11,8.710000038146973,9.489999771118164,8.529999732971191,8.880000114440918,8.880000114440918,13366700,USD,NCM,America/New_York,Yahoo Finance
SBET,2026-09-14,8.770000457763672,9.239999771118164,8.739999771118164,9.149999618530273,9.149999618530273,9260300,USD,NCM,America/New_York,Yahoo Finance
SBET,2026-09-15,8.770000457763672,8.800000190734863,8.109999656677246,8.329999923706055,8.329999923706055,8473200,USD,NCM,America/New_York,Yahoo Finance
SBET,2026-09-16,8.359999656677246,8.40999984741211,7.809999942779541,7.980000019073486,7.980000019073486,7040800,USD,NCM,America/New_York,Yahoo Finance
SBET,2026-09-17,8.170000076293945,8.59000015258789,8.100000381469727,8.260000228881836,8.260000228881836,8216800,USD,NCM,America/New_York,Yahoo Finance
SBET,2026-09-18,8.640000343322754,9.369999885559082,8.579999923706055,9.350000381469727,9.350000381469727,16209000,USD,NCM,America/New_York,Yahoo Finance
SBET,2026-09-21,9.989999771118164,10.119999885559082,9.619999885559082,9.979999542236328,9.979999542236328,13645600,USD,NCM,America/New_York,Yahoo Finance
SBET,2026-09-22,9.90999984741211,10.399999618530273,9.850000381469727,10.229999542236328,10.229999542236328,16130800,USD,NCM,America/New_York,Yahoo Finance
SBET,2026-09-23,10.140000343322754,10.270000457763672,9.739999771118164,9.8100004196167,9.8100004196167,9390900,USD,NCM,America/New_York,Yahoo Finance
SBET,2026-09-24,9.800000190734863,10.029999732971191,9.670000076293945,9.949999809265137,9.949999809265137,5903300,USD,NCM,America/New_York,Yahoo Finance
SBET,2026-09-25,10.0,10.0,9.449999809265137,9.630000114440918,9.630000114440918,5399400,USD,NCM,America/New_York,Yahoo Finance
SBET,2026-09-28,9.5,9.760000228881836,9.420000076293945,9.5,9.5,6990900,USD,NCM,America/New_York,Yahoo Finance
SCCO,2026-08-17,190.9600067138672,193.75,186.47999572753906,192.0399932861328,192.0399932861328,1220500,USD,NYQ,America/New_York,Yahoo Finance
SCCO,2026-08-18,188.3300018310547,190.4499969482422,185.47000122070312,187.8000030517578,187.8000030517578,751900,USD,NYQ,America/New_York,Yahoo Finance
SCCO,2026-08-19,192.86000061035156,198.4499969482422,191.88999938964844,194.67999267578125,194.67999267578125,1493100,USD,NYQ,America/New_York,Yahoo Finance
SCCO,2026-08-20,190.63999938964844,199.8000030517578,190.24000549316406,198.72999572753906,198.72999572753906,1085700,USD,NYQ,America/New_York,Yahoo Finance
SCCO,2026-08-21,206.83999633789062,217.16000366210938,206.83999633789062,216.0,216.0,1850900,USD,NYQ,America/New_York,Yahoo Finance
SCCO,2026-08-24,219.0,220.77999877929688,211.5800018310547,214.25,214.25,1024100,USD,NYQ,America/New_York,Yahoo Finance
SCCO,2026-08-25,212.05999755859375,219.83999633789062,210.30999755859375,219.6999969482422,219.6999969482422,870800,USD,NYQ,America/New_York,Yahoo Finance
SCCO,2026-08-26,217.9199981689453,220.38999938964844,212.83999633789062,213.75,213.75,1118700,USD,NYQ,America/New_York,Yahoo Finance
SCCO,2026-08-27,214.82000732421875,219.8000030517578,213.97999572753906,216.27999877929688,216.27999877929688,1307300,USD,NYQ,America/New_York,Yahoo Finance
SCCO,2026-08-28,217.55999755859375,217.55999755859375,209.57000732421875,209.8000030517578,209.8000030517578,1342100,USD,NYQ,America/New_York,Yahoo Finance
SCCO,2026-08-31,212.5500030517578,213.0399932861328,205.0,208.8699951171875,208.8699951171875,1330000,USD,NYQ,America/New_York,Yahoo Finance
SCCO,2026-09-01,203.10000610351562,209.60000610351562,200.88999938964844,201.61000061035156,201.61000061035156,970100,USD,NYQ,America/New_York,Yahoo Finance
SCCO,2026-09-02,204.5,209.13999938964844,202.02000427246094,204.25999450683594,204.25999450683594,789700,USD,NYQ,America/New_York,Yahoo Finance
SCCO,2026-09-03,208.4499969482422,209.89999389648438,198.8699951171875,199.52999877929688,199.52999877929688,1241500,USD,NYQ,America/New_York,Yahoo Finance
SCCO,2026-09-04,196.10000610351562,201.10000610351562,196.10000610351562,198.75999450683594,198.75999450683594,840100,USD,NYQ,America/New_York,Yahoo Finance
SCCO,2026-09-08,206.67999267578125,213.02000427246094,205.0,208.55999755859375,208.55999755859375,1416200,USD,NYQ,America/New_York,Yahoo Finance
SCCO,2026-09-09,210.0800018310547,213.8300018310547,207.5,209.25999450683594,209.25999450683594,1796100,USD,NYQ,America/New_York,Yahoo Finance
SCCO,2026-09-10,196.8300018310547,198.17999267578125,192.39999389648438,194.13999938964844,194.13999938964844,1747200,USD,NYQ,America/New_York,Yahoo Finance
SCCO,2026-09-11,195.83999633789062,199.44000244140625,192.10000610351562,193.49000549316406,193.49000549316406,774300,USD,NYQ,America/New_York,Yahoo Finance
SCCO,2026-09-14,184.27999877929688,190.27000427246094,183.5,188.35000610351562,188.35000610351562,897100,USD,NYQ,America/New_York,Yahoo Finance
SCCO,2026-09-15,190.0,190.9499969482422,186.63999938964844,189.38999938964844,189.38999938964844,781800,USD,NYQ,America/New_York,Yahoo Finance
SCCO,2026-09-16,192.3000030517578,194.0,186.4199981689453,189.8800048828125,189.8800048828125,942200,USD,NYQ,America/New_York,Yahoo Finance
SCCO,2026-09-17,195.7899932861328,197.92999267578125,193.0,196.11000061035156,196.11000061035156,907700,USD,NYQ,America/New_York,Yahoo Finance
SCCO,2026-09-18,196.80999755859375,196.94000244140625,193.0,195.6999969482422,195.6999969482422,1381000,USD,NYQ,America/New_York,Yahoo Finance
SCCO,2026-09-21,198.10000610351562,198.97999572753906,193.27999877929688,198.05999755859375,198.05999755859375,1059900,USD,NYQ,America/New_York,Yahoo Finance
SCCO,2026-09-22,199.00999450683594,208.0,198.7100067138672,206.13999938964844,206.13999938964844,1004000,USD,NYQ,America/New_York,Yahoo Finance
SCCO,2026-09-23,200.2899932861328,202.69000244140625,197.22999572753906,201.94000244140625,201.94000244140625,998100,USD,NYQ,America/New_York,Yahoo Finance
SCCO,2026-09-24,199.94000244140625,203.1999969482422,197.9499969482422,201.5800018310547,201.5800018310547,808800,USD,NYQ,America/New_York,Yahoo Finance
SCCO,2026-09-25,201.19000244140625,204.6300048828125,200.39999389648438,203.9199981689453,203.9199981689453,777100,USD,NYQ,America/New_York,Yahoo Finance
SCCO,2026-09-28,196.9600067138672,203.5,196.0,202.6300048828125,202.6300048828125,907400,USD,NYQ,America/New_York,Yahoo Finance
SCL,2026-08-17,64.83999633789062,65.0999984741211,64.45999908447266,64.72000122070312,64.31169128417969,70300,USD,NYQ,America/New_York,Yahoo Finance
SCL,2026-08-18,65.19999694824219,65.19999694824219,63.380001068115234,63.43000030517578,63.02982711791992,119600,USD,NYQ,America/New_York,Yahoo Finance
SCL,2026-08-19,64.27999877929688,65.18000030517578,63.56999969482422,63.880001068115234,63.476985931396484,100700,USD,NYQ,America/New_York,Yahoo Finance
SCL,2026-08-20,63.08000183105469,63.900001525878906,62.88999938964844,63.66999816894531,63.268310546875,123800,USD,NYQ,America/New_York,Yahoo Finance
SCL,2026-08-21,64.2699966430664,64.52999877929688,63.380001068115234,63.630001068115234,63.22856521606445,114800,USD,NYQ,America/New_York,Yahoo Finance
SCL,2026-08-24,63.86000061035156,64.30000305175781,62.02000045776367,62.15999984741211,61.76783752441406,90800,USD,NYQ,America/New_York,Yahoo Finance
SCL,2026-08-25,62.439998626708984,62.439998626708984,61.0,62.040000915527344,61.648597717285156,69800,USD,NYQ,America/New_York,Yahoo Finance
SCL,2026-08-26,62.209999084472656,62.91999816894531,61.77000045776367,62.66999816894531,62.274620056152344,107300,USD,NYQ,America/New_York,Yahoo Finance
SCL,2026-08-27,62.20000076293945,63.439998626708984,61.38999938964844,62.810001373291016,62.41373825073242,138200,USD,NYQ,America/New_York,Yahoo Finance
SCL,2026-08-28,62.95000076293945,63.40999984741211,61.84000015258789,62.650001525878906,62.2547492980957,73200,USD,NYQ,America/New_York,Yahoo Finance
SCL,2026-08-31,62.9900016784668,62.9900016784668,61.369998931884766,62.61000061035156,62.21500015258789,109100,USD,NYQ,America/New_York,Yahoo Finance
SCL,2026-09-01,62.040000915527344,62.18000030517578,60.599998474121094,61.45000076293945,61.45000076293945,86800,USD,NYQ,America/New_York,Yahoo Finance
SCL,2026-09-02,61.540000915527344,63.369998931884766,61.220001220703125,62.15999984741211,62.15999984741211,131900,USD,NYQ,America/New_York,Yahoo Finance
SCL,2026-09-03,62.81999969482422,62.81999969482422,61.380001068115234,62.380001068115234,62.380001068115234,165200,USD,NYQ,America/New_York,Yahoo Finance
SCL,2026-09-04,61.83000183105469,63.63999938964844,61.40999984741211,63.41999816894531,63.41999816894531,80700,USD,NYQ,America/New_York,Yahoo Finance
SCL,2026-09-08,62.939998626708984,62.939998626708984,61.70000076293945,62.220001220703125,62.220001220703125,120000,USD,NYQ,America/New_York,Yahoo Finance
SCL,2026-09-09,61.84000015258789,62.349998474121094,61.349998474121094,61.79999923706055,61.79999923706055,128700,USD,NYQ,America/New_York,Yahoo Finance
SCL,2026-09-10,61.400001525878906,61.79999923706055,60.63999938964844,61.65999984741211,61.65999984741211,123500,USD,NYQ,America/New_York,Yahoo Finance
SCL,2026-09-11,62.189998626708984,62.619998931884766,60.86000061035156,61.56999969482422,61.56999969482422,184700,USD,NYQ,America/New_York,Yahoo Finance
SCL,2026-09-14,61.27000045776367,61.5,59.970001220703125,61.11000061035156,61.11000061035156,147600,USD,NYQ,America/New_York,Yahoo Finance
SCL,2026-09-15,61.2400016784668,61.83000183105469,60.5,61.58000183105469,61.58000183105469,217900,USD,NYQ,America/New_York,Yahoo Finance
SCL,2026-09-16,61.75,62.619998931884766,61.119998931884766,61.7599983215332,61.7599983215332,127700,USD,NYQ,America/New_York,Yahoo Finance
SCL,2026-09-17,62.06999969482422,63.04999923706055,61.349998474121094,62.869998931884766,62.869998931884766,242200,USD,NYQ,America/New_York,Yahoo Finance
SCL,2026-09-18,62.060001373291016,62.439998626708984,60.84000015258789,61.880001068115234,61.880001068115234,489200,USD,NYQ,America/New_York,Yahoo Finance
SCL,2026-09-21,62.290000915527344,63.0,61.720001220703125,61.810001373291016,61.810001373291016,110400,USD,NYQ,America/New_York,Yahoo Finance
SCL,2026-09-22,62.59000015258789,64.58000183105469,62.5,64.37999725341797,64.37999725341797,147100,USD,NYQ,America/New_York,Yahoo Finance
SCL,2026-09-23,64.1500015258789,65.04000091552734,63.849998474121094,64.87000274658203,64.87000274658203,115400,USD,NYQ,America/New_York,Yahoo Finance
SCL,2026-09-24,64.69000244140625,65.12999725341797,63.41999816894531,63.81999969482422,63.81999969482422,126000,USD,NYQ,America/New_York,Yahoo Finance
SCL,2026-09-25,63.900001525878906,64.76000213623047,63.599998474121094,64.52999877929688,64.52999877929688,137300,USD,NYQ,America/New_York,Yahoo Finance
SCL,2026-09-28,64.04000091552734,64.83999633789062,63.790000915527344,63.91999816894531,63.91999816894531,116900,USD,NYQ,America/New_York,Yahoo Finance
SEIC,2026-08-17,105.95999908447266,106.93000030517578,105.29000091552734,105.47000122070312,105.47000122070312,484700,USD,NMS,America/New_York,Yahoo Finance
SEIC,2026-08-18,106.25,107.45999908447266,105.52999877929688,106.91999816894531,106.91999816894531,489700,USD,NMS,America/New_York,Yahoo Finance
SEIC,2026-08-19,106.76000213623047,108.04000091552734,106.76000213623047,107.36000061035156,107.36000061035156,646800,USD,NMS,America/New_York,Yahoo Finance
SEIC,2026-08-20,107.75,109.11000061035156,107.43000030517578,107.5999984741211,107.5999984741211,600800,USD,NMS,America/New_York,Yahoo Finance
SEIC,2026-08-21,108.26000213623047,109.75,108.19000244140625,109.52999877929688,109.52999877929688,801200,USD,NMS,America/New_York,Yahoo Finance
SEIC,2026-08-24,109.75,111.9000015258789,109.62000274658203,110.75,110.75,866700,USD,NMS,America/New_York,Yahoo Finance
SEIC,2026-08-25,110.43000030517578,111.5,109.9000015258789,110.9800033569336,110.9800033569336,646300,USD,NMS,America/New_York,Yahoo Finance
SEIC,2026-08-26,110.9800033569336,111.43000030517578,110.33999633789062,110.77999877929688,110.77999877929688,609900,USD,NMS,America/New_York,Yahoo Finance
SEIC,2026-08-27,110.2699966430664,111.43000030517578,109.88999938964844,111.30000305175781,111.30000305175781,710100,USD,NMS,America/New_York,Yahoo Finance
SEIC,2026-08-28,111.68000030517578,112.1500015258789,111.18000030517578,111.62999725341797,111.62999725341797,660700,USD,NMS,America/New_York,Yahoo Finance
SEIC,2026-08-31,111.45999908447266,111.62999725341797,110.45999908447266,110.9800033569336,110.9800033569336,722800,USD,NMS,America/New_York,Yahoo Finance
SEIC,2026-09-01,110.56999969482422,111.1500015258789,109.41999816894531,109.54000091552734,109.54000091552734,649600,USD,NMS,America/New_York,Yahoo Finance
SEIC,2026-09-02,109.69999694824219,110.5,108.0999984741211,109.12000274658203,109.12000274658203,668200,USD,NMS,America/New_York,Yahoo Finance
SEIC,2026-09-03,110.0,111.4800033569336,109.75,111.45999908447266,111.45999908447266,749900,USD,NMS,America/New_York,Yahoo Finance
SEIC,2026-09-04,110.56999969482422,111.16000366210938,109.83000183105469,110.38999938964844,110.38999938964844,590400,USD,NMS,America/New_York,Yahoo Finance
SEIC,2026-09-08,110.33000183105469,110.75,108.5,108.5999984741211,108.5999984741211,859400,USD,NMS,America/New_York,Yahoo Finance
SEIC,2026-09-09,108.37999725341797,108.51000213623047,106.81999969482422,107.16999816894531,107.16999816894531,667700,USD,NMS,America/New_York,Yahoo Finance
SEIC,2026-09-10,107.19000244140625,107.87000274658203,106.31999969482422,106.7699966430664,106.7699966430664,544000,USD,NMS,America/New_York,Yahoo Finance
SEIC,2026-09-11,107.91000366210938,108.94000244140625,105.69000244140625,106.93000030517578,106.93000030517578,579700,USD,NMS,America/New_York,Yahoo Finance
SEIC,2026-09-14,107.86000061035156,108.05000305175781,105.08000183105469,105.51000213623047,105.51000213623047,811700,USD,NMS,America/New_York,Yahoo Finance
SEIC,2026-09-15,106.4800033569336,106.4800033569336,105.01000213623047,105.81999969482422,105.81999969482422,872500,USD,NMS,America/New_York,Yahoo Finance
SEIC,2026-09-16,105.72000122070312,106.33999633789062,103.22000122070312,104.56999969482422,104.56999969482422,721800,USD,NMS,America/New_York,Yahoo Finance
SEIC,2026-09-17,105.48999786376953,105.62999725341797,103.95999908447266,104.8499984741211,104.8499984741211,610600,USD,NMS,America/New_York,Yahoo Finance
SEIC,2026-09-18,104.8499984741211,106.26000213623047,104.20999908447266,105.19999694824219,105.19999694824219,3544900,USD,NMS,America/New_York,Yahoo Finance
SEIC,2026-09-21,106.25,106.25,105.0,105.37999725341797,105.37999725341797,812500,USD,NMS,America/New_York,Yahoo Finance
SEIC,2026-09-22,105.58000183105469,105.94000244140625,101.47000122070312,103.76000213623047,103.76000213623047,1695200,USD,NMS,America/New_York,Yahoo Finance
SEIC,2026-09-23,103.26000213623047,105.2699966430664,103.26000213623047,104.83000183105469,104.83000183105469,694100,USD,NMS,America/New_York,Yahoo Finance
SEIC,2026-09-24,104.98999786376953,105.5,103.54000091552734,104.77999877929688,104.77999877929688,923500,USD,NMS,America/New_York,Yahoo Finance
SEIC,2026-09-25,105.0,106.12000274658203,105.0,105.6500015258789,105.6500015258789,666400,USD,NMS,America/New_York,Yahoo Finance
SEIC,2026-09-28,105.75,105.75,104.08999633789062,104.81999969482422,104.81999969482422,663200,USD,NMS,America/New_York,Yahoo Finance
SG,2026-08-17,6.210000038146973,6.21999979019165,5.670000076293945,5.880000114440918,5.880000114440918,5702600,USD,NYQ,America/New_York,Yahoo Finance
SG,2026-08-18,5.769999980926514,5.980000019073486,5.760000228881836,5.820000171661377,5.820000171661377,3943300,USD,NYQ,America/New_York,Yahoo Finance
SG,2026-08-19,5.949999809265137,6.650000095367432,5.949999809265137,6.420000076293945,6.420000076293945,8358000,USD,NYQ,America/New_York,Yahoo Finance
SG,2026-08-20,6.429999828338623,6.644999980926514,6.380000114440918,6.579999923706055,6.579999923706055,4007100,USD,NYQ,America/New_York,Yahoo Finance
SG,2026-08-21,6.610000133514404,7.0,6.5,6.989999771118164,6.989999771118164,5641700,USD,NYQ,America/New_York,Yahoo Finance
SG,2026-08-24,6.949999809265137,7.159999847412109,6.815000057220459,7.010000228881836,7.010000228881836,4560100,USD,NYQ,America/New_York,Yahoo Finance
SG,2026-08-25,7.010000228881836,7.144999980926514,6.849999904632568,6.900000095367432,6.900000095367432,4938700,USD,NYQ,America/New_York,Yahoo Finance
SG,2026-08-26,6.949999809265137,6.968999862670898,6.760000228881836,6.849999904632568,6.849999904632568,3070900,USD,NYQ,America/New_York,Yahoo Finance
SG,2026-08-27,6.869999885559082,6.869999885559082,6.644999980926514,6.789999961853027,6.789999961853027,2718000,USD,NYQ,America/New_York,Yahoo Finance
SG,2026-08-28,6.829999923706055,7.119999885559082,6.804999828338623,6.96999979019165,6.96999979019165,4239900,USD,NYQ,America/New_York,Yahoo Finance
SG,2026-08-31,6.929999828338623,7.074999809265137,6.840000152587891,6.960000038146973,6.960000038146973,5223500,USD,NYQ,America/New_York,Yahoo Finance
SG,2026-09-01,6.889999866485596,6.909999847412109,6.389999866485596,6.46999979019165,6.46999979019165,7253600,USD,NYQ,America/New_York,Yahoo Finance
SG,2026-09-02,6.434999942779541,6.829999923706055,6.380000114440918,6.730000019073486,6.730000019073486,3820000,USD,NYQ,America/New_York,Yahoo Finance
SG,2026-09-03,6.75,6.849999904632568,6.565000057220459,6.679999828338623,6.679999828338623,2626100,USD,NYQ,America/New_York,Yahoo Finance
SG,2026-09-04,6.650000095367432,7.0,6.46999979019165,6.840000152587891,6.840000152587891,3106400,USD,NYQ,America/New_York,Yahoo Finance
SG,2026-09-08,7.289999961853027,7.360000133514404,6.610000133514404,6.949999809265137,6.949999809265137,5756000,USD,NYQ,America/New_York,Yahoo Finance
SG,2026-09-09,6.909999847412109,7.005000114440918,6.684999942779541,6.71999979019165,6.71999979019165,3612200,USD,NYQ,America/New_York,Yahoo Finance
SG,2026-09-10,6.710000038146973,7.025000095367432,6.579999923706055,6.760000228881836,6.760000228881836,8529900,USD,NYQ,America/New_York,Yahoo Finance
SG,2026-09-11,6.909999847412109,7.284999847412109,6.835000038146973,7.099999904632568,7.099999904632568,6410100,USD,NYQ,America/New_York,Yahoo Finance
SG,2026-09-14,7.099999904632568,7.400000095367432,7.03000020980835,7.25,7.25,4170700,USD,NYQ,America/New_York,Yahoo Finance
SG,2026-09-15,7.199999809265137,7.25,6.679999828338623,6.829999923706055,6.829999923706055,5510000,USD,NYQ,America/New_York,Yahoo Finance
SG,2026-09-16,6.849999904632568,6.960000038146973,6.610000133514404,6.619999885559082,6.619999885559082,4351400,USD,NYQ,America/New_York,Yahoo Finance
SG,2026-09-17,6.909999847412109,7.03000020980835,6.735000133514404,6.840000152587891,6.840000152587891,3958800,USD,NYQ,America/New_York,Yahoo Finance
SG,2026-09-18,6.949999809265137,7.260000228881836,6.920000076293945,7.21999979019165,7.21999979019165,5876000,USD,NYQ,America/New_York,Yahoo Finance
SG,2026-09-21,7.289999961853027,7.619999885559082,7.230000019073486,7.480000019073486,7.480000019073486,5617200,USD,NYQ,America/New_York,Yahoo Finance
SG,2026-09-22,7.590000152587891,7.96999979019165,7.550000190734863,7.670000076293945,7.670000076293945,5879900,USD,NYQ,America/New_York,Yahoo Finance
SG,2026-09-23,7.650000095367432,7.78000020980835,7.400000095367432,7.710000038146973,7.710000038146973,3882200,USD,NYQ,America/New_York,Yahoo Finance
SG,2026-09-24,7.699999809265137,8.260000228881836,7.699999809265137,8.260000228881836,8.260000228881836,5917000,USD,NYQ,America/New_York,Yahoo Finance
SG,2026-09-25,8.234999656677246,8.4350004196167,8.0,8.239999771118164,8.239999771118164,4314600,USD,NYQ,America/New_York,Yahoo Finance
SG,2026-09-28,8.569999694824219,8.800000190734863,8.199999809265137,8.239999771118164,8.239999771118164,7946600,USD,NYQ,America/New_York,Yahoo Finance
SHOO,2026-08-17,46.79999923706055,47.130001068115234,46.25,46.599998474121094,46.364532470703125,973400,USD,NMS,America/New_York,Yahoo Finance
SHOO,2026-08-18,46.599998474121094,47.16999816894531,46.02000045776367,46.75,46.51377487182617,1152600,USD,NMS,America/New_York,Yahoo Finance
SHOO,2026-08-19,47.220001220703125,47.529998779296875,46.810001373291016,47.34000015258789,47.10079574584961,1044800,USD,NMS,America/New_York,Yahoo Finance
SHOO,2026-08-20,46.36000061035156,46.36000061035156,45.15999984741211,45.709999084472656,45.47903060913086,956100,USD,NMS,America/New_York,Yahoo Finance
SHOO,2026-08-21,46.25,46.54999923706055,45.970001220703125,46.08000183105469,45.847164154052734,568800,USD,NMS,America/New_York,Yahoo Finance
SHOO,2026-08-24,45.97999954223633,46.43000030517578,45.63999938964844,45.90999984741211,45.67802047729492,394400,USD,NMS,America/New_York,Yahoo Finance
SHOO,2026-08-25,45.86000061035156,45.97999954223633,44.689998626708984,45.5,45.27009201049805,544600,USD,NMS,America/New_York,Yahoo Finance
SHOO,2026-08-26,45.689998626708984,45.70000076293945,44.90999984741211,45.11000061035156,44.88206481933594,742800,USD,NMS,America/New_York,Yahoo Finance
SHOO,2026-08-27,44.59000015258789,45.380001068115234,44.290000915527344,44.689998626708984,44.46418380737305,572800,USD,NMS,America/New_York,Yahoo Finance
SHOO,2026-08-28,45.0,45.220001220703125,44.130001068115234,44.2400016784668,44.01646041870117,720900,USD,NMS,America/New_York,Yahoo Finance
SHOO,2026-08-31,43.959999084472656,44.08000183105469,42.65999984741211,43.18000030517578,42.961814880371094,898800,USD,NMS,America/New_York,Yahoo Finance
SHOO,2026-09-01,42.529998779296875,42.790000915527344,41.400001525878906,41.439998626708984,41.23060607910156,929800,USD,NMS,America/New_York,Yahoo Finance
SHOO,2026-09-02,41.900001525878906,42.40999984741211,41.58000183105469,41.9900016784668,41.777828216552734,1214900,USD,NMS,America/New_York,Yahoo Finance
SHOO,2026-09-03,42.15999984741211,42.66999816894531,41.439998626708984,42.29999923706055,42.08626174926758,1384200,USD,NMS,America/New_York,Yahoo Finance
SHOO,2026-09-04,41.630001068115234,43.83000183105469,41.630001068115234,43.68000030517578,43.45928955078125,1108800,USD,NMS,America/New_York,Yahoo Finance
SHOO,2026-09-08,43.290000915527344,43.91999816894531,43.02000045776367,43.15999984741211,42.941917419433594,951000,USD,NMS,America/New_York,Yahoo Finance
SHOO,2026-09-09,43.400001525878906,44.7400016784668,43.22999954223633,43.459999084472656,43.24039840698242,1312200,USD,NMS,America/New_York,Yahoo Finance
SHOO,2026-09-10,42.86000061035156,42.86000061035156,41.47999954223633,41.560001373291016,41.35000228881836,1168800,USD,NMS,America/New_York,Yahoo Finance
SHOO,2026-09-11,41.77000045776367,43.02000045776367,41.77000045776367,42.93000030517578,42.93000030517578,1248800,USD,NMS,America/New_York,Yahoo Finance
SHOO,2026-09-14,42.06999969482422,42.81999969482422,41.54999923706055,42.34000015258789,42.34000015258789,1238500,USD,NMS,America/New_York,Yahoo Finance
SHOO,2026-09-15,42.47999954223633,43.16999816894531,40.380001068115234,40.459999084472656,40.459999084472656,1207500,USD,NMS,America/New_York,Yahoo Finance
SHOO,2026-09-16,40.9900016784668,42.34000015258789,40.90999984741211,41.5099983215332,41.5099983215332,1124300,USD,NMS,America/New_York,Yahoo Finance
SHOO,2026-09-17,42.459999084472656,42.810001373291016,41.77000045776367,41.79999923706055,41.79999923706055,842900,USD,NMS,America/New_York,Yahoo Finance
SHOO,2026-09-18,41.59000015258789,42.310001373291016,41.459999084472656,42.11000061035156,42.11000061035156,2472500,USD,NMS,America/New_York,Yahoo Finance
SHOO,2026-09-21,42.31999969482422,42.90999984741211,41.84000015258789,42.83000183105469,42.83000183105469,1277700,USD,NMS,America/New_York,Yahoo Finance
SHOO,2026-09-22,43.060001373291016,44.650001525878906,43.060001373291016,44.45000076293945,44.45000076293945,1062100,USD,NMS,America/New_York,Yahoo Finance
SHOO,2026-09-23,44.45000076293945,44.619998931884766,43.36000061035156,43.400001525878906,43.400001525878906,1043200,USD,NMS,America/New_York,Yahoo Finance
SHOO,2026-09-24,43.470001220703125,44.38999938964844,42.939998626708984,44.22999954223633,44.22999954223633,832900,USD,NMS,America/New_York,Yahoo Finance
SHOO,2026-09-25,44.220001220703125,45.20000076293945,43.83000183105469,45.060001373291016,45.060001373291016,845800,USD,NMS,America/New_York,Yahoo Finance
SHOO,2026-09-28,44.52000045776367,45.22999954223633,44.15999984741211,44.900001525878906,44.900001525878906,1128200,USD,NMS,America/New_York,Yahoo Finance
SIFY,2026-08-17,15.420000076293945,15.729999542236328,15.399999618530273,15.5,15.5,15700,USD,NCM,America/New_York,Yahoo Finance
SIFY,2026-08-18,15.399999618530273,15.399999618530273,14.9399995803833,15.0600004196167,15.0600004196167,6700,USD,NCM,America/New_York,Yahoo Finance
SIFY,2026-08-19,15.260000228881836,15.260000228881836,14.40999984741211,14.470000267028809,14.470000267028809,26100,USD,NCM,America/New_York,Yahoo Finance
SIFY,2026-08-20,14.5,14.550000190734863,14.140000343322754,14.260000228881836,14.260000228881836,19400,USD,NCM,America/New_York,Yahoo Finance
SIFY,2026-08-21,14.260000228881836,14.819999694824219,14.260000228881836,14.65999984741211,14.65999984741211,19100,USD,NCM,America/New_York,Yahoo Finance
SIFY,2026-08-24,14.550000190734863,14.5600004196167,14.210000038146973,14.279999732971191,14.279999732971191,9200,USD,NCM,America/New_York,Yahoo Finance
SIFY,2026-08-25,14.319999694824219,14.619999885559082,14.289999961853027,14.449999809265137,14.449999809265137,13500,USD,NCM,America/New_York,Yahoo Finance
SIFY,2026-08-26,14.34000015258789,14.90999984741211,14.329999923706055,14.770000457763672,14.770000457763672,19800,USD,NCM,America/New_York,Yahoo Finance
SIFY,2026-08-27,14.15999984741211,14.899999618530273,14.15999984741211,14.789999961853027,14.789999961853027,20300,USD,NCM,America/New_York,Yahoo Finance
SIFY,2026-08-28,14.979999542236328,14.979999542236328,14.300000190734863,14.399999618530273,14.399999618530273,13600,USD,NCM,America/New_York,Yahoo Finance
SIFY,2026-08-31,14.430000305175781,15.1899995803833,14.270000457763672,14.90999984741211,14.90999984741211,52800,USD,NCM,America/New_York,Yahoo Finance
SIFY,2026-09-01,14.65999984741211,15.15999984741211,14.210000038146973,14.210000038146973,14.210000038146973,23100,USD,NCM,America/New_York,Yahoo Finance
SIFY,2026-09-02,14.199999809265137,14.569999694824219,14.100000381469727,14.329999923706055,14.329999923706055,24700,USD,NCM,America/New_York,Yahoo Finance
SIFY,2026-09-03,14.329999923706055,14.479999542236328,14.210000038146973,14.430000305175781,14.430000305175781,11600,USD,NCM,America/New_York,Yahoo Finance
SIFY,2026-09-04,14.829999923706055,14.869999885559082,14.350000381469727,14.350000381469727,14.350000381469727,32100,USD,NCM,America/New_York,Yahoo Finance
SIFY,2026-09-08,14.210000038146973,14.59000015258789,14.100000381469727,14.300000190734863,14.300000190734863,11500,USD,NCM,America/New_York,Yahoo Finance
SIFY,2026-09-09,14.470000267028809,14.470000267028809,14.229999542236328,14.300000190734863,14.300000190734863,9100,USD,NCM,America/New_York,Yahoo Finance
SIFY,2026-09-10,14.119999885559082,14.430000305175781,14.010000228881836,14.1899995803833,14.1899995803833,14800,USD,NCM,America/New_York,Yahoo Finance
SIFY,2026-09-11,14.25,14.649999618530273,13.0600004196167,13.779999732971191,13.779999732971191,78300,USD,NCM,America/New_York,Yahoo Finance
SIFY,2026-09-14,13.569999694824219,13.779999732971191,13.359999656677246,13.5600004196167,13.5600004196167,28800,USD,NCM,America/New_York,Yahoo Finance
SIFY,2026-09-15,13.5,13.699999809265137,13.380000114440918,13.670000076293945,13.670000076293945,20800,USD,NCM,America/New_York,Yahoo Finance
SIFY,2026-09-16,13.680000305175781,13.899999618530273,13.1899995803833,13.329999923706055,13.329999923706055,24200,USD,NCM,America/New_York,Yahoo Finance
SIFY,2026-09-17,13.390000343322754,14.15999984741211,13.390000343322754,13.800000190734863,13.800000190734863,39900,USD,NCM,America/New_York,Yahoo Finance
SIFY,2026-09-18,13.40999984741211,14.0,13.40999984741211,13.65999984741211,13.65999984741211,24400,USD,NCM,America/New_York,Yahoo Finance
SIFY,2026-09-21,13.84000015258789,14.199999809265137,13.65999984741211,14.079999923706055,14.079999923706055,50800,USD,NCM,America/New_York,Yahoo Finance
SIFY,2026-09-22,14.199999809265137,14.510000228881836,13.729999542236328,13.970000267028809,13.970000267028809,115500,USD,NCM,America/New_York,Yahoo Finance
SIFY,2026-09-23,13.779999732971191,13.949999809265137,13.5600004196167,13.729999542236328,13.729999542236328,20100,USD,NCM,America/New_York,Yahoo Finance
SIFY,2026-09-24,13.529999732971191,13.84000015258789,13.25,13.40999984741211,13.40999984741211,16500,USD,NCM,America/New_York,Yahoo Finance
SIFY,2026-09-25,13.430000305175781,13.470000267028809,13.289999961853027,13.350000381469727,13.350000381469727,43200,USD,NCM,America/New_York,Yahoo Finance
SIFY,2026-09-28,13.229999542236328,13.65999984741211,13.149999618530273,13.329999923706055,13.329999923706055,25800,USD,NCM,America/New_York,Yahoo Finance
SITM,2026-08-17,725.0,754.989990234375,724.25,749.4400024414062,749.4400024414062,515300,USD,NGM,America/New_York,Yahoo Finance
SITM,2026-08-18,709.9199829101562,725.0,671.6599731445312,680.0599975585938,680.0599975585938,397700,USD,NGM,America/New_York,Yahoo Finance
SITM,2026-08-19,684.030029296875,691.5269775390625,618.0,618.7100219726562,618.7100219726562,518600,USD,NGM,America/New_York,Yahoo Finance
SITM,2026-08-20,620.0,628.0499877929688,595.010009765625,598.8099975585938,598.8099975585938,315800,USD,NGM,America/New_York,Yahoo Finance
SITM,2026-08-21,615.010009765625,635.0,601.9099731445312,614.8300170898438,614.8300170898438,333100,USD,NGM,America/New_York,Yahoo Finance
SITM,2026-08-24,600.0,600.35498046875,572.5499877929688,580.969970703125,580.969970703125,328800,USD,NGM,America/New_York,Yahoo Finance
SITM,2026-08-25,602.8099975585938,603.0999755859375,585.125,594.0999755859375,594.0999755859375,285100,USD,NGM,America/New_York,Yahoo Finance
SITM,2026-08-26,592.2899780273438,610.5,585.0,596.969970703125,596.969970703125,208800,USD,NGM,America/New_York,Yahoo Finance
SITM,2026-08-27,612.1300048828125,624.0819702148438,593.760009765625,599.8900146484375,599.8900146484375,212700,USD,NGM,America/New_York,Yahoo Finance
SITM,2026-08-28,588.9400024414062,599.0,556.719970703125,557.8599853515625,557.8599853515625,339700,USD,NGM,America/New_York,Yahoo Finance
SITM,2026-08-31,562.0999755859375,573.7750244140625,554.0,565.4199829101562,565.4199829101562,312800,USD,NGM,America/New_York,Yahoo Finance
SITM,2026-09-01,552.0,558.9400024414062,536.1099853515625,552.75,552.75,315300,USD,NGM,America/New_York,Yahoo Finance
SITM,2026-09-02,552.75,571.530029296875,544.4149780273438,568.8200073242188,568.8200073242188,434600,USD,NGM,America/New_York,Yahoo Finance
SITM,2026-09-03,567.8300170898438,581.510009765625,552.22998046875,574.4650268554688,574.4650268554688,253600,USD,NGM,America/New_York,Yahoo Finance
SITM,2026-09-04,587.4299926757812,613.969970703125,583.0,612.0900268554688,612.0900268554688,298600,USD,NGM,America/New_York,Yahoo Finance
SITM,2026-09-08,628.5,641.0,597.5700073242188,598.9500122070312,598.9500122070312,315000,USD,NGM,America/New_York,Yahoo Finance
SITM,2026-09-09,592.9600219726562,614.1900024414062,588.010009765625,589.8699951171875,589.8699951171875,387400,USD,NGM,America/New_York,Yahoo Finance
SITM,2026-09-10,574.3200073242188,622.8300170898438,566.0,602.27001953125,602.27001953125,590200,USD,NGM,America/New_York,Yahoo Finance
SITM,2026-09-11,614.875,645.0,607.8200073242188,635.6599731445312,635.6599731445312,380000,USD,NGM,America/New_York,Yahoo Finance
SITM,2026-09-14,595.0,595.0,554.1400146484375,558.3499755859375,558.3499755859375,518200,USD,NGM,America/New_York,Yahoo Finance
SITM,2026-09-15,568.8599853515625,574.4409790039062,540.780029296875,550.3900146484375,550.3900146484375,410300,USD,NGM,America/New_York,Yahoo Finance
SITM,2026-09-16,560.3200073242188,566.7100219726562,539.5399780273438,548.9000244140625,548.9000244140625,506600,USD,NGM,America/New_York,Yahoo Finance
SITM,2026-09-17,580.1599731445312,607.969970703125,569.75,598.5999755859375,598.5999755859375,661700,USD,NGM,America/New_York,Yahoo Finance
SITM,2026-09-18,616.530029296875,619.989990234375,601.2100219726562,614.27001953125,614.27001953125,1062200,USD,NGM,America/New_York,Yahoo Finance
SITM,2026-09-21,629.9000244140625,644.969970703125,615.0,638.3200073242188,638.3200073242188,715700,USD,NGM,America/New_York,Yahoo Finance
SITM,2026-09-22,622.4500122070312,635.010009765625,621.02001953125,633.719970703125,633.719970703125,524000,USD,NGM,America/New_York,Yahoo Finance
SITM,2026-09-23,627.4000244140625,627.9600219726562,593.6799926757812,608.9099731445312,608.9099731445312,340700,USD,NGM,America/New_York,Yahoo Finance
SITM,2026-09-24,590.5800170898438,645.3900146484375,578.530029296875,643.239990234375,643.239990234375,449800,USD,NGM,America/New_York,Yahoo Finance
SITM,2026-09-25,650.0,669.8579711914062,638.6300048828125,662.27001953125,662.27001953125,501700,USD,NGM,America/New_York,Yahoo Finance
SITM,2026-09-28,660.6900024414062,666.3400268554688,634.8800048828125,656.6500244140625,656.6500244140625,335400,USD,NGM,America/New_York,Yahoo Finance
SKHY,2026-08-17,172.60000610351562,178.42999267578125,169.57000732421875,171.3800048828125,171.3800048828125,24223300,USD,NMS,America/New_York,Yahoo Finance
SKHY,2026-08-18,161.77999877929688,163.8800048828125,154.52999877929688,155.6199951171875,155.6199951171875,22821900,USD,NMS,America/New_York,Yahoo Finance
SKHY,2026-08-19,162.77999877929688,163.8000030517578,155.6199951171875,156.16000366210938,156.16000366210938,33980100,USD,NMS,America/New_York,Yahoo Finance
SKHY,2026-08-20,162.07000732421875,166.38999938964844,160.1300048828125,163.0800018310547,163.0800018310547,21693000,USD,NMS,America/New_York,Yahoo Finance
SKHY,2026-08-21,167.0500030517578,167.4600067138672,162.57000732421875,163.41000366210938,163.41000366210938,15475700,USD,NMS,America/New_York,Yahoo Finance
SKHY,2026-08-24,157.3699951171875,157.5500030517578,151.5,155.3699951171875,155.3699951171875,16711100,USD,NMS,America/New_York,Yahoo Finance
SKHY,2026-08-25,159.89999389648438,161.1999969482422,156.24000549316406,159.52999877929688,159.52999877929688,12287300,USD,NMS,America/New_York,Yahoo Finance
SKHY,2026-08-26,158.61000061035156,161.2100067138672,157.58999633789062,158.02000427246094,158.02000427246094,10327400,USD,NMS,America/New_York,Yahoo Finance
SKHY,2026-08-27,163.8800048828125,164.72999572753906,158.61000061035156,161.61000061035156,161.61000061035156,13394000,USD,NMS,America/New_York,Yahoo Finance
SKHY,2026-08-28,159.1999969482422,163.55999755859375,157.97000122070312,161.0399932861328,161.0399932861328,11712000,USD,NMS,America/New_York,Yahoo Finance
SKHY,2026-08-31,160.75,165.07000732421875,160.5,164.5800018310547,164.5800018310547,12183300,USD,NMS,America/New_York,Yahoo Finance
SKHY,2026-09-01,161.5,164.0399932861328,158.52000427246094,160.77999877929688,160.77999877929688,10875700,USD,NMS,America/New_York,Yahoo Finance
SKHY,2026-09-02,159.77000427246094,165.47000122070312,158.6699981689453,164.97999572753906,164.97999572753906,11261900,USD,NMS,America/New_York,Yahoo Finance
SKHY,2026-09-03,160.82000732421875,164.6300048828125,157.72999572753906,163.67999267578125,163.67999267578125,14757700,USD,NMS,America/New_York,Yahoo Finance
SKHY,2026-09-04,164.61000061035156,177.6999969482422,164.61000061035156,177.0,177.0,20803200,USD,NMS,America/New_York,Yahoo Finance
SKHY,2026-09-08,184.6699981689453,189.82000732421875,183.9600067138672,185.5500030517578,185.5500030517578,23156300,USD,NMS,America/New_York,Yahoo Finance
SKHY,2026-09-09,188.0800018310547,199.8699951171875,187.52999877929688,198.6300048828125,198.6300048828125,30460300,USD,NMS,America/New_York,Yahoo Finance
SKHY,2026-09-10,189.42999267578125,193.5500030517578,187.1699981689453,188.3000030517578,188.3000030517578,22099400,USD,NMS,America/New_York,Yahoo Finance
SKHY,2026-09-11,192.94000244140625,192.94000244140625,187.0,190.07000732421875,190.07000732421875,14934600,USD,NMS,America/New_York,Yahoo Finance
SKHY,2026-09-14,174.92999267578125,179.89999389648438,174.58999633789062,175.6300048828125,175.6300048828125,20965200,USD,NMS,America/New_York,Yahoo Finance
SKHY,2026-09-15,179.25,181.2899932861328,172.22999572753906,174.8300018310547,174.8300018310547,14158600,USD,NMS,America/New_York,Yahoo Finance
SKHY,2026-09-16,180.33999633789062,180.66000366210938,172.77999877929688,174.8699951171875,174.8699951171875,15889400,USD,NMS,America/New_York,Yahoo Finance
SKHY,2026-09-17,181.97999572753906,185.3300018310547,181.25999450683594,182.99000549316406,182.99000549316406,16880700,USD,NMS,America/New_York,Yahoo Finance
SKHY,2026-09-18,184.91000366210938,192.00999450683594,182.8000030517578,187.5,187.5,71104200,USD,NMS,America/New_York,Yahoo Finance
SKHY,2026-09-21,188.30999755859375,190.25,185.91000366210938,188.86000061035156,188.86000061035156,20475200,USD,NMS,America/New_York,Yahoo Finance
SKHY,2026-09-22,187.0500030517578,196.47999572753906,186.3699951171875,195.3699951171875,195.3699951171875,18693800,USD,NMS,America/New_York,Yahoo Finance
SKHY,2026-09-23,191.60000610351562,193.0800018310547,186.11000061035156,189.27999877929688,189.27999877929688,13960700,USD,NMS,America/New_York,Yahoo Finance
SKHY,2026-09-24,185.57000732421875,188.89999389648438,184.74000549316406,186.3699951171875,186.3699951171875,9582400,USD,NMS,America/New_York,Yahoo Finance
SKHY,2026-09-25,189.36000061035156,192.8300018310547,187.8000030517578,191.55999755859375,191.55999755859375,13710500,USD,NMS,America/New_York,Yahoo Finance
SKHY,2026-09-28,185.8000030517578,186.6999969482422,179.30999755859375,181.9199981689453,181.9199981689453,16104500,USD,NMS,America/New_York,Yahoo Finance
SKY,2026-08-17,93.95999908447266,94.76000213623047,93.1500015258789,93.20999908447266,93.20999908447266,610300,USD,NYQ,America/New_York,Yahoo Finance
SKY,2026-08-18,93.3499984741211,93.3499984741211,90.86000061035156,90.86000061035156,90.86000061035156,520900,USD,NYQ,America/New_York,Yahoo Finance
SKY,2026-08-19,93.05999755859375,96.0,91.41999816894531,92.58000183105469,92.58000183105469,1320400,USD,NYQ,America/New_York,Yahoo Finance
SKY,2026-08-20,89.30999755859375,90.87000274658203,89.30999755859375,89.94999694824219,89.94999694824219,724400,USD,NYQ,America/New_York,Yahoo Finance
SKY,2026-08-21,90.80000305175781,91.30000305175781,89.6500015258789,90.25,90.25,611800,USD,NYQ,America/New_York,Yahoo Finance
SKY,2026-08-24,90.86000061035156,91.61000061035156,89.94000244140625,91.52999877929688,91.52999877929688,1177700,USD,NYQ,America/New_York,Yahoo Finance
SKY,2026-08-25,92.86000061035156,94.93000030517578,89.97000122070312,91.73999786376953,91.73999786376953,525300,USD,NYQ,America/New_York,Yahoo Finance
SKY,2026-08-26,91.79000091552734,92.2699966430664,90.81999969482422,91.18000030517578,91.18000030517578,360500,USD,NYQ,America/New_York,Yahoo Finance
SKY,2026-08-27,92.13999938964844,92.13999938964844,89.31999969482422,90.02999877929688,90.02999877929688,409900,USD,NYQ,America/New_York,Yahoo Finance
SKY,2026-08-28,90.58000183105469,91.33000183105469,89.91999816894531,90.22000122070312,90.22000122070312,369100,USD,NYQ,America/New_York,Yahoo Finance
SKY,2026-08-31,89.62999725341797,90.20999908447266,88.51000213623047,89.2699966430664,89.2699966430664,448800,USD,NYQ,America/New_York,Yahoo Finance
SKY,2026-09-01,88.36000061035156,88.70999908447266,85.08999633789062,85.68000030517578,85.68000030517578,537000,USD,NYQ,America/New_York,Yahoo Finance
SKY,2026-09-02,86.19000244140625,87.38999938964844,85.44000244140625,86.05999755859375,86.05999755859375,572200,USD,NYQ,America/New_York,Yahoo Finance
SKY,2026-09-03,87.1500015258789,88.01000213623047,86.04000091552734,86.11000061035156,86.11000061035156,394400,USD,NYQ,America/New_York,Yahoo Finance
SKY,2026-09-04,85.95999908447266,88.51000213623047,85.12000274658203,87.76000213623047,87.76000213623047,406800,USD,NYQ,America/New_York,Yahoo Finance
SKY,2026-09-08,87.12000274658203,88.56999969482422,84.55999755859375,84.58000183105469,84.58000183105469,324500,USD,NYQ,America/New_York,Yahoo Finance
SKY,2026-09-09,84.20999908447266,84.80999755859375,80.83000183105469,83.30000305175781,83.30000305175781,457000,USD,NYQ,America/New_York,Yahoo Finance
SKY,2026-09-10,82.11000061035156,82.48999786376953,80.37999725341797,81.75,81.75,470200,USD,NYQ,America/New_York,Yahoo Finance
SKY,2026-09-11,83.13999938964844,83.62999725341797,81.2300033569336,83.16000366210938,83.16000366210938,609000,USD,NYQ,America/New_York,Yahoo Finance
SKY,2026-09-14,82.2300033569336,84.41999816894531,82.08999633789062,83.76000213623047,83.76000213623047,442000,USD,NYQ,America/New_York,Yahoo Finance
SKY,2026-09-15,83.23999786376953,85.23999786376953,82.12000274658203,84.63999938964844,84.63999938964844,638900,USD,NYQ,America/New_York,Yahoo Finance
SKY,2026-09-16,84.62000274658203,86.88999938964844,83.81999969482422,84.88999938964844,84.88999938964844,736500,USD,NYQ,America/New_York,Yahoo Finance
SKY,2026-09-17,87.1500015258789,89.0,84.83000183105469,85.1500015258789,85.1500015258789,651400,USD,NYQ,America/New_York,Yahoo Finance
SKY,2026-09-18,84.37999725341797,84.69999694824219,83.0199966430664,84.58999633789062,84.58999633789062,1191100,USD,NYQ,America/New_York,Yahoo Finance
SKY,2026-09-21,84.91999816894531,87.04000091552734,83.79000091552734,86.48999786376953,86.48999786376953,547600,USD,NYQ,America/New_York,Yahoo Finance
SKY,2026-09-22,88.5199966430664,90.0199966430664,87.54000091552734,88.83999633789062,88.83999633789062,621400,USD,NYQ,America/New_York,Yahoo Finance
SKY,2026-09-23,87.83999633789062,88.2699966430664,85.37999725341797,85.45999908447266,85.45999908447266,414600,USD,NYQ,America/New_York,Yahoo Finance
SKY,2026-09-24,85.37999725341797,86.3499984741211,84.08000183105469,85.68000030517578,85.68000030517578,437200,USD,NYQ,America/New_York,Yahoo Finance
SKY,2026-09-25,85.91000366210938,87.79000091552734,85.05000305175781,87.72000122070312,87.72000122070312,407500,USD,NYQ,America/New_York,Yahoo Finance
SKY,2026-09-28,86.83000183105469,88.06999969482422,86.0,86.81999969482422,86.81999969482422,449800,USD,NYQ,America/New_York,Yahoo Finance
SMBC,2026-08-17,76.38999938964844,76.77999877929688,75.94999694824219,76.3499984741211,76.3499984741211,132200,USD,NGM,America/New_York,Yahoo Finance
SMBC,2026-08-18,76.3499984741211,76.3499984741211,75.41000366210938,75.80999755859375,75.80999755859375,144400,USD,NGM,America/New_York,Yahoo Finance
SMBC,2026-08-19,76.30999755859375,76.30999755859375,73.72000122070312,74.01000213623047,74.01000213623047,87100,USD,NGM,America/New_York,Yahoo Finance
SMBC,2026-08-20,73.56999969482422,74.5,73.45999908447266,74.05999755859375,74.05999755859375,107100,USD,NGM,America/New_York,Yahoo Finance
SMBC,2026-08-21,74.63999938964844,74.94999694824219,73.37999725341797,74.37999725341797,74.37999725341797,83400,USD,NGM,America/New_York,Yahoo Finance
SMBC,2026-08-24,74.43000030517578,75.19000244140625,74.19000244140625,74.36000061035156,74.36000061035156,65700,USD,NGM,America/New_York,Yahoo Finance
SMBC,2026-08-25,74.55000305175781,74.95999908447266,73.9000015258789,74.01000213623047,74.01000213623047,61700,USD,NGM,America/New_York,Yahoo Finance
SMBC,2026-08-26,74.19999694824219,75.33999633789062,73.61000061035156,74.29000091552734,74.29000091552734,109000,USD,NGM,America/New_York,Yahoo Finance
SMBC,2026-08-27,73.93000030517578,74.44999694824219,73.19999694824219,74.31999969482422,74.31999969482422,101000,USD,NGM,America/New_York,Yahoo Finance
SMBC,2026-08-28,74.52999877929688,75.0,73.70999908447266,73.9800033569336,73.9800033569336,117800,USD,NGM,America/New_York,Yahoo Finance
SMBC,2026-08-31,73.91999816894531,73.98999786376953,73.08000183105469,73.58999633789062,73.58999633789062,68900,USD,NGM,America/New_York,Yahoo Finance
SMBC,2026-09-01,73.25,74.08000183105469,72.4000015258789,72.62999725341797,72.62999725341797,82800,USD,NGM,America/New_York,Yahoo Finance
SMBC,2026-09-02,72.47000122070312,73.63999938964844,72.2300033569336,73.01000213623047,73.01000213623047,141100,USD,NGM,America/New_York,Yahoo Finance
SMBC,2026-09-03,73.58000183105469,74.88999938964844,73.2699966430664,73.41000366210938,73.41000366210938,99900,USD,NGM,America/New_York,Yahoo Finance
SMBC,2026-09-04,72.87999725341797,74.54000091552734,72.87999725341797,74.16999816894531,74.16999816894531,86300,USD,NGM,America/New_York,Yahoo Finance
SMBC,2026-09-08,73.81999969482422,74.19999694824219,73.30000305175781,73.5199966430664,73.5199966430664,86300,USD,NGM,America/New_York,Yahoo Finance
SMBC,2026-09-09,72.87999725341797,73.4800033569336,72.12000274658203,72.81999969482422,72.81999969482422,137200,USD,NGM,America/New_York,Yahoo Finance
SMBC,2026-09-10,72.72000122070312,73.30000305175781,72.30000305175781,73.2300033569336,73.2300033569336,100100,USD,NGM,America/New_York,Yahoo Finance
SMBC,2026-09-11,73.7699966430664,74.4000015258789,72.52999877929688,73.26000213623047,73.26000213623047,81800,USD,NGM,America/New_York,Yahoo Finance
SMBC,2026-09-14,73.27999877929688,73.8499984741211,72.83000183105469,73.30000305175781,73.30000305175781,79100,USD,NGM,America/New_York,Yahoo Finance
SMBC,2026-09-15,72.9800033569336,73.79000091552734,72.77999877929688,73.48999786376953,73.48999786376953,83400,USD,NGM,America/New_York,Yahoo Finance
SMBC,2026-09-16,73.54000091552734,73.73999786376953,71.54000091552734,72.5199966430664,72.5199966430664,81900,USD,NGM,America/New_York,Yahoo Finance
SMBC,2026-09-17,73.13999938964844,73.13999938964844,72.11000061035156,72.38999938964844,72.38999938964844,76000,USD,NGM,America/New_York,Yahoo Finance
SMBC,2026-09-18,72.01000213623047,72.66999816894531,71.69000244140625,72.48999786376953,72.48999786376953,202800,USD,NGM,America/New_York,Yahoo Finance
SMBC,2026-09-21,72.41999816894531,73.0,71.93000030517578,72.02999877929688,72.02999877929688,86700,USD,NGM,America/New_York,Yahoo Finance
SMBC,2026-09-22,72.33000183105469,72.80999755859375,71.37000274658203,71.44999694824219,71.44999694824219,102500,USD,NGM,America/New_York,Yahoo Finance
SMBC,2026-09-23,71.27999877929688,71.80000305175781,71.0999984741211,71.33000183105469,71.33000183105469,54200,USD,NGM,America/New_York,Yahoo Finance
SMBC,2026-09-24,71.6500015258789,72.30999755859375,71.3499984741211,72.20999908447266,72.20999908447266,108300,USD,NGM,America/New_York,Yahoo Finance
SMBC,2026-09-25,72.33000183105469,72.80000305175781,71.9800033569336,72.26000213623047,72.26000213623047,68700,USD,NGM,America/New_York,Yahoo Finance
SMBC,2026-09-28,72.2300033569336,72.5,71.36000061035156,71.5,71.5,54600,USD,NGM,America/New_York,Yahoo Finance
SPSC,2026-08-17,77.5999984741211,78.75,76.02999877929688,76.2300033569336,76.2300033569336,547500,USD,NMS,America/New_York,Yahoo Finance
SPSC,2026-08-18,78.0,78.72000122070312,77.19999694824219,77.37999725341797,77.37999725341797,414900,USD,NMS,America/New_York,Yahoo Finance
SPSC,2026-08-19,78.25,82.13999938964844,78.25,80.76000213623047,80.76000213623047,497200,USD,NMS,America/New_York,Yahoo Finance
SPSC,2026-08-20,80.16000366210938,80.5999984741211,78.5999984741211,79.43000030517578,79.43000030517578,474900,USD,NMS,America/New_York,Yahoo Finance
SPSC,2026-08-21,79.38999938964844,81.08999633789062,78.5199966430664,81.08999633789062,81.08999633789062,439800,USD,NMS,America/New_York,Yahoo Finance
SPSC,2026-08-24,80.87999725341797,82.5,80.54000091552734,81.3499984741211,81.3499984741211,398200,USD,NMS,America/New_York,Yahoo Finance
SPSC,2026-08-25,80.22000122070312,81.31999969482422,78.0,80.55999755859375,80.55999755859375,238400,USD,NMS,America/New_York,Yahoo Finance
SPSC,2026-08-26,79.31999969482422,80.94000244140625,79.31999969482422,80.4800033569336,80.4800033569336,251500,USD,NMS,America/New_York,Yahoo Finance
SPSC,2026-08-27,81.87000274658203,85.02999877929688,81.58000183105469,84.19999694824219,84.19999694824219,420900,USD,NMS,America/New_York,Yahoo Finance
SPSC,2026-08-28,83.95999908447266,85.54000091552734,83.95999908447266,84.91999816894531,84.91999816894531,353900,USD,NMS,America/New_York,Yahoo Finance
SPSC,2026-08-31,84.0999984741211,86.0199966430664,83.76000213623047,85.4000015258789,85.4000015258789,486400,USD,NMS,America/New_York,Yahoo Finance
SPSC,2026-09-01,84.88999938964844,85.27999877929688,82.51000213623047,82.93000030517578,82.93000030517578,396600,USD,NMS,America/New_York,Yahoo Finance
SPSC,2026-09-02,83.08999633789062,84.12000274658203,82.19000244140625,82.81999969482422,82.81999969482422,559200,USD,NMS,America/New_York,Yahoo Finance
SPSC,2026-09-03,85.62999725341797,88.08000183105469,83.30999755859375,84.20999908447266,84.20999908447266,408400,USD,NMS,America/New_York,Yahoo Finance
SPSC,2026-09-04,83.12000274658203,83.69000244140625,80.87000274658203,83.0,83.0,417300,USD,NMS,America/New_York,Yahoo Finance
SPSC,2026-09-08,81.2300033569336,81.91999816894531,77.83000183105469,79.0,79.0,492800,USD,NMS,America/New_York,Yahoo Finance
SPSC,2026-09-09,78.33000183105469,80.19000244140625,77.3499984741211,78.26000213623047,78.26000213623047,721300,USD,NMS,America/New_York,Yahoo Finance
SPSC,2026-09-10,78.16999816894531,78.81999969482422,76.83999633789062,77.2300033569336,77.2300033569336,286800,USD,NMS,America/New_York,Yahoo Finance
SPSC,2026-09-11,77.05999755859375,89.44000244140625,77.05999755859375,82.68000030517578,82.68000030517578,1807100,USD,NMS,America/New_York,Yahoo Finance
SPSC,2026-09-14,84.5999984741211,84.88999938964844,82.19000244140625,83.02999877929688,83.02999877929688,719000,USD,NMS,America/New_York,Yahoo Finance
SPSC,2026-09-15,81.69999694824219,83.72000122070312,81.16999816894531,82.0,82.0,370100,USD,NMS,America/New_York,Yahoo Finance
SPSC,2026-09-16,80.98999786376953,81.79000091552734,80.4000015258789,80.68000030517578,80.68000030517578,370100,USD,NMS,America/New_York,Yahoo Finance
SPSC,2026-09-17,80.55000305175781,81.73999786376953,78.37000274658203,80.33999633789062,80.33999633789062,421600,USD,NMS,America/New_York,Yahoo Finance
SPSC,2026-09-18,79.80000305175781,80.54000091552734,78.12000274658203,79.73999786376953,79.73999786376953,1060400,USD,NMS,America/New_York,Yahoo Finance
SPSC,2026-09-21,80.73999786376953,82.2699966430664,79.73999786376953,81.6500015258789,81.6500015258789,452300,USD,NMS,America/New_York,Yahoo Finance
SPSC,2026-09-22,83.30999755859375,83.41000366210938,79.0,81.4800033569336,81.4800033569336,403300,USD,NMS,America/New_York,Yahoo Finance
SPSC,2026-09-23,81.31999969482422,82.05999755859375,80.37999725341797,81.29000091552734,81.29000091552734,311200,USD,NMS,America/New_York,Yahoo Finance
SPSC,2026-09-24,81.86000061035156,83.16999816894531,81.0999984741211,82.69000244140625,82.69000244140625,339200,USD,NMS,America/New_York,Yahoo Finance
SPSC,2026-09-25,82.93000030517578,83.48999786376953,81.19000244140625,81.30000305175781,81.30000305175781,731000,USD,NMS,America/New_York,Yahoo Finance
SPSC,2026-09-28,80.08999633789062,81.27999877929688,78.87999725341797,81.01000213623047,81.01000213623047,292500,USD,NMS,America/New_York,Yahoo Finance
SSD,2026-08-17,192.30999755859375,196.05999755859375,191.9499969482422,195.88999938964844,195.88999938964844,263200,USD,NYQ,America/New_York,Yahoo Finance
SSD,2026-08-18,195.80999755859375,195.80999755859375,189.72000122070312,189.83999633789062,189.83999633789062,244500,USD,NYQ,America/New_York,Yahoo Finance
SSD,2026-08-19,192.33999633789062,195.5500030517578,191.52999877929688,193.22000122070312,193.22000122070312,319000,USD,NYQ,America/New_York,Yahoo Finance
SSD,2026-08-20,189.97999572753906,191.02999877929688,187.52999877929688,187.8800048828125,187.8800048828125,211600,USD,NYQ,America/New_York,Yahoo Finance
SSD,2026-08-21,187.8800048828125,189.52000427246094,186.97999572753906,188.77000427246094,188.77000427246094,157600,USD,NYQ,America/New_York,Yahoo Finance
SSD,2026-08-24,188.92999267578125,190.85000610351562,187.5,187.52999877929688,187.52999877929688,220400,USD,NYQ,America/New_York,Yahoo Finance
SSD,2026-08-25,189.8699951171875,189.8699951171875,185.39999389648438,186.5800018310547,186.5800018310547,256500,USD,NYQ,America/New_York,Yahoo Finance
SSD,2026-08-26,187.91000366210938,188.97999572753906,184.47999572753906,184.92999267578125,184.92999267578125,158900,USD,NYQ,America/New_York,Yahoo Finance
SSD,2026-08-27,184.00999450683594,184.1999969482422,181.33999633789062,182.47999572753906,182.47999572753906,153700,USD,NYQ,America/New_York,Yahoo Finance
SSD,2026-08-28,183.6199951171875,184.0500030517578,179.3800048828125,182.07000732421875,182.07000732421875,219900,USD,NYQ,America/New_York,Yahoo Finance
SSD,2026-08-31,181.57000732421875,182.75999450683594,180.0,182.61000061035156,182.61000061035156,250200,USD,NYQ,America/New_York,Yahoo Finance
SSD,2026-09-01,181.02999877929688,182.0,176.25,176.85000610351562,176.85000610351562,301300,USD,NYQ,America/New_York,Yahoo Finance
SSD,2026-09-02,177.5,179.22999572753906,175.16000366210938,177.55999755859375,177.55999755859375,234400,USD,NYQ,America/New_York,Yahoo Finance
SSD,2026-09-03,179.5500030517578,181.97000122070312,175.6199951171875,178.0800018310547,178.0800018310547,199000,USD,NYQ,America/New_York,Yahoo Finance
SSD,2026-09-04,177.39999389648438,181.42999267578125,176.41000366210938,180.97000122070312,180.97000122070312,145000,USD,NYQ,America/New_York,Yahoo Finance
SSD,2026-09-08,181.2899932861328,181.2899932861328,178.61000061035156,178.86000061035156,178.86000061035156,184200,USD,NYQ,America/New_York,Yahoo Finance
SSD,2026-09-09,178.25,179.1199951171875,174.83999633789062,176.6199951171875,176.6199951171875,313100,USD,NYQ,America/New_York,Yahoo Finance
SSD,2026-09-10,175.0,175.4499969482422,172.19000244140625,172.42999267578125,172.42999267578125,344800,USD,NYQ,America/New_York,Yahoo Finance
SSD,2026-09-11,175.0399932861328,175.8000030517578,171.36000061035156,173.49000549316406,173.49000549316406,204100,USD,NYQ,America/New_York,Yahoo Finance
SSD,2026-09-14,171.3000030517578,173.77999877929688,170.8699951171875,171.58999633789062,171.58999633789062,369200,USD,NYQ,America/New_York,Yahoo Finance
SSD,2026-09-15,172.02000427246094,173.4499969482422,170.38999938964844,173.02999877929688,173.02999877929688,310700,USD,NYQ,America/New_York,Yahoo Finance
SSD,2026-09-16,173.1300048828125,174.25999450683594,170.5500030517578,172.1699981689453,172.1699981689453,561100,USD,NYQ,America/New_York,Yahoo Finance
SSD,2026-09-17,175.77999877929688,175.77999877929688,171.5399932861328,172.44000244140625,172.44000244140625,291400,USD,NYQ,America/New_York,Yahoo Finance
SSD,2026-09-18,172.50999450683594,172.50999450683594,170.9600067138672,171.22999572753906,171.22999572753906,712400,USD,NYQ,America/New_York,Yahoo Finance
SSD,2026-09-21,171.77999877929688,174.02999877929688,170.2100067138672,173.8000030517578,173.8000030517578,465400,USD,NYQ,America/New_York,Yahoo Finance
SSD,2026-09-22,176.85000610351562,177.2100067138672,174.2899932861328,176.6999969482422,176.6999969482422,286300,USD,NYQ,America/New_York,Yahoo Finance
SSD,2026-09-23,175.47999572753906,176.57000732421875,174.41000366210938,175.02000427246094,175.02000427246094,259200,USD,NYQ,America/New_York,Yahoo Finance
SSD,2026-09-24,174.91000366210938,175.4199981689453,172.75,173.61000061035156,173.61000061035156,208000,USD,NYQ,America/New_York,Yahoo Finance
SSD,2026-09-25,174.25999450683594,176.77999877929688,173.19000244140625,176.5500030517578,176.5500030517578,309900,USD,NYQ,America/New_York,Yahoo Finance
SSD,2026-09-28,175.1699981689453,177.4600067138672,173.52000427246094,174.7899932861328,174.7899932861328,205200,USD,NYQ,America/New_York,Yahoo Finance
SSMR,2026-08-17,15.899999618530273,16.549999237060547,15.65999984741211,16.0,16.0,309800,USD,NYQ,America/New_York,Yahoo Finance
SSMR,2026-08-18,16.1299991607666,16.139999389648438,15.5,15.9399995803833,15.9399995803833,158600,USD,NYQ,America/New_York,Yahoo Finance
SSMR,2026-08-19,16.239999771118164,17.440000534057617,15.90999984741211,17.100000381469727,17.100000381469727,226700,USD,NYQ,America/New_York,Yahoo Finance
SSMR,2026-08-20,16.940000534057617,17.5,16.459999084472656,17.450000762939453,17.450000762939453,155400,USD,NYQ,America/New_York,Yahoo Finance
SSMR,2026-08-21,17.530000686645508,19.3700008392334,17.5,18.639999389648438,18.639999389648438,541300,USD,NYQ,America/New_York,Yahoo Finance
SSMR,2026-08-24,18.799999237060547,19.329999923706055,18.18000030517578,18.940000534057617,18.940000534057617,355100,USD,NYQ,America/New_York,Yahoo Finance
SSMR,2026-08-25,18.940000534057617,19.610000610351562,18.40999984741211,18.600000381469727,18.600000381469727,283800,USD,NYQ,America/New_York,Yahoo Finance
SSMR,2026-08-26,18.270000457763672,19.260000228881836,18.020000457763672,18.34000015258789,18.34000015258789,184100,USD,NYQ,America/New_York,Yahoo Finance
SSMR,2026-08-27,18.110000610351562,19.360000610351562,18.020000457763672,18.809999465942383,18.809999465942383,126100,USD,NYQ,America/New_York,Yahoo Finance
SSMR,2026-08-28,19.059999465942383,19.559999465942383,17.950000762939453,18.149999618530273,18.149999618530273,234700,USD,NYQ,America/New_York,Yahoo Finance
SSMR,2026-08-31,18.229999542236328,18.540000915527344,17.219999313354492,17.530000686645508,17.530000686645508,279500,USD,NYQ,America/New_York,Yahoo Finance
SSMR,2026-09-01,17.110000610351562,17.549999237060547,16.479999542236328,16.790000915527344,16.790000915527344,208700,USD,NYQ,America/New_York,Yahoo Finance
SSMR,2026-09-02,17.1200008392334,18.209999084472656,17.0,17.81999969482422,17.81999969482422,302700,USD,NYQ,America/New_York,Yahoo Finance
SSMR,2026-09-03,18.260000228881836,18.610000610351562,17.549999237060547,17.850000381469727,17.850000381469727,290500,USD,NYQ,America/New_York,Yahoo Finance
SSMR,2026-09-04,17.43000030517578,17.809999465942383,17.260000228881836,17.450000762939453,17.450000762939453,208500,USD,NYQ,America/New_York,Yahoo Finance
SSMR,2026-09-08,17.68000030517578,18.440000534057617,17.56999969482422,17.65999984741211,17.65999984741211,296600,USD,NYQ,America/New_York,Yahoo Finance
SSMR,2026-09-09,18.030000686645508,18.360000610351562,17.649999618530273,17.8799991607666,17.8799991607666,313100,USD,NYQ,America/New_York,Yahoo Finance
SSMR,2026-09-10,17.399999618530273,17.700000762939453,16.600000381469727,16.829999923706055,16.829999923706055,338400,USD,NYQ,America/New_York,Yahoo Finance
SSMR,2026-09-11,17.280000686645508,17.8799991607666,16.75,16.920000076293945,16.920000076293945,379900,USD,NYQ,America/New_York,Yahoo Finance
SSMR,2026-09-14,16.450000762939453,17.170000076293945,16.260000228881836,16.6200008392334,16.6200008392334,579600,USD,NYQ,America/New_York,Yahoo Finance
SSMR,2026-09-15,16.649999618530273,17.329999923706055,15.890000343322754,16.059999465942383,16.059999465942383,446800,USD,NYQ,America/New_York,Yahoo Finance
SSMR,2026-09-16,16.399999618530273,17.1299991607666,15.40999984741211,15.729999542236328,15.729999542236328,624300,USD,NYQ,America/New_York,Yahoo Finance
SSMR,2026-09-17,16.329999923706055,17.100000381469727,16.190000534057617,16.440000534057617,16.440000534057617,735500,USD,NYQ,America/New_York,Yahoo Finance
SSMR,2026-09-18,16.540000915527344,17.510000228881836,16.219999313354492,17.18000030517578,17.18000030517578,5611800,USD,NYQ,America/New_York,Yahoo Finance
SSMR,2026-09-21,17.239999771118164,17.280000686645508,15.65999984741211,16.149999618530273,16.149999618530273,727300,USD,NYQ,America/New_York,Yahoo Finance
SSMR,2026-09-22,16.450000762939453,17.149999618530273,16.0,16.989999771118164,16.989999771118164,553000,USD,NYQ,America/New_York,Yahoo Finance
SSMR,2026-09-23,16.56999969482422,16.56999969482422,15.180000305175781,15.729999542236328,15.729999542236328,538200,USD,NYQ,America/New_York,Yahoo Finance
SSMR,2026-09-24,15.510000228881836,15.630000114440918,14.979999542236328,15.3100004196167,15.3100004196167,382100,USD,NYQ,America/New_York,Yahoo Finance
SSMR,2026-09-25,15.170000076293945,15.720000267028809,15.010000228881836,15.350000381469727,15.350000381469727,238500,USD,NYQ,America/New_York,Yahoo Finance
SSMR,2026-09-28,14.739999771118164,15.199999809265137,14.510000228881836,14.890000343322754,14.890000343322754,284700,USD,NYQ,America/New_York,Yahoo Finance
STEP,2026-08-17,50.060001373291016,50.25,47.875,48.279998779296875,47.96337890625,1119200,USD,NMS,America/New_York,Yahoo Finance
STEP,2026-08-18,48.130001068115234,49.130001068115234,47.349998474121094,48.47999954223633,48.16206741333008,667000,USD,NMS,America/New_York,Yahoo Finance
STEP,2026-08-19,48.70000076293945,50.599998474121094,48.66999816894531,49.880001068115234,49.552886962890625,1130600,USD,NMS,America/New_York,Yahoo Finance
STEP,2026-08-20,49.880001068115234,50.119998931884766,48.51499938964844,48.84000015258789,48.51970672607422,872900,USD,NMS,America/New_York,Yahoo Finance
STEP,2026-08-21,49.619998931884766,50.61000061035156,49.439998626708984,49.9900016784668,49.662166595458984,907600,USD,NMS,America/New_York,Yahoo Finance
STEP,2026-08-24,49.689998626708984,50.56999969482422,48.81999969482422,49.20000076293945,48.87734603881836,656800,USD,NMS,America/New_York,Yahoo Finance
STEP,2026-08-25,49.65999984741211,50.0,48.6349983215332,49.77000045776367,49.443607330322266,469300,USD,NMS,America/New_York,Yahoo Finance
STEP,2026-08-26,49.84000015258789,51.75,49.595001220703125,49.779998779296875,49.45354080200195,874300,USD,NMS,America/New_York,Yahoo Finance
STEP,2026-08-27,50.0,51.75,49.91999816894531,50.20000076293945,49.87078857421875,806700,USD,NMS,America/New_York,Yahoo Finance
STEP,2026-08-28,50.369998931884766,51.2599983215332,50.18000030517578,50.31999969482422,49.9900016784668,1035800,USD,NMS,America/New_York,Yahoo Finance
STEP,2026-08-31,49.91999816894531,52.40999984741211,49.8849983215332,52.2599983215332,52.2599983215332,1146700,USD,NMS,America/New_York,Yahoo Finance
STEP,2026-09-01,50.9900016784668,51.43000030517578,49.220001220703125,49.68000030517578,49.68000030517578,1132400,USD,NMS,America/New_York,Yahoo Finance
STEP,2026-09-02,49.459999084472656,50.95000076293945,49.0099983215332,50.5,50.5,1080600,USD,NMS,America/New_York,Yahoo Finance
STEP,2026-09-03,49.41999816894531,52.45500183105469,49.41999816894531,50.90999984741211,50.90999984741211,1071800,USD,NMS,America/New_York,Yahoo Finance
STEP,2026-09-04,50.939998626708984,51.08000183105469,49.45000076293945,50.91999816894531,50.91999816894531,626000,USD,NMS,America/New_York,Yahoo Finance
STEP,2026-09-08,50.880001068115234,51.994998931884766,50.45000076293945,50.7400016784668,50.7400016784668,917000,USD,NMS,America/New_York,Yahoo Finance
STEP,2026-09-09,50.540000915527344,51.13999938964844,49.53499984741211,49.939998626708984,49.939998626708984,1177100,USD,NMS,America/New_York,Yahoo Finance
STEP,2026-09-10,49.95000076293945,50.18000030517578,49.09000015258789,49.34000015258789,49.34000015258789,875700,USD,NMS,America/New_York,Yahoo Finance
STEP,2026-09-11,50.08000183105469,50.45000076293945,48.66999816894531,48.91999816894531,48.91999816894531,754900,USD,NMS,America/New_York,Yahoo Finance
STEP,2026-09-14,48.720001220703125,51.779998779296875,48.54499816894531,51.40999984741211,51.40999984741211,1805500,USD,NMS,America/New_York,Yahoo Finance
STEP,2026-09-15,51.11000061035156,51.19499969482422,49.2400016784668,49.40999984741211,49.40999984741211,1569800,USD,NMS,America/New_York,Yahoo Finance
STEP,2026-09-16,49.7599983215332,50.0,46.33000183105469,48.290000915527344,48.290000915527344,1202900,USD,NMS,America/New_York,Yahoo Finance
STEP,2026-09-17,49.41999816894531,50.04999923706055,46.93000030517578,47.099998474121094,47.099998474121094,1013800,USD,NMS,America/New_York,Yahoo Finance
STEP,2026-09-18,47.20000076293945,47.529998779296875,46.2400016784668,46.310001373291016,46.310001373291016,2386100,USD,NMS,America/New_York,Yahoo Finance
STEP,2026-09-21,47.209999084472656,47.84000015258789,46.220001220703125,47.45000076293945,47.45000076293945,1084400,USD,NMS,America/New_York,Yahoo Finance
STEP,2026-09-22,48.2400016784668,48.470001220703125,45.7400016784668,46.56999969482422,46.56999969482422,794900,USD,NMS,America/New_York,Yahoo Finance
STEP,2026-09-23,45.970001220703125,46.44499969482422,44.95000076293945,45.029998779296875,45.029998779296875,868900,USD,NMS,America/New_York,Yahoo Finance
STEP,2026-09-24,44.709999084472656,45.4900016784668,43.16999816894531,43.54999923706055,43.54999923706055,790000,USD,NMS,America/New_York,Yahoo Finance
STEP,2026-09-25,44.02000045776367,44.775001525878906,43.72999954223633,44.36000061035156,44.36000061035156,848900,USD,NMS,America/New_York,Yahoo Finance
STEP,2026-09-28,43.84000015258789,43.880001068115234,42.709999084472656,43.11000061035156,43.11000061035156,751300,USD,NMS,America/New_York,Yahoo Finance
STK,2026-08-17,52.5099983215332,53.70000076293945,52.5099983215332,53.2400016784668,53.2400016784668,46000,USD,NYQ,America/New_York,Yahoo Finance
STK,2026-08-18,52.7400016784668,52.7599983215332,51.779998779296875,52.209999084472656,52.209999084472656,62900,USD,NYQ,America/New_York,Yahoo Finance
STK,2026-08-19,52.599998474121094,52.709999084472656,51.27000045776367,51.27000045776367,51.27000045776367,41300,USD,NYQ,America/New_York,Yahoo Finance
STK,2026-08-20,51.130001068115234,51.9900016784668,50.84000015258789,50.93000030517578,50.93000030517578,54100,USD,NYQ,America/New_York,Yahoo Finance
STK,2026-08-21,51.689998626708984,52.150001525878906,50.529998779296875,51.0099983215332,51.0099983215332,41200,USD,NYQ,America/New_York,Yahoo Finance
STK,2026-08-24,50.790000915527344,51.25,50.02000045776367,50.9900016784668,50.9900016784668,49400,USD,NYQ,America/New_York,Yahoo Finance
STK,2026-08-25,51.88999938964844,52.459999084472656,51.27000045776367,52.0,52.0,58900,USD,NYQ,America/New_York,Yahoo Finance
STK,2026-08-26,52.189998626708984,52.70000076293945,51.529998779296875,52.08000183105469,52.08000183105469,54100,USD,NYQ,America/New_York,Yahoo Finance
STK,2026-08-27,53.31999969482422,53.31999969482422,52.34000015258789,52.56999969482422,52.56999969482422,42600,USD,NYQ,America/New_York,Yahoo Finance
STK,2026-08-28,52.83000183105469,53.13999938964844,52.40999984741211,52.529998779296875,52.529998779296875,41800,USD,NYQ,America/New_York,Yahoo Finance
STK,2026-08-31,52.70000076293945,52.7400016784668,52.040000915527344,52.290000915527344,52.290000915527344,45300,USD,NYQ,America/New_York,Yahoo Finance
STK,2026-09-01,51.88999938964844,52.15999984741211,51.2400016784668,51.849998474121094,51.849998474121094,33200,USD,NYQ,America/New_York,Yahoo Finance
STK,2026-09-02,52.189998626708984,52.189998626708984,51.25,52.06999969482422,52.06999969482422,38900,USD,NYQ,America/New_York,Yahoo Finance
STK,2026-09-03,52.5,52.5,51.630001068115234,52.209999084472656,52.209999084472656,30600,USD,NYQ,America/New_York,Yahoo Finance
STK,2026-09-04,52.400001525878906,53.04999923706055,51.90999984741211,52.560001373291016,52.560001373291016,36400,USD,NYQ,America/New_York,Yahoo Finance
STK,2026-09-08,53.0,53.290000915527344,52.599998474121094,52.86000061035156,52.86000061035156,46500,USD,NYQ,America/New_York,Yahoo Finance
STK,2026-09-09,52.529998779296875,53.06999969482422,51.83000183105469,52.150001525878906,52.150001525878906,60300,USD,NYQ,America/New_York,Yahoo Finance
STK,2026-09-10,51.290000915527344,51.779998779296875,50.189998626708984,51.09000015258789,51.09000015258789,47900,USD,NYQ,America/New_York,Yahoo Finance
STK,2026-09-11,51.93000030517578,52.06999969482422,51.20000076293945,51.650001525878906,51.650001525878906,38200,USD,NYQ,America/New_York,Yahoo Finance
STK,2026-09-14,51.0,51.5099983215332,50.52000045776367,51.43000030517578,51.43000030517578,54200,USD,NYQ,America/New_York,Yahoo Finance
STK,2026-09-15,51.81999969482422,52.189998626708984,50.52000045776367,51.84000015258789,51.84000015258789,64600,USD,NYQ,America/New_York,Yahoo Finance
STK,2026-09-16,52.61000061035156,52.61000061035156,51.27000045776367,51.58000183105469,51.58000183105469,61700,USD,NYQ,America/New_York,Yahoo Finance
STK,2026-09-17,52.599998474121094,52.95000076293945,51.779998779296875,52.41999816894531,52.41999816894531,41500,USD,NYQ,America/New_York,Yahoo Finance
STK,2026-09-18,52.5,52.88999938964844,50.86000061035156,52.650001525878906,52.650001525878906,21400,USD,NYQ,America/New_York,Yahoo Finance
STK,2026-09-21,53.22999954223633,54.0,52.810001373291016,53.91999816894531,53.91999816894531,49900,USD,NYQ,America/New_York,Yahoo Finance
STK,2026-09-22,53.779998779296875,54.29999923706055,53.779998779296875,54.150001525878906,54.150001525878906,43000,USD,NYQ,America/New_York,Yahoo Finance
STK,2026-09-23,54.33000183105469,54.33000183105469,53.189998626708984,53.70000076293945,53.70000076293945,45100,USD,NYQ,America/New_York,Yahoo Finance
STK,2026-09-24,53.0,53.849998474121094,52.560001373291016,53.560001373291016,53.560001373291016,47900,USD,NYQ,America/New_York,Yahoo Finance
STK,2026-09-25,53.0,53.41999816894531,52.810001373291016,53.16999816894531,53.16999816894531,125400,USD,NYQ,America/New_York,Yahoo Finance
STK,2026-09-28,52.45000076293945,52.5,51.40999984741211,51.9900016784668,51.9900016784668,69300,USD,NYQ,America/New_York,Yahoo Finance
SXC,2026-08-17,9.289999961853027,9.520000457763672,9.039999961853027,9.510000228881836,9.510000228881836,971300,USD,NYQ,America/New_York,Yahoo Finance
SXC,2026-08-18,9.329999923706055,9.380000114440918,9.029999732971191,9.140000343322754,9.140000343322754,975700,USD,NYQ,America/New_York,Yahoo Finance
SXC,2026-08-19,9.25,9.520000457763672,9.1899995803833,9.460000038146973,9.460000038146973,1662600,USD,NYQ,America/New_York,Yahoo Finance
SXC,2026-08-20,9.289999961853027,9.479999542236328,9.180000305175781,9.399999618530273,9.399999618530273,919000,USD,NYQ,America/New_York,Yahoo Finance
SXC,2026-08-21,9.569999694824219,9.899999618530273,9.539999961853027,9.6899995803833,9.6899995803833,790200,USD,NYQ,America/New_York,Yahoo Finance
SXC,2026-08-24,9.75,9.930000305175781,9.609999656677246,9.609999656677246,9.609999656677246,1171500,USD,NYQ,America/New_York,Yahoo Finance
SXC,2026-08-25,9.640000343322754,9.890000343322754,9.5,9.760000228881836,9.760000228881836,1366000,USD,NYQ,America/New_York,Yahoo Finance
SXC,2026-08-26,9.680000305175781,9.880000114440918,9.579999923706055,9.819999694824219,9.819999694824219,2219700,USD,NYQ,America/New_York,Yahoo Finance
SXC,2026-08-27,9.710000038146973,10.319999694824219,9.680000305175781,10.279999732971191,10.279999732971191,1275600,USD,NYQ,America/New_York,Yahoo Finance
SXC,2026-08-28,10.319999694824219,10.399999618530273,10.109999656677246,10.15999984741211,10.15999984741211,877600,USD,NYQ,America/New_York,Yahoo Finance
SXC,2026-08-31,10.3100004196167,10.449999809265137,10.199999809265137,10.329999923706055,10.329999923706055,944400,USD,NYQ,America/New_York,Yahoo Finance
SXC,2026-09-01,10.329999923706055,10.329999923706055,10.100000381469727,10.210000038146973,10.210000038146973,1062000,USD,NYQ,America/New_York,Yahoo Finance
SXC,2026-09-02,10.239999771118164,10.680000305175781,10.239999771118164,10.569999694824219,10.569999694824219,850100,USD,NYQ,America/New_York,Yahoo Finance
SXC,2026-09-03,10.65999984741211,10.65999984741211,10.020000457763672,10.1899995803833,10.1899995803833,922400,USD,NYQ,America/New_York,Yahoo Finance
SXC,2026-09-04,10.180000305175781,10.420000076293945,10.180000305175781,10.329999923706055,10.329999923706055,466200,USD,NYQ,America/New_York,Yahoo Finance
SXC,2026-09-08,10.359999656677246,10.489999771118164,10.180000305175781,10.229999542236328,10.229999542236328,631700,USD,NYQ,America/New_York,Yahoo Finance
SXC,2026-09-09,10.34000015258789,10.430000305175781,10.140000343322754,10.1899995803833,10.1899995803833,921400,USD,NYQ,America/New_York,Yahoo Finance
SXC,2026-09-10,10.180000305175781,10.239999771118164,10.039999961853027,10.130000114440918,10.130000114440918,723800,USD,NYQ,America/New_York,Yahoo Finance
SXC,2026-09-11,10.140000343322754,10.220000267028809,9.890000343322754,10.020000457763672,10.020000457763672,975000,USD,NYQ,America/New_York,Yahoo Finance
SXC,2026-09-14,9.899999618530273,9.979999542236328,9.520000457763672,9.539999961853027,9.539999961853027,765400,USD,NYQ,America/New_York,Yahoo Finance
SXC,2026-09-15,9.59000015258789,9.630000114440918,9.270000457763672,9.460000038146973,9.460000038146973,1040400,USD,NYQ,America/New_York,Yahoo Finance
SXC,2026-09-16,9.539999961853027,9.720000267028809,9.399999618530273,9.609999656677246,9.609999656677246,788900,USD,NYQ,America/New_York,Yahoo Finance
SXC,2026-09-17,9.710000038146973,9.8100004196167,9.539999961853027,9.65999984741211,9.65999984741211,882500,USD,NYQ,America/New_York,Yahoo Finance
SXC,2026-09-18,9.640000343322754,9.640000343322754,9.260000228881836,9.489999771118164,9.489999771118164,2149500,USD,NYQ,America/New_York,Yahoo Finance
SXC,2026-09-21,9.489999771118164,9.5600004196167,9.390000343322754,9.5,9.5,639500,USD,NYQ,America/New_York,Yahoo Finance
SXC,2026-09-22,9.510000228881836,9.899999618530273,9.479999542236328,9.829999923706055,9.829999923706055,830100,USD,NYQ,America/New_York,Yahoo Finance
SXC,2026-09-23,9.779999732971191,10.020000457763672,9.699999809265137,9.949999809265137,9.949999809265137,891400,USD,NYQ,America/New_York,Yahoo Finance
SXC,2026-09-24,9.899999618530273,10.020000457763672,9.670000076293945,9.75,9.75,1136800,USD,NYQ,America/New_York,Yahoo Finance
SXC,2026-09-25,9.699999809265137,9.699999809265137,9.420000076293945,9.569999694824219,9.569999694824219,1005200,USD,NYQ,America/New_York,Yahoo Finance
SXC,2026-09-28,9.489999771118164,9.640000343322754,9.420000076293945,9.640000343322754,9.640000343322754,872700,USD,NYQ,America/New_York,Yahoo Finance
SYF,2026-08-17,80.7300033569336,81.91999816894531,79.8499984741211,80.75,80.75,3789300,USD,NYQ,America/New_York,Yahoo Finance
SYF,2026-08-18,80.56999969482422,81.62999725341797,80.37000274658203,80.58000183105469,80.58000183105469,3027600,USD,NYQ,America/New_York,Yahoo Finance
SYF,2026-08-19,80.98999786376953,81.79000091552734,79.5199966430664,79.62000274658203,79.62000274658203,2957700,USD,NYQ,America/New_York,Yahoo Finance
SYF,2026-08-20,78.86000061035156,79.23999786376953,75.65499877929688,76.70999908447266,76.70999908447266,4187600,USD,NYQ,America/New_York,Yahoo Finance
SYF,2026-08-21,77.55000305175781,79.63999938964844,77.4800033569336,79.47000122070312,79.47000122070312,4864000,USD,NYQ,America/New_York,Yahoo Finance
SYF,2026-08-24,79.6500015258789,81.41999816894531,79.58000183105469,80.0199966430664,80.0199966430664,3954900,USD,NYQ,America/New_York,Yahoo Finance
SYF,2026-08-25,80.51000213623047,80.87999725341797,79.20500183105469,80.7699966430664,80.7699966430664,3918300,USD,NYQ,America/New_York,Yahoo Finance
SYF,2026-08-26,80.66999816894531,81.23999786376953,79.58999633789062,79.77999877929688,79.77999877929688,3927800,USD,NYQ,America/New_York,Yahoo Finance
SYF,2026-08-27,79.23999786376953,80.7249984741211,79.12000274658203,79.93000030517578,79.93000030517578,3190200,USD,NYQ,America/New_York,Yahoo Finance
SYF,2026-08-28,80.06999969482422,80.88999938964844,78.02999877929688,78.05000305175781,78.05000305175781,2945700,USD,NYQ,America/New_York,Yahoo Finance
SYF,2026-08-31,77.4000015258789,77.69000244140625,76.79499816894531,77.08000183105469,77.08000183105469,4489000,USD,NYQ,America/New_York,Yahoo Finance
SYF,2026-09-01,76.26000213623047,78.26499938964844,76.22000122070312,76.62000274658203,76.62000274658203,3503800,USD,NYQ,America/New_York,Yahoo Finance
SYF,2026-09-02,77.12999725341797,79.73500061035156,77.12999725341797,78.38999938964844,78.38999938964844,2510100,USD,NYQ,America/New_York,Yahoo Finance
SYF,2026-09-03,79.56999969482422,80.30999755859375,78.83000183105469,79.8499984741211,79.8499984741211,2077200,USD,NYQ,America/New_York,Yahoo Finance
SYF,2026-09-04,79.12000274658203,80.79499816894531,78.83499908447266,79.91999816894531,79.91999816894531,2736500,USD,NYQ,America/New_York,Yahoo Finance
SYF,2026-09-08,79.20999908447266,79.44499969482422,78.55000305175781,78.62000274658203,78.62000274658203,2836600,USD,NYQ,America/New_York,Yahoo Finance
SYF,2026-09-09,78.1500015258789,78.30000305175781,77.33000183105469,77.3499984741211,77.3499984741211,2746800,USD,NYQ,America/New_York,Yahoo Finance
SYF,2026-09-10,76.9800033569336,77.22000122070312,75.0999984741211,75.44000244140625,75.44000244140625,2764500,USD,NYQ,America/New_York,Yahoo Finance
SYF,2026-09-11,76.72000122070312,76.81999969482422,74.7699966430664,75.98999786376953,75.98999786376953,2461800,USD,NYQ,America/New_York,Yahoo Finance
SYF,2026-09-14,75.41999816894531,76.34500122070312,74.94999694824219,75.87999725341797,75.87999725341797,2172100,USD,NYQ,America/New_York,Yahoo Finance
SYF,2026-09-15,75.38999938964844,76.7249984741211,73.80999755859375,76.05999755859375,76.05999755859375,3499900,USD,NYQ,America/New_York,Yahoo Finance
SYF,2026-09-16,75.86000061035156,76.44999694824219,73.62999725341797,74.87999725341797,74.87999725341797,2726200,USD,NYQ,America/New_York,Yahoo Finance
SYF,2026-09-17,76.12999725341797,76.12999725341797,74.37999725341797,74.41000366210938,74.41000366210938,2184100,USD,NYQ,America/New_York,Yahoo Finance
SYF,2026-09-18,74.25,75.33999633789062,73.80999755859375,75.04000091552734,75.04000091552734,6918300,USD,NYQ,America/New_York,Yahoo Finance
SYF,2026-09-21,75.4749984741211,76.23600006103516,74.58000183105469,75.0,75.0,2358900,USD,NYQ,America/New_York,Yahoo Finance
SYF,2026-09-22,75.86000061035156,75.87999725341797,72.66999816894531,72.66999816894531,72.66999816894531,2959100,USD,NYQ,America/New_York,Yahoo Finance
SYF,2026-09-23,72.08999633789062,72.33999633789062,70.44999694824219,70.66999816894531,70.66999816894531,3509200,USD,NYQ,America/New_York,Yahoo Finance
SYF,2026-09-24,70.88999938964844,71.69999694824219,70.22000122070312,71.55000305175781,71.55000305175781,2502500,USD,NYQ,America/New_York,Yahoo Finance
SYF,2026-09-25,71.69999694824219,73.53500366210938,70.88999938964844,72.94000244140625,72.94000244140625,2467500,USD,NYQ,America/New_York,Yahoo Finance
SYF,2026-09-28,72.37999725341797,72.37999725341797,71.33000183105469,71.5199966430664,71.5199966430664,2586800,USD,NYQ,America/New_York,Yahoo Finance
SYY,2026-08-17,82.12999725341797,82.44999694824219,81.72000122070312,81.8499984741211,81.8499984741211,2175700,USD,NYQ,America/New_York,Yahoo Finance
SYY,2026-08-18,82.94000244140625,83.01000213623047,81.9000015258789,81.95999908447266,81.95999908447266,1970900,USD,NYQ,America/New_York,Yahoo Finance
SYY,2026-08-19,82.5,83.1500015258789,81.93000030517578,82.45999908447266,82.45999908447266,2048100,USD,NYQ,America/New_York,Yahoo Finance
SYY,2026-08-20,82.4000015258789,84.70999908447266,82.37000274658203,83.05999755859375,83.05999755859375,3022100,USD,NYQ,America/New_York,Yahoo Finance
SYY,2026-08-21,83.61000061035156,84.29000091552734,83.4000015258789,84.0999984741211,84.0999984741211,2171400,USD,NYQ,America/New_York,Yahoo Finance
SYY,2026-08-24,84.08999633789062,85.25,83.73999786376953,83.86000061035156,83.86000061035156,1746800,USD,NYQ,America/New_York,Yahoo Finance
SYY,2026-08-25,83.54000091552734,83.80000305175781,82.91000366210938,83.45999908447266,83.45999908447266,1670300,USD,NYQ,America/New_York,Yahoo Finance
SYY,2026-08-26,83.69999694824219,84.2300033569336,83.25,83.2699966430664,83.2699966430664,1945300,USD,NYQ,America/New_York,Yahoo Finance
SYY,2026-08-27,82.81999969482422,82.94999694824219,82.30000305175781,82.44999694824219,82.44999694824219,1446600,USD,NYQ,America/New_York,Yahoo Finance
SYY,2026-08-28,82.51000213623047,82.69999694824219,81.4800033569336,81.94000244140625,81.94000244140625,2083100,USD,NYQ,America/New_York,Yahoo Finance
SYY,2026-08-31,82.0199966430664,82.2300033569336,80.54000091552734,81.08000183105469,81.08000183105469,2761000,USD,NYQ,America/New_York,Yahoo Finance
SYY,2026-09-01,81.75,82.69000244140625,81.33999633789062,82.11000061035156,82.11000061035156,2200100,USD,NYQ,America/New_York,Yahoo Finance
SYY,2026-09-02,82.5,82.9000015258789,81.7300033569336,81.76000213623047,81.76000213623047,2932500,USD,NYQ,America/New_York,Yahoo Finance
SYY,2026-09-03,82.0999984741211,82.4000015258789,80.97000122070312,81.08000183105469,81.08000183105469,2383900,USD,NYQ,America/New_York,Yahoo Finance
SYY,2026-09-04,80.6500015258789,81.30000305175781,80.01000213623047,80.05000305175781,80.05000305175781,2161400,USD,NYQ,America/New_York,Yahoo Finance
SYY,2026-09-08,79.48999786376953,80.30000305175781,79.45999908447266,79.83999633789062,79.83999633789062,2255900,USD,NYQ,America/New_York,Yahoo Finance
SYY,2026-09-09,80.30000305175781,83.91999816894531,79.69999694824219,81.56999969482422,81.56999969482422,6119200,USD,NYQ,America/New_York,Yahoo Finance
SYY,2026-09-10,81.69999694824219,82.41999816894531,81.20999908447266,82.30999755859375,82.30999755859375,4294900,USD,NYQ,America/New_York,Yahoo Finance
SYY,2026-09-11,83.0,84.69999694824219,82.94999694824219,83.20999908447266,83.20999908447266,3487000,USD,NYQ,America/New_York,Yahoo Finance
SYY,2026-09-14,84.31999969482422,84.63999938964844,83.31999969482422,83.54000091552734,83.54000091552734,2310700,USD,NYQ,America/New_York,Yahoo Finance
SYY,2026-09-15,82.12000274658203,82.12000274658203,79.1500015258789,79.5999984741211,79.5999984741211,13660900,USD,NYQ,America/New_York,Yahoo Finance
SYY,2026-09-16,79.7300033569336,80.13999938964844,78.37000274658203,78.70999908447266,78.70999908447266,6312000,USD,NYQ,America/New_York,Yahoo Finance
SYY,2026-09-17,79.02999877929688,79.61000061035156,78.56999969482422,79.11000061035156,79.11000061035156,4800300,USD,NYQ,America/New_York,Yahoo Finance
SYY,2026-09-18,78.83999633789062,79.76000213623047,78.4800033569336,79.05000305175781,79.05000305175781,7356900,USD,NYQ,America/New_York,Yahoo Finance
SYY,2026-09-21,79.0,79.12999725341797,78.13999938964844,78.43000030517578,78.43000030517578,3929200,USD,NYQ,America/New_York,Yahoo Finance
SYY,2026-09-22,78.98999786376953,79.16999816894531,78.30999755859375,78.66999816894531,78.66999816894531,3565300,USD,NYQ,America/New_York,Yahoo Finance
SYY,2026-09-23,78.5999984741211,79.02999877929688,77.02999877929688,77.13999938964844,77.13999938964844,5543700,USD,NYQ,America/New_York,Yahoo Finance
SYY,2026-09-24,77.51000213623047,78.61000061035156,77.0,78.19000244140625,78.19000244140625,6855600,USD,NYQ,America/New_York,Yahoo Finance
SYY,2026-09-25,78.11000061035156,79.1500015258789,77.51000213623047,78.45999908447266,78.45999908447266,5472500,USD,NYQ,America/New_York,Yahoo Finance
SYY,2026-09-28,78.29000091552734,78.66999816894531,77.63999938964844,78.56999969482422,78.56999969482422,4086200,USD,NYQ,America/New_York,Yahoo Finance
THFF,2026-08-17,82.05000305175781,84.16999816894531,81.44999694824219,81.61000061035156,81.61000061035156,99000,USD,NMS,America/New_York,Yahoo Finance
THFF,2026-08-18,81.80999755859375,82.25,80.88999938964844,81.72000122070312,81.72000122070312,91800,USD,NMS,America/New_York,Yahoo Finance
THFF,2026-08-19,81.93000030517578,82.38999938964844,78.61000061035156,78.81999969482422,78.81999969482422,103400,USD,NMS,America/New_York,Yahoo Finance
THFF,2026-08-20,78.68000030517578,79.61000061035156,77.91000366210938,79.06999969482422,79.06999969482422,76900,USD,NMS,America/New_York,Yahoo Finance
THFF,2026-08-21,79.44999694824219,79.9000015258789,78.2300033569336,79.05000305175781,79.05000305175781,131100,USD,NMS,America/New_York,Yahoo Finance
THFF,2026-08-24,79.44000244140625,80.4000015258789,79.05000305175781,79.61000061035156,79.61000061035156,66600,USD,NMS,America/New_York,Yahoo Finance
THFF,2026-08-25,80.19999694824219,80.70999908447266,79.11000061035156,79.23999786376953,79.23999786376953,81400,USD,NMS,America/New_York,Yahoo Finance
THFF,2026-08-26,79.56999969482422,79.91000366210938,78.91000366210938,79.06999969482422,79.06999969482422,78900,USD,NMS,America/New_York,Yahoo Finance
THFF,2026-08-27,78.69999694824219,79.97000122070312,78.04000091552734,79.5,79.5,88300,USD,NMS,America/New_York,Yahoo Finance
THFF,2026-08-28,80.13999938964844,80.8499984741211,79.04000091552734,79.23999786376953,79.23999786376953,74100,USD,NMS,America/New_York,Yahoo Finance
THFF,2026-08-31,79.27999877929688,79.98999786376953,78.0,78.27999877929688,78.27999877929688,103900,USD,NMS,America/New_York,Yahoo Finance
THFF,2026-09-01,77.87000274658203,79.05999755859375,77.1500015258789,77.45999908447266,77.45999908447266,95600,USD,NMS,America/New_York,Yahoo Finance
THFF,2026-09-02,77.86000061035156,79.52999877929688,77.36000061035156,78.7699966430664,78.7699966430664,127600,USD,NMS,America/New_York,Yahoo Finance
THFF,2026-09-03,79.36000061035156,79.88999938964844,78.41999816894531,78.69999694824219,78.69999694824219,119700,USD,NMS,America/New_York,Yahoo Finance
THFF,2026-09-04,78.3499984741211,79.69999694824219,78.3499984741211,79.33999633789062,79.33999633789062,102200,USD,NMS,America/New_York,Yahoo Finance
THFF,2026-09-08,78.94000244140625,78.94000244140625,77.52999877929688,77.87999725341797,77.87999725341797,113800,USD,NMS,America/New_York,Yahoo Finance
THFF,2026-09-09,77.25,78.30999755859375,76.54000091552734,77.25,77.25,184900,USD,NMS,America/New_York,Yahoo Finance
THFF,2026-09-10,76.87999725341797,77.88999938964844,74.79000091552734,77.80000305175781,77.80000305175781,136500,USD,NMS,America/New_York,Yahoo Finance
THFF,2026-09-11,78.58000183105469,79.08999633789062,77.44999694824219,77.83999633789062,77.83999633789062,107700,USD,NMS,America/New_York,Yahoo Finance
THFF,2026-09-14,77.76000213623047,78.61000061035156,77.06999969482422,78.19999694824219,78.19999694824219,97700,USD,NMS,America/New_York,Yahoo Finance
THFF,2026-09-15,77.68000030517578,78.47000122070312,77.61000061035156,78.0999984741211,78.0999984741211,111500,USD,NMS,America/New_York,Yahoo Finance
THFF,2026-09-16,77.80000305175781,78.18000030517578,75.4000015258789,76.87000274658203,76.87000274658203,149800,USD,NMS,America/New_York,Yahoo Finance
THFF,2026-09-17,77.6500015258789,77.6500015258789,76.5,77.08999633789062,77.08999633789062,95200,USD,NMS,America/New_York,Yahoo Finance
THFF,2026-09-18,76.08000183105469,76.5999984741211,74.5999984741211,76.55000305175781,76.55000305175781,381000,USD,NMS,America/New_York,Yahoo Finance
THFF,2026-09-21,76.56999969482422,77.91000366210938,75.7300033569336,75.94000244140625,75.94000244140625,93800,USD,NMS,America/New_York,Yahoo Finance
THFF,2026-09-22,76.58999633789062,76.80000305175781,75.26000213623047,75.72000122070312,75.72000122070312,100700,USD,NMS,America/New_York,Yahoo Finance
THFF,2026-09-23,75.33999633789062,75.52999877929688,74.33999633789062,74.5,74.5,108100,USD,NMS,America/New_York,Yahoo Finance
THFF,2026-09-24,74.87999725341797,75.30000305175781,74.29000091552734,75.22000122070312,75.22000122070312,149700,USD,NMS,America/New_York,Yahoo Finance
THFF,2026-09-25,75.37000274658203,76.05000305175781,75.12000274658203,75.55999755859375,75.55999755859375,101100,USD,NMS,America/New_York,Yahoo Finance
THFF,2026-09-28,75.06999969482422,75.41999816894531,74.80000305175781,74.94000244140625,74.94000244140625,95500,USD,NMS,America/New_York,Yahoo Finance
TLK,2026-08-17,14.770000457763672,14.880000114440918,14.75,14.829999923706055,14.829999923706055,449300,USD,NYQ,America/New_York,Yahoo Finance
TLK,2026-08-18,14.800000190734863,14.890000343322754,14.609999656677246,14.609999656677246,14.609999656677246,577000,USD,NYQ,America/New_York,Yahoo Finance
TLK,2026-08-19,14.720000267028809,14.899999618530273,14.710000038146973,14.739999771118164,14.739999771118164,474000,USD,NYQ,America/New_York,Yahoo Finance
TLK,2026-08-20,14.649999618530273,14.729999542236328,14.569999694824219,14.699999809265137,14.699999809265137,575700,USD,NYQ,America/New_York,Yahoo Finance
TLK,2026-08-21,14.789999961853027,15.029999732971191,14.789999961853027,14.989999771118164,14.989999771118164,455800,USD,NYQ,America/New_York,Yahoo Finance
TLK,2026-08-24,14.9399995803833,15.079999923706055,14.9399995803833,15.020000457763672,15.020000457763672,428100,USD,NYQ,America/New_York,Yahoo Finance
TLK,2026-08-25,15.0,15.220000267028809,14.949999809265137,15.199999809265137,15.199999809265137,925900,USD,NYQ,America/New_York,Yahoo Finance
TLK,2026-08-26,14.890000343322754,14.930000305175781,14.65999984741211,14.710000038146973,14.710000038146973,555300,USD,NYQ,America/New_York,Yahoo Finance
TLK,2026-08-27,14.670000076293945,14.720000267028809,14.520000457763672,14.539999961853027,14.539999961853027,414500,USD,NYQ,America/New_York,Yahoo Finance
TLK,2026-08-28,14.649999618530273,14.699999809265137,14.529999732971191,14.579999923706055,14.579999923706055,436100,USD,NYQ,America/New_York,Yahoo Finance
TLK,2026-08-31,14.739999771118164,14.779999732971191,14.539999961853027,14.579999923706055,14.579999923706055,521000,USD,NYQ,America/New_York,Yahoo Finance
TLK,2026-09-01,14.630000114440918,14.859999656677246,14.630000114440918,14.739999771118164,14.739999771118164,382900,USD,NYQ,America/New_York,Yahoo Finance
TLK,2026-09-02,14.720000267028809,14.850000381469727,14.670000076293945,14.729999542236328,14.729999542236328,563900,USD,NYQ,America/New_York,Yahoo Finance
TLK,2026-09-03,14.84000015258789,14.880000114440918,14.710000038146973,14.8100004196167,14.8100004196167,520200,USD,NYQ,America/New_York,Yahoo Finance
TLK,2026-09-04,14.850000381469727,14.949999809265137,14.770000457763672,14.850000381469727,14.850000381469727,824200,USD,NYQ,America/New_York,Yahoo Finance
TLK,2026-09-08,14.989999771118164,15.130000114440918,14.989999771118164,15.079999923706055,15.079999923706055,418100,USD,NYQ,America/New_York,Yahoo Finance
TLK,2026-09-09,15.1899995803833,15.1899995803833,14.949999809265137,15.0,15.0,580900,USD,NYQ,America/New_York,Yahoo Finance
TLK,2026-09-10,14.920000076293945,15.039999961853027,14.920000076293945,14.989999771118164,14.989999771118164,505800,USD,NYQ,America/New_York,Yahoo Finance
TLK,2026-09-11,15.050000190734863,15.050000190734863,14.90999984741211,14.9399995803833,14.9399995803833,514000,USD,NYQ,America/New_York,Yahoo Finance
TLK,2026-09-14,15.199999809265137,15.279999732971191,15.149999618530273,15.260000228881836,15.260000228881836,481300,USD,NYQ,America/New_York,Yahoo Finance
TLK,2026-09-15,15.260000228881836,15.289999961853027,15.020000457763672,15.029999732971191,15.029999732971191,1079800,USD,NYQ,America/New_York,Yahoo Finance
TLK,2026-09-16,14.9399995803833,14.989999771118164,14.619999885559082,14.65999984741211,14.65999984741211,711400,USD,NYQ,America/New_York,Yahoo Finance
TLK,2026-09-17,14.649999618530273,14.670000076293945,14.1899995803833,14.239999771118164,14.239999771118164,1162300,USD,NYQ,America/New_York,Yahoo Finance
TLK,2026-09-18,14.130000114440918,14.279999732971191,14.050000190734863,14.170000076293945,14.170000076293945,1535700,USD,NYQ,America/New_York,Yahoo Finance
TLK,2026-09-21,14.220000267028809,14.220000267028809,13.850000381469727,13.869999885559082,13.869999885559082,747300,USD,NYQ,America/New_York,Yahoo Finance
TLK,2026-09-22,13.880000114440918,13.880000114440918,13.670000076293945,13.670000076293945,13.670000076293945,867400,USD,NYQ,America/New_York,Yahoo Finance
TLK,2026-09-23,13.680000305175781,13.680000305175781,13.420000076293945,13.470000267028809,13.470000267028809,829100,USD,NYQ,America/New_York,Yahoo Finance
TLK,2026-09-24,13.470000267028809,13.510000228881836,13.300000190734863,13.300000190734863,13.300000190734863,943300,USD,NYQ,America/New_York,Yahoo Finance
TLK,2026-09-25,13.34000015258789,13.470000267028809,13.270000457763672,13.34000015258789,13.34000015258789,723700,USD,NYQ,America/New_York,Yahoo Finance
TLK,2026-09-28,13.199999809265137,13.279999732971191,13.170000076293945,13.229999542236328,13.229999542236328,732200,USD,NYQ,America/New_York,Yahoo Finance
TPL,2026-08-17,357.6600036621094,364.0,352.75,360.7900085449219,360.21173095703125,256300,USD,NYQ,America/New_York,Yahoo Finance
TPL,2026-08-18,362.67999267578125,366.79998779296875,357.2799987792969,365.3599853515625,364.7743835449219,333000,USD,NYQ,America/New_York,Yahoo Finance
TPL,2026-08-19,370.0,375.9200134277344,367.989990234375,373.17999267578125,372.58184814453125,357000,USD,NYQ,America/New_York,Yahoo Finance
TPL,2026-08-20,376.8500061035156,396.7799987792969,357.67999267578125,369.55999755859375,368.9676513671875,1095700,USD,NYQ,America/New_York,Yahoo Finance
TPL,2026-08-21,373.6400146484375,386.3599853515625,372.4700012207031,383.6400146484375,383.0251159667969,330400,USD,NYQ,America/New_York,Yahoo Finance
TPL,2026-08-24,377.57000732421875,386.1199951171875,369.6700134277344,373.45001220703125,372.8514404296875,347700,USD,NYQ,America/New_York,Yahoo Finance
TPL,2026-08-25,368.17999267578125,376.5400085449219,365.1600036621094,372.7900085449219,372.1925048828125,242900,USD,NYQ,America/New_York,Yahoo Finance
TPL,2026-08-26,369.5799865722656,383.0400085449219,367.79998779296875,369.3999938964844,368.80792236328125,289400,USD,NYQ,America/New_York,Yahoo Finance
TPL,2026-08-27,369.2099914550781,371.7099914550781,363.7099914550781,369.7099914550781,369.1174011230469,274400,USD,NYQ,America/New_York,Yahoo Finance
TPL,2026-08-28,370.7900085449219,376.0,361.6000061035156,364.3800048828125,363.79595947265625,200100,USD,NYQ,America/New_York,Yahoo Finance
TPL,2026-08-31,370.0,376.0,366.6099853515625,374.3399963378906,373.739990234375,390600,USD,NYQ,America/New_York,Yahoo Finance
TPL,2026-09-01,377.1400146484375,377.3800048828125,365.0,369.92999267578125,369.92999267578125,267900,USD,NYQ,America/New_York,Yahoo Finance
TPL,2026-09-02,367.0,368.7900085449219,361.5400085449219,367.32000732421875,367.32000732421875,279400,USD,NYQ,America/New_York,Yahoo Finance
TPL,2026-09-03,370.1499938964844,370.260009765625,363.3399963378906,366.5,366.5,271900,USD,NYQ,America/New_York,Yahoo Finance
TPL,2026-09-04,360.30999755859375,367.07000732421875,358.010009765625,362.4200134277344,362.4200134277344,272000,USD,NYQ,America/New_York,Yahoo Finance
TPL,2026-09-08,369.4700012207031,383.92999267578125,368.3699951171875,381.8999938964844,381.8999938964844,331900,USD,NYQ,America/New_York,Yahoo Finance
TPL,2026-09-09,383.79998779296875,393.0,373.0,374.05999755859375,374.05999755859375,310200,USD,NYQ,America/New_York,Yahoo Finance
TPL,2026-09-10,376.2300109863281,377.6000061035156,365.010009765625,366.1000061035156,366.1000061035156,309600,USD,NYQ,America/New_York,Yahoo Finance
TPL,2026-09-11,363.010009765625,371.0799865722656,363.010009765625,369.1000061035156,369.1000061035156,271000,USD,NYQ,America/New_York,Yahoo Finance
TPL,2026-09-14,375.3999938964844,381.42999267578125,363.6600036621094,365.2699890136719,365.2699890136719,347000,USD,NYQ,America/New_York,Yahoo Finance
TPL,2026-09-15,369.92999267578125,376.8299865722656,367.0799865722656,371.6300048828125,371.6300048828125,286600,USD,NYQ,America/New_York,Yahoo Finance
TPL,2026-09-16,365.5799865722656,367.6400146484375,347.2699890136719,348.57000732421875,348.57000732421875,462800,USD,NYQ,America/New_York,Yahoo Finance
TPL,2026-09-17,347.4599914550781,353.9599914550781,346.510009765625,347.20001220703125,347.20001220703125,433900,USD,NYQ,America/New_York,Yahoo Finance
TPL,2026-09-18,347.6499938964844,360.5899963378906,346.0799865722656,352.6700134277344,352.6700134277344,1354800,USD,NYQ,America/New_York,Yahoo Finance
TPL,2026-09-21,349.739990234375,369.4599914550781,343.3999938964844,366.79998779296875,366.79998779296875,606800,USD,NYQ,America/New_York,Yahoo Finance
TPL,2026-09-22,366.3800048828125,366.3800048828125,354.6400146484375,355.239990234375,355.239990234375,448400,USD,NYQ,America/New_York,Yahoo Finance
TPL,2026-09-23,357.9800109863281,358.95001220703125,335.0,335.739990234375,335.739990234375,432900,USD,NYQ,America/New_York,Yahoo Finance
TPL,2026-09-24,338.1600036621094,342.6700134277344,334.1300048828125,338.25,338.25,345500,USD,NYQ,America/New_York,Yahoo Finance
TPL,2026-09-25,333.8800048828125,343.3800048828125,332.2099914550781,341.07000732421875,341.07000732421875,287800,USD,NYQ,America/New_York,Yahoo Finance
TPL,2026-09-28,344.0,344.4100036621094,337.260009765625,338.1499938964844,338.1499938964844,252200,USD,NYQ,America/New_York,Yahoo Finance
TPR,2026-08-17,128.3000030517578,130.0,126.94999694824219,129.02000427246094,128.5327606201172,4615400,USD,NYQ,America/New_York,Yahoo Finance
TPR,2026-08-18,129.4600067138672,135.35000610351562,129.25,132.25999450683594,131.76051330566406,4183900,USD,NYQ,America/New_York,Yahoo Finance
TPR,2026-08-19,132.0,134.92999267578125,130.99000549316406,131.72000122070312,131.22256469726562,2783200,USD,NYQ,America/New_York,Yahoo Finance
TPR,2026-08-20,130.3800048828125,130.97999572753906,127.94000244140625,129.82000732421875,129.32974243164062,4068900,USD,NYQ,America/New_York,Yahoo Finance
TPR,2026-08-21,130.75,131.3699951171875,129.52000427246094,130.1699981689453,129.67840576171875,3381300,USD,NYQ,America/New_York,Yahoo Finance
TPR,2026-08-24,130.22000122070312,132.97999572753906,130.19000244140625,132.16000366210938,131.66090393066406,3902400,USD,NYQ,America/New_York,Yahoo Finance
TPR,2026-08-25,132.35000610351562,132.3800048828125,129.89999389648438,130.1199951171875,129.62860107421875,2297700,USD,NYQ,America/New_York,Yahoo Finance
TPR,2026-08-26,130.3699951171875,130.7899932861328,129.52999877929688,130.25,129.75811767578125,4837500,USD,NYQ,America/New_York,Yahoo Finance
TPR,2026-08-27,129.0,129.1999969482422,122.87999725341797,123.23999786376953,122.77458190917969,3957200,USD,NYQ,America/New_York,Yahoo Finance
TPR,2026-08-28,124.51000213623047,125.87000274658203,123.13999938964844,125.48999786376953,125.01608276367188,3533900,USD,NYQ,America/New_York,Yahoo Finance
TPR,2026-08-31,125.0,125.30000305175781,121.87999725341797,123.38999938964844,122.92401885986328,4082500,USD,NYQ,America/New_York,Yahoo Finance
TPR,2026-09-01,121.37999725341797,123.62000274658203,120.30999755859375,122.13999938964844,121.67874145507812,3010200,USD,NYQ,America/New_York,Yahoo Finance
TPR,2026-09-02,122.87999725341797,124.48999786376953,122.05999755859375,123.13999938964844,122.67496490478516,2939600,USD,NYQ,America/New_York,Yahoo Finance
TPR,2026-09-03,124.51000213623047,125.19999694824219,121.83999633789062,122.5999984741211,122.13700103759766,2858600,USD,NYQ,America/New_York,Yahoo Finance
TPR,2026-09-04,122.0,124.51000213623047,121.93000030517578,122.13999938964844,122.13999938964844,2895900,USD,NYQ,America/New_York,Yahoo Finance
TPR,2026-09-08,121.98999786376953,123.55000305175781,116.9000015258789,117.58000183105469,117.58000183105469,3458400,USD,NYQ,America/New_York,Yahoo Finance
TPR,2026-09-09,116.80000305175781,117.55000305175781,113.56999969482422,113.70999908447266,113.70999908447266,5483600,USD,NYQ,America/New_York,Yahoo Finance
TPR,2026-09-10,114.08999633789062,117.26000213623047,112.11000061035156,115.87000274658203,115.87000274658203,3180700,USD,NYQ,America/New_York,Yahoo Finance
TPR,2026-09-11,117.69999694824219,118.55000305175781,115.02999877929688,118.48999786376953,118.48999786376953,2334500,USD,NYQ,America/New_York,Yahoo Finance
TPR,2026-09-14,118.69000244140625,118.95999908447266,117.58000183105469,117.91000366210938,117.91000366210938,2374300,USD,NYQ,America/New_York,Yahoo Finance
TPR,2026-09-15,117.51000213623047,118.02999877929688,115.5999984741211,117.11000061035156,117.11000061035156,2437400,USD,NYQ,America/New_York,Yahoo Finance
TPR,2026-09-16,119.16000366210938,121.16000366210938,117.62999725341797,117.94000244140625,117.94000244140625,2900300,USD,NYQ,America/New_York,Yahoo Finance
TPR,2026-09-17,120.75,120.75,115.83999633789062,116.04000091552734,116.04000091552734,2462600,USD,NYQ,America/New_York,Yahoo Finance
TPR,2026-09-18,115.69999694824219,115.9800033569336,114.23999786376953,115.0,115.0,7706800,USD,NYQ,America/New_York,Yahoo Finance
TPR,2026-09-21,115.7699966430664,115.77999877929688,112.7300033569336,113.06999969482422,113.06999969482422,3717600,USD,NYQ,America/New_York,Yahoo Finance
TPR,2026-09-22,114.72000122070312,115.0,109.79000091552734,112.58999633789062,112.58999633789062,3657000,USD,NYQ,America/New_York,Yahoo Finance
TPR,2026-09-23,111.86000061035156,112.7300033569336,110.1500015258789,110.51000213623047,110.51000213623047,2385800,USD,NYQ,America/New_York,Yahoo Finance
TPR,2026-09-24,110.5,112.9800033569336,110.5,112.12000274658203,112.12000274658203,1817500,USD,NYQ,America/New_York,Yahoo Finance
TPR,2026-09-25,111.54000091552734,113.91000366210938,111.54000091552734,113.87999725341797,113.87999725341797,1890900,USD,NYQ,America/New_York,Yahoo Finance
TPR,2026-09-28,112.94000244140625,114.58999633789062,112.56999969482422,113.44999694824219,113.44999694824219,2464600,USD,NYQ,America/New_York,Yahoo Finance
TRMK,2026-08-17,48.09000015258789,48.4900016784668,47.9900016784668,48.130001068115234,47.86796951293945,248700,USD,NMS,America/New_York,Yahoo Finance
TRMK,2026-08-18,48.29999923706055,48.349998474121094,47.4900016784668,47.689998626708984,47.430362701416016,204400,USD,NMS,America/New_York,Yahoo Finance
TRMK,2026-08-19,47.970001220703125,47.970001220703125,46.439998626708984,46.5099983215332,46.25678634643555,336600,USD,NMS,America/New_York,Yahoo Finance
TRMK,2026-08-20,46.34000015258789,46.68000030517578,46.22999954223633,46.58000183105469,46.32640838623047,218900,USD,NMS,America/New_York,Yahoo Finance
TRMK,2026-08-21,46.83000183105469,47.099998474121094,46.08000183105469,46.52000045776367,46.2667350769043,378400,USD,NMS,America/New_York,Yahoo Finance
TRMK,2026-08-24,46.459999084472656,46.869998931884766,46.380001068115234,46.470001220703125,46.21700668334961,200400,USD,NMS,America/New_York,Yahoo Finance
TRMK,2026-08-25,46.5,46.5,45.9900016784668,46.11000061035156,45.85896682739258,201700,USD,NMS,America/New_York,Yahoo Finance
TRMK,2026-08-26,46.31999969482422,46.459999084472656,45.720001220703125,46.2400016784668,45.98826217651367,203600,USD,NMS,America/New_York,Yahoo Finance
TRMK,2026-08-27,45.88999938964844,46.279998779296875,45.52000045776367,46.22999954223633,45.97831344604492,166500,USD,NMS,America/New_York,Yahoo Finance
TRMK,2026-08-28,46.290000915527344,46.529998779296875,46.09000015258789,46.27000045776367,46.018096923828125,224800,USD,NMS,America/New_York,Yahoo Finance
TRMK,2026-08-31,46.11000061035156,46.18000030517578,45.709999084472656,45.91999816894531,45.66999816894531,261500,USD,NMS,America/New_York,Yahoo Finance
TRMK,2026-09-01,45.529998779296875,45.77000045776367,45.029998779296875,45.18000030517578,45.18000030517578,239300,USD,NMS,America/New_York,Yahoo Finance
TRMK,2026-09-02,45.209999084472656,46.15999984741211,45.189998626708984,45.81999969482422,45.81999969482422,440800,USD,NMS,America/New_York,Yahoo Finance
TRMK,2026-09-03,45.91999816894531,46.43000030517578,45.810001373291016,46.060001373291016,46.060001373291016,203300,USD,NMS,America/New_York,Yahoo Finance
TRMK,2026-09-04,45.81999969482422,46.68000030517578,45.81999969482422,46.619998931884766,46.619998931884766,224100,USD,NMS,America/New_York,Yahoo Finance
TRMK,2026-09-08,46.369998931884766,46.52000045776367,45.810001373291016,45.83000183105469,45.83000183105469,360500,USD,NMS,America/New_York,Yahoo Finance
TRMK,2026-09-09,45.40999984741211,45.630001068115234,44.88999938964844,45.38999938964844,45.38999938964844,587200,USD,NMS,America/New_York,Yahoo Finance
TRMK,2026-09-10,45.36000061035156,47.470001220703125,45.15999984741211,47.45000076293945,47.45000076293945,692500,USD,NMS,America/New_York,Yahoo Finance
TRMK,2026-09-11,47.86000061035156,47.97999954223633,46.849998474121094,46.97999954223633,46.97999954223633,485800,USD,NMS,America/New_York,Yahoo Finance
TRMK,2026-09-14,46.90999984741211,47.5,46.81999969482422,47.130001068115234,47.130001068115234,397400,USD,NMS,America/New_York,Yahoo Finance
TRMK,2026-09-15,47.04999923706055,47.709999084472656,47.0,47.52000045776367,47.52000045776367,465200,USD,NMS,America/New_York,Yahoo Finance
TRMK,2026-09-16,47.560001373291016,47.93000030517578,46.41999816894531,47.16999816894531,47.16999816894531,620000,USD,NMS,America/New_York,Yahoo Finance
TRMK,2026-09-17,47.56999969482422,47.75,46.720001220703125,46.7400016784668,46.7400016784668,363900,USD,NMS,America/New_York,Yahoo Finance
TRMK,2026-09-18,46.540000915527344,46.90999984741211,46.16999816894531,46.709999084472656,46.709999084472656,976900,USD,NMS,America/New_York,Yahoo Finance
TRMK,2026-09-21,46.900001525878906,47.540000915527344,46.40999984741211,46.439998626708984,46.439998626708984,299600,USD,NMS,America/New_York,Yahoo Finance
TRMK,2026-09-22,46.75,46.939998626708984,45.91999816894531,45.939998626708984,45.939998626708984,376600,USD,NMS,America/New_York,Yahoo Finance
TRMK,2026-09-23,45.810001373291016,46.220001220703125,45.65999984741211,45.689998626708984,45.689998626708984,294000,USD,NMS,America/New_York,Yahoo Finance
TRMK,2026-09-24,45.88999938964844,46.5099983215332,45.58000183105469,46.09000015258789,46.09000015258789,380300,USD,NMS,America/New_York,Yahoo Finance
TRMK,2026-09-25,46.189998626708984,46.56999969482422,46.02000045776367,46.040000915527344,46.040000915527344,443900,USD,NMS,America/New_York,Yahoo Finance
TRMK,2026-09-28,46.040000915527344,46.08000183105469,45.56999969482422,45.619998931884766,45.619998931884766,328500,USD,NMS,America/New_York,Yahoo Finance
TRVI,2026-08-17,18.260000228881836,18.56999969482422,18.170000076293945,18.479999542236328,18.479999542236328,867400,USD,NGM,America/New_York,Yahoo Finance
TRVI,2026-08-18,18.459999084472656,18.969999313354492,18.18000030517578,18.84000015258789,18.84000015258789,1747800,USD,NGM,America/New_York,Yahoo Finance
TRVI,2026-08-19,19.290000915527344,19.299999237060547,18.5,18.809999465942383,18.809999465942383,1977400,USD,NGM,America/New_York,Yahoo Finance
TRVI,2026-08-20,18.59000015258789,18.989999771118164,18.149999618530273,18.25,18.25,1249700,USD,NGM,America/New_York,Yahoo Finance
TRVI,2026-08-21,18.440000534057617,18.540000915527344,17.829999923706055,17.959999084472656,17.959999084472656,1135900,USD,NGM,America/New_York,Yahoo Finance
TRVI,2026-08-24,17.854999542236328,18.125,17.239999771118164,18.079999923706055,18.079999923706055,1229900,USD,NGM,America/New_York,Yahoo Finance
TRVI,2026-08-25,18.290000915527344,18.59000015258789,17.690000534057617,17.950000762939453,17.950000762939453,2138700,USD,NGM,America/New_York,Yahoo Finance
TRVI,2026-08-26,17.889999389648438,18.0049991607666,17.420000076293945,17.920000076293945,17.920000076293945,1207800,USD,NGM,America/New_York,Yahoo Finance
TRVI,2026-08-27,17.850000381469727,18.104999542236328,17.610000610351562,17.959999084472656,17.959999084472656,1231300,USD,NGM,America/New_York,Yahoo Finance
TRVI,2026-08-28,17.8799991607666,18.09000015258789,16.625,16.790000915527344,16.790000915527344,1972100,USD,NGM,America/New_York,Yahoo Finance
TRVI,2026-08-31,16.65999984741211,16.735000610351562,16.079999923706055,16.600000381469727,16.600000381469727,1872400,USD,NGM,America/New_York,Yahoo Finance
TRVI,2026-09-01,16.399999618530273,16.729999542236328,16.31999969482422,16.56999969482422,16.56999969482422,945100,USD,NGM,America/New_York,Yahoo Finance
TRVI,2026-09-02,16.56999969482422,17.114999771118164,16.219999313354492,17.049999237060547,17.049999237060547,1350100,USD,NGM,America/New_York,Yahoo Finance
TRVI,2026-09-03,17.09000015258789,17.149999618530273,16.469999313354492,17.059999465942383,17.059999465942383,1427900,USD,NGM,America/New_York,Yahoo Finance
TRVI,2026-09-04,16.8799991607666,17.315000534057617,16.799999237060547,17.260000228881836,17.260000228881836,856700,USD,NGM,America/New_York,Yahoo Finance
TRVI,2026-09-08,16.940000534057617,17.18000030517578,16.59000015258789,16.81999969482422,16.81999969482422,1485100,USD,NGM,America/New_York,Yahoo Finance
TRVI,2026-09-09,16.8700008392334,17.024999618530273,16.510000228881836,16.639999389648438,16.639999389648438,959500,USD,NGM,America/New_York,Yahoo Finance
TRVI,2026-09-10,16.510000228881836,16.510000228881836,15.710000038146973,15.90999984741211,15.90999984741211,1250100,USD,NGM,America/New_York,Yahoo Finance
TRVI,2026-09-11,16.200000762939453,16.56999969482422,15.869999885559082,15.899999618530273,15.899999618530273,2016100,USD,NGM,America/New_York,Yahoo Finance
TRVI,2026-09-14,16.0,16.16900062561035,15.819999694824219,15.890000343322754,15.890000343322754,1062500,USD,NGM,America/New_York,Yahoo Finance
TRVI,2026-09-15,15.880000114440918,15.880000114440918,14.779999732971191,15.039999961853027,15.039999961853027,2568300,USD,NGM,America/New_York,Yahoo Finance
TRVI,2026-09-16,15.1899995803833,15.329999923706055,14.8100004196167,15.010000228881836,15.010000228881836,2277400,USD,NGM,America/New_York,Yahoo Finance
TRVI,2026-09-17,15.380000114440918,15.5649995803833,15.020000457763672,15.210000038146973,15.210000038146973,1500700,USD,NGM,America/New_York,Yahoo Finance
TRVI,2026-09-18,15.170000076293945,15.380000114440918,14.8100004196167,14.949999809265137,14.949999809265137,2138500,USD,NGM,America/New_York,Yahoo Finance
TRVI,2026-09-21,14.960000038146973,15.109999656677246,14.59000015258789,14.890000343322754,14.890000343322754,1649400,USD,NGM,America/New_York,Yahoo Finance
TRVI,2026-09-22,15.149999618530273,15.270000457763672,14.920000076293945,15.239999771118164,15.239999771118164,1232800,USD,NGM,America/New_York,Yahoo Finance
TRVI,2026-09-23,15.079999923706055,15.199999809265137,14.40999984741211,14.460000038146973,14.460000038146973,1349800,USD,NGM,America/New_York,Yahoo Finance
TRVI,2026-09-24,14.270000457763672,14.720000267028809,14.0,14.675000190734863,14.675000190734863,1697200,USD,NGM,America/New_York,Yahoo Finance
TRVI,2026-09-25,14.680000305175781,14.75,14.329999923706055,14.40999984741211,14.40999984741211,1365000,USD,NGM,America/New_York,Yahoo Finance
TRVI,2026-09-28,14.300000190734863,14.569999694824219,14.164999961853027,14.399999618530273,14.399999618530273,1613700,USD,NGM,America/New_York,Yahoo Finance
ULTA,2026-08-17,506.2699890136719,507.489990234375,493.1099853515625,493.3299865722656,493.3299865722656,556300,USD,NMS,America/New_York,Yahoo Finance
ULTA,2026-08-18,496.75,524.7999877929688,496.75,516.739990234375,516.739990234375,773000,USD,NMS,America/New_York,Yahoo Finance
ULTA,2026-08-19,520.1099853515625,542.3900146484375,517.5599975585938,527.8499755859375,527.8499755859375,646000,USD,NMS,America/New_York,Yahoo Finance
ULTA,2026-08-20,522.010009765625,526.780029296875,513.5800170898438,515.1400146484375,515.1400146484375,497000,USD,NMS,America/New_York,Yahoo Finance
ULTA,2026-08-21,517.6099853515625,529.6599731445312,513.5900268554688,521.4600219726562,521.4600219726562,468400,USD,NMS,America/New_York,Yahoo Finance
ULTA,2026-08-24,528.8099975585938,540.989990234375,526.739990234375,538.760009765625,538.760009765625,612200,USD,NMS,America/New_York,Yahoo Finance
ULTA,2026-08-25,533.7999877929688,537.9500122070312,526.0700073242188,537.219970703125,537.219970703125,716000,USD,NMS,America/New_York,Yahoo Finance
ULTA,2026-08-26,535.2100219726562,546.510009765625,529.030029296875,543.1900024414062,543.1900024414062,629200,USD,NMS,America/New_York,Yahoo Finance
ULTA,2026-08-27,536.0700073242188,543.2899780273438,526.9500122070312,540.0999755859375,540.0999755859375,1239200,USD,NMS,America/New_York,Yahoo Finance
ULTA,2026-08-28,542.0,542.5399780273438,503.04998779296875,517.5,517.5,1608100,USD,NMS,America/New_York,Yahoo Finance
ULTA,2026-08-31,521.0999755859375,543.5800170898438,518.9500122070312,537.0999755859375,537.0999755859375,1104000,USD,NMS,America/New_York,Yahoo Finance
ULTA,2026-09-01,527.8400268554688,551.9600219726562,527.8400268554688,545.6599731445312,545.6599731445312,828400,USD,NMS,America/New_York,Yahoo Finance
ULTA,2026-09-02,545.6799926757812,559.760009765625,545.010009765625,551.739990234375,551.739990234375,597200,USD,NMS,America/New_York,Yahoo Finance
ULTA,2026-09-03,559.27001953125,568.4400024414062,549.6199951171875,557.1099853515625,557.1099853515625,665200,USD,NMS,America/New_York,Yahoo Finance
ULTA,2026-09-04,555.0700073242188,566.8699951171875,553.4199829101562,564.1199951171875,564.1199951171875,515800,USD,NMS,America/New_York,Yahoo Finance
ULTA,2026-09-08,563.0,564.8400268554688,541.8200073242188,549.22998046875,549.22998046875,629800,USD,NMS,America/New_York,Yahoo Finance
ULTA,2026-09-09,543.8900146484375,550.0599975585938,540.010009765625,541.8599853515625,541.8599853515625,489500,USD,NMS,America/New_York,Yahoo Finance
ULTA,2026-09-10,537.4000244140625,542.7999877929688,530.7999877929688,535.6300048828125,535.6300048828125,625300,USD,NMS,America/New_York,Yahoo Finance
ULTA,2026-09-11,541.1699829101562,547.0800170898438,531.5599975585938,546.780029296875,546.780029296875,419800,USD,NMS,America/New_York,Yahoo Finance
ULTA,2026-09-14,544.9400024414062,552.6699829101562,537.260009765625,548.6500244140625,548.6500244140625,403500,USD,NMS,America/New_York,Yahoo Finance
ULTA,2026-09-15,554.2000122070312,555.5900268554688,537.75,544.3200073242188,544.3200073242188,591600,USD,NMS,America/New_York,Yahoo Finance
ULTA,2026-09-16,541.1500244140625,542.1400146484375,529.010009765625,530.52001953125,530.52001953125,651800,USD,NMS,America/New_York,Yahoo Finance
ULTA,2026-09-17,539.97998046875,547.5,539.3099975585938,543.72998046875,543.72998046875,433800,USD,NMS,America/New_York,Yahoo Finance
ULTA,2026-09-18,546.0700073242188,547.5800170898438,536.5499877929688,540.97998046875,540.97998046875,1144900,USD,NMS,America/New_York,Yahoo Finance
ULTA,2026-09-21,545.27001953125,561.469970703125,544.4299926757812,557.8599853515625,557.8599853515625,512400,USD,NMS,America/New_York,Yahoo Finance
ULTA,2026-09-22,558.7000122070312,566.0999755859375,552.6500244140625,553.8599853515625,553.8599853515625,501600,USD,NMS,America/New_York,Yahoo Finance
ULTA,2026-09-23,563.0999755859375,563.0999755859375,543.2100219726562,543.8099975585938,543.8099975585938,328800,USD,NMS,America/New_York,Yahoo Finance
ULTA,2026-09-24,544.02001953125,551.8599853515625,542.1799926757812,548.780029296875,548.780029296875,309500,USD,NMS,America/New_York,Yahoo Finance
ULTA,2026-09-25,550.739990234375,553.0399780273438,541.3200073242188,545.2000122070312,545.2000122070312,313700,USD,NMS,America/New_York,Yahoo Finance
ULTA,2026-09-28,538.3499755859375,552.719970703125,534.0499877929688,549.1300048828125,549.1300048828125,416200,USD,NMS,America/New_York,Yahoo Finance
USAS,2026-08-17,5.269999980926514,5.380000114440918,5.110000133514404,5.159999847412109,5.159999847412109,4703900,USD,ASE,America/New_York,Yahoo Finance
USAS,2026-08-18,5.050000190734863,5.150000095367432,4.900000095367432,4.949999809265137,4.949999809265137,4908600,USD,ASE,America/New_York,Yahoo Finance
USAS,2026-08-19,5.25,5.5,5.139999866485596,5.389999866485596,5.389999866485596,6384400,USD,ASE,America/New_York,Yahoo Finance
USAS,2026-08-20,5.289999961853027,5.400000095367432,5.170000076293945,5.25,5.25,6142900,USD,ASE,America/New_York,Yahoo Finance
USAS,2026-08-21,5.449999809265137,5.5,5.230000019073486,5.389999866485596,5.389999866485596,7215700,USD,ASE,America/New_York,Yahoo Finance
USAS,2026-08-24,5.46999979019165,5.510000228881836,5.230000019073486,5.389999866485596,5.389999866485596,4141500,USD,ASE,America/New_York,Yahoo Finance
USAS,2026-08-25,5.28000020980835,5.710000038146973,5.25,5.619999885559082,5.619999885559082,6135800,USD,ASE,America/New_York,Yahoo Finance
USAS,2026-08-26,5.5,5.670000076293945,5.449999809265137,5.570000171661377,5.570000171661377,4137400,USD,ASE,America/New_York,Yahoo Finance
USAS,2026-08-27,5.559999942779541,5.880000114440918,5.519999980926514,5.739999771118164,5.739999771118164,5168400,USD,ASE,America/New_York,Yahoo Finance
USAS,2026-08-28,5.820000171661377,5.840000152587891,5.349999904632568,5.440000057220459,5.440000057220459,6346700,USD,ASE,America/New_York,Yahoo Finance
USAS,2026-08-31,5.360000133514404,5.429999828338623,5.260000228881836,5.369999885559082,5.369999885559082,3896200,USD,ASE,America/New_York,Yahoo Finance
USAS,2026-09-01,5.099999904632568,5.309999942779541,5.03000020980835,5.050000190734863,5.050000190734863,4293400,USD,ASE,America/New_York,Yahoo Finance
USAS,2026-09-02,5.190000057220459,5.489999771118164,5.190000057220459,5.429999828338623,5.429999828338623,3712900,USD,ASE,America/New_York,Yahoo Finance
USAS,2026-09-03,5.650000095367432,5.679999828338623,5.409999847412109,5.539999961853027,5.539999961853027,4635400,USD,ASE,America/New_York,Yahoo Finance
USAS,2026-09-04,5.389999866485596,5.510000228881836,5.360000133514404,5.360000133514404,5.360000133514404,2979900,USD,ASE,America/New_York,Yahoo Finance
USAS,2026-09-08,5.349999904632568,5.480000019073486,5.159999847412109,5.199999809265137,5.199999809265137,3978700,USD,ASE,America/New_York,Yahoo Finance
USAS,2026-09-09,5.300000190734863,5.489999771118164,5.269999980926514,5.329999923706055,5.329999923706055,3916200,USD,ASE,America/New_York,Yahoo Finance
USAS,2026-09-10,5.079999923706055,5.269999980926514,5.039999961853027,5.090000152587891,5.090000152587891,3219700,USD,ASE,America/New_York,Yahoo Finance
USAS,2026-09-11,5.210000038146973,5.269999980926514,5.010000228881836,5.050000190734863,5.050000190734863,3051400,USD,ASE,America/New_York,Yahoo Finance
USAS,2026-09-14,4.889999866485596,4.900000095367432,4.670000076293945,4.809999942779541,4.809999942779541,4141900,USD,ASE,America/New_York,Yahoo Finance
USAS,2026-09-15,4.800000190734863,4.849999904632568,4.619999885559082,4.690000057220459,4.690000057220459,2557600,USD,ASE,America/New_York,Yahoo Finance
USAS,2026-09-16,4.78000020980835,4.789999961853027,4.5,4.579999923706055,4.579999923706055,5034800,USD,ASE,America/New_York,Yahoo Finance
USAS,2026-09-17,4.78000020980835,5.090000152587891,4.760000228881836,5.059999942779541,5.059999942779541,4613400,USD,ASE,America/New_York,Yahoo Finance
USAS,2026-09-18,5.159999847412109,5.28000020980835,5.0,5.179999828338623,5.179999828338623,4852100,USD,ASE,America/New_York,Yahoo Finance
USAS,2026-09-21,5.159999847412109,5.210000038146973,4.949999809265137,5.019999980926514,5.019999980926514,3085700,USD,ASE,America/New_York,Yahoo Finance
USAS,2026-09-22,5.039999961853027,5.320000171661377,5.019999980926514,5.260000228881836,5.260000228881836,2965900,USD,ASE,America/New_York,Yahoo Finance
USAS,2026-09-23,5.099999904632568,5.099999904632568,4.78000020980835,4.849999904632568,4.849999904632568,4237300,USD,ASE,America/New_York,Yahoo Finance
USAS,2026-09-24,4.760000228881836,4.789999961853027,4.610000133514404,4.679999828338623,4.679999828338623,2898200,USD,ASE,America/New_York,Yahoo Finance
USAS,2026-09-25,4.769999980926514,4.880000114440918,4.659999847412109,4.829999923706055,4.829999923706055,6479800,USD,ASE,America/New_York,Yahoo Finance
USAS,2026-09-28,4.5,4.599999904632568,4.440000057220459,4.5,4.5,4089900,USD,ASE,America/New_York,Yahoo Finance
VEON,2026-08-17,57.0,57.58000183105469,56.81999969482422,57.47999954223633,57.47999954223633,101000,USD,NMS,America/New_York,Yahoo Finance
VEON,2026-08-18,56.869998931884766,57.400001525878906,55.0,56.09000015258789,56.09000015258789,60200,USD,NMS,America/New_York,Yahoo Finance
VEON,2026-08-19,56.18000030517578,56.939998626708984,56.18000030517578,56.380001068115234,56.380001068115234,58000,USD,NMS,America/New_York,Yahoo Finance
VEON,2026-08-20,56.380001068115234,56.900001525878906,56.2400016784668,56.43000030517578,56.43000030517578,44200,USD,NMS,America/New_York,Yahoo Finance
VEON,2026-08-21,56.790000915527344,59.79999923706055,56.5,59.380001068115234,59.380001068115234,129500,USD,NMS,America/New_York,Yahoo Finance
VEON,2026-08-24,59.369998931884766,61.34000015258789,59.20000076293945,61.150001525878906,61.150001525878906,154400,USD,NMS,America/New_York,Yahoo Finance
VEON,2026-08-25,61.119998931884766,62.93000030517578,60.4900016784668,62.34000015258789,62.34000015258789,103900,USD,NMS,America/New_York,Yahoo Finance
VEON,2026-08-26,62.29999923706055,63.47999954223633,60.2400016784668,60.41999816894531,60.41999816894531,69100,USD,NMS,America/New_York,Yahoo Finance
VEON,2026-08-27,60.5,61.45000076293945,59.119998931884766,60.400001525878906,60.400001525878906,75200,USD,NMS,America/New_York,Yahoo Finance
VEON,2026-08-28,60.0099983215332,61.22999954223633,60.0099983215332,60.84000015258789,60.84000015258789,53800,USD,NMS,America/New_York,Yahoo Finance
VEON,2026-08-31,60.84000015258789,62.0,59.97999954223633,61.880001068115234,61.880001068115234,89700,USD,NMS,America/New_York,Yahoo Finance
VEON,2026-09-01,61.16999816894531,62.31999969482422,60.79999923706055,62.31999969482422,62.31999969482422,88900,USD,NMS,America/New_York,Yahoo Finance
VEON,2026-09-02,62.41999816894531,65.97000122070312,62.0,65.7699966430664,65.7699966430664,167000,USD,NMS,America/New_York,Yahoo Finance
VEON,2026-09-03,66.0,66.56999969482422,64.7699966430664,66.25,66.25,97000,USD,NMS,America/New_York,Yahoo Finance
VEON,2026-09-04,66.41999816894531,67.36000061035156,63.66999816894531,64.20999908447266,64.20999908447266,173000,USD,NMS,America/New_York,Yahoo Finance
VEON,2026-09-08,64.19999694824219,65.13999938964844,63.9900016784668,64.83000183105469,64.83000183105469,207100,USD,NMS,America/New_York,Yahoo Finance
VEON,2026-09-09,64.4000015258789,65.52999877929688,64.37999725341797,65.0,65.0,210400,USD,NMS,America/New_York,Yahoo Finance
VEON,2026-09-10,65.0,69.5,64.19999694824219,69.16000366210938,69.16000366210938,270500,USD,NMS,America/New_York,Yahoo Finance
VEON,2026-09-11,69.12000274658203,69.12000274658203,67.0,67.87000274658203,67.87000274658203,98400,USD,NMS,America/New_York,Yahoo Finance
VEON,2026-09-14,67.38999938964844,69.18000030517578,67.22000122070312,68.81999969482422,68.81999969482422,255500,USD,NMS,America/New_York,Yahoo Finance
VEON,2026-09-15,68.66000366210938,69.5999984741211,67.80000305175781,68.75,68.75,211200,USD,NMS,America/New_York,Yahoo Finance
VEON,2026-09-16,68.5,69.38999938964844,67.31999969482422,68.51000213623047,68.51000213623047,201600,USD,NMS,America/New_York,Yahoo Finance
VEON,2026-09-17,69.02999877929688,71.0999984741211,68.7300033569336,68.80999755859375,68.80999755859375,171200,USD,NMS,America/New_York,Yahoo Finance
VEON,2026-09-18,68.91999816894531,70.88999938964844,68.55000305175781,68.62999725341797,68.62999725341797,256900,USD,NMS,America/New_York,Yahoo Finance
VEON,2026-09-21,69.58000183105469,70.41000366210938,69.0,69.66999816894531,69.66999816894531,179200,USD,NMS,America/New_York,Yahoo Finance
VEON,2026-09-22,70.0,70.20999908447266,68.80999755859375,69.37000274658203,69.37000274658203,193600,USD,NMS,America/New_York,Yahoo Finance
VEON,2026-09-23,70.0,70.80000305175781,68.55000305175781,70.36000061035156,70.36000061035156,245500,USD,NMS,America/New_York,Yahoo Finance
VEON,2026-09-24,70.36000061035156,73.79000091552734,70.36000061035156,72.54000091552734,72.54000091552734,268100,USD,NMS,America/New_York,Yahoo Finance
VEON,2026-09-25,73.4800033569336,75.0,73.29000091552734,73.5199966430664,73.5199966430664,192300,USD,NMS,America/New_York,Yahoo Finance
VEON,2026-09-28,74.19000244140625,74.5999984741211,67.93000030517578,69.41000366210938,69.41000366210938,114600,USD,NMS,America/New_York,Yahoo Finance
VFC,2026-08-17,15.079999923706055,15.319999694824219,14.34000015258789,14.479999542236328,14.379054069519043,5919200,USD,NYQ,America/New_York,Yahoo Finance
VFC,2026-08-18,14.609999656677246,14.720000267028809,14.279999732971191,14.3100004196167,14.210240364074707,6248100,USD,NYQ,America/New_York,Yahoo Finance
VFC,2026-08-19,14.460000038146973,14.630000114440918,14.300000190734863,14.369999885559082,14.269821166992188,4131200,USD,NYQ,America/New_York,Yahoo Finance
VFC,2026-08-20,14.239999771118164,14.239999771118164,13.859999656677246,13.949999809265137,13.852749824523926,5330200,USD,NYQ,America/New_York,Yahoo Finance
VFC,2026-08-21,14.0600004196167,14.510000228881836,14.0600004196167,14.369999885559082,14.269821166992188,6279900,USD,NYQ,America/New_York,Yahoo Finance
VFC,2026-08-24,14.350000381469727,14.5600004196167,14.25,14.3100004196167,14.210240364074707,6711300,USD,NYQ,America/New_York,Yahoo Finance
VFC,2026-08-25,14.140000343322754,14.220000267028809,13.720000267028809,13.850000381469727,13.753446578979492,6121800,USD,NYQ,America/New_York,Yahoo Finance
VFC,2026-08-26,13.869999885559082,14.0,13.789999961853027,13.890000343322754,13.793168067932129,4979600,USD,NYQ,America/New_York,Yahoo Finance
VFC,2026-08-27,13.920000076293945,13.920000076293945,13.600000381469727,13.640000343322754,13.54491138458252,4446600,USD,NYQ,America/New_York,Yahoo Finance
VFC,2026-08-28,13.75,13.890000343322754,13.65999984741211,13.670000076293945,13.574701309204102,4422400,USD,NYQ,America/New_York,Yahoo Finance
VFC,2026-08-31,13.510000228881836,13.59000015258789,13.319999694824219,13.4399995803833,13.346304893493652,5960500,USD,NYQ,America/New_York,Yahoo Finance
VFC,2026-09-01,13.289999961853027,13.34000015258789,13.0,13.09000015258789,12.99874496459961,7852600,USD,NYQ,America/New_York,Yahoo Finance
VFC,2026-09-02,13.210000038146973,13.449999809265137,13.149999618530273,13.220000267028809,13.127839088439941,5214100,USD,NYQ,America/New_York,Yahoo Finance
VFC,2026-09-03,13.479999542236328,13.489999771118164,12.9399995803833,13.140000343322754,13.048397064208984,8111000,USD,NYQ,America/New_York,Yahoo Finance
VFC,2026-09-04,12.989999771118164,13.539999961853027,12.989999771118164,13.449999809265137,13.35623550415039,7879000,USD,NYQ,America/New_York,Yahoo Finance
VFC,2026-09-08,13.5,13.649999618530273,13.170000076293945,13.199999809265137,13.107977867126465,4916000,USD,NYQ,America/New_York,Yahoo Finance
VFC,2026-09-09,13.140000343322754,13.1899995803833,12.880000114440918,12.90999984741211,12.819999694824219,6076400,USD,NYQ,America/New_York,Yahoo Finance
VFC,2026-09-10,12.529999732971191,12.75,12.460000038146973,12.619999885559082,12.619999885559082,7676500,USD,NYQ,America/New_York,Yahoo Finance
VFC,2026-09-11,12.800000190734863,13.300000190734863,12.789999961853027,13.170000076293945,13.170000076293945,7617000,USD,NYQ,America/New_York,Yahoo Finance
VFC,2026-09-14,12.770000457763672,13.149999618530273,12.760000228881836,13.069999694824219,13.069999694824219,7101100,USD,NYQ,America/New_York,Yahoo Finance
VFC,2026-09-15,12.989999771118164,13.069999694824219,12.6899995803833,12.710000038146973,12.710000038146973,5678600,USD,NYQ,America/New_York,Yahoo Finance
VFC,2026-09-16,12.75,13.079999923706055,12.600000381469727,12.729999542236328,12.729999542236328,7390500,USD,NYQ,America/New_York,Yahoo Finance
VFC,2026-09-17,12.920000076293945,13.15999984741211,12.720000267028809,12.930000305175781,12.930000305175781,5265500,USD,NYQ,America/New_York,Yahoo Finance
VFC,2026-09-18,12.920000076293945,13.100000381469727,12.770000457763672,12.789999961853027,12.789999961853027,9136400,USD,NYQ,America/New_York,Yahoo Finance
VFC,2026-09-21,13.100000381469727,13.119999885559082,12.770000457763672,13.050000190734863,13.050000190734863,7640000,USD,NYQ,America/New_York,Yahoo Finance
VFC,2026-09-22,13.3100004196167,13.739999771118164,13.3100004196167,13.550000190734863,13.550000190734863,9477100,USD,NYQ,America/New_York,Yahoo Finance
VFC,2026-09-23,13.529999732971191,13.710000038146973,13.350000381469727,13.520000457763672,13.520000457763672,7156500,USD,NYQ,America/New_York,Yahoo Finance
VFC,2026-09-24,13.529999732971191,13.779999732971191,13.279999732971191,13.6899995803833,13.6899995803833,8657300,USD,NYQ,America/New_York,Yahoo Finance
VFC,2026-09-25,13.84000015258789,14.15999984741211,13.670000076293945,14.149999618530273,14.149999618530273,8713500,USD,NYQ,America/New_York,Yahoo Finance
VFC,2026-09-28,13.970000267028809,14.670000076293945,13.850000381469727,14.420000076293945,14.420000076293945,12661700,USD,NYQ,America/New_York,Yahoo Finance
VIV,2026-08-17,11.550000190734863,11.600000381469727,11.399999618530273,11.399999618530273,11.299027442932129,1380800,USD,NYQ,America/New_York,Yahoo Finance
VIV,2026-08-18,11.449999809265137,11.539999961853027,11.279999732971191,11.289999961853027,11.19000244140625,1675900,USD,NYQ,America/New_York,Yahoo Finance
VIV,2026-08-19,11.550000190734863,11.630000114440918,11.449999809265137,11.489999771118164,11.38823127746582,2203800,USD,NYQ,America/New_York,Yahoo Finance
VIV,2026-08-20,11.390000343322754,11.40999984741211,11.220000267028809,11.229999542236328,11.130533218383789,1171100,USD,NYQ,America/New_York,Yahoo Finance
VIV,2026-08-21,11.359999656677246,11.550000190734863,11.34000015258789,11.430000305175781,11.32876205444336,1172000,USD,NYQ,America/New_York,Yahoo Finance
VIV,2026-08-24,11.239999771118164,11.550000190734863,11.239999771118164,11.449999809265137,11.34858512878418,972100,USD,NYQ,America/New_York,Yahoo Finance
VIV,2026-08-25,11.460000038146973,11.670000076293945,11.369999885559082,11.649999618530273,11.54681396484375,930200,USD,NYQ,America/New_York,Yahoo Finance
VIV,2026-08-26,11.649999618530273,11.680000305175781,11.569999694824219,11.609999656677246,11.50716781616211,944000,USD,NYQ,America/New_York,Yahoo Finance
VIV,2026-08-27,11.489999771118164,11.510000228881836,11.319999694824219,11.329999923706055,11.27042007446289,1014600,USD,NYQ,America/New_York,Yahoo Finance
VIV,2026-08-28,11.380000114440918,11.430000305175781,11.210000038146973,11.390000343322754,11.33010482788086,1692800,USD,NYQ,America/New_York,Yahoo Finance
VIV,2026-08-31,11.5,11.569999694824219,11.420000076293945,11.539999961853027,11.479315757751465,1579000,USD,NYQ,America/New_York,Yahoo Finance
VIV,2026-09-01,11.579999923706055,11.770000457763672,11.5600004196167,11.59000015258789,11.529052734375,1534900,USD,NYQ,America/New_York,Yahoo Finance
VIV,2026-09-02,11.770000457763672,11.920000076293945,11.720000267028809,11.819999694824219,11.757843017578125,996300,USD,NYQ,America/New_York,Yahoo Finance
VIV,2026-09-03,12.0,12.039999961853027,11.819999694824219,11.890000343322754,11.827475547790527,1376700,USD,NYQ,America/New_York,Yahoo Finance
VIV,2026-09-04,11.699999809265137,11.84000015258789,11.640000343322754,11.65999984741211,11.598684310913086,1194800,USD,NYQ,America/New_York,Yahoo Finance
VIV,2026-09-08,11.84000015258789,11.989999771118164,11.789999961853027,11.800000190734863,11.737948417663574,1281000,USD,NYQ,America/New_York,Yahoo Finance
VIV,2026-09-09,11.720000267028809,11.850000381469727,11.670000076293945,11.789999961853027,11.72800064086914,943600,USD,NYQ,America/New_York,Yahoo Finance
VIV,2026-09-10,11.640000343322754,11.970000267028809,11.630000114440918,11.920000076293945,11.857316970825195,912800,USD,NYQ,America/New_York,Yahoo Finance
VIV,2026-09-11,11.979999542236328,12.029999732971191,11.739999771118164,11.850000381469727,11.78768539428711,924000,USD,NYQ,America/New_York,Yahoo Finance
VIV,2026-09-14,11.5600004196167,11.899999618530273,11.539999961853027,11.890000343322754,11.827475547790527,1373100,USD,NYQ,America/New_York,Yahoo Finance
VIV,2026-09-15,11.8100004196167,11.949999809265137,11.770000457763672,11.890000343322754,11.827475547790527,2327100,USD,NYQ,America/New_York,Yahoo Finance
VIV,2026-09-16,11.850000381469727,11.949999809265137,11.8100004196167,11.859999656677246,11.797632217407227,1589700,USD,NYQ,America/New_York,Yahoo Finance
VIV,2026-09-17,11.920000076293945,12.109999656677246,11.789999961853027,12.0,11.936896324157715,2525000,USD,NYQ,America/New_York,Yahoo Finance
VIV,2026-09-18,11.880000114440918,12.029999732971191,11.779999732971191,11.949999809265137,11.88715934753418,2997400,USD,NYQ,America/New_York,Yahoo Finance
VIV,2026-09-21,12.210000038146973,12.229999542236328,11.949999809265137,12.020000457763672,11.956791877746582,1153000,USD,NYQ,America/New_York,Yahoo Finance
VIV,2026-09-22,11.880000114440918,11.989999771118164,11.84000015258789,11.9399995803833,11.877211570739746,632200,USD,NYQ,America/New_York,Yahoo Finance
VIV,2026-09-23,11.850000381469727,11.890000343322754,11.630000114440918,11.649999618530273,11.588736534118652,1397700,USD,NYQ,America/New_York,Yahoo Finance
VIV,2026-09-24,11.640000343322754,11.850000381469727,11.640000343322754,11.6899995803833,11.62852668762207,2522500,USD,NYQ,America/New_York,Yahoo Finance
VIV,2026-09-25,11.600000381469727,11.680000305175781,11.489999771118164,11.600000381469727,11.539000511169434,891600,USD,NYQ,America/New_York,Yahoo Finance
VIV,2026-09-28,11.380000114440918,11.430000305175781,11.270000457763672,11.289999961853027,11.289999961853027,853000,USD,NYQ,America/New_York,Yahoo Finance
VPG,2026-08-17,75.0,76.58000183105469,73.70999908447266,76.2300033569336,76.2300033569336,951400,USD,NYQ,America/New_York,Yahoo Finance
VPG,2026-08-18,72.8499984741211,72.8499984741211,66.08000183105469,67.79000091552734,67.79000091552734,738800,USD,NYQ,America/New_York,Yahoo Finance
VPG,2026-08-19,67.94000244140625,68.6500015258789,62.59000015258789,63.130001068115234,63.130001068115234,867500,USD,NYQ,America/New_York,Yahoo Finance
VPG,2026-08-20,62.86000061035156,63.5,60.849998474121094,62.2599983215332,62.2599983215332,598600,USD,NYQ,America/New_York,Yahoo Finance
VPG,2026-08-21,63.31999969482422,66.88999938964844,60.619998931884766,66.61000061035156,66.61000061035156,1005800,USD,NYQ,America/New_York,Yahoo Finance
VPG,2026-08-24,65.0,66.48999786376953,63.5,66.16000366210938,66.16000366210938,725400,USD,NYQ,America/New_York,Yahoo Finance
VPG,2026-08-25,68.4000015258789,69.0,63.90999984741211,64.44999694824219,64.44999694824219,410100,USD,NYQ,America/New_York,Yahoo Finance
VPG,2026-08-26,65.29000091552734,66.23999786376953,63.88999938964844,64.05999755859375,64.05999755859375,246700,USD,NYQ,America/New_York,Yahoo Finance
VPG,2026-08-27,65.66999816894531,67.0199966430664,64.58999633789062,66.22000122070312,66.22000122070312,265300,USD,NYQ,America/New_York,Yahoo Finance
VPG,2026-08-28,65.69999694824219,66.68000030517578,62.27000045776367,62.54999923706055,62.54999923706055,284900,USD,NYQ,America/New_York,Yahoo Finance
VPG,2026-08-31,63.4900016784668,63.529998779296875,60.09000015258789,61.810001373291016,61.810001373291016,547600,USD,NYQ,America/New_York,Yahoo Finance
VPG,2026-09-01,60.06999969482422,61.27000045776367,59.72999954223633,60.45000076293945,60.45000076293945,337200,USD,NYQ,America/New_York,Yahoo Finance
VPG,2026-09-02,60.349998474121094,61.7599983215332,59.0,61.349998474121094,61.349998474121094,274300,USD,NYQ,America/New_York,Yahoo Finance
VPG,2026-09-03,60.93000030517578,63.0,59.369998931884766,62.7599983215332,62.7599983215332,339800,USD,NYQ,America/New_York,Yahoo Finance
VPG,2026-09-04,63.0,64.55999755859375,62.15999984741211,63.0099983215332,63.0099983215332,271100,USD,NYQ,America/New_York,Yahoo Finance
VPG,2026-09-08,63.7400016784668,65.91999816894531,63.459999084472656,64.68000030517578,64.68000030517578,408600,USD,NYQ,America/New_York,Yahoo Finance
VPG,2026-09-09,64.3499984741211,66.0,62.810001373291016,63.2599983215332,63.2599983215332,262200,USD,NYQ,America/New_York,Yahoo Finance
VPG,2026-09-10,61.849998474121094,63.45000076293945,61.540000915527344,61.720001220703125,61.720001220703125,251300,USD,NYQ,America/New_York,Yahoo Finance
VPG,2026-09-11,63.2400016784668,66.80000305175781,63.2400016784668,65.37000274658203,65.37000274658203,353700,USD,NYQ,America/New_York,Yahoo Finance
VPG,2026-09-14,62.36000061035156,62.68000030517578,60.119998931884766,60.4900016784668,60.4900016784668,376500,USD,NYQ,America/New_York,Yahoo Finance
VPG,2026-09-15,61.9900016784668,62.709999084472656,59.470001220703125,60.58000183105469,60.58000183105469,273300,USD,NYQ,America/New_York,Yahoo Finance
VPG,2026-09-16,61.970001220703125,62.810001373291016,60.310001373291016,61.040000915527344,61.040000915527344,251400,USD,NYQ,America/New_York,Yahoo Finance
VPG,2026-09-17,63.540000915527344,64.25,62.0,62.060001373291016,62.060001373291016,269600,USD,NYQ,America/New_York,Yahoo Finance
VPG,2026-09-18,63.33000183105469,63.61000061035156,61.65999984741211,62.650001525878906,62.650001525878906,328200,USD,NYQ,America/New_York,Yahoo Finance
VPG,2026-09-21,64.5999984741211,65.33999633789062,63.2599983215332,64.94999694824219,64.94999694824219,374900,USD,NYQ,America/New_York,Yahoo Finance
VPG,2026-09-22,64.41000366210938,70.58999633789062,64.20999908447266,69.91000366210938,69.91000366210938,449800,USD,NYQ,America/New_York,Yahoo Finance
VPG,2026-09-23,69.23999786376953,69.9000015258789,66.83000183105469,69.83000183105469,69.83000183105469,250000,USD,NYQ,America/New_York,Yahoo Finance
VPG,2026-09-24,67.6500015258789,69.77999877929688,67.0999984741211,68.56999969482422,68.56999969482422,318400,USD,NYQ,America/New_York,Yahoo Finance
VPG,2026-09-25,69.80000305175781,73.30000305175781,69.44999694824219,71.62999725341797,71.62999725341797,472200,USD,NYQ,America/New_York,Yahoo Finance
VPG,2026-09-28,70.47000122070312,71.94000244140625,68.08999633789062,70.87999725341797,70.87999725341797,291900,USD,NYQ,America/New_York,Yahoo Finance
VRDN,2026-08-17,21.920000076293945,23.290000915527344,21.868999481201172,23.09000015258789,23.09000015258789,1892800,USD,NCM,America/New_York,Yahoo Finance
VRDN,2026-08-18,23.0,23.950000762939453,22.84000015258789,23.93000030517578,23.93000030517578,1992400,USD,NCM,America/New_York,Yahoo Finance
VRDN,2026-08-19,24.520000457763672,24.860000610351562,23.799999237060547,24.799999237060547,24.799999237060547,1833800,USD,NCM,America/New_York,Yahoo Finance
VRDN,2026-08-20,24.610000610351562,24.719999313354492,23.959999084472656,24.5,24.5,1076000,USD,NCM,America/New_York,Yahoo Finance
VRDN,2026-08-21,24.649999618530273,24.7450008392334,24.06999969482422,24.290000915527344,24.290000915527344,905600,USD,NCM,America/New_York,Yahoo Finance
VRDN,2026-08-24,24.350000381469727,24.389999389648438,24.0,24.020000457763672,24.020000457763672,1131100,USD,NCM,America/New_York,Yahoo Finance
VRDN,2026-08-25,24.299999237060547,24.799999237060547,24.079999923706055,24.18000030517578,24.18000030517578,901400,USD,NCM,America/New_York,Yahoo Finance
VRDN,2026-08-26,24.15999984741211,24.454999923706055,23.920000076293945,24.260000228881836,24.260000228881836,780800,USD,NCM,America/New_York,Yahoo Finance
VRDN,2026-08-27,24.219999313354492,24.465999603271484,23.75,23.8799991607666,23.8799991607666,839700,USD,NCM,America/New_York,Yahoo Finance
VRDN,2026-08-28,23.579999923706055,23.700000762939453,23.040000915527344,23.079999923706055,23.079999923706055,778900,USD,NCM,America/New_York,Yahoo Finance
VRDN,2026-08-31,22.940000534057617,23.270000457763672,22.6200008392334,23.15999984741211,23.15999984741211,1048800,USD,NCM,America/New_York,Yahoo Finance
VRDN,2026-09-01,23.020000457763672,23.34000015258789,22.885000228881836,23.030000686645508,23.030000686645508,998400,USD,NCM,America/New_York,Yahoo Finance
VRDN,2026-09-02,23.110000610351562,23.735000610351562,22.389999389648438,22.780000686645508,22.780000686645508,1417400,USD,NCM,America/New_York,Yahoo Finance
VRDN,2026-09-03,23.079999923706055,23.280000686645508,22.56999969482422,22.959999084472656,22.959999084472656,1193800,USD,NCM,America/New_York,Yahoo Finance
VRDN,2026-09-04,22.6200008392334,23.030000686645508,22.6200008392334,22.920000076293945,22.920000076293945,759900,USD,NCM,America/New_York,Yahoo Finance
VRDN,2026-09-08,22.3799991607666,23.834999084472656,22.219999313354492,23.170000076293945,23.170000076293945,1829300,USD,NCM,America/New_York,Yahoo Finance
VRDN,2026-09-09,23.110000610351562,23.579999923706055,22.700000762939453,22.729999542236328,22.729999542236328,1578300,USD,NCM,America/New_York,Yahoo Finance
VRDN,2026-09-10,22.399999618530273,22.600000381469727,21.989999771118164,22.290000915527344,22.290000915527344,1310100,USD,NCM,America/New_York,Yahoo Finance
VRDN,2026-09-11,22.479999542236328,22.69499969482422,21.184999465942383,21.239999771118164,21.239999771118164,943200,USD,NCM,America/New_York,Yahoo Finance
VRDN,2026-09-14,21.469999313354492,22.299999237060547,21.270000457763672,22.200000762939453,22.200000762939453,1300800,USD,NCM,America/New_York,Yahoo Finance
VRDN,2026-09-15,21.979999542236328,22.139999389648438,21.399999618530273,21.829999923706055,21.829999923706055,1210900,USD,NCM,America/New_York,Yahoo Finance
VRDN,2026-09-16,21.889999389648438,22.459999084472656,21.68000030517578,22.440000534057617,22.440000534057617,1671900,USD,NCM,America/New_York,Yahoo Finance
VRDN,2026-09-17,22.8799991607666,22.969999313354492,21.719999313354492,21.93000030517578,21.93000030517578,1268400,USD,NCM,America/New_York,Yahoo Finance
VRDN,2026-09-18,21.989999771118164,22.170000076293945,21.799999237060547,22.0,22.0,5381500,USD,NCM,America/New_York,Yahoo Finance
VRDN,2026-09-21,22.280000686645508,22.399999618530273,21.530000686645508,21.579999923706055,21.579999923706055,1745400,USD,NCM,America/New_York,Yahoo Finance
VRDN,2026-09-22,22.020000457763672,22.329999923706055,21.540000915527344,22.1200008392334,22.1200008392334,1456700,USD,NCM,America/New_York,Yahoo Finance
VRDN,2026-09-23,22.110000610351562,22.184999465942383,21.200000762939453,21.43000030517578,21.43000030517578,2857600,USD,NCM,America/New_York,Yahoo Finance
VRDN,2026-09-24,21.100000381469727,21.25,20.219999313354492,20.65999984741211,20.65999984741211,2211300,USD,NCM,America/New_York,Yahoo Finance
VRDN,2026-09-25,20.75,21.0049991607666,20.155000686645508,20.469999313354492,20.469999313354492,2090600,USD,NCM,America/New_York,Yahoo Finance
VRDN,2026-09-28,20.309999465942383,20.704999923706055,20.030000686645508,20.56999969482422,20.56999969482422,1339100,USD,NCM,America/New_York,Yahoo Finance
VRSK,2026-08-17,179.9499969482422,180.1999969482422,174.44000244140625,175.6199951171875,175.15049743652344,1005000,USD,NMS,America/New_York,Yahoo Finance
VRSK,2026-08-18,178.50999450683594,183.0399932861328,177.83999633789062,178.86000061035156,178.3818359375,1625200,USD,NMS,America/New_York,Yahoo Finance
VRSK,2026-08-19,178.36000061035156,186.55999755859375,178.36000061035156,186.4499969482422,185.9515380859375,1025600,USD,NMS,America/New_York,Yahoo Finance
VRSK,2026-08-20,186.05999755859375,189.9499969482422,186.0399932861328,187.67999267578125,187.17825317382812,908500,USD,NMS,America/New_York,Yahoo Finance
VRSK,2026-08-21,186.67999267578125,189.33999633789062,184.88999938964844,187.5,186.9987335205078,1085400,USD,NMS,America/New_York,Yahoo Finance
VRSK,2026-08-24,187.7899932861328,192.2100067138672,187.7899932861328,189.5500030517578,189.0432586669922,616600,USD,NMS,America/New_York,Yahoo Finance
VRSK,2026-08-25,187.66000366210938,196.4199981689453,186.6699981689453,188.49000549316406,187.98609924316406,2383600,USD,NMS,America/New_York,Yahoo Finance
VRSK,2026-08-26,186.9199981689453,189.25999450683594,185.27999877929688,187.8699951171875,187.3677520751953,721900,USD,NMS,America/New_York,Yahoo Finance
VRSK,2026-08-27,187.3800048828125,191.8300018310547,186.8300018310547,191.02000427246094,190.50933837890625,900500,USD,NMS,America/New_York,Yahoo Finance
VRSK,2026-08-28,191.02000427246094,193.02999877929688,189.0399932861328,191.77000427246094,191.25732421875,942300,USD,NMS,America/New_York,Yahoo Finance
VRSK,2026-08-31,190.16000366210938,195.2100067138672,190.16000366210938,193.77999877929688,193.26194763183594,1362200,USD,NMS,America/New_York,Yahoo Finance
VRSK,2026-09-01,193.42999267578125,197.2100067138672,192.97999572753906,194.35000610351562,193.83042907714844,984000,USD,NMS,America/New_York,Yahoo Finance
VRSK,2026-09-02,193.1999969482422,193.3300018310547,187.44000244140625,188.16000366210938,187.656982421875,1014400,USD,NMS,America/New_York,Yahoo Finance
VRSK,2026-09-03,189.3000030517578,194.19000244140625,189.3000030517578,190.60000610351562,190.0904541015625,922200,USD,NMS,America/New_York,Yahoo Finance
VRSK,2026-09-04,186.52999877929688,188.6699981689453,182.5,185.7899932861328,185.29330444335938,854400,USD,NMS,America/New_York,Yahoo Finance
VRSK,2026-09-08,184.52999877929688,184.52999877929688,175.32000732421875,175.49000549316406,175.02085876464844,1682800,USD,NMS,America/New_York,Yahoo Finance
VRSK,2026-09-09,175.49000549316406,179.2100067138672,171.7899932861328,177.99000549316406,177.51417541503906,1202400,USD,NMS,America/New_York,Yahoo Finance
VRSK,2026-09-10,177.8699951171875,178.47999572753906,174.0500030517578,175.86000061035156,175.38986206054688,910100,USD,NMS,America/New_York,Yahoo Finance
VRSK,2026-09-11,176.75,177.22000122070312,173.8300018310547,176.1999969482422,175.72894287109375,688400,USD,NMS,America/New_York,Yahoo Finance
VRSK,2026-09-14,181.17999267578125,187.47000122070312,181.1699981689453,187.02999877929688,186.52999877929688,1542300,USD,NMS,America/New_York,Yahoo Finance
VRSK,2026-09-15,184.91000366210938,185.60000610351562,179.47999572753906,180.0800018310547,180.0800018310547,964000,USD,NMS,America/New_York,Yahoo Finance
VRSK,2026-09-16,178.83999633789062,182.89999389648438,177.9499969482422,181.75,181.75,1286100,USD,NMS,America/New_York,Yahoo Finance
VRSK,2026-09-17,181.10000610351562,182.91000366210938,175.50999450683594,176.47999572753906,176.47999572753906,965500,USD,NMS,America/New_York,Yahoo Finance
VRSK,2026-09-18,175.8000030517578,178.3699951171875,173.69000244140625,175.41000366210938,175.41000366210938,3185200,USD,NMS,America/New_York,Yahoo Finance
VRSK,2026-09-21,174.1300048828125,175.14999389648438,170.8800048828125,172.02000427246094,172.02000427246094,1193200,USD,NMS,America/New_York,Yahoo Finance
VRSK,2026-09-22,173.0,174.24000549316406,170.72999572753906,171.94000244140625,171.94000244140625,976500,USD,NMS,America/New_York,Yahoo Finance
VRSK,2026-09-23,171.67999267578125,172.58999633789062,169.6199951171875,171.8000030517578,171.8000030517578,1062000,USD,NMS,America/New_York,Yahoo Finance
VRSK,2026-09-24,173.08999633789062,175.1300048828125,167.6199951171875,168.64999389648438,168.64999389648438,1524600,USD,NMS,America/New_York,Yahoo Finance
VRSK,2026-09-25,168.3000030517578,171.1199951171875,167.5,169.2100067138672,169.2100067138672,1330600,USD,NMS,America/New_York,Yahoo Finance
VRSK,2026-09-28,168.82000732421875,169.5800018310547,166.3000030517578,167.77000427246094,167.77000427246094,1152100,USD,NMS,America/New_York,Yahoo Finance
VZ,2026-08-17,48.2400016784668,48.68000030517578,48.0,48.060001373291016,48.060001373291016,14466200,USD,NYQ,America/New_York,Yahoo Finance
VZ,2026-08-18,48.56999969482422,49.0099983215332,48.40999984741211,48.540000915527344,48.540000915527344,14376300,USD,NYQ,America/New_York,Yahoo Finance
VZ,2026-08-19,48.599998474121094,49.599998474121094,48.59000015258789,49.36000061035156,49.36000061035156,17796000,USD,NYQ,America/New_York,Yahoo Finance
VZ,2026-08-20,49.279998779296875,49.59000015258789,49.13999938964844,49.189998626708984,49.189998626708984,12546300,USD,NYQ,America/New_York,Yahoo Finance
VZ,2026-08-21,49.369998931884766,49.720001220703125,49.16999816894531,49.45000076293945,49.45000076293945,15078100,USD,NYQ,America/New_York,Yahoo Finance
VZ,2026-08-24,49.4900016784668,50.279998779296875,49.36000061035156,50.150001525878906,50.150001525878906,19498700,USD,NYQ,America/New_York,Yahoo Finance
VZ,2026-08-25,50.0,50.33000183105469,49.790000915527344,50.25,50.25,21337600,USD,NYQ,America/New_York,Yahoo Finance
VZ,2026-08-26,50.310001373291016,50.779998779296875,50.08000183105469,50.189998626708984,50.189998626708984,20720800,USD,NYQ,America/New_York,Yahoo Finance
VZ,2026-08-27,49.560001373291016,49.900001525878906,49.119998931884766,49.43000030517578,49.43000030517578,16389700,USD,NYQ,America/New_York,Yahoo Finance
VZ,2026-08-28,49.54999923706055,50.33000183105469,49.540000915527344,50.099998474121094,50.099998474121094,15790100,USD,NYQ,America/New_York,Yahoo Finance
VZ,2026-08-31,50.060001373291016,50.540000915527344,49.90999984741211,50.02000045776367,50.02000045776367,21403000,USD,NYQ,America/New_York,Yahoo Finance
VZ,2026-09-01,50.5,50.93000030517578,50.2400016784668,50.29999923706055,50.29999923706055,20187700,USD,NYQ,America/New_York,Yahoo Finance
VZ,2026-09-02,50.5,50.84000015258789,50.150001525878906,50.220001220703125,50.220001220703125,18674600,USD,NYQ,America/New_York,Yahoo Finance
VZ,2026-09-03,50.61000061035156,50.81999969482422,50.150001525878906,50.59000015258789,50.59000015258789,17998500,USD,NYQ,America/New_York,Yahoo Finance
VZ,2026-09-04,50.54999923706055,50.709999084472656,50.08000183105469,50.13999938964844,50.13999938964844,13418500,USD,NYQ,America/New_York,Yahoo Finance
VZ,2026-09-08,49.97999954223633,50.650001525878906,49.77000045776367,50.40999984741211,50.40999984741211,16036300,USD,NYQ,America/New_York,Yahoo Finance
VZ,2026-09-09,50.189998626708984,50.290000915527344,48.81999969482422,49.7400016784668,49.7400016784668,22574700,USD,NYQ,America/New_York,Yahoo Finance
VZ,2026-09-10,50.0099983215332,50.61000061035156,49.779998779296875,49.970001220703125,49.970001220703125,18475800,USD,NYQ,America/New_York,Yahoo Finance
VZ,2026-09-11,50.29999923706055,50.81999969482422,50.220001220703125,50.61000061035156,50.61000061035156,16456300,USD,NYQ,America/New_York,Yahoo Finance
VZ,2026-09-14,50.939998626708984,51.4900016784668,50.91999816894531,51.290000915527344,51.290000915527344,18116700,USD,NYQ,America/New_York,Yahoo Finance
VZ,2026-09-15,51.11000061035156,51.66999816894531,51.11000061035156,51.45000076293945,51.45000076293945,18718100,USD,NYQ,America/New_York,Yahoo Finance
VZ,2026-09-16,51.25,51.560001373291016,49.33000183105469,49.7599983215332,49.7599983215332,24326800,USD,NYQ,America/New_York,Yahoo Finance
VZ,2026-09-17,49.900001525878906,49.9900016784668,48.31999969482422,48.33000183105469,48.33000183105469,28685200,USD,NYQ,America/New_York,Yahoo Finance
VZ,2026-09-18,47.5,48.189998626708984,47.20000076293945,48.09000015258789,48.09000015258789,45527600,USD,NYQ,America/New_York,Yahoo Finance
VZ,2026-09-21,48.18000030517578,48.349998474121094,47.560001373291016,47.68000030517578,47.68000030517578,19992500,USD,NYQ,America/New_York,Yahoo Finance
VZ,2026-09-22,47.779998779296875,47.790000915527344,46.16999816894531,46.45000076293945,46.45000076293945,32681100,USD,NYQ,America/New_York,Yahoo Finance
VZ,2026-09-23,46.599998474121094,47.11000061035156,46.15999984741211,46.52000045776367,46.52000045776367,20933700,USD,NYQ,America/New_York,Yahoo Finance
VZ,2026-09-24,46.91999816894531,47.77000045776367,46.91999816894531,47.31999969482422,47.31999969482422,21038900,USD,NYQ,America/New_York,Yahoo Finance
VZ,2026-09-25,47.22999954223633,47.310001373291016,46.900001525878906,47.08000183105469,47.08000183105469,13417600,USD,NYQ,America/New_York,Yahoo Finance
VZ,2026-09-28,47.040000915527344,47.099998474121094,46.43000030517578,46.68000030517578,46.68000030517578,16722400,USD,NYQ,America/New_York,Yahoo Finance
WB,2026-08-17,7.659999847412109,7.71999979019165,7.510000228881836,7.559999942779541,7.559999942779541,684800,USD,NMS,America/New_York,Yahoo Finance
WB,2026-08-18,7.590000152587891,7.639999866485596,7.519999980926514,7.590000152587891,7.590000152587891,1162000,USD,NMS,America/New_York,Yahoo Finance
WB,2026-08-19,7.679999828338623,7.75,7.440000057220459,7.489999771118164,7.489999771118164,1662600,USD,NMS,America/New_York,Yahoo Finance
WB,2026-08-20,7.289999961853027,7.309999942779541,7.050000190734863,7.190000057220459,7.190000057220459,3769500,USD,NMS,America/New_York,Yahoo Finance
WB,2026-08-21,7.130000114440918,7.170000076293945,7.03000020980835,7.03000020980835,7.03000020980835,1655100,USD,NMS,America/New_York,Yahoo Finance
WB,2026-08-24,6.980000019073486,7.03000020980835,6.889999866485596,7.0,7.0,1776200,USD,NMS,America/New_York,Yahoo Finance
WB,2026-08-25,7.0,7.139999866485596,7.0,7.119999885559082,7.119999885559082,2670700,USD,NMS,America/New_York,Yahoo Finance
WB,2026-08-26,7.099999904632568,7.150000095367432,7.019999980926514,7.039999961853027,7.039999961853027,952500,USD,NMS,America/New_York,Yahoo Finance
WB,2026-08-27,7.039999961853027,7.099999904632568,6.980000019073486,6.980000019073486,6.980000019073486,828000,USD,NMS,America/New_York,Yahoo Finance
WB,2026-08-28,6.980000019073486,7.050000190734863,6.96999979019165,6.989999771118164,6.989999771118164,796200,USD,NMS,America/New_York,Yahoo Finance
WB,2026-08-31,6.949999809265137,6.980000019073486,6.829999923706055,6.829999923706055,6.829999923706055,1934300,USD,NMS,America/New_York,Yahoo Finance
WB,2026-09-01,6.829999923706055,6.880000114440918,6.789999961853027,6.800000190734863,6.800000190734863,1213200,USD,NMS,America/New_York,Yahoo Finance
WB,2026-09-02,6.800000190734863,6.889999866485596,6.75,6.769999980926514,6.769999980926514,1623400,USD,NMS,America/New_York,Yahoo Finance
WB,2026-09-03,6.769999980926514,6.829999923706055,6.71999979019165,6.760000228881836,6.760000228881836,1239800,USD,NMS,America/New_York,Yahoo Finance
WB,2026-09-04,6.800000190734863,6.840000152587891,6.710000038146973,6.71999979019165,6.71999979019165,827100,USD,NMS,America/New_York,Yahoo Finance
WB,2026-09-08,6.710000038146973,6.730000019073486,6.659999847412109,6.699999809265137,6.699999809265137,1168300,USD,NMS,America/New_York,Yahoo Finance
WB,2026-09-09,6.699999809265137,6.699999809265137,6.619999885559082,6.630000114440918,6.630000114440918,1075200,USD,NMS,America/New_York,Yahoo Finance
WB,2026-09-10,6.610000133514404,6.659999847412109,6.590000152587891,6.610000133514404,6.610000133514404,859800,USD,NMS,America/New_York,Yahoo Finance
WB,2026-09-11,6.639999866485596,6.690000057220459,6.630000114440918,6.630000114440918,6.630000114440918,743300,USD,NMS,America/New_York,Yahoo Finance
WB,2026-09-14,6.650000095367432,6.710000038146973,6.630000114440918,6.639999866485596,6.639999866485596,959300,USD,NMS,America/New_York,Yahoo Finance
WB,2026-09-15,6.650000095367432,6.699999809265137,6.579999923706055,6.610000133514404,6.610000133514404,1058900,USD,NMS,America/New_York,Yahoo Finance
WB,2026-09-16,6.599999904632568,6.619999885559082,6.480000019073486,6.5,6.5,1414800,USD,NMS,America/New_York,Yahoo Finance
WB,2026-09-17,6.5,6.570000171661377,6.46999979019165,6.550000190734863,6.550000190734863,1142900,USD,NMS,America/New_York,Yahoo Finance
WB,2026-09-18,6.559999942779541,6.630000114440918,6.53000020980835,6.539999961853027,6.539999961853027,1937500,USD,NMS,America/New_York,Yahoo Finance
WB,2026-09-21,6.619999885559082,6.75,6.53000020980835,6.739999771118164,6.739999771118164,1091800,USD,NMS,America/New_York,Yahoo Finance
WB,2026-09-22,6.739999771118164,6.789999961853027,6.690000057220459,6.690000057220459,6.690000057220459,752400,USD,NMS,America/New_York,Yahoo Finance
WB,2026-09-23,6.659999847412109,6.679999828338623,6.559999942779541,6.559999942779541,6.559999942779541,537700,USD,NMS,America/New_York,Yahoo Finance
WB,2026-09-24,6.559999942779541,6.599999904632568,6.480000019073486,6.53000020980835,6.53000020980835,694300,USD,NMS,America/New_York,Yahoo Finance
WB,2026-09-25,6.489999771118164,6.519999980926514,6.46999979019165,6.489999771118164,6.489999771118164,622500,USD,NMS,America/New_York,Yahoo Finance
WB,2026-09-28,6.480000019073486,6.519999980926514,6.46999979019165,6.46999979019165,6.46999979019165,640800,USD,NMS,America/New_York,Yahoo Finance
WBD,2026-08-17,27.809999465942383,28.010000228881836,27.729999542236328,27.93000030517578,27.93000030517578,13857600,USD,NMS,America/New_York,Yahoo Finance
WBD,2026-08-18,27.989999771118164,28.549999237060547,27.899999618530273,28.479999542236328,28.479999542236328,26941600,USD,NMS,America/New_York,Yahoo Finance
WBD,2026-08-19,28.549999237060547,28.68000030517578,28.43000030517578,28.530000686645508,28.530000686645508,20045400,USD,NMS,America/New_York,Yahoo Finance
WBD,2026-08-20,28.450000762939453,28.540000915527344,28.18000030517578,28.229999542236328,28.229999542236328,17136300,USD,NMS,America/New_York,Yahoo Finance
WBD,2026-08-21,28.440000534057617,28.6200008392334,28.299999237060547,28.549999237060547,28.549999237060547,15115600,USD,NMS,America/New_York,Yahoo Finance
WBD,2026-08-24,28.8700008392334,28.940000534057617,28.690000534057617,28.700000762939453,28.700000762939453,21480400,USD,NMS,America/New_York,Yahoo Finance
WBD,2026-08-25,28.829999923706055,28.979999542236328,28.68000030517578,28.899999618530273,28.899999618530273,24403800,USD,NMS,America/New_York,Yahoo Finance
WBD,2026-08-26,28.899999618530273,28.940000534057617,28.719999313354492,28.75,28.75,12518400,USD,NMS,America/New_York,Yahoo Finance
WBD,2026-08-27,28.790000915527344,28.989999771118164,28.649999618530273,28.8799991607666,28.8799991607666,13702200,USD,NMS,America/New_York,Yahoo Finance
WBD,2026-08-28,28.950000762939453,28.969999313354492,28.709999084472656,28.770000457763672,28.770000457763672,10004800,USD,NMS,America/New_York,Yahoo Finance
WBD,2026-08-31,28.75,28.799999237060547,28.489999771118164,28.530000686645508,28.530000686645508,25384600,USD,NMS,America/New_York,Yahoo Finance
WBD,2026-09-01,28.56999969482422,28.59000015258789,28.299999237060547,28.31999969482422,28.31999969482422,14728000,USD,NMS,America/New_York,Yahoo Finance
WBD,2026-09-02,28.3799991607666,28.770000457763672,28.329999923706055,28.389999389648438,28.389999389648438,21713000,USD,NMS,America/New_York,Yahoo Finance
WBD,2026-09-03,28.40999984741211,28.469999313354492,28.299999237060547,28.3700008392334,28.3700008392334,14296000,USD,NMS,America/New_York,Yahoo Finance
WBD,2026-09-04,28.31999969482422,28.350000381469727,28.209999084472656,28.25,28.25,11491400,USD,NMS,America/New_York,Yahoo Finance
WBD,2026-09-08,28.219999313354492,28.350000381469727,28.079999923706055,28.1200008392334,28.1200008392334,14135900,USD,NMS,America/New_York,Yahoo Finance
WBD,2026-09-09,28.059999465942383,28.149999618530273,27.90999984741211,27.90999984741211,27.90999984741211,9909800,USD,NMS,America/New_York,Yahoo Finance
WBD,2026-09-10,28.0,28.34000015258789,28.0,28.200000762939453,28.200000762939453,32196300,USD,NMS,America/New_York,Yahoo Finance
WBD,2026-09-11,28.239999771118164,28.600000381469727,27.969999313354492,28.040000915527344,28.040000915527344,12965600,USD,NMS,America/New_York,Yahoo Finance
WBD,2026-09-14,27.950000762939453,28.200000762939453,27.93000030517578,28.100000381469727,28.100000381469727,14336700,USD,NMS,America/New_York,Yahoo Finance
WBD,2026-09-15,27.989999771118164,28.100000381469727,27.84000015258789,28.030000686645508,28.030000686645508,16780400,USD,NMS,America/New_York,Yahoo Finance
WBD,2026-09-16,27.989999771118164,28.190000534057617,27.959999084472656,28.06999969482422,28.06999969482422,20199800,USD,NMS,America/New_York,Yahoo Finance
WBD,2026-09-17,28.309999465942383,28.450000762939453,28.09000015258789,28.239999771118164,28.239999771118164,24731300,USD,NMS,America/New_York,Yahoo Finance
WBD,2026-09-18,28.059999465942383,28.1299991607666,27.739999771118164,27.799999237060547,27.799999237060547,44151400,USD,NMS,America/New_York,Yahoo Finance
WBD,2026-09-21,29.760000228881836,30.920000076293945,29.649999618530273,30.799999237060547,30.799999237060547,234091400,USD,NMS,America/New_York,Yahoo Finance
WBD,2026-09-22,30.829999923706055,30.84000015258789,30.770000457763672,30.829999923706055,30.829999923706055,109812800,USD,NMS,America/New_York,Yahoo Finance
WBD,2026-09-23,30.799999237060547,30.81999969482422,30.68000030517578,30.760000228881836,30.760000228881836,111086700,USD,NMS,America/New_York,Yahoo Finance
WBD,2026-09-24,30.790000915527344,30.8700008392334,30.709999084472656,30.84000015258789,30.84000015258789,46106500,USD,NMS,America/New_York,Yahoo Finance
WBD,2026-09-25,30.799999237060547,30.8700008392334,30.799999237060547,30.860000610351562,30.860000610351562,23737400,USD,NMS,America/New_York,Yahoo Finance
WBD,2026-09-28,30.850000381469727,30.899999618530273,30.84000015258789,30.899999618530273,30.899999618530273,43547900,USD,NMS,America/New_York,Yahoo Finance
WBI,2026-08-17,31.709999084472656,31.81999969482422,31.260000228881836,31.780000686645508,31.7297306060791,624800,USD,NYQ,America/New_York,Yahoo Finance
WBI,2026-08-18,32.04999923706055,32.20000076293945,31.43000030517578,31.940000534057617,31.88947868347168,585500,USD,NYQ,America/New_York,Yahoo Finance
WBI,2026-08-19,32.099998474121094,32.20000076293945,31.25,31.739999771118164,31.689794540405273,435900,USD,NYQ,America/New_York,Yahoo Finance
WBI,2026-08-20,32.029998779296875,32.869998931884766,32.029998779296875,32.4900016784668,32.4386100769043,604400,USD,NYQ,America/New_York,Yahoo Finance
WBI,2026-08-21,32.529998779296875,32.84299850463867,31.5,31.700000762939453,31.649858474731445,472700,USD,NYQ,America/New_York,Yahoo Finance
WBI,2026-08-24,31.239999771118164,32.66999816894531,30.614999771118164,31.479999542236328,31.430204391479492,494600,USD,NYQ,America/New_York,Yahoo Finance
WBI,2026-08-25,31.25,32.08000183105469,30.950000762939453,31.790000915527344,31.739715576171875,680800,USD,NYQ,America/New_York,Yahoo Finance
WBI,2026-08-26,31.760000228881836,32.220001220703125,31.5,31.610000610351562,31.559999465942383,406400,USD,NYQ,America/New_York,Yahoo Finance
WBI,2026-08-27,31.40999984741211,32.79999923706055,31.159000396728516,32.689998626708984,32.689998626708984,270300,USD,NYQ,America/New_York,Yahoo Finance
WBI,2026-08-28,32.75,32.84000015258789,31.43000030517578,31.440000534057617,31.440000534057617,288300,USD,NYQ,America/New_York,Yahoo Finance
WBI,2026-08-31,31.75,32.06999969482422,31.2450008392334,31.799999237060547,31.799999237060547,443400,USD,NYQ,America/New_York,Yahoo Finance
WBI,2026-09-01,32.279998779296875,33.0099983215332,32.029998779296875,32.630001068115234,32.630001068115234,722200,USD,NYQ,America/New_York,Yahoo Finance
WBI,2026-09-02,32.16999816894531,32.560001373291016,31.68000030517578,32.2599983215332,32.2599983215332,365500,USD,NYQ,America/New_York,Yahoo Finance
WBI,2026-09-03,32.310001373291016,32.689998626708984,31.969999313354492,32.2400016784668,32.2400016784668,327400,USD,NYQ,America/New_York,Yahoo Finance
WBI,2026-09-04,32.04999923706055,32.334999084472656,31.5,32.209999084472656,32.209999084472656,227500,USD,NYQ,America/New_York,Yahoo Finance
WBI,2026-09-08,32.779998779296875,33.20000076293945,32.43000030517578,32.75,32.75,471800,USD,NYQ,America/New_York,Yahoo Finance
WBI,2026-09-09,32.849998474121094,33.279998779296875,32.689998626708984,33.02000045776367,33.02000045776367,930900,USD,NYQ,America/New_York,Yahoo Finance
WBI,2026-09-10,33.43000030517578,33.43000030517578,32.310001373291016,32.720001220703125,32.720001220703125,557600,USD,NYQ,America/New_York,Yahoo Finance
WBI,2026-09-11,34.279998779296875,34.279998779296875,32.290000915527344,32.290000915527344,32.290000915527344,531700,USD,NYQ,America/New_York,Yahoo Finance
WBI,2026-09-14,32.2599983215332,32.56999969482422,31.65999984741211,31.829999923706055,31.829999923706055,439300,USD,NYQ,America/New_York,Yahoo Finance
WBI,2026-09-15,31.780000686645508,32.470001220703125,31.3700008392334,31.5,31.5,471700,USD,NYQ,America/New_York,Yahoo Finance
WBI,2026-09-16,31.059999465942383,31.709999084472656,30.34000015258789,30.799999237060547,30.799999237060547,575700,USD,NYQ,America/New_York,Yahoo Finance
WBI,2026-09-17,30.93000030517578,31.760000228881836,30.75,31.020000457763672,31.020000457763672,668800,USD,NYQ,America/New_York,Yahoo Finance
WBI,2026-09-18,31.110000610351562,31.1200008392334,30.280000686645508,30.860000610351562,30.860000610351562,3845800,USD,NYQ,America/New_York,Yahoo Finance
WBI,2026-09-21,30.3799991607666,30.649999618530273,29.530000686645508,29.93000030517578,29.93000030517578,670200,USD,NYQ,America/New_York,Yahoo Finance
WBI,2026-09-22,29.65999984741211,30.350000381469727,29.329999923706055,29.559999465942383,29.559999465942383,482800,USD,NYQ,America/New_York,Yahoo Finance
WBI,2026-09-23,29.540000915527344,29.899999618530273,28.67799949645996,28.860000610351562,28.860000610351562,613100,USD,NYQ,America/New_York,Yahoo Finance
WBI,2026-09-24,29.010000228881836,30.106000900268555,28.5,29.940000534057617,29.940000534057617,897600,USD,NYQ,America/New_York,Yahoo Finance
WBI,2026-09-25,29.639999389648438,30.56999969482422,29.520000457763672,29.799999237060547,29.799999237060547,354700,USD,NYQ,America/New_York,Yahoo Finance
WBI,2026-09-28,30.25,30.25,28.84000015258789,28.950000762939453,28.950000762939453,575100,USD,NYQ,America/New_York,Yahoo Finance
WEC,2026-08-17,110.44999694824219,110.62000274658203,109.52999877929688,110.48999786376953,110.48999786376953,2375700,USD,NYQ,America/New_York,Yahoo Finance
WEC,2026-08-18,111.51000213623047,111.88999938964844,110.51000213623047,111.05000305175781,111.05000305175781,1932800,USD,NYQ,America/New_York,Yahoo Finance
WEC,2026-08-19,111.68000030517578,111.68000030517578,109.2300033569336,109.33999633789062,109.33999633789062,2794800,USD,NYQ,America/New_York,Yahoo Finance
WEC,2026-08-20,108.7300033569336,109.83000183105469,108.26000213623047,108.51000213623047,108.51000213623047,2078700,USD,NYQ,America/New_York,Yahoo Finance
WEC,2026-08-21,108.5199966430664,108.69000244140625,105.94000244140625,106.01000213623047,106.01000213623047,2929900,USD,NYQ,America/New_York,Yahoo Finance
WEC,2026-08-24,106.5,107.83999633789062,106.01000213623047,107.58000183105469,107.58000183105469,2703400,USD,NYQ,America/New_York,Yahoo Finance
WEC,2026-08-25,107.77999877929688,107.91000366210938,106.61000061035156,106.66999816894531,106.66999816894531,1780800,USD,NYQ,America/New_York,Yahoo Finance
WEC,2026-08-26,106.75,108.06999969482422,106.73999786376953,107.5199966430664,107.5199966430664,1452600,USD,NYQ,America/New_York,Yahoo Finance
WEC,2026-08-27,106.55000305175781,106.79000091552734,106.08000183105469,106.27999877929688,106.27999877929688,1818200,USD,NYQ,America/New_York,Yahoo Finance
WEC,2026-08-28,106.81999969482422,106.94000244140625,105.8499984741211,106.22000122070312,106.22000122070312,1440500,USD,NYQ,America/New_York,Yahoo Finance
WEC,2026-08-31,105.83999633789062,106.97000122070312,105.4000015258789,106.16999816894531,106.16999816894531,2087900,USD,NYQ,America/New_York,Yahoo Finance
WEC,2026-09-01,106.75,107.33000183105469,105.66000366210938,106.19999694824219,106.19999694824219,2360700,USD,NYQ,America/New_York,Yahoo Finance
WEC,2026-09-02,105.9800033569336,106.54000091552734,104.86000061035156,105.7300033569336,105.7300033569336,1778000,USD,NYQ,America/New_York,Yahoo Finance
WEC,2026-09-03,106.0199966430664,107.16999816894531,105.93000030517578,106.69999694824219,106.69999694824219,2070400,USD,NYQ,America/New_York,Yahoo Finance
WEC,2026-09-04,106.0999984741211,106.95999908447266,105.66000366210938,105.94000244140625,105.94000244140625,1586900,USD,NYQ,America/New_York,Yahoo Finance
WEC,2026-09-08,105.70999908447266,107.52999877929688,105.66000366210938,107.05999755859375,107.05999755859375,3056700,USD,NYQ,America/New_York,Yahoo Finance
WEC,2026-09-09,107.16999816894531,107.43000030517578,105.5199966430664,106.1500015258789,106.1500015258789,2450300,USD,NYQ,America/New_York,Yahoo Finance
WEC,2026-09-10,106.66999816894531,107.04000091552734,105.19000244140625,105.3499984741211,105.3499984741211,2413800,USD,NYQ,America/New_York,Yahoo Finance
WEC,2026-09-11,106.05000305175781,106.2300033569336,105.08000183105469,105.33000183105469,105.33000183105469,2060200,USD,NYQ,America/New_York,Yahoo Finance
WEC,2026-09-14,105.7300033569336,106.0,104.5199966430664,105.16999816894531,105.16999816894531,2056700,USD,NYQ,America/New_York,Yahoo Finance
WEC,2026-09-15,105.29000091552734,105.5,103.26000213623047,103.51000213623047,103.51000213623047,3136300,USD,NYQ,America/New_York,Yahoo Finance
WEC,2026-09-16,104.20999908447266,104.45999908447266,102.86000061035156,103.37999725341797,103.37999725341797,2667800,USD,NYQ,America/New_York,Yahoo Finance
WEC,2026-09-17,103.83999633789062,104.76000213623047,103.4800033569336,104.7300033569336,104.7300033569336,2156000,USD,NYQ,America/New_York,Yahoo Finance
WEC,2026-09-18,104.11000061035156,104.11000061035156,103.16999816894531,103.16999816894531,103.16999816894531,4330800,USD,NYQ,America/New_York,Yahoo Finance
WEC,2026-09-21,103.19999694824219,103.61000061035156,102.88999938964844,103.4800033569336,103.4800033569336,3160100,USD,NYQ,America/New_York,Yahoo Finance
WEC,2026-09-22,103.20999908447266,103.76000213623047,102.70999908447266,102.83000183105469,102.83000183105469,2826100,USD,NYQ,America/New_York,Yahoo Finance
WEC,2026-09-23,102.4000015258789,102.80000305175781,101.0,101.16999816894531,101.16999816894531,3611800,USD,NYQ,America/New_York,Yahoo Finance
WEC,2026-09-24,101.55999755859375,102.18000030517578,100.86000061035156,100.9000015258789,100.9000015258789,4257300,USD,NYQ,America/New_York,Yahoo Finance
WEC,2026-09-25,101.0,101.66999816894531,100.13999938964844,101.44999694824219,101.44999694824219,2812200,USD,NYQ,America/New_York,Yahoo Finance
WEC,2026-09-28,101.37000274658203,102.08000183105469,100.9000015258789,101.44999694824219,101.44999694824219,3168500,USD,NYQ,America/New_York,Yahoo Finance
WH,2026-08-17,74.36000061035156,74.36000061035156,72.38999938964844,72.94000244140625,72.48676300048828,1119300,USD,NYQ,America/New_York,Yahoo Finance
WH,2026-08-18,73.80999755859375,73.81999969482422,72.13999938964844,73.36000061035156,72.9041519165039,894400,USD,NYQ,America/New_York,Yahoo Finance
WH,2026-08-19,74.2300033569336,76.57499694824219,73.94000244140625,75.8499984741211,75.37867736816406,1147800,USD,NYQ,America/New_York,Yahoo Finance
WH,2026-08-20,76.12000274658203,76.12000274658203,74.95999908447266,75.30999755859375,74.84203338623047,988100,USD,NYQ,America/New_York,Yahoo Finance
WH,2026-08-21,75.77999877929688,75.84400177001953,73.95999908447266,74.62000274658203,74.15632629394531,922100,USD,NYQ,America/New_York,Yahoo Finance
WH,2026-08-24,74.48999786376953,75.33999633789062,73.63999938964844,74.3499984741211,73.88800048828125,1176700,USD,NYQ,America/New_York,Yahoo Finance
WH,2026-08-25,75.23999786376953,76.31500244140625,74.19999694824219,75.87000274658203,75.3985595703125,1113100,USD,NYQ,America/New_York,Yahoo Finance
WH,2026-08-26,75.98999786376953,77.20999908447266,75.3499984741211,76.83999633789062,76.3625259399414,1134900,USD,NYQ,America/New_York,Yahoo Finance
WH,2026-08-27,77.69000244140625,78.45999908447266,76.25,76.76000213623047,76.28302764892578,1282600,USD,NYQ,America/New_York,Yahoo Finance
WH,2026-08-28,77.55000305175781,77.66000366210938,75.65499877929688,76.0199966430664,75.54762268066406,946600,USD,NYQ,America/New_York,Yahoo Finance
WH,2026-08-31,75.11000061035156,75.11000061035156,72.9800033569336,73.66000366210938,73.2022933959961,836700,USD,NYQ,America/New_York,Yahoo Finance
WH,2026-09-01,72.98999786376953,73.41500091552734,70.68000030517578,71.01000213623047,70.56875610351562,998000,USD,NYQ,America/New_York,Yahoo Finance
WH,2026-09-02,71.44000244140625,72.62999725341797,71.02999877929688,71.27999877929688,70.83707427978516,990000,USD,NYQ,America/New_York,Yahoo Finance
WH,2026-09-03,71.22000122070312,71.83999633789062,70.0199966430664,70.98999786376953,70.54887390136719,1121900,USD,NYQ,America/New_York,Yahoo Finance
WH,2026-09-04,70.91999816894531,72.16000366210938,70.79000091552734,71.80000305175781,71.35385131835938,660900,USD,NYQ,America/New_York,Yahoo Finance
WH,2026-09-08,71.44999694824219,72.25,69.80000305175781,69.87000274658203,69.43584442138672,861400,USD,NYQ,America/New_York,Yahoo Finance
WH,2026-09-09,69.29000091552734,70.51000213623047,68.54000091552734,69.77999877929688,69.34639739990234,2517100,USD,NYQ,America/New_York,Yahoo Finance
WH,2026-09-10,69.93000030517578,70.20999908447266,68.44000244140625,68.62000274658203,68.19361114501953,1066300,USD,NYQ,America/New_York,Yahoo Finance
WH,2026-09-11,69.58000183105469,70.41500091552734,68.79000091552734,69.30999755859375,68.87931823730469,1295800,USD,NYQ,America/New_York,Yahoo Finance
WH,2026-09-14,69.29000091552734,69.58999633789062,68.62999725341797,69.19999694824219,68.7699966430664,1106700,USD,NYQ,America/New_York,Yahoo Finance
WH,2026-09-15,68.95999908447266,69.38999938964844,67.41000366210938,67.4800033569336,67.4800033569336,1375600,USD,NYQ,America/New_York,Yahoo Finance
WH,2026-09-16,67.69999694824219,70.08000183105469,67.51000213623047,68.16999816894531,68.16999816894531,1461200,USD,NYQ,America/New_York,Yahoo Finance
WH,2026-09-17,69.26000213623047,69.44999694824219,67.93000030517578,69.16999816894531,69.16999816894531,1303100,USD,NYQ,America/New_York,Yahoo Finance
WH,2026-09-18,69.0199966430664,69.11499786376953,67.4000015258789,68.05999755859375,68.05999755859375,2276900,USD,NYQ,America/New_York,Yahoo Finance
WH,2026-09-21,69.2300033569336,69.48999786376953,66.87000274658203,67.1500015258789,67.1500015258789,2007700,USD,NYQ,America/New_York,Yahoo Finance
WH,2026-09-22,68.54000091552734,69.44999694824219,67.31999969482422,67.86000061035156,67.86000061035156,1382300,USD,NYQ,America/New_York,Yahoo Finance
WH,2026-09-23,67.7699966430664,69.56999969482422,67.52999877929688,69.30999755859375,69.30999755859375,1039800,USD,NYQ,America/New_York,Yahoo Finance
WH,2026-09-24,69.19999694824219,70.56500244140625,68.44000244140625,69.25,69.25,754100,USD,NYQ,America/New_York,Yahoo Finance
WH,2026-09-25,69.62000274658203,70.1500015258789,68.79000091552734,69.98999786376953,69.98999786376953,718500,USD,NYQ,America/New_York,Yahoo Finance
WH,2026-09-28,69.68000030517578,71.30999755859375,69.44499969482422,70.83000183105469,70.83000183105469,898700,USD,NYQ,America/New_York,Yahoo Finance
WING,2026-08-17,124.12999725341797,125.24700164794922,114.61000061035156,115.72000122070312,115.72000122070312,1691200,USD,NMS,America/New_York,Yahoo Finance
WING,2026-08-18,114.73999786376953,118.5,113.11000061035156,114.55000305175781,114.55000305175781,758200,USD,NMS,America/New_York,Yahoo Finance
WING,2026-08-19,115.0,123.69000244140625,115.0,120.52999877929688,120.52999877929688,1026000,USD,NMS,America/New_York,Yahoo Finance
WING,2026-08-20,120.69999694824219,121.33499908447266,113.44999694824219,113.62999725341797,113.62999725341797,1005400,USD,NMS,America/New_York,Yahoo Finance
WING,2026-08-21,113.16500091552734,116.22000122070312,112.55999755859375,115.43000030517578,115.43000030517578,1051700,USD,NMS,America/New_York,Yahoo Finance
WING,2026-08-24,115.25,118.18000030517578,114.72000122070312,116.83999633789062,116.83999633789062,774800,USD,NMS,America/New_York,Yahoo Finance
WING,2026-08-25,115.9000015258789,116.83999633789062,113.52999877929688,113.8499984741211,113.8499984741211,877800,USD,NMS,America/New_York,Yahoo Finance
WING,2026-08-26,112.55999755859375,115.3499984741211,111.3499984741211,112.23999786376953,112.23999786376953,867000,USD,NMS,America/New_York,Yahoo Finance
WING,2026-08-27,111.51000213623047,112.31999969482422,105.43000030517578,109.94999694824219,109.94999694824219,1529100,USD,NMS,America/New_York,Yahoo Finance
WING,2026-08-28,110.19000244140625,113.7300033569336,109.61499786376953,113.58000183105469,113.58000183105469,786900,USD,NMS,America/New_York,Yahoo Finance
WING,2026-08-31,113.20999908447266,114.27999877929688,108.80999755859375,109.4800033569336,109.4800033569336,1028400,USD,NMS,America/New_York,Yahoo Finance
WING,2026-09-01,107.0,112.5199966430664,106.69999694824219,109.5999984741211,109.5999984741211,1377300,USD,NMS,America/New_York,Yahoo Finance
WING,2026-09-02,110.09500122070312,119.02999877929688,108.75,113.15499877929688,113.15499877929688,1431100,USD,NMS,America/New_York,Yahoo Finance
WING,2026-09-03,113.61000061035156,115.08999633789062,107.6500015258789,110.27999877929688,110.27999877929688,931900,USD,NMS,America/New_York,Yahoo Finance
WING,2026-09-04,110.8499984741211,111.83000183105469,108.7699966430664,109.20500183105469,109.20500183105469,711600,USD,NMS,America/New_York,Yahoo Finance
WING,2026-09-08,108.69999694824219,112.37999725341797,107.69999694824219,109.44999694824219,109.44999694824219,861700,USD,NMS,America/New_York,Yahoo Finance
WING,2026-09-09,108.00199890136719,112.79000091552734,105.87999725341797,110.58000183105469,110.58000183105469,1538200,USD,NMS,America/New_York,Yahoo Finance
WING,2026-09-10,110.41000366210938,114.73999786376953,108.5199966430664,110.5199966430664,110.5199966430664,947900,USD,NMS,America/New_York,Yahoo Finance
WING,2026-09-11,113.75,119.83000183105469,111.01000213623047,117.0999984741211,117.0999984741211,1385000,USD,NMS,America/New_York,Yahoo Finance
WING,2026-09-14,119.62999725341797,119.62999725341797,111.2699966430664,114.70999908447266,114.70999908447266,1375600,USD,NMS,America/New_York,Yahoo Finance
WING,2026-09-15,113.7750015258789,114.5,100.12999725341797,100.83999633789062,100.83999633789062,2887900,USD,NMS,America/New_York,Yahoo Finance
WING,2026-09-16,102.01000213623047,105.23999786376953,100.77999877929688,101.05999755859375,101.05999755859375,1717400,USD,NMS,America/New_York,Yahoo Finance
WING,2026-09-17,102.7699966430664,105.27999877929688,102.61000061035156,103.76000213623047,103.76000213623047,1066900,USD,NMS,America/New_York,Yahoo Finance
WING,2026-09-18,104.5,104.83499908447266,101.5999984741211,104.08000183105469,104.08000183105469,1741000,USD,NMS,America/New_York,Yahoo Finance
WING,2026-09-21,105.56999969482422,107.55999755859375,103.43000030517578,107.33000183105469,107.33000183105469,945600,USD,NMS,America/New_York,Yahoo Finance
WING,2026-09-22,109.7300033569336,109.77999877929688,102.31999969482422,102.37999725341797,102.37999725341797,1332700,USD,NMS,America/New_York,Yahoo Finance
WING,2026-09-23,101.0,102.22200012207031,97.83999633789062,97.87999725341797,97.87999725341797,1714800,USD,NMS,America/New_York,Yahoo Finance
WING,2026-09-24,97.98999786376953,99.44999694824219,96.37000274658203,97.83999633789062,97.83999633789062,1097800,USD,NMS,America/New_York,Yahoo Finance
WING,2026-09-25,98.55999755859375,100.2300033569336,95.81999969482422,99.06999969482422,99.06999969482422,1215600,USD,NMS,America/New_York,Yahoo Finance
WING,2026-09-28,99.80999755859375,102.94000244140625,97.11000061035156,101.80000305175781,101.80000305175781,1648600,USD,NMS,America/New_York,Yahoo Finance
WSM,2026-08-17,239.11000061035156,241.10000610351562,237.99000549316406,240.4199981689453,240.4199981689453,1237300,USD,NYQ,America/New_York,Yahoo Finance
WSM,2026-08-18,241.5,244.83999633789062,237.6199951171875,241.38999938964844,241.38999938964844,597000,USD,NYQ,America/New_York,Yahoo Finance
WSM,2026-08-19,242.4499969482422,249.77000427246094,240.41000366210938,242.30999755859375,242.30999755859375,699100,USD,NYQ,America/New_York,Yahoo Finance
WSM,2026-08-20,238.5800018310547,238.85000610351562,233.3300018310547,235.6999969482422,235.6999969482422,802200,USD,NYQ,America/New_York,Yahoo Finance
WSM,2026-08-21,236.1199951171875,238.05999755859375,234.0,237.5800018310547,237.5800018310547,884200,USD,NYQ,America/New_York,Yahoo Finance
WSM,2026-08-24,238.74000549316406,242.4600067138672,237.6199951171875,237.77000427246094,237.77000427246094,1023900,USD,NYQ,America/New_York,Yahoo Finance
WSM,2026-08-25,240.25,240.25,230.6300048828125,234.74000549316406,234.74000549316406,1460400,USD,NYQ,America/New_York,Yahoo Finance
WSM,2026-08-26,224.0,241.86000061035156,221.33999633789062,237.42999267578125,237.42999267578125,2428900,USD,NYQ,America/New_York,Yahoo Finance
WSM,2026-08-27,236.4499969482422,248.07000732421875,233.4499969482422,238.39999389648438,238.39999389648438,1697300,USD,NYQ,America/New_York,Yahoo Finance
WSM,2026-08-28,235.6699981689453,238.99000549316406,231.4199981689453,235.08999633789062,235.08999633789062,972400,USD,NYQ,America/New_York,Yahoo Finance
WSM,2026-08-31,232.05999755859375,232.25999450683594,224.16000366210938,228.25,228.25,1786700,USD,NYQ,America/New_York,Yahoo Finance
WSM,2026-09-01,224.50999450683594,226.0,219.8300018310547,222.1199951171875,222.1199951171875,1186700,USD,NYQ,America/New_York,Yahoo Finance
WSM,2026-09-02,221.4199981689453,224.66000366210938,220.7100067138672,221.72000122070312,221.72000122070312,1366600,USD,NYQ,America/New_York,Yahoo Finance
WSM,2026-09-03,224.27000427246094,224.8300018310547,218.60000610351562,222.75999450683594,222.75999450683594,1182400,USD,NYQ,America/New_York,Yahoo Finance
WSM,2026-09-04,221.9600067138672,228.3000030517578,220.99000549316406,227.4199981689453,227.4199981689453,1033200,USD,NYQ,America/New_York,Yahoo Finance
WSM,2026-09-08,229.24000549316406,230.89999389648438,225.07000732421875,227.8300018310547,227.8300018310547,1318000,USD,NYQ,America/New_York,Yahoo Finance
WSM,2026-09-09,230.35000610351562,230.35000610351562,225.57000732421875,227.52000427246094,227.52000427246094,1264300,USD,NYQ,America/New_York,Yahoo Finance
WSM,2026-09-10,227.11000061035156,227.11000061035156,221.14999389648438,223.74000549316406,223.74000549316406,961500,USD,NYQ,America/New_York,Yahoo Finance
WSM,2026-09-11,227.7899932861328,228.25,225.4600067138672,226.22999572753906,226.22999572753906,843100,USD,NYQ,America/New_York,Yahoo Finance
WSM,2026-09-14,224.33999633789062,229.91000366210938,220.60000610351562,229.42999267578125,229.42999267578125,1009000,USD,NYQ,America/New_York,Yahoo Finance
WSM,2026-09-15,229.69000244140625,229.69000244140625,220.85000610351562,221.47000122070312,221.47000122070312,1549700,USD,NYQ,America/New_York,Yahoo Finance
WSM,2026-09-16,220.55999755859375,224.6699981689453,216.67999267578125,218.1999969482422,218.1999969482422,1302500,USD,NYQ,America/New_York,Yahoo Finance
WSM,2026-09-17,222.66000366210938,224.3300018310547,218.35000610351562,218.9199981689453,218.9199981689453,1145600,USD,NYQ,America/New_York,Yahoo Finance
WSM,2026-09-18,220.38999938964844,224.42999267578125,217.5500030517578,224.1999969482422,224.1999969482422,2728200,USD,NYQ,America/New_York,Yahoo Finance
WSM,2026-09-21,226.10000610351562,228.88999938964844,222.77000427246094,227.16000366210938,227.16000366210938,1017700,USD,NYQ,America/New_York,Yahoo Finance
WSM,2026-09-22,231.1199951171875,234.3300018310547,230.24000549316406,232.69000244140625,232.69000244140625,1096600,USD,NYQ,America/New_York,Yahoo Finance
WSM,2026-09-23,231.44000244140625,232.8300018310547,227.52000427246094,227.8300018310547,227.8300018310547,1088200,USD,NYQ,America/New_York,Yahoo Finance
WSM,2026-09-24,227.92999267578125,229.82000732421875,225.8000030517578,228.66000366210938,228.66000366210938,863500,USD,NYQ,America/New_York,Yahoo Finance
WSM,2026-09-25,228.6699981689453,233.83999633789062,226.8699951171875,231.89999389648438,231.89999389648438,624200,USD,NYQ,America/New_York,Yahoo Finance
WSM,2026-09-28,228.38999938964844,232.8800048828125,226.22000122070312,231.02999877929688,231.02999877929688,837100,USD,NYQ,America/New_York,Yahoo Finance
WYNN,2026-08-17,102.66000366210938,103.02999877929688,101.11000061035156,102.79000091552734,102.79000091552734,1247300,USD,NMS,America/New_York,Yahoo Finance
WYNN,2026-08-18,102.95999908447266,103.73999786376953,101.25,101.29000091552734,101.29000091552734,1104800,USD,NMS,America/New_York,Yahoo Finance
WYNN,2026-08-19,101.69999694824219,101.80000305175781,98.5999984741211,100.0999984741211,100.0999984741211,1955900,USD,NMS,America/New_York,Yahoo Finance
WYNN,2026-08-20,99.0,100.30000305175781,97.05000305175781,99.5999984741211,99.5999984741211,1815500,USD,NMS,America/New_York,Yahoo Finance
WYNN,2026-08-21,99.75,101.27999877929688,99.66000366210938,100.27999877929688,100.27999877929688,892200,USD,NMS,America/New_York,Yahoo Finance
WYNN,2026-08-24,101.33000183105469,101.45999908447266,98.91000366210938,99.41000366210938,99.41000366210938,1630500,USD,NMS,America/New_York,Yahoo Finance
WYNN,2026-08-25,99.69000244140625,99.98999786376953,98.11000061035156,98.73999786376953,98.73999786376953,1474000,USD,NMS,America/New_York,Yahoo Finance
WYNN,2026-08-26,98.98999786376953,99.08000183105469,97.02999877929688,97.16999816894531,97.16999816894531,1153800,USD,NMS,America/New_York,Yahoo Finance
WYNN,2026-08-27,97.0,97.0,93.5,93.61000061035156,93.61000061035156,1879200,USD,NMS,America/New_York,Yahoo Finance
WYNN,2026-08-28,94.7300033569336,96.16999816894531,94.72000122070312,95.26000213623047,95.26000213623047,1223700,USD,NMS,America/New_York,Yahoo Finance
WYNN,2026-08-31,95.08000183105469,95.08000183105469,90.87000274658203,91.27999877929688,91.27999877929688,2757900,USD,NMS,America/New_York,Yahoo Finance
WYNN,2026-09-01,89.66999816894531,92.08000183105469,89.44000244140625,90.5999984741211,90.5999984741211,1824700,USD,NMS,America/New_York,Yahoo Finance
WYNN,2026-09-02,90.73999786376953,92.8499984741211,90.70999908447266,91.5199966430664,91.5199966430664,1757700,USD,NMS,America/New_York,Yahoo Finance
WYNN,2026-09-03,91.69000244140625,92.0,89.70999908447266,91.55999755859375,91.55999755859375,1540800,USD,NMS,America/New_York,Yahoo Finance
WYNN,2026-09-04,91.1500015258789,92.62000274658203,91.0199966430664,91.54000091552734,91.54000091552734,1202400,USD,NMS,America/New_York,Yahoo Finance
WYNN,2026-09-08,91.37999725341797,92.63999938964844,90.45999908447266,92.22000122070312,92.22000122070312,1705700,USD,NMS,America/New_York,Yahoo Finance
WYNN,2026-09-09,91.4000015258789,91.91000366210938,89.72000122070312,90.2300033569336,90.2300033569336,2101900,USD,NMS,America/New_York,Yahoo Finance
WYNN,2026-09-10,89.44999694824219,90.19999694824219,88.2699966430664,88.41999816894531,88.41999816894531,2123800,USD,NMS,America/New_York,Yahoo Finance
WYNN,2026-09-11,89.18000030517578,89.54000091552734,86.95999908447266,87.69999694824219,87.69999694824219,2018100,USD,NMS,America/New_York,Yahoo Finance
WYNN,2026-09-14,87.2300033569336,88.08999633789062,86.80000305175781,87.76000213623047,87.76000213623047,1515600,USD,NMS,America/New_York,Yahoo Finance
WYNN,2026-09-15,87.5,88.25,86.58000183105469,86.70999908447266,86.70999908447266,1766700,USD,NMS,America/New_York,Yahoo Finance
WYNN,2026-09-16,86.87000274658203,87.41999816894531,84.0199966430664,84.2300033569336,84.2300033569336,2434300,USD,NMS,America/New_York,Yahoo Finance
WYNN,2026-09-17,85.04000091552734,85.37000274658203,82.87000274658203,82.95999908447266,82.95999908447266,1976600,USD,NMS,America/New_York,Yahoo Finance
WYNN,2026-09-18,82.83000183105469,83.23999786376953,81.4000015258789,81.68000030517578,81.68000030517578,5028400,USD,NMS,America/New_York,Yahoo Finance
WYNN,2026-09-21,81.9800033569336,84.37000274658203,81.3499984741211,83.31999969482422,83.31999969482422,2240100,USD,NMS,America/New_York,Yahoo Finance
WYNN,2026-09-22,84.66000366210938,85.54000091552734,82.38999938964844,82.51000213623047,82.51000213623047,2055600,USD,NMS,America/New_York,Yahoo Finance
WYNN,2026-09-23,82.41000366210938,82.5,80.80000305175781,81.44999694824219,81.44999694824219,1534700,USD,NMS,America/New_York,Yahoo Finance
WYNN,2026-09-24,81.01000213623047,81.2699966430664,77.05999755859375,80.19000244140625,80.19000244140625,4245500,USD,NMS,America/New_York,Yahoo Finance
WYNN,2026-09-25,80.87999725341797,81.80000305175781,80.0999984741211,81.12000274658203,81.12000274658203,2422000,USD,NMS,America/New_York,Yahoo Finance
WYNN,2026-09-28,80.62000274658203,82.0,79.51000213623047,80.5199966430664,80.5199966430664,2669200,USD,NMS,America/New_York,Yahoo Finance
XIFR,2026-08-17,11.760000228881836,11.824999809265137,11.510000228881836,11.609999656677246,11.609999656677246,449200,USD,NYQ,America/New_York,Yahoo Finance
XIFR,2026-08-18,11.630000114440918,11.6899995803833,11.420000076293945,11.430000305175781,11.430000305175781,859100,USD,NYQ,America/New_York,Yahoo Finance
XIFR,2026-08-19,11.609999656677246,11.680000305175781,11.470000267028809,11.579999923706055,11.579999923706055,454400,USD,NYQ,America/New_York,Yahoo Finance
XIFR,2026-08-20,11.579999923706055,11.630000114440918,11.260000228881836,11.34000015258789,11.34000015258789,496000,USD,NYQ,America/New_York,Yahoo Finance
XIFR,2026-08-21,11.420000076293945,11.420000076293945,11.109999656677246,11.149999618530273,11.149999618530273,788600,USD,NYQ,America/New_York,Yahoo Finance
XIFR,2026-08-24,11.199999809265137,11.387999534606934,10.973999977111816,11.289999961853027,11.289999961853027,1289200,USD,NYQ,America/New_York,Yahoo Finance
XIFR,2026-08-25,11.350000381469727,11.78499984741211,11.300000190734863,11.65999984741211,11.65999984741211,819900,USD,NYQ,America/New_York,Yahoo Finance
XIFR,2026-08-26,11.680000305175781,11.779999732971191,11.59000015258789,11.6899995803833,11.6899995803833,684900,USD,NYQ,America/New_York,Yahoo Finance
XIFR,2026-08-27,11.649999618530273,11.899999618530273,11.5,11.789999961853027,11.789999961853027,756500,USD,NYQ,America/New_York,Yahoo Finance
XIFR,2026-08-28,11.819999694824219,12.0600004196167,11.680000305175781,11.720000267028809,11.720000267028809,763600,USD,NYQ,America/New_York,Yahoo Finance
XIFR,2026-08-31,11.630000114440918,12.020000457763672,11.550000190734863,12.0,12.0,1201800,USD,NYQ,America/New_York,Yahoo Finance
XIFR,2026-09-01,11.880000114440918,12.0,11.630000114440918,11.729999542236328,11.729999542236328,929900,USD,NYQ,America/New_York,Yahoo Finance
XIFR,2026-09-02,11.720000267028809,11.960000038146973,11.619999885559082,11.899999618530273,11.899999618530273,561600,USD,NYQ,America/New_York,Yahoo Finance
XIFR,2026-09-03,12.069999694824219,12.100000381469727,11.850000381469727,12.010000228881836,12.010000228881836,482100,USD,NYQ,America/New_York,Yahoo Finance
XIFR,2026-09-04,11.930000305175781,12.175000190734863,11.869999885559082,12.140000343322754,12.140000343322754,425300,USD,NYQ,America/New_York,Yahoo Finance
XIFR,2026-09-08,12.100000381469727,12.425000190734863,11.977999687194824,12.25,12.25,902400,USD,NYQ,America/New_York,Yahoo Finance
XIFR,2026-09-09,12.239999771118164,12.28499984741211,11.711000442504883,11.720000267028809,11.720000267028809,507300,USD,NYQ,America/New_York,Yahoo Finance
XIFR,2026-09-10,11.600000381469727,11.65999984741211,11.399999618530273,11.479999542236328,11.479999542236328,499500,USD,NYQ,America/New_York,Yahoo Finance
XIFR,2026-09-11,11.59000015258789,11.670000076293945,11.399999618530273,11.399999618530273,11.399999618530273,470800,USD,NYQ,America/New_York,Yahoo Finance
XIFR,2026-09-14,11.289999961853027,11.369999885559082,11.170000076293945,11.199999809265137,11.199999809265137,575300,USD,NYQ,America/New_York,Yahoo Finance
XIFR,2026-09-15,11.180000305175781,11.229999542236328,11.029999732971191,11.039999961853027,11.039999961853027,588500,USD,NYQ,America/New_York,Yahoo Finance
XIFR,2026-09-16,11.0600004196167,11.130000114440918,10.979999542236328,11.0600004196167,11.0600004196167,612000,USD,NYQ,America/New_York,Yahoo Finance
XIFR,2026-09-17,11.289999961853027,11.350000381469727,11.125,11.270000457763672,11.270000457763672,813700,USD,NYQ,America/New_York,Yahoo Finance
XIFR,2026-09-18,11.170000076293945,11.234999656677246,10.920000076293945,10.9399995803833,10.9399995803833,893000,USD,NYQ,America/New_York,Yahoo Finance
XIFR,2026-09-21,11.020000457763672,11.095000267028809,10.789999961853027,10.84000015258789,10.84000015258789,1028000,USD,NYQ,America/New_York,Yahoo Finance
XIFR,2026-09-22,10.829999923706055,10.930000305175781,10.765000343322754,10.819999694824219,10.819999694824219,1088700,USD,NYQ,America/New_York,Yahoo Finance
XIFR,2026-09-23,10.779999732971191,10.779999732971191,10.609999656677246,10.670000076293945,10.670000076293945,709900,USD,NYQ,America/New_York,Yahoo Finance
XIFR,2026-09-24,10.609999656677246,10.640000343322754,10.300000190734863,10.470000267028809,10.470000267028809,1579300,USD,NYQ,America/New_York,Yahoo Finance
XIFR,2026-09-25,10.5,10.625,10.449999809265137,10.550000190734863,10.550000190734863,690200,USD,NYQ,America/New_York,Yahoo Finance
XIFR,2026-09-28,10.489999771118164,10.529999732971191,10.239999771118164,10.359999656677246,10.359999656677246,1252400,USD,NYQ,America/New_York,Yahoo Finance
XOM,2026-08-17,160.10000610351562,162.50999450683594,159.08999633789062,161.4600067138672,161.4600067138672,12858100,USD,NYQ,America/New_York,Yahoo Finance
XOM,2026-08-18,164.35000610351562,165.6699981689453,163.25,165.55999755859375,165.55999755859375,18952700,USD,NYQ,America/New_York,Yahoo Finance
XOM,2026-08-19,166.07000732421875,168.2100067138672,164.66000366210938,164.77000427246094,164.77000427246094,13648900,USD,NYQ,America/New_York,Yahoo Finance
XOM,2026-08-20,167.02000427246094,168.63999938964844,166.07000732421875,166.14999389648438,166.14999389648438,13803000,USD,NYQ,America/New_York,Yahoo Finance
XOM,2026-08-21,166.5399932861328,168.0,164.61000061035156,165.11000061035156,165.11000061035156,14314300,USD,NYQ,America/New_York,Yahoo Finance
XOM,2026-08-24,163.8699951171875,165.22000122070312,162.25,164.0500030517578,164.0500030517578,10842500,USD,NYQ,America/New_York,Yahoo Finance
XOM,2026-08-25,161.4499969482422,162.80999755859375,160.4600067138672,160.63999938964844,160.63999938964844,17525300,USD,NYQ,America/New_York,Yahoo Finance
XOM,2026-08-26,158.0,161.1300048828125,157.75999450683594,158.19000244140625,158.19000244140625,14838400,USD,NYQ,America/New_York,Yahoo Finance
XOM,2026-08-27,157.6300048828125,158.19000244140625,156.13999938964844,156.44000244140625,156.44000244140625,14288500,USD,NYQ,America/New_York,Yahoo Finance
XOM,2026-08-28,156.60000610351562,157.4199981689453,155.32000732421875,156.7100067138672,156.7100067138672,11352600,USD,NYQ,America/New_York,Yahoo Finance
XOM,2026-08-31,159.94000244140625,161.58999633789062,158.74000549316406,160.9499969482422,160.9499969482422,18363400,USD,NYQ,America/New_York,Yahoo Finance
XOM,2026-09-01,163.60000610351562,164.6999969482422,162.22000122070312,164.5500030517578,164.5500030517578,11381800,USD,NYQ,America/New_York,Yahoo Finance
XOM,2026-09-02,163.92999267578125,165.02000427246094,162.75999450683594,164.14999389648438,164.14999389648438,11287000,USD,NYQ,America/New_York,Yahoo Finance
XOM,2026-09-03,164.42999267578125,165.64999389648438,162.08999633789062,162.2100067138672,162.2100067138672,13755100,USD,NYQ,America/New_York,Yahoo Finance
XOM,2026-09-04,161.02000427246094,161.47999572753906,159.16000366210938,159.47000122070312,159.47000122070312,16206400,USD,NYQ,America/New_York,Yahoo Finance
XOM,2026-09-08,160.61000061035156,163.11000061035156,158.75,160.66000366210938,160.66000366210938,12607700,USD,NYQ,America/New_York,Yahoo Finance
XOM,2026-09-09,162.8800048828125,165.17999267578125,162.5500030517578,164.22999572753906,164.22999572753906,13124000,USD,NYQ,America/New_York,Yahoo Finance
XOM,2026-09-10,167.0,167.3699951171875,163.17999267578125,165.22999572753906,165.22999572753906,16615300,USD,NYQ,America/New_York,Yahoo Finance
XOM,2026-09-11,165.07000732421875,167.08999633789062,164.0800018310547,165.99000549316406,165.99000549316406,11362400,USD,NYQ,America/New_York,Yahoo Finance
XOM,2026-09-14,168.6999969482422,169.4499969482422,164.0399932861328,165.0800018310547,165.0800018310547,13942100,USD,NYQ,America/New_York,Yahoo Finance
XOM,2026-09-15,165.36000061035156,169.63999938964844,165.14999389648438,169.32000732421875,169.32000732421875,12329200,USD,NYQ,America/New_York,Yahoo Finance
XOM,2026-09-16,167.22999572753906,167.5,162.55999755859375,163.32000732421875,163.32000732421875,13437800,USD,NYQ,America/New_York,Yahoo Finance
XOM,2026-09-17,161.8300018310547,163.38999938964844,161.4499969482422,163.27000427246094,163.27000427246094,10976500,USD,NYQ,America/New_York,Yahoo Finance
XOM,2026-09-18,162.5,163.5399932861328,161.30999755859375,163.5399932861328,163.5399932861328,37640600,USD,NYQ,America/New_York,Yahoo Finance
XOM,2026-09-21,160.9600067138672,161.9499969482422,157.94000244140625,158.3000030517578,158.3000030517578,15752500,USD,NYQ,America/New_York,Yahoo Finance
XOM,2026-09-22,157.52999877929688,159.97000122070312,155.85000610351562,158.7100067138672,158.7100067138672,14189400,USD,NYQ,America/New_York,Yahoo Finance
XOM,2026-09-23,159.6199951171875,162.1199951171875,159.4199981689453,161.22999572753906,161.22999572753906,12569300,USD,NYQ,America/New_York,Yahoo Finance
XOM,2026-09-24,163.05999755859375,164.91000366210938,161.1999969482422,162.13999938964844,162.13999938964844,12484900,USD,NYQ,America/New_York,Yahoo Finance
XOM,2026-09-25,160.22999572753906,161.7899932861328,159.77999877929688,160.58999633789062,160.58999633789062,10996700,USD,NYQ,America/New_York,Yahoo Finance
XOM,2026-09-28,162.8000030517578,163.5399932861328,161.0500030517578,162.52000427246094,162.52000427246094,12809500,USD,NYQ,America/New_York,Yahoo Finance
YELP,2026-08-17,24.34000015258789,24.34000015258789,22.8799991607666,23.06999969482422,23.06999969482422,1401300,USD,NYQ,America/New_York,Yahoo Finance
YELP,2026-08-18,23.3700008392334,23.81999969482422,23.149999618530273,23.360000610351562,23.360000610351562,1042200,USD,NYQ,America/New_York,Yahoo Finance
YELP,2026-08-19,23.389999389648438,24.489999771118164,23.3700008392334,23.950000762939453,23.950000762939453,930500,USD,NYQ,America/New_York,Yahoo Finance
YELP,2026-08-20,23.700000762939453,24.170000076293945,23.299999237060547,23.600000381469727,23.600000381469727,763800,USD,NYQ,America/New_York,Yahoo Finance
YELP,2026-08-21,23.489999771118164,23.600000381469727,23.030000686645508,23.459999084472656,23.459999084472656,764700,USD,NYQ,America/New_York,Yahoo Finance
YELP,2026-08-24,23.399999618530273,24.100000381469727,23.280000686645508,23.829999923706055,23.829999923706055,883700,USD,NYQ,America/New_York,Yahoo Finance
YELP,2026-08-25,23.670000076293945,24.010000228881836,23.5,23.700000762939453,23.700000762939453,511000,USD,NYQ,America/New_York,Yahoo Finance
YELP,2026-08-26,23.540000915527344,23.559999465942383,22.43000030517578,22.6299991607666,22.6299991607666,1134100,USD,NYQ,America/New_York,Yahoo Finance
YELP,2026-08-27,22.799999237060547,22.84000015258789,22.239999771118164,22.510000228881836,22.510000228881836,766100,USD,NYQ,America/New_York,Yahoo Finance
YELP,2026-08-28,22.6299991607666,23.350000381469727,22.56999969482422,23.18000030517578,23.18000030517578,777700,USD,NYQ,America/New_York,Yahoo Finance
YELP,2026-08-31,23.049999237060547,23.229999542236328,22.25,22.350000381469727,22.350000381469727,1212800,USD,NYQ,America/New_York,Yahoo Finance
YELP,2026-09-01,22.25,22.760000228881836,21.950000762939453,22.350000381469727,22.350000381469727,1044800,USD,NYQ,America/New_York,Yahoo Finance
YELP,2026-09-02,22.149999618530273,22.899999618530273,22.059999465942383,22.420000076293945,22.420000076293945,1239700,USD,NYQ,America/New_York,Yahoo Finance
YELP,2026-09-03,22.760000228881836,23.5,22.139999389648438,22.149999618530273,22.149999618530273,1104200,USD,NYQ,America/New_York,Yahoo Finance
YELP,2026-09-04,21.81999969482422,21.959999084472656,21.040000915527344,21.65999984741211,21.65999984741211,1638500,USD,NYQ,America/New_York,Yahoo Finance
YELP,2026-09-08,21.420000076293945,21.5,20.510000228881836,20.959999084472656,20.959999084472656,1521600,USD,NYQ,America/New_York,Yahoo Finance
YELP,2026-09-09,20.729999542236328,21.020000457763672,20.40999984741211,20.469999313354492,20.469999313354492,1103100,USD,NYQ,America/New_York,Yahoo Finance
YELP,2026-09-10,20.489999771118164,20.989999771118164,20.270000457763672,20.950000762939453,20.950000762939453,1590600,USD,NYQ,America/New_York,Yahoo Finance
YELP,2026-09-11,20.450000762939453,21.459999084472656,20.450000762939453,21.280000686645508,21.280000686645508,1344200,USD,NYQ,America/New_York,Yahoo Finance
YELP,2026-09-14,21.75,22.15999984741211,21.459999084472656,21.829999923706055,21.829999923706055,1307100,USD,NYQ,America/New_York,Yahoo Finance
YELP,2026-09-15,21.530000686645508,21.530000686645508,20.969999313354492,21.139999389648438,21.139999389648438,949100,USD,NYQ,America/New_York,Yahoo Finance
YELP,2026-09-16,20.920000076293945,21.15999984741211,20.709999084472656,20.760000228881836,20.760000228881836,895400,USD,NYQ,America/New_York,Yahoo Finance
YELP,2026-09-17,20.719999313354492,20.799999237060547,20.25,20.270000457763672,20.270000457763672,853600,USD,NYQ,America/New_York,Yahoo Finance
YELP,2026-09-18,20.25,20.399999618530273,19.579999923706055,19.6299991607666,19.6299991607666,3171700,USD,NYQ,America/New_York,Yahoo Finance
YELP,2026-09-21,19.639999389648438,19.799999237060547,19.3700008392334,19.40999984741211,19.40999984741211,1478700,USD,NYQ,America/New_York,Yahoo Finance
YELP,2026-09-22,19.729999542236328,19.739999771118164,18.729999542236328,18.959999084472656,18.959999084472656,1823700,USD,NYQ,America/New_York,Yahoo Finance
YELP,2026-09-23,18.760000228881836,19.110000610351562,17.639999389648438,17.729999542236328,17.729999542236328,1817900,USD,NYQ,America/New_York,Yahoo Finance
YELP,2026-09-24,17.979999542236328,18.40999984741211,17.68000030517578,18.3700008392334,18.3700008392334,1887600,USD,NYQ,America/New_York,Yahoo Finance
YELP,2026-09-25,18.270000457763672,18.670000076293945,18.020000457763672,18.030000686645508,18.030000686645508,906900,USD,NYQ,America/New_York,Yahoo Finance
YELP,2026-09-28,17.760000228881836,17.959999084472656,17.270000457763672,17.59000015258789,17.59000015258789,1275600,USD,NYQ,America/New_York,Yahoo Finance
YUM,2026-08-17,147.30999755859375,148.07000732421875,143.25999450683594,145.13999938964844,144.41192626953125,2954200,USD,NYQ,America/New_York,Yahoo Finance
YUM,2026-08-18,146.3800048828125,146.97000122070312,144.77000427246094,144.86000061035156,144.13333129882812,1697300,USD,NYQ,America/New_York,Yahoo Finance
YUM,2026-08-19,145.4199981689453,148.16000366210938,143.8800048828125,145.92999267578125,145.1979522705078,2708900,USD,NYQ,America/New_York,Yahoo Finance
YUM,2026-08-20,145.64999389648438,152.39999389648438,145.32000732421875,152.3300018310547,151.56585693359375,4281500,USD,NYQ,America/New_York,Yahoo Finance
YUM,2026-08-21,152.0800018310547,153.38999938964844,149.5800018310547,152.99000549316406,152.22254943847656,3754000,USD,NYQ,America/New_York,Yahoo Finance
YUM,2026-08-24,154.16000366210938,158.0500030517578,154.16000366210938,157.35000610351562,156.56068420410156,2277600,USD,NYQ,America/New_York,Yahoo Finance
YUM,2026-08-25,156.67999267578125,157.5399932861328,155.8000030517578,156.27000427246094,155.48609924316406,1944700,USD,NYQ,America/New_York,Yahoo Finance
YUM,2026-08-26,156.02000427246094,156.19000244140625,154.10000610351562,154.41000366210938,153.6354217529297,2615100,USD,NYQ,America/New_York,Yahoo Finance
YUM,2026-08-27,152.64999389648438,152.83999633789062,150.05999755859375,150.75,149.9937744140625,1964000,USD,NYQ,America/New_York,Yahoo Finance
YUM,2026-08-28,151.63999938964844,154.57000732421875,151.4499969482422,153.86000061035156,153.0881805419922,1545400,USD,NYQ,America/New_York,Yahoo Finance
YUM,2026-08-31,153.44000244140625,155.0,152.85000610351562,153.30999755859375,152.5409393310547,1954500,USD,NYQ,America/New_York,Yahoo Finance
YUM,2026-09-01,153.63999938964844,154.58999633789062,151.92999267578125,152.02999877929688,151.26736450195312,1598600,USD,NYQ,America/New_York,Yahoo Finance
YUM,2026-09-02,151.97999572753906,153.0,150.89999389648438,151.27000427246094,150.51116943359375,1461300,USD,NYQ,America/New_York,Yahoo Finance
YUM,2026-09-03,151.6999969482422,153.92999267578125,149.83999633789062,152.5399932861328,151.77479553222656,1539100,USD,NYQ,America/New_York,Yahoo Finance
YUM,2026-09-04,151.77999877929688,153.22000122070312,150.22000122070312,150.7100067138672,149.9539794921875,1623200,USD,NYQ,America/New_York,Yahoo Finance
YUM,2026-09-08,150.02000427246094,151.1699981689453,148.5399932861328,149.50999450683594,148.75999450683594,1787600,USD,NYQ,America/New_York,Yahoo Finance
YUM,2026-09-09,147.67999267578125,148.63999938964844,142.25999450683594,145.16000366210938,145.16000366210938,2933100,USD,NYQ,America/New_York,Yahoo Finance
YUM,2026-09-10,146.1999969482422,147.00999450683594,143.4199981689453,143.88999938964844,143.88999938964844,2731400,USD,NYQ,America/New_York,Yahoo Finance
YUM,2026-09-11,145.1999969482422,145.69000244140625,140.85000610351562,140.8699951171875,140.8699951171875,2110200,USD,NYQ,America/New_York,Yahoo Finance
YUM,2026-09-14,142.89999389648438,147.11000061035156,142.7899932861328,146.3300018310547,146.3300018310547,2105200,USD,NYQ,America/New_York,Yahoo Finance
YUM,2026-09-15,144.75999450683594,145.0,140.69000244140625,140.77000427246094,140.77000427246094,2215200,USD,NYQ,America/New_York,Yahoo Finance
YUM,2026-09-16,141.14999389648438,141.35000610351562,137.77999877929688,137.9600067138672,137.9600067138672,2357700,USD,NYQ,America/New_York,Yahoo Finance
YUM,2026-09-17,138.94000244140625,140.94000244140625,135.69000244140625,135.75,135.75,2040900,USD,NYQ,America/New_York,Yahoo Finance
YUM,2026-09-18,135.5,138.32000732421875,134.25999450683594,137.99000549316406,137.99000549316406,4727900,USD,NYQ,America/New_York,Yahoo Finance
YUM,2026-09-21,138.6999969482422,139.9499969482422,137.7899932861328,139.3300018310547,139.3300018310547,2641300,USD,NYQ,America/New_York,Yahoo Finance
YUM,2026-09-22,140.44000244140625,141.14999389648438,138.86000061035156,139.7100067138672,139.7100067138672,2910900,USD,NYQ,America/New_York,Yahoo Finance
YUM,2026-09-23,139.66000366210938,141.22000122070312,138.14999389648438,140.6300048828125,140.6300048828125,2635300,USD,NYQ,America/New_York,Yahoo Finance
YUM,2026-09-24,139.5399932861328,140.6199951171875,137.25,137.33999633789062,137.33999633789062,2497500,USD,NYQ,America/New_York,Yahoo Finance
YUM,2026-09-25,136.99000549316406,139.6300048828125,136.41000366210938,138.6300048828125,138.6300048828125,2306200,USD,NYQ,America/New_York,Yahoo Finance
YUM,2026-09-28,138.77999877929688,140.3000030517578,137.5500030517578,138.27999877929688,138.27999877929688,1840700,USD,NYQ,America/New_York,Yahoo Finance
ZD,2026-08-17,55.02000045776367,55.470001220703125,53.84000015258789,54.310001373291016,54.310001373291016,676900,USD,NMS,America/New_York,Yahoo Finance
ZD,2026-08-18,55.27000045776367,56.15999984741211,54.790000915527344,55.09000015258789,55.09000015258789,502900,USD,NMS,America/New_York,Yahoo Finance
ZD,2026-08-19,55.09000015258789,56.20000076293945,55.06999969482422,55.5,55.5,361100,USD,NMS,America/New_York,Yahoo Finance
ZD,2026-08-20,55.22999954223633,56.060001373291016,55.0,55.400001525878906,55.400001525878906,371900,USD,NMS,America/New_York,Yahoo Finance
ZD,2026-08-21,55.36000061035156,56.29999923706055,55.0,56.08000183105469,56.08000183105469,521200,USD,NMS,America/New_York,Yahoo Finance
ZD,2026-08-24,56.06999969482422,56.689998626708984,55.47999954223633,55.72999954223633,55.72999954223633,403400,USD,NMS,America/New_York,Yahoo Finance
ZD,2026-08-25,55.459999084472656,56.150001525878906,55.0099983215332,55.40999984741211,55.40999984741211,350800,USD,NMS,America/New_York,Yahoo Finance
ZD,2026-08-26,54.95000076293945,56.0099983215332,54.63999938964844,55.61000061035156,55.61000061035156,550100,USD,NMS,America/New_York,Yahoo Finance
ZD,2026-08-27,55.7599983215332,56.470001220703125,55.2599983215332,55.81999969482422,55.81999969482422,319500,USD,NMS,America/New_York,Yahoo Finance
ZD,2026-08-28,55.81999969482422,56.66999816894531,55.66999816894531,55.81999969482422,55.81999969482422,285500,USD,NMS,America/New_York,Yahoo Finance
ZD,2026-08-31,55.5,55.720001220703125,55.0,55.150001525878906,55.150001525878906,535700,USD,NMS,America/New_York,Yahoo Finance
ZD,2026-09-01,55.150001525878906,55.70000076293945,54.7400016784668,55.2400016784668,55.2400016784668,589000,USD,NMS,America/New_York,Yahoo Finance
ZD,2026-09-02,55.11000061035156,57.13999938964844,55.040000915527344,56.689998626708984,56.689998626708984,845000,USD,NMS,America/New_York,Yahoo Finance
ZD,2026-09-03,57.25,57.68000030517578,55.7599983215332,56.310001373291016,56.310001373291016,492200,USD,NMS,America/New_York,Yahoo Finance
ZD,2026-09-04,56.04999923706055,56.36000061035156,55.11000061035156,55.70000076293945,55.70000076293945,352100,USD,NMS,America/New_York,Yahoo Finance
ZD,2026-09-08,55.119998931884766,55.959999084472656,54.75,55.72999954223633,55.72999954223633,551000,USD,NMS,America/New_York,Yahoo Finance
ZD,2026-09-09,55.369998931884766,55.439998626708984,54.75,55.31999969482422,55.31999969482422,753700,USD,NMS,America/New_York,Yahoo Finance
ZD,2026-09-10,55.119998931884766,55.86000061035156,55.029998779296875,55.290000915527344,55.290000915527344,430100,USD,NMS,America/New_York,Yahoo Finance
ZD,2026-09-11,55.849998474121094,56.869998931884766,55.189998626708984,56.220001220703125,56.220001220703125,553900,USD,NMS,America/New_York,Yahoo Finance
ZD,2026-09-14,56.45000076293945,57.54999923706055,56.040000915527344,57.349998474121094,57.349998474121094,755800,USD,NMS,America/New_York,Yahoo Finance
ZD,2026-09-15,57.18000030517578,60.0,56.86000061035156,59.209999084472656,59.209999084472656,974600,USD,NMS,America/New_York,Yahoo Finance
ZD,2026-09-16,58.95000076293945,60.11000061035156,58.11000061035156,58.75,58.75,946400,USD,NMS,America/New_York,Yahoo Finance
ZD,2026-09-17,58.79999923706055,60.47999954223633,58.040000915527344,59.130001068115234,59.130001068115234,924900,USD,NMS,America/New_York,Yahoo Finance
ZD,2026-09-18,58.790000915527344,58.790000915527344,56.810001373291016,57.4900016784668,57.4900016784668,2787300,USD,NMS,America/New_York,Yahoo Finance
ZD,2026-09-21,58.040000915527344,58.56999969482422,57.349998474121094,57.470001220703125,57.470001220703125,547000,USD,NMS,America/New_York,Yahoo Finance
ZD,2026-09-22,57.959999084472656,58.25,56.2599983215332,58.20000076293945,58.20000076293945,539700,USD,NMS,America/New_York,Yahoo Finance
ZD,2026-09-23,57.97999954223633,57.97999954223633,56.33000183105469,56.75,56.75,530800,USD,NMS,America/New_York,Yahoo Finance
ZD,2026-09-24,56.31999969482422,57.36000061035156,56.31999969482422,56.470001220703125,56.470001220703125,422900,USD,NMS,America/New_York,Yahoo Finance
ZD,2026-09-25,56.720001220703125,57.540000915527344,56.31999969482422,56.5099983215332,56.5099983215332,632900,USD,NMS,America/New_York,Yahoo Finance
ZD,2026-09-28,56.380001068115234,56.709999084472656,55.54999923706055,55.68000030517578,55.68000030517578,554600,USD,NMS,America/New_York,Yahoo Finance
