symbol,date,open,high,low,close,adjusted_close,volume,currency,exchange,timezone,source
1810.HK,2026-08-20,27.780000686645508,28.639999389648438,27.5,27.760000228881836,27.760000228881836,178685384,HKD,HKG,Asia/Hong_Kong,Yahoo Finance
1810.HK,2026-08-21,28.399999618530273,29.100000381469727,28.0,29.020000457763672,29.020000457763672,180377953,HKD,HKG,Asia/Hong_Kong,Yahoo Finance
1810.HK,2026-08-24,28.600000381469727,28.84000015258789,27.540000915527344,27.81999969482422,27.81999969482422,158110022,HKD,HKG,Asia/Hong_Kong,Yahoo Finance
1810.HK,2026-08-25,28.31999969482422,28.479999542236328,27.639999389648438,27.760000228881836,27.760000228881836,81489138,HKD,HKG,Asia/Hong_Kong,Yahoo Finance
1810.HK,2026-08-26,28.0,29.139999389648438,27.799999237060547,28.459999084472656,28.459999084472656,142477417,HKD,HKG,Asia/Hong_Kong,Yahoo Finance
1810.HK,2026-08-27,28.459999084472656,28.639999389648438,27.360000610351562,27.479999542236328,27.479999542236328,145686928,HKD,HKG,Asia/Hong_Kong,Yahoo Finance
1810.HK,2026-08-28,27.479999542236328,28.260000228881836,27.360000610351562,27.81999969482422,27.81999969482422,85331331,HKD,HKG,Asia/Hong_Kong,Yahoo Finance
1810.HK,2026-08-31,27.8799991607666,27.959999084472656,27.420000076293945,27.6200008392334,27.6200008392334,90434800,HKD,HKG,Asia/Hong_Kong,Yahoo Finance
1810.HK,2026-09-01,27.520000457763672,28.1200008392334,27.360000610351562,27.559999465942383,27.559999465942383,86622519,HKD,HKG,Asia/Hong_Kong,Yahoo Finance
1810.HK,2026-09-02,27.5,28.139999389648438,27.079999923706055,28.059999465942383,28.059999465942383,115694198,HKD,HKG,Asia/Hong_Kong,Yahoo Finance
1810.HK,2026-09-03,28.299999237060547,28.559999465942383,27.020000457763672,27.440000534057617,27.440000534057617,117455962,HKD,HKG,Asia/Hong_Kong,Yahoo Finance
1810.HK,2026-09-04,27.68000030517578,28.760000228881836,27.65999984741211,28.440000534057617,28.440000534057617,178857691,HKD,HKG,Asia/Hong_Kong,Yahoo Finance
1810.HK,2026-09-07,28.219999313354492,28.399999618530273,27.1200008392334,27.5,27.5,172668949,HKD,HKG,Asia/Hong_Kong,Yahoo Finance
1810.HK,2026-09-08,27.260000228881836,27.360000610351562,26.559999465942383,26.920000076293945,26.920000076293945,169791507,HKD,HKG,Asia/Hong_Kong,Yahoo Finance
1810.HK,2026-09-09,26.700000762939453,26.799999237060547,26.100000381469727,26.3799991607666,26.3799991607666,120334499,HKD,HKG,Asia/Hong_Kong,Yahoo Finance
1810.HK,2026-09-10,26.040000915527344,26.399999618530273,25.68000030517578,25.920000076293945,25.920000076293945,148663013,HKD,HKG,Asia/Hong_Kong,Yahoo Finance
1810.HK,2026-09-11,25.65999984741211,26.65999984741211,25.440000534057617,26.360000610351562,26.360000610351562,113533443,HKD,HKG,Asia/Hong_Kong,Yahoo Finance
1810.HK,2026-09-14,26.420000076293945,27.34000015258789,26.420000076293945,27.15999984741211,27.15999984741211,110183277,HKD,HKG,Asia/Hong_Kong,Yahoo Finance
1810.HK,2026-09-15,27.1200008392334,27.399999618530273,26.5,26.5,26.5,77282311,HKD,HKG,Asia/Hong_Kong,Yahoo Finance
1810.HK,2026-09-16,26.5,26.65999984741211,25.920000076293945,26.18000030517578,26.18000030517578,74216945,HKD,HKG,Asia/Hong_Kong,Yahoo Finance
1810.HK,2026-09-17,25.700000762939453,26.440000534057617,25.559999465942383,26.139999389648438,26.139999389648438,89304650,HKD,HKG,Asia/Hong_Kong,Yahoo Finance
1810.HK,2026-09-18,26.15999984741211,26.65999984741211,25.979999542236328,26.399999618530273,26.399999618530273,109848697,HKD,HKG,Asia/Hong_Kong,Yahoo Finance
1810.HK,2026-09-21,26.399999618530273,27.579999923706055,26.34000015258789,27.579999923706055,27.579999923706055,137700004,HKD,HKG,Asia/Hong_Kong,Yahoo Finance
1810.HK,2026-09-22,27.979999542236328,28.219999313354492,27.059999465942383,27.200000762939453,27.200000762939453,127872906,HKD,HKG,Asia/Hong_Kong,Yahoo Finance
1810.HK,2026-09-23,27.280000686645508,27.280000686645508,26.15999984741211,26.18000030517578,26.18000030517578,126019027,HKD,HKG,Asia/Hong_Kong,Yahoo Finance
1810.HK,2026-09-24,26.139999389648438,26.68000030517578,26.1200008392334,26.579999923706055,26.579999923706055,82395440,HKD,HKG,Asia/Hong_Kong,Yahoo Finance
1810.HK,2026-09-25,26.18000030517578,26.200000762939453,25.360000610351562,25.899999618530273,25.899999618530273,78353485,HKD,HKG,Asia/Hong_Kong,Yahoo Finance
1810.HK,2026-09-28,25.979999542236328,26.299999237060547,25.540000915527344,25.860000610351562,25.860000610351562,110319222,HKD,HKG,Asia/Hong_Kong,Yahoo Finance
1810.HK,2026-09-29,25.899999618530273,25.899999618530273,25.040000915527344,25.200000762939453,25.200000762939453,146204949,HKD,HKG,Asia/Hong_Kong,Yahoo Finance
1810.HK,2026-09-30,25.200000762939453,25.420000076293945,24.81999969482422,25.239999771118164,25.239999771118164,120214000,HKD,HKG,Asia/Hong_Kong,Yahoo Finance
2308.TW,2026-08-19,1745.0,1800.0,1740.0,1765.0,1765.0,11427523,TWD,TAI,Asia/Taipei,Yahoo Finance
2308.TW,2026-08-20,1770.0,1785.0,1705.0,1745.0,1745.0,8963292,TWD,TAI,Asia/Taipei,Yahoo Finance
2308.TW,2026-08-21,1760.0,1760.0,1720.0,1750.0,1750.0,4121202,TWD,TAI,Asia/Taipei,Yahoo Finance
2308.TW,2026-08-24,1720.0,1775.0,1710.0,1735.0,1735.0,4212827,TWD,TAI,Asia/Taipei,Yahoo Finance
2308.TW,2026-08-25,1715.0,1715.0,1655.0,1710.0,1710.0,9387717,TWD,TAI,Asia/Taipei,Yahoo Finance
2308.TW,2026-08-26,1680.0,1760.0,1670.0,1750.0,1750.0,9443448,TWD,TAI,Asia/Taipei,Yahoo Finance
2308.TW,2026-08-27,1780.0,1820.0,1760.0,1770.0,1770.0,8291060,TWD,TAI,Asia/Taipei,Yahoo Finance
2308.TW,2026-08-28,1800.0,1870.0,1780.0,1830.0,1830.0,12492688,TWD,TAI,Asia/Taipei,Yahoo Finance
2308.TW,2026-08-31,1785.0,1840.0,1775.0,1840.0,1840.0,8324574,TWD,TAI,Asia/Taipei,Yahoo Finance
2308.TW,2026-09-01,1845.0,1865.0,1810.0,1865.0,1865.0,6739494,TWD,TAI,Asia/Taipei,Yahoo Finance
2308.TW,2026-09-02,1815.0,1815.0,1730.0,1730.0,1730.0,13320729,TWD,TAI,Asia/Taipei,Yahoo Finance
2308.TW,2026-09-03,1735.0,1810.0,1725.0,1760.0,1760.0,9748529,TWD,TAI,Asia/Taipei,Yahoo Finance
2308.TW,2026-09-04,1810.0,1850.0,1790.0,1825.0,1825.0,8546741,TWD,TAI,Asia/Taipei,Yahoo Finance
2308.TW,2026-09-07,1845.0,1885.0,1825.0,1850.0,1850.0,6954450,TWD,TAI,Asia/Taipei,Yahoo Finance
2308.TW,2026-09-08,1860.0,1860.0,1795.0,1805.0,1805.0,5798359,TWD,TAI,Asia/Taipei,Yahoo Finance
2308.TW,2026-09-09,1780.0,1855.0,1780.0,1795.0,1795.0,7476593,TWD,TAI,Asia/Taipei,Yahoo Finance
2308.TW,2026-09-10,1775.0,1775.0,1675.0,1675.0,1675.0,17189917,TWD,TAI,Asia/Taipei,Yahoo Finance
2308.TW,2026-09-11,1595.0,1635.0,1595.0,1620.0,1620.0,13791960,TWD,TAI,Asia/Taipei,Yahoo Finance
2308.TW,2026-09-14,1560.0,1630.0,1560.0,1620.0,1620.0,7950846,TWD,TAI,Asia/Taipei,Yahoo Finance
2308.TW,2026-09-15,1590.0,1715.0,1585.0,1670.0,1670.0,14032981,TWD,TAI,Asia/Taipei,Yahoo Finance
2308.TW,2026-09-16,1680.0,1730.0,1655.0,1710.0,1710.0,10024781,TWD,TAI,Asia/Taipei,Yahoo Finance
2308.TW,2026-09-17,1730.0,1745.0,1685.0,1685.0,1685.0,10154006,TWD,TAI,Asia/Taipei,Yahoo Finance
2308.TW,2026-09-18,1730.0,1750.0,1715.0,1735.0,1735.0,12081302,TWD,TAI,Asia/Taipei,Yahoo Finance
2308.TW,2026-09-21,1750.0,1885.0,1740.0,1875.0,1875.0,16615887,TWD,TAI,Asia/Taipei,Yahoo Finance
2308.TW,2026-09-22,1965.0,1965.0,1900.0,1900.0,1900.0,15394512,TWD,TAI,Asia/Taipei,Yahoo Finance
2308.TW,2026-09-23,1910.0,1920.0,1890.0,1900.0,1900.0,9023356,TWD,TAI,Asia/Taipei,Yahoo Finance
2308.TW,2026-09-24,1875.0,1935.0,1875.0,1910.0,1910.0,8183368,TWD,TAI,Asia/Taipei,Yahoo Finance
2308.TW,2026-09-29,1880.0,1950.0,1810.0,1835.0,1835.0,12874206,TWD,TAI,Asia/Taipei,Yahoo Finance
2308.TW,2026-09-30,1885.0,1930.0,1870.0,1890.0,1890.0,10195681,TWD,TAI,Asia/Taipei,Yahoo Finance
2308.TW,2026-10-01,1925.0,1935.0,1860.0,1905.0,1905.0,5670120,TWD,TAI,Asia/Taipei,Yahoo Finance
9988.HK,2026-08-20,126.5999984741211,129.0,124.30000305175781,126.19999694824219,126.19999694824219,92028319,HKD,HKG,Asia/Hong_Kong,Yahoo Finance
9988.HK,2026-08-21,129.1999969482422,129.8000030517578,121.5,123.0,123.0,146890540,HKD,HKG,Asia/Hong_Kong,Yahoo Finance
9988.HK,2026-08-24,113.0999984741211,113.5,110.0999984741211,112.5,112.5,362953456,HKD,HKG,Asia/Hong_Kong,Yahoo Finance
9988.HK,2026-08-25,114.80000305175781,115.0,112.19999694824219,114.19999694824219,114.19999694824219,124296637,HKD,HKG,Asia/Hong_Kong,Yahoo Finance
9988.HK,2026-08-26,115.69999694824219,117.80000305175781,115.5999984741211,116.5999984741211,116.5999984741211,133860910,HKD,HKG,Asia/Hong_Kong,Yahoo Finance
9988.HK,2026-08-27,117.4000015258789,117.4000015258789,115.0999984741211,115.5,115.5,83206714,HKD,HKG,Asia/Hong_Kong,Yahoo Finance
9988.HK,2026-08-28,113.0999984741211,114.80000305175781,112.5,113.9000015258789,113.9000015258789,73086522,HKD,HKG,Asia/Hong_Kong,Yahoo Finance
9988.HK,2026-08-31,115.0,115.0,112.19999694824219,114.19999694824219,114.19999694824219,82619229,HKD,HKG,Asia/Hong_Kong,Yahoo Finance
9988.HK,2026-09-01,112.19999694824219,112.69999694824219,109.5,110.4000015258789,110.4000015258789,99751649,HKD,HKG,Asia/Hong_Kong,Yahoo Finance
9988.HK,2026-09-02,110.19999694824219,110.4000015258789,107.30000305175781,109.9000015258789,109.9000015258789,76466094,HKD,HKG,Asia/Hong_Kong,Yahoo Finance
9988.HK,2026-09-03,110.5,110.69999694824219,106.5,107.5,107.5,69972408,HKD,HKG,Asia/Hong_Kong,Yahoo Finance
9988.HK,2026-09-04,109.5,111.9000015258789,109.5,110.0999984741211,110.0999984741211,103698738,HKD,HKG,Asia/Hong_Kong,Yahoo Finance
9988.HK,2026-09-07,110.30000305175781,111.0,109.0999984741211,109.5999984741211,109.5999984741211,40367117,HKD,HKG,Asia/Hong_Kong,Yahoo Finance
9988.HK,2026-09-08,109.0,111.69999694824219,108.5999984741211,109.5,109.5,44150465,HKD,HKG,Asia/Hong_Kong,Yahoo Finance
9988.HK,2026-09-09,110.5,110.9000015258789,108.5999984741211,109.80000305175781,109.80000305175781,46572012,HKD,HKG,Asia/Hong_Kong,Yahoo Finance
9988.HK,2026-09-10,107.19999694824219,107.19999694824219,105.19999694824219,106.9000015258789,106.9000015258789,65902181,HKD,HKG,Asia/Hong_Kong,Yahoo Finance
9988.HK,2026-09-11,105.0,107.69999694824219,104.69999694824219,107.5,107.5,56226973,HKD,HKG,Asia/Hong_Kong,Yahoo Finance
9988.HK,2026-09-14,105.5,106.5999984741211,104.69999694824219,105.9000015258789,105.9000015258789,48442049,HKD,HKG,Asia/Hong_Kong,Yahoo Finance
9988.HK,2026-09-15,107.0,108.80000305175781,105.80000305175781,107.19999694824219,107.19999694824219,47161376,HKD,HKG,Asia/Hong_Kong,Yahoo Finance
9988.HK,2026-09-16,107.69999694824219,107.69999694824219,106.0999984741211,106.19999694824219,106.19999694824219,34061594,HKD,HKG,Asia/Hong_Kong,Yahoo Finance
9988.HK,2026-09-17,105.0,106.0,104.19999694824219,105.0999984741211,105.0999984741211,50647519,HKD,HKG,Asia/Hong_Kong,Yahoo Finance
9988.HK,2026-09-18,106.4000015258789,110.69999694824219,106.0999984741211,109.30000305175781,109.30000305175781,90084892,HKD,HKG,Asia/Hong_Kong,Yahoo Finance
9988.HK,2026-09-21,110.69999694824219,112.69999694824219,110.0999984741211,112.5999984741211,112.5999984741211,54733772,HKD,HKG,Asia/Hong_Kong,Yahoo Finance
9988.HK,2026-09-22,114.80000305175781,118.30000305175781,114.0,114.80000305175781,114.80000305175781,123942194,HKD,HKG,Asia/Hong_Kong,Yahoo Finance
9988.HK,2026-09-23,113.80000305175781,114.19999694824219,109.0999984741211,109.80000305175781,109.80000305175781,86835983,HKD,HKG,Asia/Hong_Kong,Yahoo Finance
9988.HK,2026-09-24,108.30000305175781,111.0999984741211,108.0999984741211,110.0,110.0,37259984,HKD,HKG,Asia/Hong_Kong,Yahoo Finance
9988.HK,2026-09-25,107.5,108.5999984741211,106.30000305175781,108.4000015258789,108.4000015258789,28037888,HKD,HKG,Asia/Hong_Kong,Yahoo Finance
9988.HK,2026-09-28,107.80000305175781,109.5,106.5,107.69999694824219,107.69999694824219,45286580,HKD,HKG,Asia/Hong_Kong,Yahoo Finance
9988.HK,2026-09-29,106.5999984741211,107.19999694824219,105.19999694824219,106.19999694824219,106.19999694824219,57027476,HKD,HKG,Asia/Hong_Kong,Yahoo Finance
9988.HK,2026-09-30,105.30000305175781,107.4000015258789,105.19999694824219,106.5999984741211,106.5999984741211,47287932,HKD,HKG,Asia/Hong_Kong,Yahoo Finance
ABCB,2026-08-17,89.3499984741211,90.16999816894531,88.77999877929688,89.04000091552734,89.04000091552734,283700,USD,NYQ,America/New_York,Yahoo Finance
ABCB,2026-08-18,89.58999633789062,89.58999633789062,88.04000091552734,88.19999694824219,88.19999694824219,328600,USD,NYQ,America/New_York,Yahoo Finance
ABCB,2026-08-19,88.41000366210938,88.66000366210938,86.55999755859375,86.75,86.75,347900,USD,NYQ,America/New_York,Yahoo Finance
ABCB,2026-08-20,86.44000244140625,87.05000305175781,86.05999755859375,86.12000274658203,86.12000274658203,292100,USD,NYQ,America/New_York,Yahoo Finance
ABCB,2026-08-21,86.83999633789062,86.87000274658203,85.70999908447266,86.19999694824219,86.19999694824219,444400,USD,NYQ,America/New_York,Yahoo Finance
ABCB,2026-08-24,86.12999725341797,87.19000244140625,85.80999755859375,85.94999694824219,85.94999694824219,333900,USD,NYQ,America/New_York,Yahoo Finance
ABCB,2026-08-25,86.0999984741211,86.0999984741211,85.2699966430664,85.54000091552734,85.54000091552734,278800,USD,NYQ,America/New_York,Yahoo Finance
ABCB,2026-08-26,85.80999755859375,86.36000061035156,85.04000091552734,85.8499984741211,85.8499984741211,364000,USD,NYQ,America/New_York,Yahoo Finance
ABCB,2026-08-27,85.2300033569336,85.58999633789062,84.55999755859375,85.4000015258789,85.4000015258789,263400,USD,NYQ,America/New_York,Yahoo Finance
ABCB,2026-08-28,85.9000015258789,85.9000015258789,85.16999816894531,85.58999633789062,85.58999633789062,250400,USD,NYQ,America/New_York,Yahoo Finance
ABCB,2026-08-31,85.5199966430664,85.5999984741211,84.20999908447266,84.25,84.25,321800,USD,NYQ,America/New_York,Yahoo Finance
ABCB,2026-09-01,83.80999755859375,84.5999984741211,83.19999694824219,83.55000305175781,83.55000305175781,389500,USD,NYQ,America/New_York,Yahoo Finance
ABCB,2026-09-02,84.0999984741211,85.80999755859375,83.77999877929688,84.97000122070312,84.97000122070312,313500,USD,NYQ,America/New_York,Yahoo Finance
ABCB,2026-09-03,85.54000091552734,86.19999694824219,85.12999725341797,85.83000183105469,85.83000183105469,230500,USD,NYQ,America/New_York,Yahoo Finance
ABCB,2026-09-04,85.5999984741211,86.62000274658203,85.54000091552734,86.05000305175781,86.05000305175781,284400,USD,NYQ,America/New_York,Yahoo Finance
ABCB,2026-09-08,85.61000061035156,85.76000213623047,84.69999694824219,84.98999786376953,84.98999786376953,324600,USD,NYQ,America/New_York,Yahoo Finance
ABCB,2026-09-09,84.27999877929688,85.02999877929688,83.83999633789062,84.05000305175781,84.05000305175781,342300,USD,NYQ,America/New_York,Yahoo Finance
ABCB,2026-09-10,84.0199966430664,84.7699966430664,83.45999908447266,84.62000274658203,84.62000274658203,416000,USD,NYQ,America/New_York,Yahoo Finance
ABCB,2026-09-11,85.47000122070312,85.61000061035156,83.8499984741211,84.66000366210938,84.66000366210938,333200,USD,NYQ,America/New_York,Yahoo Finance
ABCB,2026-09-14,84.43000030517578,85.44999694824219,84.43000030517578,84.81999969482422,84.81999969482422,422300,USD,NYQ,America/New_York,Yahoo Finance
ABCB,2026-09-15,84.80999755859375,85.48999786376953,84.27999877929688,84.83000183105469,84.83000183105469,474500,USD,NYQ,America/New_York,Yahoo Finance
ABCB,2026-09-16,84.94999694824219,84.94999694824219,82.27999877929688,83.72000122070312,83.72000122070312,657300,USD,NYQ,America/New_York,Yahoo Finance
ABCB,2026-09-17,84.31999969482422,84.75,82.83000183105469,83.0,83.0,591700,USD,NYQ,America/New_York,Yahoo Finance
ABCB,2026-09-18,82.94999694824219,83.5,82.02999877929688,83.5,83.5,1634400,USD,NYQ,America/New_York,Yahoo Finance
ABCB,2026-09-21,83.97000122070312,84.12000274658203,82.97000122070312,83.0,83.0,548400,USD,NYQ,America/New_York,Yahoo Finance
ABCB,2026-09-22,83.69000244140625,83.8499984741211,82.44000244140625,82.69000244140625,82.69000244140625,543900,USD,NYQ,America/New_York,Yahoo Finance
ABCB,2026-09-23,82.29000091552734,82.9000015258789,81.61000061035156,81.62999725341797,81.62999725341797,479700,USD,NYQ,America/New_York,Yahoo Finance
ABCB,2026-09-24,81.7300033569336,82.30000305175781,81.26000213623047,81.79000091552734,81.79000091552734,478900,USD,NYQ,America/New_York,Yahoo Finance
ABCB,2026-09-25,82.23999786376953,82.91999816894531,82.05999755859375,82.29000091552734,82.29000091552734,349000,USD,NYQ,America/New_York,Yahoo Finance
ABCB,2026-09-28,82.36000061035156,82.44000244140625,81.37999725341797,81.44000244140625,81.44000244140625,447800,USD,NYQ,America/New_York,Yahoo Finance
ACHV,2026-08-17,7.400000095367432,7.539999961853027,7.269999980926514,7.5,7.5,945300,USD,NCM,America/New_York,Yahoo Finance
ACHV,2026-08-18,7.429999828338623,7.599999904632568,7.309999942779541,7.519999980926514,7.519999980926514,1064200,USD,NCM,America/New_York,Yahoo Finance
ACHV,2026-08-19,7.619999885559082,8.609999656677246,7.619999885559082,8.529999732971191,8.529999732971191,3924700,USD,NCM,America/New_York,Yahoo Finance
ACHV,2026-08-20,8.420000076293945,8.460000038146973,7.960000038146973,8.020000457763672,8.020000457763672,1453900,USD,NCM,America/New_York,Yahoo Finance
ACHV,2026-08-21,8.109999656677246,8.1899995803833,7.900000095367432,7.989999771118164,7.989999771118164,1060700,USD,NCM,America/New_York,Yahoo Finance
ACHV,2026-08-24,7.989999771118164,8.119999885559082,7.679999828338623,7.940000057220459,7.940000057220459,920300,USD,NCM,America/New_York,Yahoo Finance
ACHV,2026-08-25,8.039999961853027,8.420000076293945,8.010000228881836,8.170000076293945,8.170000076293945,1322400,USD,NCM,America/New_York,Yahoo Finance
ACHV,2026-08-26,8.199999809265137,8.34000015258789,8.020000457763672,8.270000457763672,8.270000457763672,1322200,USD,NCM,America/New_York,Yahoo Finance
ACHV,2026-08-27,8.3100004196167,8.399999618530273,8.15999984741211,8.180000305175781,8.180000305175781,987700,USD,NCM,America/New_York,Yahoo Finance
ACHV,2026-08-28,8.170000076293945,8.220000267028809,7.949999809265137,8.100000381469727,8.100000381469727,988900,USD,NCM,America/New_York,Yahoo Finance
ACHV,2026-08-31,8.069999694824219,8.140000343322754,7.820000171661377,7.940000057220459,7.940000057220459,1059000,USD,NCM,America/New_York,Yahoo Finance
ACHV,2026-09-01,7.829999923706055,8.399999618530273,7.829999923706055,8.25,8.25,1652200,USD,NCM,America/New_York,Yahoo Finance
ACHV,2026-09-02,8.270000457763672,8.520000457763672,8.25,8.479999542236328,8.479999542236328,1044200,USD,NCM,America/New_York,Yahoo Finance
ACHV,2026-09-03,8.489999771118164,8.640000343322754,8.210000038146973,8.3100004196167,8.3100004196167,1532400,USD,NCM,America/New_York,Yahoo Finance
ACHV,2026-09-04,8.199999809265137,8.5600004196167,8.100000381469727,8.489999771118164,8.489999771118164,886400,USD,NCM,America/New_York,Yahoo Finance
ACHV,2026-09-08,8.319999694824219,8.34000015258789,7.820000171661377,7.840000152587891,7.840000152587891,3533200,USD,NCM,America/New_York,Yahoo Finance
ACHV,2026-09-09,7.820000171661377,7.849999904632568,7.519999980926514,7.539999961853027,7.539999961853027,2367200,USD,NCM,America/New_York,Yahoo Finance
ACHV,2026-09-10,7.480000019073486,7.559999942779541,7.210000038146973,7.28000020980835,7.28000020980835,2476300,USD,NCM,America/New_York,Yahoo Finance
ACHV,2026-09-11,7.380000114440918,7.440000057220459,7.010000228881836,7.059999942779541,7.059999942779541,1460700,USD,NCM,America/New_York,Yahoo Finance
ACHV,2026-09-14,7.059999942779541,7.289999961853027,7.019999980926514,7.230000019073486,7.230000019073486,1430300,USD,NCM,America/New_York,Yahoo Finance
ACHV,2026-09-15,7.21999979019165,7.329999923706055,7.019999980926514,7.320000171661377,7.320000171661377,1383900,USD,NCM,America/New_York,Yahoo Finance
ACHV,2026-09-16,7.429999828338623,7.619999885559082,7.269999980926514,7.420000076293945,7.420000076293945,1905700,USD,NCM,America/New_York,Yahoo Finance
ACHV,2026-09-17,7.590000152587891,8.109999656677246,7.590000152587891,7.909999847412109,7.909999847412109,1871100,USD,NCM,America/New_York,Yahoo Finance
ACHV,2026-09-18,7.909999847412109,8.09000015258789,7.800000190734863,7.980000019073486,7.980000019073486,2830200,USD,NCM,America/New_York,Yahoo Finance
ACHV,2026-09-21,8.029999732971191,8.069999694824219,7.820000171661377,8.050000190734863,8.050000190734863,1006800,USD,NCM,America/New_York,Yahoo Finance
ACHV,2026-09-22,8.149999618530273,8.420000076293945,7.949999809265137,8.119999885559082,8.119999885559082,1674900,USD,NCM,America/New_York,Yahoo Finance
ACHV,2026-09-23,8.149999618530273,8.199999809265137,7.760000228881836,7.829999923706055,7.829999923706055,1328100,USD,NCM,America/New_York,Yahoo Finance
ACHV,2026-09-24,7.789999961853027,8.140000343322754,7.619999885559082,7.829999923706055,7.829999923706055,1141100,USD,NCM,America/New_York,Yahoo Finance
ACHV,2026-09-25,7.900000095367432,7.960000038146973,7.510000228881836,7.539999961853027,7.539999961853027,1423000,USD,NCM,America/New_York,Yahoo Finance
ACHV,2026-09-28,7.5,7.840000152587891,7.349999904632568,7.75,7.75,1301100,USD,NCM,America/New_York,Yahoo Finance
ACIW,2026-08-17,52.619998931884766,53.11000061035156,51.86000061035156,52.130001068115234,52.130001068115234,1155900,USD,NMS,America/New_York,Yahoo Finance
ACIW,2026-08-18,52.68000030517578,53.5,51.83000183105469,52.16999816894531,52.16999816894531,966300,USD,NMS,America/New_York,Yahoo Finance
ACIW,2026-08-19,52.209999084472656,53.0,51.77000045776367,51.970001220703125,51.970001220703125,955200,USD,NMS,America/New_York,Yahoo Finance
ACIW,2026-08-20,51.790000915527344,52.08000183105469,51.380001068115234,51.56999969482422,51.56999969482422,632700,USD,NMS,America/New_York,Yahoo Finance
ACIW,2026-08-21,51.54999923706055,52.5099983215332,51.310001373291016,51.86000061035156,51.86000061035156,562700,USD,NMS,America/New_York,Yahoo Finance
ACIW,2026-08-24,51.939998626708984,52.709999084472656,51.939998626708984,52.40999984741211,52.40999984741211,559700,USD,NMS,America/New_York,Yahoo Finance
ACIW,2026-08-25,52.369998931884766,52.70000076293945,51.720001220703125,52.400001525878906,52.400001525878906,645400,USD,NMS,America/New_York,Yahoo Finance
ACIW,2026-08-26,51.869998931884766,53.04999923706055,51.63999938964844,53.040000915527344,53.040000915527344,736500,USD,NMS,America/New_York,Yahoo Finance
ACIW,2026-08-27,53.15999984741211,54.2599983215332,52.9900016784668,54.22999954223633,54.22999954223633,726100,USD,NMS,America/New_York,Yahoo Finance
ACIW,2026-08-28,54.13999938964844,54.59000015258789,53.66999816894531,53.83000183105469,53.83000183105469,862500,USD,NMS,America/New_York,Yahoo Finance
ACIW,2026-08-31,53.22999954223633,53.849998474121094,52.900001525878906,53.279998779296875,53.279998779296875,1050000,USD,NMS,America/New_York,Yahoo Finance
ACIW,2026-09-01,52.66999816894531,53.0,51.04999923706055,51.22999954223633,51.22999954223633,823300,USD,NMS,America/New_York,Yahoo Finance
ACIW,2026-09-02,51.38999938964844,52.54999923706055,50.52000045776367,52.459999084472656,52.459999084472656,602300,USD,NMS,America/New_York,Yahoo Finance
ACIW,2026-09-03,53.11000061035156,53.72999954223633,52.209999084472656,52.90999984741211,52.90999984741211,596100,USD,NMS,America/New_York,Yahoo Finance
ACIW,2026-09-04,52.119998931884766,53.11000061035156,51.939998626708984,52.95000076293945,52.95000076293945,586300,USD,NMS,America/New_York,Yahoo Finance
ACIW,2026-09-08,51.95000076293945,52.2400016784668,50.77000045776367,51.97999954223633,51.97999954223633,969200,USD,NMS,America/New_York,Yahoo Finance
ACIW,2026-09-09,51.630001068115234,51.9900016784668,50.95000076293945,51.959999084472656,51.959999084472656,845700,USD,NMS,America/New_York,Yahoo Finance
ACIW,2026-09-10,51.83000183105469,52.18000030517578,51.25,51.970001220703125,51.970001220703125,715200,USD,NMS,America/New_York,Yahoo Finance
ACIW,2026-09-11,52.22999954223633,52.349998474121094,51.41999816894531,52.09000015258789,52.09000015258789,616900,USD,NMS,America/New_York,Yahoo Finance
ACIW,2026-09-14,53.18000030517578,53.599998474121094,52.189998626708984,52.650001525878906,52.650001525878906,667700,USD,NMS,America/New_York,Yahoo Finance
ACIW,2026-09-15,52.040000915527344,52.43000030517578,51.02000045776367,51.290000915527344,51.290000915527344,944600,USD,NMS,America/New_York,Yahoo Finance
ACIW,2026-09-16,50.630001068115234,52.02000045776367,50.459999084472656,51.58000183105469,51.58000183105469,646700,USD,NMS,America/New_York,Yahoo Finance
ACIW,2026-09-17,51.540000915527344,51.7599983215332,50.93000030517578,51.18000030517578,51.18000030517578,688600,USD,NMS,America/New_York,Yahoo Finance
ACIW,2026-09-18,51.310001373291016,51.310001373291016,50.0,50.27000045776367,50.27000045776367,1679000,USD,NMS,America/New_York,Yahoo Finance
ACIW,2026-09-21,50.27000045776367,50.63999938964844,49.56999969482422,49.59000015258789,49.59000015258789,657400,USD,NMS,America/New_York,Yahoo Finance
ACIW,2026-09-22,50.619998931884766,50.779998779296875,48.79999923706055,49.189998626708984,49.189998626708984,779900,USD,NMS,America/New_York,Yahoo Finance
ACIW,2026-09-23,49.119998931884766,49.83000183105469,48.86000061035156,49.220001220703125,49.220001220703125,537300,USD,NMS,America/New_York,Yahoo Finance
ACIW,2026-09-24,49.709999084472656,49.91999816894531,48.84000015258789,49.619998931884766,49.619998931884766,491000,USD,NMS,America/New_York,Yahoo Finance
ACIW,2026-09-25,49.599998474121094,49.97999954223633,49.439998626708984,49.5099983215332,49.5099983215332,585400,USD,NMS,America/New_York,Yahoo Finance
ACIW,2026-09-28,48.5099983215332,49.18000030517578,48.279998779296875,49.0,49.0,450300,USD,NMS,America/New_York,Yahoo Finance
ADTN,2026-08-21,7.900000095367432,7.900000095367432,7.630000114440918,7.769999980926514,7.769999980926514,1220700,USD,NMS,America/New_York,Yahoo Finance
ADTN,2026-08-24,7.599999904632568,7.730000019073486,7.460000038146973,7.710000038146973,7.710000038146973,1406700,USD,NMS,America/New_York,Yahoo Finance
ADTN,2026-08-25,7.900000095367432,8.039999961853027,7.789999961853027,8.020000457763672,8.020000457763672,1893600,USD,NMS,America/New_York,Yahoo Finance
ADTN,2026-08-26,8.0,8.050000190734863,7.860000133514404,7.909999847412109,7.909999847412109,1540000,USD,NMS,America/New_York,Yahoo Finance
ADTN,2026-08-27,7.949999809265137,8.039999961853027,7.659999847412109,7.789999961853027,7.789999961853027,1546400,USD,NMS,America/New_York,Yahoo Finance
ADTN,2026-08-28,7.75,7.840000152587891,7.579999923706055,7.71999979019165,7.71999979019165,1560500,USD,NMS,America/New_York,Yahoo Finance
ADTN,2026-08-31,7.730000019073486,7.78000020980835,7.539999961853027,7.75,7.75,1711800,USD,NMS,America/New_York,Yahoo Finance
ADTN,2026-09-01,7.659999847412109,7.699999809265137,7.440000057220459,7.46999979019165,7.46999979019165,1477300,USD,NMS,America/New_York,Yahoo Finance
ADTN,2026-09-02,7.5,7.610000133514404,7.429999828338623,7.519999980926514,7.519999980926514,1180500,USD,NMS,America/New_York,Yahoo Finance
ADTN,2026-09-03,7.53000020980835,7.53000020980835,7.119999885559082,7.150000095367432,7.150000095367432,1102200,USD,NMS,America/New_York,Yahoo Finance
ADTN,2026-09-04,7.210000038146973,7.329999923706055,7.039999961853027,7.099999904632568,7.099999904632568,1644200,USD,NMS,America/New_York,Yahoo Finance
ADTN,2026-09-08,7.179999828338623,7.639999866485596,7.119999885559082,7.579999923706055,7.579999923706055,2299200,USD,NMS,America/New_York,Yahoo Finance
ADTN,2026-09-09,7.46999979019165,7.559999942779541,7.170000076293945,7.199999809265137,7.199999809265137,1665400,USD,NMS,America/New_York,Yahoo Finance
ADTN,2026-09-10,7.070000171661377,7.389999866485596,7.019999980926514,7.179999828338623,7.179999828338623,1408200,USD,NMS,America/New_York,Yahoo Finance
ADTN,2026-09-11,7.329999923706055,7.610000133514404,7.289999961853027,7.539999961853027,7.539999961853027,1525300,USD,NMS,America/New_York,Yahoo Finance
ADTN,2026-09-14,7.349999904632568,7.389999866485596,7.019999980926514,7.039999961853027,7.039999961853027,1645800,USD,NMS,America/New_York,Yahoo Finance
ADTN,2026-09-15,7.150000095367432,7.210000038146973,7.0,7.079999923706055,7.079999923706055,1860600,USD,NMS,America/New_York,Yahoo Finance
ADTN,2026-09-16,7.190000057220459,7.320000171661377,6.960000038146973,7.090000152587891,7.090000152587891,1248700,USD,NMS,America/New_York,Yahoo Finance
ADTN,2026-09-17,7.289999961853027,7.329999923706055,7.079999923706055,7.099999904632568,7.099999904632568,1829700,USD,NMS,America/New_York,Yahoo Finance
ADTN,2026-09-18,7.210000038146973,7.25,7.099999904632568,7.199999809265137,7.199999809265137,3699800,USD,NMS,America/New_York,Yahoo Finance
ADTN,2026-09-21,7.309999942779541,7.309999942779541,7.099999904632568,7.210000038146973,7.210000038146973,1498200,USD,NMS,America/New_York,Yahoo Finance
ADTN,2026-09-22,7.179999828338623,7.340000152587891,7.090000152587891,7.289999961853027,7.289999961853027,1245300,USD,NMS,America/New_York,Yahoo Finance
ADTN,2026-09-23,7.289999961853027,7.309999942779541,7.070000171661377,7.110000133514404,7.110000133514404,994500,USD,NMS,America/New_York,Yahoo Finance
ADTN,2026-09-24,7.059999942779541,7.079999923706055,6.840000152587891,6.940000057220459,6.940000057220459,1278900,USD,NMS,America/New_York,Yahoo Finance
ADTN,2026-09-25,6.980000019073486,7.179999828338623,6.880000114440918,7.130000114440918,7.130000114440918,1602300,USD,NMS,America/New_York,Yahoo Finance
ADTN,2026-09-28,7.079999923706055,7.090000152587891,6.760000228881836,6.800000190734863,6.800000190734863,1855500,USD,NMS,America/New_York,Yahoo Finance
ADTN,2026-09-29,6.860000133514404,6.909999847412109,6.760000228881836,6.869999885559082,6.869999885559082,1161700,USD,NMS,America/New_York,Yahoo Finance
ADTN,2026-09-30,6.929999828338623,6.940000057220459,6.730000019073486,6.840000152587891,6.840000152587891,1856500,USD,NMS,America/New_York,Yahoo Finance
ADTN,2026-10-01,6.909999847412109,7.159999847412109,6.789999961853027,7.070000171661377,7.070000171661377,1863600,USD,NMS,America/New_York,Yahoo Finance
ADTN,2026-10-02,7.190000057220459,7.25,6.929999828338623,7.039999961853027,7.039999961853027,2638000,USD,NMS,America/New_York,Yahoo Finance
AEF,2026-08-21,9.4399995803833,9.4399995803833,9.3100004196167,9.390000343322754,9.147075653076172,87300,USD,ASE,America/New_York,Yahoo Finance
AEF,2026-08-24,9.3100004196167,9.319999694824219,9.199999809265137,9.270000457763672,9.030179977416992,50600,USD,ASE,America/New_York,Yahoo Finance
AEF,2026-08-25,9.350000381469727,9.649999618530273,9.350000381469727,9.649999618530273,9.400347709655762,81500,USD,ASE,America/New_York,Yahoo Finance
AEF,2026-08-26,9.59000015258789,9.619999885559082,9.5600004196167,9.5600004196167,9.312677383422852,53800,USD,ASE,America/New_York,Yahoo Finance
AEF,2026-08-27,9.680000305175781,9.729999542236328,9.420000076293945,9.430000305175781,9.186039924621582,88000,USD,ASE,America/New_York,Yahoo Finance
AEF,2026-08-28,9.609999656677246,9.680000305175781,9.449999809265137,9.489999771118164,9.244487762451172,56900,USD,ASE,America/New_York,Yahoo Finance
AEF,2026-08-31,9.449999809265137,9.600000381469727,9.449999809265137,9.550000190734863,9.302935600280762,45400,USD,ASE,America/New_York,Yahoo Finance
AEF,2026-09-01,9.520000457763672,9.600000381469727,9.479999542236328,9.600000381469727,9.351642608642578,91400,USD,ASE,America/New_York,Yahoo Finance
AEF,2026-09-02,9.550000190734863,9.619999885559082,9.5,9.600000381469727,9.351642608642578,53500,USD,ASE,America/New_York,Yahoo Finance
AEF,2026-09-03,9.600000381469727,9.649999618530273,9.579999923706055,9.640000343322754,9.390607833862305,49300,USD,ASE,America/New_York,Yahoo Finance
AEF,2026-09-04,9.699999809265137,9.899999618530273,9.670000076293945,9.829999923706055,9.575692176818848,166900,USD,ASE,America/New_York,Yahoo Finance
AEF,2026-09-08,9.90999984741211,9.989999771118164,9.899999618530273,9.979999542236328,9.721810340881348,93100,USD,ASE,America/New_York,Yahoo Finance
AEF,2026-09-09,9.960000038146973,10.069999694824219,9.960000038146973,10.050000190734863,9.790000915527344,141200,USD,ASE,America/New_York,Yahoo Finance
AEF,2026-09-10,9.90999984741211,9.970000267028809,9.800000190734863,9.800000190734863,9.546467781066895,65800,USD,ASE,America/New_York,Yahoo Finance
AEF,2026-09-11,10.029999732971191,10.029999732971191,9.84000015258789,9.920000076293945,9.663363456726074,52200,USD,ASE,America/New_York,Yahoo Finance
AEF,2026-09-14,9.729999542236328,9.729999542236328,9.5,9.6899995803833,9.439312934875488,120300,USD,ASE,America/New_York,Yahoo Finance
AEF,2026-09-15,9.65999984741211,9.65999984741211,9.489999771118164,9.489999771118164,9.244487762451172,86500,USD,ASE,America/New_York,Yahoo Finance
AEF,2026-09-16,9.680000305175781,9.710000038146973,9.5,9.510000228881836,9.263970375061035,81900,USD,ASE,America/New_York,Yahoo Finance
AEF,2026-09-17,9.649999618530273,9.859999656677246,9.609999656677246,9.739999771118164,9.488019943237305,212500,USD,ASE,America/New_York,Yahoo Finance
AEF,2026-09-18,9.8100004196167,9.8100004196167,9.680000305175781,9.789999961853027,9.536726951599121,88200,USD,ASE,America/New_York,Yahoo Finance
AEF,2026-09-21,9.979999542236328,10.0600004196167,9.970000267028809,10.050000190734863,9.790000915527344,208000,USD,ASE,America/New_York,Yahoo Finance
AEF,2026-09-22,9.779999732971191,9.880000114440918,9.779999732971191,9.829999923706055,9.829999923706055,117500,USD,ASE,America/New_York,Yahoo Finance
AEF,2026-09-23,9.789999961853027,9.890000343322754,9.569999694824219,9.59000015258789,9.59000015258789,66300,USD,ASE,America/New_York,Yahoo Finance
AEF,2026-09-24,9.630000114440918,9.649999618530273,9.5,9.59000015258789,9.59000015258789,50300,USD,ASE,America/New_York,Yahoo Finance
AEF,2026-09-25,9.680000305175781,9.739999771118164,9.65999984741211,9.739999771118164,9.739999771118164,140800,USD,ASE,America/New_York,Yahoo Finance
AEF,2026-09-28,9.65999984741211,9.65999984741211,9.34000015258789,9.489999771118164,9.489999771118164,103400,USD,ASE,America/New_York,Yahoo Finance
AEF,2026-09-29,9.520000457763672,9.609999656677246,9.520000457763672,9.5600004196167,9.5600004196167,103300,USD,ASE,America/New_York,Yahoo Finance
AEF,2026-09-30,9.619999885559082,9.630000114440918,9.420000076293945,9.449999809265137,9.449999809265137,163000,USD,ASE,America/New_York,Yahoo Finance
AEF,2026-10-01,9.489999771118164,9.529999732971191,9.210000038146973,9.34000015258789,9.34000015258789,123200,USD,ASE,America/New_York,Yahoo Finance
AEF,2026-10-02,9.529999732971191,9.600000381469727,9.449999809265137,9.600000381469727,9.600000381469727,79300,USD,ASE,America/New_York,Yahoo Finance
AESI,2026-08-17,12.640000343322754,13.069999694824219,12.574999809265137,12.819999694824219,12.819999694824219,3762000,USD,NYQ,America/New_York,Yahoo Finance
AESI,2026-08-18,12.770000457763672,12.989999771118164,12.380000114440918,12.649999618530273,12.649999618530273,2057500,USD,NYQ,America/New_York,Yahoo Finance
AESI,2026-08-19,12.869999885559082,13.149999618530273,12.510000228881836,13.029999732971191,13.029999732971191,3410900,USD,NYQ,America/New_York,Yahoo Finance
AESI,2026-08-20,13.15999984741211,13.6899995803833,12.694999694824219,12.989999771118164,12.989999771118164,4888000,USD,NYQ,America/New_York,Yahoo Finance
AESI,2026-08-21,13.100000381469727,13.100000381469727,12.34000015258789,12.579999923706055,12.579999923706055,3646100,USD,NYQ,America/New_York,Yahoo Finance
AESI,2026-08-24,12.430000305175781,12.479999542236328,11.829999923706055,11.899999618530273,11.899999618530273,2677800,USD,NYQ,America/New_York,Yahoo Finance
AESI,2026-08-25,11.899999618530273,12.609999656677246,11.835000038146973,12.020000457763672,12.020000457763672,2294900,USD,NYQ,America/New_York,Yahoo Finance
AESI,2026-08-26,11.90999984741211,12.295000076293945,11.770000457763672,12.069999694824219,12.069999694824219,2414400,USD,NYQ,America/New_York,Yahoo Finance
AESI,2026-08-27,12.170000076293945,13.119999885559082,12.069999694824219,13.0,13.0,2220500,USD,NYQ,America/New_York,Yahoo Finance
AESI,2026-08-28,12.930000305175781,13.119999885559082,12.770000457763672,12.850000381469727,12.850000381469727,1477100,USD,NYQ,America/New_York,Yahoo Finance
AESI,2026-08-31,13.180000305175781,13.470000267028809,12.984999656677246,13.100000381469727,13.100000381469727,2428700,USD,NYQ,America/New_York,Yahoo Finance
AESI,2026-09-01,13.0600004196167,13.430000305175781,12.619999885559082,12.680000305175781,12.680000305175781,2626100,USD,NYQ,America/New_York,Yahoo Finance
AESI,2026-09-02,12.6899995803833,13.079999923706055,12.300000190734863,13.029999732971191,13.029999732971191,4867500,USD,NYQ,America/New_York,Yahoo Finance
AESI,2026-09-03,12.949999809265137,13.34000015258789,12.795000076293945,13.170000076293945,13.170000076293945,2615000,USD,NYQ,America/New_York,Yahoo Finance
AESI,2026-09-04,13.119999885559082,13.5600004196167,12.970000267028809,13.460000038146973,13.460000038146973,4157000,USD,NYQ,America/New_York,Yahoo Finance
AESI,2026-09-08,13.819999694824219,14.420000076293945,13.670000076293945,13.989999771118164,13.989999771118164,3236100,USD,NYQ,America/New_York,Yahoo Finance
AESI,2026-09-09,14.1899995803833,14.609999656677246,13.729999542236328,14.579999923706055,14.579999923706055,3578500,USD,NYQ,America/New_York,Yahoo Finance
AESI,2026-09-10,14.720000267028809,14.720000267028809,13.824999809265137,13.869999885559082,13.869999885559082,3506500,USD,NYQ,America/New_York,Yahoo Finance
AESI,2026-09-11,14.0,14.404999732971191,13.800000190734863,14.15999984741211,14.15999984741211,2304900,USD,NYQ,America/New_York,Yahoo Finance
AESI,2026-09-14,13.65999984741211,13.65999984741211,12.829999923706055,13.140000343322754,13.140000343322754,3302300,USD,NYQ,America/New_York,Yahoo Finance
AESI,2026-09-15,13.260000228881836,13.864999771118164,13.15999984741211,13.630000114440918,13.630000114440918,2919900,USD,NYQ,America/New_York,Yahoo Finance
AESI,2026-09-16,13.699999809265137,13.949999809265137,13.229999542236328,13.569999694824219,13.569999694824219,2926300,USD,NYQ,America/New_York,Yahoo Finance
AESI,2026-09-17,13.649999618530273,14.140000343322754,13.364999771118164,13.420000076293945,13.420000076293945,1825000,USD,NYQ,America/New_York,Yahoo Finance
AESI,2026-09-18,13.520000457763672,13.65999984741211,13.335000038146973,13.550000190734863,13.550000190734863,2275700,USD,NYQ,America/New_York,Yahoo Finance
AESI,2026-09-21,13.539999961853027,13.680000305175781,12.869999885559082,13.270000457763672,13.270000457763672,2405800,USD,NYQ,America/New_York,Yahoo Finance
AESI,2026-09-22,12.9399995803833,13.050000190734863,11.90999984741211,12.0,12.0,3945100,USD,NYQ,America/New_York,Yahoo Finance
AESI,2026-09-23,11.890000343322754,11.899999618530273,11.460000038146973,11.520000457763672,11.520000457763672,3630800,USD,NYQ,America/New_York,Yahoo Finance
AESI,2026-09-24,11.470000267028809,11.520000457763672,10.970000267028809,10.989999771118164,10.989999771118164,4418300,USD,NYQ,America/New_York,Yahoo Finance
AESI,2026-09-25,12.300000190734863,13.34000015258789,12.25,12.470000267028809,12.470000267028809,12169000,USD,NYQ,America/New_York,Yahoo Finance
AESI,2026-09-28,12.75,12.890000343322754,12.125,12.300000190734863,12.300000190734863,4824100,USD,NYQ,America/New_York,Yahoo Finance
AIFC,2026-08-21,0.6499999761581421,0.7200000286102295,0.6399999856948853,0.6800000071525574,0.6800000071525574,2254100,USD,NCM,America/New_York,Yahoo Finance
AIFC,2026-08-24,0.6899999976158142,0.699999988079071,0.6399999856948853,0.6600000262260437,0.6600000262260437,740200,USD,NCM,America/New_York,Yahoo Finance
AIFC,2026-08-25,0.6600000262260437,0.6800000071525574,0.6299999952316284,0.6399999856948853,0.6399999856948853,1063600,USD,NCM,America/New_York,Yahoo Finance
AIFC,2026-08-26,0.6200000047683716,0.6399999856948853,0.5799999833106995,0.5899999737739563,0.5899999737739563,687000,USD,NCM,America/New_York,Yahoo Finance
AIFC,2026-08-27,0.6000000238418579,0.6200000047683716,0.5899999737739563,0.6000000238418579,0.6000000238418579,579900,USD,NCM,America/New_York,Yahoo Finance
AIFC,2026-08-28,0.6000000238418579,0.6100000143051147,0.5600000023841858,0.5899999737739563,0.5899999737739563,518900,USD,NCM,America/New_York,Yahoo Finance
AIFC,2026-08-31,0.5799999833106995,0.5899999737739563,0.5400000214576721,0.550000011920929,0.550000011920929,746500,USD,NCM,America/New_York,Yahoo Finance
AIFC,2026-09-01,0.5400000214576721,0.5600000023841858,0.5299999713897705,0.5400000214576721,0.5400000214576721,475000,USD,NCM,America/New_York,Yahoo Finance
AIFC,2026-09-02,0.5299999713897705,0.5400000214576721,0.5099999904632568,0.5299999713897705,0.5299999713897705,536900,USD,NCM,America/New_York,Yahoo Finance
AIFC,2026-09-03,0.5400000214576721,0.5799999833106995,0.5299999713897705,0.5699999928474426,0.5699999928474426,815800,USD,NCM,America/New_York,Yahoo Finance
AIFC,2026-09-04,0.550000011920929,0.5899999737739563,0.5400000214576721,0.5600000023841858,0.5600000023841858,673800,USD,NCM,America/New_York,Yahoo Finance
AIFC,2026-09-08,0.550000011920929,0.5600000023841858,0.5199999809265137,0.5199999809265137,0.5199999809265137,562300,USD,NCM,America/New_York,Yahoo Finance
AIFC,2026-09-09,0.5099999904632568,0.5299999713897705,0.5,0.5099999904632568,0.5099999904632568,456900,USD,NCM,America/New_York,Yahoo Finance
AIFC,2026-09-10,0.5,0.5199999809265137,0.5,0.5099999904632568,0.5099999904632568,317800,USD,NCM,America/New_York,Yahoo Finance
AIFC,2026-09-11,0.5,0.5299999713897705,0.5,0.5099999904632568,0.5099999904632568,457900,USD,NCM,America/New_York,Yahoo Finance
AIFC,2026-09-14,0.5,0.5299999713897705,0.5,0.5199999809265137,0.5199999809265137,316600,USD,NCM,America/New_York,Yahoo Finance
AIFC,2026-09-15,0.5299999713897705,0.5400000214576721,0.5099999904632568,0.5199999809265137,0.5199999809265137,378600,USD,NCM,America/New_York,Yahoo Finance
AIFC,2026-09-16,0.5099999904632568,0.5299999713897705,0.49000000953674316,0.49000000953674316,0.49000000953674316,691100,USD,NCM,America/New_York,Yahoo Finance
AIFC,2026-09-17,0.5099999904632568,0.5299999713897705,0.49000000953674316,0.5199999809265137,0.5199999809265137,607500,USD,NCM,America/New_York,Yahoo Finance
AIFC,2026-09-18,0.5400000214576721,0.550000011920929,0.5099999904632568,0.5099999904632568,0.5099999904632568,1279800,USD,NCM,America/New_York,Yahoo Finance
AIFC,2026-09-21,0.5400000214576721,0.5400000214576721,0.4699999988079071,0.47999998927116394,0.47999998927116394,1332900,USD,NCM,America/New_York,Yahoo Finance
AIFC,2026-09-22,0.46000000834465027,0.5199999809265137,0.46000000834465027,0.5099999904632568,0.5099999904632568,728500,USD,NCM,America/New_York,Yahoo Finance
AIFC,2026-09-23,0.5199999809265137,0.5600000023841858,0.5,0.550000011920929,0.550000011920929,1008500,USD,NCM,America/New_York,Yahoo Finance
AIFC,2026-09-24,0.5299999713897705,0.5699999928474426,0.5199999809265137,0.5400000214576721,0.5400000214576721,878400,USD,NCM,America/New_York,Yahoo Finance
AIFC,2026-09-25,0.5600000023841858,0.5600000023841858,0.5099999904632568,0.5199999809265137,0.5199999809265137,454400,USD,NCM,America/New_York,Yahoo Finance
AIFC,2026-09-28,0.5199999809265137,0.5199999809265137,0.5,0.5099999904632568,0.5099999904632568,384700,USD,NCM,America/New_York,Yahoo Finance
AIFC,2026-09-29,0.5,0.5,0.47999998927116394,0.47999998927116394,0.47999998927116394,562300,USD,NCM,America/New_York,Yahoo Finance
AIFC,2026-09-30,0.4699999988079071,0.5,0.4699999988079071,0.47999998927116394,0.47999998927116394,840700,USD,NCM,America/New_York,Yahoo Finance
AIFC,2026-10-01,0.47999998927116394,0.5099999904632568,0.47999998927116394,0.5,0.5,530500,USD,NCM,America/New_York,Yahoo Finance
AIFC,2026-10-02,0.5199999809265137,0.5199999809265137,0.5,0.5,0.5,827800,USD,NCM,America/New_York,Yahoo Finance
AIOT,2026-08-21,3.059999942779541,3.0799999237060547,2.950000047683716,3.0399999618530273,3.0399999618530273,1561800,USD,NGM,America/New_York,Yahoo Finance
AIOT,2026-08-24,3.049999952316284,3.109999895095825,2.9800000190734863,3.009999990463257,3.009999990463257,1317200,USD,NGM,America/New_York,Yahoo Finance
AIOT,2026-08-25,3.0199999809265137,3.0199999809265137,2.930000066757202,2.940000057220459,2.940000057220459,1445200,USD,NGM,America/New_York,Yahoo Finance
AIOT,2026-08-26,2.940000057220459,3.0399999618530273,2.9200000762939453,3.009999990463257,3.009999990463257,2115600,USD,NGM,America/New_York,Yahoo Finance
AIOT,2026-08-27,3.0399999618530273,3.140000104904175,2.990000009536743,3.0,3.0,919800,USD,NGM,America/New_York,Yahoo Finance
AIOT,2026-08-28,3.0,3.0799999237060547,2.990000009536743,3.049999952316284,3.049999952316284,1632200,USD,NGM,America/New_York,Yahoo Finance
AIOT,2026-08-31,3.0199999809265137,3.059999942779541,2.9700000286102295,3.0,3.0,1435700,USD,NGM,America/New_York,Yahoo Finance
AIOT,2026-09-01,2.990000009536743,3.0,2.9100000858306885,2.930000066757202,2.930000066757202,2007300,USD,NGM,America/New_York,Yahoo Finance
AIOT,2026-09-02,2.9700000286102295,3.0399999618530273,2.950000047683716,3.0,3.0,897100,USD,NGM,America/New_York,Yahoo Finance
AIOT,2026-09-03,3.0299999713897705,3.049999952316284,2.9800000190734863,3.0399999618530273,3.0399999618530273,1066400,USD,NGM,America/New_York,Yahoo Finance
AIOT,2026-09-04,2.990000009536743,3.059999942779541,2.990000009536743,3.0199999809265137,3.0199999809265137,600500,USD,NGM,America/New_York,Yahoo Finance
AIOT,2026-09-08,2.990000009536743,3.0199999809265137,2.930000066757202,2.9600000381469727,2.9600000381469727,1293600,USD,NGM,America/New_York,Yahoo Finance
AIOT,2026-09-09,2.9700000286102295,3.009999990463257,2.950000047683716,2.9700000286102295,2.9700000286102295,1508600,USD,NGM,America/New_York,Yahoo Finance
AIOT,2026-09-10,2.9600000381469727,2.9800000190734863,2.9200000762939453,2.950000047683716,2.950000047683716,1302200,USD,NGM,America/New_York,Yahoo Finance
AIOT,2026-09-11,3.0,3.0299999713897705,2.9700000286102295,3.0,3.0,820100,USD,NGM,America/New_York,Yahoo Finance
AIOT,2026-09-14,2.9800000190734863,3.0899999141693115,2.9800000190734863,3.049999952316284,3.049999952316284,1221900,USD,NGM,America/New_York,Yahoo Finance
AIOT,2026-09-15,3.0,3.0799999237060547,2.990000009536743,3.009999990463257,3.009999990463257,1065900,USD,NGM,America/New_York,Yahoo Finance
AIOT,2026-09-16,3.0199999809265137,3.059999942779541,2.990000009536743,3.0299999713897705,3.0299999713897705,1113300,USD,NGM,America/New_York,Yahoo Finance
AIOT,2026-09-17,3.0799999237060547,3.0799999237060547,2.9700000286102295,2.9700000286102295,2.9700000286102295,1585000,USD,NGM,America/New_York,Yahoo Finance
AIOT,2026-09-18,2.9700000286102295,2.9800000190734863,2.869999885559082,2.880000114440918,2.880000114440918,2338400,USD,NGM,America/New_York,Yahoo Finance
AIOT,2026-09-21,2.9000000953674316,2.930000066757202,2.819999933242798,2.8499999046325684,2.8499999046325684,1873500,USD,NGM,America/New_York,Yahoo Finance
AIOT,2026-09-22,2.890000104904175,2.990000009536743,2.859999895095825,2.9800000190734863,2.9800000190734863,1341700,USD,NGM,America/New_York,Yahoo Finance
AIOT,2026-09-23,2.9800000190734863,3.0299999713897705,2.890000104904175,2.9000000953674316,2.9000000953674316,1285300,USD,NGM,America/New_York,Yahoo Finance
AIOT,2026-09-24,2.880000114440918,2.890000104904175,2.799999952316284,2.8299999237060547,2.8299999237060547,1174700,USD,NGM,America/New_York,Yahoo Finance
AIOT,2026-09-25,2.869999885559082,2.869999885559082,2.799999952316284,2.799999952316284,2.799999952316284,1691100,USD,NGM,America/New_York,Yahoo Finance
AIOT,2026-09-28,2.819999933242798,2.819999933242798,2.549999952316284,2.619999885559082,2.619999885559082,2587800,USD,NGM,America/New_York,Yahoo Finance
AIOT,2026-09-29,2.640000104904175,2.7699999809265137,2.5899999141693115,2.75,2.75,3393400,USD,NGM,America/New_York,Yahoo Finance
AIOT,2026-09-30,2.7899999618530273,2.869999885559082,2.75,2.8399999141693115,2.8399999141693115,2972800,USD,NGM,America/New_York,Yahoo Finance
AIOT,2026-10-01,2.8399999141693115,2.869999885559082,2.7699999809265137,2.799999952316284,2.799999952316284,1457700,USD,NGM,America/New_York,Yahoo Finance
AIOT,2026-10-02,2.8499999046325684,2.890000104904175,2.7899999618530273,2.809999942779541,2.809999942779541,1596700,USD,NGM,America/New_York,Yahoo Finance
ALDX,2026-08-21,1.5,1.5950000286102295,1.475000023841858,1.5199999809265137,1.5199999809265137,1098700,USD,NCM,America/New_York,Yahoo Finance
ALDX,2026-08-24,1.5299999713897705,1.5449999570846558,1.4600000381469727,1.5199999809265137,1.5199999809265137,531900,USD,NCM,America/New_York,Yahoo Finance
ALDX,2026-08-25,1.5199999809265137,1.559999942779541,1.5,1.5499999523162842,1.5499999523162842,447000,USD,NCM,America/New_York,Yahoo Finance
ALDX,2026-08-26,1.5399999618530273,1.5750000476837158,1.5199999809265137,1.559999942779541,1.559999942779541,478400,USD,NCM,America/New_York,Yahoo Finance
ALDX,2026-08-27,1.5700000524520874,1.5809999704360962,1.524999976158142,1.5399999618530273,1.5399999618530273,277000,USD,NCM,America/New_York,Yahoo Finance
ALDX,2026-08-28,1.5199999809265137,1.559999942779541,1.4800000190734863,1.4850000143051147,1.4850000143051147,548000,USD,NCM,America/New_York,Yahoo Finance
ALDX,2026-08-31,1.5099999904632568,1.5099999904632568,1.465000033378601,1.4800000190734863,1.4800000190734863,495100,USD,NCM,America/New_York,Yahoo Finance
ALDX,2026-09-01,1.4600000381469727,1.5,1.4550000429153442,1.4900000095367432,1.4900000095367432,461700,USD,NCM,America/New_York,Yahoo Finance
ALDX,2026-09-02,1.5099999904632568,1.5399999618530273,1.4600000381469727,1.4900000095367432,1.4900000095367432,498200,USD,NCM,America/New_York,Yahoo Finance
ALDX,2026-09-03,1.4800000190734863,1.5110000371932983,1.4600000381469727,1.4800000190734863,1.4800000190734863,568900,USD,NCM,America/New_York,Yahoo Finance
ALDX,2026-09-04,1.4700000286102295,1.4900000095367432,1.4600000381469727,1.4800000190734863,1.4800000190734863,483900,USD,NCM,America/New_York,Yahoo Finance
ALDX,2026-09-08,1.4700000286102295,1.5499999523162842,1.4700000286102295,1.5399999618530273,1.5399999618530273,720600,USD,NCM,America/New_York,Yahoo Finance
ALDX,2026-09-09,1.5299999713897705,1.534999966621399,1.4950000047683716,1.5,1.5,544000,USD,NCM,America/New_York,Yahoo Finance
ALDX,2026-09-10,1.4800000190734863,1.5049999952316284,1.4600000381469727,1.4600000381469727,1.4600000381469727,552100,USD,NCM,America/New_York,Yahoo Finance
ALDX,2026-09-11,1.4800000190734863,1.4800000190734863,1.3300000429153442,1.340000033378601,1.340000033378601,1565400,USD,NCM,America/New_York,Yahoo Finance
ALDX,2026-09-14,1.350000023841858,1.4900000095367432,1.3480000495910645,1.4600000381469727,1.4600000381469727,1167300,USD,NCM,America/New_York,Yahoo Finance
ALDX,2026-09-15,1.4500000476837158,1.4500000476837158,1.3450000286102295,1.3700000047683716,1.3700000047683716,833000,USD,NCM,America/New_York,Yahoo Finance
ALDX,2026-09-16,1.3799999952316284,1.399999976158142,1.3550000190734863,1.3700000047683716,1.3700000047683716,791900,USD,NCM,America/New_York,Yahoo Finance
ALDX,2026-09-17,1.3899999856948853,1.434999942779541,1.3700000047683716,1.3799999952316284,1.3799999952316284,394900,USD,NCM,America/New_York,Yahoo Finance
ALDX,2026-09-18,1.399999976158142,1.399999976158142,1.3450000286102295,1.3600000143051147,1.3600000143051147,366900,USD,NCM,America/New_York,Yahoo Finance
ALDX,2026-09-21,1.3700000047683716,1.3899999856948853,1.3200000524520874,1.350000023841858,1.350000023841858,494800,USD,NCM,America/New_York,Yahoo Finance
ALDX,2026-09-22,1.3700000047683716,1.399999976158142,1.3509999513626099,1.3949999809265137,1.3949999809265137,428600,USD,NCM,America/New_York,Yahoo Finance
ALDX,2026-09-23,1.399999976158142,1.399999976158142,1.3300000429153442,1.350000023841858,1.350000023841858,630100,USD,NCM,America/New_York,Yahoo Finance
ALDX,2026-09-24,1.350000023841858,1.350000023841858,1.2200000286102295,1.2200000286102295,1.2200000286102295,835100,USD,NCM,America/New_York,Yahoo Finance
ALDX,2026-09-25,1.2300000190734863,1.2799999713897705,1.1950000524520874,1.2050000429153442,1.2050000429153442,644700,USD,NCM,America/New_York,Yahoo Finance
ALDX,2026-09-28,1.1799999475479126,1.2200000286102295,1.149999976158142,1.159999966621399,1.159999966621399,1019700,USD,NCM,America/New_York,Yahoo Finance
ALDX,2026-09-29,1.1699999570846558,1.440000057220459,1.159999966621399,1.3200000524520874,1.3200000524520874,5448800,USD,NCM,America/New_York,Yahoo Finance
ALDX,2026-09-30,1.340000033378601,1.350000023841858,1.2200000286102295,1.2300000190734863,1.2300000190734863,1650600,USD,NCM,America/New_York,Yahoo Finance
ALDX,2026-10-01,1.2599999904632568,1.3049999475479126,1.1950000524520874,1.2899999618530273,1.2899999618530273,1211300,USD,NCM,America/New_York,Yahoo Finance
ALDX,2026-10-02,1.309999942779541,1.309999942779541,1.149999976158142,1.1699999570846558,1.1699999570846558,2269900,USD,NCM,America/New_York,Yahoo Finance
ALH,2026-08-17,24.100000381469727,25.049999237060547,23.829999923706055,24.790000915527344,24.790000915527344,1172200,USD,NYQ,America/New_York,Yahoo Finance
ALH,2026-08-18,24.530000686645508,24.559999465942383,23.889999389648438,24.0,24.0,3100800,USD,NYQ,America/New_York,Yahoo Finance
ALH,2026-08-19,24.549999237060547,24.649999618530273,23.479999542236328,23.940000534057617,23.940000534057617,11597400,USD,NYQ,America/New_York,Yahoo Finance
ALH,2026-08-20,23.719999313354492,23.739999771118164,22.829999923706055,23.18000030517578,23.18000030517578,3714800,USD,NYQ,America/New_York,Yahoo Finance
ALH,2026-08-21,23.329999923706055,23.729999542236328,23.25,23.469999313354492,23.469999313354492,2556800,USD,NYQ,America/New_York,Yahoo Finance
ALH,2026-08-24,23.65999984741211,24.100000381469727,23.5,23.84000015258789,23.84000015258789,4898600,USD,NYQ,America/New_York,Yahoo Finance
ALH,2026-08-25,24.15999984741211,24.15999984741211,23.399999618530273,23.850000381469727,23.850000381469727,1754700,USD,NYQ,America/New_York,Yahoo Finance
ALH,2026-08-26,24.0,24.149999618530273,23.600000381469727,23.959999084472656,23.959999084472656,2327800,USD,NYQ,America/New_York,Yahoo Finance
ALH,2026-08-27,23.8799991607666,23.959999084472656,23.239999771118164,23.239999771118164,23.239999771118164,921600,USD,NYQ,America/New_York,Yahoo Finance
ALH,2026-08-28,23.270000457763672,23.489999771118164,23.030000686645508,23.229999542236328,23.229999542236328,964800,USD,NYQ,America/New_York,Yahoo Finance
ALH,2026-08-31,23.059999465942383,23.170000076293945,22.549999237060547,22.90999984741211,22.90999984741211,1204400,USD,NYQ,America/New_York,Yahoo Finance
ALH,2026-09-01,22.739999771118164,23.3700008392334,22.110000610351562,22.260000228881836,22.260000228881836,1223200,USD,NYQ,America/New_York,Yahoo Finance
ALH,2026-09-02,22.479999542236328,22.940000534057617,22.059999465942383,22.440000534057617,22.440000534057617,921600,USD,NYQ,America/New_York,Yahoo Finance
ALH,2026-09-03,22.729999542236328,22.729999542236328,22.100000381469727,22.68000030517578,22.68000030517578,909200,USD,NYQ,America/New_York,Yahoo Finance
ALH,2026-09-04,22.729999542236328,22.889999389648438,22.40999984741211,22.729999542236328,22.729999542236328,537000,USD,NYQ,America/New_York,Yahoo Finance
ALH,2026-09-08,22.65999984741211,22.709999084472656,22.0,22.229999542236328,22.229999542236328,749300,USD,NYQ,America/New_York,Yahoo Finance
ALH,2026-09-09,22.0,22.229999542236328,21.639999389648438,21.75,21.75,751200,USD,NYQ,America/New_York,Yahoo Finance
ALH,2026-09-10,21.520000457763672,21.670000076293945,20.940000534057617,21.139999389648438,21.139999389648438,805500,USD,NYQ,America/New_York,Yahoo Finance
ALH,2026-09-11,21.5,21.790000915527344,21.18000030517578,21.610000610351562,21.610000610351562,1174200,USD,NYQ,America/New_York,Yahoo Finance
ALH,2026-09-14,21.229999542236328,21.280000686645508,21.020000457763672,21.270000457763672,21.270000457763672,892800,USD,NYQ,America/New_York,Yahoo Finance
ALH,2026-09-15,21.360000610351562,21.420000076293945,20.850000381469727,21.100000381469727,21.100000381469727,1003200,USD,NYQ,America/New_York,Yahoo Finance
ALH,2026-09-16,21.290000915527344,21.8799991607666,21.209999084472656,21.549999237060547,21.549999237060547,1042200,USD,NYQ,America/New_York,Yahoo Finance
ALH,2026-09-17,22.020000457763672,22.020000457763672,21.459999084472656,21.489999771118164,21.489999771118164,1100900,USD,NYQ,America/New_York,Yahoo Finance
ALH,2026-09-18,21.639999389648438,21.65999984741211,21.290000915527344,21.579999923706055,21.579999923706055,1311300,USD,NYQ,America/New_York,Yahoo Finance
ALH,2026-09-21,21.799999237060547,21.969999313354492,21.389999389648438,21.65999984741211,21.65999984741211,787900,USD,NYQ,America/New_York,Yahoo Finance
ALH,2026-09-22,22.049999237060547,22.229999542236328,21.469999313354492,21.59000015258789,21.59000015258789,818800,USD,NYQ,America/New_York,Yahoo Finance
ALH,2026-09-23,21.420000076293945,21.639999389648438,21.06999969482422,21.06999969482422,21.06999969482422,820500,USD,NYQ,America/New_York,Yahoo Finance
ALH,2026-09-24,20.780000686645508,21.43000030517578,20.719999313354492,21.3700008392334,21.3700008392334,1319000,USD,NYQ,America/New_York,Yahoo Finance
ALH,2026-09-25,21.399999618530273,21.90999984741211,21.399999618530273,21.860000610351562,21.860000610351562,1514800,USD,NYQ,America/New_York,Yahoo Finance
ALH,2026-09-28,21.760000228881836,21.90999984741211,21.399999618530273,21.8700008392334,21.8700008392334,1272100,USD,NYQ,America/New_York,Yahoo Finance
ALL-PH,2026-08-14,19.059999465942383,19.14900016784668,18.989999771118164,19.040000915527344,19.040000915527344,93127,USD,NYQ,America/New_York,Yahoo Finance
ALL-PH,2026-08-17,19.09000015258789,19.139999389648438,18.809999465942383,18.84000015258789,18.84000015258789,139608,USD,NYQ,America/New_York,Yahoo Finance
ALL-PH,2026-08-18,18.780000686645508,19.139999389648438,18.559999465942383,18.68000030517578,18.68000030517578,166707,USD,NYQ,America/New_York,Yahoo Finance
ALL-PH,2026-08-19,18.790000915527344,18.93000030517578,18.703699111938477,18.899999618530273,18.899999618530273,178525,USD,NYQ,America/New_York,Yahoo Finance
ALL-PH,2026-08-20,18.829999923706055,18.969999313354492,18.682600021362305,18.8799991607666,18.8799991607666,114440,USD,NYQ,America/New_York,Yahoo Finance
ALL-PH,2026-08-21,18.790000915527344,18.93000030517578,18.681100845336914,18.75,18.75,119510,USD,NYQ,America/New_York,Yahoo Finance
ALL-PH,2026-08-24,18.8799991607666,19.02429962158203,18.719999313354492,18.780000686645508,18.780000686645508,92226,USD,NYQ,America/New_York,Yahoo Finance
ALL-PH,2026-08-25,18.84000015258789,18.989999771118164,18.809999465942383,18.860000610351562,18.860000610351562,93374,USD,NYQ,America/New_York,Yahoo Finance
ALL-PH,2026-08-26,18.809999465942383,18.99799919128418,18.725000381469727,18.770000457763672,18.770000457763672,97561,USD,NYQ,America/New_York,Yahoo Finance
ALL-PH,2026-08-27,18.770000457763672,18.889999389648438,18.7450008392334,18.780000686645508,18.780000686645508,166143,USD,NYQ,America/New_York,Yahoo Finance
ALL-PH,2026-08-28,18.760000228881836,18.941600799560547,18.75,18.75,18.75,97159,USD,NYQ,America/New_York,Yahoo Finance
ALL-PH,2026-08-31,18.68000030517578,18.790000915527344,18.549999237060547,18.6299991607666,18.6299991607666,82685,USD,NYQ,America/New_York,Yahoo Finance
ALL-PH,2026-09-01,18.610000610351562,18.731599807739258,18.520000457763672,18.600000381469727,18.600000381469727,88701,USD,NYQ,America/New_York,Yahoo Finance
ALL-PH,2026-09-02,18.65999984741211,18.760000228881836,18.559999465942383,18.719999313354492,18.719999313354492,159409,USD,NYQ,America/New_York,Yahoo Finance
ALL-PH,2026-09-03,18.719999313354492,18.75,18.600000381469727,18.709999084472656,18.709999084472656,104623,USD,NYQ,America/New_York,Yahoo Finance
ALL-PH,2026-09-04,18.739999771118164,18.790000915527344,18.579999923706055,18.579999923706055,18.579999923706055,88071,USD,NYQ,America/New_York,Yahoo Finance
ALL-PH,2026-09-08,18.579999923706055,18.729999542236328,18.540000915527344,18.540000915527344,18.540000915527344,106706,USD,NYQ,America/New_York,Yahoo Finance
ALL-PH,2026-09-09,18.549999237060547,18.649999618530273,18.433900833129883,18.579999923706055,18.579999923706055,102911,USD,NYQ,America/New_York,Yahoo Finance
ALL-PH,2026-09-10,18.350000381469727,18.625,18.274999618530273,18.40999984741211,18.40999984741211,172625,USD,NYQ,America/New_York,Yahoo Finance
ALL-PH,2026-09-11,18.43000030517578,18.670000076293945,18.329999923706055,18.479999542236328,18.479999542236328,110286,USD,NYQ,America/New_York,Yahoo Finance
ALL-PH,2026-09-14,18.260000228881836,18.700000762939453,18.260000228881836,18.510000228881836,18.510000228881836,191645,USD,NYQ,America/New_York,Yahoo Finance
ALL-PH,2026-09-15,18.489999771118164,18.643999099731445,18.030000686645508,18.40999984741211,18.40999984741211,382330,USD,NYQ,America/New_York,Yahoo Finance
ALL-PH,2026-09-16,18.5,18.760000228881836,18.469999313354492,18.649999618530273,18.649999618530273,172416,USD,NYQ,America/New_York,Yahoo Finance
ALL-PH,2026-09-17,18.719999313354492,18.864999771118164,18.610000610351562,18.670000076293945,18.670000076293945,114125,USD,NYQ,America/New_York,Yahoo Finance
ALL-PH,2026-09-18,18.56999969482422,18.700000762939453,18.559999465942383,18.649999618530273,18.649999618530273,117770,USD,NYQ,America/New_York,Yahoo Finance
ALL-PH,2026-09-21,18.68000030517578,18.799999237060547,18.649999618530273,18.780000686645508,18.780000686645508,119961,USD,NYQ,America/New_York,Yahoo Finance
ALL-PH,2026-09-22,18.75,18.780000686645508,18.600000381469727,18.639999389648438,18.639999389648438,152878,USD,NYQ,America/New_York,Yahoo Finance
ALL-PH,2026-09-23,18.600000381469727,18.65074920654297,18.209999084472656,18.459999084472656,18.459999084472656,187323,USD,NYQ,America/New_York,Yahoo Finance
ALL-PH,2026-09-24,18.280000686645508,18.59000015258789,18.25,18.540000915527344,18.540000915527344,177883,USD,NYQ,America/New_York,Yahoo Finance
ALL-PH,2026-09-25,18.56999969482422,18.56999969482422,18.25,18.479999542236328,18.479999542236328,133330,USD,NYQ,America/New_York,Yahoo Finance
ALLO,2026-08-21,2.119999885559082,2.1500000953674316,2.059999942779541,2.0899999141693115,2.0899999141693115,4367500,USD,NMS,America/New_York,Yahoo Finance
ALLO,2026-08-24,2.109999895095825,2.109999895095825,2.0,2.0299999713897705,2.0299999713897705,4756000,USD,NMS,America/New_York,Yahoo Finance
ALLO,2026-08-25,2.049999952316284,2.2100000381469727,2.049999952316284,2.1700000762939453,2.1700000762939453,6156600,USD,NMS,America/New_York,Yahoo Finance
ALLO,2026-08-26,2.1700000762939453,2.180000066757202,2.0299999713897705,2.0399999618530273,2.0399999618530273,5013600,USD,NMS,America/New_York,Yahoo Finance
ALLO,2026-08-27,2.0399999618530273,2.140000104904175,2.0,2.0899999141693115,2.0899999141693115,4982900,USD,NMS,America/New_York,Yahoo Finance
ALLO,2026-08-28,2.0799999237060547,2.0899999141693115,2.0,2.0199999809265137,2.0199999809265137,3823000,USD,NMS,America/New_York,Yahoo Finance
ALLO,2026-08-31,2.009999990463257,2.0199999809265137,1.9600000381469727,2.0,2.0,4371400,USD,NMS,America/New_York,Yahoo Finance
ALLO,2026-09-01,1.9600000381469727,2.0,1.9299999475479126,1.9900000095367432,1.9900000095367432,4037900,USD,NMS,America/New_York,Yahoo Finance
ALLO,2026-09-02,1.9700000286102295,2.0399999618530273,1.909999966621399,1.9800000190734863,1.9800000190734863,5393600,USD,NMS,America/New_York,Yahoo Finance
ALLO,2026-09-03,2.0,2.009999990463257,1.9199999570846558,1.9800000190734863,1.9800000190734863,4419900,USD,NMS,America/New_York,Yahoo Finance
ALLO,2026-09-04,1.9700000286102295,2.009999990463257,1.9500000476837158,1.9700000286102295,1.9700000286102295,4428300,USD,NMS,America/New_York,Yahoo Finance
ALLO,2026-09-08,1.9299999475479126,1.940000057220459,1.850000023841858,1.8600000143051147,1.8600000143051147,7434100,USD,NMS,America/New_York,Yahoo Finance
ALLO,2026-09-09,1.850000023841858,1.8799999952316284,1.7200000286102295,1.7300000190734863,1.7300000190734863,7284000,USD,NMS,America/New_York,Yahoo Finance
ALLO,2026-09-10,1.7300000190734863,1.7799999713897705,1.7000000476837158,1.7599999904632568,1.7599999904632568,5400900,USD,NMS,America/New_York,Yahoo Finance
ALLO,2026-09-11,1.7999999523162842,1.809999942779541,1.75,1.7799999713897705,1.7799999713897705,3893400,USD,NMS,America/New_York,Yahoo Finance
ALLO,2026-09-14,1.7799999713897705,1.840000033378601,1.7699999809265137,1.7799999713897705,1.7799999713897705,7744300,USD,NMS,America/New_York,Yahoo Finance
ALLO,2026-09-15,1.7999999523162842,1.7999999523162842,1.7100000381469727,1.7200000286102295,1.7200000286102295,3138500,USD,NMS,America/New_York,Yahoo Finance
ALLO,2026-09-16,1.7400000095367432,1.7699999809265137,1.659999966621399,1.690000057220459,1.690000057220459,5648100,USD,NMS,America/New_York,Yahoo Finance
ALLO,2026-09-17,1.7400000095367432,1.7699999809265137,1.7000000476837158,1.7300000190734863,1.7300000190734863,3948000,USD,NMS,America/New_York,Yahoo Finance
ALLO,2026-09-18,1.7300000190734863,1.7400000095367432,1.6699999570846558,1.690000057220459,1.690000057220459,12716800,USD,NMS,America/New_York,Yahoo Finance
ALLO,2026-09-21,1.7100000381469727,1.7200000286102295,1.649999976158142,1.690000057220459,1.690000057220459,5990600,USD,NMS,America/New_York,Yahoo Finance
ALLO,2026-09-22,1.7200000286102295,1.7400000095367432,1.6799999475479126,1.7100000381469727,1.7100000381469727,5229900,USD,NMS,America/New_York,Yahoo Finance
ALLO,2026-09-23,1.7300000190734863,1.7400000095367432,1.649999976158142,1.6699999570846558,1.6699999570846558,5965900,USD,NMS,America/New_York,Yahoo Finance
ALLO,2026-09-24,1.6699999570846558,1.7200000286102295,1.600000023841858,1.6699999570846558,1.6699999570846558,7791100,USD,NMS,America/New_York,Yahoo Finance
ALLO,2026-09-25,1.690000057220459,1.7000000476837158,1.6299999952316284,1.649999976158142,1.649999976158142,3620600,USD,NMS,America/New_York,Yahoo Finance
ALLO,2026-09-28,1.649999976158142,1.6699999570846558,1.600000023841858,1.6299999952316284,1.6299999952316284,5025600,USD,NMS,America/New_York,Yahoo Finance
ALLO,2026-09-29,1.600000023841858,1.649999976158142,1.600000023841858,1.6200000047683716,1.6200000047683716,4318900,USD,NMS,America/New_York,Yahoo Finance
ALLO,2026-09-30,1.6100000143051147,1.659999966621399,1.5800000429153442,1.600000023841858,1.600000023841858,8132000,USD,NMS,America/New_York,Yahoo Finance
ALLO,2026-10-01,1.600000023841858,1.6100000143051147,1.5299999713897705,1.5399999618530273,1.5399999618530273,4606900,USD,NMS,America/New_York,Yahoo Finance
ALLO,2026-10-02,1.5700000524520874,1.5800000429153442,1.5,1.5,1.5,4631800,USD,NMS,America/New_York,Yahoo Finance
ALLY,2026-08-17,44.540000915527344,44.68000030517578,43.59000015258789,43.61000061035156,43.61000061035156,2989600,USD,NYQ,America/New_York,Yahoo Finance
ALLY,2026-08-18,43.56999969482422,43.96500015258789,43.505001068115234,43.630001068115234,43.630001068115234,1958800,USD,NYQ,America/New_York,Yahoo Finance
ALLY,2026-08-19,43.939998626708984,43.939998626708984,43.099998474121094,43.11000061035156,43.11000061035156,2733400,USD,NYQ,America/New_York,Yahoo Finance
ALLY,2026-08-20,42.84000015258789,43.099998474121094,41.97600173950195,42.290000915527344,42.290000915527344,3006600,USD,NYQ,America/New_York,Yahoo Finance
ALLY,2026-08-21,42.619998931884766,43.130001068115234,42.58300018310547,42.93000030517578,42.93000030517578,2504200,USD,NYQ,America/New_York,Yahoo Finance
ALLY,2026-08-24,43.0,43.33000183105469,42.42499923706055,42.45000076293945,42.45000076293945,2530500,USD,NYQ,America/New_York,Yahoo Finance
ALLY,2026-08-25,42.63999938964844,42.70000076293945,42.2400016784668,42.599998474121094,42.599998474121094,5373200,USD,NYQ,America/New_York,Yahoo Finance
ALLY,2026-08-26,42.810001373291016,42.904998779296875,42.46500015258789,42.540000915527344,42.540000915527344,2333000,USD,NYQ,America/New_York,Yahoo Finance
ALLY,2026-08-27,42.380001068115234,43.08000183105469,42.09000015258789,42.7400016784668,42.7400016784668,3737000,USD,NYQ,America/New_York,Yahoo Finance
ALLY,2026-08-28,42.7599983215332,42.974998474121094,42.04999923706055,42.18000030517578,42.18000030517578,2235300,USD,NYQ,America/New_York,Yahoo Finance
ALLY,2026-08-31,41.970001220703125,42.26499938964844,41.459999084472656,42.209999084472656,42.209999084472656,3430700,USD,NYQ,America/New_York,Yahoo Finance
ALLY,2026-09-01,41.83000183105469,42.41999816894531,41.72999954223633,41.849998474121094,41.849998474121094,3182700,USD,NYQ,America/New_York,Yahoo Finance
ALLY,2026-09-02,42.25,43.61000061035156,42.25,42.65999984741211,42.65999984741211,3145900,USD,NYQ,America/New_York,Yahoo Finance
ALLY,2026-09-03,43.15999984741211,43.630001068115234,42.994998931884766,43.59000015258789,43.59000015258789,2710900,USD,NYQ,America/New_York,Yahoo Finance
ALLY,2026-09-04,43.08000183105469,43.92499923706055,43.08000183105469,43.72999954223633,43.72999954223633,1560300,USD,NYQ,America/New_York,Yahoo Finance
ALLY,2026-09-08,43.150001525878906,43.29999923706055,42.2599983215332,42.279998779296875,42.279998779296875,2126900,USD,NYQ,America/New_York,Yahoo Finance
ALLY,2026-09-09,42.099998474121094,42.35499954223633,41.6349983215332,41.83000183105469,41.83000183105469,3452600,USD,NYQ,America/New_York,Yahoo Finance
ALLY,2026-09-10,41.790000915527344,42.18000030517578,41.36000061035156,42.16999816894531,42.16999816894531,3787800,USD,NYQ,America/New_York,Yahoo Finance
ALLY,2026-09-11,42.720001220703125,42.72999954223633,41.380001068115234,42.06999969482422,42.06999969482422,3543300,USD,NYQ,America/New_York,Yahoo Finance
ALLY,2026-09-14,41.81999969482422,42.3849983215332,41.70500183105469,41.939998626708984,41.939998626708984,2607900,USD,NYQ,America/New_York,Yahoo Finance
ALLY,2026-09-15,41.59000015258789,41.814998626708984,39.84000015258789,41.58000183105469,41.58000183105469,6263800,USD,NYQ,America/New_York,Yahoo Finance
ALLY,2026-09-16,41.459999084472656,41.619998931884766,39.98500061035156,40.310001373291016,40.310001373291016,5682500,USD,NYQ,America/New_York,Yahoo Finance
ALLY,2026-09-17,40.900001525878906,40.970001220703125,40.529998779296875,40.599998474121094,40.599998474121094,3483600,USD,NYQ,America/New_York,Yahoo Finance
ALLY,2026-09-18,40.470001220703125,40.486000061035156,39.849998474121094,40.0,40.0,5420000,USD,NYQ,America/New_York,Yahoo Finance
ALLY,2026-09-21,40.38999938964844,40.400001525878906,39.869998931884766,39.88999938964844,39.88999938964844,2537200,USD,NYQ,America/New_York,Yahoo Finance
ALLY,2026-09-22,40.310001373291016,40.46200180053711,39.060001373291016,39.06999969482422,39.06999969482422,3665100,USD,NYQ,America/New_York,Yahoo Finance
ALLY,2026-09-23,38.869998931884766,39.02000045776367,38.459999084472656,38.58000183105469,38.58000183105469,3885300,USD,NYQ,America/New_York,Yahoo Finance
ALLY,2026-09-24,38.68000030517578,38.875,38.189998626708984,38.7400016784668,38.7400016784668,3911500,USD,NYQ,America/New_York,Yahoo Finance
ALLY,2026-09-25,38.75,38.97999954223633,38.189998626708984,38.790000915527344,38.790000915527344,2917100,USD,NYQ,America/New_York,Yahoo Finance
ALLY,2026-09-28,38.75,38.75,38.060001373291016,38.189998626708984,38.189998626708984,3381800,USD,NYQ,America/New_York,Yahoo Finance
AMBP,2026-08-17,5.159999847412109,5.269999980926514,5.119999885559082,5.21999979019165,5.113469123840332,1718700,USD,NYQ,America/New_York,Yahoo Finance
AMBP,2026-08-18,5.21999979019165,5.230000019073486,5.079999923706055,5.079999923706055,4.9763264656066895,2077900,USD,NYQ,America/New_York,Yahoo Finance
AMBP,2026-08-19,5.139999866485596,5.284999847412109,5.139999866485596,5.230000019073486,5.123265266418457,982900,USD,NYQ,America/New_York,Yahoo Finance
AMBP,2026-08-20,5.059999942779541,5.28000020980835,5.059999942779541,5.25,5.142857074737549,1449500,USD,NYQ,America/New_York,Yahoo Finance
AMBP,2026-08-21,5.289999961853027,5.380000114440918,5.284999847412109,5.360000133514404,5.250612258911133,1647000,USD,NYQ,America/New_York,Yahoo Finance
AMBP,2026-08-24,5.380000114440918,5.409999847412109,5.28000020980835,5.320000171661377,5.211428642272949,1956200,USD,NYQ,America/New_York,Yahoo Finance
AMBP,2026-08-25,5.360000133514404,5.36299991607666,5.269999980926514,5.289999961853027,5.182040691375732,1148800,USD,NYQ,America/New_York,Yahoo Finance
AMBP,2026-08-26,5.329999923706055,5.329999923706055,5.215000152587891,5.230000019073486,5.123265266418457,1429700,USD,NYQ,America/New_York,Yahoo Finance
AMBP,2026-08-27,5.199999809265137,5.244999885559082,5.130000114440918,5.170000076293945,5.064489841461182,1313500,USD,NYQ,America/New_York,Yahoo Finance
AMBP,2026-08-28,5.210000038146973,5.21999979019165,5.0,5.139999866485596,5.035101890563965,1985000,USD,NYQ,America/New_York,Yahoo Finance
AMBP,2026-08-31,5.139999866485596,5.199999809265137,5.050000190734863,5.079999923706055,4.9763264656066895,973800,USD,NYQ,America/New_York,Yahoo Finance
AMBP,2026-09-01,5.079999923706055,5.139999866485596,5.059999942779541,5.059999942779541,4.956734657287598,1067000,USD,NYQ,America/New_York,Yahoo Finance
AMBP,2026-09-02,5.110000133514404,5.199999809265137,5.070000171661377,5.079999923706055,4.9763264656066895,2104200,USD,NYQ,America/New_York,Yahoo Finance
AMBP,2026-09-03,5.130000114440918,5.159999847412109,4.980999946594238,5.099999904632568,4.995918273925781,1029300,USD,NYQ,America/New_York,Yahoo Finance
AMBP,2026-09-04,5.050000190734863,5.074999809265137,4.980000019073486,5.010000228881836,4.907755374908447,1495400,USD,NYQ,America/New_York,Yahoo Finance
AMBP,2026-09-08,4.940000057220459,4.980000019073486,4.914999961853027,4.929999828338623,4.829387664794922,1528500,USD,NYQ,America/New_York,Yahoo Finance
AMBP,2026-09-09,4.920000076293945,4.985000133514404,4.880000114440918,4.900000095367432,4.800000190734863,1813100,USD,NYQ,America/New_York,Yahoo Finance
AMBP,2026-09-10,4.864999771118164,4.864999771118164,4.730000019073486,4.809999942779541,4.809999942779541,1286800,USD,NYQ,America/New_York,Yahoo Finance
AMBP,2026-09-11,4.880000114440918,4.90500020980835,4.789999961853027,4.840000152587891,4.840000152587891,1695300,USD,NYQ,America/New_York,Yahoo Finance
AMBP,2026-09-14,4.809999942779541,4.849999904632568,4.755000114440918,4.78000020980835,4.78000020980835,2092000,USD,NYQ,America/New_York,Yahoo Finance
AMBP,2026-09-15,4.800000190734863,4.809999942779541,4.699999809265137,4.800000190734863,4.800000190734863,1389300,USD,NYQ,America/New_York,Yahoo Finance
AMBP,2026-09-16,4.5,4.769999980926514,4.489999771118164,4.71999979019165,4.71999979019165,3997500,USD,NYQ,America/New_York,Yahoo Finance
AMBP,2026-09-17,4.800000190734863,4.840000152587891,4.695000171661377,4.699999809265137,4.699999809265137,3704600,USD,NYQ,America/New_York,Yahoo Finance
AMBP,2026-09-18,4.679999828338623,4.710000038146973,4.630000114440918,4.630000114440918,4.630000114440918,2241000,USD,NYQ,America/New_York,Yahoo Finance
AMBP,2026-09-21,4.670000076293945,4.679999828338623,4.53000020980835,4.53000020980835,4.53000020980835,1557400,USD,NYQ,America/New_York,Yahoo Finance
AMBP,2026-09-22,4.599999904632568,4.644999980926514,4.510000228881836,4.519999980926514,4.519999980926514,1545900,USD,NYQ,America/New_York,Yahoo Finance
AMBP,2026-09-23,4.510000228881836,4.510000228881836,4.400000095367432,4.449999809265137,4.449999809265137,1561500,USD,NYQ,America/New_York,Yahoo Finance
AMBP,2026-09-24,4.460000038146973,4.480000019073486,4.300000190734863,4.309999942779541,4.309999942779541,1578300,USD,NYQ,America/New_York,Yahoo Finance
AMBP,2026-09-25,4.340000152587891,4.385000228881836,4.300000190734863,4.380000114440918,4.380000114440918,1077400,USD,NYQ,America/New_York,Yahoo Finance
AMBP,2026-09-28,4.340000152587891,4.414999961853027,4.302000045776367,4.400000095367432,4.400000095367432,1017400,USD,NYQ,America/New_York,Yahoo Finance
AMR,2026-08-17,165.14999389648438,169.97999572753906,162.5,169.00999450683594,169.00999450683594,447200,USD,NYQ,America/New_York,Yahoo Finance
AMR,2026-08-18,166.47000122070312,171.0,165.6699981689453,169.44000244140625,169.44000244140625,342500,USD,NYQ,America/New_York,Yahoo Finance
AMR,2026-08-19,173.9199981689453,195.52999877929688,172.0399932861328,194.4199981689453,194.4199981689453,552500,USD,NYQ,America/New_York,Yahoo Finance
AMR,2026-08-20,188.14999389648438,195.4499969482422,187.25999450683594,194.3000030517578,194.3000030517578,513800,USD,NYQ,America/New_York,Yahoo Finance
AMR,2026-08-21,200.75,211.8699951171875,200.75,210.00999450683594,210.00999450683594,519400,USD,NYQ,America/New_York,Yahoo Finance
AMR,2026-08-24,210.0,218.94000244140625,207.02000427246094,209.92999267578125,209.92999267578125,464200,USD,NYQ,America/New_York,Yahoo Finance
AMR,2026-08-25,210.0,217.75,203.72000122070312,215.6300048828125,215.6300048828125,312400,USD,NYQ,America/New_York,Yahoo Finance
AMR,2026-08-26,217.1699981689453,224.0,210.6199951171875,217.9199981689453,217.9199981689453,349700,USD,NYQ,America/New_York,Yahoo Finance
AMR,2026-08-27,215.9600067138672,229.0500030517578,214.4499969482422,227.3800048828125,227.3800048828125,369500,USD,NYQ,America/New_York,Yahoo Finance
AMR,2026-08-28,224.02000427246094,235.0,224.02000427246094,226.22999572753906,226.22999572753906,326400,USD,NYQ,America/New_York,Yahoo Finance
AMR,2026-08-31,229.67999267578125,238.35000610351562,228.1999969482422,235.6999969482422,235.6999969482422,420800,USD,NYQ,America/New_York,Yahoo Finance
AMR,2026-09-01,235.72000122070312,236.6999969482422,230.0,233.41000366210938,233.41000366210938,345800,USD,NYQ,America/New_York,Yahoo Finance
AMR,2026-09-02,232.0,242.5,231.1199951171875,233.2899932861328,233.2899932861328,315900,USD,NYQ,America/New_York,Yahoo Finance
AMR,2026-09-03,234.9499969482422,235.0,212.2100067138672,217.17999267578125,217.17999267578125,343700,USD,NYQ,America/New_York,Yahoo Finance
AMR,2026-09-04,216.25999450683594,227.2899932861328,216.25999450683594,225.41000366210938,225.41000366210938,252800,USD,NYQ,America/New_York,Yahoo Finance
AMR,2026-09-08,222.02999877929688,230.0,221.61500549316406,223.74000549316406,223.74000549316406,263100,USD,NYQ,America/New_York,Yahoo Finance
AMR,2026-09-09,228.9600067138672,233.1300048828125,225.64999389648438,226.94000244140625,226.94000244140625,269500,USD,NYQ,America/New_York,Yahoo Finance
AMR,2026-09-10,223.2100067138672,225.00999450683594,217.00999450683594,217.72999572753906,217.72999572753906,193000,USD,NYQ,America/New_York,Yahoo Finance
AMR,2026-09-11,217.0,217.82000732421875,206.8000030517578,209.41000366210938,209.41000366210938,414700,USD,NYQ,America/New_York,Yahoo Finance
AMR,2026-09-14,205.32000732421875,205.32000732421875,197.07000732421875,197.85000610351562,197.85000610351562,377900,USD,NYQ,America/New_York,Yahoo Finance
AMR,2026-09-15,197.8300018310547,199.97000122070312,184.5500030517578,188.6199951171875,188.6199951171875,446200,USD,NYQ,America/New_York,Yahoo Finance
AMR,2026-09-16,191.4499969482422,197.99000549316406,187.84500122070312,189.49000549316406,189.49000549316406,340500,USD,NYQ,America/New_York,Yahoo Finance
AMR,2026-09-17,192.83999633789062,194.77000427246094,184.4499969482422,184.72999572753906,184.72999572753906,222400,USD,NYQ,America/New_York,Yahoo Finance
AMR,2026-09-18,177.33999633789062,179.08999633789062,172.52000427246094,174.22000122070312,174.22000122070312,635100,USD,NYQ,America/New_York,Yahoo Finance
AMR,2026-09-21,176.38999938964844,178.7949981689453,174.6300048828125,175.49000549316406,175.49000549316406,250400,USD,NYQ,America/New_York,Yahoo Finance
AMR,2026-09-22,176.30999755859375,189.80999755859375,174.32000732421875,188.57000732421875,188.57000732421875,334300,USD,NYQ,America/New_York,Yahoo Finance
AMR,2026-09-23,184.8300018310547,189.99000549316406,180.19000244140625,180.39999389648438,180.39999389648438,203600,USD,NYQ,America/New_York,Yahoo Finance
AMR,2026-09-24,179.24000549316406,179.6300048828125,165.97799682617188,172.00999450683594,172.00999450683594,514500,USD,NYQ,America/New_York,Yahoo Finance
AMR,2026-09-25,171.22000122070312,174.61000061035156,170.8800048828125,174.42999267578125,174.42999267578125,182700,USD,NYQ,America/New_York,Yahoo Finance
AMR,2026-09-28,173.80999755859375,176.0,171.8350067138672,175.5399932861328,175.5399932861328,223900,USD,NYQ,America/New_York,Yahoo Finance
AMTM,2026-08-17,21.170000076293945,21.264999389648438,20.184999465942383,20.43000030517578,20.43000030517578,4125400,USD,NYQ,America/New_York,Yahoo Finance
AMTM,2026-08-18,20.549999237060547,20.969999313354492,20.09000015258789,20.950000762939453,20.950000762939453,4058700,USD,NYQ,America/New_York,Yahoo Finance
AMTM,2026-08-19,21.0,21.68000030517578,20.799999237060547,21.030000686645508,21.030000686645508,2024700,USD,NYQ,America/New_York,Yahoo Finance
AMTM,2026-08-20,21.100000381469727,21.18000030517578,20.375,20.610000610351562,20.610000610351562,3122600,USD,NYQ,America/New_York,Yahoo Finance
AMTM,2026-08-21,20.780000686645508,21.549999237060547,20.639999389648438,21.489999771118164,21.489999771118164,3100500,USD,NYQ,America/New_York,Yahoo Finance
AMTM,2026-08-24,21.469999313354492,21.652999877929688,19.992000579833984,20.059999465942383,20.059999465942383,2601000,USD,NYQ,America/New_York,Yahoo Finance
AMTM,2026-08-25,20.200000762939453,20.33799934387207,19.969999313354492,20.260000228881836,20.260000228881836,2719500,USD,NYQ,America/New_York,Yahoo Finance
AMTM,2026-08-26,20.139999389648438,20.850000381469727,20.139999389648438,20.610000610351562,20.610000610351562,1779100,USD,NYQ,America/New_York,Yahoo Finance
AMTM,2026-08-27,20.6299991607666,20.68000030517578,20.399999618530273,20.43000030517578,20.43000030517578,1588200,USD,NYQ,America/New_York,Yahoo Finance
AMTM,2026-08-28,20.450000762939453,20.572999954223633,20.170000076293945,20.309999465942383,20.309999465942383,1230600,USD,NYQ,America/New_York,Yahoo Finance
AMTM,2026-08-31,20.239999771118164,20.489999771118164,19.899999618530273,19.989999771118164,19.989999771118164,1367900,USD,NYQ,America/New_York,Yahoo Finance
AMTM,2026-09-01,20.1299991607666,20.25,19.799999237060547,19.989999771118164,19.989999771118164,1837200,USD,NYQ,America/New_York,Yahoo Finance
AMTM,2026-09-02,19.889999389648438,20.190000534057617,19.799999237060547,19.899999618530273,19.899999618530273,1939000,USD,NYQ,America/New_York,Yahoo Finance
AMTM,2026-09-03,20.0,20.350000381469727,19.899999618530273,20.110000610351562,20.110000610351562,1479000,USD,NYQ,America/New_York,Yahoo Finance
AMTM,2026-09-04,20.0,20.235000610351562,19.8799991607666,20.059999465942383,20.059999465942383,1079300,USD,NYQ,America/New_York,Yahoo Finance
AMTM,2026-09-08,20.100000381469727,20.25,19.68000030517578,20.139999389648438,20.139999389648438,2475200,USD,NYQ,America/New_York,Yahoo Finance
AMTM,2026-09-09,20.239999771118164,20.360000610351562,19.274999618530273,19.309999465942383,19.309999465942383,2016300,USD,NYQ,America/New_York,Yahoo Finance
AMTM,2026-09-10,19.360000610351562,19.780000686645508,19.209999084472656,19.559999465942383,19.559999465942383,1201300,USD,NYQ,America/New_York,Yahoo Finance
AMTM,2026-09-11,19.6200008392334,19.674999237060547,19.229999542236328,19.459999084472656,19.459999084472656,1049900,USD,NYQ,America/New_York,Yahoo Finance
AMTM,2026-09-14,19.700000762939453,19.809999465942383,19.469999313354492,19.739999771118164,19.739999771118164,1643400,USD,NYQ,America/New_York,Yahoo Finance
AMTM,2026-09-15,19.610000610351562,20.290000915527344,19.46500015258789,20.139999389648438,20.139999389648438,1944600,USD,NYQ,America/New_York,Yahoo Finance
AMTM,2026-09-16,20.09000015258789,20.399999618530273,19.649999618530273,19.8799991607666,19.8799991607666,1373600,USD,NYQ,America/New_York,Yahoo Finance
AMTM,2026-09-17,20.110000610351562,20.31999969482422,20.0,20.190000534057617,20.190000534057617,1241100,USD,NYQ,America/New_York,Yahoo Finance
AMTM,2026-09-18,20.270000457763672,20.329999923706055,19.5,19.600000381469727,19.600000381469727,4417400,USD,NYQ,America/New_York,Yahoo Finance
AMTM,2026-09-21,19.68000030517578,20.010000228881836,19.639999389648438,19.899999618530273,19.899999618530273,1342900,USD,NYQ,America/New_York,Yahoo Finance
AMTM,2026-09-22,20.0,20.11400032043457,19.40999984741211,19.700000762939453,19.700000762939453,2128500,USD,NYQ,America/New_York,Yahoo Finance
AMTM,2026-09-23,19.920000076293945,20.059999465942383,19.639999389648438,19.709999084472656,19.709999084472656,1203200,USD,NYQ,America/New_York,Yahoo Finance
AMTM,2026-09-24,19.639999389648438,19.809999465942383,19.385000228881836,19.399999618530273,19.399999618530273,986000,USD,NYQ,America/New_York,Yahoo Finance
AMTM,2026-09-25,19.350000381469727,19.368000030517578,19.010000228881836,19.190000534057617,19.190000534057617,1509500,USD,NYQ,America/New_York,Yahoo Finance
AMTM,2026-09-28,19.0,19.040000915527344,18.479999542236328,18.489999771118164,18.489999771118164,1190200,USD,NYQ,America/New_York,Yahoo Finance
ANAB,2026-08-17,57.779998779296875,59.8849983215332,57.48500061035156,59.689998626708984,59.689998626708984,255700,USD,NMS,America/New_York,Yahoo Finance
ANAB,2026-08-18,58.900001525878906,60.02000045776367,58.15999984741211,58.9900016784668,58.9900016784668,260400,USD,NMS,America/New_York,Yahoo Finance
ANAB,2026-08-19,60.310001373291016,60.310001373291016,58.43000030517578,59.2599983215332,59.2599983215332,258700,USD,NMS,America/New_York,Yahoo Finance
ANAB,2026-08-20,58.52000045776367,59.689998626708984,56.33000183105469,56.689998626708984,56.689998626708984,389300,USD,NMS,America/New_York,Yahoo Finance
ANAB,2026-08-21,57.22999954223633,58.779998779296875,56.619998931884766,57.7400016784668,57.7400016784668,318400,USD,NMS,America/New_York,Yahoo Finance
ANAB,2026-08-24,56.959999084472656,59.064998626708984,55.564998626708984,58.439998626708984,58.439998626708984,627000,USD,NMS,America/New_York,Yahoo Finance
ANAB,2026-08-25,58.09000015258789,58.9900016784668,56.80500030517578,58.369998931884766,58.369998931884766,341800,USD,NMS,America/New_York,Yahoo Finance
ANAB,2026-08-26,58.27000045776367,58.86000061035156,57.3650016784668,58.0,58.0,210300,USD,NMS,America/New_York,Yahoo Finance
ANAB,2026-08-27,58.029998779296875,58.43000030517578,57.10100173950195,57.290000915527344,57.290000915527344,533700,USD,NMS,America/New_York,Yahoo Finance
ANAB,2026-08-28,57.2400016784668,57.2400016784668,55.375,56.279998779296875,56.279998779296875,358300,USD,NMS,America/New_York,Yahoo Finance
ANAB,2026-08-31,55.83000183105469,57.220001220703125,55.0,57.029998779296875,57.029998779296875,332100,USD,NMS,America/New_York,Yahoo Finance
ANAB,2026-09-01,56.81999969482422,58.09000015258789,54.84000015258789,55.279998779296875,55.279998779296875,773900,USD,NMS,America/New_York,Yahoo Finance
ANAB,2026-09-02,56.130001068115234,57.900001525878906,54.65999984741211,55.84000015258789,55.84000015258789,421700,USD,NMS,America/New_York,Yahoo Finance
ANAB,2026-09-03,56.33000183105469,57.77000045776367,55.0,57.459999084472656,57.459999084472656,363800,USD,NMS,America/New_York,Yahoo Finance
ANAB,2026-09-04,56.84000015258789,58.77000045776367,56.099998474121094,56.79999923706055,56.79999923706055,1061900,USD,NMS,America/New_York,Yahoo Finance
ANAB,2026-09-08,55.47999954223633,58.165000915527344,54.790000915527344,56.599998474121094,56.599998474121094,1036100,USD,NMS,America/New_York,Yahoo Finance
ANAB,2026-09-09,55.59000015258789,57.88999938964844,55.25,55.70000076293945,55.70000076293945,295700,USD,NMS,America/New_York,Yahoo Finance
ANAB,2026-09-10,55.43000030517578,56.43000030517578,54.310001373291016,55.15999984741211,55.15999984741211,300100,USD,NMS,America/New_York,Yahoo Finance
ANAB,2026-09-11,55.43000030517578,56.314998626708984,53.75,53.869998931884766,53.869998931884766,336200,USD,NMS,America/New_York,Yahoo Finance
ANAB,2026-09-14,54.58000183105469,55.70000076293945,54.0,54.11000061035156,54.11000061035156,436800,USD,NMS,America/New_York,Yahoo Finance
ANAB,2026-09-15,54.279998779296875,55.31999969482422,53.220001220703125,54.68000030517578,54.68000030517578,351800,USD,NMS,America/New_York,Yahoo Finance
ANAB,2026-09-16,54.439998626708984,54.79999923706055,53.62300109863281,54.310001373291016,54.310001373291016,394100,USD,NMS,America/New_York,Yahoo Finance
ANAB,2026-09-17,55.09000015258789,55.790000915527344,54.4900016784668,55.060001373291016,55.060001373291016,439600,USD,NMS,America/New_York,Yahoo Finance
ANAB,2026-09-18,55.7599983215332,55.77000045776367,53.709999084472656,55.20000076293945,55.20000076293945,868800,USD,NMS,America/New_York,Yahoo Finance
ANAB,2026-09-21,56.0,56.0,54.09000015258789,54.91999816894531,54.91999816894531,524400,USD,NMS,America/New_York,Yahoo Finance
ANAB,2026-09-22,55.06999969482422,56.040000915527344,50.61000061035156,53.91999816894531,53.91999816894531,755700,USD,NMS,America/New_York,Yahoo Finance
ANAB,2026-09-23,53.54999923706055,53.928001403808594,49.45000076293945,50.77000045776367,50.77000045776367,779600,USD,NMS,America/New_York,Yahoo Finance
ANAB,2026-09-24,50.59000015258789,52.15999984741211,50.349998474121094,51.70000076293945,51.70000076293945,417800,USD,NMS,America/New_York,Yahoo Finance
ANAB,2026-09-25,52.380001068115234,52.380001068115234,50.79800033569336,51.0,51.0,437700,USD,NMS,America/New_York,Yahoo Finance
ANAB,2026-09-28,51.0,51.650001525878906,50.5,50.79999923706055,50.79999923706055,412600,USD,NMS,America/New_York,Yahoo Finance
ANNA,2026-08-21,2.930000066757202,2.9800000190734863,2.7699999809265137,2.8399999141693115,2.8399999141693115,135900,USD,NCM,America/New_York,Yahoo Finance
ANNA,2026-08-24,2.8499999046325684,2.869999885559082,2.6500000953674316,2.6600000858306885,2.6600000858306885,95300,USD,NCM,America/New_York,Yahoo Finance
ANNA,2026-08-25,2.6600000858306885,2.7309999465942383,2.6600000858306885,2.700000047683716,2.700000047683716,49000,USD,NCM,America/New_York,Yahoo Finance
ANNA,2026-08-26,2.740000009536743,2.8499999046325684,2.674999952316284,2.75,2.75,188100,USD,NCM,America/New_York,Yahoo Finance
ANNA,2026-08-27,2.7850000858306885,2.8499999046325684,2.680000066757202,2.7899999618530273,2.7899999618530273,135500,USD,NCM,America/New_York,Yahoo Finance
ANNA,2026-08-28,2.7899999618530273,2.822999954223633,2.7200000286102295,2.759999990463257,2.759999990463257,74200,USD,NCM,America/New_York,Yahoo Finance
ANNA,2026-08-31,2.819999933242798,2.950000047683716,2.7899999618530273,2.930000066757202,2.930000066757202,184600,USD,NCM,America/New_York,Yahoo Finance
ANNA,2026-09-01,2.950000047683716,3.1500000953674316,2.9100000858306885,3.140000104904175,3.140000104904175,298100,USD,NCM,America/New_York,Yahoo Finance
ANNA,2026-09-02,3.1500000953674316,3.239000082015991,3.009999990463257,3.0799999237060547,3.0799999237060547,202600,USD,NCM,America/New_York,Yahoo Finance
ANNA,2026-09-03,3.0999999046325684,3.319999933242798,2.9600000381469727,3.109999895095825,3.109999895095825,866100,USD,NCM,America/New_York,Yahoo Finance
ANNA,2026-09-04,3.0999999046325684,3.180000066757202,2.950000047683716,3.0,3.0,184900,USD,NCM,America/New_York,Yahoo Finance
ANNA,2026-09-08,3.0299999713897705,3.244999885559082,3.0299999713897705,3.1600000858306885,3.1600000858306885,313800,USD,NCM,America/New_York,Yahoo Finance
ANNA,2026-09-09,3.2100000381469727,3.440000057220459,3.2100000381469727,3.2850000858306885,3.2850000858306885,480900,USD,NCM,America/New_York,Yahoo Finance
ANNA,2026-09-10,3.444999933242798,3.559999942779541,3.390000104904175,3.4700000286102295,3.4700000286102295,561700,USD,NCM,America/New_York,Yahoo Finance
ANNA,2026-09-11,3.4000000953674316,3.509999990463257,3.309999942779541,3.5,3.5,408900,USD,NCM,America/New_York,Yahoo Finance
ANNA,2026-09-14,3.509999990463257,3.5899999141693115,3.3399999141693115,3.390000104904175,3.390000104904175,394900,USD,NCM,America/New_York,Yahoo Finance
ANNA,2026-09-15,3.4200000762939453,3.4800000190734863,3.3399999141693115,3.390000104904175,3.390000104904175,189000,USD,NCM,America/New_York,Yahoo Finance
ANNA,2026-09-16,3.3399999141693115,3.3399999141693115,3.130000114440918,3.1500000953674316,3.1500000953674316,266900,USD,NCM,America/New_York,Yahoo Finance
ANNA,2026-09-17,3.140000104904175,3.180000066757202,3.009999990463257,3.119999885559082,3.119999885559082,211800,USD,NCM,America/New_York,Yahoo Finance
ANNA,2026-09-18,3.0999999046325684,3.3299999237060547,3.0799999237060547,3.2699999809265137,3.2699999809265137,287800,USD,NCM,America/New_York,Yahoo Finance
ANNA,2026-09-21,3.2100000381469727,3.2100000381469727,2.884999990463257,2.9100000858306885,2.9100000858306885,318400,USD,NCM,America/New_York,Yahoo Finance
ANNA,2026-09-22,2.880000114440918,2.9100000858306885,2.7300000190734863,2.740000009536743,2.740000009536743,202400,USD,NCM,America/New_York,Yahoo Finance
ANNA,2026-09-23,2.799999952316284,2.8299999237060547,2.7049999237060547,2.75,2.75,216000,USD,NCM,America/New_York,Yahoo Finance
ANNA,2026-09-24,2.75,2.8499999046325684,2.7300000190734863,2.759999990463257,2.759999990463257,170800,USD,NCM,America/New_York,Yahoo Finance
ANNA,2026-09-25,2.7300000190734863,2.759999990463257,2.6600000858306885,2.7100000381469727,2.7100000381469727,128300,USD,NCM,America/New_York,Yahoo Finance
ANNA,2026-09-28,2.740000009536743,2.7899999618530273,2.559999942779541,2.5999999046325684,2.5999999046325684,135800,USD,NCM,America/New_York,Yahoo Finance
ANNA,2026-09-29,2.569999933242798,2.6600000858306885,2.5399999618530273,2.5999999046325684,2.5999999046325684,68300,USD,NCM,America/New_York,Yahoo Finance
ANNA,2026-09-30,2.630000114440918,2.7100000381469727,2.609999895095825,2.634999990463257,2.634999990463257,78000,USD,NCM,America/New_York,Yahoo Finance
ANNA,2026-10-01,2.680000066757202,2.7300000190734863,2.619999885559082,2.640000104904175,2.640000104904175,83800,USD,NCM,America/New_York,Yahoo Finance
ANNA,2026-10-02,2.619999885559082,2.7200000286102295,2.5999999046325684,2.6700000762939453,2.6700000762939453,102300,USD,NCM,America/New_York,Yahoo Finance
ANNX,2026-08-21,5.239999771118164,5.275000095367432,5.019999980926514,5.070000171661377,5.070000171661377,1428500,USD,NMS,America/New_York,Yahoo Finance
ANNX,2026-08-24,5.050000190734863,5.130000114440918,4.800000190734863,5.059999942779541,5.059999942779541,3374200,USD,NMS,America/New_York,Yahoo Finance
ANNX,2026-08-25,5.130000114440918,5.224999904632568,5.085000038146973,5.150000095367432,5.150000095367432,2941800,USD,NMS,America/New_York,Yahoo Finance
ANNX,2026-08-26,5.130000114440918,5.175000190734863,4.954999923706055,4.989999771118164,4.989999771118164,2276000,USD,NMS,America/New_York,Yahoo Finance
ANNX,2026-08-27,5.0,5.320000171661377,4.909999847412109,5.25,5.25,3022700,USD,NMS,America/New_York,Yahoo Finance
ANNX,2026-08-28,5.179999828338623,5.204999923706055,4.945000171661377,4.96999979019165,4.96999979019165,1618600,USD,NMS,America/New_York,Yahoo Finance
ANNX,2026-08-31,4.989999771118164,5.039999961853027,4.829999923706055,4.940000057220459,4.940000057220459,2436800,USD,NMS,America/New_York,Yahoo Finance
ANNX,2026-09-01,4.960000038146973,5.0,4.849999904632568,4.889999866485596,4.889999866485596,1472300,USD,NMS,America/New_York,Yahoo Finance
ANNX,2026-09-02,4.900000095367432,5.074999809265137,4.78000020980835,4.929999828338623,4.929999828338623,1842200,USD,NMS,America/New_York,Yahoo Finance
ANNX,2026-09-03,4.929999828338623,5.039999961853027,4.764999866485596,4.840000152587891,4.840000152587891,2313300,USD,NMS,America/New_York,Yahoo Finance
ANNX,2026-09-04,4.809999942779541,4.90500020980835,4.789999961853027,4.869999885559082,4.869999885559082,1227500,USD,NMS,America/New_York,Yahoo Finance
ANNX,2026-09-08,4.760000228881836,4.784999847412109,4.639999866485596,4.670000076293945,4.670000076293945,2139500,USD,NMS,America/New_York,Yahoo Finance
ANNX,2026-09-09,4.599999904632568,4.659999847412109,4.340000152587891,4.369999885559082,4.369999885559082,5528400,USD,NMS,America/New_York,Yahoo Finance
ANNX,2026-09-10,4.329999923706055,4.329999923706055,4.039999961853027,4.139999866485596,4.139999866485596,4204100,USD,NMS,America/New_York,Yahoo Finance
ANNX,2026-09-11,4.195000171661377,4.195000171661377,3.9200000762939453,3.940000057220459,3.940000057220459,3935100,USD,NMS,America/New_York,Yahoo Finance
ANNX,2026-09-14,3.9700000286102295,4.034999847412109,3.880000114440918,3.950000047683716,3.950000047683716,2896000,USD,NMS,America/New_York,Yahoo Finance
ANNX,2026-09-15,3.930000066757202,3.9749999046325684,3.7899999618530273,3.9200000762939453,3.9200000762939453,2960600,USD,NMS,America/New_York,Yahoo Finance
ANNX,2026-09-16,3.9100000858306885,4.0,3.875,3.930000066757202,3.930000066757202,4513900,USD,NMS,America/New_York,Yahoo Finance
ANNX,2026-09-17,3.921999931335449,4.21999979019165,3.9149999618530273,4.170000076293945,4.170000076293945,3119700,USD,NMS,America/New_York,Yahoo Finance
ANNX,2026-09-18,4.159999847412109,4.309999942779541,4.130000114440918,4.230000019073486,4.230000019073486,4940200,USD,NMS,America/New_York,Yahoo Finance
ANNX,2026-09-21,4.269999980926514,4.357999801635742,4.119999885559082,4.21999979019165,4.21999979019165,4183400,USD,NMS,America/New_York,Yahoo Finance
ANNX,2026-09-22,4.28000020980835,4.340000152587891,4.130000114440918,4.179999828338623,4.179999828338623,2000200,USD,NMS,America/New_York,Yahoo Finance
ANNX,2026-09-23,4.179999828338623,4.190000057220459,3.809999942779541,3.869999885559082,3.869999885559082,2421000,USD,NMS,America/New_York,Yahoo Finance
ANNX,2026-09-24,3.8499999046325684,3.869999885559082,3.7249999046325684,3.799999952316284,3.799999952316284,2022400,USD,NMS,America/New_York,Yahoo Finance
ANNX,2026-09-25,3.809999942779541,3.8499999046325684,3.630000114440918,3.640000104904175,3.640000104904175,3511300,USD,NMS,America/New_York,Yahoo Finance
ANNX,2026-09-28,3.8499999046325684,4.079999923706055,3.734999895095825,4.010000228881836,4.010000228881836,5072600,USD,NMS,America/New_York,Yahoo Finance
ANNX,2026-09-29,4.0,4.236999988555908,3.940000057220459,4.130000114440918,4.130000114440918,3706500,USD,NMS,America/New_York,Yahoo Finance
ANNX,2026-09-30,4.190000057220459,4.269999980926514,4.050000190734863,4.230000019073486,4.230000019073486,4409400,USD,NMS,America/New_York,Yahoo Finance
ANNX,2026-10-01,4.179999828338623,4.380000114440918,4.119999885559082,4.119999885559082,4.119999885559082,3919100,USD,NMS,America/New_York,Yahoo Finance
ANNX,2026-10-02,4.210000038146973,4.264999866485596,4.105000019073486,4.190000057220459,4.190000057220459,4019500,USD,NMS,America/New_York,Yahoo Finance
AOUT,2026-08-21,11.180000305175781,11.630000114440918,11.100000381469727,11.239999771118164,11.239999771118164,29600,USD,NMS,America/New_York,Yahoo Finance
AOUT,2026-08-24,11.1899995803833,11.520000457763672,11.145000457763672,11.279999732971191,11.279999732971191,56300,USD,NMS,America/New_York,Yahoo Finance
AOUT,2026-08-25,11.270000457763672,11.270000457763672,10.420000076293945,10.609999656677246,10.609999656677246,53300,USD,NMS,America/New_York,Yahoo Finance
AOUT,2026-08-26,10.579999923706055,10.970000267028809,10.449999809265137,10.8100004196167,10.8100004196167,42800,USD,NMS,America/New_York,Yahoo Finance
AOUT,2026-08-27,10.800000190734863,10.800000190734863,10.359999656677246,10.359999656677246,10.359999656677246,25000,USD,NMS,America/New_York,Yahoo Finance
AOUT,2026-08-28,10.279999732971191,10.789999961853027,10.149999618530273,10.380000114440918,10.380000114440918,29400,USD,NMS,America/New_York,Yahoo Finance
AOUT,2026-08-31,10.289999961853027,10.628000259399414,10.109999656677246,10.569999694824219,10.569999694824219,57600,USD,NMS,America/New_York,Yahoo Finance
AOUT,2026-09-01,10.630000114440918,10.630000114440918,9.90999984741211,10.0,10.0,32200,USD,NMS,America/New_York,Yahoo Finance
AOUT,2026-09-02,10.0,10.25,9.869999885559082,9.949999809265137,9.949999809265137,35700,USD,NMS,America/New_York,Yahoo Finance
AOUT,2026-09-03,9.970000267028809,10.15999984741211,9.739999771118164,10.010000228881836,10.010000228881836,315000,USD,NMS,America/New_York,Yahoo Finance
AOUT,2026-09-04,12.760000228881836,14.649999618530273,12.760000228881836,14.479999542236328,14.479999542236328,4431500,USD,NMS,America/New_York,Yahoo Finance
AOUT,2026-09-08,14.654999732971191,16.086000442504883,13.850000381469727,14.770000457763672,14.770000457763672,833700,USD,NMS,America/New_York,Yahoo Finance
AOUT,2026-09-09,14.770000457763672,15.0,14.170000076293945,15.0,15.0,186800,USD,NMS,America/New_York,Yahoo Finance
AOUT,2026-09-10,14.850000381469727,15.40999984741211,14.380000114440918,15.029999732971191,15.029999732971191,110500,USD,NMS,America/New_York,Yahoo Finance
AOUT,2026-09-11,15.050000190734863,15.729999542236328,15.020000457763672,15.680000305175781,15.680000305175781,172600,USD,NMS,America/New_York,Yahoo Finance
AOUT,2026-09-14,15.670000076293945,15.680000305175781,15.140000343322754,15.229999542236328,15.229999542236328,86300,USD,NMS,America/New_York,Yahoo Finance
AOUT,2026-09-15,15.359999656677246,15.40999984741211,14.920000076293945,15.305000305175781,15.305000305175781,95300,USD,NMS,America/New_York,Yahoo Finance
AOUT,2026-09-16,15.420000076293945,15.920000076293945,15.272000312805176,15.4399995803833,15.4399995803833,67900,USD,NMS,America/New_York,Yahoo Finance
AOUT,2026-09-17,15.829999923706055,16.010000228881836,15.470000267028809,15.925000190734863,15.925000190734863,71600,USD,NMS,America/New_York,Yahoo Finance
AOUT,2026-09-18,15.930000305175781,16.760000228881836,15.8100004196167,16.420000076293945,16.420000076293945,125200,USD,NMS,America/New_York,Yahoo Finance
AOUT,2026-09-21,16.829999923706055,16.989999771118164,16.25,16.829999923706055,16.829999923706055,298200,USD,NMS,America/New_York,Yahoo Finance
AOUT,2026-09-22,17.0,17.0,16.424999237060547,16.68000030517578,16.68000030517578,104900,USD,NMS,America/New_York,Yahoo Finance
AOUT,2026-09-23,16.579999923706055,16.8799991607666,16.3700008392334,16.510000228881836,16.510000228881836,69200,USD,NMS,America/New_York,Yahoo Finance
AOUT,2026-09-24,16.399999618530273,17.30500030517578,16.389999389648438,17.030000686645508,17.030000686645508,117100,USD,NMS,America/New_York,Yahoo Finance
AOUT,2026-09-25,17.049999237060547,17.68899917602539,16.8799991607666,17.549999237060547,17.549999237060547,153900,USD,NMS,America/New_York,Yahoo Finance
AOUT,2026-09-28,17.479999542236328,17.68000030517578,16.889999389648438,17.079999923706055,17.079999923706055,103500,USD,NMS,America/New_York,Yahoo Finance
AOUT,2026-09-29,17.18000030517578,17.235000610351562,16.839000701904297,16.899999618530273,16.899999618530273,78900,USD,NMS,America/New_York,Yahoo Finance
AOUT,2026-09-30,16.920000076293945,17.1200008392334,15.944999694824219,16.200000762939453,16.200000762939453,167900,USD,NMS,America/New_York,Yahoo Finance
AOUT,2026-10-01,16.200000762939453,16.334999084472656,15.699999809265137,16.040000915527344,16.040000915527344,160000,USD,NMS,America/New_York,Yahoo Finance
AOUT,2026-10-02,16.729999542236328,17.079999923706055,16.06999969482422,16.350000381469727,16.350000381469727,160900,USD,NMS,America/New_York,Yahoo Finance
APT21794-USD,2026-09-02,0.5465059876441956,0.5877000093460083,0.5366520285606384,0.5849689841270447,0.5849689841270447,78759900,USD,CCC,UTC,Yahoo Finance
APT21794-USD,2026-09-03,0.5849779844284058,0.6274790167808533,0.5765600204467773,0.6032230257987976,0.6032230257987976,109284591,USD,CCC,UTC,Yahoo Finance
APT21794-USD,2026-09-04,0.603210985660553,0.605476975440979,0.5708190202713013,0.5807790160179138,0.5807790160179138,47896246,USD,CCC,UTC,Yahoo Finance
APT21794-USD,2026-09-05,0.5807790160179138,0.624625027179718,0.5787799954414368,0.6151099801063538,0.6151099801063538,51838174,USD,CCC,UTC,Yahoo Finance
APT21794-USD,2026-09-06,0.6150810122489929,0.6312569975852966,0.6097390055656433,0.6243720054626465,0.6243720054626465,62086878,USD,CCC,UTC,Yahoo Finance
APT21794-USD,2026-09-07,0.6244120001792908,0.6479420065879822,0.6132190227508545,0.6415420174598694,0.6415420174598694,80940389,USD,CCC,UTC,Yahoo Finance
APT21794-USD,2026-09-08,0.6415420174598694,0.6700810194015503,0.6266989707946777,0.6489009857177734,0.6489009857177734,87016498,USD,CCC,UTC,Yahoo Finance
APT21794-USD,2026-09-09,0.6488869786262512,0.6827239990234375,0.6238679885864258,0.6276580095291138,0.6276580095291138,117535020,USD,CCC,UTC,Yahoo Finance
APT21794-USD,2026-09-10,0.6276559829711914,0.6535990238189697,0.6119490265846252,0.6405310034751892,0.6405310034751892,98868873,USD,CCC,UTC,Yahoo Finance
APT21794-USD,2026-09-11,0.6405289769172668,0.6594690084457397,0.5916029810905457,0.5961260199546814,0.5961260199546814,106121264,USD,CCC,UTC,Yahoo Finance
APT21794-USD,2026-09-12,0.5961260199546814,0.6219729781150818,0.5960860252380371,0.6011009812355042,0.6011009812355042,44482098,USD,CCC,UTC,Yahoo Finance
APT21794-USD,2026-09-13,0.6011009812355042,0.6111999750137329,0.5824530124664307,0.5880690217018127,0.5880690217018127,52509013,USD,CCC,UTC,Yahoo Finance
APT21794-USD,2026-09-14,0.5880690217018127,0.6075360178947449,0.5829460024833679,0.5889800190925598,0.5889800190925598,58354041,USD,CCC,UTC,Yahoo Finance
APT21794-USD,2026-09-15,0.5889649987220764,0.589398980140686,0.5438770055770874,0.5471919775009155,0.5471919775009155,67342308,USD,CCC,UTC,Yahoo Finance
APT21794-USD,2026-09-16,0.5471919775009155,0.5558440089225769,0.5252180099487305,0.5547090172767639,0.5547090172767639,75098704,USD,CCC,UTC,Yahoo Finance
APT21794-USD,2026-09-17,0.5547080039978027,0.5978670120239258,0.5527840256690979,0.5966020226478577,0.5966020226478577,64799154,USD,CCC,UTC,Yahoo Finance
APT21794-USD,2026-09-18,0.5966020226478577,0.741142988204956,0.5954390168190002,0.7310069799423218,0.7310069799423218,272665352,USD,CCC,UTC,Yahoo Finance
APT21794-USD,2026-09-19,0.7309889793395996,0.778668999671936,0.6974890232086182,0.7246249914169312,0.7246249914169312,228083363,USD,CCC,UTC,Yahoo Finance
APT21794-USD,2026-09-20,0.7246249914169312,0.7628179788589478,0.7109360098838806,0.73785400390625,0.73785400390625,118182542,USD,CCC,UTC,Yahoo Finance
APT21794-USD,2026-09-21,0.7378630042076111,0.8056560158729553,0.7316169738769531,0.795225977897644,0.795225977897644,185150942,USD,CCC,UTC,Yahoo Finance
APT21794-USD,2026-09-22,0.7952290177345276,0.8370260000228882,0.7504439949989319,0.8283500075340271,0.8283500075340271,157038474,USD,CCC,UTC,Yahoo Finance
APT21794-USD,2026-09-23,0.8284680247306824,0.8563119769096375,0.7522159814834595,0.75347900390625,0.75347900390625,135747552,USD,CCC,UTC,Yahoo Finance
APT21794-USD,2026-09-24,0.7534779906272888,0.8474370241165161,0.7469670176506042,0.8093500137329102,0.8093500137329102,82401832,USD,CCC,UTC,Yahoo Finance
APT21794-USD,2026-09-25,0.8093270063400269,0.8810250163078308,0.7898989915847778,0.8708599805831909,0.8708599805831909,92801140,USD,CCC,UTC,Yahoo Finance
APT21794-USD,2026-09-26,0.8708599805831909,0.8852099776268005,0.8248940110206604,0.8519129753112793,0.8519129753112793,69173531,USD,CCC,UTC,Yahoo Finance
APT21794-USD,2026-09-27,0.8519129753112793,0.8734819889068604,0.8314729928970337,0.8653839826583862,0.8653839826583862,73083893,USD,CCC,UTC,Yahoo Finance
APT21794-USD,2026-09-28,0.8653900027275085,0.8727629780769348,0.7968819737434387,0.8299959897994995,0.8299959897994995,91034389,USD,CCC,UTC,Yahoo Finance
APT21794-USD,2026-09-29,0.8299810290336609,0.8517019748687744,0.7813559770584106,0.7898550033569336,0.7898550033569336,91788567,USD,CCC,UTC,Yahoo Finance
APT21794-USD,2026-09-30,0.7898550033569336,0.8203549981117249,0.7588430047035217,0.7700480222702026,0.7700480222702026,78366947,USD,CCC,UTC,Yahoo Finance
APT21794-USD,2026-10-01,0.7700480222702026,0.7889410257339478,0.7579820156097412,0.7760850191116333,0.7760850191116333,64935682,USD,CCC,UTC,Yahoo Finance
ARCI,2026-08-21,10.140000343322754,10.140000343322754,10.140000343322754,10.140000343322754,10.140000343322754,41900,USD,NGM,America/New_York,Yahoo Finance
ARCI,2026-08-24,10.140000343322754,10.140000343322754,10.140000343322754,10.140000343322754,10.140000343322754,100,USD,NGM,America/New_York,Yahoo Finance
ARCI,2026-08-25,10.140000343322754,10.140000343322754,10.140000343322754,10.140000343322754,10.140000343322754,0,USD,NGM,America/New_York,Yahoo Finance
ARCI,2026-08-26,10.140000343322754,10.140000343322754,10.140000343322754,10.140000343322754,10.140000343322754,0,USD,NGM,America/New_York,Yahoo Finance
ARCI,2026-08-27,10.140000343322754,10.140000343322754,10.140000343322754,10.140000343322754,10.140000343322754,0,USD,NGM,America/New_York,Yahoo Finance
ARCI,2026-08-28,10.140000343322754,10.140000343322754,10.140000343322754,10.140000343322754,10.140000343322754,0,USD,NGM,America/New_York,Yahoo Finance
ARCI,2026-08-31,10.140000343322754,10.140000343322754,10.140000343322754,10.140000343322754,10.140000343322754,100,USD,NGM,America/New_York,Yahoo Finance
ARCI,2026-09-01,10.140000343322754,10.140000343322754,10.140000343322754,10.140000343322754,10.140000343322754,0,USD,NGM,America/New_York,Yahoo Finance
ARCI,2026-09-02,10.119999885559082,10.130000114440918,10.119999885559082,10.119999885559082,10.119999885559082,14100,USD,NGM,America/New_York,Yahoo Finance
ARCI,2026-09-03,10.109999656677246,10.109999656677246,10.109999656677246,10.109999656677246,10.109999656677246,43800,USD,NGM,America/New_York,Yahoo Finance
ARCI,2026-09-04,10.109999656677246,10.109999656677246,10.100000381469727,10.100000381469727,10.100000381469727,150000,USD,NGM,America/New_York,Yahoo Finance
ARCI,2026-09-08,10.109999656677246,10.109999656677246,10.100000381469727,10.100000381469727,10.100000381469727,500,USD,NGM,America/New_York,Yahoo Finance
ARCI,2026-09-09,10.100000381469727,10.100000381469727,10.100000381469727,10.100000381469727,10.100000381469727,0,USD,NGM,America/New_York,Yahoo Finance
ARCI,2026-09-10,10.119999885559082,10.119999885559082,10.100000381469727,10.100000381469727,10.100000381469727,7200,USD,NGM,America/New_York,Yahoo Finance
ARCI,2026-09-11,10.100000381469727,10.100000381469727,10.100000381469727,10.100000381469727,10.100000381469727,0,USD,NGM,America/New_York,Yahoo Finance
ARCI,2026-09-14,10.100000381469727,10.100000381469727,10.100000381469727,10.100000381469727,10.100000381469727,0,USD,NGM,America/New_York,Yahoo Finance
ARCI,2026-09-15,10.100000381469727,10.100000381469727,10.100000381469727,10.100000381469727,10.100000381469727,0,USD,NGM,America/New_York,Yahoo Finance
ARCI,2026-09-16,10.100000381469727,10.100000381469727,10.100000381469727,10.100000381469727,10.100000381469727,0,USD,NGM,America/New_York,Yahoo Finance
ARCI,2026-09-17,10.100000381469727,10.100000381469727,10.100000381469727,10.100000381469727,10.100000381469727,0,USD,NGM,America/New_York,Yahoo Finance
ARCI,2026-09-18,10.100000381469727,10.100000381469727,10.100000381469727,10.100000381469727,10.100000381469727,0,USD,NGM,America/New_York,Yahoo Finance
ARCI,2026-09-21,10.100000381469727,10.109999656677246,10.100000381469727,10.100000381469727,10.100000381469727,8200,USD,NGM,America/New_York,Yahoo Finance
ARCI,2026-09-22,10.100000381469727,10.100000381469727,10.100000381469727,10.100000381469727,10.100000381469727,100,USD,NGM,America/New_York,Yahoo Finance
ARCI,2026-09-23,10.100000381469727,10.100000381469727,10.050000190734863,10.100000381469727,10.100000381469727,297400,USD,NGM,America/New_York,Yahoo Finance
ARCI,2026-09-24,10.079999923706055,10.100000381469727,10.079999923706055,10.100000381469727,10.100000381469727,300,USD,NGM,America/New_York,Yahoo Finance
ARCI,2026-09-25,10.100000381469727,10.100000381469727,10.100000381469727,10.100000381469727,10.100000381469727,0,USD,NGM,America/New_York,Yahoo Finance
ARCI,2026-09-28,10.100000381469727,10.100000381469727,10.100000381469727,10.100000381469727,10.100000381469727,0,USD,NGM,America/New_York,Yahoo Finance
ARCI,2026-09-29,10.100000381469727,10.100000381469727,10.100000381469727,10.100000381469727,10.100000381469727,0,USD,NGM,America/New_York,Yahoo Finance
ARCI,2026-09-30,10.100000381469727,10.100000381469727,10.100000381469727,10.100000381469727,10.100000381469727,0,USD,NGM,America/New_York,Yahoo Finance
ARCI,2026-10-01,10.079999923706055,10.100000381469727,10.079999923706055,10.100000381469727,10.100000381469727,48800,USD,NGM,America/New_York,Yahoo Finance
ARCI,2026-10-02,10.079999923706055,10.079999923706055,10.079999923706055,10.079999923706055,10.079999923706055,10100,USD,NGM,America/New_York,Yahoo Finance
ARKO,2026-08-21,4.650000095367432,4.800000190734863,4.610000133514404,4.75,4.75,938300,USD,NCM,America/New_York,Yahoo Finance
ARKO,2026-08-24,4.730000019073486,4.760000228881836,4.614999771118164,4.71999979019165,4.71999979019165,609000,USD,NCM,America/New_York,Yahoo Finance
ARKO,2026-08-25,4.730000019073486,4.829999923706055,4.659999847412109,4.670000076293945,4.670000076293945,606100,USD,NCM,America/New_York,Yahoo Finance
ARKO,2026-08-26,4.679999828338623,4.795000076293945,4.610000133514404,4.670000076293945,4.670000076293945,814100,USD,NCM,America/New_York,Yahoo Finance
ARKO,2026-08-27,4.630000114440918,4.630000114440918,4.449999809265137,4.460000038146973,4.460000038146973,760600,USD,NCM,America/New_York,Yahoo Finance
ARKO,2026-08-28,4.440000057220459,4.460000038146973,4.340000152587891,4.369999885559082,4.369999885559082,820300,USD,NCM,America/New_York,Yahoo Finance
ARKO,2026-08-31,4.369999885559082,4.579999923706055,4.300000190734863,4.559999942779541,4.559999942779541,1322400,USD,NCM,America/New_York,Yahoo Finance
ARKO,2026-09-01,4.539999961853027,4.675000190734863,4.449999809265137,4.5,4.5,1403500,USD,NCM,America/New_York,Yahoo Finance
ARKO,2026-09-02,4.550000190734863,4.78000020980835,4.501999855041504,4.739999771118164,4.739999771118164,899400,USD,NCM,America/New_York,Yahoo Finance
ARKO,2026-09-03,4.760000228881836,4.84499979019165,4.630000114440918,4.829999923706055,4.829999923706055,859500,USD,NCM,America/New_York,Yahoo Finance
ARKO,2026-09-04,4.769999980926514,4.954999923706055,4.75,4.889999866485596,4.889999866485596,750600,USD,NCM,America/New_York,Yahoo Finance
ARKO,2026-09-08,4.860000133514404,4.889999866485596,4.65500020980835,4.704999923706055,4.704999923706055,912700,USD,NCM,America/New_York,Yahoo Finance
ARKO,2026-09-09,4.699999809265137,4.735000133514404,4.400000095367432,4.440000057220459,4.440000057220459,1296900,USD,NCM,America/New_York,Yahoo Finance
ARKO,2026-09-10,4.449999809265137,4.46999979019165,4.300000190734863,4.46999979019165,4.46999979019165,1067400,USD,NCM,America/New_York,Yahoo Finance
ARKO,2026-09-11,4.519999980926514,4.570000171661377,4.449999809265137,4.519999980926514,4.519999980926514,975700,USD,NCM,America/New_York,Yahoo Finance
ARKO,2026-09-14,4.46999979019165,4.610000133514404,4.460000038146973,4.570000171661377,4.570000171661377,770700,USD,NCM,America/New_York,Yahoo Finance
ARKO,2026-09-15,4.559999942779541,4.565000057220459,4.369999885559082,4.420000076293945,4.420000076293945,678900,USD,NCM,America/New_York,Yahoo Finance
ARKO,2026-09-16,4.449999809265137,4.480000019073486,4.304999828338623,4.349999904632568,4.349999904632568,724700,USD,NCM,America/New_York,Yahoo Finance
ARKO,2026-09-17,4.409999847412109,4.420000076293945,4.315000057220459,4.340000152587891,4.340000152587891,781200,USD,NCM,America/New_York,Yahoo Finance
ARKO,2026-09-18,4.309999942779541,4.34499979019165,4.210000038146973,4.21999979019165,4.21999979019165,3132300,USD,NCM,America/New_York,Yahoo Finance
ARKO,2026-09-21,4.269999980926514,4.295000076293945,4.204999923706055,4.239999771118164,4.239999771118164,708100,USD,NCM,America/New_York,Yahoo Finance
ARKO,2026-09-22,4.289999961853027,4.360000133514404,4.25,4.349999904632568,4.349999904632568,637500,USD,NCM,America/New_York,Yahoo Finance
ARKO,2026-09-23,4.309999942779541,4.315000057220459,4.21999979019165,4.230000019073486,4.230000019073486,580900,USD,NCM,America/New_York,Yahoo Finance
ARKO,2026-09-24,4.239999771118164,4.295000076293945,4.184999942779541,4.230000019073486,4.230000019073486,539300,USD,NCM,America/New_York,Yahoo Finance
ARKO,2026-09-25,4.239999771118164,4.300000190734863,4.184999942779541,4.28000020980835,4.28000020980835,651600,USD,NCM,America/New_York,Yahoo Finance
ARKO,2026-09-28,4.309999942779541,4.335000038146973,4.230000019073486,4.260000228881836,4.260000228881836,670000,USD,NCM,America/New_York,Yahoo Finance
ARKO,2026-09-29,4.25,4.289999961853027,4.099999904632568,4.110000133514404,4.110000133514404,437800,USD,NCM,America/New_York,Yahoo Finance
ARKO,2026-09-30,4.099999904632568,4.144999980926514,3.9800000190734863,4.119999885559082,4.119999885559082,1029000,USD,NCM,America/New_York,Yahoo Finance
ARKO,2026-10-01,4.110000133514404,4.125,4.0,4.110000133514404,4.110000133514404,617800,USD,NCM,America/New_York,Yahoo Finance
ARKO,2026-10-02,4.170000076293945,4.195000171661377,4.119999885559082,4.170000076293945,4.170000076293945,310700,USD,NCM,America/New_York,Yahoo Finance
ARL,2026-08-21,15.289999961853027,15.289999961853027,15.210000038146973,15.210000038146973,15.210000038146973,900,USD,NYQ,America/New_York,Yahoo Finance
ARL,2026-08-24,15.380000114440918,15.380000114440918,15.380000114440918,15.380000114440918,15.380000114440918,700,USD,NYQ,America/New_York,Yahoo Finance
ARL,2026-08-25,15.380000114440918,15.569999694824219,15.329999923706055,15.329999923706055,15.329999923706055,800,USD,NYQ,America/New_York,Yahoo Finance
ARL,2026-08-26,14.970000267028809,14.970000267028809,14.970000267028809,14.970000267028809,14.970000267028809,700,USD,NYQ,America/New_York,Yahoo Finance
ARL,2026-08-27,15.100000381469727,15.350000381469727,15.0,15.0,15.0,3300,USD,NYQ,America/New_York,Yahoo Finance
ARL,2026-08-28,15.0,15.0,15.0,15.0,15.0,1000,USD,NYQ,America/New_York,Yahoo Finance
ARL,2026-08-31,15.0,15.0,15.0,15.0,15.0,900,USD,NYQ,America/New_York,Yahoo Finance
ARL,2026-09-01,15.050000190734863,15.050000190734863,15.050000190734863,15.050000190734863,15.050000190734863,700,USD,NYQ,America/New_York,Yahoo Finance
ARL,2026-09-02,15.029999732971191,16.100000381469727,15.029999732971191,15.949999809265137,15.949999809265137,2000,USD,NYQ,America/New_York,Yahoo Finance
ARL,2026-09-03,16.100000381469727,16.799999237060547,15.800000190734863,16.760000228881836,16.760000228881836,7100,USD,NYQ,America/New_York,Yahoo Finance
ARL,2026-09-04,16.559999465942383,16.979999542236328,15.489999771118164,15.600000381469727,15.600000381469727,4100,USD,NYQ,America/New_York,Yahoo Finance
ARL,2026-09-08,15.5,16.25,14.930000305175781,14.930000305175781,14.930000305175781,17200,USD,NYQ,America/New_York,Yahoo Finance
ARL,2026-09-09,15.489999771118164,15.520000457763672,15.489999771118164,15.520000457763672,15.520000457763672,1900,USD,NYQ,America/New_York,Yahoo Finance
ARL,2026-09-10,15.489999771118164,15.75,15.489999771118164,15.75,15.75,1000,USD,NYQ,America/New_York,Yahoo Finance
ARL,2026-09-11,16.079999923706055,16.079999923706055,16.079999923706055,16.079999923706055,16.079999923706055,700,USD,NYQ,America/New_York,Yahoo Finance
ARL,2026-09-14,16.079999923706055,16.079999923706055,16.079999923706055,16.079999923706055,16.079999923706055,700,USD,NYQ,America/New_York,Yahoo Finance
ARL,2026-09-15,16.06999969482422,16.06999969482422,16.06999969482422,16.06999969482422,16.06999969482422,1800,USD,NYQ,America/New_York,Yahoo Finance
ARL,2026-09-16,15.899999618530273,16.950000762939453,15.539999961853027,15.869999885559082,15.869999885559082,20400,USD,NYQ,America/New_York,Yahoo Finance
ARL,2026-09-17,16.760000228881836,16.760000228881836,16.34000015258789,16.65999984741211,16.65999984741211,3700,USD,NYQ,America/New_York,Yahoo Finance
ARL,2026-09-18,16.290000915527344,16.290000915527344,15.550000190734863,15.550000190734863,15.550000190734863,11200,USD,NYQ,America/New_York,Yahoo Finance
ARL,2026-09-21,15.529999732971191,15.539999961853027,15.489999771118164,15.539999961853027,15.539999961853027,11200,USD,NYQ,America/New_York,Yahoo Finance
ARL,2026-09-22,15.350000381469727,15.989999771118164,15.350000381469727,15.890000343322754,15.890000343322754,11200,USD,NYQ,America/New_York,Yahoo Finance
ARL,2026-09-23,15.649999618530273,16.09000015258789,14.359999656677246,14.359999656677246,14.359999656677246,15900,USD,NYQ,America/New_York,Yahoo Finance
ARL,2026-09-24,15.149999618530273,15.739999771118164,15.149999618530273,15.739999771118164,15.739999771118164,1900,USD,NYQ,America/New_York,Yahoo Finance
ARL,2026-09-25,15.90999984741211,16.649999618530273,15.90999984741211,16.209999084472656,16.209999084472656,2200,USD,NYQ,America/New_York,Yahoo Finance
ARL,2026-09-28,15.40999984741211,15.9399995803833,15.100000381469727,15.9399995803833,15.9399995803833,2400,USD,NYQ,America/New_York,Yahoo Finance
ARL,2026-09-29,15.529999732971191,16.920000076293945,15.09000015258789,16.6299991607666,16.6299991607666,5300,USD,NYQ,America/New_York,Yahoo Finance
ARL,2026-09-30,16.0,16.200000762939453,16.0,16.200000762939453,16.200000762939453,1800,USD,NYQ,America/New_York,Yahoo Finance
ARL,2026-10-01,16.719999313354492,16.719999313354492,16.719999313354492,16.719999313354492,16.719999313354492,600,USD,NYQ,America/New_York,Yahoo Finance
ARL,2026-10-02,17.049999237060547,17.049999237060547,16.040000915527344,16.040000915527344,16.040000915527344,3000,USD,NYQ,America/New_York,Yahoo Finance
ARMP,2026-08-21,4.420000076293945,5.099999904632568,4.420000076293945,5.099999904632568,5.099999904632568,111500,USD,ASE,America/New_York,Yahoo Finance
ARMP,2026-08-24,5.099999904632568,5.260000228881836,4.860000133514404,5.170000076293945,5.170000076293945,67700,USD,ASE,America/New_York,Yahoo Finance
ARMP,2026-08-25,5.230000019073486,5.699999809265137,5.230000019073486,5.559999942779541,5.559999942779541,94000,USD,ASE,America/New_York,Yahoo Finance
ARMP,2026-08-26,5.590000152587891,5.590000152587891,5.300000190734863,5.449999809265137,5.449999809265137,62200,USD,ASE,America/New_York,Yahoo Finance
ARMP,2026-08-27,5.420000076293945,5.46999979019165,4.730000019073486,5.429999828338623,5.429999828338623,270500,USD,ASE,America/New_York,Yahoo Finance
ARMP,2026-08-28,5.369999885559082,5.449999809265137,4.989999771118164,5.369999885559082,5.369999885559082,49700,USD,ASE,America/New_York,Yahoo Finance
ARMP,2026-08-31,5.349999904632568,5.519999980926514,5.179999828338623,5.510000228881836,5.510000228881836,51500,USD,ASE,America/New_York,Yahoo Finance
ARMP,2026-09-01,5.510000228881836,5.679999828338623,5.190000057220459,5.28000020980835,5.28000020980835,46500,USD,ASE,America/New_York,Yahoo Finance
ARMP,2026-09-02,5.360000133514404,5.619999885559082,5.269999980926514,5.53000020980835,5.53000020980835,70100,USD,ASE,America/New_York,Yahoo Finance
ARMP,2026-09-03,5.53000020980835,5.619999885559082,5.199999809265137,5.519999980926514,5.519999980926514,49300,USD,ASE,America/New_York,Yahoo Finance
ARMP,2026-09-04,5.489999771118164,5.869999885559082,5.480000019073486,5.840000152587891,5.840000152587891,48000,USD,ASE,America/New_York,Yahoo Finance
ARMP,2026-09-08,5.760000228881836,5.880000114440918,5.590000152587891,5.820000171661377,5.820000171661377,47400,USD,ASE,America/New_York,Yahoo Finance
ARMP,2026-09-09,5.760000228881836,5.789999961853027,5.400000095367432,5.409999847412109,5.409999847412109,17900,USD,ASE,America/New_York,Yahoo Finance
ARMP,2026-09-10,5.389999866485596,5.739999771118164,5.119999885559082,5.230000019073486,5.230000019073486,115400,USD,ASE,America/New_York,Yahoo Finance
ARMP,2026-09-11,5.300000190734863,5.550000190734863,5.260000228881836,5.380000114440918,5.380000114440918,43600,USD,ASE,America/New_York,Yahoo Finance
ARMP,2026-09-14,6.170000076293945,6.639999866485596,4.730000019073486,5.550000190734863,5.550000190734863,4743600,USD,ASE,America/New_York,Yahoo Finance
ARMP,2026-09-15,5.239999771118164,5.349999904632568,4.230000019073486,4.400000095367432,4.400000095367432,646200,USD,ASE,America/New_York,Yahoo Finance
ARMP,2026-09-16,4.400000095367432,4.440000057220459,3.990000009536743,4.070000171661377,4.070000171661377,307100,USD,ASE,America/New_York,Yahoo Finance
ARMP,2026-09-17,4.320000171661377,4.320000171661377,4.090000152587891,4.099999904632568,4.099999904632568,253300,USD,ASE,America/New_York,Yahoo Finance
ARMP,2026-09-18,4.070000171661377,4.400000095367432,4.0,4.179999828338623,4.179999828338623,160600,USD,ASE,America/New_York,Yahoo Finance
ARMP,2026-09-21,4.239999771118164,4.360000133514404,4.099999904632568,4.260000228881836,4.260000228881836,82900,USD,ASE,America/New_York,Yahoo Finance
ARMP,2026-09-22,4.269999980926514,4.559999942779541,4.139999866485596,4.199999809265137,4.199999809265137,128300,USD,ASE,America/New_York,Yahoo Finance
ARMP,2026-09-23,4.199999809265137,4.300000190734863,3.5999999046325684,3.640000104904175,3.640000104904175,286900,USD,ASE,America/New_York,Yahoo Finance
ARMP,2026-09-24,3.700000047683716,3.8299999237060547,3.5299999713897705,3.619999885559082,3.619999885559082,144400,USD,ASE,America/New_York,Yahoo Finance
ARMP,2026-09-25,3.5999999046325684,3.809999942779541,3.559999942779541,3.740000009536743,3.740000009536743,100800,USD,ASE,America/New_York,Yahoo Finance
ARMP,2026-09-28,3.6600000858306885,3.8499999046325684,3.549999952316284,3.7799999713897705,3.7799999713897705,85700,USD,ASE,America/New_York,Yahoo Finance
ARMP,2026-09-29,3.740000009536743,3.740000009536743,3.5199999809265137,3.5899999141693115,3.5899999141693115,91800,USD,ASE,America/New_York,Yahoo Finance
ARMP,2026-09-30,3.569999933242798,3.740000009536743,3.5299999713897705,3.6700000762939453,3.6700000762939453,127000,USD,ASE,America/New_York,Yahoo Finance
ARMP,2026-10-01,3.6700000762939453,3.7799999713897705,3.2799999713897705,3.309999942779541,3.309999942779541,76400,USD,ASE,America/New_York,Yahoo Finance
ARMP,2026-10-02,3.4000000953674316,3.549999952316284,3.319999933242798,3.5199999809265137,3.5199999809265137,124500,USD,ASE,America/New_York,Yahoo Finance
ASLE,2026-08-21,5.619999885559082,5.650000095367432,5.53000020980835,5.559999942779541,5.559999942779541,343500,USD,NCM,America/New_York,Yahoo Finance
ASLE,2026-08-24,5.550000190734863,5.690000057220459,5.519999980926514,5.610000133514404,5.610000133514404,549900,USD,NCM,America/New_York,Yahoo Finance
ASLE,2026-08-25,5.619999885559082,5.684999942779541,5.590000152587891,5.610000133514404,5.610000133514404,330000,USD,NCM,America/New_York,Yahoo Finance
ASLE,2026-08-26,5.610000133514404,5.748000144958496,5.605000019073486,5.730000019073486,5.730000019073486,296600,USD,NCM,America/New_York,Yahoo Finance
ASLE,2026-08-27,5.699999809265137,5.730000019073486,5.630000114440918,5.650000095367432,5.650000095367432,459300,USD,NCM,America/New_York,Yahoo Finance
ASLE,2026-08-28,5.630000114440918,5.699999809265137,5.614999771118164,5.630000114440918,5.630000114440918,548700,USD,NCM,America/New_York,Yahoo Finance
ASLE,2026-08-31,5.590000152587891,5.590000152587891,5.449999809265137,5.489999771118164,5.489999771118164,562600,USD,NCM,America/New_York,Yahoo Finance
ASLE,2026-09-01,5.449999809265137,5.525000095367432,5.40500020980835,5.449999809265137,5.449999809265137,509900,USD,NCM,America/New_York,Yahoo Finance
ASLE,2026-09-02,5.460000038146973,5.545000076293945,5.440000057220459,5.46999979019165,5.46999979019165,441900,USD,NCM,America/New_York,Yahoo Finance
ASLE,2026-09-03,5.5,5.663000106811523,5.480000019073486,5.639999866485596,5.639999866485596,429000,USD,NCM,America/New_York,Yahoo Finance
ASLE,2026-09-04,5.639999866485596,5.869999885559082,5.605000019073486,5.800000190734863,5.800000190734863,496500,USD,NCM,America/New_York,Yahoo Finance
ASLE,2026-09-08,5.769999980926514,5.78000020980835,5.675000190734863,5.690000057220459,5.690000057220459,372400,USD,NCM,America/New_York,Yahoo Finance
ASLE,2026-09-09,5.699999809265137,5.704999923706055,5.510000228881836,5.53000020980835,5.53000020980835,405900,USD,NCM,America/New_York,Yahoo Finance
ASLE,2026-09-10,5.5,5.554999828338623,5.269999980926514,5.369999885559082,5.369999885559082,338200,USD,NCM,America/New_York,Yahoo Finance
ASLE,2026-09-11,5.429999828338623,5.480000019073486,5.380000114440918,5.429999828338623,5.429999828338623,391000,USD,NCM,America/New_York,Yahoo Finance
ASLE,2026-09-14,5.409999847412109,5.434999942779541,5.340000152587891,5.420000076293945,5.420000076293945,390700,USD,NCM,America/New_York,Yahoo Finance
ASLE,2026-09-15,5.400000095367432,5.440000057220459,5.355000019073486,5.400000095367432,5.400000095367432,340500,USD,NCM,America/New_York,Yahoo Finance
ASLE,2026-09-16,5.409999847412109,5.5,5.369999885559082,5.400000095367432,5.400000095367432,532000,USD,NCM,America/New_York,Yahoo Finance
ASLE,2026-09-17,5.5,5.574999809265137,5.449999809265137,5.46999979019165,5.46999979019165,847500,USD,NCM,America/New_York,Yahoo Finance
ASLE,2026-09-18,5.46999979019165,5.570000171661377,5.4079999923706055,5.46999979019165,5.46999979019165,761300,USD,NCM,America/New_York,Yahoo Finance
ASLE,2026-09-21,5.510000228881836,5.525000095367432,5.360000133514404,5.46999979019165,5.46999979019165,439200,USD,NCM,America/New_York,Yahoo Finance
ASLE,2026-09-22,5.539999961853027,5.599999904632568,5.485000133514404,5.539999961853027,5.539999961853027,602000,USD,NCM,America/New_York,Yahoo Finance
ASLE,2026-09-23,5.53000020980835,5.539999961853027,5.480000019073486,5.480000019073486,5.480000019073486,331800,USD,NCM,America/New_York,Yahoo Finance
ASLE,2026-09-24,5.445000171661377,5.559999942779541,5.445000171661377,5.489999771118164,5.489999771118164,347500,USD,NCM,America/New_York,Yahoo Finance
ASLE,2026-09-25,5.53000020980835,5.545000076293945,5.389999866485596,5.400000095367432,5.400000095367432,348600,USD,NCM,America/New_York,Yahoo Finance
ASLE,2026-09-28,5.349999904632568,5.349999904632568,5.215000152587891,5.320000171661377,5.320000171661377,491200,USD,NCM,America/New_York,Yahoo Finance
ASLE,2026-09-29,5.320000171661377,5.354000091552734,5.264999866485596,5.309999942779541,5.309999942779541,335400,USD,NCM,America/New_York,Yahoo Finance
ASLE,2026-09-30,5.320000171661377,5.320000171661377,5.235000133514404,5.239999771118164,5.239999771118164,538600,USD,NCM,America/New_York,Yahoo Finance
ASLE,2026-10-01,5.210000038146973,5.25,5.0,5.0,5.0,435300,USD,NCM,America/New_York,Yahoo Finance
ASLE,2026-10-02,5.070000171661377,5.139999866485596,5.0,5.039999961853027,5.039999961853027,579200,USD,NCM,America/New_York,Yahoo Finance
ASTH,2026-08-17,40.40999984741211,40.65999984741211,38.720001220703125,39.75,39.75,493400,USD,NCM,America/New_York,Yahoo Finance
ASTH,2026-08-18,39.72999954223633,40.54999923706055,38.7599983215332,39.15999984741211,39.15999984741211,358000,USD,NCM,America/New_York,Yahoo Finance
ASTH,2026-08-19,39.709999084472656,41.0,39.130001068115234,39.400001525878906,39.400001525878906,384500,USD,NCM,America/New_York,Yahoo Finance
ASTH,2026-08-20,39.119998931884766,39.88999938964844,38.52000045776367,38.7400016784668,38.7400016784668,214300,USD,NCM,America/New_York,Yahoo Finance
ASTH,2026-08-21,38.900001525878906,39.439998626708984,38.43000030517578,39.349998474121094,39.349998474121094,395100,USD,NCM,America/New_York,Yahoo Finance
ASTH,2026-08-24,39.18000030517578,39.849998474121094,37.900001525878906,38.11000061035156,38.11000061035156,371400,USD,NCM,America/New_York,Yahoo Finance
ASTH,2026-08-25,38.11000061035156,38.11000061035156,36.599998474121094,37.61000061035156,37.61000061035156,362700,USD,NCM,America/New_York,Yahoo Finance
ASTH,2026-08-26,37.63999938964844,39.36000061035156,37.06999969482422,38.61000061035156,38.61000061035156,281100,USD,NCM,America/New_York,Yahoo Finance
ASTH,2026-08-27,38.27000045776367,38.59000015258789,37.529998779296875,38.40999984741211,38.40999984741211,280900,USD,NCM,America/New_York,Yahoo Finance
ASTH,2026-08-28,38.459999084472656,38.68000030517578,37.65999984741211,37.959999084472656,37.959999084472656,368700,USD,NCM,America/New_York,Yahoo Finance
ASTH,2026-08-31,37.630001068115234,38.61000061035156,37.5099983215332,38.11000061035156,38.11000061035156,235200,USD,NCM,America/New_York,Yahoo Finance
ASTH,2026-09-01,38.040000915527344,39.38999938964844,37.689998626708984,38.599998474121094,38.599998474121094,301300,USD,NCM,America/New_York,Yahoo Finance
ASTH,2026-09-02,38.709999084472656,39.2400016784668,38.439998626708984,38.56999969482422,38.56999969482422,305500,USD,NCM,America/New_York,Yahoo Finance
ASTH,2026-09-03,38.79999923706055,38.95000076293945,37.529998779296875,37.83000183105469,37.83000183105469,380300,USD,NCM,America/New_York,Yahoo Finance
ASTH,2026-09-04,37.650001525878906,39.2400016784668,37.220001220703125,38.470001220703125,38.470001220703125,242000,USD,NCM,America/New_York,Yahoo Finance
ASTH,2026-09-08,38.20000076293945,38.279998779296875,37.2400016784668,38.099998474121094,38.099998474121094,305000,USD,NCM,America/New_York,Yahoo Finance
ASTH,2026-09-09,37.869998931884766,38.20000076293945,36.65999984741211,38.060001373291016,38.060001373291016,196900,USD,NCM,America/New_York,Yahoo Finance
ASTH,2026-09-10,38.060001373291016,39.400001525878906,37.47999954223633,38.029998779296875,38.029998779296875,264200,USD,NCM,America/New_York,Yahoo Finance
ASTH,2026-09-11,38.45000076293945,38.880001068115234,37.59000015258789,37.97999954223633,37.97999954223633,191700,USD,NCM,America/New_York,Yahoo Finance
ASTH,2026-09-14,38.209999084472656,39.95000076293945,38.209999084472656,39.599998474121094,39.599998474121094,321300,USD,NCM,America/New_York,Yahoo Finance
ASTH,2026-09-15,39.70000076293945,39.70000076293945,38.0,38.349998474121094,38.349998474121094,314300,USD,NCM,America/New_York,Yahoo Finance
ASTH,2026-09-16,38.349998474121094,39.52000045776367,37.599998474121094,37.70000076293945,37.70000076293945,263400,USD,NCM,America/New_York,Yahoo Finance
ASTH,2026-09-17,37.959999084472656,38.15999984741211,34.16999816894531,34.29999923706055,34.29999923706055,1051800,USD,NCM,America/New_York,Yahoo Finance
ASTH,2026-09-18,33.869998931884766,35.220001220703125,33.13999938964844,34.36000061035156,34.36000061035156,1438100,USD,NCM,America/New_York,Yahoo Finance
ASTH,2026-09-21,34.400001525878906,34.439998626708984,32.220001220703125,33.54999923706055,33.54999923706055,603500,USD,NCM,America/New_York,Yahoo Finance
ASTH,2026-09-22,34.11000061035156,35.52000045776367,33.400001525878906,35.11000061035156,35.11000061035156,409500,USD,NCM,America/New_York,Yahoo Finance
ASTH,2026-09-23,33.08000183105469,34.459999084472656,32.220001220703125,34.34000015258789,34.34000015258789,405100,USD,NCM,America/New_York,Yahoo Finance
ASTH,2026-09-24,34.31999969482422,34.540000915527344,33.540000915527344,34.439998626708984,34.439998626708984,391500,USD,NCM,America/New_York,Yahoo Finance
ASTH,2026-09-25,34.459999084472656,36.40999984741211,34.11000061035156,36.369998931884766,36.369998931884766,336600,USD,NCM,America/New_York,Yahoo Finance
ASTH,2026-09-28,36.290000915527344,36.83000183105469,34.7400016784668,35.130001068115234,35.130001068115234,363600,USD,NCM,America/New_York,Yahoo Finance
AUB,2026-08-17,42.75,43.09000015258789,42.52000045776367,42.540000915527344,42.540000915527344,744400,USD,NYQ,America/New_York,Yahoo Finance
AUB,2026-08-18,42.63999938964844,42.75,42.130001068115234,42.36000061035156,42.36000061035156,723400,USD,NYQ,America/New_York,Yahoo Finance
AUB,2026-08-19,42.439998626708984,42.439998626708984,41.20000076293945,41.36000061035156,41.36000061035156,916700,USD,NYQ,America/New_York,Yahoo Finance
AUB,2026-08-20,41.13999938964844,41.349998474121094,40.81999969482422,41.02000045776367,41.02000045776367,855000,USD,NYQ,America/New_York,Yahoo Finance
AUB,2026-08-21,41.400001525878906,41.630001068115234,40.810001373291016,41.150001525878906,41.150001525878906,1298100,USD,NYQ,America/New_York,Yahoo Finance
AUB,2026-08-24,41.13999938964844,41.619998931884766,40.900001525878906,40.91999816894531,40.91999816894531,616300,USD,NYQ,America/New_York,Yahoo Finance
AUB,2026-08-25,41.029998779296875,41.060001373291016,40.380001068115234,40.52000045776367,40.52000045776367,740800,USD,NYQ,America/New_York,Yahoo Finance
AUB,2026-08-26,40.61000061035156,40.90999984741211,40.38999938964844,40.70000076293945,40.70000076293945,595100,USD,NYQ,America/New_York,Yahoo Finance
AUB,2026-08-27,40.310001373291016,40.869998931884766,40.06999969482422,40.83000183105469,40.83000183105469,534900,USD,NYQ,America/New_York,Yahoo Finance
AUB,2026-08-28,41.040000915527344,41.130001068115234,40.619998931884766,40.65999984741211,40.65999984741211,784100,USD,NYQ,America/New_York,Yahoo Finance
AUB,2026-08-31,40.619998931884766,40.68000030517578,40.130001068115234,40.33000183105469,40.33000183105469,723900,USD,NYQ,America/New_York,Yahoo Finance
AUB,2026-09-01,40.099998474121094,40.47999954223633,39.439998626708984,39.5099983215332,39.5099983215332,841500,USD,NYQ,America/New_York,Yahoo Finance
AUB,2026-09-02,39.869998931884766,41.0,39.709999084472656,40.599998474121094,40.599998474121094,1343700,USD,NYQ,America/New_York,Yahoo Finance
AUB,2026-09-03,40.9900016784668,41.31999969482422,40.689998626708984,40.77000045776367,40.77000045776367,901800,USD,NYQ,America/New_York,Yahoo Finance
AUB,2026-09-04,40.70000076293945,41.130001068115234,40.70000076293945,40.90999984741211,40.90999984741211,2456200,USD,NYQ,America/New_York,Yahoo Finance
AUB,2026-09-08,41.09000015258789,41.16999816894531,40.189998626708984,40.220001220703125,40.220001220703125,1664500,USD,NYQ,America/New_York,Yahoo Finance
AUB,2026-09-09,39.88999938964844,40.15999984741211,39.400001525878906,39.540000915527344,39.540000915527344,1450300,USD,NYQ,America/New_York,Yahoo Finance
AUB,2026-09-10,39.56999969482422,39.68000030517578,39.130001068115234,39.619998931884766,39.619998931884766,1184600,USD,NYQ,America/New_York,Yahoo Finance
AUB,2026-09-11,40.150001525878906,40.150001525878906,39.189998626708984,39.720001220703125,39.720001220703125,1223900,USD,NYQ,America/New_York,Yahoo Finance
AUB,2026-09-14,39.720001220703125,40.279998779296875,39.709999084472656,39.939998626708984,39.939998626708984,1457300,USD,NYQ,America/New_York,Yahoo Finance
AUB,2026-09-15,39.81999969482422,40.349998474121094,39.7599983215332,39.88999938964844,39.88999938964844,964800,USD,NYQ,America/New_York,Yahoo Finance
AUB,2026-09-16,39.95000076293945,39.95000076293945,38.459999084472656,39.13999938964844,39.13999938964844,1297500,USD,NYQ,America/New_York,Yahoo Finance
AUB,2026-09-17,39.58000183105469,39.810001373291016,38.86000061035156,38.970001220703125,38.970001220703125,745700,USD,NYQ,America/New_York,Yahoo Finance
AUB,2026-09-18,38.779998779296875,39.11000061035156,38.5099983215332,39.029998779296875,39.029998779296875,3845200,USD,NYQ,America/New_York,Yahoo Finance
AUB,2026-09-21,39.209999084472656,39.369998931884766,38.83000183105469,38.88999938964844,38.88999938964844,1098700,USD,NYQ,America/New_York,Yahoo Finance
AUB,2026-09-22,39.13999938964844,39.29999923706055,38.599998474121094,38.65999984741211,38.65999984741211,1253400,USD,NYQ,America/New_York,Yahoo Finance
AUB,2026-09-23,38.650001525878906,38.79999923706055,38.25,38.25,38.25,1003400,USD,NYQ,America/New_York,Yahoo Finance
AUB,2026-09-24,38.380001068115234,38.689998626708984,38.060001373291016,38.52000045776367,38.52000045776367,1043000,USD,NYQ,America/New_York,Yahoo Finance
AUB,2026-09-25,38.790000915527344,39.0,38.560001373291016,38.779998779296875,38.779998779296875,1440900,USD,NYQ,America/New_York,Yahoo Finance
AUB,2026-09-28,38.779998779296875,38.84000015258789,38.459999084472656,38.54999923706055,38.54999923706055,1096200,USD,NYQ,America/New_York,Yahoo Finance
AUC,2026-08-21,6.800000190734863,6.800000190734863,6.800000190734863,6.800000190734863,6.800000190734863,500,USD,NCM,America/New_York,Yahoo Finance
AUC,2026-08-24,6.800000190734863,6.800000190734863,6.800000190734863,6.800000190734863,6.800000190734863,0,USD,NCM,America/New_York,Yahoo Finance
AUC,2026-08-25,6.800000190734863,6.800000190734863,6.800000190734863,6.800000190734863,6.800000190734863,0,USD,NCM,America/New_York,Yahoo Finance
AUC,2026-08-26,6.800000190734863,6.800000190734863,6.800000190734863,6.800000190734863,6.800000190734863,0,USD,NCM,America/New_York,Yahoo Finance
AUC,2026-08-27,6.800000190734863,6.800000190734863,6.800000190734863,6.800000190734863,6.800000190734863,0,USD,NCM,America/New_York,Yahoo Finance
AUC,2026-08-28,6.800000190734863,6.800000190734863,6.800000190734863,6.800000190734863,6.800000190734863,0,USD,NCM,America/New_York,Yahoo Finance
AUC,2026-08-31,6.800000190734863,6.800000190734863,6.650000095367432,6.701000213623047,6.701000213623047,5400,USD,NCM,America/New_York,Yahoo Finance
AUC,2026-09-01,6.701000213623047,6.701000213623047,6.701000213623047,6.701000213623047,6.701000213623047,0,USD,NCM,America/New_York,Yahoo Finance
AUC,2026-09-02,6.800000190734863,7.309999942779541,6.300000190734863,6.300000190734863,6.300000190734863,16900,USD,NCM,America/New_York,Yahoo Finance
AUC,2026-09-03,6.5,6.849999904632568,6.309999942779541,6.320000171661377,6.320000171661377,22100,USD,NCM,America/New_York,Yahoo Finance
AUC,2026-09-04,6.119999885559082,6.400000095367432,6.079999923706055,6.21999979019165,6.21999979019165,4700,USD,NCM,America/New_York,Yahoo Finance
AUC,2026-09-08,5.96999979019165,7.119999885559082,5.96999979019165,6.96999979019165,6.96999979019165,5400,USD,NCM,America/New_York,Yahoo Finance
AUC,2026-09-09,7.010000228881836,7.294000148773193,6.269999980926514,7.239999771118164,7.239999771118164,12400,USD,NCM,America/New_York,Yahoo Finance
AUC,2026-09-10,6.659999847412109,7.409999847412109,6.659999847412109,7.269999980926514,7.269999980926514,12300,USD,NCM,America/New_York,Yahoo Finance
AUC,2026-09-11,7.239999771118164,7.239999771118164,6.877999782562256,7.0,7.0,6200,USD,NCM,America/New_York,Yahoo Finance
AUC,2026-09-14,7.210000038146973,7.5,7.099999904632568,7.150000095367432,7.150000095367432,2800,USD,NCM,America/New_York,Yahoo Finance
AUC,2026-09-15,6.860000133514404,7.0879998207092285,6.690000057220459,6.690000057220459,6.690000057220459,2100,USD,NCM,America/New_York,Yahoo Finance
AUC,2026-09-16,6.949999809265137,7.050000190734863,6.949999809265137,6.960000038146973,6.960000038146973,3100,USD,NCM,America/New_York,Yahoo Finance
AUC,2026-09-17,6.659999847412109,6.690000057220459,6.659999847412109,6.690000057220459,6.690000057220459,2100,USD,NCM,America/New_York,Yahoo Finance
AUC,2026-09-18,7.050000190734863,9.329999923706055,7.050000190734863,9.329999923706055,9.329999923706055,7400,USD,NCM,America/New_York,Yahoo Finance
AUC,2026-09-21,9.329999923706055,9.329999923706055,7.659999847412109,7.659999847412109,7.659999847412109,6000,USD,NCM,America/New_York,Yahoo Finance
AUC,2026-09-22,8.449999809265137,9.199999809265137,7.920000076293945,9.199999809265137,9.199999809265137,6200,USD,NCM,America/New_York,Yahoo Finance
AUC,2026-09-23,9.0,9.0,7.010000228881836,8.770000457763672,8.770000457763672,11500,USD,NCM,America/New_York,Yahoo Finance
AUC,2026-09-24,8.859999656677246,8.899999618530273,8.175999641418457,8.899999618530273,8.899999618530273,2500,USD,NCM,America/New_York,Yahoo Finance
AUC,2026-09-25,8.970000267028809,8.970000267028809,7.989999771118164,8.479999542236328,8.479999542236328,1300,USD,NCM,America/New_York,Yahoo Finance
AUC,2026-09-28,8.869999885559082,9.279999732971191,8.489999771118164,9.279999732971191,9.279999732971191,6900,USD,NCM,America/New_York,Yahoo Finance
AUC,2026-09-29,9.289999961853027,9.289999961853027,8.399999618530273,9.199999809265137,9.199999809265137,10300,USD,NCM,America/New_York,Yahoo Finance
AUC,2026-09-30,8.920000076293945,9.145000457763672,8.920000076293945,9.119999885559082,9.119999885559082,4400,USD,NCM,America/New_York,Yahoo Finance
AUC,2026-10-01,9.100000381469727,9.100000381469727,8.819999694824219,9.050000190734863,9.050000190734863,3600,USD,NCM,America/New_York,Yahoo Finance
AUC,2026-10-02,9.15999984741211,9.15999984741211,8.239999771118164,8.670000076293945,8.670000076293945,5800,USD,NCM,America/New_York,Yahoo Finance
AXR,2026-08-21,23.309999465942383,23.440000534057617,22.25,23.0,23.0,30200,USD,NYQ,America/New_York,Yahoo Finance
AXR,2026-08-24,23.200000762939453,23.200000762939453,22.700000762939453,22.950000762939453,22.950000762939453,7700,USD,NYQ,America/New_York,Yahoo Finance
AXR,2026-08-25,22.969999313354492,23.3700008392334,22.93000030517578,23.0,23.0,3800,USD,NYQ,America/New_York,Yahoo Finance
AXR,2026-08-26,22.899999618530273,23.079999923706055,22.639999389648438,23.049999237060547,23.049999237060547,2900,USD,NYQ,America/New_York,Yahoo Finance
AXR,2026-08-27,22.989999771118164,22.989999771118164,22.65999984741211,22.950000762939453,22.950000762939453,6400,USD,NYQ,America/New_York,Yahoo Finance
AXR,2026-08-28,22.799999237060547,23.329999923706055,22.799999237060547,23.079999923706055,23.079999923706055,900,USD,NYQ,America/New_York,Yahoo Finance
AXR,2026-08-31,22.969999313354492,23.440000534057617,22.790000915527344,23.1299991607666,23.1299991607666,2000,USD,NYQ,America/New_York,Yahoo Finance
AXR,2026-09-01,22.90999984741211,23.059999465942383,22.899999618530273,22.90999984741211,22.90999984741211,1400,USD,NYQ,America/New_York,Yahoo Finance
AXR,2026-09-02,22.75,23.0,22.75,22.860000610351562,22.860000610351562,4800,USD,NYQ,America/New_York,Yahoo Finance
AXR,2026-09-03,23.079999923706055,23.079999923706055,22.940000534057617,22.959999084472656,22.959999084472656,5200,USD,NYQ,America/New_York,Yahoo Finance
AXR,2026-09-04,22.75,23.139999389648438,22.75,23.139999389648438,23.139999389648438,2300,USD,NYQ,America/New_York,Yahoo Finance
AXR,2026-09-08,23.020000457763672,24.06999969482422,22.81999969482422,23.010000228881836,23.010000228881836,11000,USD,NYQ,America/New_York,Yahoo Finance
AXR,2026-09-09,22.950000762939453,23.709999084472656,22.950000762939453,22.959999084472656,22.959999084472656,3400,USD,NYQ,America/New_York,Yahoo Finance
AXR,2026-09-10,22.950000762939453,23.200000762939453,22.719999313354492,22.969999313354492,22.969999313354492,5500,USD,NYQ,America/New_York,Yahoo Finance
AXR,2026-09-11,23.209999084472656,23.209999084472656,22.700000762939453,22.940000534057617,22.940000534057617,13900,USD,NYQ,America/New_York,Yahoo Finance
AXR,2026-09-14,22.0,23.389999389648438,21.31999969482422,22.799999237060547,22.799999237060547,15200,USD,NYQ,America/New_York,Yahoo Finance
AXR,2026-09-15,22.260000228881836,23.25,21.979999542236328,22.729999542236328,22.729999542236328,14400,USD,NYQ,America/New_York,Yahoo Finance
AXR,2026-09-16,22.899999618530273,23.059999465942383,21.979999542236328,22.479999542236328,22.479999542236328,14800,USD,NYQ,America/New_York,Yahoo Finance
AXR,2026-09-17,22.729999542236328,23.510000228881836,22.0,23.299999237060547,23.299999237060547,15700,USD,NYQ,America/New_York,Yahoo Finance
AXR,2026-09-18,22.34000015258789,23.1299991607666,22.34000015258789,22.6200008392334,22.6200008392334,24300,USD,NYQ,America/New_York,Yahoo Finance
AXR,2026-09-21,22.6299991607666,22.979999542236328,22.399999618530273,22.850000381469727,22.850000381469727,4400,USD,NYQ,America/New_York,Yahoo Finance
AXR,2026-09-22,22.6200008392334,22.6200008392334,22.100000381469727,22.600000381469727,22.600000381469727,4400,USD,NYQ,America/New_York,Yahoo Finance
AXR,2026-09-23,22.459999084472656,23.020000457763672,22.0,22.90999984741211,22.90999984741211,10700,USD,NYQ,America/New_York,Yahoo Finance
AXR,2026-09-24,22.649999618530273,22.809999465942383,22.34000015258789,22.6299991607666,22.6299991607666,13600,USD,NYQ,America/New_York,Yahoo Finance
AXR,2026-09-25,22.549999237060547,22.899999618530273,21.600000381469727,22.3700008392334,22.3700008392334,4700,USD,NYQ,America/New_York,Yahoo Finance
AXR,2026-09-28,22.15999984741211,22.399999618530273,22.15999984741211,22.280000686645508,22.280000686645508,1900,USD,NYQ,America/New_York,Yahoo Finance
AXR,2026-09-29,22.290000915527344,23.0,22.139999389648438,22.489999771118164,22.489999771118164,28700,USD,NYQ,America/New_York,Yahoo Finance
AXR,2026-09-30,22.56999969482422,23.350000381469727,22.110000610351562,22.520000457763672,22.520000457763672,20800,USD,NYQ,America/New_York,Yahoo Finance
AXR,2026-10-01,22.3700008392334,22.3700008392334,21.649999618530273,21.93000030517578,21.93000030517578,7000,USD,NYQ,America/New_York,Yahoo Finance
AXR,2026-10-02,21.790000915527344,21.889999389648438,21.290000915527344,21.540000915527344,21.540000915527344,4100,USD,NYQ,America/New_York,Yahoo Finance
AZUL,2026-08-17,8.140000343322754,8.140000343322754,7.820000171661377,7.980000019073486,7.980000019073486,49600,USD,NYQ,America/New_York,Yahoo Finance
AZUL,2026-08-18,7.889999866485596,7.980000019073486,7.320000171661377,7.710000038146973,7.710000038146973,16000,USD,NYQ,America/New_York,Yahoo Finance
AZUL,2026-08-19,7.900000095367432,7.900000095367432,7.599999904632568,7.599999904632568,7.599999904632568,2400,USD,NYQ,America/New_York,Yahoo Finance
AZUL,2026-08-20,7.480000019073486,7.809999942779541,7.480000019073486,7.630000114440918,7.630000114440918,24200,USD,NYQ,America/New_York,Yahoo Finance
AZUL,2026-08-21,7.789999961853027,8.09000015258789,7.400000095367432,7.53000020980835,7.53000020980835,803600,USD,NYQ,America/New_York,Yahoo Finance
AZUL,2026-08-24,7.460000038146973,7.550000190734863,7.349999904632568,7.5,7.5,175600,USD,NYQ,America/New_York,Yahoo Finance
AZUL,2026-08-25,7.570000171661377,8.0,7.320000171661377,7.800000190734863,7.800000190734863,76000,USD,NYQ,America/New_York,Yahoo Finance
AZUL,2026-08-26,7.739999771118164,7.739999771118164,7.480000019073486,7.489999771118164,7.489999771118164,34100,USD,NYQ,America/New_York,Yahoo Finance
AZUL,2026-08-27,7.53000020980835,7.610000133514404,7.369999885559082,7.519999980926514,7.519999980926514,268100,USD,NYQ,America/New_York,Yahoo Finance
AZUL,2026-08-28,7.480000019073486,7.480000019073486,7.28000020980835,7.389999866485596,7.389999866485596,43400,USD,NYQ,America/New_York,Yahoo Finance
AZUL,2026-08-31,7.309999942779541,7.619999885559082,7.079999923706055,7.599999904632568,7.599999904632568,144400,USD,NYQ,America/New_York,Yahoo Finance
AZUL,2026-09-01,7.510000228881836,7.510000228881836,7.139999866485596,7.25,7.25,79300,USD,NYQ,America/New_York,Yahoo Finance
AZUL,2026-09-02,7.210000038146973,7.53000020980835,7.210000038146973,7.400000095367432,7.400000095367432,48900,USD,NYQ,America/New_York,Yahoo Finance
AZUL,2026-09-03,7.46999979019165,7.489999771118164,7.230000019073486,7.260000228881836,7.260000228881836,21400,USD,NYQ,America/New_York,Yahoo Finance
AZUL,2026-09-04,7.099999904632568,7.570000171661377,7.099999904632568,7.489999771118164,7.489999771118164,11400,USD,NYQ,America/New_York,Yahoo Finance
AZUL,2026-09-08,7.489999771118164,7.590000152587891,7.130000114440918,7.130000114440918,7.130000114440918,16800,USD,NYQ,America/New_York,Yahoo Finance
AZUL,2026-09-09,7.449999809265137,7.449999809265137,7.090000152587891,7.130000114440918,7.130000114440918,35300,USD,NYQ,America/New_York,Yahoo Finance
AZUL,2026-09-10,7.079999923706055,7.179999828338623,7.0,7.059999942779541,7.059999942779541,57700,USD,NYQ,America/New_York,Yahoo Finance
AZUL,2026-09-11,7.03000020980835,7.110000133514404,6.800000190734863,6.849999904632568,6.849999904632568,121400,USD,NYQ,America/New_York,Yahoo Finance
AZUL,2026-09-14,6.800000190734863,6.800000190734863,6.599999904632568,6.690000057220459,6.690000057220459,39900,USD,NYQ,America/New_York,Yahoo Finance
AZUL,2026-09-15,6.769999980926514,6.800000190734863,6.5,6.539999961853027,6.539999961853027,102500,USD,NYQ,America/New_York,Yahoo Finance
AZUL,2026-09-16,6.599999904632568,6.730000019073486,6.539999961853027,6.570000171661377,6.570000171661377,16300,USD,NYQ,America/New_York,Yahoo Finance
AZUL,2026-09-17,6.639999866485596,6.699999809265137,6.400000095367432,6.619999885559082,6.619999885559082,606800,USD,NYQ,America/New_York,Yahoo Finance
AZUL,2026-09-18,6.659999847412109,6.659999847412109,6.329999923706055,6.400000095367432,6.400000095367432,56900,USD,NYQ,America/New_York,Yahoo Finance
AZUL,2026-09-21,6.300000190734863,6.699999809265137,6.190000057220459,6.650000095367432,6.650000095367432,92500,USD,NYQ,America/New_York,Yahoo Finance
AZUL,2026-09-22,6.75,6.75,6.53000020980835,6.619999885559082,6.619999885559082,60300,USD,NYQ,America/New_York,Yahoo Finance
AZUL,2026-09-23,6.5,6.53000020980835,6.239999771118164,6.25,6.25,36200,USD,NYQ,America/New_York,Yahoo Finance
AZUL,2026-09-24,6.380000114440918,6.460000038146973,6.0,6.170000076293945,6.170000076293945,2461200,USD,NYQ,America/New_York,Yahoo Finance
AZUL,2026-09-25,6.139999866485596,6.53000020980835,6.139999866485596,6.489999771118164,6.489999771118164,52400,USD,NYQ,America/New_York,Yahoo Finance
AZUL,2026-09-28,6.46999979019165,6.920000076293945,6.300000190734863,6.869999885559082,6.869999885559082,324200,USD,NYQ,America/New_York,Yahoo Finance
BAP,2026-08-17,385.2300109863281,392.3900146484375,375.510009765625,378.2799987792969,378.2799987792969,440300,USD,NYQ,America/New_York,Yahoo Finance
BAP,2026-08-18,376.2099914550781,389.70001220703125,365.7799987792969,368.44000244140625,368.44000244140625,350400,USD,NYQ,America/New_York,Yahoo Finance
BAP,2026-08-19,371.9800109863281,380.3699951171875,365.5799865722656,368.9800109863281,368.9800109863281,258200,USD,NYQ,America/New_York,Yahoo Finance
BAP,2026-08-20,368.1400146484375,377.9100036621094,368.1400146484375,370.2099914550781,370.2099914550781,298500,USD,NYQ,America/New_York,Yahoo Finance
BAP,2026-08-21,375.0899963378906,379.8299865722656,373.7200012207031,378.9700012207031,378.9700012207031,192800,USD,NYQ,America/New_York,Yahoo Finance
BAP,2026-08-24,379.0899963378906,381.5400085449219,375.17999267578125,379.739990234375,379.739990234375,199300,USD,NYQ,America/New_York,Yahoo Finance
BAP,2026-08-25,381.5400085449219,383.69000244140625,375.2099914550781,383.29998779296875,383.29998779296875,214600,USD,NYQ,America/New_York,Yahoo Finance
BAP,2026-08-26,382.8800048828125,385.9700012207031,380.8800048828125,382.54998779296875,382.54998779296875,240600,USD,NYQ,America/New_York,Yahoo Finance
BAP,2026-08-27,380.989990234375,383.010009765625,372.0899963378906,373.20001220703125,373.20001220703125,310600,USD,NYQ,America/New_York,Yahoo Finance
BAP,2026-08-28,377.7900085449219,377.7900085449219,367.9599914550781,368.3999938964844,368.3999938964844,554800,USD,NYQ,America/New_York,Yahoo Finance
BAP,2026-08-31,372.4800109863281,373.4700012207031,365.6499938964844,366.3800048828125,366.3800048828125,389100,USD,NYQ,America/New_York,Yahoo Finance
BAP,2026-09-01,366.0199890136719,374.3699951171875,364.489990234375,372.5199890136719,372.5199890136719,293900,USD,NYQ,America/New_York,Yahoo Finance
BAP,2026-09-02,374.92999267578125,383.80999755859375,372.5199890136719,379.55999755859375,379.55999755859375,278600,USD,NYQ,America/New_York,Yahoo Finance
BAP,2026-09-03,382.05999755859375,386.20001220703125,377.7099914550781,384.19000244140625,384.19000244140625,215200,USD,NYQ,America/New_York,Yahoo Finance
BAP,2026-09-04,380.3299865722656,385.260009765625,380.1199951171875,382.5299987792969,382.5299987792969,149400,USD,NYQ,America/New_York,Yahoo Finance
BAP,2026-09-08,383.8699951171875,385.2900085449219,375.5899963378906,377.239990234375,377.239990234375,579400,USD,NYQ,America/New_York,Yahoo Finance
BAP,2026-09-09,375.8299865722656,380.8299865722656,374.0299987792969,375.510009765625,375.510009765625,488400,USD,NYQ,America/New_York,Yahoo Finance
BAP,2026-09-10,374.0899963378906,379.9200134277344,370.8999938964844,379.44000244140625,379.44000244140625,539400,USD,NYQ,America/New_York,Yahoo Finance
BAP,2026-09-11,384.2900085449219,385.7200012207031,376.2099914550781,377.8999938964844,377.8999938964844,248700,USD,NYQ,America/New_York,Yahoo Finance
BAP,2026-09-14,375.9100036621094,380.5,373.2099914550781,376.0400085449219,376.0400085449219,222300,USD,NYQ,America/New_York,Yahoo Finance
BAP,2026-09-15,376.32000732421875,379.82000732421875,369.7099914550781,372.8999938964844,372.8999938964844,385000,USD,NYQ,America/New_York,Yahoo Finance
BAP,2026-09-16,376.57000732421875,387.0400085449219,376.0,381.1400146484375,381.1400146484375,539500,USD,NYQ,America/New_York,Yahoo Finance
BAP,2026-09-17,383.04998779296875,385.489990234375,376.4700012207031,383.9599914550781,383.9599914550781,338700,USD,NYQ,America/New_York,Yahoo Finance
BAP,2026-09-18,382.3500061035156,385.82000732421875,379.3999938964844,381.8299865722656,381.8299865722656,499300,USD,NYQ,America/New_York,Yahoo Finance
BAP,2026-09-21,386.4100036621094,391.9599914550781,383.05999755859375,389.9700012207031,389.9700012207031,196300,USD,NYQ,America/New_York,Yahoo Finance
BAP,2026-09-22,389.42999267578125,395.0,383.57000732421875,393.2200012207031,393.2200012207031,180900,USD,NYQ,America/New_York,Yahoo Finance
BAP,2026-09-23,390.2900085449219,393.9800109863281,385.3800048828125,385.3800048828125,385.3800048828125,238400,USD,NYQ,America/New_York,Yahoo Finance
BAP,2026-09-24,388.3599853515625,388.3599853515625,379.44000244140625,383.010009765625,383.010009765625,200900,USD,NYQ,America/New_York,Yahoo Finance
BAP,2026-09-25,384.0400085449219,388.6000061035156,381.32000732421875,386.1600036621094,386.1600036621094,211300,USD,NYQ,America/New_York,Yahoo Finance
BAP,2026-09-28,379.0,388.8399963378906,379.0,385.95001220703125,385.95001220703125,197100,USD,NYQ,America/New_York,Yahoo Finance
BB,2026-08-17,8.899999618530273,8.979999542236328,8.59000015258789,8.729999542236328,8.729999542236328,10467700,USD,NYQ,America/New_York,Yahoo Finance
BB,2026-08-18,8.510000228881836,8.649999618530273,8.350000381469727,8.579999923706055,8.579999923706055,9210600,USD,NYQ,America/New_York,Yahoo Finance
BB,2026-08-19,8.579999923706055,8.649999618530273,8.180000305175781,8.34000015258789,8.34000015258789,7049300,USD,NYQ,America/New_York,Yahoo Finance
BB,2026-08-20,8.3100004196167,8.380000114440918,8.109999656677246,8.140000343322754,8.140000343322754,6707700,USD,NYQ,America/New_York,Yahoo Finance
BB,2026-08-21,8.220000267028809,8.270000457763672,7.940000057220459,8.039999961853027,8.039999961853027,6774800,USD,NYQ,America/New_York,Yahoo Finance
BB,2026-08-24,7.929999828338623,7.940000057220459,7.619999885559082,7.650000095367432,7.650000095367432,8897100,USD,NYQ,America/New_York,Yahoo Finance
BB,2026-08-25,7.809999942779541,7.889999866485596,7.730000019073486,7.789999961853027,7.789999961853027,7728500,USD,NYQ,America/New_York,Yahoo Finance
BB,2026-08-26,7.699999809265137,7.849999904632568,7.659999847412109,7.789999961853027,7.789999961853027,6253500,USD,NYQ,America/New_York,Yahoo Finance
BB,2026-08-27,8.079999923706055,8.649999618530273,8.079999923706055,8.649999618530273,8.649999618530273,14446100,USD,NYQ,America/New_York,Yahoo Finance
BB,2026-08-28,8.600000381469727,8.829999923706055,8.079999923706055,8.15999984741211,8.15999984741211,14709000,USD,NYQ,America/New_York,Yahoo Finance
BB,2026-08-31,8.119999885559082,8.329999923706055,8.029999732971191,8.149999618530273,8.149999618530273,7954200,USD,NYQ,America/New_York,Yahoo Finance
BB,2026-09-01,8.029999732971191,8.09000015258789,7.75,7.829999923706055,7.829999923706055,9510300,USD,NYQ,America/New_York,Yahoo Finance
BB,2026-09-02,7.840000152587891,7.849999904632568,7.590000152587891,7.610000133514404,7.610000133514404,8480700,USD,NYQ,America/New_York,Yahoo Finance
BB,2026-09-03,7.75,7.75,7.579999923706055,7.699999809265137,7.699999809265137,8279800,USD,NYQ,America/New_York,Yahoo Finance
BB,2026-09-04,7.670000076293945,7.78000020980835,7.639999866485596,7.699999809265137,7.699999809265137,7886900,USD,NYQ,America/New_York,Yahoo Finance
BB,2026-09-08,7.710000038146973,8.010000228881836,7.53000020980835,7.869999885559082,7.869999885559082,13643100,USD,NYQ,America/New_York,Yahoo Finance
BB,2026-09-09,7.880000114440918,7.889999866485596,7.679999828338623,7.75,7.75,5912500,USD,NYQ,America/New_York,Yahoo Finance
BB,2026-09-10,7.619999885559082,7.760000228881836,7.46999979019165,7.539999961853027,7.539999961853027,8852500,USD,NYQ,America/New_York,Yahoo Finance
BB,2026-09-11,7.619999885559082,7.730000019073486,7.599999904632568,7.670000076293945,7.670000076293945,6896800,USD,NYQ,America/New_York,Yahoo Finance
BB,2026-09-14,7.550000190734863,7.909999847412109,7.460000038146973,7.75,7.75,9481800,USD,NYQ,America/New_York,Yahoo Finance
BB,2026-09-15,7.690000057220459,7.889999866485596,7.619999885559082,7.800000190734863,7.800000190734863,7920800,USD,NYQ,America/New_York,Yahoo Finance
BB,2026-09-16,7.789999961853027,7.929999828338623,7.570000171661377,7.639999866485596,7.639999866485596,10791300,USD,NYQ,America/New_York,Yahoo Finance
BB,2026-09-17,7.840000152587891,8.1899995803833,7.730000019073486,7.940000057220459,7.940000057220459,12779900,USD,NYQ,America/New_York,Yahoo Finance
BB,2026-09-18,8.0600004196167,8.109999656677246,7.800000190734863,7.989999771118164,7.989999771118164,13748100,USD,NYQ,America/New_York,Yahoo Finance
BB,2026-09-21,8.199999809265137,8.539999961853027,8.130000114440918,8.529999732971191,8.529999732971191,14476400,USD,NYQ,America/New_York,Yahoo Finance
BB,2026-09-22,9.140000343322754,9.220000267028809,8.460000038146973,8.619999885559082,8.619999885559082,30094700,USD,NYQ,America/New_York,Yahoo Finance
BB,2026-09-23,8.600000381469727,8.680000305175781,8.319999694824219,8.380000114440918,8.380000114440918,25093200,USD,NYQ,America/New_York,Yahoo Finance
BB,2026-09-24,8.420000076293945,8.800000190734863,7.929999828338623,8.729999542236328,8.729999542236328,45867700,USD,NYQ,America/New_York,Yahoo Finance
BB,2026-09-25,8.75,8.8100004196167,8.039999961853027,8.210000038146973,8.210000038146973,32315100,USD,NYQ,America/New_York,Yahoo Finance
BB,2026-09-28,7.940000057220459,8.979999542236328,7.849999904632568,8.800000190734863,8.800000190734863,30500000,USD,NYQ,America/New_York,Yahoo Finance
BBW,2026-08-21,38.7599983215332,39.16999816894531,37.79999923706055,38.88999938964844,38.545440673828125,669100,USD,NYQ,America/New_York,Yahoo Finance
BBW,2026-08-24,39.33000183105469,40.18000030517578,38.59000015258789,38.869998931884766,38.52561950683594,629000,USD,NYQ,America/New_York,Yahoo Finance
BBW,2026-08-25,38.65999984741211,40.0,37.36000061035156,39.369998931884766,39.02118682861328,591900,USD,NYQ,America/New_York,Yahoo Finance
BBW,2026-08-26,38.36000061035156,39.59000015258789,37.77000045776367,39.099998474121094,38.753578186035156,617500,USD,NYQ,America/New_York,Yahoo Finance
BBW,2026-08-27,33.2400016784668,33.70000076293945,27.5,28.440000534057617,28.18802833557129,5314800,USD,NYQ,America/New_York,Yahoo Finance
BBW,2026-08-28,28.959999084472656,30.149999618530273,28.65999984741211,29.850000381469727,29.585535049438477,2183100,USD,NYQ,America/New_York,Yahoo Finance
BBW,2026-08-31,30.59000015258789,31.309999465942383,29.389999389648438,30.270000457763672,30.001813888549805,1709100,USD,NYQ,America/New_York,Yahoo Finance
BBW,2026-09-01,30.010000228881836,30.610000610351562,28.729999542236328,30.399999618530273,30.130661010742188,978500,USD,NYQ,America/New_York,Yahoo Finance
BBW,2026-09-02,30.0,30.34000015258789,29.15999984741211,30.1200008392334,29.8531436920166,645300,USD,NYQ,America/New_York,Yahoo Finance
BBW,2026-09-03,30.549999237060547,31.0,29.0,29.06999969482422,28.81244468688965,677000,USD,NYQ,America/New_York,Yahoo Finance
BBW,2026-09-04,28.729999542236328,29.889999389648438,28.56999969482422,29.43000030517578,29.16925621032715,556900,USD,NYQ,America/New_York,Yahoo Finance
BBW,2026-09-08,29.190000534057617,29.420000076293945,28.600000381469727,29.139999389648438,28.881824493408203,528900,USD,NYQ,America/New_York,Yahoo Finance
BBW,2026-09-09,28.790000915527344,29.219999313354492,28.040000915527344,28.200000762939453,27.950153350830078,719200,USD,NYQ,America/New_York,Yahoo Finance
BBW,2026-09-10,28.100000381469727,28.649999618530273,27.989999771118164,28.18000030517578,27.930330276489258,502600,USD,NYQ,America/New_York,Yahoo Finance
BBW,2026-09-11,28.030000686645508,28.43000030517578,27.3700008392334,27.579999923706055,27.33564567565918,534000,USD,NYQ,America/New_York,Yahoo Finance
BBW,2026-09-14,27.81999969482422,28.149999618530273,27.09000015258789,27.15999984741211,26.91936683654785,487600,USD,NYQ,America/New_York,Yahoo Finance
BBW,2026-09-15,27.489999771118164,27.510000228881836,25.65999984741211,25.739999771118164,25.511947631835938,674400,USD,NYQ,America/New_York,Yahoo Finance
BBW,2026-09-16,25.959999084472656,26.709999084472656,25.530000686645508,26.3700008392334,26.136367797851562,713100,USD,NYQ,America/New_York,Yahoo Finance
BBW,2026-09-17,26.770000457763672,27.0,25.43000030517578,25.469999313354492,25.244338989257812,844200,USD,NYQ,America/New_York,Yahoo Finance
BBW,2026-09-18,25.399999618530273,25.59000015258789,24.3700008392334,24.440000534057617,24.223466873168945,737900,USD,NYQ,America/New_York,Yahoo Finance
BBW,2026-09-21,24.420000076293945,25.299999237060547,24.149999618530273,24.75,24.530719757080078,528800,USD,NYQ,America/New_York,Yahoo Finance
BBW,2026-09-22,25.25,26.489999771118164,25.18000030517578,26.3700008392334,26.136367797851562,836500,USD,NYQ,America/New_York,Yahoo Finance
BBW,2026-09-23,26.8799991607666,26.950000762939453,25.799999237060547,25.959999084472656,25.729997634887695,775300,USD,NYQ,America/New_York,Yahoo Finance
BBW,2026-09-24,25.459999084472656,25.809999465942383,24.780000686645508,25.100000381469727,25.100000381469727,617100,USD,NYQ,America/New_York,Yahoo Finance
BBW,2026-09-25,25.09000015258789,25.889999389648438,24.780000686645508,25.770000457763672,25.770000457763672,355200,USD,NYQ,America/New_York,Yahoo Finance
BBW,2026-09-28,25.81999969482422,26.079999923706055,25.209999084472656,25.360000610351562,25.360000610351562,459400,USD,NYQ,America/New_York,Yahoo Finance
BBW,2026-09-29,25.5,25.729999542236328,25.09000015258789,25.450000762939453,25.450000762939453,418800,USD,NYQ,America/New_York,Yahoo Finance
BBW,2026-09-30,25.549999237060547,25.739999771118164,24.420000076293945,25.06999969482422,25.06999969482422,685300,USD,NYQ,America/New_York,Yahoo Finance
BBW,2026-10-01,25.18000030517578,25.639999389648438,24.790000915527344,25.40999984741211,25.40999984741211,457600,USD,NYQ,America/New_York,Yahoo Finance
BBW,2026-10-02,25.6200008392334,25.700000762939453,25.040000915527344,25.559999465942383,25.559999465942383,266300,USD,NYQ,America/New_York,Yahoo Finance
BCYC,2026-08-21,4.289999961853027,4.510000228881836,4.251999855041504,4.369999885559082,4.369999885559082,480700,USD,NMS,America/New_York,Yahoo Finance
BCYC,2026-08-24,4.329999923706055,4.389999866485596,4.269999980926514,4.329999923706055,4.329999923706055,144000,USD,NMS,America/New_York,Yahoo Finance
BCYC,2026-08-25,4.380000114440918,4.480000019073486,4.349999904632568,4.389999866485596,4.389999866485596,209900,USD,NMS,America/New_York,Yahoo Finance
BCYC,2026-08-26,4.409999847412109,4.409999847412109,4.28000020980835,4.355000019073486,4.355000019073486,166100,USD,NMS,America/New_York,Yahoo Finance
BCYC,2026-08-27,4.360000133514404,4.449999809265137,4.28000020980835,4.329999923706055,4.329999923706055,104900,USD,NMS,America/New_York,Yahoo Finance
BCYC,2026-08-28,4.320000171661377,4.440000057220459,4.190000057220459,4.199999809265137,4.199999809265137,154700,USD,NMS,America/New_York,Yahoo Finance
BCYC,2026-08-31,4.210000038146973,4.320000171661377,4.099999904632568,4.130000114440918,4.130000114440918,235600,USD,NMS,America/New_York,Yahoo Finance
BCYC,2026-09-01,4.119999885559082,4.271999835968018,4.074999809265137,4.099999904632568,4.099999904632568,316700,USD,NMS,America/New_York,Yahoo Finance
BCYC,2026-09-02,4.099999904632568,4.389999866485596,4.099999904632568,4.300000190734863,4.300000190734863,317600,USD,NMS,America/New_York,Yahoo Finance
BCYC,2026-09-03,4.320000171661377,4.360000133514404,4.199999809265137,4.239999771118164,4.239999771118164,268100,USD,NMS,America/New_York,Yahoo Finance
BCYC,2026-09-04,4.199999809265137,4.304999828338623,4.144999980926514,4.300000190734863,4.300000190734863,157500,USD,NMS,America/New_York,Yahoo Finance
BCYC,2026-09-08,4.28000020980835,4.28000020980835,4.170000076293945,4.179999828338623,4.179999828338623,262900,USD,NMS,America/New_York,Yahoo Finance
BCYC,2026-09-09,4.170000076293945,4.170000076293945,3.984999895095825,4.005000114440918,4.005000114440918,399600,USD,NMS,America/New_York,Yahoo Finance
BCYC,2026-09-10,3.990000009536743,3.990000009536743,3.809999942779541,3.8299999237060547,3.8299999237060547,1942100,USD,NMS,America/New_York,Yahoo Finance
BCYC,2026-09-11,3.869999885559082,3.9549999237060547,3.8299999237060547,3.859999895095825,3.859999895095825,621200,USD,NMS,America/New_York,Yahoo Finance
BCYC,2026-09-14,3.9000000953674316,3.950000047683716,3.8299999237060547,3.890000104904175,3.890000104904175,209400,USD,NMS,America/New_York,Yahoo Finance
BCYC,2026-09-15,3.880000114440918,3.8949999809265137,3.6500000953674316,3.6700000762939453,3.6700000762939453,544100,USD,NMS,America/New_York,Yahoo Finance
BCYC,2026-09-16,3.680000066757202,3.7249999046325684,3.6050000190734863,3.640000104904175,3.640000104904175,599900,USD,NMS,America/New_York,Yahoo Finance
BCYC,2026-09-17,3.7300000190734863,3.7899999618530273,3.6700000762939453,3.680000066757202,3.680000066757202,185100,USD,NMS,America/New_York,Yahoo Finance
BCYC,2026-09-18,3.690000057220459,3.700000047683716,3.630000114440918,3.6500000953674316,3.6500000953674316,240400,USD,NMS,America/New_York,Yahoo Finance
BCYC,2026-09-21,3.700000047683716,3.7699999809265137,3.630000114440918,3.630000114440918,3.630000114440918,266500,USD,NMS,America/New_York,Yahoo Finance
BCYC,2026-09-22,3.6700000762939453,3.8299999237060547,3.6500000953674316,3.7300000190734863,3.7300000190734863,554700,USD,NMS,America/New_York,Yahoo Finance
BCYC,2026-09-23,3.7200000286102295,3.7200000286102295,3.569999933242798,3.5999999046325684,3.5999999046325684,374200,USD,NMS,America/New_York,Yahoo Finance
BCYC,2026-09-24,3.6600000858306885,3.950000047683716,3.6600000858306885,3.7300000190734863,3.7300000190734863,820000,USD,NMS,America/New_York,Yahoo Finance
BCYC,2026-09-25,3.7300000190734863,3.7300000190734863,3.6500000953674316,3.684999942779541,3.684999942779541,238900,USD,NMS,America/New_York,Yahoo Finance
BCYC,2026-09-28,3.690000057220459,3.809999942779541,3.578000068664551,3.7100000381469727,3.7100000381469727,442500,USD,NMS,America/New_York,Yahoo Finance
BCYC,2026-09-29,3.7200000286102295,3.7699999809265137,3.634999990463257,3.6500000953674316,3.6500000953674316,206200,USD,NMS,America/New_York,Yahoo Finance
BCYC,2026-09-30,3.690000057220459,3.7699999809265137,3.6600000858306885,3.680000066757202,3.680000066757202,295100,USD,NMS,America/New_York,Yahoo Finance
BCYC,2026-10-01,3.6700000762939453,3.740000009536743,3.549999952316284,3.559999942779541,3.559999942779541,379900,USD,NMS,America/New_York,Yahoo Finance
BCYC,2026-10-02,3.6500000953674316,3.694999933242798,3.3299999237060547,3.380000114440918,3.380000114440918,728700,USD,NMS,America/New_York,Yahoo Finance
BEN,2026-08-17,33.33000183105469,34.439998626708984,33.33000183105469,34.189998626708984,34.189998626708984,3140300,USD,NYQ,America/New_York,Yahoo Finance
BEN,2026-08-18,34.029998779296875,34.060001373291016,33.689998626708984,33.9900016784668,33.9900016784668,2226400,USD,NYQ,America/New_York,Yahoo Finance
BEN,2026-08-19,34.22999954223633,34.540000915527344,33.84000015258789,33.97999954223633,33.97999954223633,3111200,USD,NYQ,America/New_York,Yahoo Finance
BEN,2026-08-20,33.900001525878906,34.52000045776367,33.79999923706055,33.970001220703125,33.970001220703125,3400200,USD,NYQ,America/New_York,Yahoo Finance
BEN,2026-08-21,34.310001373291016,34.720001220703125,34.15999984741211,34.310001373291016,34.310001373291016,6235000,USD,NYQ,America/New_York,Yahoo Finance
BEN,2026-08-24,34.36000061035156,34.65999984741211,34.150001525878906,34.619998931884766,34.619998931884766,2393000,USD,NYQ,America/New_York,Yahoo Finance
BEN,2026-08-25,34.689998626708984,35.13999938964844,34.540000915527344,35.029998779296875,35.029998779296875,2343500,USD,NYQ,America/New_York,Yahoo Finance
BEN,2026-08-26,35.09000015258789,35.27000045776367,34.7599983215332,35.0099983215332,35.0099983215332,1987500,USD,NYQ,America/New_York,Yahoo Finance
BEN,2026-08-27,35.02000045776367,35.38999938964844,34.77000045776367,34.81999969482422,34.81999969482422,2357800,USD,NYQ,America/New_York,Yahoo Finance
BEN,2026-08-28,34.880001068115234,35.20000076293945,34.630001068115234,34.650001525878906,34.650001525878906,1975000,USD,NYQ,America/New_York,Yahoo Finance
BEN,2026-08-31,34.58000183105469,34.70000076293945,34.11000061035156,34.150001525878906,34.150001525878906,3518900,USD,NYQ,America/New_York,Yahoo Finance
BEN,2026-09-01,33.849998474121094,34.02000045776367,33.040000915527344,33.099998474121094,33.099998474121094,3414700,USD,NYQ,America/New_York,Yahoo Finance
BEN,2026-09-02,33.08000183105469,33.75,32.83000183105469,33.0099983215332,33.0099983215332,3445000,USD,NYQ,America/New_York,Yahoo Finance
BEN,2026-09-03,33.27000045776367,33.619998931884766,33.040000915527344,33.54999923706055,33.54999923706055,3262600,USD,NYQ,America/New_York,Yahoo Finance
BEN,2026-09-04,33.43000030517578,35.099998474121094,33.43000030517578,34.72999954223633,34.72999954223633,4847200,USD,NYQ,America/New_York,Yahoo Finance
BEN,2026-09-08,34.47999954223633,34.959999084472656,34.470001220703125,34.650001525878906,34.650001525878906,3978800,USD,NYQ,America/New_York,Yahoo Finance
BEN,2026-09-09,34.540000915527344,34.91999816894531,34.04999923706055,34.119998931884766,34.119998931884766,2485500,USD,NYQ,America/New_York,Yahoo Finance
BEN,2026-09-10,33.97999954223633,34.18000030517578,33.65999984741211,33.65999984741211,33.65999984741211,2565900,USD,NYQ,America/New_York,Yahoo Finance
BEN,2026-09-11,34.209999084472656,34.279998779296875,33.400001525878906,33.650001525878906,33.650001525878906,2205400,USD,NYQ,America/New_York,Yahoo Finance
BEN,2026-09-14,33.189998626708984,33.68000030517578,32.88999938964844,33.470001220703125,33.470001220703125,2703600,USD,NYQ,America/New_York,Yahoo Finance
BEN,2026-09-15,33.40999984741211,33.470001220703125,32.939998626708984,33.290000915527344,33.290000915527344,2964400,USD,NYQ,America/New_York,Yahoo Finance
BEN,2026-09-16,33.380001068115234,33.380001068115234,32.06999969482422,32.720001220703125,32.720001220703125,2559800,USD,NYQ,America/New_York,Yahoo Finance
BEN,2026-09-17,33.189998626708984,33.38999938964844,32.779998779296875,33.06999969482422,33.06999969482422,2325600,USD,NYQ,America/New_York,Yahoo Finance
BEN,2026-09-18,32.959999084472656,33.2400016784668,32.66999816894531,33.0099983215332,33.0099983215332,7454300,USD,NYQ,America/New_York,Yahoo Finance
BEN,2026-09-21,33.5,33.709999084472656,33.029998779296875,33.63999938964844,33.63999938964844,4988600,USD,NYQ,America/New_York,Yahoo Finance
BEN,2026-09-22,33.77000045776367,33.790000915527344,32.63999938964844,33.130001068115234,33.130001068115234,4860200,USD,NYQ,America/New_York,Yahoo Finance
BEN,2026-09-23,32.900001525878906,33.310001373291016,32.66999816894531,32.709999084472656,32.709999084472656,6780600,USD,NYQ,America/New_York,Yahoo Finance
BEN,2026-09-24,32.630001068115234,32.790000915527344,32.150001525878906,32.54999923706055,32.54999923706055,4861300,USD,NYQ,America/New_York,Yahoo Finance
BEN,2026-09-25,32.72999954223633,33.22999954223633,32.529998779296875,33.02000045776367,33.02000045776367,3649900,USD,NYQ,America/New_York,Yahoo Finance
BEN,2026-09-28,32.86000061035156,32.900001525878906,32.099998474121094,32.68000030517578,32.68000030517578,3694400,USD,NYQ,America/New_York,Yahoo Finance
BGB-USD,2026-09-04,2.0032589435577393,2.0032589435577393,1.9548519849777222,1.9819660186767578,1.9819660186767578,10054211,USD,CCC,UTC,Yahoo Finance
BGB-USD,2026-09-05,1.9819660186767578,2.0518789291381836,1.9748330116271973,2.029409885406494,2.029409885406494,9272767,USD,CCC,UTC,Yahoo Finance
BGB-USD,2026-09-06,2.029409885406494,2.0464279651641846,1.993162989616394,2.0190060138702393,2.0190060138702393,9073247,USD,CCC,UTC,Yahoo Finance
BGB-USD,2026-09-07,2.0190060138702393,2.0609889030456543,1.9980599880218506,2.0012550354003906,2.0012550354003906,11193687,USD,CCC,UTC,Yahoo Finance
BGB-USD,2026-09-08,2.0012550354003906,2.030355930328369,1.962630033493042,1.9984309673309326,1.9984309673309326,12751307,USD,CCC,UTC,Yahoo Finance
BGB-USD,2026-09-09,1.9984309673309326,2.012186050415039,1.9623700380325317,1.9652069807052612,1.9652069807052612,10971585,USD,CCC,UTC,Yahoo Finance
BGB-USD,2026-09-10,1.9652069807052612,1.978695034980774,1.927628993988037,1.9301860332489014,1.9301860332489014,12150968,USD,CCC,UTC,Yahoo Finance
BGB-USD,2026-09-11,1.928786039352417,2.0015869140625,1.9157719612121582,1.9335780143737793,1.9335780143737793,13603658,USD,CCC,UTC,Yahoo Finance
BGB-USD,2026-09-12,1.9335780143737793,1.9575929641723633,1.9303799867630005,1.9386850595474243,1.9386850595474243,6957060,USD,CCC,UTC,Yahoo Finance
BGB-USD,2026-09-13,1.9386850595474243,1.9579789638519287,1.9143120050430298,1.9237359762191772,1.9237359762191772,8723788,USD,CCC,UTC,Yahoo Finance
BGB-USD,2026-09-14,1.9237359762191772,1.9580810070037842,1.920451045036316,1.9424240589141846,1.9424240589141846,11737853,USD,CCC,UTC,Yahoo Finance
BGB-USD,2026-09-15,1.9424240589141846,1.9452630281448364,1.8650070428848267,1.8786519765853882,1.8786519765853882,11512438,USD,CCC,UTC,Yahoo Finance
BGB-USD,2026-09-16,1.8786519765853882,1.914247989654541,1.8781399726867676,1.9083689451217651,1.9083689451217651,13025731,USD,CCC,UTC,Yahoo Finance
BGB-USD,2026-09-17,1.9083689451217651,1.931717038154602,1.9008649587631226,1.9264780282974243,1.9264780282974243,7721274,USD,CCC,UTC,Yahoo Finance
BGB-USD,2026-09-18,1.9264780282974243,2.012363910675049,1.9250450134277344,1.9893889427185059,1.9893889427185059,14886858,USD,CCC,UTC,Yahoo Finance
BGB-USD,2026-09-19,1.9893889427185059,2.058696985244751,1.9760589599609375,2.0065219402313232,2.0065219402313232,11548355,USD,CCC,UTC,Yahoo Finance
BGB-USD,2026-09-20,2.0065219402313232,2.0262269973754883,1.9671319723129272,2.0106019973754883,2.0106019973754883,10869019,USD,CCC,UTC,Yahoo Finance
BGB-USD,2026-09-21,2.0106019973754883,2.1749320030212402,1.9979619979858398,2.174931049346924,2.174931049346924,24459215,USD,CCC,UTC,Yahoo Finance
BGB-USD,2026-09-22,2.174931049346924,2.180143117904663,2.0882599353790283,2.1143059730529785,2.1143059730529785,16141615,USD,CCC,UTC,Yahoo Finance
BGB-USD,2026-09-23,2.1143059730529785,2.139388084411621,2.025074005126953,2.0401439666748047,2.0401439666748047,14865691,USD,CCC,UTC,Yahoo Finance
BGB-USD,2026-09-24,2.0401439666748047,2.0718560218811035,1.8906760215759277,1.9550299644470215,1.9550299644470215,43828271,USD,CCC,UTC,Yahoo Finance
BGB-USD,2026-09-25,1.9550299644470215,2.031899929046631,1.9165769815444946,1.9782710075378418,1.9782710075378418,33881763,USD,CCC,UTC,Yahoo Finance
BGB-USD,2026-09-26,1.9782710075378418,2.0579910278320312,1.9691829681396484,2.0220580101013184,2.0220580101013184,20534461,USD,CCC,UTC,Yahoo Finance
BGB-USD,2026-09-27,2.0220580101013184,2.0791571140289307,2.015861988067627,2.0187790393829346,2.0187790393829346,17633109,USD,CCC,UTC,Yahoo Finance
BGB-USD,2026-09-28,2.0187790393829346,2.03174090385437,1.9599889516830444,1.9998279809951782,1.9998279809951782,24327724,USD,CCC,UTC,Yahoo Finance
BGB-USD,2026-09-29,1.9998279809951782,2.008991003036499,1.97114098072052,1.9816009998321533,1.9816009998321533,11250100,USD,CCC,UTC,Yahoo Finance
BGB-USD,2026-09-30,1.9816009998321533,2.004940986633301,1.9727189540863037,1.978322982788086,1.978322982788086,10769476,USD,CCC,UTC,Yahoo Finance
BGB-USD,2026-10-01,1.978322982788086,2.000744104385376,1.96710205078125,1.9872900247573853,1.9872900247573853,9798346,USD,CCC,UTC,Yahoo Finance
BGB-USD,2026-10-02,1.9872900247573853,2.0337679386138916,1.9838390350341797,1.9894980192184448,1.9894980192184448,14580269,USD,CCC,UTC,Yahoo Finance
BGB-USD,2026-10-03,1.9894980192184448,2.0016260147094727,1.9826359748840332,1.9973540306091309,1.9973540306091309,7502607,USD,CCC,UTC,Yahoo Finance
BHB,2026-08-21,39.38999938964844,39.95000076293945,38.779998779296875,39.650001525878906,39.650001525878906,202500,USD,ASE,America/New_York,Yahoo Finance
BHB,2026-08-24,39.56999969482422,39.939998626708984,39.0099983215332,39.619998931884766,39.619998931884766,100500,USD,ASE,America/New_York,Yahoo Finance
BHB,2026-08-25,39.720001220703125,39.720001220703125,38.970001220703125,39.38999938964844,39.38999938964844,94400,USD,ASE,America/New_York,Yahoo Finance
BHB,2026-08-26,39.380001068115234,39.47999954223633,39.150001525878906,39.310001373291016,39.310001373291016,67400,USD,ASE,America/New_York,Yahoo Finance
BHB,2026-08-27,39.130001068115234,39.400001525878906,38.529998779296875,39.2400016784668,39.2400016784668,78600,USD,ASE,America/New_York,Yahoo Finance
BHB,2026-08-28,39.349998474121094,40.11000061035156,38.900001525878906,39.400001525878906,39.400001525878906,69800,USD,ASE,America/New_York,Yahoo Finance
BHB,2026-08-31,39.27000045776367,39.40999984741211,38.90999984741211,39.22999954223633,39.22999954223633,55400,USD,ASE,America/New_York,Yahoo Finance
BHB,2026-09-01,39.08000183105469,39.619998931884766,38.70000076293945,38.849998474121094,38.849998474121094,47200,USD,ASE,America/New_York,Yahoo Finance
BHB,2026-09-02,39.130001068115234,40.27000045776367,38.58000183105469,39.810001373291016,39.810001373291016,87900,USD,ASE,America/New_York,Yahoo Finance
BHB,2026-09-03,40.08000183105469,40.45000076293945,39.72999954223633,40.189998626708984,40.189998626708984,87300,USD,ASE,America/New_York,Yahoo Finance
BHB,2026-09-04,40.040000915527344,40.81999969482422,40.040000915527344,40.38999938964844,40.38999938964844,47900,USD,ASE,America/New_York,Yahoo Finance
BHB,2026-09-08,40.150001525878906,40.369998931884766,39.88999938964844,40.04999923706055,40.04999923706055,59100,USD,ASE,America/New_York,Yahoo Finance
BHB,2026-09-09,39.880001068115234,40.16999816894531,39.5,39.900001525878906,39.900001525878906,73300,USD,ASE,America/New_York,Yahoo Finance
BHB,2026-09-10,39.79999923706055,40.439998626708984,39.5099983215332,40.400001525878906,40.400001525878906,58700,USD,ASE,America/New_York,Yahoo Finance
BHB,2026-09-11,40.689998626708984,40.849998474121094,39.95000076293945,40.560001373291016,40.560001373291016,52400,USD,ASE,America/New_York,Yahoo Finance
BHB,2026-09-14,40.540000915527344,41.0099983215332,39.560001373291016,40.70000076293945,40.70000076293945,84800,USD,ASE,America/New_York,Yahoo Finance
BHB,2026-09-15,40.59000015258789,41.119998931884766,40.349998474121094,40.90999984741211,40.90999984741211,69400,USD,ASE,America/New_York,Yahoo Finance
BHB,2026-09-16,40.619998931884766,40.880001068115234,39.439998626708984,40.41999816894531,40.41999816894531,134600,USD,ASE,America/New_York,Yahoo Finance
BHB,2026-09-17,40.41999816894531,40.84000015258789,39.900001525878906,40.34000015258789,40.34000015258789,111200,USD,ASE,America/New_York,Yahoo Finance
BHB,2026-09-18,40.34000015258789,40.54999923706055,39.68000030517578,40.04999923706055,40.04999923706055,184600,USD,ASE,America/New_York,Yahoo Finance
BHB,2026-09-21,40.380001068115234,40.90999984741211,40.18000030517578,40.279998779296875,40.279998779296875,78300,USD,ASE,America/New_York,Yahoo Finance
BHB,2026-09-22,40.470001220703125,40.529998779296875,39.86000061035156,40.130001068115234,40.130001068115234,65800,USD,ASE,America/New_York,Yahoo Finance
BHB,2026-09-23,39.93000030517578,40.099998474121094,39.34000015258789,39.40999984741211,39.40999984741211,60500,USD,ASE,America/New_York,Yahoo Finance
BHB,2026-09-24,39.54999923706055,39.880001068115234,39.400001525878906,39.72999954223633,39.72999954223633,91500,USD,ASE,America/New_York,Yahoo Finance
BHB,2026-09-25,39.86000061035156,40.16999816894531,37.61000061035156,38.959999084472656,38.959999084472656,466100,USD,ASE,America/New_York,Yahoo Finance
BHB,2026-09-28,38.959999084472656,39.5,38.779998779296875,39.209999084472656,39.209999084472656,90800,USD,ASE,America/New_York,Yahoo Finance
BHB,2026-09-29,39.119998931884766,39.150001525878906,38.33000183105469,38.79999923706055,38.79999923706055,82000,USD,ASE,America/New_York,Yahoo Finance
BHB,2026-09-30,38.79999923706055,39.16999816894531,38.40999984741211,38.689998626708984,38.689998626708984,121200,USD,ASE,America/New_York,Yahoo Finance
BHB,2026-10-01,38.4900016784668,39.099998474121094,38.060001373291016,38.869998931884766,38.869998931884766,99800,USD,ASE,America/New_York,Yahoo Finance
BHB,2026-10-02,39.27000045776367,39.880001068115234,39.08000183105469,39.45000076293945,39.45000076293945,97400,USD,ASE,America/New_York,Yahoo Finance
BHK,2026-08-21,8.9399995803833,8.989999771118164,8.899999618530273,8.90999984741211,8.833012580871582,163600,USD,NYQ,America/New_York,Yahoo Finance
BHK,2026-08-24,8.930000305175781,8.989999771118164,8.920000076293945,8.960000038146973,8.882580757141113,271900,USD,NYQ,America/New_York,Yahoo Finance
BHK,2026-08-25,9.0,9.09000015258789,8.960000038146973,9.09000015258789,9.011457443237305,257700,USD,NYQ,America/New_York,Yahoo Finance
BHK,2026-08-26,9.09000015258789,9.130000114440918,9.050000190734863,9.09000015258789,9.011457443237305,376000,USD,NYQ,America/New_York,Yahoo Finance
BHK,2026-08-27,9.069999694824219,9.130000114440918,9.050000190734863,9.130000114440918,9.051112174987793,205700,USD,NYQ,America/New_York,Yahoo Finance
BHK,2026-08-28,9.069999694824219,9.140000343322754,9.039999961853027,9.069999694824219,8.991630554199219,186800,USD,NYQ,America/New_York,Yahoo Finance
BHK,2026-08-31,9.079999923706055,9.109999656677246,9.010000228881836,9.039999961853027,8.961889266967773,219600,USD,NYQ,America/New_York,Yahoo Finance
BHK,2026-09-01,9.050000190734863,9.050000190734863,8.899999618530273,8.899999618530273,8.823099136352539,290300,USD,NYQ,America/New_York,Yahoo Finance
BHK,2026-09-02,8.9399995803833,8.949999809265137,8.920000076293945,8.930000305175781,8.852840423583984,241200,USD,NYQ,America/New_York,Yahoo Finance
BHK,2026-09-03,8.989999771118164,8.989999771118164,8.899999618530273,8.960000038146973,8.882580757141113,269700,USD,NYQ,America/New_York,Yahoo Finance
BHK,2026-09-04,8.899999618530273,8.949999809265137,8.899999618530273,8.9399995803833,8.862752914428711,162000,USD,NYQ,America/New_York,Yahoo Finance
BHK,2026-09-08,8.970000267028809,8.970000267028809,8.949999809265137,8.960000038146973,8.882580757141113,233900,USD,NYQ,America/New_York,Yahoo Finance
BHK,2026-09-09,8.90999984741211,8.949999809265137,8.880000114440918,8.890000343322754,8.813185691833496,316600,USD,NYQ,America/New_York,Yahoo Finance
BHK,2026-09-10,8.779999732971191,8.859999656677246,8.739999771118164,8.760000228881836,8.684309005737305,429900,USD,NYQ,America/New_York,Yahoo Finance
BHK,2026-09-11,8.779999732971191,8.829999923706055,8.75,8.75,8.674395561218262,262000,USD,NYQ,America/New_York,Yahoo Finance
BHK,2026-09-14,8.770000457763672,8.770000457763672,8.680000305175781,8.680000305175781,8.605000495910645,234200,USD,NYQ,America/New_York,Yahoo Finance
BHK,2026-09-15,8.630000114440918,8.6899995803833,8.539999961853027,8.550000190734863,8.550000190734863,336900,USD,NYQ,America/New_York,Yahoo Finance
BHK,2026-09-16,8.569999694824219,8.619999885559082,8.520000457763672,8.550000190734863,8.550000190734863,430100,USD,NYQ,America/New_York,Yahoo Finance
BHK,2026-09-17,8.5600004196167,8.609999656677246,8.5,8.5600004196167,8.5600004196167,590000,USD,NYQ,America/New_York,Yahoo Finance
BHK,2026-09-18,8.550000190734863,8.550000190734863,8.399999618530273,8.5,8.5,969300,USD,NYQ,America/New_York,Yahoo Finance
BHK,2026-09-21,8.5,8.510000228881836,8.449999809265137,8.489999771118164,8.489999771118164,586800,USD,NYQ,America/New_York,Yahoo Finance
BHK,2026-09-22,8.510000228881836,8.529999732971191,8.460000038146973,8.489999771118164,8.489999771118164,448300,USD,NYQ,America/New_York,Yahoo Finance
BHK,2026-09-23,8.470000267028809,8.470000267028809,8.3100004196167,8.319999694824219,8.319999694824219,500200,USD,NYQ,America/New_York,Yahoo Finance
BHK,2026-09-24,8.3100004196167,8.319999694824219,8.239999771118164,8.260000228881836,8.260000228881836,350000,USD,NYQ,America/New_York,Yahoo Finance
BHK,2026-09-25,8.279999732971191,8.390000343322754,8.25,8.369999885559082,8.369999885559082,409700,USD,NYQ,America/New_York,Yahoo Finance
BHK,2026-09-28,8.300000190734863,8.300000190734863,8.220000267028809,8.25,8.25,334600,USD,NYQ,America/New_York,Yahoo Finance
BHK,2026-09-29,8.289999961853027,8.300000190734863,8.229999542236328,8.300000190734863,8.300000190734863,411000,USD,NYQ,America/New_York,Yahoo Finance
BHK,2026-09-30,8.350000381469727,8.359999656677246,8.199999809265137,8.199999809265137,8.199999809265137,451500,USD,NYQ,America/New_York,Yahoo Finance
BHK,2026-10-01,8.1899995803833,8.25,8.119999885559082,8.210000038146973,8.210000038146973,481900,USD,NYQ,America/New_York,Yahoo Finance
BHK,2026-10-02,8.289999961853027,8.34000015258789,8.170000076293945,8.170000076293945,8.170000076293945,383500,USD,NYQ,America/New_York,Yahoo Finance
BKR,2026-08-17,65.26000213623047,65.44000244140625,64.0999984741211,64.9000015258789,64.9000015258789,5895400,USD,NMS,America/New_York,Yahoo Finance
BKR,2026-08-18,65.05000305175781,65.19999694824219,64.16000366210938,64.44000244140625,64.44000244140625,6350300,USD,NMS,America/New_York,Yahoo Finance
BKR,2026-08-19,65.0999984741211,65.18000030517578,63.970001220703125,64.4800033569336,64.4800033569336,4812000,USD,NMS,America/New_York,Yahoo Finance
BKR,2026-08-20,64.19999694824219,65.08000183105469,62.68000030517578,62.779998779296875,62.779998779296875,6291700,USD,NMS,America/New_York,Yahoo Finance
BKR,2026-08-21,62.970001220703125,64.05000305175781,62.290000915527344,62.34000015258789,62.34000015258789,5651000,USD,NMS,America/New_York,Yahoo Finance
BKR,2026-08-24,62.06999969482422,62.470001220703125,61.130001068115234,61.9900016784668,61.9900016784668,5229400,USD,NMS,America/New_York,Yahoo Finance
BKR,2026-08-25,62.27000045776367,63.02000045776367,61.720001220703125,61.81999969482422,61.81999969482422,4807600,USD,NMS,America/New_York,Yahoo Finance
BKR,2026-08-26,61.810001373291016,62.43000030517578,60.93000030517578,62.0,62.0,5247100,USD,NMS,America/New_York,Yahoo Finance
BKR,2026-08-27,61.70000076293945,63.09000015258789,60.869998931884766,62.11000061035156,62.11000061035156,8546300,USD,NMS,America/New_York,Yahoo Finance
BKR,2026-08-28,62.5,62.619998931884766,61.66999816894531,62.40999984741211,62.40999984741211,5705600,USD,NMS,America/New_York,Yahoo Finance
BKR,2026-08-31,63.119998931884766,63.959999084472656,62.689998626708984,63.54999923706055,63.54999923706055,11223700,USD,NMS,America/New_York,Yahoo Finance
BKR,2026-09-01,63.869998931884766,64.27999877929688,63.130001068115234,63.65999984741211,63.65999984741211,6046400,USD,NMS,America/New_York,Yahoo Finance
BKR,2026-09-02,63.02000045776367,65.2699966430664,62.709999084472656,64.62999725341797,64.62999725341797,5193300,USD,NMS,America/New_York,Yahoo Finance
BKR,2026-09-03,64.36000061035156,64.94999694824219,63.59000015258789,63.63999938964844,63.63999938964844,4624500,USD,NMS,America/New_York,Yahoo Finance
BKR,2026-09-04,63.0,63.7400016784668,62.720001220703125,63.5,63.5,5791500,USD,NMS,America/New_York,Yahoo Finance
BKR,2026-09-08,63.790000915527344,64.83999633789062,63.36000061035156,63.91999816894531,63.91999816894531,5890200,USD,NMS,America/New_York,Yahoo Finance
BKR,2026-09-09,63.7599983215332,66.08999633789062,63.470001220703125,63.63999938964844,63.63999938964844,6927800,USD,NMS,America/New_York,Yahoo Finance
BKR,2026-09-10,63.61000061035156,63.68000030517578,59.040000915527344,59.400001525878906,59.400001525878906,11193900,USD,NMS,America/New_York,Yahoo Finance
BKR,2026-09-11,59.9900016784668,60.16999816894531,57.2400016784668,59.060001373291016,59.060001373291016,10196000,USD,NMS,America/New_York,Yahoo Finance
BKR,2026-09-14,58.470001220703125,58.9900016784668,56.25,56.779998779296875,56.779998779296875,9554800,USD,NMS,America/New_York,Yahoo Finance
BKR,2026-09-15,57.16999816894531,57.47999954223633,56.029998779296875,56.720001220703125,56.720001220703125,8559700,USD,NMS,America/New_York,Yahoo Finance
BKR,2026-09-16,56.33000183105469,57.22999954223633,55.439998626708984,56.31999969482422,56.31999969482422,9547400,USD,NMS,America/New_York,Yahoo Finance
BKR,2026-09-17,56.72999954223633,56.97999954223633,55.90999984741211,56.56999969482422,56.56999969482422,9393700,USD,NMS,America/New_York,Yahoo Finance
BKR,2026-09-18,56.349998474121094,57.56999969482422,56.060001373291016,57.25,57.25,21047900,USD,NMS,America/New_York,Yahoo Finance
BKR,2026-09-21,57.16999816894531,58.20000076293945,56.599998474121094,57.83000183105469,57.83000183105469,7973700,USD,NMS,America/New_York,Yahoo Finance
BKR,2026-09-22,57.029998779296875,57.560001373291016,56.56999969482422,57.2599983215332,57.2599983215332,9238400,USD,NMS,America/New_York,Yahoo Finance
BKR,2026-09-23,57.2599983215332,58.15999984741211,57.0,58.029998779296875,58.029998779296875,8651100,USD,NMS,America/New_York,Yahoo Finance
BKR,2026-09-24,58.08000183105469,58.439998626708984,57.150001525878906,57.290000915527344,57.290000915527344,7082700,USD,NMS,America/New_York,Yahoo Finance
BKR,2026-09-25,56.88999938964844,57.900001525878906,56.75,57.83000183105469,57.83000183105469,6521800,USD,NMS,America/New_York,Yahoo Finance
BKR,2026-09-28,58.060001373291016,58.189998626708984,57.09000015258789,57.119998931884766,57.119998931884766,7088800,USD,NMS,America/New_York,Yahoo Finance
BLSH,2026-08-17,24.34000015258789,25.59000015258789,24.280000686645508,24.959999084472656,24.959999084472656,2445500,USD,NYQ,America/New_York,Yahoo Finance
BLSH,2026-08-18,24.489999771118164,25.270000457763672,23.959999084472656,24.6200008392334,24.6200008392334,1238400,USD,NYQ,America/New_York,Yahoo Finance
BLSH,2026-08-19,24.899999618530273,28.329999923706055,24.899999618530273,26.920000076293945,26.920000076293945,2173700,USD,NYQ,America/New_York,Yahoo Finance
BLSH,2026-08-20,29.200000762939453,29.371000289916992,27.510000228881836,28.440000534057617,28.440000534057617,1788700,USD,NYQ,America/New_York,Yahoo Finance
BLSH,2026-08-21,29.75,30.68000030517578,29.149999618530273,30.40999984741211,30.40999984741211,2415600,USD,NYQ,America/New_York,Yahoo Finance
BLSH,2026-08-24,30.18000030517578,31.450000762939453,29.899999618530273,30.610000610351562,30.610000610351562,1654300,USD,NYQ,America/New_York,Yahoo Finance
BLSH,2026-08-25,30.0,32.54999923706055,29.899999618530273,32.02000045776367,32.02000045776367,1924400,USD,NYQ,America/New_York,Yahoo Finance
BLSH,2026-08-26,31.299999237060547,33.27000045776367,31.0,33.11000061035156,33.11000061035156,2249600,USD,NYQ,America/New_York,Yahoo Finance
BLSH,2026-08-27,33.81999969482422,34.54999923706055,33.20000076293945,33.560001373291016,33.560001373291016,1574500,USD,NYQ,America/New_York,Yahoo Finance
BLSH,2026-08-28,33.20000076293945,33.65999984741211,32.189998626708984,32.88999938964844,32.88999938964844,1301600,USD,NYQ,America/New_York,Yahoo Finance
BLSH,2026-08-31,32.90999984741211,34.130001068115234,32.599998474121094,34.029998779296875,34.029998779296875,1200300,USD,NYQ,America/New_York,Yahoo Finance
BLSH,2026-09-01,32.70000076293945,33.86000061035156,32.459999084472656,33.060001373291016,33.060001373291016,1069000,USD,NYQ,America/New_York,Yahoo Finance
BLSH,2026-09-02,32.560001373291016,33.45000076293945,32.20000076293945,32.63999938964844,32.63999938964844,848200,USD,NYQ,America/New_York,Yahoo Finance
BLSH,2026-09-03,33.88999938964844,37.099998474121094,33.88999938964844,36.220001220703125,36.220001220703125,2188500,USD,NYQ,America/New_York,Yahoo Finance
BLSH,2026-09-04,34.689998626708984,36.040000915527344,34.04999923706055,36.0,36.0,1125300,USD,NYQ,America/New_York,Yahoo Finance
BLSH,2026-09-08,35.900001525878906,35.970001220703125,34.56999969482422,35.529998779296875,35.529998779296875,1197100,USD,NYQ,America/New_York,Yahoo Finance
BLSH,2026-09-09,35.88999938964844,36.0,34.290000915527344,34.34000015258789,34.34000015258789,1063400,USD,NYQ,America/New_York,Yahoo Finance
BLSH,2026-09-10,33.74700164794922,34.849998474121094,33.393001556396484,33.880001068115234,33.880001068115234,1103700,USD,NYQ,America/New_York,Yahoo Finance
BLSH,2026-09-11,34.5,36.0,33.5,35.119998931884766,35.119998931884766,1415800,USD,NYQ,America/New_York,Yahoo Finance
BLSH,2026-09-14,36.70000076293945,39.55500030517578,36.595001220703125,37.619998931884766,37.619998931884766,2206800,USD,NYQ,America/New_York,Yahoo Finance
BLSH,2026-09-15,36.709999084472656,37.18000030517578,34.470001220703125,35.459999084472656,35.459999084472656,1783400,USD,NYQ,America/New_York,Yahoo Finance
BLSH,2026-09-16,35.54999923706055,35.84000015258789,31.6200008392334,32.08000183105469,32.08000183105469,2563300,USD,NYQ,America/New_York,Yahoo Finance
BLSH,2026-09-17,33.2599983215332,35.810001373291016,32.70000076293945,34.90999984741211,34.90999984741211,1585500,USD,NYQ,America/New_York,Yahoo Finance
BLSH,2026-09-18,36.0,38.56999969482422,36.0,38.34000015258789,38.34000015258789,2756600,USD,NYQ,America/New_York,Yahoo Finance
BLSH,2026-09-21,40.029998779296875,40.75,38.720001220703125,40.13999938964844,40.13999938964844,2456900,USD,NYQ,America/New_York,Yahoo Finance
BLSH,2026-09-22,39.630001068115234,41.470001220703125,39.01499938964844,40.70000076293945,40.70000076293945,1991300,USD,NYQ,America/New_York,Yahoo Finance
BLSH,2026-09-23,40.0,41.099998474121094,39.599998474121094,40.11000061035156,40.11000061035156,1238300,USD,NYQ,America/New_York,Yahoo Finance
BLSH,2026-09-24,39.27000045776367,40.79899978637695,38.85100173950195,39.689998626708984,39.689998626708984,1081200,USD,NYQ,America/New_York,Yahoo Finance
BLSH,2026-09-25,39.970001220703125,39.970001220703125,37.33000183105469,37.58000183105469,37.58000183105469,873200,USD,NYQ,America/New_York,Yahoo Finance
BLSH,2026-09-28,36.93000030517578,38.20600128173828,35.900001525878906,35.9900016784668,35.9900016784668,718900,USD,NYQ,America/New_York,Yahoo Finance
BMN,2026-08-21,25.450000762939453,25.799999237060547,25.209999084472656,25.209999084472656,25.113590240478516,6100,USD,NYQ,America/New_York,Yahoo Finance
BMN,2026-08-24,25.25,25.55299949645996,25.208999633789062,25.55299949645996,25.455278396606445,11600,USD,NYQ,America/New_York,Yahoo Finance
BMN,2026-08-25,25.850000381469727,25.850000381469727,25.219999313354492,25.350000381469727,25.253055572509766,4100,USD,NYQ,America/New_York,Yahoo Finance
BMN,2026-08-26,25.350000381469727,25.610000610351562,25.350000381469727,25.440000534057617,25.34271240234375,4500,USD,NYQ,America/New_York,Yahoo Finance
BMN,2026-08-27,25.31999969482422,26.59000015258789,25.31999969482422,26.59000015258789,26.488313674926758,17900,USD,NYQ,America/New_York,Yahoo Finance
BMN,2026-08-28,26.440000534057617,26.559999465942383,25.860000610351562,26.100000381469727,26.000186920166016,13700,USD,NYQ,America/New_York,Yahoo Finance
BMN,2026-08-31,26.09000015258789,26.09000015258789,25.90999984741211,25.90999984741211,25.8109130859375,2700,USD,NYQ,America/New_York,Yahoo Finance
BMN,2026-09-01,26.399999618530273,26.399999618530273,25.950000762939453,26.040000915527344,25.940418243408203,3300,USD,NYQ,America/New_York,Yahoo Finance
BMN,2026-09-02,26.299999237060547,26.299999237060547,25.790000915527344,25.790000915527344,25.691373825073242,3900,USD,NYQ,America/New_York,Yahoo Finance
BMN,2026-09-03,26.190000534057617,26.350000381469727,25.729999542236328,25.799999237060547,25.70133399963379,6900,USD,NYQ,America/New_York,Yahoo Finance
BMN,2026-09-04,25.899999618530273,25.899999618530273,24.850000381469727,25.100000381469727,25.004011154174805,37800,USD,NYQ,America/New_York,Yahoo Finance
BMN,2026-09-08,25.040000915527344,25.290000915527344,25.040000915527344,25.079999923706055,24.984088897705078,4700,USD,NYQ,America/New_York,Yahoo Finance
BMN,2026-09-09,24.809999465942383,25.200000762939453,24.809999465942383,24.969999313354492,24.874507904052734,6500,USD,NYQ,America/New_York,Yahoo Finance
BMN,2026-09-10,24.809999465942383,24.809999465942383,24.483999252319336,24.549999237060547,24.456113815307617,9500,USD,NYQ,America/New_York,Yahoo Finance
BMN,2026-09-11,24.600000381469727,24.604999542236328,24.450000762939453,24.604999542236328,24.51090431213379,7000,USD,NYQ,America/New_York,Yahoo Finance
BMN,2026-09-14,24.530000686645508,24.950000762939453,24.399999618530273,24.579999923706055,24.486000061035156,9000,USD,NYQ,America/New_York,Yahoo Finance
BMN,2026-09-15,24.739999771118164,24.8799991607666,23.920000076293945,24.479999542236328,24.479999542236328,24200,USD,NYQ,America/New_York,Yahoo Finance
BMN,2026-09-16,24.260000228881836,24.829999923706055,23.790000915527344,23.799999237060547,23.799999237060547,24500,USD,NYQ,America/New_York,Yahoo Finance
BMN,2026-09-17,24.100000381469727,24.3799991607666,23.729999542236328,23.93000030517578,23.93000030517578,18900,USD,NYQ,America/New_York,Yahoo Finance
BMN,2026-09-18,23.600000381469727,23.770000457763672,23.360000610351562,23.670000076293945,23.670000076293945,29700,USD,NYQ,America/New_York,Yahoo Finance
BMN,2026-09-21,23.709999084472656,24.059999465942383,23.591999053955078,24.030000686645508,24.030000686645508,19500,USD,NYQ,America/New_York,Yahoo Finance
BMN,2026-09-22,23.600000381469727,24.1299991607666,23.600000381469727,24.010000228881836,24.010000228881836,9800,USD,NYQ,America/New_York,Yahoo Finance
BMN,2026-09-23,23.770000457763672,24.3700008392334,23.531999588012695,24.06999969482422,24.06999969482422,10600,USD,NYQ,America/New_York,Yahoo Finance
BMN,2026-09-24,23.969999313354492,23.969999313354492,22.739999771118164,23.149999618530273,23.149999618530273,29300,USD,NYQ,America/New_York,Yahoo Finance
BMN,2026-09-25,23.270000457763672,23.270000457763672,22.799999237060547,22.829999923706055,22.829999923706055,27000,USD,NYQ,America/New_York,Yahoo Finance
BMN,2026-09-28,22.780000686645508,23.284000396728516,21.700000762939453,21.979999542236328,21.979999542236328,76800,USD,NYQ,America/New_York,Yahoo Finance
BMN,2026-09-29,22.0,22.5049991607666,21.850000381469727,21.979999542236328,21.979999542236328,37500,USD,NYQ,America/New_York,Yahoo Finance
BMN,2026-09-30,22.100000381469727,22.600000381469727,21.899999618530273,22.0,22.0,53600,USD,NYQ,America/New_York,Yahoo Finance
BMN,2026-10-01,21.860000610351562,22.329999923706055,21.780000686645508,22.1299991607666,22.1299991607666,33200,USD,NYQ,America/New_York,Yahoo Finance
BMN,2026-10-02,22.079999923706055,22.549999237060547,22.079999923706055,22.25,22.25,33500,USD,NYQ,America/New_York,Yahoo Finance
BNL,2026-08-17,21.270000457763672,21.31999969482422,21.020000457763672,21.219999313354492,21.219999313354492,1872800,USD,NYQ,America/New_York,Yahoo Finance
BNL,2026-08-18,21.239999771118164,21.34000015258789,20.739999771118164,20.780000686645508,20.780000686645508,3943100,USD,NYQ,America/New_York,Yahoo Finance
BNL,2026-08-19,20.56999969482422,21.149999618530273,20.56999969482422,21.149999618530273,21.149999618530273,3455600,USD,NYQ,America/New_York,Yahoo Finance
BNL,2026-08-20,21.040000915527344,21.325000762939453,20.860000610351562,21.209999084472656,21.209999084472656,1262300,USD,NYQ,America/New_York,Yahoo Finance
BNL,2026-08-21,21.280000686645508,21.280000686645508,21.020000457763672,21.1200008392334,21.1200008392334,1001000,USD,NYQ,America/New_York,Yahoo Finance
BNL,2026-08-24,21.209999084472656,21.3700008392334,21.059999465942383,21.200000762939453,21.200000762939453,2169000,USD,NYQ,America/New_York,Yahoo Finance
BNL,2026-08-25,21.399999618530273,21.565000534057617,21.290000915527344,21.549999237060547,21.549999237060547,2187300,USD,NYQ,America/New_York,Yahoo Finance
BNL,2026-08-26,21.579999923706055,21.579999923706055,21.26099967956543,21.309999465942383,21.309999465942383,904700,USD,NYQ,America/New_York,Yahoo Finance
BNL,2026-08-27,21.15999984741211,21.315000534057617,21.059999465942383,21.1299991607666,21.1299991607666,984400,USD,NYQ,America/New_York,Yahoo Finance
BNL,2026-08-28,21.209999084472656,21.264999389648438,21.079999923706055,21.09000015258789,21.09000015258789,1205200,USD,NYQ,America/New_York,Yahoo Finance
BNL,2026-08-31,21.170000076293945,21.170000076293945,20.815000534057617,20.860000610351562,20.860000610351562,1734300,USD,NYQ,America/New_York,Yahoo Finance
BNL,2026-09-01,20.889999389648438,20.989999771118164,20.530000686645508,20.81999969482422,20.81999969482422,1955300,USD,NYQ,America/New_York,Yahoo Finance
BNL,2026-09-02,20.959999084472656,21.1299991607666,20.739999771118164,21.020000457763672,21.020000457763672,2268100,USD,NYQ,America/New_York,Yahoo Finance
BNL,2026-09-03,21.15999984741211,21.3700008392334,20.8700008392334,20.8700008392334,20.8700008392334,2416700,USD,NYQ,America/New_York,Yahoo Finance
BNL,2026-09-04,20.799999237060547,20.979999542236328,20.770000457763672,20.809999465942383,20.809999465942383,1423700,USD,NYQ,America/New_York,Yahoo Finance
BNL,2026-09-08,20.729999542236328,21.020000457763672,20.709999084472656,20.959999084472656,20.959999084472656,2121200,USD,NYQ,America/New_York,Yahoo Finance
BNL,2026-09-09,20.959999084472656,20.959999084472656,20.579999923706055,20.709999084472656,20.709999084472656,1445000,USD,NYQ,America/New_York,Yahoo Finance
BNL,2026-09-10,20.760000228881836,20.799999237060547,20.485000610351562,20.530000686645508,20.530000686645508,1107100,USD,NYQ,America/New_York,Yahoo Finance
BNL,2026-09-11,20.59000015258789,20.700000762939453,20.3700008392334,20.420000076293945,20.420000076293945,1093200,USD,NYQ,America/New_York,Yahoo Finance
BNL,2026-09-14,20.489999771118164,20.75,20.31999969482422,20.31999969482422,20.31999969482422,1345600,USD,NYQ,America/New_York,Yahoo Finance
BNL,2026-09-15,20.239999771118164,20.3700008392334,19.920000076293945,19.969999313354492,19.969999313354492,2244200,USD,NYQ,America/New_York,Yahoo Finance
BNL,2026-09-16,20.010000228881836,20.149999618530273,19.315000534057617,19.420000076293945,19.420000076293945,1874800,USD,NYQ,America/New_York,Yahoo Finance
BNL,2026-09-17,19.59000015258789,19.764999389648438,19.219999313354492,19.219999313354492,19.219999313354492,1742500,USD,NYQ,America/New_York,Yahoo Finance
BNL,2026-09-18,19.170000076293945,19.25,19.040000915527344,19.200000762939453,19.200000762939453,5424500,USD,NYQ,America/New_York,Yahoo Finance
BNL,2026-09-21,19.329999923706055,19.469999313354492,19.209999084472656,19.280000686645508,19.280000686645508,1428800,USD,NYQ,America/New_York,Yahoo Finance
BNL,2026-09-22,19.3700008392334,19.3700008392334,18.94499969482422,19.1200008392334,19.1200008392334,3568400,USD,NYQ,America/New_York,Yahoo Finance
BNL,2026-09-23,19.030000686645508,19.030000686645508,18.799999237060547,18.90999984741211,18.90999984741211,2049500,USD,NYQ,America/New_York,Yahoo Finance
BNL,2026-09-24,18.940000534057617,19.020000457763672,18.690000534057617,18.899999618530273,18.899999618530273,1504400,USD,NYQ,America/New_York,Yahoo Finance
BNL,2026-09-25,18.889999389648438,18.950000762939453,18.770000457763672,18.90999984741211,18.90999984741211,1263700,USD,NYQ,America/New_York,Yahoo Finance
BNL,2026-09-28,18.8700008392334,18.93000030517578,18.684999465942383,18.84000015258789,18.84000015258789,1223300,USD,NYQ,America/New_York,Yahoo Finance
BOE,2026-08-21,12.319999694824219,12.399999618530273,12.260000228881836,12.399999618530273,12.31550121307373,47400,USD,NYQ,America/New_York,Yahoo Finance
BOE,2026-08-24,12.399999618530273,12.430000305175781,12.3100004196167,12.40999984741211,12.325432777404785,37900,USD,NYQ,America/New_York,Yahoo Finance
BOE,2026-08-25,12.510000228881836,12.529999732971191,12.449999809265137,12.479999542236328,12.3949556350708,102300,USD,NYQ,America/New_York,Yahoo Finance
BOE,2026-08-26,12.510000228881836,12.5600004196167,12.449999809265137,12.479999542236328,12.3949556350708,120900,USD,NYQ,America/New_York,Yahoo Finance
BOE,2026-08-27,12.539999961853027,12.539999961853027,12.430000305175781,12.430000305175781,12.345296859741211,65700,USD,NYQ,America/New_York,Yahoo Finance
BOE,2026-08-28,12.489999771118164,12.5600004196167,12.430000305175781,12.470000267028809,12.385024070739746,116200,USD,NYQ,America/New_York,Yahoo Finance
BOE,2026-08-31,12.5,12.550000190734863,12.380000114440918,12.4399995803833,12.355228424072266,139400,USD,NYQ,America/New_York,Yahoo Finance
BOE,2026-09-01,12.430000305175781,12.5,12.390000343322754,12.479999542236328,12.3949556350708,109600,USD,NYQ,America/New_York,Yahoo Finance
BOE,2026-09-02,12.510000228881836,12.520000457763672,12.40999984741211,12.449999809265137,12.36515998840332,70400,USD,NYQ,America/New_York,Yahoo Finance
BOE,2026-09-03,12.489999771118164,12.539999961853027,12.399999618530273,12.520000457763672,12.434683799743652,129600,USD,NYQ,America/New_York,Yahoo Finance
BOE,2026-09-04,12.520000457763672,12.520000457763672,12.40999984741211,12.460000038146973,12.375092506408691,65400,USD,NYQ,America/New_York,Yahoo Finance
BOE,2026-09-08,12.430000305175781,12.460000038146973,12.34000015258789,12.4399995803833,12.355228424072266,112800,USD,NYQ,America/New_York,Yahoo Finance
BOE,2026-09-09,12.430000305175781,12.489999771118164,12.289999961853027,12.350000381469727,12.26584243774414,96900,USD,NYQ,America/New_York,Yahoo Finance
BOE,2026-09-10,12.279999732971191,12.359999656677246,12.050000190734863,12.079999923706055,11.997681617736816,136900,USD,NYQ,America/New_York,Yahoo Finance
BOE,2026-09-11,12.1899995803833,12.199999809265137,12.119999885559082,12.170000076293945,12.087068557739258,77500,USD,NYQ,America/New_York,Yahoo Finance
BOE,2026-09-14,12.149999618530273,12.180000305175781,12.069999694824219,12.180000305175781,12.097001075744629,82500,USD,NYQ,America/New_York,Yahoo Finance
BOE,2026-09-15,12.140000343322754,12.25,12.100000381469727,12.15999984741211,12.15999984741211,238200,USD,NYQ,America/New_York,Yahoo Finance
BOE,2026-09-16,12.239999771118164,12.239999771118164,12.0600004196167,12.140000343322754,12.140000343322754,117400,USD,NYQ,America/New_York,Yahoo Finance
BOE,2026-09-17,12.270000457763672,12.289999961853027,12.1899995803833,12.25,12.25,70100,USD,NYQ,America/New_York,Yahoo Finance
BOE,2026-09-18,12.260000228881836,12.260000228881836,12.09000015258789,12.1899995803833,12.1899995803833,123600,USD,NYQ,America/New_York,Yahoo Finance
BOE,2026-09-21,12.199999809265137,12.300000190734863,12.180000305175781,12.260000228881836,12.260000228881836,73200,USD,NYQ,America/New_York,Yahoo Finance
BOE,2026-09-22,12.279999732971191,12.40999984741211,12.270000457763672,12.289999961853027,12.289999961853027,109300,USD,NYQ,America/New_York,Yahoo Finance
BOE,2026-09-23,12.239999771118164,12.270000457763672,12.109999656677246,12.15999984741211,12.15999984741211,67300,USD,NYQ,America/New_York,Yahoo Finance
BOE,2026-09-24,12.119999885559082,12.130000114440918,11.9399995803833,12.050000190734863,12.050000190734863,98600,USD,NYQ,America/New_York,Yahoo Finance
BOE,2026-09-25,12.069999694824219,12.119999885559082,11.890000343322754,12.0600004196167,12.0600004196167,183200,USD,NYQ,America/New_York,Yahoo Finance
BOE,2026-09-28,12.039999961853027,12.039999961853027,11.800000190734863,11.84000015258789,11.84000015258789,239600,USD,NYQ,America/New_York,Yahoo Finance
BOE,2026-09-29,11.84000015258789,11.869999885559082,11.710000038146973,11.84000015258789,11.84000015258789,182300,USD,NYQ,America/New_York,Yahoo Finance
BOE,2026-09-30,11.920000076293945,11.920000076293945,11.65999984741211,11.680000305175781,11.680000305175781,326000,USD,NYQ,America/New_York,Yahoo Finance
BOE,2026-10-01,11.670000076293945,11.710000038146973,11.550000190734863,11.65999984741211,11.65999984741211,148300,USD,NYQ,America/New_York,Yahoo Finance
BOE,2026-10-02,11.699999809265137,11.819999694824219,11.670000076293945,11.6899995803833,11.6899995803833,143700,USD,NYQ,America/New_York,Yahoo Finance
BRCC,2026-08-21,8.550000190734863,8.869999885559082,8.380000114440918,8.800000190734863,8.800000190734863,81120,USD,NYQ,America/New_York,Yahoo Finance
BRCC,2026-08-24,9.199999809265137,10.64799976348877,8.760000228881836,9.329999923706055,9.329999923706055,503300,USD,NYQ,America/New_York,Yahoo Finance
BRCC,2026-08-25,9.109999656677246,9.109999656677246,7.7129998207092285,8.550000190734863,8.550000190734863,413000,USD,NYQ,America/New_York,Yahoo Finance
BRCC,2026-08-26,8.5,9.0,8.3100004196167,8.569999694824219,8.569999694824219,164100,USD,NYQ,America/New_York,Yahoo Finance
BRCC,2026-08-27,8.520000457763672,8.949999809265137,8.350000381469727,8.380000114440918,8.380000114440918,177100,USD,NYQ,America/New_York,Yahoo Finance
BRCC,2026-08-28,8.380000114440918,8.725000381469727,8.380000114440918,8.4399995803833,8.4399995803833,104000,USD,NYQ,America/New_York,Yahoo Finance
BRCC,2026-08-31,8.520000457763672,8.739999771118164,7.929999828338623,8.039999961853027,8.039999961853027,117300,USD,NYQ,America/New_York,Yahoo Finance
BRCC,2026-09-01,8.039999961853027,8.399999618530273,8.0,8.270000457763672,8.270000457763672,140900,USD,NYQ,America/New_York,Yahoo Finance
BRCC,2026-09-02,8.229999542236328,8.4399995803833,7.989999771118164,8.399999618530273,8.399999618530273,126800,USD,NYQ,America/New_York,Yahoo Finance
BRCC,2026-09-03,8.449999809265137,8.59000015258789,8.225000381469727,8.59000015258789,8.59000015258789,53000,USD,NYQ,America/New_York,Yahoo Finance
BRCC,2026-09-04,8.520000457763672,8.800000190734863,8.390000343322754,8.75,8.75,65000,USD,NYQ,America/New_York,Yahoo Finance
BRCC,2026-09-08,8.729999542236328,8.949999809265137,8.602999687194824,8.890000343322754,8.890000343322754,105600,USD,NYQ,America/New_York,Yahoo Finance
BRCC,2026-09-09,8.819999694824219,8.829999923706055,8.329999923706055,8.430000305175781,8.430000305175781,83100,USD,NYQ,America/New_York,Yahoo Finance
BRCC,2026-09-10,8.350000381469727,8.569999694824219,8.260000228881836,8.319999694824219,8.319999694824219,68800,USD,NYQ,America/New_York,Yahoo Finance
BRCC,2026-09-11,8.350000381469727,8.680000305175781,8.322999954223633,8.5600004196167,8.5600004196167,54300,USD,NYQ,America/New_York,Yahoo Finance
BRCC,2026-09-14,8.609999656677246,9.09000015258789,8.609999656677246,8.979999542236328,8.979999542236328,90500,USD,NYQ,America/New_York,Yahoo Finance
BRCC,2026-09-15,8.869999885559082,9.199999809265137,8.61299991607666,9.130000114440918,9.130000114440918,104200,USD,NYQ,America/New_York,Yahoo Finance
BRCC,2026-09-16,9.1899995803833,10.020000457763672,9.1899995803833,9.850000381469727,9.850000381469727,128300,USD,NYQ,America/New_York,Yahoo Finance
BRCC,2026-09-17,10.0,10.300000190734863,9.770000457763672,9.890000343322754,9.890000343322754,101000,USD,NYQ,America/New_York,Yahoo Finance
BRCC,2026-09-18,9.789999961853027,9.8149995803833,9.319999694824219,9.359999656677246,9.359999656677246,390900,USD,NYQ,America/New_York,Yahoo Finance
BRCC,2026-09-21,9.399999618530273,9.539999961853027,8.84000015258789,8.899999618530273,8.899999618530273,139600,USD,NYQ,America/New_York,Yahoo Finance
BRCC,2026-09-22,8.9399995803833,9.489999771118164,8.9399995803833,9.289999961853027,9.289999961853027,83800,USD,NYQ,America/New_York,Yahoo Finance
BRCC,2026-09-23,9.239999771118164,9.239999771118164,8.649999618530273,8.970000267028809,8.970000267028809,90800,USD,NYQ,America/New_York,Yahoo Finance
BRCC,2026-09-24,9.010000228881836,9.100000381469727,8.914999961853027,9.039999961853027,9.039999961853027,66100,USD,NYQ,America/New_York,Yahoo Finance
BRCC,2026-09-25,8.989999771118164,9.270000457763672,8.90999984741211,9.220000267028809,9.220000267028809,73500,USD,NYQ,America/New_York,Yahoo Finance
BRCC,2026-09-28,9.229999542236328,9.364999771118164,8.989999771118164,9.050000190734863,9.050000190734863,99700,USD,NYQ,America/New_York,Yahoo Finance
BRCC,2026-09-29,9.029999732971191,9.34000015258789,8.984999656677246,9.210000038146973,9.210000038146973,51200,USD,NYQ,America/New_York,Yahoo Finance
BRCC,2026-09-30,9.270000457763672,9.270000457763672,8.781000137329102,9.0600004196167,9.0600004196167,72600,USD,NYQ,America/New_York,Yahoo Finance
BRCC,2026-10-01,9.109999656677246,9.109999656677246,8.550000190734863,8.9399995803833,8.9399995803833,95200,USD,NYQ,America/New_York,Yahoo Finance
BRCC,2026-10-02,8.949999809265137,9.170999526977539,8.770000457763672,9.050000190734863,9.050000190734863,68000,USD,NYQ,America/New_York,Yahoo Finance
BSAA,2026-08-21,11.850000381469727,12.489999771118164,11.260000228881836,12.0,12.0,88500,USD,NCM,America/New_York,Yahoo Finance
BSAA,2026-08-24,11.510000228881836,12.239999771118164,11.270000457763672,11.40999984741211,11.40999984741211,19700,USD,NCM,America/New_York,Yahoo Finance
BSAA,2026-08-25,11.329999923706055,11.329999923706055,11.050000190734863,11.09000015258789,11.09000015258789,16500,USD,NCM,America/New_York,Yahoo Finance
BSAA,2026-08-26,11.210000038146973,11.34000015258789,11.039999961853027,11.34000015258789,11.34000015258789,1600,USD,NCM,America/New_York,Yahoo Finance
BSAA,2026-08-27,11.303999900817871,11.315999984741211,11.039999961853027,11.239999771118164,11.239999771118164,3900,USD,NCM,America/New_York,Yahoo Finance
BSAA,2026-08-28,11.029999732971191,11.09000015258789,10.800000190734863,11.0600004196167,11.0600004196167,5400,USD,NCM,America/New_York,Yahoo Finance
BSAA,2026-08-31,11.100000381469727,11.100000381469727,10.829999923706055,11.100000381469727,11.100000381469727,2700,USD,NCM,America/New_York,Yahoo Finance
BSAA,2026-09-01,11.180000305175781,11.300000190734863,11.045000076293945,11.1850004196167,11.1850004196167,7200,USD,NCM,America/New_York,Yahoo Finance
BSAA,2026-09-02,11.1850004196167,11.1850004196167,11.1850004196167,11.1850004196167,11.1850004196167,0,USD,NCM,America/New_York,Yahoo Finance
BSAA,2026-09-03,10.960000038146973,11.125,10.949999809265137,10.960000038146973,10.960000038146973,1800,USD,NCM,America/New_York,Yahoo Finance
BSAA,2026-09-04,11.300000190734863,11.300000190734863,11.300000190734863,11.300000190734863,11.300000190734863,900,USD,NCM,America/New_York,Yahoo Finance
BSAA,2026-09-08,10.949999809265137,11.09000015258789,10.819999694824219,11.09000015258789,11.09000015258789,3300,USD,NCM,America/New_York,Yahoo Finance
BSAA,2026-09-09,10.869999885559082,11.130000114440918,10.869999885559082,11.130000114440918,11.130000114440918,2300,USD,NCM,America/New_York,Yahoo Finance
BSAA,2026-09-10,11.130000114440918,11.130000114440918,11.130000114440918,11.130000114440918,11.130000114440918,0,USD,NCM,America/New_York,Yahoo Finance
BSAA,2026-09-11,10.989999771118164,11.100000381469727,10.989999771118164,11.100000381469727,11.100000381469727,900,USD,NCM,America/New_York,Yahoo Finance
BSAA,2026-09-14,11.100000381469727,11.100000381469727,11.100000381469727,11.100000381469727,11.100000381469727,0,USD,NCM,America/New_York,Yahoo Finance
BSAA,2026-09-15,10.880000114440918,10.979999542236328,10.819999694824219,10.979999542236328,10.979999542236328,4400,USD,NCM,America/New_York,Yahoo Finance
BSAA,2026-09-16,10.979999542236328,10.979999542236328,10.979999542236328,10.979999542236328,10.979999542236328,0,USD,NCM,America/New_York,Yahoo Finance
BSAA,2026-09-17,10.819999694824219,10.979999542236328,10.65999984741211,10.960000038146973,10.960000038146973,6200,USD,NCM,America/New_York,Yahoo Finance
BSAA,2026-09-18,10.899999618530273,10.899999618530273,10.899999618530273,10.899999618530273,10.899999618530273,1400,USD,NCM,America/New_York,Yahoo Finance
BSAA,2026-09-21,10.899999618530273,11.149999618530273,10.899999618530273,11.149999618530273,11.149999618530273,5700,USD,NCM,America/New_York,Yahoo Finance
BSAA,2026-09-22,11.149999618530273,11.319999694824219,11.100000381469727,11.300000190734863,11.300000190734863,5000,USD,NCM,America/New_York,Yahoo Finance
BSAA,2026-09-23,11.300000190734863,11.300000190734863,11.300000190734863,11.300000190734863,11.300000190734863,0,USD,NCM,America/New_York,Yahoo Finance
BSAA,2026-09-24,11.300000190734863,11.300000190734863,11.300000190734863,11.300000190734863,11.300000190734863,0,USD,NCM,America/New_York,Yahoo Finance
BSAA,2026-09-25,11.300000190734863,11.300000190734863,11.300000190734863,11.300000190734863,11.300000190734863,0,USD,NCM,America/New_York,Yahoo Finance
BSAA,2026-09-28,11.125,11.300000190734863,11.125,11.300000190734863,11.300000190734863,300,USD,NCM,America/New_York,Yahoo Finance
BSAA,2026-09-29,11.300000190734863,11.300000190734863,11.300000190734863,11.300000190734863,11.300000190734863,0,USD,NCM,America/New_York,Yahoo Finance
BSAA,2026-09-30,11.300000190734863,11.300000190734863,11.300000190734863,11.300000190734863,11.300000190734863,0,USD,NCM,America/New_York,Yahoo Finance
BSAA,2026-10-01,11.154999732971191,11.300000190734863,11.154999732971191,11.300000190734863,11.300000190734863,2200,USD,NCM,America/New_York,Yahoo Finance
BSAA,2026-10-02,11.300000190734863,11.300000190734863,11.300000190734863,11.300000190734863,11.300000190734863,0,USD,NCM,America/New_York,Yahoo Finance
BSBK,2026-08-21,9.210000038146973,9.34000015258789,9.130999565124512,9.220000267028809,9.220000267028809,16400,USD,NCM,America/New_York,Yahoo Finance
BSBK,2026-08-24,9.1899995803833,9.220000267028809,9.140000343322754,9.220000267028809,9.220000267028809,9100,USD,NCM,America/New_York,Yahoo Finance
BSBK,2026-08-25,9.21399974822998,9.406999588012695,9.119999885559082,9.3100004196167,9.3100004196167,15400,USD,NCM,America/New_York,Yahoo Finance
BSBK,2026-08-26,9.260000228881836,9.371000289916992,9.140000343322754,9.225000381469727,9.225000381469727,3500,USD,NCM,America/New_York,Yahoo Finance
BSBK,2026-08-27,9.350000381469727,9.350000381469727,9.100000381469727,9.119999885559082,9.119999885559082,7700,USD,NCM,America/New_York,Yahoo Finance
BSBK,2026-08-28,9.149999618530273,9.25,9.149999618530273,9.25,9.25,5600,USD,NCM,America/New_York,Yahoo Finance
BSBK,2026-08-31,9.119999885559082,9.279999732971191,9.100000381469727,9.15999984741211,9.15999984741211,1800,USD,NCM,America/New_York,Yahoo Finance
BSBK,2026-09-01,9.119999885559082,9.1899995803833,9.100000381469727,9.100000381469727,9.100000381469727,5900,USD,NCM,America/New_York,Yahoo Finance
BSBK,2026-09-02,9.119999885559082,9.258999824523926,9.050000190734863,9.050000190734863,9.050000190734863,10700,USD,NCM,America/New_York,Yahoo Finance
BSBK,2026-09-03,9.25,9.25,9.050000190734863,9.050000190734863,9.050000190734863,3100,USD,NCM,America/New_York,Yahoo Finance
BSBK,2026-09-04,9.069999694824219,9.204999923706055,9.069999694824219,9.175000190734863,9.175000190734863,5300,USD,NCM,America/New_York,Yahoo Finance
BSBK,2026-09-08,9.199999809265137,9.538000106811523,9.199999809265137,9.300000190734863,9.300000190734863,11100,USD,NCM,America/New_York,Yahoo Finance
BSBK,2026-09-09,9.210000038146973,9.324999809265137,9.15999984741211,9.170000076293945,9.170000076293945,6800,USD,NCM,America/New_York,Yahoo Finance
BSBK,2026-09-10,9.170000076293945,9.229999542236328,9.140000343322754,9.140000343322754,9.140000343322754,3400,USD,NCM,America/New_York,Yahoo Finance
BSBK,2026-09-11,9.069999694824219,9.130000114440918,9.050000190734863,9.050000190734863,9.050000190734863,2100,USD,NCM,America/New_York,Yahoo Finance
BSBK,2026-09-14,9.140000343322754,9.210000038146973,9.0600004196167,9.210000038146973,9.210000038146973,1400,USD,NCM,America/New_York,Yahoo Finance
BSBK,2026-09-15,9.109999656677246,9.130000114440918,9.050000190734863,9.050000190734863,9.050000190734863,1700,USD,NCM,America/New_York,Yahoo Finance
BSBK,2026-09-16,9.109999656677246,9.138999938964844,9.010000228881836,9.010000228881836,9.010000228881836,6000,USD,NCM,America/New_York,Yahoo Finance
BSBK,2026-09-17,9.109999656677246,9.109999656677246,9.020000457763672,9.109999656677246,9.109999656677246,4700,USD,NCM,America/New_York,Yahoo Finance
BSBK,2026-09-18,9.069999694824219,9.239999771118164,9.0600004196167,9.239999771118164,9.239999771118164,2400,USD,NCM,America/New_York,Yahoo Finance
BSBK,2026-09-21,9.069999694824219,9.199999809265137,9.0600004196167,9.199999809265137,9.199999809265137,1400,USD,NCM,America/New_York,Yahoo Finance
BSBK,2026-09-22,9.197999954223633,9.197999954223633,9.197999954223633,9.197999954223633,9.197999954223633,300,USD,NCM,America/New_York,Yahoo Finance
BSBK,2026-09-23,9.187000274658203,9.187000274658203,9.0600004196167,9.125,9.125,400,USD,NCM,America/New_York,Yahoo Finance
BSBK,2026-09-24,9.100000381469727,9.177000045776367,9.010000228881836,9.010000228881836,9.010000228881836,1000,USD,NCM,America/New_York,Yahoo Finance
BSBK,2026-09-25,9.010000228881836,9.114999771118164,9.010000228881836,9.114999771118164,9.114999771118164,400,USD,NCM,America/New_York,Yahoo Finance
BSBK,2026-09-28,9.109999656677246,9.154999732971191,9.100000381469727,9.100000381469727,9.100000381469727,2900,USD,NCM,America/New_York,Yahoo Finance
BSBK,2026-09-29,9.104999542236328,9.199999809265137,9.050000190734863,9.050000190734863,9.050000190734863,1300,USD,NCM,America/New_York,Yahoo Finance
BSBK,2026-09-30,9.104999542236328,9.104999542236328,9.050000190734863,9.050000190734863,9.050000190734863,600,USD,NCM,America/New_York,Yahoo Finance
BSBK,2026-10-01,9.074999809265137,9.079999923706055,9.050000190734863,9.0600004196167,9.0600004196167,8600,USD,NCM,America/New_York,Yahoo Finance
BSBK,2026-10-02,9.119999885559082,9.119999885559082,9.0600004196167,9.09000015258789,9.09000015258789,6400,USD,NCM,America/New_York,Yahoo Finance
BWLP,2026-08-17,23.0,23.329999923706055,22.8799991607666,23.100000381469727,22.21725845336914,283500,USD,NYQ,America/New_York,Yahoo Finance
BWLP,2026-08-18,23.139999389648438,23.200000762939453,22.770000457763672,23.06999969482422,22.188404083251953,207400,USD,NYQ,America/New_York,Yahoo Finance
BWLP,2026-08-19,23.790000915527344,23.889999389648438,23.239999771118164,23.31999969482422,22.428850173950195,394500,USD,NYQ,America/New_York,Yahoo Finance
BWLP,2026-08-20,23.760000228881836,23.84000015258789,23.332000732421875,23.510000228881836,22.611589431762695,476000,USD,NYQ,America/New_York,Yahoo Finance
BWLP,2026-08-21,24.350000381469727,24.8700008392334,24.329999923706055,24.719999313354492,23.77535057067871,455000,USD,NYQ,America/New_York,Yahoo Finance
BWLP,2026-08-24,24.440000534057617,24.760000228881836,24.30500030517578,24.610000610351562,23.6695556640625,259200,USD,NYQ,America/New_York,Yahoo Finance
BWLP,2026-08-25,25.200000762939453,25.475000381469727,24.739999771118164,24.799999237060547,23.852293014526367,559200,USD,NYQ,America/New_York,Yahoo Finance
BWLP,2026-08-26,23.93000030517578,24.030000686645508,23.40999984741211,23.530000686645508,22.63082504272461,409800,USD,NYQ,America/New_York,Yahoo Finance
BWLP,2026-08-27,23.709999084472656,24.520000457763672,23.709999084472656,24.40999984741211,23.477197647094727,522400,USD,NYQ,America/New_York,Yahoo Finance
BWLP,2026-08-28,23.5,24.174999237060547,23.489999771118164,23.940000534057617,23.025157928466797,394500,USD,NYQ,America/New_York,Yahoo Finance
BWLP,2026-08-31,24.34000015258789,24.364999771118164,23.770000457763672,24.25,23.32331085205078,362300,USD,NYQ,America/New_York,Yahoo Finance
BWLP,2026-09-01,24.280000686645508,24.68000030517578,23.149999618530273,24.209999084472656,23.284839630126953,807300,USD,NYQ,America/New_York,Yahoo Finance
BWLP,2026-09-02,22.989999771118164,24.350000381469727,22.940000534057617,24.350000381469727,23.419490814208984,1004200,USD,NYQ,America/New_York,Yahoo Finance
BWLP,2026-09-03,24.68000030517578,24.704999923706055,24.34000015258789,24.610000610351562,23.6695556640625,503500,USD,NYQ,America/New_York,Yahoo Finance
BWLP,2026-09-04,24.760000228881836,25.19700050354004,24.610000610351562,24.860000610351562,23.910001754760742,572100,USD,NYQ,America/New_York,Yahoo Finance
BWLP,2026-09-08,24.56999969482422,24.700000762939453,23.670000076293945,23.90999984741211,23.90999984741211,768600,USD,NYQ,America/New_York,Yahoo Finance
BWLP,2026-09-09,24.34000015258789,24.579999923706055,23.825000762939453,24.469999313354492,24.469999313354492,305600,USD,NYQ,America/New_York,Yahoo Finance
BWLP,2026-09-10,24.940000534057617,25.079999923706055,24.639999389648438,25.0,25.0,516300,USD,NYQ,America/New_York,Yahoo Finance
BWLP,2026-09-11,24.940000534057617,25.3700008392334,24.799999237060547,25.1299991607666,25.1299991607666,543300,USD,NYQ,America/New_York,Yahoo Finance
BWLP,2026-09-14,25.200000762939453,25.200000762939453,24.549999237060547,25.110000610351562,25.110000610351562,352800,USD,NYQ,America/New_York,Yahoo Finance
BWLP,2026-09-15,25.15999984741211,25.920000076293945,25.100000381469727,25.81999969482422,25.81999969482422,444600,USD,NYQ,America/New_York,Yahoo Finance
BWLP,2026-09-16,25.420000076293945,26.295000076293945,25.31999969482422,25.84000015258789,25.84000015258789,547100,USD,NYQ,America/New_York,Yahoo Finance
BWLP,2026-09-17,25.850000381469727,26.469999313354492,25.700000762939453,26.139999389648438,26.139999389648438,316600,USD,NYQ,America/New_York,Yahoo Finance
BWLP,2026-09-18,25.549999237060547,25.90999984741211,25.3799991607666,25.65999984741211,25.65999984741211,425800,USD,NYQ,America/New_York,Yahoo Finance
BWLP,2026-09-21,25.260000228881836,25.75,24.8799991607666,25.290000915527344,25.290000915527344,486200,USD,NYQ,America/New_York,Yahoo Finance
BWLP,2026-09-22,24.81999969482422,25.040000915527344,24.315000534057617,24.440000534057617,24.440000534057617,505300,USD,NYQ,America/New_York,Yahoo Finance
BWLP,2026-09-23,24.739999771118164,24.75,24.1200008392334,24.299999237060547,24.299999237060547,263700,USD,NYQ,America/New_York,Yahoo Finance
BWLP,2026-09-24,24.43000030517578,24.6200008392334,24.020000457763672,24.059999465942383,24.059999465942383,288900,USD,NYQ,America/New_York,Yahoo Finance
BWLP,2026-09-25,24.190000534057617,24.450000762939453,23.950000762939453,24.229999542236328,24.229999542236328,246200,USD,NYQ,America/New_York,Yahoo Finance
BWLP,2026-09-28,24.75,24.989999771118164,24.489999771118164,24.65999984741211,24.65999984741211,330500,USD,NYQ,America/New_York,Yahoo Finance
BYND,2026-08-21,14.489999771118164,15.470999717712402,14.329999923706055,14.770000457763672,14.770000457763672,1624600,USD,NMS,America/New_York,Yahoo Finance
BYND,2026-08-24,14.729999542236328,15.020000457763672,14.050000190734863,14.149999618530273,14.149999618530273,1377000,USD,NMS,America/New_York,Yahoo Finance
BYND,2026-08-25,14.050000190734863,14.25,13.559000015258789,14.1899995803833,14.1899995803833,763500,USD,NMS,America/New_York,Yahoo Finance
BYND,2026-08-26,14.109999656677246,14.460000038146973,13.854999542236328,14.25,14.25,520200,USD,NMS,America/New_York,Yahoo Finance
BYND,2026-08-27,14.199999809265137,14.59000015258789,13.8149995803833,14.0,14.0,649200,USD,NMS,America/New_York,Yahoo Finance
BYND,2026-08-28,14.0,14.520000457763672,13.800000190734863,13.859999656677246,13.859999656677246,635700,USD,NMS,America/New_York,Yahoo Finance
BYND,2026-08-31,13.8100004196167,13.850000381469727,13.270000457763672,13.300000190734863,13.300000190734863,493100,USD,NMS,America/New_York,Yahoo Finance
BYND,2026-09-01,13.039999961853027,13.130000114440918,12.40999984741211,12.449999809265137,12.449999809265137,852800,USD,NMS,America/New_York,Yahoo Finance
BYND,2026-09-02,12.350000381469727,12.579999923706055,11.548999786376953,11.569999694824219,11.569999694824219,1799400,USD,NMS,America/New_York,Yahoo Finance
BYND,2026-09-03,11.600000381469727,11.760000228881836,11.25,11.270000457763672,11.270000457763672,1211900,USD,NMS,America/New_York,Yahoo Finance
BYND,2026-09-04,11.1899995803833,11.930000305175781,11.039999961853027,11.789999961853027,11.789999961853027,1148000,USD,NMS,America/New_York,Yahoo Finance
BYND,2026-09-08,11.789999961853027,11.842000007629395,11.1899995803833,11.210000038146973,11.210000038146973,996800,USD,NMS,America/New_York,Yahoo Finance
BYND,2026-09-09,11.229999542236328,11.619999885559082,10.880000114440918,10.899999618530273,10.899999618530273,995400,USD,NMS,America/New_York,Yahoo Finance
BYND,2026-09-10,10.770000457763672,10.873000144958496,10.402000427246094,10.449999809265137,10.449999809265137,1129100,USD,NMS,America/New_York,Yahoo Finance
BYND,2026-09-11,10.569999694824219,10.609999656677246,10.15999984741211,10.210000038146973,10.210000038146973,790500,USD,NMS,America/New_York,Yahoo Finance
BYND,2026-09-14,9.880000114440918,10.364999771118164,9.8100004196167,10.3100004196167,10.3100004196167,1164000,USD,NMS,America/New_York,Yahoo Finance
BYND,2026-09-15,10.1899995803833,10.628999710083008,9.975000381469727,9.989999771118164,9.989999771118164,890100,USD,NMS,America/New_York,Yahoo Finance
BYND,2026-09-16,9.989999771118164,11.329999923706055,9.979999542236328,10.949999809265137,10.949999809265137,1528600,USD,NMS,America/New_York,Yahoo Finance
BYND,2026-09-17,11.1899995803833,12.069999694824219,11.1899995803833,11.699999809265137,11.699999809265137,1448200,USD,NMS,America/New_York,Yahoo Finance
BYND,2026-09-18,11.704999923706055,12.260000228881836,11.470000267028809,11.510000228881836,11.510000228881836,1139700,USD,NMS,America/New_York,Yahoo Finance
BYND,2026-09-21,11.640000343322754,12.520000457763672,11.380000114440918,11.920000076293945,11.920000076293945,1299000,USD,NMS,America/New_York,Yahoo Finance
BYND,2026-09-22,12.0,12.140000343322754,11.380000114440918,11.510000228881836,11.510000228881836,767900,USD,NMS,America/New_York,Yahoo Finance
BYND,2026-09-23,11.010000228881836,11.055000305175781,9.8100004196167,10.029999732971191,10.029999732971191,3126700,USD,NMS,America/New_York,Yahoo Finance
BYND,2026-09-24,10.069999694824219,10.069999694824219,9.0600004196167,9.1899995803833,9.1899995803833,2736700,USD,NMS,America/New_York,Yahoo Finance
BYND,2026-09-25,9.1899995803833,9.1899995803833,8.319999694824219,8.350000381469727,8.350000381469727,2756000,USD,NMS,America/New_York,Yahoo Finance
BYND,2026-09-28,8.354999542236328,8.649999618530273,8.069999694824219,8.520000457763672,8.520000457763672,1550900,USD,NMS,America/New_York,Yahoo Finance
BYND,2026-09-29,8.539999961853027,8.550000190734863,8.199999809265137,8.229999542236328,8.229999542236328,814500,USD,NMS,America/New_York,Yahoo Finance
BYND,2026-09-30,8.25,8.369999885559082,8.069999694824219,8.260000228881836,8.260000228881836,873300,USD,NMS,America/New_York,Yahoo Finance
BYND,2026-10-01,8.239999771118164,8.279999732971191,7.840000152587891,8.260000228881836,8.260000228881836,1080600,USD,NMS,America/New_York,Yahoo Finance
BYND,2026-10-02,8.260000228881836,8.449999809265137,8.109999656677246,8.25,8.25,816000,USD,NMS,America/New_York,Yahoo Finance
BYRN,2026-08-21,3.6500000953674316,3.7300000190734863,3.619999885559082,3.690000057220459,3.690000057220459,231100,USD,NCM,America/New_York,Yahoo Finance
BYRN,2026-08-24,3.7100000381469727,3.75,3.609999895095825,3.619999885559082,3.619999885559082,302900,USD,NCM,America/New_York,Yahoo Finance
BYRN,2026-08-25,3.6600000858306885,3.819999933242798,3.5799999237060547,3.819999933242798,3.819999933242798,258500,USD,NCM,America/New_York,Yahoo Finance
BYRN,2026-08-26,3.7899999618530273,3.8399999141693115,3.680000066757202,3.690000057220459,3.690000057220459,208200,USD,NCM,America/New_York,Yahoo Finance
BYRN,2026-08-27,3.690000057220459,3.759999990463257,3.5799999237060547,3.5999999046325684,3.5999999046325684,284400,USD,NCM,America/New_York,Yahoo Finance
BYRN,2026-08-28,3.609999895095825,3.6500000953674316,3.509999990463257,3.5899999141693115,3.5899999141693115,228800,USD,NCM,America/New_York,Yahoo Finance
BYRN,2026-08-31,3.5899999141693115,3.6500000953674316,3.5199999809265137,3.609999895095825,3.609999895095825,304600,USD,NCM,America/New_York,Yahoo Finance
BYRN,2026-09-01,3.549999952316284,3.5899999141693115,3.380000114440918,3.4000000953674316,3.4000000953674316,330200,USD,NCM,America/New_York,Yahoo Finance
BYRN,2026-09-02,3.390000104904175,3.4700000286102295,3.390000104904175,3.440000057220459,3.440000057220459,120500,USD,NCM,America/New_York,Yahoo Finance
BYRN,2026-09-03,3.4600000381469727,3.549999952316284,3.3399999141693115,3.4100000858306885,3.4100000858306885,214000,USD,NCM,America/New_York,Yahoo Finance
BYRN,2026-09-04,3.509999990463257,3.819999933242798,3.4800000190734863,3.680000066757202,3.680000066757202,1146400,USD,NCM,America/New_York,Yahoo Finance
BYRN,2026-09-08,3.700000047683716,3.7300000190734863,3.559999942779541,3.630000114440918,3.630000114440918,424100,USD,NCM,America/New_York,Yahoo Finance
BYRN,2026-09-09,3.5999999046325684,3.6500000953674316,3.549999952316284,3.5899999141693115,3.5899999141693115,172500,USD,NCM,America/New_York,Yahoo Finance
BYRN,2026-09-10,3.559999942779541,3.619999885559082,3.509999990463257,3.5299999713897705,3.5299999713897705,173800,USD,NCM,America/New_York,Yahoo Finance
BYRN,2026-09-11,3.559999942779541,3.75,3.5399999618530273,3.619999885559082,3.619999885559082,437500,USD,NCM,America/New_York,Yahoo Finance
BYRN,2026-09-14,3.609999895095825,3.869999885559082,3.5799999237060547,3.7300000190734863,3.7300000190734863,351700,USD,NCM,America/New_York,Yahoo Finance
BYRN,2026-09-15,3.680000066757202,3.7899999618530273,3.5899999141693115,3.7300000190734863,3.7300000190734863,235200,USD,NCM,America/New_York,Yahoo Finance
BYRN,2026-09-16,3.7100000381469727,3.740000009536743,3.6500000953674316,3.7100000381469727,3.7100000381469727,172600,USD,NCM,America/New_York,Yahoo Finance
BYRN,2026-09-17,3.7100000381469727,3.7899999618530273,3.700000047683716,3.7799999713897705,3.7799999713897705,193400,USD,NCM,America/New_York,Yahoo Finance
BYRN,2026-09-18,3.7300000190734863,3.7799999713897705,3.5999999046325684,3.680000066757202,3.680000066757202,287600,USD,NCM,America/New_York,Yahoo Finance
BYRN,2026-09-21,3.869999885559082,3.869999885559082,3.4000000953674316,3.5199999809265137,3.5199999809265137,490400,USD,NCM,America/New_York,Yahoo Finance
BYRN,2026-09-22,3.5899999141693115,3.5899999141693115,3.4200000762939453,3.4700000286102295,3.4700000286102295,242000,USD,NCM,America/New_York,Yahoo Finance
BYRN,2026-09-23,3.450000047683716,3.630000114440918,3.390000104904175,3.619999885559082,3.619999885559082,333800,USD,NCM,America/New_York,Yahoo Finance
BYRN,2026-09-24,3.569999933242798,3.6600000858306885,3.5199999809265137,3.619999885559082,3.619999885559082,184900,USD,NCM,America/New_York,Yahoo Finance
BYRN,2026-09-25,3.5199999809265137,3.569999933242798,3.430000066757202,3.490000009536743,3.490000009536743,450000,USD,NCM,America/New_York,Yahoo Finance
BYRN,2026-09-28,3.490000009536743,3.5199999809265137,3.369999885559082,3.369999885559082,3.369999885559082,201400,USD,NCM,America/New_York,Yahoo Finance
BYRN,2026-09-29,3.369999885559082,3.4600000381469727,3.319999933242798,3.3299999237060547,3.3299999237060547,189700,USD,NCM,America/New_York,Yahoo Finance
BYRN,2026-09-30,3.3299999237060547,3.380000114440918,3.259999990463257,3.2699999809265137,3.2699999809265137,164400,USD,NCM,America/New_York,Yahoo Finance
BYRN,2026-10-01,3.309999942779541,3.5899999141693115,3.309999942779541,3.4800000190734863,3.4800000190734863,337200,USD,NCM,America/New_York,Yahoo Finance
BYRN,2026-10-02,3.5399999618530273,3.5999999046325684,3.450000047683716,3.4800000190734863,3.4800000190734863,357400,USD,NCM,America/New_York,Yahoo Finance
CAKE,2026-08-17,110.7300033569336,111.98999786376953,108.68000030517578,109.06999969482422,109.06999969482422,2287300,USD,NMS,America/New_York,Yahoo Finance
CAKE,2026-08-18,108.75,110.08999633789062,106.01000213623047,106.36000061035156,106.36000061035156,1794500,USD,NMS,America/New_York,Yahoo Finance
CAKE,2026-08-19,106.94000244140625,110.55999755859375,105.7300033569336,105.81999969482422,105.81999969482422,1183800,USD,NMS,America/New_York,Yahoo Finance
CAKE,2026-08-20,105.25,106.6500015258789,102.41999816894531,106.52999877929688,106.52999877929688,1751900,USD,NMS,America/New_York,Yahoo Finance
CAKE,2026-08-21,106.87999725341797,113.63999938964844,106.61000061035156,113.33000183105469,113.33000183105469,1865300,USD,NMS,America/New_York,Yahoo Finance
CAKE,2026-08-24,113.0,115.3499984741211,111.20999908447266,114.61000061035156,114.61000061035156,2113100,USD,NMS,America/New_York,Yahoo Finance
CAKE,2026-08-25,114.68000030517578,114.68000030517578,112.2699966430664,113.48999786376953,113.48999786376953,1985800,USD,NMS,America/New_York,Yahoo Finance
CAKE,2026-08-26,114.44000244140625,115.77999877929688,113.45999908447266,115.3499984741211,115.3499984741211,1399500,USD,NMS,America/New_York,Yahoo Finance
CAKE,2026-08-27,113.95999908447266,114.33999633789062,110.02999877929688,110.08999633789062,110.08999633789062,1425600,USD,NMS,America/New_York,Yahoo Finance
CAKE,2026-08-28,110.75,113.31999969482422,110.30999755859375,112.06999969482422,112.06999969482422,803300,USD,NMS,America/New_York,Yahoo Finance
CAKE,2026-08-31,111.87000274658203,113.80000305175781,107.62999725341797,109.48999786376953,109.48999786376953,2598400,USD,NMS,America/New_York,Yahoo Finance
CAKE,2026-09-01,108.5,109.5,106.37000274658203,108.36000061035156,108.36000061035156,1360000,USD,NMS,America/New_York,Yahoo Finance
CAKE,2026-09-02,108.7300033569336,109.94999694824219,108.1500015258789,108.56999969482422,108.56999969482422,1236900,USD,NMS,America/New_York,Yahoo Finance
CAKE,2026-09-03,108.22000122070312,108.91999816894531,106.54000091552734,107.18000030517578,107.18000030517578,863600,USD,NMS,America/New_York,Yahoo Finance
CAKE,2026-09-04,106.80000305175781,109.87999725341797,106.80000305175781,107.58000183105469,107.58000183105469,1184100,USD,NMS,America/New_York,Yahoo Finance
CAKE,2026-09-08,107.36000061035156,109.45999908447266,106.5999984741211,107.20999908447266,107.20999908447266,1441900,USD,NMS,America/New_York,Yahoo Finance
CAKE,2026-09-09,105.91999816894531,106.73999786376953,103.30000305175781,103.61000061035156,103.61000061035156,1488200,USD,NMS,America/New_York,Yahoo Finance
CAKE,2026-09-10,102.93000030517578,104.0,100.37000274658203,101.16000366210938,101.16000366210938,1494100,USD,NMS,America/New_York,Yahoo Finance
CAKE,2026-09-11,101.55000305175781,103.30999755859375,99.54000091552734,102.69999694824219,102.69999694824219,1232700,USD,NMS,America/New_York,Yahoo Finance
CAKE,2026-09-14,103.30000305175781,105.80000305175781,103.16999816894531,105.16999816894531,105.16999816894531,1091900,USD,NMS,America/New_York,Yahoo Finance
CAKE,2026-09-15,104.9800033569336,104.9800033569336,95.62000274658203,96.7300033569336,96.7300033569336,2241200,USD,NMS,America/New_York,Yahoo Finance
CAKE,2026-09-16,97.3499984741211,98.18000030517578,96.41000366210938,97.0199966430664,97.0199966430664,1482800,USD,NMS,America/New_York,Yahoo Finance
CAKE,2026-09-17,97.88999938964844,98.26000213623047,95.79000091552734,95.87000274658203,95.87000274658203,933800,USD,NMS,America/New_York,Yahoo Finance
CAKE,2026-09-18,95.25,96.54000091552734,94.54000091552734,96.51000213623047,96.51000213623047,1616000,USD,NMS,America/New_York,Yahoo Finance
CAKE,2026-09-21,97.5,100.04000091552734,96.9800033569336,99.47000122070312,99.47000122070312,1057700,USD,NMS,America/New_York,Yahoo Finance
CAKE,2026-09-22,101.0199966430664,104.5999984741211,100.52999877929688,103.04000091552734,103.04000091552734,1900100,USD,NMS,America/New_York,Yahoo Finance
CAKE,2026-09-23,103.66999816894531,106.04000091552734,101.73999786376953,104.41000366210938,104.41000366210938,1776100,USD,NMS,America/New_York,Yahoo Finance
CAKE,2026-09-24,104.16000366210938,105.72000122070312,103.31999969482422,105.05000305175781,105.05000305175781,1224600,USD,NMS,America/New_York,Yahoo Finance
CAKE,2026-09-25,105.54000091552734,105.91999816894531,102.33999633789062,104.48999786376953,104.48999786376953,985000,USD,NMS,America/New_York,Yahoo Finance
CAKE,2026-09-28,104.0199966430664,107.1500015258789,103.69000244140625,105.16000366210938,105.16000366210938,1413200,USD,NMS,America/New_York,Yahoo Finance
CAR,2026-08-17,137.00999450683594,144.7899932861328,137.00999450683594,141.3000030517578,141.3000030517578,292900,USD,NMS,America/New_York,Yahoo Finance
CAR,2026-08-18,140.8699951171875,142.4499969482422,137.22999572753906,137.6199951171875,137.6199951171875,213900,USD,NMS,America/New_York,Yahoo Finance
CAR,2026-08-19,138.10000610351562,141.6699981689453,138.10000610351562,141.4600067138672,141.4600067138672,197400,USD,NMS,America/New_York,Yahoo Finance
CAR,2026-08-20,141.63999938964844,144.77000427246094,139.0500030517578,143.97999572753906,143.97999572753906,268700,USD,NMS,America/New_York,Yahoo Finance
CAR,2026-08-21,143.9499969482422,149.39999389648438,143.9499969482422,146.61000061035156,146.61000061035156,295000,USD,NMS,America/New_York,Yahoo Finance
CAR,2026-08-24,146.38999938964844,149.85000610351562,146.38999938964844,146.8800048828125,146.8800048828125,260400,USD,NMS,America/New_York,Yahoo Finance
CAR,2026-08-25,147.47000122070312,147.47000122070312,144.72999572753906,145.1300048828125,145.1300048828125,184000,USD,NMS,America/New_York,Yahoo Finance
CAR,2026-08-26,144.80999755859375,146.61000061035156,142.8300018310547,144.0,144.0,194800,USD,NMS,America/New_York,Yahoo Finance
CAR,2026-08-27,143.49000549316406,145.10000610351562,138.72000122070312,139.49000549316406,139.49000549316406,364100,USD,NMS,America/New_York,Yahoo Finance
CAR,2026-08-28,139.2100067138672,140.69000244140625,136.75999450683594,138.1199951171875,138.1199951171875,475100,USD,NMS,America/New_York,Yahoo Finance
CAR,2026-08-31,137.67999267578125,149.55999755859375,135.1300048828125,147.49000549316406,147.49000549316406,845200,USD,NMS,America/New_York,Yahoo Finance
CAR,2026-09-01,146.77000427246094,146.77000427246094,138.82000732421875,140.6999969482422,140.6999969482422,298900,USD,NMS,America/New_York,Yahoo Finance
CAR,2026-09-02,140.0,141.77999877929688,137.1699981689453,137.83999633789062,137.83999633789062,249000,USD,NMS,America/New_York,Yahoo Finance
CAR,2026-09-03,137.89999389648438,140.75,137.85000610351562,138.50999450683594,138.50999450683594,335600,USD,NMS,America/New_York,Yahoo Finance
CAR,2026-09-04,137.9600067138672,139.5,136.89999389648438,138.72999572753906,138.72999572753906,236500,USD,NMS,America/New_York,Yahoo Finance
CAR,2026-09-08,138.24000549316406,139.0399932861328,132.08999633789062,133.83999633789062,133.83999633789062,344400,USD,NMS,America/New_York,Yahoo Finance
CAR,2026-09-09,133.82000732421875,135.80999755859375,131.4499969482422,132.6300048828125,132.6300048828125,249900,USD,NMS,America/New_York,Yahoo Finance
CAR,2026-09-10,131.5,132.27000427246094,126.25,126.73999786376953,126.73999786376953,383900,USD,NMS,America/New_York,Yahoo Finance
CAR,2026-09-11,126.23999786376953,129.0,121.01000213623047,121.73999786376953,121.73999786376953,518300,USD,NMS,America/New_York,Yahoo Finance
CAR,2026-09-14,121.01000213623047,122.69999694824219,117.80999755859375,118.69999694824219,118.69999694824219,407800,USD,NMS,America/New_York,Yahoo Finance
CAR,2026-09-15,118.05000305175781,120.61000061035156,117.0,118.52999877929688,118.52999877929688,356700,USD,NMS,America/New_York,Yahoo Finance
CAR,2026-09-16,117.0,118.93000030517578,115.22000122070312,116.95999908447266,116.95999908447266,364900,USD,NMS,America/New_York,Yahoo Finance
CAR,2026-09-17,118.33000183105469,118.58999633789062,113.44000244140625,115.23999786376953,115.23999786376953,369200,USD,NMS,America/New_York,Yahoo Finance
CAR,2026-09-18,114.9800033569336,119.8499984741211,112.36000061035156,117.70999908447266,117.70999908447266,1290400,USD,NMS,America/New_York,Yahoo Finance
CAR,2026-09-21,117.20999908447266,118.9800033569336,115.58000183105469,117.26000213623047,117.26000213623047,484600,USD,NMS,America/New_York,Yahoo Finance
CAR,2026-09-22,119.81999969482422,119.81999969482422,107.47000122070312,107.7300033569336,107.7300033569336,535800,USD,NMS,America/New_York,Yahoo Finance
CAR,2026-09-23,107.02999877929688,110.75,104.94999694824219,105.66999816894531,105.66999816894531,432600,USD,NMS,America/New_York,Yahoo Finance
CAR,2026-09-24,105.19000244140625,105.80000305175781,102.4000015258789,103.54000091552734,103.54000091552734,502700,USD,NMS,America/New_York,Yahoo Finance
CAR,2026-09-25,102.6500015258789,108.5999984741211,102.19999694824219,108.29000091552734,108.29000091552734,364300,USD,NMS,America/New_York,Yahoo Finance
CAR,2026-09-28,107.52999877929688,107.5999984741211,104.58999633789062,104.93000030517578,104.93000030517578,318500,USD,NMS,America/New_York,Yahoo Finance
CARS,2026-08-21,12.279999732971191,12.390000343322754,11.979999542236328,12.220000267028809,12.220000267028809,438700,USD,NYQ,America/New_York,Yahoo Finance
CARS,2026-08-24,12.239999771118164,12.600000381469727,12.239999771118164,12.359999656677246,12.359999656677246,398600,USD,NYQ,America/New_York,Yahoo Finance
CARS,2026-08-25,12.3100004196167,12.470000267028809,12.170000076293945,12.34000015258789,12.34000015258789,315900,USD,NYQ,America/New_York,Yahoo Finance
CARS,2026-08-26,12.279999732971191,12.5,11.90999984741211,11.970000267028809,11.970000267028809,959000,USD,NYQ,America/New_York,Yahoo Finance
CARS,2026-08-27,11.949999809265137,12.180000305175781,11.720000267028809,11.770000457763672,11.770000457763672,399800,USD,NYQ,America/New_York,Yahoo Finance
CARS,2026-08-28,11.720000267028809,11.944999694824219,11.710000038146973,11.9399995803833,11.9399995803833,400500,USD,NYQ,America/New_York,Yahoo Finance
CARS,2026-08-31,11.829999923706055,11.909000396728516,11.604999542236328,11.699999809265137,11.699999809265137,437200,USD,NYQ,America/New_York,Yahoo Finance
CARS,2026-09-01,11.600000381469727,11.630000114440918,11.404999732971191,11.59000015258789,11.59000015258789,495700,USD,NYQ,America/New_York,Yahoo Finance
CARS,2026-09-02,11.630000114440918,12.095000267028809,11.569999694824219,11.989999771118164,11.989999771118164,400400,USD,NYQ,America/New_York,Yahoo Finance
CARS,2026-09-03,12.130000114440918,12.369999885559082,11.710000038146973,11.789999961853027,11.789999961853027,301300,USD,NYQ,America/New_York,Yahoo Finance
CARS,2026-09-04,11.619999885559082,11.854999542236328,11.449999809265137,11.729999542236328,11.729999542236328,737700,USD,NYQ,America/New_York,Yahoo Finance
CARS,2026-09-08,11.579999923706055,11.609999656677246,11.239999771118164,11.25,11.25,493300,USD,NYQ,America/New_York,Yahoo Finance
CARS,2026-09-09,11.210000038146973,11.25,11.0,11.220000267028809,11.220000267028809,531800,USD,NYQ,America/New_York,Yahoo Finance
CARS,2026-09-10,11.180000305175781,11.420000076293945,11.0600004196167,11.40999984741211,11.40999984741211,534600,USD,NYQ,America/New_York,Yahoo Finance
CARS,2026-09-11,11.569999694824219,11.75,11.520000457763672,11.609999656677246,11.609999656677246,443200,USD,NYQ,America/New_York,Yahoo Finance
CARS,2026-09-14,11.710000038146973,11.90999984741211,11.470000267028809,11.710000038146973,11.710000038146973,457200,USD,NYQ,America/New_York,Yahoo Finance
CARS,2026-09-15,11.729999542236328,11.829999923706055,11.5600004196167,11.800000190734863,11.800000190734863,454000,USD,NYQ,America/New_York,Yahoo Finance
CARS,2026-09-16,11.75,11.75,11.484999656677246,11.529999732971191,11.529999732971191,406000,USD,NYQ,America/New_York,Yahoo Finance
CARS,2026-09-17,11.680000305175781,11.680000305175781,11.289999961853027,11.350000381469727,11.350000381469727,443100,USD,NYQ,America/New_York,Yahoo Finance
CARS,2026-09-18,11.350000381469727,11.380000114440918,11.074999809265137,11.140000343322754,11.140000343322754,1769900,USD,NYQ,America/New_York,Yahoo Finance
CARS,2026-09-21,11.34000015258789,11.529999732971191,11.210000038146973,11.449999809265137,11.449999809265137,444400,USD,NYQ,America/New_York,Yahoo Finance
CARS,2026-09-22,11.59000015258789,11.630000114440918,10.600000381469727,10.800000190734863,10.800000190734863,960100,USD,NYQ,America/New_York,Yahoo Finance
CARS,2026-09-23,10.760000228881836,10.770000457763672,10.109999656677246,10.350000381469727,10.350000381469727,944000,USD,NYQ,America/New_York,Yahoo Finance
CARS,2026-09-24,10.600000381469727,10.609999656677246,10.380000114440918,10.609999656677246,10.609999656677246,689600,USD,NYQ,America/New_York,Yahoo Finance
CARS,2026-09-25,10.5600004196167,10.920000076293945,10.539999961853027,10.899999618530273,10.899999618530273,458700,USD,NYQ,America/New_York,Yahoo Finance
CARS,2026-09-28,10.800000190734863,10.819999694824219,10.40999984741211,10.420000076293945,10.420000076293945,618400,USD,NYQ,America/New_York,Yahoo Finance
CARS,2026-09-29,10.399999618530273,10.59000015258789,10.305000305175781,10.460000038146973,10.460000038146973,510500,USD,NYQ,America/New_York,Yahoo Finance
CARS,2026-09-30,10.470000267028809,10.600000381469727,10.260000228881836,10.270000457763672,10.270000457763672,519600,USD,NYQ,America/New_York,Yahoo Finance
CARS,2026-10-01,10.15999984741211,10.270000457763672,9.3100004196167,10.0,10.0,1223500,USD,NYQ,America/New_York,Yahoo Finance
CARS,2026-10-02,10.069999694824219,10.15999984741211,9.8149995803833,10.029999732971191,10.029999732971191,854700,USD,NYQ,America/New_York,Yahoo Finance
CATY,2026-08-17,64.72000122070312,65.26000213623047,64.38999938964844,64.4000015258789,64.00605773925781,346400,USD,NMS,America/New_York,Yahoo Finance
CATY,2026-08-18,64.55000305175781,64.80000305175781,63.869998931884766,64.19999694824219,63.807273864746094,365600,USD,NMS,America/New_York,Yahoo Finance
CATY,2026-08-19,64.23999786376953,64.23999786376953,62.36000061035156,62.5099983215332,62.12761306762695,379600,USD,NMS,America/New_York,Yahoo Finance
CATY,2026-08-20,62.209999084472656,62.720001220703125,62.119998931884766,62.41999816894531,62.03816604614258,328000,USD,NMS,America/New_York,Yahoo Finance
CATY,2026-08-21,62.72999954223633,62.95000076293945,61.86000061035156,62.29999923706055,61.91889953613281,341600,USD,NMS,America/New_York,Yahoo Finance
CATY,2026-08-24,62.220001220703125,62.81999969482422,62.150001525878906,62.33000183105469,61.9487190246582,498600,USD,NMS,America/New_York,Yahoo Finance
CATY,2026-08-25,62.470001220703125,62.47999954223633,61.81999969482422,61.88999938964844,61.511409759521484,259100,USD,NMS,America/New_York,Yahoo Finance
CATY,2026-08-26,62.09000015258789,62.34000015258789,61.7400016784668,62.040000915527344,61.660491943359375,222600,USD,NMS,America/New_York,Yahoo Finance
CATY,2026-08-27,61.68000030517578,62.150001525878906,61.16999816894531,62.119998931884766,61.7400016784668,286400,USD,NMS,America/New_York,Yahoo Finance
CATY,2026-08-28,61.7599983215332,62.13999938964844,61.470001220703125,61.869998931884766,61.869998931884766,425800,USD,NMS,America/New_York,Yahoo Finance
CATY,2026-08-31,61.650001525878906,61.7400016784668,61.04999923706055,61.209999084472656,61.209999084472656,513100,USD,NMS,America/New_York,Yahoo Finance
CATY,2026-09-01,61.02000045776367,61.59000015258789,60.439998626708984,60.72999954223633,60.72999954223633,616400,USD,NMS,America/New_York,Yahoo Finance
CATY,2026-09-02,61.130001068115234,62.5099983215332,60.83000183105469,62.0,62.0,502500,USD,NMS,America/New_York,Yahoo Finance
CATY,2026-09-03,62.29999923706055,63.11000061035156,62.08000183105469,62.58000183105469,62.58000183105469,419300,USD,NMS,America/New_York,Yahoo Finance
CATY,2026-09-04,62.2400016784668,63.130001068115234,62.060001373291016,62.689998626708984,62.689998626708984,314000,USD,NMS,America/New_York,Yahoo Finance
CATY,2026-09-08,62.540000915527344,62.720001220703125,61.81999969482422,61.86000061035156,61.86000061035156,409700,USD,NMS,America/New_York,Yahoo Finance
CATY,2026-09-09,61.45000076293945,62.02000045776367,61.130001068115234,61.34000015258789,61.34000015258789,416800,USD,NMS,America/New_York,Yahoo Finance
CATY,2026-09-10,61.29999923706055,62.08000183105469,60.83000183105469,62.040000915527344,62.040000915527344,310700,USD,NMS,America/New_York,Yahoo Finance
CATY,2026-09-11,62.599998474121094,63.18000030517578,61.40999984741211,62.0099983215332,62.0099983215332,347900,USD,NMS,America/New_York,Yahoo Finance
CATY,2026-09-14,62.06999969482422,62.81999969482422,62.06999969482422,62.41999816894531,62.41999816894531,383300,USD,NMS,America/New_York,Yahoo Finance
CATY,2026-09-15,62.40999984741211,63.08000183105469,62.279998779296875,62.45000076293945,62.45000076293945,460100,USD,NMS,America/New_York,Yahoo Finance
CATY,2026-09-16,62.43000030517578,62.77000045776367,60.939998626708984,62.0,62.0,660800,USD,NMS,America/New_York,Yahoo Finance
CATY,2026-09-17,62.66999816894531,62.720001220703125,61.86000061035156,62.02000045776367,62.02000045776367,359600,USD,NMS,America/New_York,Yahoo Finance
CATY,2026-09-18,61.70000076293945,62.349998474121094,61.38999938964844,62.25,62.25,1595000,USD,NMS,America/New_York,Yahoo Finance
CATY,2026-09-21,62.290000915527344,62.560001373291016,61.470001220703125,61.47999954223633,61.47999954223633,599300,USD,NMS,America/New_York,Yahoo Finance
CATY,2026-09-22,61.880001068115234,62.08000183105469,60.689998626708984,60.70000076293945,60.70000076293945,637700,USD,NMS,America/New_York,Yahoo Finance
CATY,2026-09-23,60.560001373291016,61.09000015258789,60.189998626708984,60.470001220703125,60.470001220703125,427900,USD,NMS,America/New_York,Yahoo Finance
CATY,2026-09-24,60.5099983215332,61.34000015258789,60.27000045776367,61.130001068115234,61.130001068115234,486900,USD,NMS,America/New_York,Yahoo Finance
CATY,2026-09-25,61.369998931884766,61.91999816894531,61.310001373291016,61.45000076293945,61.45000076293945,480800,USD,NMS,America/New_York,Yahoo Finance
CATY,2026-09-28,61.349998474121094,61.45000076293945,60.709999084472656,60.7400016784668,60.7400016784668,415100,USD,NMS,America/New_York,Yahoo Finance
CCC,2026-08-17,6.860000133514404,6.900000095367432,6.670000076293945,6.690000057220459,6.690000057220459,8942200,USD,NMS,America/New_York,Yahoo Finance
CCC,2026-08-18,6.739999771118164,7.619999885559082,6.630000114440918,7.139999866485596,7.139999866485596,29500700,USD,NMS,America/New_York,Yahoo Finance
CCC,2026-08-19,7.150000095367432,7.679999828338623,7.050000190734863,7.440000057220459,7.440000057220459,16503700,USD,NMS,America/New_York,Yahoo Finance
CCC,2026-08-20,7.414999961853027,7.59499979019165,7.324999809265137,7.449999809265137,7.449999809265137,11838200,USD,NMS,America/New_York,Yahoo Finance
CCC,2026-08-21,7.409999847412109,7.579999923706055,7.38100004196167,7.460000038146973,7.460000038146973,5952900,USD,NMS,America/New_York,Yahoo Finance
CCC,2026-08-24,7.409999847412109,7.550000190734863,7.380000114440918,7.5,7.5,7908000,USD,NMS,America/New_York,Yahoo Finance
CCC,2026-08-25,7.420000076293945,7.5,7.329999923706055,7.460000038146973,7.460000038146973,5910100,USD,NMS,America/New_York,Yahoo Finance
CCC,2026-08-26,7.2170000076293945,7.429999828338623,7.190000057220459,7.300000190734863,7.300000190734863,5417600,USD,NMS,America/New_York,Yahoo Finance
CCC,2026-08-27,7.389999866485596,7.670000076293945,7.340000152587891,7.599999904632568,7.599999904632568,9257300,USD,NMS,America/New_York,Yahoo Finance
CCC,2026-08-28,7.59499979019165,7.644999980926514,7.480000019073486,7.489999771118164,7.489999771118164,6226900,USD,NMS,America/New_York,Yahoo Finance
CCC,2026-08-31,7.420000076293945,7.534999847412109,7.349999904632568,7.460000038146973,7.460000038146973,5792200,USD,NMS,America/New_York,Yahoo Finance
CCC,2026-09-01,7.369999885559082,7.505000114440918,7.210000038146973,7.239999771118164,7.239999771118164,5914700,USD,NMS,America/New_York,Yahoo Finance
CCC,2026-09-02,7.340000152587891,7.340000152587891,7.131999969482422,7.179999828338623,7.179999828338623,4738600,USD,NMS,America/New_York,Yahoo Finance
CCC,2026-09-03,7.28000020980835,7.46999979019165,7.199999809265137,7.21999979019165,7.21999979019165,5341500,USD,NMS,America/New_York,Yahoo Finance
CCC,2026-09-04,7.110000133514404,7.539999961853027,6.989999771118164,7.510000228881836,7.510000228881836,14201700,USD,NMS,America/New_York,Yahoo Finance
CCC,2026-09-08,7.525000095367432,7.5329999923706055,6.989999771118164,7.079999923706055,7.079999923706055,13454300,USD,NMS,America/New_York,Yahoo Finance
CCC,2026-09-09,7.03000020980835,7.090000152587891,6.760000228881836,6.789999961853027,6.789999961853027,9181600,USD,NMS,America/New_York,Yahoo Finance
CCC,2026-09-10,6.75,6.889999866485596,6.695000171661377,6.849999904632568,6.849999904632568,7795800,USD,NMS,America/New_York,Yahoo Finance
CCC,2026-09-11,6.869999885559082,6.989999771118164,6.699999809265137,6.889999866485596,6.889999866485596,15034500,USD,NMS,America/New_York,Yahoo Finance
CCC,2026-09-14,7.0,7.079999923706055,6.699999809265137,6.760000228881836,6.760000228881836,22587100,USD,NMS,America/New_York,Yahoo Finance
CCC,2026-09-15,6.670000076293945,6.864999771118164,6.579999923706055,6.599999904632568,6.599999904632568,17398200,USD,NMS,America/New_York,Yahoo Finance
CCC,2026-09-16,6.489999771118164,6.519000053405762,6.295000076293945,6.329999923706055,6.329999923706055,12215200,USD,NMS,America/New_York,Yahoo Finance
CCC,2026-09-17,6.309999942779541,6.670000076293945,6.239999771118164,6.599999904632568,6.599999904632568,11391500,USD,NMS,America/New_York,Yahoo Finance
CCC,2026-09-18,6.599999904632568,6.614999771118164,6.429999828338623,6.550000190734863,6.550000190734863,25232900,USD,NMS,America/New_York,Yahoo Finance
CCC,2026-09-21,6.630000114440918,6.630000114440918,6.400000095367432,6.5,6.5,9351000,USD,NMS,America/New_York,Yahoo Finance
CCC,2026-09-22,6.659999847412109,6.730000019073486,6.429999828338623,6.570000171661377,6.570000171661377,13650300,USD,NMS,America/New_York,Yahoo Finance
CCC,2026-09-23,6.519999980926514,6.715000152587891,6.5,6.659999847412109,6.659999847412109,13348900,USD,NMS,America/New_York,Yahoo Finance
CCC,2026-09-24,6.590000152587891,6.965000152587891,6.570000171661377,6.869999885559082,6.869999885559082,11080600,USD,NMS,America/New_York,Yahoo Finance
CCC,2026-09-25,6.849999904632568,7.039999961853027,6.75,6.900000095367432,6.900000095367432,14329800,USD,NMS,America/New_York,Yahoo Finance
CCC,2026-09-28,6.769999980926514,6.820000171661377,6.559999942779541,6.619999885559082,6.619999885559082,18594500,USD,NMS,America/New_York,Yahoo Finance
CERT,2026-08-17,7.949999809265137,8.057999610900879,7.864999771118164,8.0,8.0,4654700,USD,NMS,America/New_York,Yahoo Finance
CERT,2026-08-18,8.0,8.100000381469727,7.929999828338623,8.010000228881836,8.010000228881836,1940500,USD,NMS,America/New_York,Yahoo Finance
CERT,2026-08-19,8.109999656677246,8.369999885559082,8.079999923706055,8.359999656677246,8.359999656677246,2026300,USD,NMS,America/New_York,Yahoo Finance
CERT,2026-08-20,8.404999732971191,8.885000228881836,8.359999656677246,8.729999542236328,8.729999542236328,2704900,USD,NMS,America/New_York,Yahoo Finance
CERT,2026-08-21,8.829999923706055,8.829999923706055,8.390000343322754,8.430000305175781,8.430000305175781,2044500,USD,NMS,America/New_York,Yahoo Finance
CERT,2026-08-24,8.430000305175781,8.460000038146973,7.880000114440918,7.960000038146973,7.960000038146973,2304600,USD,NMS,America/New_York,Yahoo Finance
CERT,2026-08-25,7.989999771118164,8.265000343322754,7.954999923706055,8.140000343322754,8.140000343322754,2558900,USD,NMS,America/New_York,Yahoo Finance
CERT,2026-08-26,8.119999885559082,8.239999771118164,8.045000076293945,8.220000267028809,8.220000267028809,1150200,USD,NMS,America/New_York,Yahoo Finance
CERT,2026-08-27,8.229999542236328,8.489999771118164,8.199999809265137,8.40999984741211,8.40999984741211,1402000,USD,NMS,America/New_York,Yahoo Finance
CERT,2026-08-28,8.380000114440918,8.479999542236328,8.3149995803833,8.350000381469727,8.350000381469727,2060400,USD,NMS,America/New_York,Yahoo Finance
CERT,2026-08-31,8.220000267028809,8.3100004196167,8.029999732971191,8.289999961853027,8.289999961853027,1712500,USD,NMS,America/New_York,Yahoo Finance
CERT,2026-09-01,8.21500015258789,8.28499984741211,8.0649995803833,8.100000381469727,8.100000381469727,2480100,USD,NMS,America/New_York,Yahoo Finance
CERT,2026-09-02,8.100000381469727,8.414999961853027,8.100000381469727,8.279999732971191,8.279999732971191,1525400,USD,NMS,America/New_York,Yahoo Finance
CERT,2026-09-03,8.350000381469727,8.430000305175781,7.992000102996826,8.130000114440918,8.130000114440918,2125100,USD,NMS,America/New_York,Yahoo Finance
CERT,2026-09-04,8.020000457763672,8.050000190734863,7.90500020980835,7.940000057220459,7.940000057220459,1271300,USD,NMS,America/New_York,Yahoo Finance
CERT,2026-09-08,7.800000190734863,7.840000152587891,7.605000019073486,7.739999771118164,7.739999771118164,2879900,USD,NMS,America/New_York,Yahoo Finance
CERT,2026-09-09,7.710000038146973,7.7210001945495605,7.494999885559082,7.630000114440918,7.630000114440918,1462900,USD,NMS,America/New_York,Yahoo Finance
CERT,2026-09-10,7.519999980926514,7.610000133514404,7.309999942779541,7.420000076293945,7.420000076293945,2255200,USD,NMS,America/New_York,Yahoo Finance
CERT,2026-09-11,7.510000228881836,7.570000171661377,7.389999866485596,7.550000190734863,7.550000190734863,1486100,USD,NMS,America/New_York,Yahoo Finance
CERT,2026-09-14,7.610000133514404,8.09000015258789,7.579999923706055,8.0,8.0,1695800,USD,NMS,America/New_York,Yahoo Finance
CERT,2026-09-15,7.96999979019165,8.399999618530273,7.948999881744385,8.399999618530273,8.399999618530273,2121300,USD,NMS,America/New_York,Yahoo Finance
CERT,2026-09-16,8.34000015258789,8.404999732971191,8.039999961853027,8.130000114440918,8.130000114440918,3914600,USD,NMS,America/New_York,Yahoo Finance
CERT,2026-09-17,8.25,8.614999771118164,8.164999961853027,8.579999923706055,8.579999923706055,2259900,USD,NMS,America/New_York,Yahoo Finance
CERT,2026-09-18,8.579999923706055,8.649999618530273,8.164999961853027,8.420000076293945,8.420000076293945,6720300,USD,NMS,America/New_York,Yahoo Finance
CERT,2026-09-21,8.489999771118164,8.640000343322754,8.425000190734863,8.520000457763672,8.520000457763672,1894300,USD,NMS,America/New_York,Yahoo Finance
CERT,2026-09-22,8.510000228881836,8.845000267028809,8.510000228881836,8.829999923706055,8.829999923706055,2321000,USD,NMS,America/New_York,Yahoo Finance
CERT,2026-09-23,8.819999694824219,9.125,8.59000015258789,8.640000343322754,8.640000343322754,2586000,USD,NMS,America/New_York,Yahoo Finance
CERT,2026-09-24,8.520000457763672,8.925000190734863,8.520000457763672,8.890000343322754,8.890000343322754,2314500,USD,NMS,America/New_York,Yahoo Finance
CERT,2026-09-25,8.954999923706055,9.204999923706055,8.734999656677246,9.109999656677246,9.109999656677246,2915600,USD,NMS,America/New_York,Yahoo Finance
CERT,2026-09-28,9.0,9.34000015258789,8.920000076293945,9.130000114440918,9.130000114440918,2917700,USD,NMS,America/New_York,Yahoo Finance
CET,2026-08-17,55.2400016784668,55.40999984741211,54.77000045776367,54.900001525878906,54.900001525878906,43700,USD,ASE,America/New_York,Yahoo Finance
CET,2026-08-18,54.77000045776367,55.06999969482422,54.27000045776367,54.31999969482422,54.31999969482422,36400,USD,ASE,America/New_York,Yahoo Finance
CET,2026-08-19,54.52000045776367,54.869998931884766,54.52000045776367,54.70000076293945,54.70000076293945,5200,USD,ASE,America/New_York,Yahoo Finance
CET,2026-08-20,54.560001373291016,54.709999084472656,54.209999084472656,54.209999084472656,54.209999084472656,12300,USD,ASE,America/New_York,Yahoo Finance
CET,2026-08-21,54.540000915527344,55.040000915527344,54.459999084472656,54.77000045776367,54.77000045776367,23800,USD,ASE,America/New_York,Yahoo Finance
CET,2026-08-24,54.58000183105469,55.4900016784668,54.58000183105469,54.790000915527344,54.790000915527344,30400,USD,ASE,America/New_York,Yahoo Finance
CET,2026-08-25,54.959999084472656,55.5,54.5,55.290000915527344,55.290000915527344,45300,USD,ASE,America/New_York,Yahoo Finance
CET,2026-08-26,55.27000045776367,55.279998779296875,54.7400016784668,54.90999984741211,54.90999984741211,17200,USD,ASE,America/New_York,Yahoo Finance
CET,2026-08-27,55.06999969482422,55.2400016784668,54.58000183105469,54.59000015258789,54.59000015258789,25100,USD,ASE,America/New_York,Yahoo Finance
CET,2026-08-28,54.79999923706055,55.0,54.61000061035156,54.79999923706055,54.79999923706055,9300,USD,ASE,America/New_York,Yahoo Finance
CET,2026-08-31,54.68000030517578,55.11000061035156,54.380001068115234,54.380001068115234,54.380001068115234,26200,USD,ASE,America/New_York,Yahoo Finance
CET,2026-09-01,54.869998931884766,54.869998931884766,54.0099983215332,54.060001373291016,54.060001373291016,31700,USD,ASE,America/New_York,Yahoo Finance
CET,2026-09-02,54.400001525878906,54.84000015258789,54.029998779296875,54.060001373291016,54.060001373291016,31500,USD,ASE,America/New_York,Yahoo Finance
CET,2026-09-03,54.689998626708984,54.86000061035156,54.130001068115234,54.650001525878906,54.650001525878906,23500,USD,ASE,America/New_York,Yahoo Finance
CET,2026-09-04,54.36000061035156,54.779998779296875,54.36000061035156,54.779998779296875,54.779998779296875,9500,USD,ASE,America/New_York,Yahoo Finance
CET,2026-09-08,54.75,55.849998474121094,54.75,55.810001373291016,55.810001373291016,54000,USD,ASE,America/New_York,Yahoo Finance
CET,2026-09-09,55.52000045776367,55.86000061035156,55.459999084472656,55.599998474121094,55.599998474121094,17200,USD,ASE,America/New_York,Yahoo Finance
CET,2026-09-10,55.189998626708984,55.599998474121094,55.15999984741211,55.5,55.5,11900,USD,ASE,America/New_York,Yahoo Finance
CET,2026-09-11,55.77000045776367,56.0,55.27000045776367,56.0,56.0,9200,USD,ASE,America/New_York,Yahoo Finance
CET,2026-09-14,55.849998474121094,56.22999954223633,55.15999984741211,55.900001525878906,55.900001525878906,41500,USD,ASE,America/New_York,Yahoo Finance
CET,2026-09-15,55.189998626708984,56.189998626708984,55.189998626708984,55.68000030517578,55.68000030517578,29900,USD,ASE,America/New_York,Yahoo Finance
CET,2026-09-16,55.779998779296875,56.18000030517578,55.119998931884766,55.18000030517578,55.18000030517578,23500,USD,ASE,America/New_York,Yahoo Finance
CET,2026-09-17,55.91999816894531,55.91999816894531,55.33000183105469,55.709999084472656,55.709999084472656,30500,USD,ASE,America/New_York,Yahoo Finance
CET,2026-09-18,55.599998474121094,55.72999954223633,55.15999984741211,55.529998779296875,55.529998779296875,8600,USD,ASE,America/New_York,Yahoo Finance
CET,2026-09-21,55.849998474121094,56.75,55.849998474121094,56.7400016784668,56.7400016784668,18300,USD,ASE,America/New_York,Yahoo Finance
CET,2026-09-22,56.56999969482422,57.38999938964844,56.06999969482422,56.9900016784668,56.9900016784668,27700,USD,ASE,America/New_York,Yahoo Finance
CET,2026-09-23,56.790000915527344,56.790000915527344,55.79999923706055,56.439998626708984,56.439998626708984,28500,USD,ASE,America/New_York,Yahoo Finance
CET,2026-09-24,55.869998931884766,55.95000076293945,55.5,55.849998474121094,55.849998474121094,39800,USD,ASE,America/New_York,Yahoo Finance
CET,2026-09-25,55.7599983215332,56.560001373291016,55.599998474121094,56.38999938964844,56.38999938964844,25200,USD,ASE,America/New_York,Yahoo Finance
CET,2026-09-28,56.290000915527344,56.79999923706055,55.0099983215332,55.220001220703125,55.220001220703125,32700,USD,ASE,America/New_York,Yahoo Finance
CF,2026-08-17,118.23999786376953,119.12999725341797,116.73999786376953,117.77999877929688,117.77999877929688,2030200,USD,NYQ,America/New_York,Yahoo Finance
CF,2026-08-18,120.41000366210938,121.98999786376953,119.0,119.72000122070312,119.72000122070312,2438900,USD,NYQ,America/New_York,Yahoo Finance
CF,2026-08-19,120.54000091552734,123.87999725341797,118.93000030517578,119.0199966430664,119.0199966430664,2349100,USD,NYQ,America/New_York,Yahoo Finance
CF,2026-08-20,121.58999633789062,129.17999267578125,121.5,125.69999694824219,125.69999694824219,3316000,USD,NYQ,America/New_York,Yahoo Finance
CF,2026-08-21,127.43000030517578,131.6999969482422,127.22000122070312,129.60000610351562,129.60000610351562,3900700,USD,NYQ,America/New_York,Yahoo Finance
CF,2026-08-24,129.99000549316406,132.5500030517578,127.81999969482422,129.24000549316406,129.24000549316406,2034400,USD,NYQ,America/New_York,Yahoo Finance
CF,2026-08-25,126.44000244140625,128.92999267578125,125.76000213623047,127.26000213623047,127.26000213623047,2141400,USD,NYQ,America/New_York,Yahoo Finance
CF,2026-08-26,126.05000305175781,128.6699981689453,124.23999786376953,125.69999694824219,125.69999694824219,1949700,USD,NYQ,America/New_York,Yahoo Finance
CF,2026-08-27,124.94999694824219,127.37000274658203,122.19000244140625,125.70999908447266,125.70999908447266,2184700,USD,NYQ,America/New_York,Yahoo Finance
CF,2026-08-28,126.70999908447266,129.25,124.5,125.79000091552734,125.79000091552734,1537200,USD,NYQ,America/New_York,Yahoo Finance
CF,2026-08-31,127.87000274658203,132.22000122070312,126.72000122070312,130.02999877929688,130.02999877929688,3255800,USD,NYQ,America/New_York,Yahoo Finance
CF,2026-09-01,132.07000732421875,135.77000427246094,129.6300048828125,135.60000610351562,135.60000610351562,3834200,USD,NYQ,America/New_York,Yahoo Finance
CF,2026-09-02,133.57000732421875,141.27000427246094,131.2899932861328,139.27000427246094,139.27000427246094,4506500,USD,NYQ,America/New_York,Yahoo Finance
CF,2026-09-03,138.60000610351562,138.69000244140625,135.36000061035156,137.80999755859375,137.80999755859375,2269900,USD,NYQ,America/New_York,Yahoo Finance
CF,2026-09-04,135.42999267578125,135.97000122070312,131.63999938964844,133.35000610351562,133.35000610351562,2662100,USD,NYQ,America/New_York,Yahoo Finance
CF,2026-09-08,134.05999755859375,136.67999267578125,133.19000244140625,134.3300018310547,134.3300018310547,2401600,USD,NYQ,America/New_York,Yahoo Finance
CF,2026-09-09,137.8800048828125,139.5,135.7100067138672,138.11000061035156,138.11000061035156,3217500,USD,NYQ,America/New_York,Yahoo Finance
CF,2026-09-10,140.1199951171875,141.66000366210938,134.60000610351562,135.11000061035156,135.11000061035156,2840200,USD,NYQ,America/New_York,Yahoo Finance
CF,2026-09-11,132.60000610351562,136.88999938964844,132.0,133.07000732421875,133.07000732421875,2292800,USD,NYQ,America/New_York,Yahoo Finance
CF,2026-09-14,136.35000610351562,137.5399932861328,130.32000732421875,131.24000549316406,131.24000549316406,2127900,USD,NYQ,America/New_York,Yahoo Finance
CF,2026-09-15,130.5,137.0399932861328,130.08999633789062,135.5399932861328,135.5399932861328,3130400,USD,NYQ,America/New_York,Yahoo Finance
CF,2026-09-16,133.22999572753906,135.1199951171875,131.27000427246094,131.99000549316406,131.99000549316406,1648000,USD,NYQ,America/New_York,Yahoo Finance
CF,2026-09-17,130.27999877929688,134.5,130.0,133.82000732421875,133.82000732421875,1508700,USD,NYQ,America/New_York,Yahoo Finance
CF,2026-09-18,132.72000122070312,132.86000061035156,127.51000213623047,127.69999694824219,127.69999694824219,4627900,USD,NYQ,America/New_York,Yahoo Finance
CF,2026-09-21,126.58999633789062,127.6500015258789,122.20999908447266,123.2699966430664,123.2699966430664,3215800,USD,NYQ,America/New_York,Yahoo Finance
CF,2026-09-22,122.01000213623047,122.43000030517578,118.29000091552734,120.58999633789062,120.58999633789062,3850100,USD,NYQ,America/New_York,Yahoo Finance
CF,2026-09-23,121.69999694824219,122.61000061035156,120.45999908447266,120.63999938964844,120.63999938964844,1999500,USD,NYQ,America/New_York,Yahoo Finance
CF,2026-09-24,121.95999908447266,122.19000244140625,117.7699966430664,118.44000244140625,118.44000244140625,1979900,USD,NYQ,America/New_York,Yahoo Finance
CF,2026-09-25,117.83000183105469,117.9800033569336,114.37999725341797,114.66999816894531,114.66999816894531,2271700,USD,NYQ,America/New_York,Yahoo Finance
CF,2026-09-28,117.30000305175781,117.69000244140625,114.68000030517578,115.51000213623047,115.51000213623047,2854000,USD,NYQ,America/New_York,Yahoo Finance
CG,2026-08-17,48.70000076293945,48.779998779296875,47.95000076293945,48.540000915527344,48.540000915527344,2812500,USD,NMS,America/New_York,Yahoo Finance
CG,2026-08-18,48.290000915527344,48.70000076293945,47.369998931884766,48.369998931884766,48.369998931884766,3234900,USD,NMS,America/New_York,Yahoo Finance
CG,2026-08-19,48.970001220703125,50.59000015258789,48.459999084472656,49.400001525878906,49.400001525878906,3295200,USD,NMS,America/New_York,Yahoo Finance
CG,2026-08-20,49.29999923706055,49.36000061035156,47.79999923706055,47.9900016784668,47.9900016784668,2308800,USD,NMS,America/New_York,Yahoo Finance
CG,2026-08-21,48.18000030517578,49.400001525878906,48.119998931884766,49.369998931884766,49.369998931884766,8294700,USD,NMS,America/New_York,Yahoo Finance
CG,2026-08-24,49.2599983215332,49.529998779296875,48.599998474121094,49.13999938964844,49.13999938964844,3189400,USD,NMS,America/New_York,Yahoo Finance
CG,2026-08-25,49.2599983215332,49.36000061035156,48.36000061035156,48.91999816894531,48.91999816894531,3464300,USD,NMS,America/New_York,Yahoo Finance
CG,2026-08-26,48.959999084472656,49.68000030517578,48.59000015258789,48.9900016784668,48.9900016784668,3469700,USD,NMS,America/New_York,Yahoo Finance
CG,2026-08-27,49.06999969482422,50.31999969482422,48.95000076293945,49.2400016784668,49.2400016784668,2443700,USD,NMS,America/New_York,Yahoo Finance
CG,2026-08-28,49.63999938964844,50.0,48.97999954223633,49.09000015258789,49.09000015258789,1881200,USD,NMS,America/New_York,Yahoo Finance
CG,2026-08-31,48.810001373291016,48.869998931884766,48.34000015258789,48.38999938964844,48.38999938964844,2513000,USD,NMS,America/New_York,Yahoo Finance
CG,2026-09-01,47.400001525878906,47.90999984741211,46.13999938964844,46.540000915527344,46.540000915527344,3031500,USD,NMS,America/New_York,Yahoo Finance
CG,2026-09-02,46.540000915527344,47.7400016784668,46.220001220703125,47.13999938964844,47.13999938964844,3154500,USD,NMS,America/New_York,Yahoo Finance
CG,2026-09-03,47.650001525878906,48.86000061035156,46.970001220703125,47.75,47.75,3147900,USD,NMS,America/New_York,Yahoo Finance
CG,2026-09-04,46.900001525878906,47.61000061035156,46.5,46.970001220703125,46.970001220703125,1939500,USD,NMS,America/New_York,Yahoo Finance
CG,2026-09-08,46.79999923706055,47.130001068115234,45.880001068115234,45.95000076293945,45.95000076293945,2051300,USD,NMS,America/New_York,Yahoo Finance
CG,2026-09-09,45.90999984741211,46.20000076293945,44.099998474121094,44.11000061035156,44.11000061035156,3290000,USD,NMS,America/New_York,Yahoo Finance
CG,2026-09-10,43.56999969482422,43.869998931884766,42.95000076293945,43.06999969482422,43.06999969482422,2756900,USD,NMS,America/New_York,Yahoo Finance
CG,2026-09-11,43.709999084472656,43.77000045776367,42.33000183105469,42.34000015258789,42.34000015258789,4251700,USD,NMS,America/New_York,Yahoo Finance
CG,2026-09-14,41.970001220703125,42.810001373291016,41.209999084472656,41.81999969482422,41.81999969482422,3168800,USD,NMS,America/New_York,Yahoo Finance
CG,2026-09-15,41.5,41.75,40.720001220703125,41.41999816894531,41.41999816894531,4185100,USD,NMS,America/New_York,Yahoo Finance
CG,2026-09-16,41.63999938964844,41.83000183105469,39.15999984741211,40.0099983215332,40.0099983215332,4199100,USD,NMS,America/New_York,Yahoo Finance
CG,2026-09-17,41.08000183105469,41.29999923706055,40.099998474121094,40.16999816894531,40.16999816894531,4927900,USD,NMS,America/New_York,Yahoo Finance
CG,2026-09-18,40.08000183105469,40.58000183105469,39.54999923706055,40.099998474121094,40.099998474121094,6402400,USD,NMS,America/New_York,Yahoo Finance
CG,2026-09-21,40.61000061035156,41.20000076293945,40.099998474121094,40.86000061035156,40.86000061035156,2837300,USD,NMS,America/New_York,Yahoo Finance
CG,2026-09-22,41.41999816894531,41.439998626708984,40.09000015258789,40.22999954223633,40.22999954223633,3963400,USD,NMS,America/New_York,Yahoo Finance
CG,2026-09-23,39.83000183105469,40.66999816894531,39.83000183105469,39.91999816894531,39.91999816894531,2621200,USD,NMS,America/New_York,Yahoo Finance
CG,2026-09-24,40.15999984741211,40.5099983215332,38.7599983215332,39.41999816894531,39.41999816894531,2883000,USD,NMS,America/New_York,Yahoo Finance
CG,2026-09-25,39.880001068115234,40.220001220703125,39.40999984741211,40.029998779296875,40.029998779296875,2039900,USD,NMS,America/New_York,Yahoo Finance
CG,2026-09-28,39.68000030517578,39.720001220703125,38.720001220703125,39.52000045776367,39.52000045776367,2548700,USD,NMS,America/New_York,Yahoo Finance
CGAU,2026-08-17,21.760000228881836,22.049999237060547,21.559999465942383,21.920000076293945,21.86849594116211,1188800,USD,NYQ,America/New_York,Yahoo Finance
CGAU,2026-08-18,21.450000762939453,21.65999984741211,21.110000610351562,21.280000686645508,21.23000144958496,1017700,USD,NYQ,America/New_York,Yahoo Finance
CGAU,2026-08-19,22.459999084472656,23.139999389648438,22.260000228881836,22.600000381469727,22.600000381469727,2226400,USD,NYQ,America/New_York,Yahoo Finance
CGAU,2026-08-20,22.450000762939453,23.549999237060547,22.139999389648438,23.489999771118164,23.489999771118164,1449700,USD,NYQ,America/New_York,Yahoo Finance
CGAU,2026-08-21,24.0,24.15999984741211,23.440000534057617,23.75,23.75,1904500,USD,NYQ,America/New_York,Yahoo Finance
CGAU,2026-08-24,24.049999237060547,24.31999969482422,23.079999923706055,23.479999542236328,23.479999542236328,2487600,USD,NYQ,America/New_York,Yahoo Finance
CGAU,2026-08-25,23.100000381469727,24.219999313354492,23.100000381469727,24.18000030517578,24.18000030517578,1546700,USD,NYQ,America/New_York,Yahoo Finance
CGAU,2026-08-26,23.610000610351562,24.030000686645508,23.56999969482422,23.709999084472656,23.709999084472656,1672500,USD,NYQ,America/New_York,Yahoo Finance
CGAU,2026-08-27,23.469999313354492,24.31999969482422,23.469999313354492,24.25,24.25,1258700,USD,NYQ,America/New_York,Yahoo Finance
CGAU,2026-08-28,24.350000381469727,24.520000457763672,23.1299991607666,23.440000534057617,23.440000534057617,1947600,USD,NYQ,America/New_York,Yahoo Finance
CGAU,2026-08-31,23.440000534057617,23.440000534057617,22.59000015258789,22.920000076293945,22.920000076293945,875800,USD,NYQ,America/New_York,Yahoo Finance
CGAU,2026-09-01,21.950000762939453,22.639999389648438,21.739999771118164,21.780000686645508,21.780000686645508,1822300,USD,NYQ,America/New_York,Yahoo Finance
CGAU,2026-09-02,22.43000030517578,22.75,22.1299991607666,22.260000228881836,22.260000228881836,1474900,USD,NYQ,America/New_York,Yahoo Finance
CGAU,2026-09-03,23.020000457763672,23.100000381469727,22.459999084472656,23.040000915527344,23.040000915527344,1548800,USD,NYQ,America/New_York,Yahoo Finance
CGAU,2026-09-04,22.479999542236328,23.100000381469727,22.469999313354492,22.920000076293945,22.920000076293945,932900,USD,NYQ,America/New_York,Yahoo Finance
CGAU,2026-09-08,22.940000534057617,23.329999923706055,22.809999465942383,22.84000015258789,22.84000015258789,1380400,USD,NYQ,America/New_York,Yahoo Finance
CGAU,2026-09-09,23.309999465942383,23.75,22.93000030517578,23.299999237060547,23.299999237060547,1113800,USD,NYQ,America/New_York,Yahoo Finance
CGAU,2026-09-10,22.579999923706055,22.899999618530273,22.43000030517578,22.600000381469727,22.600000381469727,1189900,USD,NYQ,America/New_York,Yahoo Finance
CGAU,2026-09-11,22.989999771118164,23.270000457763672,22.440000534057617,22.6299991607666,22.6299991607666,1332000,USD,NYQ,America/New_York,Yahoo Finance
CGAU,2026-09-14,21.809999465942383,22.079999923706055,21.489999771118164,21.780000686645508,21.780000686645508,1122300,USD,NYQ,America/New_York,Yahoo Finance
CGAU,2026-09-15,21.8799991607666,22.100000381469727,21.549999237060547,22.079999923706055,22.079999923706055,965400,USD,NYQ,America/New_York,Yahoo Finance
CGAU,2026-09-16,22.540000915527344,22.549999237060547,21.459999084472656,21.920000076293945,21.920000076293945,1641400,USD,NYQ,America/New_York,Yahoo Finance
CGAU,2026-09-17,22.540000915527344,22.8799991607666,22.31999969482422,22.75,22.75,1394600,USD,NYQ,America/New_York,Yahoo Finance
CGAU,2026-09-18,22.8799991607666,23.049999237060547,22.520000457763672,23.020000457763672,23.020000457763672,1819000,USD,NYQ,America/New_York,Yahoo Finance
CGAU,2026-09-21,23.450000762939453,23.799999237060547,22.6299991607666,22.950000762939453,22.950000762939453,1066300,USD,NYQ,America/New_York,Yahoo Finance
CGAU,2026-09-22,23.0,23.709999084472656,22.93000030517578,23.469999313354492,23.469999313354492,972900,USD,NYQ,America/New_York,Yahoo Finance
CGAU,2026-09-23,22.809999465942383,22.8700008392334,22.420000076293945,22.610000610351562,22.610000610351562,1075300,USD,NYQ,America/New_York,Yahoo Finance
CGAU,2026-09-24,22.25,22.809999465942383,22.049999237060547,22.780000686645508,22.780000686645508,831400,USD,NYQ,America/New_York,Yahoo Finance
CGAU,2026-09-25,22.81999969482422,22.829999923706055,22.43000030517578,22.559999465942383,22.559999465942383,762100,USD,NYQ,America/New_York,Yahoo Finance
CGAU,2026-09-28,21.43000030517578,21.920000076293945,21.0,21.760000228881836,21.760000228881836,1155300,USD,NYQ,America/New_York,Yahoo Finance
CGCF,2026-08-21,9.819999694824219,9.880000114440918,9.819999694824219,9.869999885559082,9.869999885559082,1700,USD,NGM,America/New_York,Yahoo Finance
CGCF,2026-08-24,9.84000015258789,9.859999656677246,9.829999923706055,9.859999656677246,9.859999656677246,200900,USD,NGM,America/New_York,Yahoo Finance
CGCF,2026-08-25,9.880000114440918,9.880000114440918,9.880000114440918,9.880000114440918,9.880000114440918,1100,USD,NGM,America/New_York,Yahoo Finance
CGCF,2026-08-26,9.84000015258789,9.859999656677246,9.84000015258789,9.859999656677246,9.859999656677246,100100,USD,NGM,America/New_York,Yahoo Finance
CGCF,2026-08-27,9.84000015258789,9.84000015258789,9.84000015258789,9.84000015258789,9.84000015258789,1400,USD,NGM,America/New_York,Yahoo Finance
CGCF,2026-08-28,9.84000015258789,9.84000015258789,9.84000015258789,9.84000015258789,9.84000015258789,0,USD,NGM,America/New_York,Yahoo Finance
CGCF,2026-08-31,9.84000015258789,9.84000015258789,9.84000015258789,9.84000015258789,9.84000015258789,600,USD,NGM,America/New_York,Yahoo Finance
CGCF,2026-09-01,9.84000015258789,9.84000015258789,9.84000015258789,9.84000015258789,9.84000015258789,1000,USD,NGM,America/New_York,Yahoo Finance
CGCF,2026-09-02,9.84000015258789,9.84000015258789,9.84000015258789,9.84000015258789,9.84000015258789,1800,USD,NGM,America/New_York,Yahoo Finance
CGCF,2026-09-03,9.84000015258789,9.84000015258789,9.84000015258789,9.84000015258789,9.84000015258789,54500,USD,NGM,America/New_York,Yahoo Finance
CGCF,2026-09-04,9.84000015258789,9.84000015258789,9.829999923706055,9.84000015258789,9.84000015258789,131700,USD,NGM,America/New_York,Yahoo Finance
CGCF,2026-09-08,9.84000015258789,9.84000015258789,9.84000015258789,9.84000015258789,9.84000015258789,3700,USD,NGM,America/New_York,Yahoo Finance
CGCF,2026-09-09,9.84000015258789,9.84000015258789,9.84000015258789,9.84000015258789,9.84000015258789,0,USD,NGM,America/New_York,Yahoo Finance
CGCF,2026-09-10,9.84000015258789,9.84000015258789,9.84000015258789,9.84000015258789,9.84000015258789,200,USD,NGM,America/New_York,Yahoo Finance
CGCF,2026-09-11,9.84000015258789,9.84000015258789,9.84000015258789,9.84000015258789,9.84000015258789,0,USD,NGM,America/New_York,Yahoo Finance
CGCF,2026-09-14,9.84000015258789,9.84000015258789,9.84000015258789,9.84000015258789,9.84000015258789,500,USD,NGM,America/New_York,Yahoo Finance
CGCF,2026-09-15,9.829999923706055,9.829999923706055,9.829999923706055,9.829999923706055,9.829999923706055,500,USD,NGM,America/New_York,Yahoo Finance
CGCF,2026-09-16,9.829999923706055,9.829999923706055,9.819999694824219,9.819999694824219,9.819999694824219,26300,USD,NGM,America/New_York,Yahoo Finance
CGCF,2026-09-17,9.819999694824219,9.819999694824219,9.8100004196167,9.8100004196167,9.8100004196167,1700,USD,NGM,America/New_York,Yahoo Finance
CGCF,2026-09-18,9.8100004196167,9.819999694824219,9.800000190734863,9.800000190734863,9.800000190734863,8800,USD,NGM,America/New_York,Yahoo Finance
CGCF,2026-09-21,9.800000190734863,9.800000190734863,9.800000190734863,9.800000190734863,9.800000190734863,0,USD,NGM,America/New_York,Yahoo Finance
CGCF,2026-09-22,9.800000190734863,9.800000190734863,9.779999732971191,9.779999732971191,9.779999732971191,93100,USD,NGM,America/New_York,Yahoo Finance
CGCF,2026-09-23,9.800000190734863,9.8100004196167,9.800000190734863,9.800000190734863,9.800000190734863,209200,USD,NGM,America/New_York,Yahoo Finance
CGCF,2026-09-24,9.8100004196167,9.8100004196167,9.8100004196167,9.8100004196167,9.8100004196167,300,USD,NGM,America/New_York,Yahoo Finance
CGCF,2026-09-25,9.8100004196167,9.8100004196167,9.8100004196167,9.8100004196167,9.8100004196167,0,USD,NGM,America/New_York,Yahoo Finance
CGCF,2026-09-28,9.800000190734863,9.800000190734863,9.800000190734863,9.800000190734863,9.800000190734863,100,USD,NGM,America/New_York,Yahoo Finance
CGCF,2026-09-29,9.8100004196167,9.8100004196167,9.800000190734863,9.800000190734863,9.800000190734863,2600,USD,NGM,America/New_York,Yahoo Finance
CGCF,2026-09-30,9.8100004196167,9.8100004196167,9.8100004196167,9.8100004196167,9.8100004196167,2500,USD,NGM,America/New_York,Yahoo Finance
CGCF,2026-10-01,9.8100004196167,9.819999694824219,9.8100004196167,9.819999694824219,9.819999694824219,50000,USD,NGM,America/New_York,Yahoo Finance
CGCF,2026-10-02,9.819999694824219,9.819999694824219,9.819999694824219,9.819999694824219,9.819999694824219,0,USD,NGM,America/New_York,Yahoo Finance
CHGG,2026-08-21,0.75,0.8299999833106995,0.75,0.8199999928474426,0.8199999928474426,1752700,USD,NYQ,America/New_York,Yahoo Finance
CHGG,2026-08-24,0.8100000023841858,0.8299999833106995,0.800000011920929,0.800000011920929,0.800000011920929,318500,USD,NYQ,America/New_York,Yahoo Finance
CHGG,2026-08-25,0.7900000214576721,0.8100000023841858,0.7699999809265137,0.7900000214576721,0.7900000214576721,533400,USD,NYQ,America/New_York,Yahoo Finance
CHGG,2026-08-26,0.7799999713897705,0.8100000023841858,0.7799999713897705,0.7900000214576721,0.7900000214576721,269400,USD,NYQ,America/New_York,Yahoo Finance
CHGG,2026-08-27,0.7900000214576721,0.8399999737739563,0.7900000214576721,0.800000011920929,0.800000011920929,493500,USD,NYQ,America/New_York,Yahoo Finance
CHGG,2026-08-28,0.8100000023841858,0.8600000143051147,0.8100000023841858,0.8399999737739563,0.8399999737739563,713100,USD,NYQ,America/New_York,Yahoo Finance
CHGG,2026-08-31,0.8399999737739563,0.8500000238418579,0.8100000023841858,0.8500000238418579,0.8500000238418579,617400,USD,NYQ,America/New_York,Yahoo Finance
CHGG,2026-09-01,0.8100000023841858,0.8299999833106995,0.75,0.7900000214576721,0.7900000214576721,1127500,USD,NYQ,America/New_York,Yahoo Finance
CHGG,2026-09-02,0.7699999809265137,0.8500000238418579,0.7699999809265137,0.8299999833106995,0.8299999833106995,1033400,USD,NYQ,America/New_York,Yahoo Finance
CHGG,2026-09-03,0.8299999833106995,1.0299999713897705,0.8100000023841858,0.9800000190734863,0.9800000190734863,9108100,USD,NYQ,America/New_York,Yahoo Finance
CHGG,2026-09-04,0.949999988079071,0.9800000190734863,0.8399999737739563,0.8500000238418579,0.8500000238418579,2333100,USD,NYQ,America/New_York,Yahoo Finance
CHGG,2026-09-08,0.8199999928474426,0.8399999737739563,0.7900000214576721,0.800000011920929,0.800000011920929,1160500,USD,NYQ,America/New_York,Yahoo Finance
CHGG,2026-09-09,0.800000011920929,0.8399999737739563,0.75,0.7599999904632568,0.7599999904632568,1216500,USD,NYQ,America/New_York,Yahoo Finance
CHGG,2026-09-10,0.75,0.7699999809265137,0.7099999785423279,0.7300000190734863,0.7300000190734863,1701600,USD,NYQ,America/New_York,Yahoo Finance
CHGG,2026-09-11,0.7300000190734863,0.75,0.7200000286102295,0.7300000190734863,0.7300000190734863,593100,USD,NYQ,America/New_York,Yahoo Finance
CHGG,2026-09-14,0.75,0.7699999809265137,0.7400000095367432,0.7599999904632568,0.7599999904632568,491600,USD,NYQ,America/New_York,Yahoo Finance
CHGG,2026-09-15,0.7599999904632568,0.7699999809265137,0.7300000190734863,0.7400000095367432,0.7400000095367432,266800,USD,NYQ,America/New_York,Yahoo Finance
CHGG,2026-09-16,0.7400000095367432,0.75,0.7200000286102295,0.7300000190734863,0.7300000190734863,374100,USD,NYQ,America/New_York,Yahoo Finance
CHGG,2026-09-17,0.7300000190734863,0.7699999809265137,0.7300000190734863,0.7400000095367432,0.7400000095367432,292400,USD,NYQ,America/New_York,Yahoo Finance
CHGG,2026-09-18,0.75,0.7599999904632568,0.6899999976158142,0.699999988079071,0.699999988079071,2644100,USD,NYQ,America/New_York,Yahoo Finance
CHGG,2026-09-21,0.7200000286102295,0.7200000286102295,0.699999988079071,0.7200000286102295,0.7200000286102295,596800,USD,NYQ,America/New_York,Yahoo Finance
CHGG,2026-09-22,0.7200000286102295,0.75,0.7099999785423279,0.75,0.75,492700,USD,NYQ,America/New_York,Yahoo Finance
CHGG,2026-09-23,0.7300000190734863,0.7599999904632568,0.7099999785423279,0.7300000190734863,0.7300000190734863,377600,USD,NYQ,America/New_York,Yahoo Finance
CHGG,2026-09-24,0.75,0.75,0.7300000190734863,0.7300000190734863,0.7300000190734863,496100,USD,NYQ,America/New_York,Yahoo Finance
CHGG,2026-09-25,0.7300000190734863,0.75,0.7200000286102295,0.7300000190734863,0.7300000190734863,283400,USD,NYQ,America/New_York,Yahoo Finance
CHGG,2026-09-28,0.7300000190734863,0.7400000095367432,0.7099999785423279,0.7200000286102295,0.7200000286102295,486900,USD,NYQ,America/New_York,Yahoo Finance
CHGG,2026-09-29,0.7200000286102295,0.7400000095367432,0.6899999976158142,0.699999988079071,0.699999988079071,527500,USD,NYQ,America/New_York,Yahoo Finance
CHGG,2026-09-30,0.7200000286102295,0.7300000190734863,0.699999988079071,0.7300000190734863,0.7300000190734863,489000,USD,NYQ,America/New_York,Yahoo Finance
CHGG,2026-10-01,0.7200000286102295,0.7200000286102295,0.6499999761581421,0.7099999785423279,0.7099999785423279,1179100,USD,NYQ,America/New_York,Yahoo Finance
CHGG,2026-10-02,0.7099999785423279,0.7599999904632568,0.7099999785423279,0.7400000095367432,0.7400000095367432,941000,USD,NYQ,America/New_York,Yahoo Finance
CINT,2026-08-21,3.6600000858306885,3.940000057220459,3.6600000858306885,3.890000104904175,3.890000104904175,106200,USD,NYQ,America/New_York,Yahoo Finance
CINT,2026-08-24,3.880000114440918,3.940000057220459,3.640000104904175,3.700000047683716,3.700000047683716,48500,USD,NYQ,America/New_York,Yahoo Finance
CINT,2026-08-25,3.6700000762939453,3.700000047683716,3.440000057220459,3.450000047683716,3.450000047683716,139900,USD,NYQ,America/New_York,Yahoo Finance
CINT,2026-08-26,3.4600000381469727,3.5799999237060547,3.3499999046325684,3.369999885559082,3.369999885559082,115400,USD,NYQ,America/New_York,Yahoo Finance
CINT,2026-08-27,3.380000114440918,3.5799999237060547,3.3499999046325684,3.450000047683716,3.450000047683716,140400,USD,NYQ,America/New_York,Yahoo Finance
CINT,2026-08-28,3.450000047683716,3.4600000381469727,3.4100000858306885,3.430000066757202,3.430000066757202,68500,USD,NYQ,America/New_York,Yahoo Finance
CINT,2026-08-31,3.4000000953674316,3.549999952316284,3.4000000953674316,3.4600000381469727,3.4600000381469727,62700,USD,NYQ,America/New_York,Yahoo Finance
CINT,2026-09-01,3.440000057220459,3.4600000381469727,3.3350000381469727,3.390000104904175,3.390000104904175,71000,USD,NYQ,America/New_York,Yahoo Finance
CINT,2026-09-02,3.380000114440918,3.509999990463257,3.3399999141693115,3.5,3.5,214300,USD,NYQ,America/New_York,Yahoo Finance
CINT,2026-09-03,3.5199999809265137,3.5799999237060547,3.3499999046325684,3.509999990463257,3.509999990463257,257600,USD,NYQ,America/New_York,Yahoo Finance
CINT,2026-09-04,3.490000009536743,3.6500000953674316,3.441999912261963,3.5799999237060547,3.5799999237060547,37500,USD,NYQ,America/New_York,Yahoo Finance
CINT,2026-09-08,3.2799999713897705,3.2799999713897705,2.799999952316284,3.2200000286102295,3.2200000286102295,406800,USD,NYQ,America/New_York,Yahoo Finance
CINT,2026-09-09,3.2200000286102295,3.2699999809265137,3.059999942779541,3.140000104904175,3.140000104904175,35200,USD,NYQ,America/New_York,Yahoo Finance
CINT,2026-09-10,3.1500000953674316,3.1500000953674316,3.0360000133514404,3.049999952316284,3.049999952316284,26400,USD,NYQ,America/New_York,Yahoo Finance
CINT,2026-09-11,3.0799999237060547,3.2799999713897705,3.0799999237060547,3.2300000190734863,3.2300000190734863,59900,USD,NYQ,America/New_York,Yahoo Finance
CINT,2026-09-14,3.2300000190734863,3.309999942779541,3.0999999046325684,3.190000057220459,3.190000057220459,33700,USD,NYQ,America/New_York,Yahoo Finance
CINT,2026-09-15,3.2100000381469727,3.240000009536743,3.134999990463257,3.1500000953674316,3.1500000953674316,40400,USD,NYQ,America/New_York,Yahoo Finance
CINT,2026-09-16,3.1700000762939453,3.194999933242798,3.0950000286102295,3.1500000953674316,3.1500000953674316,24700,USD,NYQ,America/New_York,Yahoo Finance
CINT,2026-09-17,3.190000057220459,3.190000057220459,3.109999895095825,3.140000104904175,3.140000104904175,17000,USD,NYQ,America/New_York,Yahoo Finance
CINT,2026-09-18,3.0999999046325684,3.1689999103546143,2.9800000190734863,2.9800000190734863,2.9800000190734863,64400,USD,NYQ,America/New_York,Yahoo Finance
CINT,2026-09-21,3.0199999809265137,3.2300000190734863,3.0,3.1700000762939453,3.1700000762939453,81700,USD,NYQ,America/New_York,Yahoo Finance
CINT,2026-09-22,3.200000047683716,3.200000047683716,3.009999990463257,3.069999933242798,3.069999933242798,58000,USD,NYQ,America/New_York,Yahoo Finance
CINT,2026-09-23,3.069999933242798,3.0899999141693115,3.0199999809265137,3.0399999618530273,3.0399999618530273,15700,USD,NYQ,America/New_York,Yahoo Finance
CINT,2026-09-24,3.0399999618530273,3.062999963760376,3.009999990463257,3.009999990463257,3.009999990463257,16000,USD,NYQ,America/New_York,Yahoo Finance
CINT,2026-09-25,3.049999952316284,3.049999952316284,2.9700000286102295,2.9700000286102295,2.9700000286102295,39000,USD,NYQ,America/New_York,Yahoo Finance
CINT,2026-09-28,2.9600000381469727,2.9600000381469727,2.819999933242798,2.890000104904175,2.890000104904175,91200,USD,NYQ,America/New_York,Yahoo Finance
CINT,2026-09-29,2.880000114440918,3.049999952316284,2.859999895095825,3.0299999713897705,3.0299999713897705,95600,USD,NYQ,America/New_York,Yahoo Finance
CINT,2026-09-30,2.990000009536743,3.180000066757202,2.990000009536743,3.069999933242798,3.069999933242798,34700,USD,NYQ,America/New_York,Yahoo Finance
CINT,2026-10-01,3.009999990463257,3.2200000286102295,3.009999990463257,3.140000104904175,3.140000104904175,41000,USD,NYQ,America/New_York,Yahoo Finance
CINT,2026-10-02,3.1600000858306885,3.450000047683716,3.1600000858306885,3.2100000381469727,3.2100000381469727,132900,USD,NYQ,America/New_York,Yahoo Finance
CLAR,2026-08-21,3.700000047683716,3.7699999809265137,3.6600000858306885,3.7100000381469727,3.7100000381469727,164100,USD,NMS,America/New_York,Yahoo Finance
CLAR,2026-08-24,3.7100000381469727,3.859999895095825,3.7100000381469727,3.819999933242798,3.819999933242798,149000,USD,NMS,America/New_York,Yahoo Finance
CLAR,2026-08-25,3.7799999713897705,3.859999895095825,3.75,3.799999952316284,3.799999952316284,246900,USD,NMS,America/New_York,Yahoo Finance
CLAR,2026-08-26,3.8299999237060547,3.8299999237060547,3.7100000381469727,3.7300000190734863,3.7300000190734863,103900,USD,NMS,America/New_York,Yahoo Finance
CLAR,2026-08-27,3.740000009536743,3.7699999809265137,3.700000047683716,3.759999990463257,3.759999990463257,109900,USD,NMS,America/New_York,Yahoo Finance
CLAR,2026-08-28,3.75,3.869999885559082,3.75,3.799999952316284,3.799999952316284,201000,USD,NMS,America/New_York,Yahoo Finance
CLAR,2026-08-31,3.799999952316284,3.799999952316284,3.700000047683716,3.7200000286102295,3.7200000286102295,104100,USD,NMS,America/New_York,Yahoo Finance
CLAR,2026-09-01,3.6500000953674316,3.700000047683716,3.619999885559082,3.640000104904175,3.640000104904175,127500,USD,NMS,America/New_York,Yahoo Finance
CLAR,2026-09-02,3.6500000953674316,3.8399999141693115,3.6500000953674316,3.7799999713897705,3.7799999713897705,99100,USD,NMS,America/New_York,Yahoo Finance
CLAR,2026-09-03,3.7799999713897705,3.8499999046325684,3.759999990463257,3.809999942779541,3.809999942779541,141900,USD,NMS,America/New_York,Yahoo Finance
CLAR,2026-09-04,3.7799999713897705,3.819999933242798,3.7300000190734863,3.75,3.75,77400,USD,NMS,America/New_York,Yahoo Finance
CLAR,2026-09-08,3.7799999713897705,3.7899999618530273,3.7100000381469727,3.7200000286102295,3.7200000286102295,128300,USD,NMS,America/New_York,Yahoo Finance
CLAR,2026-09-09,3.7100000381469727,3.809999942779541,3.6500000953674316,3.6500000953674316,3.6500000953674316,85000,USD,NMS,America/New_York,Yahoo Finance
CLAR,2026-09-10,3.5999999046325684,3.690000057220459,3.549999952316284,3.549999952316284,3.549999952316284,125000,USD,NMS,America/New_York,Yahoo Finance
CLAR,2026-09-11,3.5999999046325684,3.680000066757202,3.509999990463257,3.549999952316284,3.549999952316284,131200,USD,NMS,America/New_York,Yahoo Finance
CLAR,2026-09-14,3.5399999618530273,3.5899999141693115,3.5199999809265137,3.5799999237060547,3.5799999237060547,132300,USD,NMS,America/New_York,Yahoo Finance
CLAR,2026-09-15,3.5799999237060547,3.5799999237060547,3.4700000286102295,3.509999990463257,3.509999990463257,95100,USD,NMS,America/New_York,Yahoo Finance
CLAR,2026-09-16,3.5399999618530273,3.6500000953674316,3.5,3.549999952316284,3.549999952316284,183700,USD,NMS,America/New_York,Yahoo Finance
CLAR,2026-09-17,3.619999885559082,3.7699999809265137,3.549999952316284,3.5799999237060547,3.5799999237060547,86100,USD,NMS,America/New_York,Yahoo Finance
CLAR,2026-09-18,3.549999952316284,3.609999895095825,3.5199999809265137,3.5799999237060547,3.5799999237060547,141700,USD,NMS,America/New_York,Yahoo Finance
CLAR,2026-09-21,3.609999895095825,3.630000114440918,3.559999942779541,3.569999933242798,3.569999933242798,74400,USD,NMS,America/New_York,Yahoo Finance
CLAR,2026-09-22,3.5799999237060547,3.640000104904175,3.569999933242798,3.569999933242798,3.569999933242798,89800,USD,NMS,America/New_York,Yahoo Finance
CLAR,2026-09-23,3.509999990463257,3.569999933242798,3.440000057220459,3.5,3.5,123700,USD,NMS,America/New_York,Yahoo Finance
CLAR,2026-09-24,3.5,3.5199999809265137,3.450000047683716,3.509999990463257,3.509999990463257,60500,USD,NMS,America/New_York,Yahoo Finance
CLAR,2026-09-25,3.509999990463257,3.619999885559082,3.490000009536743,3.5799999237060547,3.5799999237060547,71300,USD,NMS,America/New_York,Yahoo Finance
CLAR,2026-09-28,3.5899999141693115,3.609999895095825,3.4800000190734863,3.5,3.5,140900,USD,NMS,America/New_York,Yahoo Finance
CLAR,2026-09-29,3.509999990463257,3.509999990463257,3.4200000762939453,3.430000066757202,3.430000066757202,99600,USD,NMS,America/New_York,Yahoo Finance
CLAR,2026-09-30,3.430000066757202,3.440000057220459,3.369999885559082,3.390000104904175,3.390000104904175,93100,USD,NMS,America/New_York,Yahoo Finance
CLAR,2026-10-01,3.390000104904175,3.4000000953674316,3.259999990463257,3.380000114440918,3.380000114440918,186900,USD,NMS,America/New_York,Yahoo Finance
CLAR,2026-10-02,3.4000000953674316,3.4600000381469727,3.390000104904175,3.450000047683716,3.450000047683716,118900,USD,NMS,America/New_York,Yahoo Finance
CLLS,2026-08-21,3.325000047683716,3.4800000190734863,3.2009999752044678,3.4049999713897705,3.4049999713897705,26700,USD,NGM,America/New_York,Yahoo Finance
CLLS,2026-08-24,3.3299999237060547,3.3299999237060547,3.127000093460083,3.190000057220459,3.190000057220459,17200,USD,NGM,America/New_York,Yahoo Finance
CLLS,2026-08-25,3.3299999237060547,3.4709999561309814,3.305000066757202,3.4200000762939453,3.4200000762939453,15900,USD,NGM,America/New_York,Yahoo Finance
CLLS,2026-08-26,3.440000057220459,3.5,3.380000114440918,3.4200000762939453,3.4200000762939453,18000,USD,NGM,America/New_York,Yahoo Finance
CLLS,2026-08-27,3.549999952316284,3.5999999046325684,3.490000009536743,3.555000066757202,3.555000066757202,10200,USD,NGM,America/New_York,Yahoo Finance
CLLS,2026-08-28,3.4800000190734863,3.569999933242798,3.4000000953674316,3.4000000953674316,3.4000000953674316,5700,USD,NGM,America/New_York,Yahoo Finance
CLLS,2026-08-31,3.3399999141693115,3.5199999809265137,3.299999952316284,3.3499999046325684,3.3499999046325684,13200,USD,NGM,America/New_York,Yahoo Finance
CLLS,2026-09-01,3.2899999618530273,3.496999979019165,3.0999999046325684,3.299999952316284,3.299999952316284,9800,USD,NGM,America/New_York,Yahoo Finance
CLLS,2026-09-02,3.319999933242798,3.3399999141693115,3.2200000286102295,3.25,3.25,7300,USD,NGM,America/New_York,Yahoo Finance
CLLS,2026-09-03,3.390000104904175,3.444999933242798,3.259999990463257,3.319999933242798,3.319999933242798,20900,USD,NGM,America/New_York,Yahoo Finance
CLLS,2026-09-04,3.4100000858306885,3.4100000858306885,3.2100000381469727,3.240000009536743,3.240000009536743,4800,USD,NGM,America/New_York,Yahoo Finance
CLLS,2026-09-08,3.2200000286102295,3.2300000190734863,3.125,3.1600000858306885,3.1600000858306885,37500,USD,NGM,America/New_York,Yahoo Finance
CLLS,2026-09-09,3.069999933242798,3.190000057220459,3.009999990463257,3.130000114440918,3.130000114440918,9500,USD,NGM,America/New_York,Yahoo Finance
CLLS,2026-09-10,3.0899999141693115,3.259999990463257,3.069999933242798,3.119999885559082,3.119999885559082,41900,USD,NGM,America/New_York,Yahoo Finance
CLLS,2026-09-11,3.1050000190734863,3.180000066757202,3.009999990463257,3.0999999046325684,3.0999999046325684,75600,USD,NGM,America/New_York,Yahoo Finance
CLLS,2026-09-14,2.319999933242798,2.4200000762939453,1.75,1.8300000429153442,1.8300000429153442,1172900,USD,NGM,America/New_York,Yahoo Finance
CLLS,2026-09-15,1.649999976158142,1.687999963760376,1.5499999523162842,1.6100000143051147,1.6100000143051147,781100,USD,NGM,America/New_York,Yahoo Finance
CLLS,2026-09-16,1.4299999475479126,1.5099999904632568,1.25,1.375,1.375,672300,USD,NGM,America/New_York,Yahoo Finance
CLLS,2026-09-17,1.4500000476837158,1.5499999523162842,1.4299999475479126,1.4600000381469727,1.4600000381469727,346800,USD,NGM,America/New_York,Yahoo Finance
CLLS,2026-09-18,1.4800000190734863,1.5499999523162842,1.4520000219345093,1.5299999713897705,1.5299999713897705,249500,USD,NGM,America/New_York,Yahoo Finance
CLLS,2026-09-21,1.5299999713897705,1.5499999523162842,1.465000033378601,1.5099999904632568,1.5099999904632568,88900,USD,NGM,America/New_York,Yahoo Finance
CLLS,2026-09-22,1.5299999713897705,1.6200000047683716,1.5299999713897705,1.559999942779541,1.559999942779541,76300,USD,NGM,America/New_York,Yahoo Finance
CLLS,2026-09-23,1.5,1.590000033378601,1.409999966621399,1.440000057220459,1.440000057220459,169800,USD,NGM,America/New_York,Yahoo Finance
CLLS,2026-09-24,1.4119999408721924,1.4450000524520874,1.3600000143051147,1.4299999475479126,1.4299999475479126,68800,USD,NGM,America/New_York,Yahoo Finance
CLLS,2026-09-25,1.4500000476837158,1.4800000190734863,1.4149999618530273,1.4700000286102295,1.4700000286102295,37700,USD,NGM,America/New_York,Yahoo Finance
CLLS,2026-09-28,1.4670000076293945,1.5,1.4299999475479126,1.4800000190734863,1.4800000190734863,58100,USD,NGM,America/New_York,Yahoo Finance
CLLS,2026-09-29,1.409999966621399,1.4700000286102295,1.399999976158142,1.4700000286102295,1.4700000286102295,32700,USD,NGM,America/New_York,Yahoo Finance
CLLS,2026-09-30,1.4800000190734863,1.524999976158142,1.4700000286102295,1.5099999904632568,1.5099999904632568,67400,USD,NGM,America/New_York,Yahoo Finance
CLLS,2026-10-01,1.4700000286102295,1.5,1.399999976158142,1.399999976158142,1.399999976158142,140700,USD,NGM,America/New_York,Yahoo Finance
CLLS,2026-10-02,1.4500000476837158,1.4730000495910645,1.4199999570846558,1.4299999475479126,1.4299999475479126,46800,USD,NGM,America/New_York,Yahoo Finance
CLM,2026-08-17,6.96999979019165,7.0,6.880000114440918,6.940000057220459,6.810141086578369,8617600,USD,ASE,America/New_York,Yahoo Finance
CLM,2026-08-18,6.889999866485596,6.920000076293945,6.789999961853027,6.840000152587891,6.71201229095459,3923300,USD,ASE,America/New_York,Yahoo Finance
CLM,2026-08-19,6.860000133514404,6.960000038146973,6.860000133514404,6.909999847412109,6.780702114105225,2361500,USD,ASE,America/New_York,Yahoo Finance
CLM,2026-08-20,6.869999885559082,6.920000076293945,6.800000190734863,6.800000190734863,6.672760486602783,1698400,USD,ASE,America/New_York,Yahoo Finance
CLM,2026-08-21,6.820000171661377,6.869999885559082,6.809999942779541,6.869999885559082,6.741450786590576,1614100,USD,ASE,America/New_York,Yahoo Finance
CLM,2026-08-24,6.829999923706055,6.869999885559082,6.690000057220459,6.739999771118164,6.613883018493652,3127000,USD,ASE,America/New_York,Yahoo Finance
CLM,2026-08-25,6.730000019073486,6.769999980926514,6.650000095367432,6.739999771118164,6.613883018493652,2972500,USD,ASE,America/New_York,Yahoo Finance
CLM,2026-08-26,6.730000019073486,6.739999771118164,6.670000076293945,6.690000057220459,6.564818859100342,1871000,USD,ASE,America/New_York,Yahoo Finance
CLM,2026-08-27,6.670000076293945,6.679999828338623,6.610000133514404,6.650000095367432,6.525567531585693,2712600,USD,ASE,America/New_York,Yahoo Finance
CLM,2026-08-28,6.639999866485596,6.699999809265137,6.570000171661377,6.619999885559082,6.496128559112549,3306500,USD,ASE,America/New_York,Yahoo Finance
CLM,2026-08-31,6.639999866485596,6.710000038146973,6.610000133514404,6.659999847412109,6.535379886627197,2939100,USD,ASE,America/New_York,Yahoo Finance
CLM,2026-09-01,6.630000114440918,6.670000076293945,6.559999942779541,6.570000171661377,6.447064399719238,2576300,USD,ASE,America/New_York,Yahoo Finance
CLM,2026-09-02,6.570000171661377,6.659999847412109,6.570000171661377,6.619999885559082,6.496128559112549,1503300,USD,ASE,America/New_York,Yahoo Finance
CLM,2026-09-03,6.630000114440918,6.769999980926514,6.619999885559082,6.75,6.623696327209473,1711600,USD,ASE,America/New_York,Yahoo Finance
CLM,2026-09-04,6.75,6.760000228881836,6.71999979019165,6.730000019073486,6.60407018661499,922200,USD,ASE,America/New_York,Yahoo Finance
CLM,2026-09-08,6.71999979019165,6.730000019073486,6.619999885559082,6.650000095367432,6.525567531585693,1913500,USD,ASE,America/New_York,Yahoo Finance
CLM,2026-09-09,6.619999885559082,6.639999866485596,6.610000133514404,6.630000114440918,6.505941867828369,1244200,USD,ASE,America/New_York,Yahoo Finance
CLM,2026-09-10,6.599999904632568,6.619999885559082,6.550000190734863,6.570000171661377,6.447064399719238,1581900,USD,ASE,America/New_York,Yahoo Finance
CLM,2026-09-11,6.599999904632568,6.650000095367432,6.570000171661377,6.579999923706055,6.4568772315979,2380500,USD,ASE,America/New_York,Yahoo Finance
CLM,2026-09-14,6.53000020980835,6.590000152587891,6.440000057220459,6.519999980926514,6.3979997634887695,3980900,USD,ASE,America/New_York,Yahoo Finance
CLM,2026-09-15,6.400000095367432,6.440000057220459,6.28000020980835,6.369999885559082,6.369999885559082,3463600,USD,ASE,America/New_York,Yahoo Finance
CLM,2026-09-16,6.380000114440918,6.409999847412109,6.230000019073486,6.28000020980835,6.28000020980835,3509300,USD,ASE,America/New_York,Yahoo Finance
CLM,2026-09-17,6.320000171661377,6.420000076293945,6.289999961853027,6.349999904632568,6.349999904632568,2492200,USD,ASE,America/New_York,Yahoo Finance
CLM,2026-09-18,6.380000114440918,6.380000114440918,6.269999980926514,6.300000190734863,6.300000190734863,1899700,USD,ASE,America/New_York,Yahoo Finance
CLM,2026-09-21,6.320000171661377,6.380000114440918,6.300000190734863,6.349999904632568,6.349999904632568,2732900,USD,ASE,America/New_York,Yahoo Finance
CLM,2026-09-22,6.349999904632568,6.380000114440918,6.309999942779541,6.360000133514404,6.360000133514404,1800300,USD,ASE,America/New_York,Yahoo Finance
CLM,2026-09-23,6.360000133514404,6.380000114440918,6.320000171661377,6.369999885559082,6.369999885559082,1306300,USD,ASE,America/New_York,Yahoo Finance
CLM,2026-09-24,6.340000152587891,6.400000095367432,6.309999942779541,6.380000114440918,6.380000114440918,1815400,USD,ASE,America/New_York,Yahoo Finance
CLM,2026-09-25,6.389999866485596,6.449999809265137,6.369999885559082,6.429999828338623,6.429999828338623,1613300,USD,ASE,America/New_York,Yahoo Finance
CLM,2026-09-28,6.429999828338623,6.429999828338623,6.360000133514404,6.380000114440918,6.380000114440918,1025100,USD,ASE,America/New_York,Yahoo Finance
CLOV,2026-08-17,4.550000190734863,4.570000171661377,4.150000095367432,4.269999980926514,4.269999980926514,5377600,USD,NMS,America/New_York,Yahoo Finance
CLOV,2026-08-18,4.239999771118164,4.349999904632568,4.199999809265137,4.230000019073486,4.230000019073486,3429900,USD,NMS,America/New_York,Yahoo Finance
CLOV,2026-08-19,4.289999961853027,4.369999885559082,4.159999847412109,4.21999979019165,4.21999979019165,2883500,USD,NMS,America/New_York,Yahoo Finance
CLOV,2026-08-20,4.179999828338623,4.260000228881836,4.09499979019165,4.099999904632568,4.099999904632568,3908200,USD,NMS,America/New_York,Yahoo Finance
CLOV,2026-08-21,4.139999866485596,4.179999828338623,4.085000038146973,4.150000095367432,4.150000095367432,2711800,USD,NMS,America/New_York,Yahoo Finance
CLOV,2026-08-24,4.150000095367432,4.179999828338623,4.079999923706055,4.110000133514404,4.110000133514404,2759900,USD,NMS,America/New_York,Yahoo Finance
CLOV,2026-08-25,4.159999847412109,4.190000057220459,4.034999847412109,4.130000114440918,4.130000114440918,2706800,USD,NMS,America/New_York,Yahoo Finance
CLOV,2026-08-26,4.099999904632568,4.313000202178955,4.099999904632568,4.25,4.25,3200100,USD,NMS,America/New_York,Yahoo Finance
CLOV,2026-08-27,4.320000171661377,4.34499979019165,4.224999904632568,4.230000019073486,4.230000019073486,3380600,USD,NMS,America/New_York,Yahoo Finance
CLOV,2026-08-28,4.179999828338623,4.289999961853027,4.170000076293945,4.230000019073486,4.230000019073486,4176500,USD,NMS,America/New_York,Yahoo Finance
CLOV,2026-08-31,4.210000038146973,4.25,4.139999866485596,4.150000095367432,4.150000095367432,3601100,USD,NMS,America/New_York,Yahoo Finance
CLOV,2026-09-01,4.159999847412109,4.355000019073486,4.159999847412109,4.300000190734863,4.300000190734863,3562200,USD,NMS,America/New_York,Yahoo Finance
CLOV,2026-09-02,4.295000076293945,4.364999771118164,4.224999904632568,4.300000190734863,4.300000190734863,3319300,USD,NMS,America/New_York,Yahoo Finance
CLOV,2026-09-03,4.340000152587891,4.369999885559082,4.21999979019165,4.255000114440918,4.255000114440918,2945400,USD,NMS,America/New_York,Yahoo Finance
CLOV,2026-09-04,4.230000019073486,4.284999847412109,4.21999979019165,4.255000114440918,4.255000114440918,2065500,USD,NMS,America/New_York,Yahoo Finance
CLOV,2026-09-08,4.230000019073486,4.335000038146973,4.119999885559082,4.289999961853027,4.289999961853027,3045500,USD,NMS,America/New_York,Yahoo Finance
CLOV,2026-09-09,4.269999980926514,4.360000133514404,4.130000114440918,4.340000152587891,4.340000152587891,4391400,USD,NMS,America/New_York,Yahoo Finance
CLOV,2026-09-10,4.480000019073486,4.769999980926514,4.460000038146973,4.710000038146973,4.710000038146973,6703300,USD,NMS,America/New_York,Yahoo Finance
CLOV,2026-09-11,4.75,4.840000152587891,4.650000095367432,4.820000171661377,4.820000171661377,4484000,USD,NMS,America/New_York,Yahoo Finance
CLOV,2026-09-14,4.820000171661377,5.184999942779541,4.820000171661377,5.099999904632568,5.099999904632568,5492600,USD,NMS,America/New_York,Yahoo Finance
CLOV,2026-09-15,5.059999942779541,5.0960001945495605,4.590000152587891,4.659999847412109,4.659999847412109,9652100,USD,NMS,America/New_York,Yahoo Finance
CLOV,2026-09-16,4.730000019073486,4.75,4.550000190734863,4.559999942779541,4.559999942779541,3842500,USD,NMS,America/New_York,Yahoo Finance
CLOV,2026-09-17,4.559999942779541,4.775000095367432,4.505000114440918,4.539999961853027,4.539999961853027,3689900,USD,NMS,America/New_York,Yahoo Finance
CLOV,2026-09-18,4.5,4.514999866485596,4.360000133514404,4.460000038146973,4.460000038146973,6169400,USD,NMS,America/New_York,Yahoo Finance
CLOV,2026-09-21,4.53000020980835,4.570000171661377,4.449999809265137,4.539999961853027,4.539999961853027,2838500,USD,NMS,America/New_York,Yahoo Finance
CLOV,2026-09-22,4.610000133514404,4.690000057220459,4.519999980926514,4.670000076293945,4.670000076293945,4517000,USD,NMS,America/New_York,Yahoo Finance
CLOV,2026-09-23,4.659999847412109,4.659999847412109,4.46999979019165,4.570000171661377,4.570000171661377,3335000,USD,NMS,America/New_York,Yahoo Finance
CLOV,2026-09-24,4.590000152587891,4.646999835968018,4.429999828338623,4.510000228881836,4.510000228881836,3198400,USD,NMS,America/New_York,Yahoo Finance
CLOV,2026-09-25,4.525000095367432,4.670000076293945,4.46999979019165,4.489999771118164,4.489999771118164,3604300,USD,NMS,America/New_York,Yahoo Finance
CLOV,2026-09-28,4.449999809265137,4.525000095367432,4.269999980926514,4.329999923706055,4.329999923706055,3330500,USD,NMS,America/New_York,Yahoo Finance
CLW,2026-08-21,21.780000686645508,22.040000915527344,21.3700008392334,21.75,21.75,130300,USD,NYQ,America/New_York,Yahoo Finance
CLW,2026-08-24,21.979999542236328,21.979999542236328,21.149999618530273,21.260000228881836,21.260000228881836,103900,USD,NYQ,America/New_York,Yahoo Finance
CLW,2026-08-25,21.209999084472656,21.860000610351562,20.690000534057617,21.770000457763672,21.770000457763672,145900,USD,NYQ,America/New_York,Yahoo Finance
CLW,2026-08-26,21.959999084472656,21.959999084472656,21.299999237060547,21.350000381469727,21.350000381469727,173300,USD,NYQ,America/New_York,Yahoo Finance
CLW,2026-08-27,21.229999542236328,21.5,20.829999923706055,21.09000015258789,21.09000015258789,67400,USD,NYQ,America/New_York,Yahoo Finance
CLW,2026-08-28,21.079999923706055,21.229999542236328,19.010000228881836,20.81999969482422,20.81999969482422,201100,USD,NYQ,America/New_York,Yahoo Finance
CLW,2026-08-31,20.649999618530273,21.170000076293945,20.360000610351562,20.989999771118164,20.989999771118164,171700,USD,NYQ,America/New_York,Yahoo Finance
CLW,2026-09-01,20.850000381469727,21.229999542236328,20.649999618530273,20.770000457763672,20.770000457763672,110400,USD,NYQ,America/New_York,Yahoo Finance
CLW,2026-09-02,20.719999313354492,21.489999771118164,20.719999313354492,20.920000076293945,20.920000076293945,169900,USD,NYQ,America/New_York,Yahoo Finance
CLW,2026-09-03,21.229999542236328,21.229999542236328,20.5,20.700000762939453,20.700000762939453,79000,USD,NYQ,America/New_York,Yahoo Finance
CLW,2026-09-04,20.670000076293945,21.059999465942383,20.670000076293945,20.920000076293945,20.920000076293945,82200,USD,NYQ,America/New_York,Yahoo Finance
CLW,2026-09-08,20.65999984741211,20.65999984741211,20.260000228881836,20.329999923706055,20.329999923706055,115900,USD,NYQ,America/New_York,Yahoo Finance
CLW,2026-09-09,20.299999237060547,20.299999237060547,19.809999465942383,19.920000076293945,19.920000076293945,131600,USD,NYQ,America/New_York,Yahoo Finance
CLW,2026-09-10,19.920000076293945,19.959999084472656,19.489999771118164,19.690000534057617,19.690000534057617,100300,USD,NYQ,America/New_York,Yahoo Finance
CLW,2026-09-11,20.1200008392334,20.459999084472656,19.729999542236328,20.239999771118164,20.239999771118164,142100,USD,NYQ,America/New_York,Yahoo Finance
CLW,2026-09-14,20.329999923706055,21.25,20.299999237060547,20.90999984741211,20.90999984741211,127400,USD,NYQ,America/New_York,Yahoo Finance
CLW,2026-09-15,20.899999618530273,21.360000610351562,20.260000228881836,21.170000076293945,21.170000076293945,126500,USD,NYQ,America/New_York,Yahoo Finance
CLW,2026-09-16,21.270000457763672,21.600000381469727,20.950000762939453,21.1200008392334,21.1200008392334,108200,USD,NYQ,America/New_York,Yahoo Finance
CLW,2026-09-17,21.399999618530273,21.510000228881836,20.920000076293945,21.0,21.0,179600,USD,NYQ,America/New_York,Yahoo Finance
CLW,2026-09-18,20.899999618530273,21.020000457763672,20.299999237060547,20.889999389648438,20.889999389648438,283100,USD,NYQ,America/New_York,Yahoo Finance
CLW,2026-09-21,21.06999969482422,21.389999389648438,20.850000381469727,21.290000915527344,21.290000915527344,126600,USD,NYQ,America/New_York,Yahoo Finance
CLW,2026-09-22,21.530000686645508,22.100000381469727,19.829999923706055,21.90999984741211,21.90999984741211,176500,USD,NYQ,America/New_York,Yahoo Finance
CLW,2026-09-23,21.649999618530273,21.809999465942383,21.309999465942383,21.3799991607666,21.3799991607666,82100,USD,NYQ,America/New_York,Yahoo Finance
CLW,2026-09-24,21.290000915527344,21.290000915527344,20.1299991607666,20.270000457763672,20.270000457763672,168200,USD,NYQ,America/New_York,Yahoo Finance
CLW,2026-09-25,20.1299991607666,20.790000915527344,20.049999237060547,20.34000015258789,20.34000015258789,96100,USD,NYQ,America/New_York,Yahoo Finance
CLW,2026-09-28,20.030000686645508,20.3700008392334,19.860000610351562,19.889999389648438,19.889999389648438,118200,USD,NYQ,America/New_York,Yahoo Finance
CLW,2026-09-29,19.950000762939453,19.979999542236328,19.139999389648438,19.389999389648438,19.389999389648438,120300,USD,NYQ,America/New_York,Yahoo Finance
CLW,2026-09-30,19.40999984741211,19.68000030517578,19.100000381469727,19.15999984741211,19.15999984741211,82700,USD,NYQ,America/New_York,Yahoo Finance
CLW,2026-10-01,19.15999984741211,19.6299991607666,18.229999542236328,19.450000762939453,19.450000762939453,132900,USD,NYQ,America/New_York,Yahoo Finance
CLW,2026-10-02,19.75,19.8700008392334,19.190000534057617,19.809999465942383,19.809999465942383,95800,USD,NYQ,America/New_York,Yahoo Finance
CMCM,2026-08-21,3.140000104904175,3.1500000953674316,2.9600000381469727,2.9600000381469727,2.9600000381469727,10800,USD,NYQ,America/New_York,Yahoo Finance
CMCM,2026-08-24,2.9600000381469727,3.1500000953674316,2.9600000381469727,3.0299999713897705,3.0299999713897705,5900,USD,NYQ,America/New_York,Yahoo Finance
CMCM,2026-08-25,3.0999999046325684,3.0999999046325684,3.0299999713897705,3.0299999713897705,3.0299999713897705,2100,USD,NYQ,America/New_York,Yahoo Finance
CMCM,2026-08-26,3.0299999713897705,3.0299999713897705,3.0299999713897705,3.0299999713897705,3.0299999713897705,0,USD,NYQ,America/New_York,Yahoo Finance
CMCM,2026-08-27,2.9800000190734863,3.0290000438690186,2.9600000381469727,2.990000009536743,2.990000009536743,2700,USD,NYQ,America/New_York,Yahoo Finance
CMCM,2026-08-28,2.990000009536743,3.359999895095825,2.990000009536743,3.299999952316284,3.299999952316284,12300,USD,NYQ,America/New_York,Yahoo Finance
CMCM,2026-08-31,3.25,3.4000000953674316,3.25,3.380000114440918,3.380000114440918,10800,USD,NYQ,America/New_York,Yahoo Finance
CMCM,2026-09-01,3.390000104904175,3.390000104904175,3.2100000381469727,3.2100000381469727,3.2100000381469727,3200,USD,NYQ,America/New_York,Yahoo Finance
CMCM,2026-09-02,3.180000066757202,3.259999990463257,3.0999999046325684,3.240000009536743,3.240000009536743,9300,USD,NYQ,America/New_York,Yahoo Finance
CMCM,2026-09-03,3.3499999046325684,3.3499999046325684,3.3499999046325684,3.3499999046325684,3.3499999046325684,1700,USD,NYQ,America/New_York,Yahoo Finance
CMCM,2026-09-04,2.9700000286102295,3.380000114440918,2.9700000286102295,3.380000114440918,3.380000114440918,4600,USD,NYQ,America/New_York,Yahoo Finance
CMCM,2026-09-08,3.299999952316284,3.5,3.299999952316284,3.490000009536743,3.490000009536743,15600,USD,NYQ,America/New_York,Yahoo Finance
CMCM,2026-09-09,3.5,3.5,3.4749999046325684,3.490000009536743,3.490000009536743,6300,USD,NYQ,America/New_York,Yahoo Finance
CMCM,2026-09-10,3.5390000343322754,3.5390000343322754,3.299999952316284,3.3450000286102295,3.3450000286102295,10000,USD,NYQ,America/New_York,Yahoo Finance
CMCM,2026-09-11,3.299999952316284,3.299999952316284,2.9600000381469727,3.0899999141693115,3.0899999141693115,69700,USD,NYQ,America/New_York,Yahoo Finance
CMCM,2026-09-14,3.049999952316284,3.055000066757202,3.0199999809265137,3.0399999618530273,3.0399999618530273,4300,USD,NYQ,America/New_York,Yahoo Finance
CMCM,2026-09-15,3.0399999618530273,3.059999942779541,2.9600000381469727,2.9800000190734863,2.9800000190734863,11700,USD,NYQ,America/New_York,Yahoo Finance
CMCM,2026-09-16,2.9600000381469727,2.990000009536743,2.9600000381469727,2.9749999046325684,2.9749999046325684,6200,USD,NYQ,America/New_York,Yahoo Finance
CMCM,2026-09-17,2.9700000286102295,3.049999952316284,2.9700000286102295,2.9700000286102295,2.9700000286102295,2700,USD,NYQ,America/New_York,Yahoo Finance
CMCM,2026-09-18,2.930000066757202,2.9600000381469727,2.8499999046325684,2.859999895095825,2.859999895095825,4800,USD,NYQ,America/New_York,Yahoo Finance
CMCM,2026-09-21,2.8499999046325684,2.9149999618530273,2.5,2.6050000190734863,2.6050000190734863,41000,USD,NYQ,America/New_York,Yahoo Finance
CMCM,2026-09-22,2.6500000953674316,2.6700000762939453,2.6500000953674316,2.6600000858306885,2.6600000858306885,900,USD,NYQ,America/New_York,Yahoo Finance
CMCM,2026-09-23,2.759999990463257,2.7799999713897705,2.555000066757202,2.6500000953674316,2.6500000953674316,5500,USD,NYQ,America/New_York,Yahoo Finance
CMCM,2026-09-24,2.690000057220459,2.690000057220459,2.5999999046325684,2.6500000953674316,2.6500000953674316,2000,USD,NYQ,America/New_York,Yahoo Finance
CMCM,2026-09-25,2.5999999046325684,2.680000066757202,2.549999952316284,2.680000066757202,2.680000066757202,4100,USD,NYQ,America/New_York,Yahoo Finance
CMCM,2026-09-28,2.680000066757202,2.740000009536743,2.5999999046325684,2.5999999046325684,2.5999999046325684,2700,USD,NYQ,America/New_York,Yahoo Finance
CMCM,2026-09-29,2.640000104904175,2.809999942779541,2.5999999046325684,2.7100000381469727,2.7100000381469727,4500,USD,NYQ,America/New_York,Yahoo Finance
CMCM,2026-09-30,2.759999990463257,3.015000104904175,2.759999990463257,2.9000000953674316,2.9000000953674316,10400,USD,NYQ,America/New_York,Yahoo Finance
CMCM,2026-10-01,2.799999952316284,2.799999952316284,2.5999999046325684,2.5999999046325684,2.5999999046325684,1600,USD,NYQ,America/New_York,Yahoo Finance
CMCM,2026-10-02,2.700000047683716,2.799999952316284,2.700000047683716,2.700000047683716,2.700000047683716,2400,USD,NYQ,America/New_York,Yahoo Finance
CMCSA,2026-08-17,25.8799991607666,26.09000015258789,25.5,25.56999969482422,25.56999969482422,21547000,USD,NMS,America/New_York,Yahoo Finance
CMCSA,2026-08-18,25.899999618530273,26.280000686645508,25.700000762939453,26.200000762939453,26.200000762939453,26609100,USD,NMS,America/New_York,Yahoo Finance
CMCSA,2026-08-19,26.139999389648438,27.040000915527344,26.139999389648438,26.59000015258789,26.59000015258789,23087500,USD,NMS,America/New_York,Yahoo Finance
CMCSA,2026-08-20,26.56999969482422,26.760000228881836,26.25,26.420000076293945,26.420000076293945,18865500,USD,NMS,America/New_York,Yahoo Finance
CMCSA,2026-08-21,26.56999969482422,26.969999313354492,26.43000030517578,26.850000381469727,26.850000381469727,20308000,USD,NMS,America/New_York,Yahoo Finance
CMCSA,2026-08-24,26.899999618530273,27.18000030517578,26.84000015258789,27.020000457763672,27.020000457763672,16800400,USD,NMS,America/New_York,Yahoo Finance
CMCSA,2026-08-25,26.899999618530273,27.350000381469727,26.690000534057617,27.100000381469727,27.100000381469727,22651100,USD,NMS,America/New_York,Yahoo Finance
CMCSA,2026-08-26,27.110000610351562,27.270000457763672,26.969999313354492,27.200000762939453,27.200000762939453,13763300,USD,NMS,America/New_York,Yahoo Finance
CMCSA,2026-08-27,26.809999465942383,27.049999237060547,26.3700008392334,26.40999984741211,26.40999984741211,20695400,USD,NMS,America/New_York,Yahoo Finance
CMCSA,2026-08-28,26.739999771118164,27.1200008392334,26.530000686645508,27.059999465942383,27.059999465942383,20586700,USD,NMS,America/New_York,Yahoo Finance
CMCSA,2026-08-31,26.829999923706055,26.969999313354492,26.600000381469727,26.6200008392334,26.6200008392334,23305500,USD,NMS,America/New_York,Yahoo Finance
CMCSA,2026-09-01,26.520000457763672,26.760000228881836,26.270000457763672,26.299999237060547,26.299999237060547,19365100,USD,NMS,America/New_York,Yahoo Finance
CMCSA,2026-09-02,26.489999771118164,27.190000534057617,26.459999084472656,26.809999465942383,26.809999465942383,18888400,USD,NMS,America/New_York,Yahoo Finance
CMCSA,2026-09-03,26.889999389648438,27.1299991607666,26.5,26.649999618530273,26.649999618530273,21940100,USD,NMS,America/New_York,Yahoo Finance
CMCSA,2026-09-04,26.6200008392334,26.729999542236328,26.3799991607666,26.489999771118164,26.489999771118164,17277600,USD,NMS,America/New_York,Yahoo Finance
CMCSA,2026-09-08,26.309999465942383,26.399999618530273,25.959999084472656,26.329999923706055,26.329999923706055,27064600,USD,NMS,America/New_York,Yahoo Finance
CMCSA,2026-09-09,26.190000534057617,26.25,24.190000534057617,24.59000015258789,24.59000015258789,47078800,USD,NMS,America/New_York,Yahoo Finance
CMCSA,2026-09-10,24.600000381469727,25.34000015258789,24.510000228881836,25.170000076293945,25.170000076293945,23801600,USD,NMS,America/New_York,Yahoo Finance
CMCSA,2026-09-11,25.209999084472656,25.40999984741211,25.0,25.200000762939453,25.200000762939453,16035600,USD,NMS,America/New_York,Yahoo Finance
CMCSA,2026-09-14,25.329999923706055,25.450000762939453,24.81999969482422,24.8799991607666,24.8799991607666,37719400,USD,NMS,America/New_York,Yahoo Finance
CMCSA,2026-09-15,24.610000610351562,24.770000457763672,24.3700008392334,24.420000076293945,24.420000076293945,27246200,USD,NMS,America/New_York,Yahoo Finance
CMCSA,2026-09-16,24.3799991607666,24.469999313354492,23.59000015258789,23.729999542236328,23.729999542236328,24295800,USD,NMS,America/New_York,Yahoo Finance
CMCSA,2026-09-17,23.799999237060547,23.940000534057617,22.84000015258789,22.90999984741211,22.90999984741211,36297100,USD,NMS,America/New_York,Yahoo Finance
CMCSA,2026-09-18,22.670000076293945,22.90999984741211,22.360000610351562,22.739999771118164,22.739999771118164,64980400,USD,NMS,America/New_York,Yahoo Finance
CMCSA,2026-09-21,22.799999237060547,23.079999923706055,22.489999771118164,22.93000030517578,22.93000030517578,29119300,USD,NMS,America/New_York,Yahoo Finance
CMCSA,2026-09-22,23.09000015258789,23.1299991607666,22.350000381469727,22.420000076293945,22.420000076293945,45147400,USD,NMS,America/New_York,Yahoo Finance
CMCSA,2026-09-23,22.360000610351562,22.8700008392334,22.030000686645508,22.549999237060547,22.549999237060547,38887600,USD,NMS,America/New_York,Yahoo Finance
CMCSA,2026-09-24,22.700000762939453,22.809999465942383,22.020000457763672,22.1299991607666,22.1299991607666,36087900,USD,NMS,America/New_York,Yahoo Finance
CMCSA,2026-09-25,21.760000228881836,21.979999542236328,21.40999984741211,21.90999984741211,21.90999984741211,41801800,USD,NMS,America/New_York,Yahoo Finance
CMCSA,2026-09-28,21.920000076293945,21.969999313354492,21.5,21.790000915527344,21.790000915527344,29771100,USD,NMS,America/New_York,Yahoo Finance
CNXC,2026-08-17,24.450000762939453,24.469999313354492,22.809999465942383,23.329999923706055,23.329999923706055,1201600,USD,NMS,America/New_York,Yahoo Finance
CNXC,2026-08-18,23.700000762939453,23.94499969482422,22.43000030517578,23.670000076293945,23.670000076293945,1355100,USD,NMS,America/New_York,Yahoo Finance
CNXC,2026-08-19,23.8799991607666,26.454999923706055,23.799999237060547,25.719999313354492,25.719999313354492,2288700,USD,NMS,America/New_York,Yahoo Finance
CNXC,2026-08-20,25.940000534057617,26.399999618530273,25.15999984741211,25.200000762939453,25.200000762939453,943600,USD,NMS,America/New_York,Yahoo Finance
CNXC,2026-08-21,25.389999389648438,26.549999237060547,25.1200008392334,25.399999618530273,25.399999618530273,1085600,USD,NMS,America/New_York,Yahoo Finance
CNXC,2026-08-24,25.540000915527344,26.920000076293945,25.270000457763672,26.030000686645508,26.030000686645508,1051500,USD,NMS,America/New_York,Yahoo Finance
CNXC,2026-08-25,25.392000198364258,26.940000534057617,25.392000198364258,26.8700008392334,26.8700008392334,1130400,USD,NMS,America/New_York,Yahoo Finance
CNXC,2026-08-26,25.709999084472656,27.8799991607666,25.709999084472656,27.860000610351562,27.860000610351562,1096800,USD,NMS,America/New_York,Yahoo Finance
CNXC,2026-08-27,27.84000015258789,28.81999969482422,27.649999618530273,28.1299991607666,28.1299991607666,1013900,USD,NMS,America/New_York,Yahoo Finance
CNXC,2026-08-28,28.25,29.93000030517578,27.829999923706055,29.3799991607666,29.3799991607666,1252200,USD,NMS,America/New_York,Yahoo Finance
CNXC,2026-08-31,29.375,30.315000534057617,28.31999969482422,30.100000381469727,30.100000381469727,1629900,USD,NMS,America/New_York,Yahoo Finance
CNXC,2026-09-01,29.950000762939453,33.84000015258789,29.520000457763672,32.279998779296875,32.279998779296875,2391500,USD,NMS,America/New_York,Yahoo Finance
CNXC,2026-09-02,31.799999237060547,33.439998626708984,31.43000030517578,32.369998931884766,32.369998931884766,1163200,USD,NMS,America/New_York,Yahoo Finance
CNXC,2026-09-03,32.880001068115234,33.75,32.119998931884766,32.849998474121094,32.849998474121094,1084900,USD,NMS,America/New_York,Yahoo Finance
CNXC,2026-09-04,32.47999954223633,32.540000915527344,31.434999465942383,32.15999984741211,32.15999984741211,862100,USD,NMS,America/New_York,Yahoo Finance
CNXC,2026-09-08,31.770000457763672,31.799999237060547,28.200000762939453,28.270000457763672,28.270000457763672,1698500,USD,NMS,America/New_York,Yahoo Finance
CNXC,2026-09-09,28.1299991607666,28.135000228881836,26.1299991607666,27.06999969482422,27.06999969482422,1556800,USD,NMS,America/New_York,Yahoo Finance
CNXC,2026-09-10,27.045000076293945,27.469999313354492,26.25,27.0,27.0,938700,USD,NMS,America/New_York,Yahoo Finance
CNXC,2026-09-11,27.1299991607666,28.3799991607666,26.43000030517578,28.239999771118164,28.239999771118164,985700,USD,NMS,America/New_York,Yahoo Finance
CNXC,2026-09-14,28.760000228881836,30.34000015258789,28.719999313354492,29.270000457763672,29.270000457763672,1286700,USD,NMS,America/New_York,Yahoo Finance
CNXC,2026-09-15,28.780000686645508,29.940000534057617,28.600000381469727,29.209999084472656,29.209999084472656,1143200,USD,NMS,America/New_York,Yahoo Finance
CNXC,2026-09-16,28.770000457763672,29.51099967956543,27.889999389648438,29.15999984741211,29.15999984741211,1493500,USD,NMS,America/New_York,Yahoo Finance
CNXC,2026-09-17,29.0,29.114999771118164,28.059999465942383,28.34000015258789,28.34000015258789,1919700,USD,NMS,America/New_York,Yahoo Finance
CNXC,2026-09-18,28.05500030517578,28.700000762939453,27.280000686645508,27.8700008392334,27.8700008392334,5474900,USD,NMS,America/New_York,Yahoo Finance
CNXC,2026-09-21,27.739999771118164,28.349000930786133,26.69499969482422,27.530000686645508,27.530000686645508,1222500,USD,NMS,America/New_York,Yahoo Finance
CNXC,2026-09-22,28.1200008392334,30.780000686645508,27.475000381469727,30.510000228881836,30.510000228881836,2343100,USD,NMS,America/New_York,Yahoo Finance
CNXC,2026-09-23,30.31999969482422,31.260000228881836,28.84000015258789,30.209999084472656,30.209999084472656,2472800,USD,NMS,America/New_York,Yahoo Finance
CNXC,2026-09-24,30.020000457763672,30.65999984741211,28.209999084472656,29.389999389648438,29.389999389648438,2192700,USD,NMS,America/New_York,Yahoo Finance
CNXC,2026-09-25,29.079999923706055,29.232999801635742,26.700000762939453,27.079999923706055,27.079999923706055,2705100,USD,NMS,America/New_York,Yahoo Finance
CNXC,2026-09-28,26.799999237060547,26.799999237060547,24.610000610351562,25.450000762939453,25.450000762939453,3341900,USD,NMS,America/New_York,Yahoo Finance
COLL,2026-08-21,27.68000030517578,27.68000030517578,26.959999084472656,27.110000610351562,27.110000610351562,704900,USD,NMS,America/New_York,Yahoo Finance
COLL,2026-08-24,27.079999923706055,27.985000610351562,26.8700008392334,27.350000381469727,27.350000381469727,758400,USD,NMS,America/New_York,Yahoo Finance
COLL,2026-08-25,27.469999313354492,27.7549991607666,27.1299991607666,27.469999313354492,27.469999313354492,551900,USD,NMS,America/New_York,Yahoo Finance
COLL,2026-08-26,27.579999923706055,28.25,27.010000228881836,27.510000228881836,27.510000228881836,613200,USD,NMS,America/New_York,Yahoo Finance
COLL,2026-08-27,27.260000228881836,27.40999984741211,26.209999084472656,26.440000534057617,26.440000534057617,850100,USD,NMS,America/New_York,Yahoo Finance
COLL,2026-08-28,26.31999969482422,26.687000274658203,25.15999984741211,25.350000381469727,25.350000381469727,814000,USD,NMS,America/New_York,Yahoo Finance
COLL,2026-08-31,25.1200008392334,25.424999237060547,24.46500015258789,24.610000610351562,24.610000610351562,1035200,USD,NMS,America/New_York,Yahoo Finance
COLL,2026-09-01,24.850000381469727,25.459999084472656,23.93000030517578,24.0,24.0,1407000,USD,NMS,America/New_York,Yahoo Finance
COLL,2026-09-02,24.149999618530273,24.815000534057617,23.84000015258789,24.299999237060547,24.299999237060547,852700,USD,NMS,America/New_York,Yahoo Finance
COLL,2026-09-03,24.299999237060547,24.424999237060547,23.639999389648438,23.700000762939453,23.700000762939453,859200,USD,NMS,America/New_York,Yahoo Finance
COLL,2026-09-04,23.540000915527344,24.31999969482422,23.3700008392334,23.530000686645508,23.530000686645508,900800,USD,NMS,America/New_York,Yahoo Finance
COLL,2026-09-08,23.329999923706055,23.81999969482422,23.110000610351562,23.3700008392334,23.3700008392334,1114800,USD,NMS,America/New_York,Yahoo Finance
COLL,2026-09-09,23.559999465942383,24.110000610351562,23.114999771118164,23.360000610351562,23.360000610351562,1077600,USD,NMS,America/New_York,Yahoo Finance
COLL,2026-09-10,23.3799991607666,23.450000762939453,22.719999313354492,22.920000076293945,22.920000076293945,889100,USD,NMS,America/New_York,Yahoo Finance
COLL,2026-09-11,23.020000457763672,23.2450008392334,22.639999389648438,22.75,22.75,661300,USD,NMS,America/New_York,Yahoo Finance
COLL,2026-09-14,22.799999237060547,23.190000534057617,22.5,22.809999465942383,22.809999465942383,824300,USD,NMS,America/New_York,Yahoo Finance
COLL,2026-09-15,22.809999465942383,22.920000076293945,21.649999618530273,21.84000015258789,21.84000015258789,954000,USD,NMS,America/New_York,Yahoo Finance
COLL,2026-09-16,21.84000015258789,22.799999237060547,21.68000030517578,22.190000534057617,22.190000534057617,1154200,USD,NMS,America/New_York,Yahoo Finance
COLL,2026-09-17,22.360000610351562,22.639999389648438,22.079999923706055,22.3799991607666,22.3799991607666,707400,USD,NMS,America/New_York,Yahoo Finance
COLL,2026-09-18,22.170000076293945,22.93000030517578,22.06999969482422,22.770000457763672,22.770000457763672,1992600,USD,NMS,America/New_York,Yahoo Finance
COLL,2026-09-21,22.780000686645508,23.229999542236328,22.5049991607666,23.040000915527344,23.040000915527344,928300,USD,NMS,America/New_York,Yahoo Finance
COLL,2026-09-22,23.459999084472656,23.514999389648438,22.639999389648438,22.780000686645508,22.780000686645508,808200,USD,NMS,America/New_York,Yahoo Finance
COLL,2026-09-23,23.229999542236328,23.690000534057617,21.770000457763672,22.450000762939453,22.450000762939453,878400,USD,NMS,America/New_York,Yahoo Finance
COLL,2026-09-24,22.270000457763672,22.770000457763672,21.899999618530273,22.639999389648438,22.639999389648438,650100,USD,NMS,America/New_York,Yahoo Finance
COLL,2026-09-25,22.579999923706055,22.9060001373291,22.290000915527344,22.530000686645508,22.530000686645508,503400,USD,NMS,America/New_York,Yahoo Finance
COLL,2026-09-28,22.625,23.170000076293945,22.354999542236328,22.6299991607666,22.6299991607666,687400,USD,NMS,America/New_York,Yahoo Finance
COLL,2026-09-29,22.610000610351562,22.920000076293945,21.6200008392334,22.229999542236328,22.229999542236328,1022600,USD,NMS,America/New_York,Yahoo Finance
COLL,2026-09-30,22.139999389648438,22.329999923706055,21.81999969482422,21.81999969482422,21.81999969482422,811600,USD,NMS,America/New_York,Yahoo Finance
COLL,2026-10-01,21.940000534057617,22.280000686645508,21.43000030517578,21.84000015258789,21.84000015258789,1000100,USD,NMS,America/New_York,Yahoo Finance
COLL,2026-10-02,21.969999313354492,22.3799991607666,21.639999389648438,22.020000457763672,22.020000457763672,694000,USD,NMS,America/New_York,Yahoo Finance
COST,2026-08-17,954.8400268554688,956.75,949.4199829101562,953.5,953.5,1242800,USD,NMS,America/New_York,Yahoo Finance
COST,2026-08-18,966.1099853515625,971.9600219726562,955.030029296875,961.3499755859375,961.3499755859375,1845200,USD,NMS,America/New_York,Yahoo Finance
COST,2026-08-19,960.22998046875,978.7000122070312,956.0,956.989990234375,956.989990234375,1642300,USD,NMS,America/New_York,Yahoo Finance
COST,2026-08-20,931.1500244140625,944.219970703125,925.77001953125,933.510009765625,933.510009765625,2503700,USD,NMS,America/New_York,Yahoo Finance
COST,2026-08-21,939.6400146484375,949.9000244140625,933.8200073242188,947.739990234375,947.739990234375,2365600,USD,NMS,America/New_York,Yahoo Finance
COST,2026-08-24,953.010009765625,974.489990234375,951.3900146484375,971.4000244140625,971.4000244140625,2204700,USD,NMS,America/New_York,Yahoo Finance
COST,2026-08-25,965.8599853515625,969.0499877929688,959.8900146484375,960.010009765625,960.010009765625,1359900,USD,NMS,America/New_York,Yahoo Finance
COST,2026-08-26,960.5800170898438,964.4500122070312,954.5399780273438,956.1199951171875,956.1199951171875,1221600,USD,NMS,America/New_York,Yahoo Finance
COST,2026-08-27,948.27001953125,948.8499755859375,933.25,934.6599731445312,934.6599731445312,2239600,USD,NMS,America/New_York,Yahoo Finance
COST,2026-08-28,938.9400024414062,953.72998046875,937.1099853515625,945.469970703125,945.469970703125,1401300,USD,NMS,America/New_York,Yahoo Finance
COST,2026-08-31,945.1900024414062,949.2999877929688,940.7100219726562,943.8900146484375,943.8900146484375,2392600,USD,NMS,America/New_York,Yahoo Finance
COST,2026-09-01,947.3499755859375,952.0999755859375,935.9299926757812,939.9600219726562,939.9600219726562,1507800,USD,NMS,America/New_York,Yahoo Finance
COST,2026-09-02,938.489990234375,938.8800048828125,920.3099975585938,928.47998046875,928.47998046875,2163000,USD,NMS,America/New_York,Yahoo Finance
COST,2026-09-03,927.7899780273438,930.760009765625,915.3099975585938,925.4099731445312,925.4099731445312,2171100,USD,NMS,America/New_York,Yahoo Finance
COST,2026-09-04,926.0900268554688,928.0399780273438,914.5399780273438,915.739990234375,915.739990234375,2076200,USD,NMS,America/New_York,Yahoo Finance
COST,2026-09-08,912.4000244140625,915.1300048828125,906.0999755859375,910.1799926757812,910.1799926757812,2236900,USD,NMS,America/New_York,Yahoo Finance
COST,2026-09-09,907.0,909.22998046875,898.4299926757812,902.5999755859375,902.5999755859375,2065600,USD,NMS,America/New_York,Yahoo Finance
COST,2026-09-10,906.6199951171875,912.0999755859375,899.0,902.3800048828125,902.3800048828125,1925700,USD,NMS,America/New_York,Yahoo Finance
COST,2026-09-11,905.1699829101562,907.3599853515625,900.75,904.77001953125,904.77001953125,1772000,USD,NMS,America/New_York,Yahoo Finance
COST,2026-09-14,913.6500244140625,921.989990234375,910.7899780273438,918.9099731445312,918.9099731445312,2012800,USD,NMS,America/New_York,Yahoo Finance
COST,2026-09-15,916.9199829101562,916.9199829101562,900.25,901.3499755859375,901.3499755859375,2198700,USD,NMS,America/New_York,Yahoo Finance
COST,2026-09-16,901.0499877929688,902.0,892.6699829101562,893.739990234375,893.739990234375,2096900,USD,NMS,America/New_York,Yahoo Finance
COST,2026-09-17,895.3200073242188,896.0,888.0399780273438,893.9299926757812,893.9299926757812,2320000,USD,NMS,America/New_York,Yahoo Finance
COST,2026-09-18,892.4299926757812,898.4000244140625,890.5499877929688,895.3099975585938,895.3099975585938,4175000,USD,NMS,America/New_York,Yahoo Finance
COST,2026-09-21,891.0700073242188,899.4400024414062,885.5,898.47998046875,898.47998046875,2160100,USD,NMS,America/New_York,Yahoo Finance
COST,2026-09-22,902.260009765625,903.4000244140625,895.8400268554688,899.4099731445312,899.4099731445312,1980600,USD,NMS,America/New_York,Yahoo Finance
COST,2026-09-23,901.3099975585938,905.5900268554688,893.3599853515625,904.7000122070312,904.7000122070312,2280700,USD,NMS,America/New_York,Yahoo Finance
COST,2026-09-24,908.8099975585938,909.4299926757812,895.260009765625,896.47998046875,896.47998046875,2893300,USD,NMS,America/New_York,Yahoo Finance
COST,2026-09-25,887.0,925.1400146484375,883.0999755859375,922.77001953125,922.77001953125,4629300,USD,NMS,America/New_York,Yahoo Finance
COST,2026-09-28,924.3900146484375,931.0900268554688,913.0,922.9199829101562,922.9199829101562,2420300,USD,NMS,America/New_York,Yahoo Finance
CPIX,2026-08-21,7.519999980926514,7.650000095367432,7.340000152587891,7.650000095367432,7.650000095367432,34800,USD,NMS,America/New_York,Yahoo Finance
CPIX,2026-08-24,7.670000076293945,8.0,7.510000228881836,7.840000152587891,7.840000152587891,25800,USD,NMS,America/New_York,Yahoo Finance
CPIX,2026-08-25,7.889999866485596,8.699999809265137,7.630000114440918,8.699999809265137,8.699999809265137,112100,USD,NMS,America/New_York,Yahoo Finance
CPIX,2026-08-26,8.720000267028809,9.279999732971191,8.569999694824219,8.970000267028809,8.970000267028809,110300,USD,NMS,America/New_York,Yahoo Finance
CPIX,2026-08-27,8.9399995803833,9.1899995803833,8.359999656677246,8.649999618530273,8.649999618530273,90900,USD,NMS,America/New_York,Yahoo Finance
CPIX,2026-08-28,8.699999809265137,9.15999984741211,8.4399995803833,8.460000038146973,8.460000038146973,47800,USD,NMS,America/New_York,Yahoo Finance
CPIX,2026-08-31,8.210000038146973,8.5,6.579999923706055,6.690000057220459,6.690000057220459,190600,USD,NMS,America/New_York,Yahoo Finance
CPIX,2026-09-01,6.699999809265137,6.909999847412109,6.420000076293945,6.559999942779541,6.559999942779541,77800,USD,NMS,America/New_York,Yahoo Finance
CPIX,2026-09-02,6.670000076293945,6.760000228881836,6.28000020980835,6.519999980926514,6.519999980926514,56600,USD,NMS,America/New_York,Yahoo Finance
CPIX,2026-09-03,6.519999980926514,6.78000020980835,6.409999847412109,6.75,6.75,17700,USD,NMS,America/New_York,Yahoo Finance
CPIX,2026-09-04,6.75,6.900000095367432,6.650000095367432,6.789999961853027,6.789999961853027,14000,USD,NMS,America/New_York,Yahoo Finance
CPIX,2026-09-08,6.659999847412109,6.880000114440918,6.46999979019165,6.619999885559082,6.619999885559082,28100,USD,NMS,America/New_York,Yahoo Finance
CPIX,2026-09-09,6.590000152587891,6.71999979019165,6.28000020980835,6.289999961853027,6.289999961853027,19700,USD,NMS,America/New_York,Yahoo Finance
CPIX,2026-09-10,6.25,6.510000228881836,6.239999771118164,6.480000019073486,6.480000019073486,41300,USD,NMS,America/New_York,Yahoo Finance
CPIX,2026-09-11,6.610000133514404,6.75,6.380000114440918,6.389999866485596,6.389999866485596,16600,USD,NMS,America/New_York,Yahoo Finance
CPIX,2026-09-14,6.380000114440918,6.739999771118164,6.369999885559082,6.699999809265137,6.699999809265137,22100,USD,NMS,America/New_York,Yahoo Finance
CPIX,2026-09-15,6.670000076293945,6.739999771118164,6.489999771118164,6.639999866485596,6.639999866485596,26900,USD,NMS,America/New_York,Yahoo Finance
CPIX,2026-09-16,6.679999828338623,7.110000133514404,6.610000133514404,6.980000019073486,6.980000019073486,93800,USD,NMS,America/New_York,Yahoo Finance
CPIX,2026-09-17,7.110000133514404,7.510000228881836,7.059999942779541,7.190000057220459,7.190000057220459,70600,USD,NMS,America/New_York,Yahoo Finance
CPIX,2026-09-18,7.190000057220459,7.340000152587891,7.019999980926514,7.320000171661377,7.320000171661377,27600,USD,NMS,America/New_York,Yahoo Finance
CPIX,2026-09-21,7.420000076293945,7.590000152587891,7.090000152587891,7.590000152587891,7.590000152587891,33600,USD,NMS,America/New_York,Yahoo Finance
CPIX,2026-09-22,7.5,8.350000381469727,7.5,8.199999809265137,8.199999809265137,70500,USD,NMS,America/New_York,Yahoo Finance
CPIX,2026-09-23,8.069999694824219,8.34000015258789,7.71999979019165,7.940000057220459,7.940000057220459,76200,USD,NMS,America/New_York,Yahoo Finance
CPIX,2026-09-24,7.929999828338623,8.289999961853027,7.75,8.010000228881836,8.010000228881836,48800,USD,NMS,America/New_York,Yahoo Finance
CPIX,2026-09-25,8.0600004196167,8.0600004196167,7.480000019073486,7.610000133514404,7.610000133514404,46900,USD,NMS,America/New_York,Yahoo Finance
CPIX,2026-09-28,7.610000133514404,7.869999885559082,7.559999942779541,7.71999979019165,7.71999979019165,30300,USD,NMS,America/New_York,Yahoo Finance
CPIX,2026-09-29,7.78000020980835,7.900000095367432,7.599999904632568,7.650000095367432,7.650000095367432,8900,USD,NMS,America/New_York,Yahoo Finance
CPIX,2026-09-30,7.75,8.039999961853027,7.610000133514404,7.829999923706055,7.829999923706055,10000,USD,NMS,America/New_York,Yahoo Finance
CPIX,2026-10-01,7.900000095367432,8.140000343322754,7.260000228881836,7.510000228881836,7.510000228881836,73300,USD,NMS,America/New_York,Yahoo Finance
CPIX,2026-10-02,7.570000171661377,7.739999771118164,7.28000020980835,7.389999866485596,7.389999866485596,22600,USD,NMS,America/New_York,Yahoo Finance
CPSH,2026-08-21,3.8499999046325684,3.9700000286102295,3.8499999046325684,3.930000066757202,3.930000066757202,207700,USD,NCM,America/New_York,Yahoo Finance
CPSH,2026-08-24,3.869999885559082,3.9200000762939453,3.7699999809265137,3.859999895095825,3.859999895095825,195800,USD,NCM,America/New_York,Yahoo Finance
CPSH,2026-08-25,3.9200000762939453,4.039999961853027,3.8499999046325684,4.019999980926514,4.019999980926514,159700,USD,NCM,America/New_York,Yahoo Finance
CPSH,2026-08-26,4.019999980926514,4.070000171661377,3.8299999237060547,3.859999895095825,3.859999895095825,228000,USD,NCM,America/New_York,Yahoo Finance
CPSH,2026-08-27,3.859999895095825,3.9800000190734863,3.8399999141693115,3.9200000762939453,3.9200000762939453,108100,USD,NCM,America/New_York,Yahoo Finance
CPSH,2026-08-28,3.930000066757202,3.990000009536743,3.7699999809265137,3.799999952316284,3.799999952316284,141300,USD,NCM,America/New_York,Yahoo Finance
CPSH,2026-08-31,3.809999942779541,4.03000020980835,3.6700000762939453,3.890000104904175,3.890000104904175,419700,USD,NCM,America/New_York,Yahoo Finance
CPSH,2026-09-01,3.809999942779541,3.8299999237060547,3.5899999141693115,3.6700000762939453,3.6700000762939453,663100,USD,NCM,America/New_York,Yahoo Finance
CPSH,2026-09-02,3.640000104904175,3.75,3.5999999046325684,3.700000047683716,3.700000047683716,105900,USD,NCM,America/New_York,Yahoo Finance
CPSH,2026-09-03,3.799999952316284,3.9200000762939453,3.7100000381469727,3.8399999141693115,3.8399999141693115,285300,USD,NCM,America/New_York,Yahoo Finance
CPSH,2026-09-04,3.819999933242798,3.9100000858306885,3.809999942779541,3.8299999237060547,3.8299999237060547,121700,USD,NCM,America/New_York,Yahoo Finance
CPSH,2026-09-08,3.819999933242798,4.110000133514404,3.819999933242798,3.9600000381469727,3.9600000381469727,452000,USD,NCM,America/New_York,Yahoo Finance
CPSH,2026-09-09,3.9600000381469727,4.010000228881836,3.8399999141693115,3.859999895095825,3.859999895095825,142700,USD,NCM,America/New_York,Yahoo Finance
CPSH,2026-09-10,3.740000009536743,3.990000009536743,3.740000009536743,3.940000057220459,3.940000057220459,121000,USD,NCM,America/New_York,Yahoo Finance
CPSH,2026-09-11,3.990000009536743,4.139999866485596,3.990000009536743,4.079999923706055,4.079999923706055,128100,USD,NCM,America/New_York,Yahoo Finance
CPSH,2026-09-14,3.9100000858306885,4.150000095367432,3.809999942779541,3.930000066757202,3.930000066757202,254800,USD,NCM,America/New_York,Yahoo Finance
CPSH,2026-09-15,3.9200000762939453,4.0,3.809999942779541,3.9000000953674316,3.9000000953674316,127400,USD,NCM,America/New_York,Yahoo Finance
CPSH,2026-09-16,3.9100000858306885,3.9600000381469727,3.8499999046325684,3.9100000858306885,3.9100000858306885,148900,USD,NCM,America/New_York,Yahoo Finance
CPSH,2026-09-17,4.010000228881836,4.070000171661377,3.9600000381469727,4.010000228881836,4.010000228881836,180000,USD,NCM,America/New_York,Yahoo Finance
CPSH,2026-09-18,3.9700000286102295,4.079999923706055,3.9100000858306885,4.019999980926514,4.019999980926514,234200,USD,NCM,America/New_York,Yahoo Finance
CPSH,2026-09-21,4.079999923706055,4.159999847412109,4.039999961853027,4.090000152587891,4.090000152587891,206300,USD,NCM,America/New_York,Yahoo Finance
CPSH,2026-09-22,4.039999961853027,4.079999923706055,3.9200000762939453,3.9800000190734863,3.9800000190734863,127500,USD,NCM,America/New_York,Yahoo Finance
CPSH,2026-09-23,3.990000009536743,4.0,3.859999895095825,3.869999885559082,3.869999885559082,128200,USD,NCM,America/New_York,Yahoo Finance
CPSH,2026-09-24,3.8499999046325684,3.890000104904175,3.759999990463257,3.869999885559082,3.869999885559082,198100,USD,NCM,America/New_York,Yahoo Finance
CPSH,2026-09-25,3.8499999046325684,3.9000000953674316,3.7799999713897705,3.8499999046325684,3.8499999046325684,96500,USD,NCM,America/New_York,Yahoo Finance
CPSH,2026-09-28,3.809999942779541,3.8299999237060547,3.6600000858306885,3.690000057220459,3.690000057220459,280300,USD,NCM,America/New_York,Yahoo Finance
CPSH,2026-09-29,3.740000009536743,3.759999990463257,3.6600000858306885,3.700000047683716,3.700000047683716,133800,USD,NCM,America/New_York,Yahoo Finance
CPSH,2026-09-30,3.7300000190734863,3.859999895095825,3.7200000286102295,3.740000009536743,3.740000009536743,135100,USD,NCM,America/New_York,Yahoo Finance
CPSH,2026-10-01,3.759999990463257,3.809999942779541,3.6700000762939453,3.7899999618530273,3.7899999618530273,82600,USD,NCM,America/New_York,Yahoo Finance
CPSH,2026-10-02,3.9000000953674316,3.9200000762939453,3.809999942779541,3.8399999141693115,3.8399999141693115,169800,USD,NCM,America/New_York,Yahoo Finance
CRAI,2026-08-17,167.63999938964844,167.9499969482422,163.72000122070312,164.2100067138672,163.6769256591797,68200,USD,NMS,America/New_York,Yahoo Finance
CRAI,2026-08-18,167.0800018310547,172.52999877929688,166.5,168.1699981689453,167.62405395507812,94100,USD,NMS,America/New_York,Yahoo Finance
CRAI,2026-08-19,170.3000030517578,176.36000061035156,167.72999572753906,173.3300018310547,172.76730346679688,127400,USD,NMS,America/New_York,Yahoo Finance
CRAI,2026-08-20,173.3300018310547,176.3800048828125,172.60000610351562,174.3800048828125,173.81390380859375,87800,USD,NMS,America/New_York,Yahoo Finance
CRAI,2026-08-21,174.22999572753906,177.00999450683594,172.57000732421875,176.89999389648438,176.32571411132812,103200,USD,NMS,America/New_York,Yahoo Finance
CRAI,2026-08-24,177.1999969482422,180.0,175.5800018310547,175.5800018310547,175.010009765625,71200,USD,NMS,America/New_York,Yahoo Finance
CRAI,2026-08-25,173.66000366210938,175.05999755859375,171.32000732421875,171.8800048828125,171.8800048828125,68100,USD,NMS,America/New_York,Yahoo Finance
CRAI,2026-08-26,171.24000549316406,173.30999755859375,169.85000610351562,170.69000244140625,170.69000244140625,112700,USD,NMS,America/New_York,Yahoo Finance
CRAI,2026-08-27,169.63999938964844,173.39999389648438,169.63999938964844,172.5,172.5,107300,USD,NMS,America/New_York,Yahoo Finance
CRAI,2026-08-28,172.77999877929688,175.5800018310547,172.50999450683594,174.99000549316406,174.99000549316406,93000,USD,NMS,America/New_York,Yahoo Finance
CRAI,2026-08-31,174.8800048828125,175.0,171.5500030517578,174.5,174.5,118800,USD,NMS,America/New_York,Yahoo Finance
CRAI,2026-09-01,173.8699951171875,176.1999969482422,172.4199981689453,172.47999572753906,172.47999572753906,188900,USD,NMS,America/New_York,Yahoo Finance
CRAI,2026-09-02,172.4499969482422,174.6300048828125,170.02999877929688,170.97999572753906,170.97999572753906,255700,USD,NMS,America/New_York,Yahoo Finance
CRAI,2026-09-03,173.07000732421875,175.50999450683594,171.3000030517578,172.60000610351562,172.60000610351562,101800,USD,NMS,America/New_York,Yahoo Finance
CRAI,2026-09-04,170.0500030517578,175.13999938964844,167.6199951171875,170.91000366210938,170.91000366210938,103100,USD,NMS,America/New_York,Yahoo Finance
CRAI,2026-09-08,168.91000366210938,170.8800048828125,164.5,168.05999755859375,168.05999755859375,128000,USD,NMS,America/New_York,Yahoo Finance
CRAI,2026-09-09,167.55999755859375,168.0800018310547,164.14999389648438,165.52000427246094,165.52000427246094,82200,USD,NMS,America/New_York,Yahoo Finance
CRAI,2026-09-10,166.3000030517578,167.63999938964844,162.6199951171875,163.4600067138672,163.4600067138672,81100,USD,NMS,America/New_York,Yahoo Finance
CRAI,2026-09-11,164.86000061035156,165.99000549316406,161.39999389648438,161.8800048828125,161.8800048828125,121800,USD,NMS,America/New_York,Yahoo Finance
CRAI,2026-09-14,166.75,170.1999969482422,165.11000061035156,165.97999572753906,165.97999572753906,131000,USD,NMS,America/New_York,Yahoo Finance
CRAI,2026-09-15,164.35000610351562,168.9199981689453,161.86000061035156,164.99000549316406,164.99000549316406,87700,USD,NMS,America/New_York,Yahoo Finance
CRAI,2026-09-16,163.66000366210938,165.97999572753906,161.27000427246094,164.3699951171875,164.3699951171875,125100,USD,NMS,America/New_York,Yahoo Finance
CRAI,2026-09-17,164.3699951171875,166.39999389648438,162.11000061035156,166.3699951171875,166.3699951171875,167600,USD,NMS,America/New_York,Yahoo Finance
CRAI,2026-09-18,165.8699951171875,166.36000061035156,162.6999969482422,165.3800048828125,165.3800048828125,169500,USD,NMS,America/New_York,Yahoo Finance
CRAI,2026-09-21,165.17999267578125,166.1999969482422,161.7100067138672,161.97000122070312,161.97000122070312,81400,USD,NMS,America/New_York,Yahoo Finance
CRAI,2026-09-22,163.74000549316406,164.91000366210938,157.82000732421875,158.74000549316406,158.74000549316406,113400,USD,NMS,America/New_York,Yahoo Finance
CRAI,2026-09-23,159.25999450683594,165.00999450683594,156.97000122070312,162.02000427246094,162.02000427246094,161600,USD,NMS,America/New_York,Yahoo Finance
CRAI,2026-09-24,163.27000427246094,165.7100067138672,159.9600067138672,162.57000732421875,162.57000732421875,102500,USD,NMS,America/New_York,Yahoo Finance
CRAI,2026-09-25,162.49000549316406,164.8000030517578,160.6300048828125,162.07000732421875,162.07000732421875,151500,USD,NMS,America/New_York,Yahoo Finance
CRAI,2026-09-28,163.14999389648438,165.33999633789062,159.63999938964844,165.22000122070312,165.22000122070312,81000,USD,NMS,America/New_York,Yahoo Finance
CSR,2026-08-17,55.459999084472656,56.09000015258789,54.52000045776367,54.63999938964844,54.63999938964844,88300,USD,NYQ,America/New_York,Yahoo Finance
CSR,2026-08-18,55.18000030517578,55.459999084472656,53.33000183105469,53.33000183105469,53.33000183105469,130300,USD,NYQ,America/New_York,Yahoo Finance
CSR,2026-08-19,53.880001068115234,54.41999816894531,53.5099983215332,54.06999969482422,54.06999969482422,169700,USD,NYQ,America/New_York,Yahoo Finance
CSR,2026-08-20,53.849998474121094,54.52000045776367,53.83000183105469,54.15999984741211,54.15999984741211,65900,USD,NYQ,America/New_York,Yahoo Finance
CSR,2026-08-21,54.20000076293945,54.7599983215332,53.630001068115234,53.959999084472656,53.959999084472656,74200,USD,NYQ,America/New_York,Yahoo Finance
CSR,2026-08-24,53.95000076293945,55.029998779296875,53.95000076293945,54.599998474121094,54.599998474121094,74600,USD,NYQ,America/New_York,Yahoo Finance
CSR,2026-08-25,54.45000076293945,54.779998779296875,53.84000015258789,53.900001525878906,53.900001525878906,106500,USD,NYQ,America/New_York,Yahoo Finance
CSR,2026-08-26,54.060001373291016,54.470001220703125,53.349998474121094,53.41999816894531,53.41999816894531,160700,USD,NYQ,America/New_York,Yahoo Finance
CSR,2026-08-27,53.38999938964844,53.90999984741211,52.529998779296875,52.54999923706055,52.54999923706055,115400,USD,NYQ,America/New_York,Yahoo Finance
CSR,2026-08-28,52.45000076293945,53.08000183105469,52.43000030517578,52.47999954223633,52.47999954223633,80900,USD,NYQ,America/New_York,Yahoo Finance
CSR,2026-08-31,52.45000076293945,53.02000045776367,52.279998779296875,52.4900016784668,52.4900016784668,159900,USD,NYQ,America/New_York,Yahoo Finance
CSR,2026-09-01,52.9900016784668,53.060001373291016,52.130001068115234,52.38999938964844,52.38999938964844,91800,USD,NYQ,America/New_York,Yahoo Finance
CSR,2026-09-02,52.68000030517578,52.90999984741211,52.02000045776367,52.779998779296875,52.779998779296875,134200,USD,NYQ,America/New_York,Yahoo Finance
CSR,2026-09-03,53.220001220703125,53.220001220703125,52.11000061035156,52.38999938964844,52.38999938964844,117800,USD,NYQ,America/New_York,Yahoo Finance
CSR,2026-09-04,52.099998474121094,52.95000076293945,52.0,52.900001525878906,52.900001525878906,208600,USD,NYQ,America/New_York,Yahoo Finance
CSR,2026-09-08,52.65999984741211,53.0,52.0,52.709999084472656,52.709999084472656,145800,USD,NYQ,America/New_York,Yahoo Finance
CSR,2026-09-09,57.84000015258789,59.310001373291016,56.689998626708984,57.36000061035156,57.36000061035156,2056400,USD,NYQ,America/New_York,Yahoo Finance
CSR,2026-09-10,58.22999954223633,58.22999954223633,56.68000030517578,57.689998626708984,57.689998626708984,616300,USD,NYQ,America/New_York,Yahoo Finance
CSR,2026-09-11,57.9900016784668,58.81999969482422,57.369998931884766,58.290000915527344,58.290000915527344,500300,USD,NYQ,America/New_York,Yahoo Finance
CSR,2026-09-14,58.790000915527344,58.790000915527344,57.25,58.619998931884766,58.619998931884766,516400,USD,NYQ,America/New_York,Yahoo Finance
CSR,2026-09-15,58.40999984741211,58.54999923706055,57.65999984741211,57.869998931884766,57.869998931884766,180200,USD,NYQ,America/New_York,Yahoo Finance
CSR,2026-09-16,57.959999084472656,58.0099983215332,56.75,56.83000183105469,56.83000183105469,393000,USD,NYQ,America/New_York,Yahoo Finance
CSR,2026-09-17,56.95000076293945,57.630001068115234,56.720001220703125,56.84000015258789,56.84000015258789,470500,USD,NYQ,America/New_York,Yahoo Finance
CSR,2026-09-18,56.5099983215332,56.83000183105469,55.869998931884766,56.0,56.0,625800,USD,NYQ,America/New_York,Yahoo Finance
CSR,2026-09-21,56.29999923706055,56.599998474121094,55.349998474121094,55.369998931884766,55.369998931884766,359900,USD,NYQ,America/New_York,Yahoo Finance
CSR,2026-09-22,55.66999816894531,56.36000061035156,55.33000183105469,55.939998626708984,55.939998626708984,204600,USD,NYQ,America/New_York,Yahoo Finance
CSR,2026-09-23,55.66999816894531,55.81999969482422,55.0,55.08000183105469,55.08000183105469,149600,USD,NYQ,America/New_York,Yahoo Finance
CSR,2026-09-24,55.349998474121094,55.5099983215332,54.869998931884766,55.16999816894531,55.16999816894531,359500,USD,NYQ,America/New_York,Yahoo Finance
CSR,2026-09-25,55.369998931884766,55.529998779296875,54.75,55.290000915527344,55.290000915527344,151000,USD,NYQ,America/New_York,Yahoo Finance
CSR,2026-09-28,55.54999923706055,55.869998931884766,54.790000915527344,55.66999816894531,55.66999816894531,366000,USD,NYQ,America/New_York,Yahoo Finance
CVX,2026-08-17,200.72999572753906,203.67999267578125,199.8000030517578,202.6999969482422,200.94630432128906,8357800,USD,NYQ,America/New_York,Yahoo Finance
CVX,2026-08-18,205.02999877929688,206.22000122070312,203.7100067138672,205.74000549316406,203.9600067138672,7701600,USD,NYQ,America/New_York,Yahoo Finance
CVX,2026-08-19,205.0500030517578,207.67999267578125,204.25999450683594,205.75999450683594,205.75999450683594,8689900,USD,NYQ,America/New_York,Yahoo Finance
CVX,2026-08-20,208.89999389648438,208.97999572753906,205.52000427246094,205.77000427246094,205.77000427246094,8200600,USD,NYQ,America/New_York,Yahoo Finance
CVX,2026-08-21,205.92999267578125,207.82000732421875,205.00999450683594,205.27000427246094,205.27000427246094,7359100,USD,NYQ,America/New_York,Yahoo Finance
CVX,2026-08-24,203.6699981689453,205.3000030517578,201.75,203.08999633789062,203.08999633789062,5853900,USD,NYQ,America/New_York,Yahoo Finance
CVX,2026-08-25,201.02999877929688,202.05999755859375,199.7899932861328,199.88999938964844,199.88999938964844,8176800,USD,NYQ,America/New_York,Yahoo Finance
CVX,2026-08-26,198.72999572753906,202.38999938964844,198.1199951171875,200.2100067138672,200.2100067138672,6863100,USD,NYQ,America/New_York,Yahoo Finance
CVX,2026-08-27,199.57000732421875,200.8800048828125,197.82000732421875,199.77000427246094,199.77000427246094,8112300,USD,NYQ,America/New_York,Yahoo Finance
CVX,2026-08-28,199.97999572753906,202.24000549316406,199.55999755859375,201.86000061035156,201.86000061035156,5301000,USD,NYQ,America/New_York,Yahoo Finance
CVX,2026-08-31,206.0800018310547,208.4199981689453,203.83999633789062,206.13999938964844,206.13999938964844,12067400,USD,NYQ,America/New_York,Yahoo Finance
CVX,2026-09-01,209.0,211.0800018310547,207.8000030517578,211.0500030517578,211.0500030517578,8551500,USD,NYQ,America/New_York,Yahoo Finance
CVX,2026-09-02,210.49000549316406,212.7899932861328,209.4600067138672,211.77999877929688,211.77999877929688,7595300,USD,NYQ,America/New_York,Yahoo Finance
CVX,2026-09-03,212.3800048828125,213.1999969482422,211.1699981689453,211.32000732421875,211.32000732421875,6668200,USD,NYQ,America/New_York,Yahoo Finance
CVX,2026-09-04,209.50999450683594,209.86000061035156,207.1199951171875,208.60000610351562,208.60000610351562,5458400,USD,NYQ,America/New_York,Yahoo Finance
CVX,2026-09-08,211.25,213.30999755859375,209.17999267578125,209.8000030517578,209.8000030517578,7703900,USD,NYQ,America/New_York,Yahoo Finance
CVX,2026-09-09,212.8800048828125,215.27999877929688,212.22999572753906,213.80999755859375,213.80999755859375,8384700,USD,NYQ,America/New_York,Yahoo Finance
CVX,2026-09-10,217.39999389648438,217.39999389648438,211.33999633789062,212.75999450683594,212.75999450683594,9625200,USD,NYQ,America/New_York,Yahoo Finance
CVX,2026-09-11,212.02000427246094,215.5500030517578,212.02000427246094,214.05999755859375,214.05999755859375,6570300,USD,NYQ,America/New_York,Yahoo Finance
CVX,2026-09-14,217.0,217.64999389648438,211.27000427246094,212.1699981689453,212.1699981689453,9366000,USD,NYQ,America/New_York,Yahoo Finance
CVX,2026-09-15,212.88999938964844,217.77999877929688,212.74000549316406,217.77000427246094,217.77000427246094,9557600,USD,NYQ,America/New_York,Yahoo Finance
CVX,2026-09-16,215.08999633789062,215.27999877929688,210.3699951171875,211.5399932861328,211.5399932861328,8045100,USD,NYQ,America/New_York,Yahoo Finance
CVX,2026-09-17,209.61000061035156,211.75,209.1699981689453,211.57000732421875,211.57000732421875,7387300,USD,NYQ,America/New_York,Yahoo Finance
CVX,2026-09-18,211.08999633789062,211.89999389648438,207.30999755859375,209.50999450683594,209.50999450683594,47298700,USD,NYQ,America/New_York,Yahoo Finance
CVX,2026-09-21,207.88999938964844,209.0,203.5,203.6699981689453,203.6699981689453,8464000,USD,NYQ,America/New_York,Yahoo Finance
CVX,2026-09-22,201.8699951171875,204.44000244140625,200.77999877929688,202.41000366210938,202.41000366210938,9344100,USD,NYQ,America/New_York,Yahoo Finance
CVX,2026-09-23,204.4600067138672,207.0,203.47999572753906,205.50999450683594,205.50999450683594,8257800,USD,NYQ,America/New_York,Yahoo Finance
CVX,2026-09-24,207.24000549316406,208.10000610351562,204.8699951171875,205.64999389648438,205.64999389648438,9382800,USD,NYQ,America/New_York,Yahoo Finance
CVX,2026-09-25,203.80999755859375,206.5399932861328,203.39999389648438,204.4499969482422,204.4499969482422,7134300,USD,NYQ,America/New_York,Yahoo Finance
CVX,2026-09-28,207.0,208.25,205.3800048828125,206.3699951171875,206.3699951171875,9501800,USD,NYQ,America/New_York,Yahoo Finance
CXII,2026-08-21,10.760000228881836,10.779999732971191,10.699999809265137,10.720000267028809,10.720000267028809,96100,USD,NGM,America/New_York,Yahoo Finance
CXII,2026-08-24,10.789999961853027,10.819999694824219,10.729999542236328,10.739999771118164,10.739999771118164,389500,USD,NGM,America/New_York,Yahoo Finance
CXII,2026-08-25,10.829999923706055,10.890000343322754,10.75,10.819999694824219,10.819999694824219,14100,USD,NGM,America/New_York,Yahoo Finance
CXII,2026-08-26,10.819999694824219,10.899999618530273,10.819999694824219,10.819999694824219,10.819999694824219,14200,USD,NGM,America/New_York,Yahoo Finance
CXII,2026-08-27,10.859999656677246,10.899999618530273,10.859999656677246,10.859999656677246,10.859999656677246,2100,USD,NGM,America/New_York,Yahoo Finance
CXII,2026-08-28,10.850000381469727,10.850000381469727,10.829999923706055,10.829999923706055,10.829999923706055,1300,USD,NGM,America/New_York,Yahoo Finance
CXII,2026-08-31,10.760000228881836,10.869999885559082,10.729999542236328,10.800000190734863,10.800000190734863,358500,USD,NGM,America/New_York,Yahoo Finance
CXII,2026-09-01,10.789999961853027,10.800000190734863,10.710000038146973,10.75,10.75,14100,USD,NGM,America/New_York,Yahoo Finance
CXII,2026-09-02,10.75,10.779999732971191,10.75,10.779999732971191,10.779999732971191,50400,USD,NGM,America/New_York,Yahoo Finance
CXII,2026-09-03,10.789999961853027,10.800000190734863,10.779999732971191,10.789999961853027,10.789999961853027,1100,USD,NGM,America/New_York,Yahoo Finance
CXII,2026-09-04,10.699999809265137,10.800000190734863,10.699999809265137,10.710000038146973,10.710000038146973,1500,USD,NGM,America/New_York,Yahoo Finance
CXII,2026-09-08,10.770000457763672,10.779999732971191,10.729999542236328,10.770000457763672,10.770000457763672,1600,USD,NGM,America/New_York,Yahoo Finance
CXII,2026-09-09,10.699999809265137,10.75,10.699999809265137,10.75,10.75,76300,USD,NGM,America/New_York,Yahoo Finance
CXII,2026-09-10,10.739999771118164,10.739999771118164,10.729999542236328,10.729999542236328,10.729999542236328,2600,USD,NGM,America/New_York,Yahoo Finance
CXII,2026-09-11,10.710000038146973,10.779999732971191,10.710000038146973,10.779999732971191,10.779999732971191,1100,USD,NGM,America/New_York,Yahoo Finance
CXII,2026-09-14,10.779999732971191,10.779999732971191,10.779999732971191,10.779999732971191,10.779999732971191,0,USD,NGM,America/New_York,Yahoo Finance
CXII,2026-09-15,10.789999961853027,10.800000190734863,10.699999809265137,10.699999809265137,10.699999809265137,600,USD,NGM,America/New_York,Yahoo Finance
CXII,2026-09-16,10.729999542236328,10.729999542236328,10.729999542236328,10.729999542236328,10.729999542236328,200,USD,NGM,America/New_York,Yahoo Finance
CXII,2026-09-17,10.75,10.75,10.75,10.75,10.75,2100,USD,NGM,America/New_York,Yahoo Finance
CXII,2026-09-18,10.619999885559082,10.649999618530273,10.550000190734863,10.649999618530273,10.649999618530273,4900,USD,NGM,America/New_York,Yahoo Finance
CXII,2026-09-21,10.989999771118164,10.989999771118164,10.850000381469727,10.850000381469727,10.850000381469727,15400,USD,NGM,America/New_York,Yahoo Finance
CXII,2026-09-22,10.649999618530273,10.800000190734863,10.649999618530273,10.800000190734863,10.800000190734863,5100,USD,NGM,America/New_York,Yahoo Finance
CXII,2026-09-23,10.699999809265137,10.699999809265137,10.699999809265137,10.699999809265137,10.699999809265137,300,USD,NGM,America/New_York,Yahoo Finance
CXII,2026-09-24,10.789999961853027,10.789999961853027,10.720000267028809,10.720000267028809,10.720000267028809,500,USD,NGM,America/New_York,Yahoo Finance
CXII,2026-09-25,10.789999961853027,10.789999961853027,10.789999961853027,10.789999961853027,10.789999961853027,1200,USD,NGM,America/New_York,Yahoo Finance
CXII,2026-09-28,10.789999961853027,10.789999961853027,10.789999961853027,10.789999961853027,10.789999961853027,0,USD,NGM,America/New_York,Yahoo Finance
CXII,2026-09-29,10.789999961853027,10.789999961853027,10.789999961853027,10.789999961853027,10.789999961853027,0,USD,NGM,America/New_York,Yahoo Finance
CXII,2026-09-30,10.789999961853027,10.789999961853027,10.789999961853027,10.789999961853027,10.789999961853027,0,USD,NGM,America/New_York,Yahoo Finance
CXII,2026-10-01,10.789999961853027,10.800000190734863,10.789999961853027,10.800000190734863,10.800000190734863,77400,USD,NGM,America/New_York,Yahoo Finance
CXII,2026-10-02,10.800000190734863,10.800000190734863,10.75,10.800000190734863,10.800000190734863,8900,USD,NGM,America/New_York,Yahoo Finance
DAN,2026-08-17,30.18000030517578,31.600000381469727,30.1200008392334,31.350000381469727,31.350000381469727,2078400,USD,NYQ,America/New_York,Yahoo Finance
DAN,2026-08-18,31.110000610351562,31.360000610351562,30.43000030517578,30.790000915527344,30.790000915527344,1402500,USD,NYQ,America/New_York,Yahoo Finance
DAN,2026-08-19,30.780000686645508,31.469999313354492,30.739999771118164,30.81999969482422,30.81999969482422,1353400,USD,NYQ,America/New_York,Yahoo Finance
DAN,2026-08-20,30.520000457763672,30.84000015258789,30.270000457763672,30.75,30.75,1105500,USD,NYQ,America/New_York,Yahoo Finance
DAN,2026-08-21,30.420000076293945,31.93000030517578,30.399999618530273,31.719999313354492,31.719999313354492,1069300,USD,NYQ,America/New_York,Yahoo Finance
DAN,2026-08-24,31.530000686645508,31.530000686645508,29.950000762939453,30.149999618530273,30.149999618530273,1227500,USD,NYQ,America/New_York,Yahoo Finance
DAN,2026-08-25,30.43000030517578,30.43000030517578,29.889999389648438,30.15999984741211,30.15999984741211,1234000,USD,NYQ,America/New_York,Yahoo Finance
DAN,2026-08-26,30.229999542236328,30.350000381469727,29.649999618530273,30.079999923706055,30.079999923706055,1195700,USD,NYQ,America/New_York,Yahoo Finance
DAN,2026-08-27,29.989999771118164,30.5,29.739999771118164,30.059999465942383,30.059999465942383,1695100,USD,NYQ,America/New_York,Yahoo Finance
DAN,2026-08-28,30.3799991607666,30.729999542236328,30.15999984741211,30.350000381469727,30.350000381469727,1030000,USD,NYQ,America/New_York,Yahoo Finance
DAN,2026-08-31,30.3700008392334,30.489999771118164,29.940000534057617,29.979999542236328,29.979999542236328,1306600,USD,NYQ,America/New_York,Yahoo Finance
DAN,2026-09-01,29.920000076293945,29.920000076293945,29.059999465942383,29.3700008392334,29.3700008392334,1341000,USD,NYQ,America/New_York,Yahoo Finance
DAN,2026-09-02,29.68000030517578,30.959999084472656,29.489999771118164,30.670000076293945,30.670000076293945,1552000,USD,NYQ,America/New_York,Yahoo Finance
DAN,2026-09-03,31.010000228881836,31.809999465942383,30.989999771118164,31.520000457763672,31.520000457763672,1504200,USD,NYQ,America/New_York,Yahoo Finance
DAN,2026-09-04,31.399999618530273,32.29999923706055,31.399999618530273,32.040000915527344,32.040000915527344,1483700,USD,NYQ,America/New_York,Yahoo Finance
DAN,2026-09-08,32.060001373291016,32.209999084472656,31.110000610351562,31.290000915527344,31.290000915527344,1151200,USD,NYQ,America/New_York,Yahoo Finance
DAN,2026-09-09,31.360000610351562,31.360000610351562,30.360000610351562,30.450000762939453,30.450000762939453,1132000,USD,NYQ,America/New_York,Yahoo Finance
DAN,2026-09-10,30.110000610351562,30.700000762939453,29.899999618530273,30.670000076293945,30.670000076293945,1078400,USD,NYQ,America/New_York,Yahoo Finance
DAN,2026-09-11,31.25,31.270000457763672,30.920000076293945,31.079999923706055,31.079999923706055,1097100,USD,NYQ,America/New_York,Yahoo Finance
DAN,2026-09-14,30.549999237060547,30.59000015258789,30.030000686645508,30.299999237060547,30.299999237060547,1215300,USD,NYQ,America/New_York,Yahoo Finance
DAN,2026-09-15,30.290000915527344,30.6299991607666,30.010000228881836,30.149999618530273,30.149999618530273,1412000,USD,NYQ,America/New_York,Yahoo Finance
DAN,2026-09-16,30.540000915527344,30.56999969482422,29.389999389648438,29.959999084472656,29.959999084472656,1230800,USD,NYQ,America/New_York,Yahoo Finance
DAN,2026-09-17,30.889999389648438,31.260000228881836,30.479999542236328,30.5,30.5,1214300,USD,NYQ,America/New_York,Yahoo Finance
DAN,2026-09-18,30.170000076293945,30.649999618530273,29.600000381469727,29.809999465942383,29.809999465942383,4091500,USD,NYQ,America/New_York,Yahoo Finance
DAN,2026-09-21,30.190000534057617,30.43000030517578,29.780000686645508,29.989999771118164,29.989999771118164,1085000,USD,NYQ,America/New_York,Yahoo Finance
DAN,2026-09-22,30.309999465942383,30.6200008392334,29.93000030517578,30.209999084472656,30.209999084472656,1181500,USD,NYQ,America/New_York,Yahoo Finance
DAN,2026-09-23,29.93000030517578,30.260000228881836,29.260000228881836,29.700000762939453,29.700000762939453,1282700,USD,NYQ,America/New_York,Yahoo Finance
DAN,2026-09-24,29.559999465942383,29.760000228881836,27.100000381469727,27.350000381469727,27.350000381469727,2110300,USD,NYQ,America/New_York,Yahoo Finance
DAN,2026-09-25,27.790000915527344,27.790000915527344,26.959999084472656,27.139999389648438,27.139999389648438,1595100,USD,NYQ,America/New_York,Yahoo Finance
DAN,2026-09-28,27.190000534057617,27.350000381469727,26.34000015258789,27.1200008392334,27.1200008392334,1692200,USD,NYQ,America/New_York,Yahoo Finance
DASH,2026-08-17,214.69000244140625,218.94000244140625,212.02000427246094,212.72000122070312,212.72000122070312,4447900,USD,NMS,America/New_York,Yahoo Finance
DASH,2026-08-18,212.88999938964844,222.80999755859375,212.66000366210938,216.35000610351562,216.35000610351562,6405500,USD,NMS,America/New_York,Yahoo Finance
DASH,2026-08-19,216.6999969482422,222.38999938964844,215.85000610351562,220.22000122070312,220.22000122070312,4596500,USD,NMS,America/New_York,Yahoo Finance
DASH,2026-08-20,219.00999450683594,224.0399932861328,216.00999450683594,222.36000061035156,222.36000061035156,5870900,USD,NMS,America/New_York,Yahoo Finance
DASH,2026-08-21,223.47000122070312,225.947998046875,219.16000366210938,223.49000549316406,223.49000549316406,3761400,USD,NMS,America/New_York,Yahoo Finance
DASH,2026-08-24,222.02999877929688,230.07000732421875,219.97999572753906,229.05999755859375,229.05999755859375,3882200,USD,NMS,America/New_York,Yahoo Finance
DASH,2026-08-25,229.27999877929688,234.6300048828125,227.0,233.5,233.5,4103100,USD,NMS,America/New_York,Yahoo Finance
DASH,2026-08-26,233.09500122070312,238.52000427246094,232.0,236.92999267578125,236.92999267578125,5008100,USD,NMS,America/New_York,Yahoo Finance
DASH,2026-08-27,235.94000244140625,235.94000244140625,229.67999267578125,231.88999938964844,231.88999938964844,3441200,USD,NMS,America/New_York,Yahoo Finance
DASH,2026-08-28,233.3699951171875,238.8280029296875,232.7100067138672,236.74000549316406,236.74000549316406,2999900,USD,NMS,America/New_York,Yahoo Finance
DASH,2026-08-31,235.8000030517578,238.30999755859375,231.21499633789062,231.74000549316406,231.74000549316406,3362700,USD,NMS,America/New_York,Yahoo Finance
DASH,2026-09-01,230.08999633789062,232.8699951171875,225.25999450683594,225.66000366210938,225.66000366210938,3509700,USD,NMS,America/New_York,Yahoo Finance
DASH,2026-09-02,225.72999572753906,227.5800018310547,222.11000061035156,226.24000549316406,226.24000549316406,3389500,USD,NMS,America/New_York,Yahoo Finance
DASH,2026-09-03,229.6300048828125,232.0,221.61000061035156,222.0,222.0,3296200,USD,NMS,America/New_York,Yahoo Finance
DASH,2026-09-04,221.5,222.0500030517578,211.17999267578125,211.72999572753906,211.72999572753906,4170700,USD,NMS,America/New_York,Yahoo Finance
DASH,2026-09-08,208.94000244140625,209.0,199.6699981689453,200.44000244140625,200.44000244140625,4539000,USD,NMS,America/New_York,Yahoo Finance
DASH,2026-09-09,198.3000030517578,199.08999633789062,193.4199981689453,197.2449951171875,197.2449951171875,4502300,USD,NMS,America/New_York,Yahoo Finance
DASH,2026-09-10,194.0,202.5399932861328,191.7449951171875,201.02999877929688,201.02999877929688,3362900,USD,NMS,America/New_York,Yahoo Finance
DASH,2026-09-11,202.0500030517578,204.99000549316406,201.27499389648438,201.9499969482422,201.9499969482422,2176400,USD,NMS,America/New_York,Yahoo Finance
DASH,2026-09-14,200.3699951171875,204.08999633789062,199.38999938964844,203.5399932861328,203.5399932861328,2267600,USD,NMS,America/New_York,Yahoo Finance
DASH,2026-09-15,200.05999755859375,203.82000732421875,197.58999633789062,198.25999450683594,198.25999450683594,3149600,USD,NMS,America/New_York,Yahoo Finance
DASH,2026-09-16,198.30999755859375,198.30999755859375,193.97500610351562,196.75999450683594,196.75999450683594,3040500,USD,NMS,America/New_York,Yahoo Finance
DASH,2026-09-17,200.75999450683594,201.48800659179688,193.47000122070312,194.55999755859375,194.55999755859375,2763500,USD,NMS,America/New_York,Yahoo Finance
DASH,2026-09-18,194.55999755859375,196.00999450683594,192.35000610351562,192.94000244140625,192.94000244140625,7211400,USD,NMS,America/New_York,Yahoo Finance
DASH,2026-09-21,193.85000610351562,194.9499969482422,188.7100067138672,193.8300018310547,193.8300018310547,5054500,USD,NMS,America/New_York,Yahoo Finance
DASH,2026-09-22,198.0449981689453,200.5850067138672,191.97999572753906,192.2100067138672,192.2100067138672,5219100,USD,NMS,America/New_York,Yahoo Finance
DASH,2026-09-23,190.6300048828125,191.36000061035156,184.85000610351562,189.27000427246094,189.27000427246094,5832700,USD,NMS,America/New_York,Yahoo Finance
DASH,2026-09-24,189.0,192.55999755859375,182.13999938964844,187.52999877929688,187.52999877929688,5530500,USD,NMS,America/New_York,Yahoo Finance
DASH,2026-09-25,187.82000732421875,193.6699981689453,187.52999877929688,193.36000061035156,193.36000061035156,2872400,USD,NMS,America/New_York,Yahoo Finance
DASH,2026-09-28,188.52999877929688,191.39999389648438,178.0399932861328,178.38999938964844,178.38999938964844,6847900,USD,NMS,America/New_York,Yahoo Finance
DC,2026-08-17,6.269999980926514,6.309999942779541,6.09499979019165,6.130000114440918,6.130000114440918,893800,USD,ASE,America/New_York,Yahoo Finance
DC,2026-08-18,6.039999961853027,6.090000152587891,5.829999923706055,5.840000152587891,5.840000152587891,831500,USD,ASE,America/New_York,Yahoo Finance
DC,2026-08-19,6.150000095367432,6.375,6.110000133514404,6.300000190734863,6.300000190734863,1982100,USD,ASE,America/New_York,Yahoo Finance
DC,2026-08-20,6.25,6.309999942779541,6.09499979019165,6.170000076293945,6.170000076293945,1057600,USD,ASE,America/New_York,Yahoo Finance
DC,2026-08-21,6.320000171661377,6.340000152587891,6.099999904632568,6.150000095367432,6.150000095367432,1377300,USD,ASE,America/New_York,Yahoo Finance
DC,2026-08-24,6.25,6.300000190734863,6.079999923706055,6.179999828338623,6.179999828338623,1427400,USD,ASE,America/New_York,Yahoo Finance
DC,2026-08-25,6.110000133514404,6.400000095367432,6.090000152587891,6.389999866485596,6.389999866485596,2313300,USD,ASE,America/New_York,Yahoo Finance
DC,2026-08-26,6.269999980926514,6.400000095367432,6.070000171661377,6.099999904632568,6.099999904632568,1644300,USD,ASE,America/New_York,Yahoo Finance
DC,2026-08-27,6.099999904632568,6.355000019073486,6.099999904632568,6.239999771118164,6.239999771118164,907100,USD,ASE,America/New_York,Yahoo Finance
DC,2026-08-28,6.309999942779541,6.309999942779541,5.914999961853027,6.039999961853027,6.039999961853027,1212400,USD,ASE,America/New_York,Yahoo Finance
DC,2026-08-31,6.010000228881836,6.139999866485596,5.934999942779541,6.079999923706055,6.079999923706055,1340000,USD,ASE,America/New_York,Yahoo Finance
DC,2026-09-01,5.900000095367432,6.074999809265137,5.775000095367432,5.809999942779541,5.809999942779541,1005700,USD,ASE,America/New_York,Yahoo Finance
DC,2026-09-02,5.929999828338623,6.119999885559082,5.877999782562256,6.059999942779541,6.059999942779541,956700,USD,ASE,America/New_York,Yahoo Finance
DC,2026-09-03,6.289999961853027,6.289999961853027,6.034999847412109,6.119999885559082,6.119999885559082,795100,USD,ASE,America/New_York,Yahoo Finance
DC,2026-09-04,5.980000019073486,6.050000190734863,5.900000095367432,5.949999809265137,5.949999809265137,808400,USD,ASE,America/New_York,Yahoo Finance
DC,2026-09-08,5.920000076293945,6.135000228881836,5.885000228881836,5.980000019073486,5.980000019073486,1071100,USD,ASE,America/New_York,Yahoo Finance
DC,2026-09-09,6.090000152587891,6.21999979019165,5.940000057220459,5.949999809265137,5.949999809265137,999900,USD,ASE,America/New_York,Yahoo Finance
DC,2026-09-10,5.829999923706055,5.954999923706055,5.704999923706055,5.900000095367432,5.900000095367432,1007900,USD,ASE,America/New_York,Yahoo Finance
DC,2026-09-11,6.0,6.135000228881836,5.742000102996826,5.809999942779541,5.809999942779541,1199800,USD,ASE,America/New_York,Yahoo Finance
DC,2026-09-14,5.639999866485596,5.889999866485596,5.494999885559082,5.829999923706055,5.829999923706055,1404000,USD,ASE,America/New_York,Yahoo Finance
DC,2026-09-15,5.820000171661377,5.880000114440918,5.599999904632568,5.800000190734863,5.800000190734863,928300,USD,ASE,America/New_York,Yahoo Finance
DC,2026-09-16,5.900000095367432,5.920000076293945,5.614999771118164,5.679999828338623,5.679999828338623,1109600,USD,ASE,America/New_York,Yahoo Finance
DC,2026-09-17,5.889999866485596,6.090000152587891,5.78000020980835,6.079999923706055,6.079999923706055,868800,USD,ASE,America/New_York,Yahoo Finance
DC,2026-09-18,6.099999904632568,6.170000076293945,6.010000228881836,6.110000133514404,6.110000133514404,4877100,USD,ASE,America/New_York,Yahoo Finance
DC,2026-09-21,6.25,6.409999847412109,6.224999904632568,6.340000152587891,6.340000152587891,2494400,USD,ASE,America/New_York,Yahoo Finance
DC,2026-09-22,6.400000095367432,7.0,6.349999904632568,6.900000095367432,6.900000095367432,3438800,USD,ASE,America/New_York,Yahoo Finance
DC,2026-09-23,6.760000228881836,6.760000228881836,6.420000076293945,6.639999866485596,6.639999866485596,2253100,USD,ASE,America/New_York,Yahoo Finance
DC,2026-09-24,6.610000133514404,6.744999885559082,6.400000095367432,6.71999979019165,6.71999979019165,1747400,USD,ASE,America/New_York,Yahoo Finance
DC,2026-09-25,6.75,6.809999942779541,6.610000133514404,6.610000133514404,6.610000133514404,1100900,USD,ASE,America/New_York,Yahoo Finance
DC,2026-09-28,6.320000171661377,6.440000057220459,6.150000095367432,6.179999828338623,6.179999828338623,1272600,USD,ASE,America/New_York,Yahoo Finance
DDD,2026-08-21,3.180000066757202,3.2300000190734863,3.109999895095825,3.190000057220459,3.190000057220459,2156300,USD,NYQ,America/New_York,Yahoo Finance
DDD,2026-08-24,3.1600000858306885,3.180000066757202,3.0999999046325684,3.119999885559082,3.119999885559082,1684800,USD,NYQ,America/New_York,Yahoo Finance
DDD,2026-08-25,3.180000066757202,3.240000009536743,3.109999895095825,3.2200000286102295,3.2200000286102295,1556000,USD,NYQ,America/New_York,Yahoo Finance
DDD,2026-08-26,3.2100000381469727,3.3299999237060547,3.1700000762939453,3.299999952316284,3.299999952316284,1624500,USD,NYQ,America/New_York,Yahoo Finance
DDD,2026-08-27,3.3299999237060547,3.5399999618530273,3.309999942779541,3.430000066757202,3.430000066757202,2447200,USD,NYQ,America/New_York,Yahoo Finance
DDD,2026-08-28,3.430000066757202,3.450000047683716,3.2699999809265137,3.2799999713897705,3.2799999713897705,1533500,USD,NYQ,America/New_York,Yahoo Finance
DDD,2026-08-31,3.240000009536743,3.299999952316284,3.1700000762939453,3.2799999713897705,3.2799999713897705,1488300,USD,NYQ,America/New_York,Yahoo Finance
DDD,2026-09-01,3.5399999618530273,3.5899999141693115,3.259999990463257,3.2899999618530273,3.2899999618530273,4603900,USD,NYQ,America/New_York,Yahoo Finance
DDD,2026-09-02,3.25,3.4000000953674316,3.2200000286102295,3.380000114440918,3.380000114440918,2198500,USD,NYQ,America/New_York,Yahoo Finance
DDD,2026-09-03,3.4100000858306885,3.440000057220459,3.240000009536743,3.319999933242798,3.319999933242798,1857700,USD,NYQ,America/New_York,Yahoo Finance
DDD,2026-09-04,3.309999942779541,3.5199999809265137,3.309999942779541,3.4600000381469727,3.4600000381469727,1947100,USD,NYQ,America/New_York,Yahoo Finance
DDD,2026-09-08,3.490000009536743,3.5299999713897705,3.369999885559082,3.380000114440918,3.380000114440918,1768100,USD,NYQ,America/New_York,Yahoo Finance
DDD,2026-09-09,3.369999885559082,3.4000000953674316,3.2699999809265137,3.380000114440918,3.380000114440918,1347800,USD,NYQ,America/New_York,Yahoo Finance
DDD,2026-09-10,3.2799999713897705,3.4000000953674316,3.259999990463257,3.2699999809265137,3.2699999809265137,1415500,USD,NYQ,America/New_York,Yahoo Finance
DDD,2026-09-11,3.319999933242798,3.359999895095825,3.259999990463257,3.319999933242798,3.319999933242798,2114000,USD,NYQ,America/New_York,Yahoo Finance
DDD,2026-09-14,3.25,3.309999942779541,3.180000066757202,3.2100000381469727,3.2100000381469727,1781600,USD,NYQ,America/New_York,Yahoo Finance
DDD,2026-09-15,3.25,3.25,3.109999895095825,3.140000104904175,3.140000104904175,1564000,USD,NYQ,America/New_York,Yahoo Finance
DDD,2026-09-16,3.1700000762939453,3.200000047683716,3.0999999046325684,3.140000104904175,3.140000104904175,1524600,USD,NYQ,America/New_York,Yahoo Finance
DDD,2026-09-17,3.2200000286102295,3.6700000762939453,3.2200000286102295,3.5399999618530273,3.5399999618530273,3288100,USD,NYQ,America/New_York,Yahoo Finance
DDD,2026-09-18,3.5799999237060547,3.7100000381469727,3.509999990463257,3.630000114440918,3.630000114440918,6751100,USD,NYQ,America/New_York,Yahoo Finance
DDD,2026-09-21,3.7100000381469727,3.7100000381469727,3.390000104904175,3.4800000190734863,3.4800000190734863,2740100,USD,NYQ,America/New_York,Yahoo Finance
DDD,2026-09-22,3.5,3.680000066757202,3.440000057220459,3.5899999141693115,3.5899999141693115,1823900,USD,NYQ,America/New_York,Yahoo Finance
DDD,2026-09-23,3.5899999141693115,3.619999885559082,3.4700000286102295,3.509999990463257,3.509999990463257,2236100,USD,NYQ,America/New_York,Yahoo Finance
DDD,2026-09-24,3.4800000190734863,3.5299999713897705,3.390000104904175,3.430000066757202,3.430000066757202,1603200,USD,NYQ,America/New_York,Yahoo Finance
DDD,2026-09-25,3.4000000953674316,3.6600000858306885,3.3499999046325684,3.569999933242798,3.569999933242798,2277100,USD,NYQ,America/New_York,Yahoo Finance
DDD,2026-09-28,3.5,3.619999885559082,3.490000009536743,3.5199999809265137,3.5199999809265137,1357100,USD,NYQ,America/New_York,Yahoo Finance
DDD,2026-09-29,3.5799999237060547,3.740000009536743,3.5,3.5199999809265137,3.5199999809265137,2410700,USD,NYQ,America/New_York,Yahoo Finance
DDD,2026-09-30,3.5399999618530273,3.640000104904175,3.5299999713897705,3.5999999046325684,3.5999999046325684,1887800,USD,NYQ,America/New_York,Yahoo Finance
DDD,2026-10-01,3.549999952316284,3.569999933242798,3.440000057220459,3.5399999618530273,3.5399999618530273,2659000,USD,NYQ,America/New_York,Yahoo Finance
DDD,2026-10-02,3.6500000953674316,3.7799999713897705,3.569999933242798,3.7799999713897705,3.7799999713897705,3224800,USD,NYQ,America/New_York,Yahoo Finance
DDI,2026-08-21,12.880000114440918,13.199999809265137,12.8100004196167,12.890000343322754,12.890000343322754,183300,USD,NMS,America/New_York,Yahoo Finance
DDI,2026-08-24,13.0,13.279999732971191,12.760000228881836,12.789999961853027,12.789999961853027,99400,USD,NMS,America/New_York,Yahoo Finance
DDI,2026-08-25,12.720000267028809,12.960000038146973,12.649999618530273,12.800000190734863,12.800000190734863,147900,USD,NMS,America/New_York,Yahoo Finance
DDI,2026-08-26,12.859999656677246,12.895000457763672,12.649999618530273,12.770000457763672,12.770000457763672,50300,USD,NMS,America/New_York,Yahoo Finance
DDI,2026-08-27,12.829999923706055,12.949999809265137,12.729999542236328,12.75,12.75,106900,USD,NMS,America/New_York,Yahoo Finance
DDI,2026-08-28,12.75,12.994000434875488,12.720000267028809,12.774999618530273,12.774999618530273,140000,USD,NMS,America/New_York,Yahoo Finance
DDI,2026-08-31,12.760000228881836,13.0,12.600000381469727,12.729999542236328,12.729999542236328,87300,USD,NMS,America/New_York,Yahoo Finance
DDI,2026-09-01,12.699999809265137,12.970000267028809,12.609999656677246,12.699999809265137,12.699999809265137,146300,USD,NMS,America/New_York,Yahoo Finance
DDI,2026-09-02,12.699999809265137,12.829999923706055,12.619999885559082,12.789999961853027,12.789999961853027,82700,USD,NMS,America/New_York,Yahoo Finance
DDI,2026-09-03,12.829999923706055,13.265000343322754,12.829999923706055,12.970000267028809,12.970000267028809,92300,USD,NMS,America/New_York,Yahoo Finance
DDI,2026-09-04,12.9399995803833,12.960000038146973,12.795000076293945,12.819999694824219,12.819999694824219,26000,USD,NMS,America/New_York,Yahoo Finance
DDI,2026-09-08,12.819999694824219,12.819999694824219,12.65999984741211,12.75,12.75,156900,USD,NMS,America/New_York,Yahoo Finance
DDI,2026-09-09,12.729999542236328,12.869999885559082,12.670000076293945,12.720000267028809,12.720000267028809,87200,USD,NMS,America/New_York,Yahoo Finance
DDI,2026-09-10,12.6899995803833,12.880000114440918,12.640000343322754,12.850000381469727,12.850000381469727,237100,USD,NMS,America/New_York,Yahoo Finance
DDI,2026-09-11,12.880000114440918,12.880000114440918,12.609999656677246,12.680000305175781,12.680000305175781,370900,USD,NMS,America/New_York,Yahoo Finance
DDI,2026-09-14,12.680000305175781,12.854999542236328,12.300000190734863,12.600000381469727,12.600000381469727,270000,USD,NMS,America/New_York,Yahoo Finance
DDI,2026-09-15,12.609999656677246,12.8149995803833,12.609999656677246,12.75,12.75,113900,USD,NMS,America/New_York,Yahoo Finance
DDI,2026-09-16,12.770000457763672,12.890999794006348,12.670000076293945,12.729999542236328,12.729999542236328,300800,USD,NMS,America/New_York,Yahoo Finance
DDI,2026-09-17,12.699999809265137,12.800000190734863,12.699999809265137,12.75,12.75,84600,USD,NMS,America/New_York,Yahoo Finance
DDI,2026-09-18,12.630000114440918,12.930000305175781,12.569999694824219,12.75,12.75,527400,USD,NMS,America/New_York,Yahoo Finance
DDI,2026-09-21,12.779999732971191,13.1899995803833,12.779999732971191,13.100000381469727,13.100000381469727,197700,USD,NMS,America/New_York,Yahoo Finance
DDI,2026-09-22,13.119999885559082,13.1899995803833,12.850000381469727,13.100000381469727,13.100000381469727,154700,USD,NMS,America/New_York,Yahoo Finance
DDI,2026-09-23,13.109999656677246,13.1899995803833,12.989999771118164,13.0,13.0,116600,USD,NMS,America/New_York,Yahoo Finance
DDI,2026-09-24,13.0,13.1899995803833,12.90999984741211,13.0,13.0,95100,USD,NMS,America/New_York,Yahoo Finance
DDI,2026-09-25,13.0600004196167,13.100000381469727,12.970000267028809,13.0,13.0,188400,USD,NMS,America/New_York,Yahoo Finance
DDI,2026-09-28,12.989999771118164,13.1899995803833,12.949999809265137,13.09000015258789,13.09000015258789,448100,USD,NMS,America/New_York,Yahoo Finance
DDI,2026-09-29,13.069999694824219,13.137999534606934,13.0,13.0600004196167,13.0600004196167,115600,USD,NMS,America/New_York,Yahoo Finance
DDI,2026-09-30,13.0600004196167,13.399999618530273,13.039999961853027,13.289999961853027,13.289999961853027,139900,USD,NMS,America/New_York,Yahoo Finance
DDI,2026-10-01,13.3100004196167,13.380000114440918,13.079999923706055,13.15999984741211,13.15999984741211,131900,USD,NMS,America/New_York,Yahoo Finance
DDI,2026-10-02,13.239999771118164,13.34000015258789,13.177000045776367,13.3100004196167,13.3100004196167,217600,USD,NMS,America/New_York,Yahoo Finance
DERM,2026-08-21,7.559999942779541,8.095000267028809,7.559999942779541,7.75,7.75,263500,USD,NCM,America/New_York,Yahoo Finance
DERM,2026-08-24,7.800000190734863,8.029999732971191,7.590000152587891,7.909999847412109,7.909999847412109,155900,USD,NCM,America/New_York,Yahoo Finance
DERM,2026-08-25,7.929999828338623,8.050000190734863,7.5,7.53000020980835,7.53000020980835,158100,USD,NCM,America/New_York,Yahoo Finance
DERM,2026-08-26,7.539999961853027,7.679999828338623,7.480000019073486,7.545000076293945,7.545000076293945,69300,USD,NCM,America/New_York,Yahoo Finance
DERM,2026-08-27,7.579999923706055,7.820000171661377,7.46999979019165,7.53000020980835,7.53000020980835,74200,USD,NCM,America/New_York,Yahoo Finance
DERM,2026-08-28,7.559999942779541,7.599999904632568,7.380000114440918,7.46999979019165,7.46999979019165,123000,USD,NCM,America/New_York,Yahoo Finance
DERM,2026-08-31,7.489999771118164,7.489999771118164,7.25,7.409999847412109,7.409999847412109,65500,USD,NCM,America/New_York,Yahoo Finance
DERM,2026-09-01,7.420000076293945,7.855000019073486,7.374000072479248,7.570000171661377,7.570000171661377,127100,USD,NCM,America/New_York,Yahoo Finance
DERM,2026-09-02,7.590000152587891,7.869999885559082,7.550000190734863,7.769999980926514,7.769999980926514,106200,USD,NCM,America/New_York,Yahoo Finance
DERM,2026-09-03,7.900000095367432,7.96999979019165,7.739999771118164,7.900000095367432,7.900000095367432,89700,USD,NCM,America/New_York,Yahoo Finance
DERM,2026-09-04,8.020000457763672,8.149999618530273,7.800000190734863,7.860000133514404,7.860000133514404,51200,USD,NCM,America/New_York,Yahoo Finance
DERM,2026-09-08,7.840000152587891,7.974999904632568,7.670000076293945,7.96999979019165,7.96999979019165,134100,USD,NCM,America/New_York,Yahoo Finance
DERM,2026-09-09,7.900000095367432,7.900000095367432,7.420000076293945,7.449999809265137,7.449999809265137,117900,USD,NCM,America/New_York,Yahoo Finance
DERM,2026-09-10,7.380000114440918,7.699999809265137,7.050000190734863,7.090000152587891,7.090000152587891,265200,USD,NCM,America/New_York,Yahoo Finance
DERM,2026-09-11,7.210000038146973,7.40500020980835,7.059999942779541,7.230000019073486,7.230000019073486,168000,USD,NCM,America/New_York,Yahoo Finance
DERM,2026-09-14,7.159999847412109,7.429999828338623,7.159999847412109,7.380000114440918,7.380000114440918,99600,USD,NCM,America/New_York,Yahoo Finance
DERM,2026-09-15,7.389999866485596,7.400000095367432,7.130000114440918,7.360000133514404,7.360000133514404,149100,USD,NCM,America/New_York,Yahoo Finance
DERM,2026-09-16,7.389999866485596,7.619999885559082,7.255000114440918,7.289999961853027,7.289999961853027,222100,USD,NCM,America/New_York,Yahoo Finance
DERM,2026-09-17,7.53000020980835,7.659999847412109,7.329999923706055,7.360000133514404,7.360000133514404,116200,USD,NCM,America/New_York,Yahoo Finance
DERM,2026-09-18,7.309999942779541,7.610000133514404,7.284999847412109,7.309999942779541,7.309999942779541,259800,USD,NCM,America/New_York,Yahoo Finance
DERM,2026-09-21,7.440000057220459,7.525000095367432,6.860000133514404,6.989999771118164,6.989999771118164,281900,USD,NCM,America/New_York,Yahoo Finance
DERM,2026-09-22,7.039999961853027,7.400000095367432,6.974999904632568,7.25,7.25,227400,USD,NCM,America/New_York,Yahoo Finance
DERM,2026-09-23,7.230000019073486,7.25,6.445000171661377,6.5,6.5,342300,USD,NCM,America/New_York,Yahoo Finance
DERM,2026-09-24,6.429999828338623,6.639999866485596,6.199999809265137,6.320000171661377,6.320000171661377,364600,USD,NCM,America/New_York,Yahoo Finance
DERM,2026-09-25,6.380000114440918,6.429999828338623,6.090000152587891,6.139999866485596,6.139999866485596,216300,USD,NCM,America/New_York,Yahoo Finance
DERM,2026-09-28,6.110000133514404,6.494999885559082,6.079999923706055,6.429999828338623,6.429999828338623,148400,USD,NCM,America/New_York,Yahoo Finance
DERM,2026-09-29,6.420000076293945,6.554999828338623,6.300000190734863,6.489999771118164,6.489999771118164,92700,USD,NCM,America/New_York,Yahoo Finance
DERM,2026-09-30,6.519999980926514,6.889999866485596,6.429999828338623,6.840000152587891,6.840000152587891,167200,USD,NCM,America/New_York,Yahoo Finance
DERM,2026-10-01,6.829999923706055,6.829999923706055,6.679999828338623,6.71999979019165,6.71999979019165,103800,USD,NCM,America/New_York,Yahoo Finance
DERM,2026-10-02,6.829999923706055,6.880000114440918,6.46999979019165,6.610000133514404,6.610000133514404,126200,USD,NCM,America/New_York,Yahoo Finance
DFTX,2026-08-17,42.20000076293945,45.31999969482422,42.040000915527344,45.2599983215332,45.2599983215332,2278200,USD,NMS,America/New_York,Yahoo Finance
DFTX,2026-08-18,45.34000015258789,46.369998931884766,44.189998626708984,46.18000030517578,46.18000030517578,2009200,USD,NMS,America/New_York,Yahoo Finance
DFTX,2026-08-19,47.0,47.290000915527344,44.59000015258789,45.81999969482422,45.81999969482422,1748000,USD,NMS,America/New_York,Yahoo Finance
DFTX,2026-08-20,45.11000061035156,45.59000015258789,44.20000076293945,45.400001525878906,45.400001525878906,1661500,USD,NMS,America/New_York,Yahoo Finance
DFTX,2026-08-21,45.88999938964844,46.56999969482422,44.80500030517578,44.90999984741211,44.90999984741211,1354500,USD,NMS,America/New_York,Yahoo Finance
DFTX,2026-08-24,44.459999084472656,44.459999084472656,41.25,43.27000045776367,43.27000045776367,1726800,USD,NMS,America/New_York,Yahoo Finance
DFTX,2026-08-25,43.970001220703125,45.310001373291016,43.6150016784668,44.810001373291016,44.810001373291016,1269800,USD,NMS,America/New_York,Yahoo Finance
DFTX,2026-08-26,44.72999954223633,45.040000915527344,43.349998474121094,43.77000045776367,43.77000045776367,1599200,USD,NMS,America/New_York,Yahoo Finance
DFTX,2026-08-27,44.18000030517578,44.970001220703125,43.33000183105469,43.81999969482422,43.81999969482422,1416900,USD,NMS,America/New_York,Yahoo Finance
DFTX,2026-08-28,43.18000030517578,43.380001068115234,40.85100173950195,40.97999954223633,40.97999954223633,1802500,USD,NMS,America/New_York,Yahoo Finance
DFTX,2026-08-31,40.61000061035156,41.345001220703125,39.15999984741211,39.720001220703125,39.720001220703125,2691700,USD,NMS,America/New_York,Yahoo Finance
DFTX,2026-09-01,39.380001068115234,40.0,38.150001525878906,38.5,38.5,1571100,USD,NMS,America/New_York,Yahoo Finance
DFTX,2026-09-02,38.5,40.064998626708984,38.099998474121094,38.900001525878906,38.900001525878906,1428700,USD,NMS,America/New_York,Yahoo Finance
DFTX,2026-09-03,38.939998626708984,39.0,37.31999969482422,38.0,38.0,1529700,USD,NMS,America/New_York,Yahoo Finance
DFTX,2026-09-04,37.939998626708984,38.540000915527344,37.380001068115234,38.09000015258789,38.09000015258789,1128700,USD,NMS,America/New_York,Yahoo Finance
DFTX,2026-09-08,38.0,39.2599983215332,37.69499969482422,38.22999954223633,38.22999954223633,1494200,USD,NMS,America/New_York,Yahoo Finance
DFTX,2026-09-09,37.81999969482422,38.93000030517578,37.68000030517578,37.9900016784668,37.9900016784668,1285200,USD,NMS,America/New_York,Yahoo Finance
DFTX,2026-09-10,37.650001525878906,38.189998626708984,37.16999816894531,37.72999954223633,37.72999954223633,1403800,USD,NMS,America/New_York,Yahoo Finance
DFTX,2026-09-11,37.72999954223633,39.369998931884766,37.72999954223633,38.88999938964844,38.88999938964844,1753900,USD,NMS,America/New_York,Yahoo Finance
DFTX,2026-09-14,43.529998779296875,43.77000045776367,39.5,40.25,40.25,7286100,USD,NMS,America/New_York,Yahoo Finance
DFTX,2026-09-15,40.44499969482422,40.44499969482422,36.775001525878906,36.81999969482422,36.81999969482422,4522600,USD,NMS,America/New_York,Yahoo Finance
DFTX,2026-09-16,36.9900016784668,38.91999816894531,36.70000076293945,37.849998474121094,37.849998474121094,2069200,USD,NMS,America/New_York,Yahoo Finance
DFTX,2026-09-17,38.86000061035156,39.779998779296875,38.02000045776367,38.68000030517578,38.68000030517578,1729600,USD,NMS,America/New_York,Yahoo Finance
DFTX,2026-09-18,38.66999816894531,39.040000915527344,38.099998474121094,38.810001373291016,38.810001373291016,3214700,USD,NMS,America/New_York,Yahoo Finance
DFTX,2026-09-21,39.0,39.540000915527344,37.970001220703125,39.279998779296875,39.279998779296875,2037900,USD,NMS,America/New_York,Yahoo Finance
DFTX,2026-09-22,39.41999816894531,40.38999938964844,38.70000076293945,40.31999969482422,40.31999969482422,1753100,USD,NMS,America/New_York,Yahoo Finance
DFTX,2026-09-23,40.029998779296875,40.040000915527344,37.165000915527344,37.650001525878906,37.650001525878906,2712500,USD,NMS,America/New_York,Yahoo Finance
DFTX,2026-09-24,37.4900016784668,37.599998474121094,35.88999938964844,36.72999954223633,36.72999954223633,2307500,USD,NMS,America/New_York,Yahoo Finance
DFTX,2026-09-25,37.0,37.0,36.13999938964844,36.16999816894531,36.16999816894531,2682800,USD,NMS,America/New_York,Yahoo Finance
DFTX,2026-09-28,35.92499923706055,39.099998474121094,35.5099983215332,38.40999984741211,38.40999984741211,2994400,USD,NMS,America/New_York,Yahoo Finance
DGAC,2026-08-21,9.970000267028809,9.970000267028809,9.970000267028809,9.970000267028809,9.970000267028809,40100,USD,NYQ,America/New_York,Yahoo Finance
DGAC,2026-08-24,9.970000267028809,9.970000267028809,9.970000267028809,9.970000267028809,9.970000267028809,0,USD,NYQ,America/New_York,Yahoo Finance
DGAC,2026-08-25,9.979999542236328,9.989999771118164,9.979999542236328,9.989999771118164,9.989999771118164,1102600,USD,NYQ,America/New_York,Yahoo Finance
DGAC,2026-08-26,10.020000457763672,10.020000457763672,9.989999771118164,9.989999771118164,9.989999771118164,800,USD,NYQ,America/New_York,Yahoo Finance
DGAC,2026-08-27,9.989999771118164,9.989999771118164,9.989999771118164,9.989999771118164,9.989999771118164,0,USD,NYQ,America/New_York,Yahoo Finance
DGAC,2026-08-28,9.989999771118164,10.0,9.989999771118164,10.0,10.0,26200,USD,NYQ,America/New_York,Yahoo Finance
DGAC,2026-08-31,10.0,10.0,10.0,10.0,10.0,1100,USD,NYQ,America/New_York,Yahoo Finance
DGAC,2026-09-01,9.979999542236328,9.979999542236328,9.979999542236328,9.979999542236328,9.979999542236328,46600,USD,NYQ,America/New_York,Yahoo Finance
DGAC,2026-09-02,9.979999542236328,10.0,9.979999542236328,10.0,10.0,151200,USD,NYQ,America/New_York,Yahoo Finance
DGAC,2026-09-03,10.0,10.0,10.0,10.0,10.0,0,USD,NYQ,America/New_York,Yahoo Finance
DGAC,2026-09-04,10.0,10.0,10.0,10.0,10.0,0,USD,NYQ,America/New_York,Yahoo Finance
DGAC,2026-09-08,10.010000228881836,10.020000457763672,10.010000228881836,10.020000457763672,10.020000457763672,49100,USD,NYQ,America/New_York,Yahoo Finance
DGAC,2026-09-09,10.0,10.0,10.0,10.0,10.0,8200,USD,NYQ,America/New_York,Yahoo Finance
DGAC,2026-09-10,10.0,10.0,10.0,10.0,10.0,2800,USD,NYQ,America/New_York,Yahoo Finance
DGAC,2026-09-11,10.0,10.0,10.0,10.0,10.0,0,USD,NYQ,America/New_York,Yahoo Finance
DGAC,2026-09-14,10.0,10.0,10.0,10.0,10.0,0,USD,NYQ,America/New_York,Yahoo Finance
DGAC,2026-09-15,10.0,10.0,10.0,10.0,10.0,0,USD,NYQ,America/New_York,Yahoo Finance
DGAC,2026-09-16,10.0,10.0,10.0,10.0,10.0,0,USD,NYQ,America/New_York,Yahoo Finance
DGAC,2026-09-17,10.0,10.0,9.979999542236328,10.0,10.0,485300,USD,NYQ,America/New_York,Yahoo Finance
DGAC,2026-09-18,9.989999771118164,9.989999771118164,9.989999771118164,9.989999771118164,9.989999771118164,4300,USD,NYQ,America/New_York,Yahoo Finance
DGAC,2026-09-21,10.0,10.0,10.0,10.0,10.0,800,USD,NYQ,America/New_York,Yahoo Finance
DGAC,2026-09-22,10.0,10.0,10.0,10.0,10.0,0,USD,NYQ,America/New_York,Yahoo Finance
DGAC,2026-09-23,9.989999771118164,9.989999771118164,9.989999771118164,9.989999771118164,9.989999771118164,5400,USD,NYQ,America/New_York,Yahoo Finance
DGAC,2026-09-24,9.989999771118164,9.989999771118164,9.989999771118164,9.989999771118164,9.989999771118164,0,USD,NYQ,America/New_York,Yahoo Finance
DGAC,2026-09-25,10.0,10.0,10.0,10.0,10.0,800,USD,NYQ,America/New_York,Yahoo Finance
DGAC,2026-09-28,10.0,10.0,10.0,10.0,10.0,0,USD,NYQ,America/New_York,Yahoo Finance
DGAC,2026-09-29,10.010000228881836,10.010000228881836,10.010000228881836,10.010000228881836,10.010000228881836,2500,USD,NYQ,America/New_York,Yahoo Finance
DGAC,2026-09-30,10.010000228881836,10.010000228881836,10.010000228881836,10.010000228881836,10.010000228881836,0,USD,NYQ,America/New_York,Yahoo Finance
DGAC,2026-10-01,10.0,10.0,10.0,10.0,10.0,700,USD,NYQ,America/New_York,Yahoo Finance
DGAC,2026-10-02,10.0,10.010000228881836,9.989999771118164,10.0,10.0,67800,USD,NYQ,America/New_York,Yahoo Finance
DGICB,2026-08-21,24.75,24.75,24.690000534057617,24.690000534057617,24.690000534057617,1500,USD,NMS,America/New_York,Yahoo Finance
DGICB,2026-08-24,23.709999084472656,23.709999084472656,23.709999084472656,23.709999084472656,23.709999084472656,900,USD,NMS,America/New_York,Yahoo Finance
DGICB,2026-08-25,23.709999084472656,23.709999084472656,23.709999084472656,23.709999084472656,23.709999084472656,0,USD,NMS,America/New_York,Yahoo Finance
DGICB,2026-08-26,24.639999389648438,24.639999389648438,24.639999389648438,24.639999389648438,24.639999389648438,800,USD,NMS,America/New_York,Yahoo Finance
DGICB,2026-08-27,23.170000076293945,23.170000076293945,23.170000076293945,23.170000076293945,23.170000076293945,300,USD,NMS,America/New_York,Yahoo Finance
DGICB,2026-08-28,23.170000076293945,23.170000076293945,23.170000076293945,23.170000076293945,23.170000076293945,0,USD,NMS,America/New_York,Yahoo Finance
DGICB,2026-08-31,23.170000076293945,23.170000076293945,23.170000076293945,23.170000076293945,23.170000076293945,0,USD,NMS,America/New_York,Yahoo Finance
DGICB,2026-09-01,23.170000076293945,23.170000076293945,23.170000076293945,23.170000076293945,23.170000076293945,0,USD,NMS,America/New_York,Yahoo Finance
DGICB,2026-09-02,23.790000915527344,23.790000915527344,23.790000915527344,23.790000915527344,23.790000915527344,700,USD,NMS,America/New_York,Yahoo Finance
DGICB,2026-09-03,24.549999237060547,24.549999237060547,24.549999237060547,24.549999237060547,24.549999237060547,400,USD,NMS,America/New_York,Yahoo Finance
DGICB,2026-09-04,24.75,24.75,24.75,24.75,24.75,600,USD,NMS,America/New_York,Yahoo Finance
DGICB,2026-09-08,24.75,24.75,24.75,24.75,24.75,0,USD,NMS,America/New_York,Yahoo Finance
DGICB,2026-09-09,24.75,24.75,24.75,24.75,24.75,0,USD,NMS,America/New_York,Yahoo Finance
DGICB,2026-09-10,25.100000381469727,27.610000610351562,24.5,25.56999969482422,25.56999969482422,3800,USD,NMS,America/New_York,Yahoo Finance
DGICB,2026-09-11,24.989999771118164,24.989999771118164,24.989999771118164,24.989999771118164,24.989999771118164,800,USD,NMS,America/New_York,Yahoo Finance
DGICB,2026-09-14,24.989999771118164,24.989999771118164,24.989999771118164,24.989999771118164,24.989999771118164,0,USD,NMS,America/New_York,Yahoo Finance
DGICB,2026-09-15,24.989999771118164,24.989999771118164,24.989999771118164,24.989999771118164,24.989999771118164,0,USD,NMS,America/New_York,Yahoo Finance
DGICB,2026-09-16,23.489999771118164,23.489999771118164,22.549999237060547,22.549999237060547,22.549999237060547,1300,USD,NMS,America/New_York,Yahoo Finance
DGICB,2026-09-17,22.979999542236328,22.979999542236328,20.899999618530273,20.899999618530273,20.899999618530273,2200,USD,NMS,America/New_York,Yahoo Finance
DGICB,2026-09-18,20.760000228881836,21.5,20.729999542236328,21.049999237060547,21.049999237060547,10600,USD,NMS,America/New_York,Yahoo Finance
DGICB,2026-09-21,19.940000534057617,19.940000534057617,18.579999923706055,18.579999923706055,18.579999923706055,2100,USD,NMS,America/New_York,Yahoo Finance
DGICB,2026-09-22,20.59000015258789,20.59000015258789,17.6299991607666,17.889999389648438,17.889999389648438,2800,USD,NMS,America/New_York,Yahoo Finance
DGICB,2026-09-23,18.469999313354492,19.399999618530273,18.469999313354492,19.399999618530273,19.399999618530273,1800,USD,NMS,America/New_York,Yahoo Finance
DGICB,2026-09-24,17.969999313354492,17.969999313354492,17.40999984741211,17.40999984741211,17.40999984741211,1600,USD,NMS,America/New_York,Yahoo Finance
DGICB,2026-09-25,17.43000030517578,18.200000762939453,17.25,18.200000762939453,18.200000762939453,2200,USD,NMS,America/New_York,Yahoo Finance
DGICB,2026-09-28,16.709999084472656,16.850000381469727,15.699999809265137,16.59000015258789,16.59000015258789,12700,USD,NMS,America/New_York,Yahoo Finance
DGICB,2026-09-29,16.239999771118164,16.239999771118164,15.529999732971191,15.529999732971191,15.529999732971191,4200,USD,NMS,America/New_York,Yahoo Finance
DGICB,2026-09-30,16.459999084472656,17.350000381469727,15.100000381469727,17.34000015258789,17.34000015258789,10100,USD,NMS,America/New_York,Yahoo Finance
DGICB,2026-10-01,15.9399995803833,17.350000381469727,15.59000015258789,16.860000610351562,16.860000610351562,4600,USD,NMS,America/New_York,Yahoo Finance
DGICB,2026-10-02,16.700000762939453,16.700000762939453,16.25,16.649999618530273,16.649999618530273,5400,USD,NMS,America/New_York,Yahoo Finance
DINO,2026-08-17,94.5,95.58999633789062,93.16999816894531,94.98999786376953,94.98999786376953,2528100,USD,NYQ,America/New_York,Yahoo Finance
DINO,2026-08-18,95.41000366210938,95.8499984741211,93.77999877929688,95.69999694824219,95.69999694824219,2350300,USD,NYQ,America/New_York,Yahoo Finance
DINO,2026-08-19,96.25,96.7699966430664,94.12000274658203,94.62000274658203,94.62000274658203,2307100,USD,NYQ,America/New_York,Yahoo Finance
DINO,2026-08-20,95.18000030517578,96.38999938964844,92.18000030517578,92.72000122070312,92.72000122070312,1920900,USD,NYQ,America/New_York,Yahoo Finance
DINO,2026-08-21,94.0,97.62999725341797,93.23999786376953,97.31999969482422,97.31999969482422,2901400,USD,NYQ,America/New_York,Yahoo Finance
DINO,2026-08-24,96.04000091552734,98.38999938964844,93.9000015258789,95.18000030517578,95.18000030517578,1954700,USD,NYQ,America/New_York,Yahoo Finance
DINO,2026-08-25,94.12999725341797,95.8499984741211,93.16000366210938,93.23999786376953,93.23999786376953,1368600,USD,NYQ,America/New_York,Yahoo Finance
DINO,2026-08-26,92.0,98.0,91.37999725341797,96.5199966430664,96.5199966430664,2409900,USD,NYQ,America/New_York,Yahoo Finance
DINO,2026-08-27,97.0,98.44000244140625,94.69000244140625,97.0,97.0,1840400,USD,NYQ,America/New_York,Yahoo Finance
DINO,2026-08-28,97.0,100.12999725341797,97.0,99.70999908447266,99.70999908447266,1805500,USD,NYQ,America/New_York,Yahoo Finance
DINO,2026-08-31,102.9800033569336,102.9800033569336,98.5,101.61000061035156,101.61000061035156,4071600,USD,NYQ,America/New_York,Yahoo Finance
DINO,2026-09-01,102.79000091552734,103.98999786376953,100.98999786376953,103.97000122070312,103.97000122070312,2673400,USD,NYQ,America/New_York,Yahoo Finance
DINO,2026-09-02,103.29000091552734,107.30999755859375,103.16000366210938,106.05999755859375,106.05999755859375,2497700,USD,NYQ,America/New_York,Yahoo Finance
DINO,2026-09-03,105.22000122070312,108.25,104.80999755859375,106.1500015258789,106.1500015258789,2229100,USD,NYQ,America/New_York,Yahoo Finance
DINO,2026-09-04,105.13999938964844,106.70999908447266,103.12000274658203,105.41000366210938,105.41000366210938,1978500,USD,NYQ,America/New_York,Yahoo Finance
DINO,2026-09-08,107.5,109.86000061035156,107.5,108.30999755859375,108.30999755859375,2513500,USD,NYQ,America/New_York,Yahoo Finance
DINO,2026-09-09,108.75,109.08000183105469,106.30000305175781,108.13999938964844,108.13999938964844,1724000,USD,NYQ,America/New_York,Yahoo Finance
DINO,2026-09-10,110.30999755859375,110.91999816894531,107.37999725341797,107.72000122070312,107.72000122070312,2100000,USD,NYQ,America/New_York,Yahoo Finance
DINO,2026-09-11,108.08999633789062,112.16999816894531,107.81999969482422,107.83999633789062,107.83999633789062,2807000,USD,NYQ,America/New_York,Yahoo Finance
DINO,2026-09-14,109.48999786376953,111.58000183105469,105.2300033569336,106.91000366210938,106.91000366210938,3033500,USD,NYQ,America/New_York,Yahoo Finance
DINO,2026-09-15,107.5,112.70999908447266,106.3499984741211,112.25,112.25,2897300,USD,NYQ,America/New_York,Yahoo Finance
DINO,2026-09-16,110.5,114.79000091552734,109.1500015258789,113.97000122070312,113.97000122070312,2091700,USD,NYQ,America/New_York,Yahoo Finance
DINO,2026-09-17,112.16999816894531,116.69000244140625,111.0,116.62000274658203,116.62000274658203,2503000,USD,NYQ,America/New_York,Yahoo Finance
DINO,2026-09-18,115.9000015258789,117.69999694824219,114.58999633789062,115.9000015258789,115.9000015258789,5638900,USD,NYQ,America/New_York,Yahoo Finance
DINO,2026-09-21,114.05999755859375,118.38999938964844,108.66000366210938,109.29000091552734,109.29000091552734,3334300,USD,NYQ,America/New_York,Yahoo Finance
DINO,2026-09-22,107.13999938964844,110.2300033569336,105.83000183105469,106.69000244140625,106.69000244140625,4784900,USD,NYQ,America/New_York,Yahoo Finance
DINO,2026-09-23,107.97000122070312,110.83999633789062,103.0,106.13999938964844,106.13999938964844,4850300,USD,NYQ,America/New_York,Yahoo Finance
DINO,2026-09-24,107.30000305175781,109.33999633789062,105.5,105.79000091552734,105.79000091552734,2639500,USD,NYQ,America/New_York,Yahoo Finance
DINO,2026-09-25,104.4800033569336,107.86000061035156,103.0999984741211,106.81999969482422,106.81999969482422,2084400,USD,NYQ,America/New_York,Yahoo Finance
DINO,2026-09-28,107.12000274658203,108.04000091552734,105.0,106.19000244140625,106.19000244140625,2519600,USD,NYQ,America/New_York,Yahoo Finance
DMC,2026-08-17,30.350000381469727,30.5,30.139999389648438,30.420000076293945,30.420000076293945,296300,USD,NYQ,America/New_York,Yahoo Finance
DMC,2026-08-18,30.809999465942383,30.809999465942383,30.399999618530273,30.43000030517578,30.43000030517578,225600,USD,NYQ,America/New_York,Yahoo Finance
DMC,2026-08-19,30.850000381469727,31.649999618530273,30.59000015258789,31.280000686645508,31.280000686645508,290200,USD,NYQ,America/New_York,Yahoo Finance
DMC,2026-08-20,31.010000228881836,31.540000915527344,31.010000228881836,31.469999313354492,31.469999313354492,219400,USD,NYQ,America/New_York,Yahoo Finance
DMC,2026-08-21,31.450000762939453,31.6299991607666,31.170000076293945,31.43000030517578,31.43000030517578,247600,USD,NYQ,America/New_York,Yahoo Finance
DMC,2026-08-24,31.610000610351562,32.5,31.3700008392334,31.989999771118164,31.989999771118164,327600,USD,NYQ,America/New_York,Yahoo Finance
DMC,2026-08-25,31.850000381469727,32.13999938964844,31.43000030517578,31.860000610351562,31.860000610351562,332500,USD,NYQ,America/New_York,Yahoo Finance
DMC,2026-08-26,31.739999771118164,32.0099983215332,31.350000381469727,31.540000915527344,31.540000915527344,363100,USD,NYQ,America/New_York,Yahoo Finance
DMC,2026-08-27,31.1200008392334,31.729999542236328,30.959999084472656,31.389999389648438,31.389999389648438,288500,USD,NYQ,America/New_York,Yahoo Finance
DMC,2026-08-28,31.440000534057617,31.959999084472656,31.200000762939453,31.8700008392334,31.8700008392334,234500,USD,NYQ,America/New_York,Yahoo Finance
DMC,2026-08-31,31.809999465942383,31.860000610351562,31.309999465942383,31.68000030517578,31.68000030517578,459500,USD,NYQ,America/New_York,Yahoo Finance
DMC,2026-09-01,31.780000686645508,32.34000015258789,31.56999969482422,32.13999938964844,32.13999938964844,369600,USD,NYQ,America/New_York,Yahoo Finance
DMC,2026-09-02,32.439998626708984,32.54999923706055,31.940000534057617,32.369998931884766,32.369998931884766,629400,USD,NYQ,America/New_York,Yahoo Finance
DMC,2026-09-03,32.52000045776367,32.52000045776367,31.389999389648438,31.559999465942383,31.559999465942383,344300,USD,NYQ,America/New_York,Yahoo Finance
DMC,2026-09-04,31.5,32.349998474121094,31.360000610351562,32.119998931884766,32.119998931884766,268000,USD,NYQ,America/New_York,Yahoo Finance
DMC,2026-09-08,32.029998779296875,32.75,31.600000381469727,32.630001068115234,32.630001068115234,359600,USD,NYQ,America/New_York,Yahoo Finance
DMC,2026-09-09,32.59000015258789,32.97999954223633,32.41999816894531,32.869998931884766,32.869998931884766,420800,USD,NYQ,America/New_York,Yahoo Finance
DMC,2026-09-10,33.0,33.060001373291016,31.829999923706055,31.959999084472656,31.959999084472656,487700,USD,NYQ,America/New_York,Yahoo Finance
DMC,2026-09-11,32.09000015258789,32.09000015258789,31.309999465942383,31.34000015258789,31.34000015258789,252600,USD,NYQ,America/New_York,Yahoo Finance
DMC,2026-09-14,31.68000030517578,32.0,31.350000381469727,31.530000686645508,31.530000686645508,352700,USD,NYQ,America/New_York,Yahoo Finance
DMC,2026-09-15,31.34000015258789,31.610000610351562,31.100000381469727,31.34000015258789,31.34000015258789,339400,USD,NYQ,America/New_York,Yahoo Finance
DMC,2026-09-16,31.299999237060547,31.770000457763672,31.299999237060547,31.5,31.5,344600,USD,NYQ,America/New_York,Yahoo Finance
DMC,2026-09-17,31.559999465942383,31.559999465942383,30.760000228881836,30.8700008392334,30.8700008392334,361700,USD,NYQ,America/New_York,Yahoo Finance
DMC,2026-09-18,30.75,30.90999984741211,30.290000915527344,30.3799991607666,30.3799991607666,2114100,USD,NYQ,America/New_York,Yahoo Finance
DMC,2026-09-21,30.520000457763672,31.450000762939453,30.3799991607666,31.059999465942383,31.059999465942383,437700,USD,NYQ,America/New_York,Yahoo Finance
DMC,2026-09-22,31.3700008392334,31.700000762939453,31.219999313354492,31.559999465942383,31.559999465942383,292100,USD,NYQ,America/New_York,Yahoo Finance
DMC,2026-09-23,31.420000076293945,31.56999969482422,30.670000076293945,30.68000030517578,30.68000030517578,291300,USD,NYQ,America/New_York,Yahoo Finance
DMC,2026-09-24,31.010000228881836,31.030000686645508,30.110000610351562,30.510000228881836,30.510000228881836,326200,USD,NYQ,America/New_York,Yahoo Finance
DMC,2026-09-25,30.549999237060547,30.729999542236328,30.18000030517578,30.709999084472656,30.709999084472656,224200,USD,NYQ,America/New_York,Yahoo Finance
DMC,2026-09-28,30.59000015258789,30.90999984741211,30.299999237060547,30.65999984741211,30.65999984741211,261900,USD,NYQ,America/New_York,Yahoo Finance
DRS,2026-08-17,44.9900016784668,45.790000915527344,44.97999954223633,45.349998474121094,45.349998474121094,663900,USD,NMS,America/New_York,Yahoo Finance
DRS,2026-08-18,45.08000183105469,45.5,44.189998626708984,44.22999954223633,44.22999954223633,623200,USD,NMS,America/New_York,Yahoo Finance
DRS,2026-08-19,44.25,44.529998779296875,42.5099983215332,42.560001373291016,42.560001373291016,668800,USD,NMS,America/New_York,Yahoo Finance
DRS,2026-08-20,42.47999954223633,42.709999084472656,40.79999923706055,41.0,41.0,848500,USD,NMS,America/New_York,Yahoo Finance
DRS,2026-08-21,41.25,41.790000915527344,40.279998779296875,40.70000076293945,40.70000076293945,616200,USD,NMS,America/New_York,Yahoo Finance
DRS,2026-08-24,40.43000030517578,40.70000076293945,38.93000030517578,39.0099983215332,39.0099983215332,771100,USD,NMS,America/New_York,Yahoo Finance
DRS,2026-08-25,39.220001220703125,39.380001068115234,38.130001068115234,38.15999984741211,38.15999984741211,933700,USD,NMS,America/New_York,Yahoo Finance
DRS,2026-08-26,38.13999938964844,39.04999923706055,38.13999938964844,38.599998474121094,38.599998474121094,1715600,USD,NMS,America/New_York,Yahoo Finance
DRS,2026-08-27,38.93000030517578,38.97999954223633,38.2599983215332,38.91999816894531,38.91999816894531,1122500,USD,NMS,America/New_York,Yahoo Finance
DRS,2026-08-28,38.810001373291016,39.70000076293945,38.439998626708984,38.540000915527344,38.540000915527344,810500,USD,NMS,America/New_York,Yahoo Finance
DRS,2026-08-31,38.779998779296875,38.779998779296875,37.560001373291016,38.0,38.0,904600,USD,NMS,America/New_York,Yahoo Finance
DRS,2026-09-01,37.880001068115234,38.47999954223633,37.63999938964844,37.70000076293945,37.70000076293945,839400,USD,NMS,America/New_York,Yahoo Finance
DRS,2026-09-02,37.70000076293945,38.08000183105469,36.86000061035156,37.02000045776367,37.02000045776367,894500,USD,NMS,America/New_York,Yahoo Finance
DRS,2026-09-03,37.33000183105469,38.0,36.560001373291016,37.02000045776367,37.02000045776367,619900,USD,NMS,America/New_York,Yahoo Finance
DRS,2026-09-04,37.0099983215332,37.36000061035156,36.349998474121094,36.599998474121094,36.599998474121094,638600,USD,NMS,America/New_York,Yahoo Finance
DRS,2026-09-08,36.86000061035156,37.380001068115234,36.58000183105469,36.939998626708984,36.939998626708984,720300,USD,NMS,America/New_York,Yahoo Finance
DRS,2026-09-09,36.86000061035156,37.060001373291016,35.9900016784668,36.060001373291016,36.060001373291016,571600,USD,NMS,America/New_York,Yahoo Finance
DRS,2026-09-10,36.27000045776367,36.61000061035156,35.97999954223633,36.310001373291016,36.310001373291016,694900,USD,NMS,America/New_York,Yahoo Finance
DRS,2026-09-11,36.619998931884766,36.83000183105469,35.9900016784668,36.06999969482422,36.06999969482422,621300,USD,NMS,America/New_York,Yahoo Finance
DRS,2026-09-14,36.0,36.060001373291016,35.119998931884766,35.90999984741211,35.90999984741211,856400,USD,NMS,America/New_York,Yahoo Finance
DRS,2026-09-15,36.63999938964844,37.18000030517578,35.93000030517578,36.880001068115234,36.880001068115234,1293000,USD,NMS,America/New_York,Yahoo Finance
DRS,2026-09-16,36.77000045776367,37.27000045776367,36.06999969482422,37.09000015258789,37.09000015258789,1274800,USD,NMS,America/New_York,Yahoo Finance
DRS,2026-09-17,37.310001373291016,37.66999816894531,36.66999816894531,37.060001373291016,37.060001373291016,875900,USD,NMS,America/New_York,Yahoo Finance
DRS,2026-09-18,37.0,37.540000915527344,36.77000045776367,37.189998626708984,37.189998626708984,2986900,USD,NMS,America/New_York,Yahoo Finance
DRS,2026-09-21,37.470001220703125,38.25,37.279998779296875,37.95000076293945,37.95000076293945,1542900,USD,NMS,America/New_York,Yahoo Finance
DRS,2026-09-22,38.040000915527344,38.040000915527344,36.43000030517578,37.150001525878906,37.150001525878906,881300,USD,NMS,America/New_York,Yahoo Finance
DRS,2026-09-23,36.9900016784668,37.56999969482422,36.81999969482422,37.40999984741211,37.40999984741211,707300,USD,NMS,America/New_York,Yahoo Finance
DRS,2026-09-24,37.11000061035156,38.16999816894531,37.09000015258789,37.59000015258789,37.59000015258789,931200,USD,NMS,America/New_York,Yahoo Finance
DRS,2026-09-25,37.5099983215332,37.619998931884766,36.88999938964844,37.15999984741211,37.15999984741211,654300,USD,NMS,America/New_York,Yahoo Finance
DRS,2026-09-28,37.0099983215332,37.20000076293945,36.5,36.66999816894531,36.66999816894531,563300,USD,NMS,America/New_York,Yahoo Finance
DXC,2026-08-17,10.579999923706055,10.8100004196167,10.359999656677246,10.390000343322754,10.390000343322754,2752100,USD,NYQ,America/New_York,Yahoo Finance
DXC,2026-08-18,10.600000381469727,10.670000076293945,10.359999656677246,10.5,10.5,2174800,USD,NYQ,America/New_York,Yahoo Finance
DXC,2026-08-19,10.510000228881836,11.270000457763672,10.510000228881836,10.850000381469727,10.850000381469727,3208100,USD,NYQ,America/New_York,Yahoo Finance
DXC,2026-08-20,10.850000381469727,11.0,10.640000343322754,10.699999809265137,10.699999809265137,1770200,USD,NYQ,America/New_York,Yahoo Finance
DXC,2026-08-21,10.630000114440918,10.979999542236328,10.600000381469727,10.800000190734863,10.800000190734863,1732300,USD,NYQ,America/New_York,Yahoo Finance
DXC,2026-08-24,10.859999656677246,10.920000076293945,10.609999656677246,10.630000114440918,10.630000114440918,2280200,USD,NYQ,America/New_York,Yahoo Finance
DXC,2026-08-25,10.550000190734863,10.899999618530273,10.40999984741211,10.890000343322754,10.890000343322754,2041800,USD,NYQ,America/New_York,Yahoo Finance
DXC,2026-08-26,10.699999809265137,10.729999542236328,10.510000228881836,10.550000190734863,10.550000190734863,1878000,USD,NYQ,America/New_York,Yahoo Finance
DXC,2026-08-27,10.670000076293945,11.039999961853027,10.640000343322754,11.0,11.0,2072500,USD,NYQ,America/New_York,Yahoo Finance
DXC,2026-08-28,11.0,11.319999694824219,11.0,11.210000038146973,11.210000038146973,2342300,USD,NYQ,America/New_York,Yahoo Finance
DXC,2026-08-31,11.039999961853027,11.380000114440918,11.0,11.300000190734863,11.300000190734863,4470400,USD,NYQ,America/New_York,Yahoo Finance
DXC,2026-09-01,11.210000038146973,11.380000114440918,11.029999732971191,11.15999984741211,11.15999984741211,1861200,USD,NYQ,America/New_York,Yahoo Finance
DXC,2026-09-02,11.130000114440918,11.760000228881836,11.050000190734863,11.630000114440918,11.630000114440918,2368600,USD,NYQ,America/New_York,Yahoo Finance
DXC,2026-09-03,11.770000457763672,11.960000038146973,11.520000457763672,11.670000076293945,11.670000076293945,1820000,USD,NYQ,America/New_York,Yahoo Finance
DXC,2026-09-04,11.479999542236328,11.829999923706055,11.40999984741211,11.65999984741211,11.65999984741211,1796900,USD,NYQ,America/New_York,Yahoo Finance
DXC,2026-09-08,11.460000038146973,11.460000038146973,11.020000457763672,11.210000038146973,11.210000038146973,2153500,USD,NYQ,America/New_York,Yahoo Finance
DXC,2026-09-09,11.25,11.34000015258789,10.869999885559082,10.949999809265137,10.949999809265137,2290800,USD,NYQ,America/New_York,Yahoo Finance
DXC,2026-09-10,11.069999694824219,11.239999771118164,10.890000343322754,11.039999961853027,11.039999961853027,1721100,USD,NYQ,America/New_York,Yahoo Finance
DXC,2026-09-11,11.09000015258789,11.40999984741211,11.010000228881836,11.390000343322754,11.390000343322754,1788000,USD,NYQ,America/New_York,Yahoo Finance
DXC,2026-09-14,11.710000038146973,12.229999542236328,11.550000190734863,12.119999885559082,12.119999885559082,2754700,USD,NYQ,America/New_York,Yahoo Finance
DXC,2026-09-15,11.930000305175781,12.199999809265137,11.899999618530273,12.039999961853027,12.039999961853027,2176400,USD,NYQ,America/New_York,Yahoo Finance
DXC,2026-09-16,11.84000015258789,11.850000381469727,11.569999694824219,11.579999923706055,11.579999923706055,2258300,USD,NYQ,America/New_York,Yahoo Finance
DXC,2026-09-17,11.640000343322754,11.680000305175781,11.380000114440918,11.4399995803833,11.4399995803833,1963900,USD,NYQ,America/New_York,Yahoo Finance
DXC,2026-09-18,11.40999984741211,11.449999809265137,10.729999542236328,10.779999732971191,10.779999732971191,9259100,USD,NYQ,America/New_York,Yahoo Finance
DXC,2026-09-21,10.960000038146973,11.199999809265137,10.800000190734863,10.890000343322754,10.890000343322754,2607900,USD,NYQ,America/New_York,Yahoo Finance
DXC,2026-09-22,11.0600004196167,11.25,10.680000305175781,10.930000305175781,10.930000305175781,2583400,USD,NYQ,America/New_York,Yahoo Finance
DXC,2026-09-23,10.930000305175781,11.1899995803833,10.84000015258789,10.880000114440918,10.880000114440918,1626600,USD,NYQ,America/New_York,Yahoo Finance
DXC,2026-09-24,11.0,11.109999656677246,10.600000381469727,10.8100004196167,10.8100004196167,1800000,USD,NYQ,America/New_York,Yahoo Finance
DXC,2026-09-25,10.75,10.890000343322754,10.619999885559082,10.649999618530273,10.649999618530273,2633900,USD,NYQ,America/New_York,Yahoo Finance
DXC,2026-09-28,10.460000038146973,10.5600004196167,10.260000228881836,10.350000381469727,10.350000381469727,2648300,USD,NYQ,America/New_York,Yahoo Finance
DY,2026-08-17,422.0,434.6600036621094,421.75,432.8900146484375,432.8900146484375,348700,USD,NYQ,America/New_York,Yahoo Finance
DY,2026-08-18,424.75,425.82000732421875,412.7099914550781,414.70001220703125,414.70001220703125,491100,USD,NYQ,America/New_York,Yahoo Finance
DY,2026-08-19,417.3399963378906,419.29998779296875,392.17999267578125,402.760009765625,402.760009765625,402600,USD,NYQ,America/New_York,Yahoo Finance
DY,2026-08-20,400.010009765625,403.4100036621094,394.7699890136719,400.2300109863281,400.2300109863281,380200,USD,NYQ,America/New_York,Yahoo Finance
DY,2026-08-21,405.55999755859375,405.55999755859375,387.8699951171875,392.95001220703125,392.95001220703125,408900,USD,NYQ,America/New_York,Yahoo Finance
DY,2026-08-24,388.25,391.8699951171875,378.3900146484375,380.95001220703125,380.95001220703125,549500,USD,NYQ,America/New_York,Yahoo Finance
DY,2026-08-25,390.2200012207031,390.2200012207031,347.489990234375,351.79998779296875,351.79998779296875,1825100,USD,NYQ,America/New_York,Yahoo Finance
DY,2026-08-26,326.9100036621094,332.3800048828125,303.260009765625,310.9100036621094,310.9100036621094,2798900,USD,NYQ,America/New_York,Yahoo Finance
DY,2026-08-27,314.8999938964844,314.8999938964844,304.2300109863281,308.010009765625,308.010009765625,909300,USD,NYQ,America/New_York,Yahoo Finance
DY,2026-08-28,306.3399963378906,307.0,290.19000244140625,294.3399963378906,294.3399963378906,934500,USD,NYQ,America/New_York,Yahoo Finance
DY,2026-08-31,298.010009765625,298.010009765625,287.6000061035156,291.2099914550781,291.2099914550781,635400,USD,NYQ,America/New_York,Yahoo Finance
DY,2026-09-01,289.1600036621094,293.95001220703125,284.5,287.29998779296875,287.29998779296875,605400,USD,NYQ,America/New_York,Yahoo Finance
DY,2026-09-02,287.989990234375,299.5,285.75,296.9800109863281,296.9800109863281,671700,USD,NYQ,America/New_York,Yahoo Finance
DY,2026-09-03,297.0,299.6099853515625,293.5400085449219,295.55999755859375,295.55999755859375,520900,USD,NYQ,America/New_York,Yahoo Finance
DY,2026-09-04,296.3999938964844,302.9200134277344,296.3999938964844,300.2300109863281,300.2300109863281,519800,USD,NYQ,America/New_York,Yahoo Finance
DY,2026-09-08,302.260009765625,307.9800109863281,290.75,302.9100036621094,302.9100036621094,707200,USD,NYQ,America/New_York,Yahoo Finance
DY,2026-09-09,300.45001220703125,305.0400085449219,290.0400085449219,290.489990234375,290.489990234375,535200,USD,NYQ,America/New_York,Yahoo Finance
DY,2026-09-10,288.7799987792969,299.6700134277344,286.92999267578125,295.92999267578125,295.92999267578125,847600,USD,NYQ,America/New_York,Yahoo Finance
DY,2026-09-11,300.32000732421875,309.4800109863281,298.6600036621094,307.4700012207031,307.4700012207031,734100,USD,NYQ,America/New_York,Yahoo Finance
DY,2026-09-14,293.55999755859375,296.04998779296875,285.239990234375,286.8299865722656,286.8299865722656,845900,USD,NYQ,America/New_York,Yahoo Finance
DY,2026-09-15,290.4100036621094,291.7300109863281,280.8699951171875,282.3399963378906,282.3399963378906,432900,USD,NYQ,America/New_York,Yahoo Finance
DY,2026-09-16,287.9800109863281,293.69000244140625,285.1499938964844,287.3800048828125,287.3800048828125,595900,USD,NYQ,America/New_York,Yahoo Finance
DY,2026-09-17,295.42999267578125,299.0199890136719,283.239990234375,285.489990234375,285.489990234375,761700,USD,NYQ,America/New_York,Yahoo Finance
DY,2026-09-18,287.9599914550781,293.989990234375,287.5299987792969,291.79998779296875,291.79998779296875,1149100,USD,NYQ,America/New_York,Yahoo Finance
DY,2026-09-21,295.2200012207031,296.010009765625,287.57000732421875,291.54998779296875,291.54998779296875,553900,USD,NYQ,America/New_York,Yahoo Finance
DY,2026-09-22,292.82000732421875,295.5199890136719,281.739990234375,282.0199890136719,282.0199890136719,665700,USD,NYQ,America/New_York,Yahoo Finance
DY,2026-09-23,283.45001220703125,285.30999755859375,275.1000061035156,280.94000244140625,280.94000244140625,549600,USD,NYQ,America/New_York,Yahoo Finance
DY,2026-09-24,277.5,279.1700134277344,271.8699951171875,272.1000061035156,272.1000061035156,548500,USD,NYQ,America/New_York,Yahoo Finance
DY,2026-09-25,274.3299865722656,277.0,270.4800109863281,271.5199890136719,271.5199890136719,526700,USD,NYQ,America/New_York,Yahoo Finance
DY,2026-09-28,271.5299987792969,277.19000244140625,265.1300048828125,266.7900085449219,266.7900085449219,660900,USD,NYQ,America/New_York,Yahoo Finance
EFXT,2026-08-17,22.700000762939453,23.030000686645508,22.450000762939453,22.479999542236328,22.447900772094727,508200,USD,NYQ,America/New_York,Yahoo Finance
EFXT,2026-08-18,22.549999237060547,22.600000381469727,21.709999084472656,21.709999084472656,21.678998947143555,214600,USD,NYQ,America/New_York,Yahoo Finance
EFXT,2026-08-19,21.8700008392334,21.969999313354492,20.510000228881836,20.56999969482422,20.56999969482422,2188000,USD,NYQ,America/New_York,Yahoo Finance
EFXT,2026-08-20,20.719999313354492,20.860000610351562,19.670000076293945,20.09000015258789,20.09000015258789,727800,USD,NYQ,America/New_York,Yahoo Finance
EFXT,2026-08-21,20.25,20.479999542236328,20.030000686645508,20.34000015258789,20.34000015258789,296900,USD,NYQ,America/New_York,Yahoo Finance
EFXT,2026-08-24,20.1200008392334,20.260000228881836,19.450000762939453,19.719999313354492,19.719999313354492,1077400,USD,NYQ,America/New_York,Yahoo Finance
EFXT,2026-08-25,19.770000457763672,19.989999771118164,19.540000915527344,19.719999313354492,19.719999313354492,721600,USD,NYQ,America/New_York,Yahoo Finance
EFXT,2026-08-26,19.479999542236328,20.15999984741211,19.280000686645508,19.8700008392334,19.8700008392334,433800,USD,NYQ,America/New_York,Yahoo Finance
EFXT,2026-08-27,19.790000915527344,20.899999618530273,19.540000915527344,20.799999237060547,20.799999237060547,524000,USD,NYQ,America/New_York,Yahoo Finance
EFXT,2026-08-28,20.790000915527344,20.790000915527344,19.969999313354492,20.0,20.0,288800,USD,NYQ,America/New_York,Yahoo Finance
EFXT,2026-08-31,20.1299991607666,20.450000762939453,19.979999542236328,20.399999618530273,20.399999618530273,496400,USD,NYQ,America/New_York,Yahoo Finance
EFXT,2026-09-01,20.469999313354492,20.559999465942383,19.979999542236328,20.360000610351562,20.360000610351562,1131300,USD,NYQ,America/New_York,Yahoo Finance
EFXT,2026-09-02,20.360000610351562,21.479999542236328,20.190000534057617,21.31999969482422,21.31999969482422,678000,USD,NYQ,America/New_York,Yahoo Finance
EFXT,2026-09-03,21.329999923706055,22.459999084472656,21.170000076293945,22.100000381469727,22.100000381469727,484400,USD,NYQ,America/New_York,Yahoo Finance
EFXT,2026-09-04,21.920000076293945,22.43000030517578,21.399999618530273,22.260000228881836,22.260000228881836,373800,USD,NYQ,America/New_York,Yahoo Finance
EFXT,2026-09-08,22.459999084472656,22.969999313354492,22.170000076293945,22.540000915527344,22.540000915527344,1392500,USD,NYQ,America/New_York,Yahoo Finance
EFXT,2026-09-09,22.81999969482422,23.260000228881836,22.34000015258789,22.56999969482422,22.56999969482422,247900,USD,NYQ,America/New_York,Yahoo Finance
EFXT,2026-09-10,22.6200008392334,22.6200008392334,22.020000457763672,22.329999923706055,22.329999923706055,424000,USD,NYQ,America/New_York,Yahoo Finance
EFXT,2026-09-11,22.520000457763672,22.940000534057617,22.190000534057617,22.920000076293945,22.920000076293945,364300,USD,NYQ,America/New_York,Yahoo Finance
EFXT,2026-09-14,22.360000610351562,22.8700008392334,21.799999237060547,22.15999984741211,22.15999984741211,749500,USD,NYQ,America/New_York,Yahoo Finance
EFXT,2026-09-15,22.1299991607666,22.440000534057617,21.719999313354492,22.399999618530273,22.399999618530273,406500,USD,NYQ,America/New_York,Yahoo Finance
EFXT,2026-09-16,22.280000686645508,23.079999923706055,22.18000030517578,22.360000610351562,22.360000610351562,535600,USD,NYQ,America/New_York,Yahoo Finance
EFXT,2026-09-17,22.510000228881836,22.989999771118164,22.3799991607666,22.770000457763672,22.770000457763672,364100,USD,NYQ,America/New_York,Yahoo Finance
EFXT,2026-09-18,22.600000381469727,22.979999542236328,22.450000762939453,22.739999771118164,22.739999771118164,314300,USD,NYQ,America/New_York,Yahoo Finance
EFXT,2026-09-21,22.649999618530273,22.729999542236328,22.209999084472656,22.43000030517578,22.43000030517578,369000,USD,NYQ,America/New_York,Yahoo Finance
EFXT,2026-09-22,22.1299991607666,23.100000381469727,21.90999984741211,22.389999389648438,22.389999389648438,353900,USD,NYQ,America/New_York,Yahoo Finance
EFXT,2026-09-23,22.59000015258789,23.280000686645508,22.31999969482422,23.110000610351562,23.110000610351562,404300,USD,NYQ,America/New_York,Yahoo Finance
EFXT,2026-09-24,23.229999542236328,23.65999984741211,22.940000534057617,23.25,23.25,363900,USD,NYQ,America/New_York,Yahoo Finance
EFXT,2026-09-25,23.149999618530273,23.690000534057617,22.860000610351562,23.56999969482422,23.56999969482422,595500,USD,NYQ,America/New_York,Yahoo Finance
EFXT,2026-09-28,23.75,24.1200008392334,23.510000228881836,23.6299991607666,23.6299991607666,907900,USD,NYQ,America/New_York,Yahoo Finance
ELPC,2026-08-17,10.550000190734863,10.654999732971191,10.475000381469727,10.600000381469727,10.600000381469727,454700,USD,NYQ,America/New_York,Yahoo Finance
ELPC,2026-08-18,10.579999923706055,10.71500015258789,10.510000228881836,10.510000228881836,10.510000228881836,576300,USD,NYQ,America/New_York,Yahoo Finance
ELPC,2026-08-19,10.8100004196167,10.835000038146973,10.59000015258789,10.59000015258789,10.59000015258789,469600,USD,NYQ,America/New_York,Yahoo Finance
ELPC,2026-08-20,10.600000381469727,10.859999656677246,10.595000267028809,10.770000457763672,10.770000457763672,436200,USD,NYQ,America/New_York,Yahoo Finance
ELPC,2026-08-21,10.890000343322754,11.119999885559082,10.890000343322754,11.010000228881836,11.010000228881836,489600,USD,NYQ,America/New_York,Yahoo Finance
ELPC,2026-08-24,10.880000114440918,11.220000267028809,10.880000114440918,11.220000267028809,11.220000267028809,412000,USD,NYQ,America/New_York,Yahoo Finance
ELPC,2026-08-25,11.220000267028809,11.430000305175781,11.114999771118164,11.420000076293945,11.420000076293945,360100,USD,NYQ,America/New_York,Yahoo Finance
ELPC,2026-08-26,11.4399995803833,11.449999809265137,11.270000457763672,11.289999961853027,11.289999961853027,368300,USD,NYQ,America/New_York,Yahoo Finance
ELPC,2026-08-27,11.319999694824219,11.350000381469727,11.220000267028809,11.25,11.25,429100,USD,NYQ,America/New_York,Yahoo Finance
ELPC,2026-08-28,11.25,11.289999961853027,11.039999961853027,11.239999771118164,11.239999771118164,410700,USD,NYQ,America/New_York,Yahoo Finance
ELPC,2026-08-31,11.470000267028809,11.520000457763672,11.345000267028809,11.470000267028809,11.470000267028809,852800,USD,NYQ,America/New_York,Yahoo Finance
ELPC,2026-09-01,11.520000457763672,11.9399995803833,11.520000457763672,11.760000228881836,11.760000228881836,523900,USD,NYQ,America/New_York,Yahoo Finance
ELPC,2026-09-02,11.949999809265137,12.3100004196167,11.949999809265137,12.239999771118164,12.239999771118164,558200,USD,NYQ,America/New_York,Yahoo Finance
ELPC,2026-09-03,12.390000343322754,12.4399995803833,12.324999809265137,12.390000343322754,12.390000343322754,316200,USD,NYQ,America/New_York,Yahoo Finance
ELPC,2026-09-04,12.180000305175781,12.329999923706055,12.180000305175781,12.260000228881836,12.260000228881836,332000,USD,NYQ,America/New_York,Yahoo Finance
ELPC,2026-09-08,12.569999694824219,12.6899995803833,12.449999809265137,12.520000457763672,12.520000457763672,407400,USD,NYQ,America/New_York,Yahoo Finance
ELPC,2026-09-09,12.470000267028809,12.529999732971191,12.295000076293945,12.449999809265137,12.449999809265137,386400,USD,NYQ,America/New_York,Yahoo Finance
ELPC,2026-09-10,12.319999694824219,12.795000076293945,12.319999694824219,12.710000038146973,12.710000038146973,610200,USD,NYQ,America/New_York,Yahoo Finance
ELPC,2026-09-11,12.670000076293945,12.680000305175781,12.385000228881836,12.479999542236328,12.479999542236328,349800,USD,NYQ,America/New_York,Yahoo Finance
ELPC,2026-09-14,12.069999694824219,12.449999809265137,12.03499984741211,12.359999656677246,12.359999656677246,528500,USD,NYQ,America/New_York,Yahoo Finance
ELPC,2026-09-15,12.380000114440918,12.5,12.359999656677246,12.369999885559082,12.369999885559082,365800,USD,NYQ,America/New_York,Yahoo Finance
ELPC,2026-09-16,12.369999885559082,12.635000228881836,12.3149995803833,12.569999694824219,12.569999694824219,628500,USD,NYQ,America/New_York,Yahoo Finance
ELPC,2026-09-17,12.550000190734863,12.579999923706055,12.270000457763672,12.550000190734863,12.550000190734863,436100,USD,NYQ,America/New_York,Yahoo Finance
ELPC,2026-09-18,12.460000038146973,12.5,12.359999656677246,12.470000267028809,12.470000267028809,418100,USD,NYQ,America/New_York,Yahoo Finance
ELPC,2026-09-21,12.670000076293945,12.739999771118164,12.569999694824219,12.65999984741211,12.65999984741211,339600,USD,NYQ,America/New_York,Yahoo Finance
ELPC,2026-09-22,12.520000457763672,12.718999862670898,12.520000457763672,12.710000038146973,12.710000038146973,603700,USD,NYQ,America/New_York,Yahoo Finance
ELPC,2026-09-23,12.600000381469727,12.630000114440918,12.21500015258789,12.25,12.25,633100,USD,NYQ,America/New_York,Yahoo Finance
ELPC,2026-09-24,12.199999809265137,12.25,12.029999732971191,12.079999923706055,12.079999923706055,603200,USD,NYQ,America/New_York,Yahoo Finance
ELPC,2026-09-25,12.079999923706055,12.25,11.975000381469727,12.239999771118164,12.239999771118164,593200,USD,NYQ,America/New_York,Yahoo Finance
ELPC,2026-09-28,12.020000457763672,12.149999618530273,11.970000267028809,12.050000190734863,12.050000190734863,385300,USD,NYQ,America/New_York,Yahoo Finance
ENTG,2026-08-17,162.0399932861328,166.1999969482422,160.9499969482422,163.08999633789062,163.08999633789062,1594800,USD,NMS,America/New_York,Yahoo Finance
ENTG,2026-08-18,153.47000122070312,155.27999877929688,148.00999450683594,150.27000427246094,150.27000427246094,4142200,USD,NMS,America/New_York,Yahoo Finance
ENTG,2026-08-19,152.52000427246094,153.3800048828125,141.41000366210938,144.27999877929688,144.27999877929688,2539200,USD,NMS,America/New_York,Yahoo Finance
ENTG,2026-08-20,144.11000061035156,145.72999572753906,141.5500030517578,144.6300048828125,144.6300048828125,1486300,USD,NMS,America/New_York,Yahoo Finance
ENTG,2026-08-21,145.63999938964844,146.25,142.0,143.66000366210938,143.66000366210938,1106300,USD,NMS,America/New_York,Yahoo Finance
ENTG,2026-08-24,139.75,139.75,134.49000549316406,138.25,138.25,2454700,USD,NMS,America/New_York,Yahoo Finance
ENTG,2026-08-25,141.47999572753906,141.52000427246094,137.22999572753906,138.8699951171875,138.8699951171875,1487700,USD,NMS,America/New_York,Yahoo Finance
ENTG,2026-08-26,139.88999938964844,142.7899932861328,139.17999267578125,142.4600067138672,142.4600067138672,1144600,USD,NMS,America/New_York,Yahoo Finance
ENTG,2026-08-27,145.8800048828125,147.1199951171875,142.52999877929688,145.30999755859375,145.30999755859375,1651100,USD,NMS,America/New_York,Yahoo Finance
ENTG,2026-08-28,145.2100067138672,145.2100067138672,133.57000732421875,134.9199981689453,134.9199981689453,3047200,USD,NMS,America/New_York,Yahoo Finance
ENTG,2026-08-31,136.0,136.49000549316406,134.32000732421875,135.2899932861328,135.2899932861328,2618800,USD,NMS,America/New_York,Yahoo Finance
ENTG,2026-09-01,131.16000366210938,132.27000427246094,126.70999908447266,129.50999450683594,129.50999450683594,3088500,USD,NMS,America/New_York,Yahoo Finance
ENTG,2026-09-02,129.66000366210938,132.19000244140625,126.61000061035156,131.30999755859375,131.30999755859375,1777800,USD,NMS,America/New_York,Yahoo Finance
ENTG,2026-09-03,128.58999633789062,131.1199951171875,125.77999877929688,130.6999969482422,130.6999969482422,1459000,USD,NMS,America/New_York,Yahoo Finance
ENTG,2026-09-04,133.72999572753906,139.4499969482422,132.33999633789062,138.74000549316406,138.74000549316406,1885000,USD,NMS,America/New_York,Yahoo Finance
ENTG,2026-09-08,140.97999572753906,143.69000244140625,139.47999572753906,141.08999633789062,141.08999633789062,1584800,USD,NMS,America/New_York,Yahoo Finance
ENTG,2026-09-09,140.49000549316406,143.11000061035156,139.39999389648438,143.02999877929688,143.02999877929688,1643300,USD,NMS,America/New_York,Yahoo Finance
ENTG,2026-09-10,137.63999938964844,139.5500030517578,136.0800018310547,137.39999389648438,137.39999389648438,2232400,USD,NMS,America/New_York,Yahoo Finance
ENTG,2026-09-11,139.4600067138672,141.7100067138672,138.52999877929688,140.3699951171875,140.3699951171875,1296900,USD,NMS,America/New_York,Yahoo Finance
ENTG,2026-09-14,129.38999938964844,132.67999267578125,128.13999938964844,128.52000427246094,128.52000427246094,3261400,USD,NMS,America/New_York,Yahoo Finance
ENTG,2026-09-15,130.94000244140625,130.94000244140625,126.62999725341797,129.63999938964844,129.63999938964844,1873400,USD,NMS,America/New_York,Yahoo Finance
ENTG,2026-09-16,131.9600067138672,132.80999755859375,127.5199966430664,130.1999969482422,130.1999969482422,1856200,USD,NMS,America/New_York,Yahoo Finance
ENTG,2026-09-17,133.8800048828125,135.14999389648438,132.5399932861328,134.6699981689453,134.6699981689453,1912300,USD,NMS,America/New_York,Yahoo Finance
ENTG,2026-09-18,136.9199981689453,142.41000366210938,135.6300048828125,142.25,142.25,3164700,USD,NMS,America/New_York,Yahoo Finance
ENTG,2026-09-21,144.5,144.52000427246094,140.14999389648438,143.13999938964844,143.13999938964844,3467900,USD,NMS,America/New_York,Yahoo Finance
ENTG,2026-09-22,141.4199981689453,151.22000122070312,140.61000061035156,151.11000061035156,151.11000061035156,2066900,USD,NMS,America/New_York,Yahoo Finance
ENTG,2026-09-23,149.77000427246094,152.3300018310547,147.30999755859375,150.92999267578125,150.92999267578125,1897700,USD,NMS,America/New_York,Yahoo Finance
ENTG,2026-09-24,146.2100067138672,148.97000122070312,143.80999755859375,148.6300048828125,148.6300048828125,1757700,USD,NMS,America/New_York,Yahoo Finance
ENTG,2026-09-25,148.8699951171875,153.60000610351562,148.0,151.88999938964844,151.88999938964844,1251400,USD,NMS,America/New_York,Yahoo Finance
ENTG,2026-09-28,150.57000732421875,151.22000122070312,145.3000030517578,150.6300048828125,150.6300048828125,1968400,USD,NMS,America/New_York,Yahoo Finance
EOSE,2026-08-17,4.0,4.050000190734863,3.869999885559082,3.930000066757202,3.930000066757202,22206500,USD,NCM,America/New_York,Yahoo Finance
EOSE,2026-08-18,3.75,3.869999885559082,3.640000104904175,3.6700000762939453,3.6700000762939453,20860900,USD,NCM,America/New_York,Yahoo Finance
EOSE,2026-08-19,3.6600000858306885,3.755000114440918,3.5,3.740000009536743,3.740000009536743,27179300,USD,NCM,America/New_York,Yahoo Finance
EOSE,2026-08-20,3.6700000762939453,3.6700000762939453,3.2799999713897705,3.4600000381469727,3.4600000381469727,36255600,USD,NCM,America/New_York,Yahoo Finance
EOSE,2026-08-21,3.5399999618530273,3.819999933242798,3.4800000190734863,3.809999942779541,3.809999942779541,28600100,USD,NCM,America/New_York,Yahoo Finance
EOSE,2026-08-24,3.690000057220459,3.694999933242798,3.380000114440918,3.4600000381469727,3.4600000381469727,27579000,USD,NCM,America/New_York,Yahoo Finance
EOSE,2026-08-25,3.559999942779541,3.630000114440918,3.440000057220459,3.5399999618530273,3.5399999618530273,23061300,USD,NCM,America/New_York,Yahoo Finance
EOSE,2026-08-26,3.494999885559082,3.5899999141693115,3.309999942779541,3.3399999141693115,3.3399999141693115,19848100,USD,NCM,America/New_York,Yahoo Finance
EOSE,2026-08-27,3.4800000190734863,3.549999952316284,3.390000104904175,3.4200000762939453,3.4200000762939453,14413200,USD,NCM,America/New_York,Yahoo Finance
EOSE,2026-08-28,3.369999885559082,3.424999952316284,3.240000009536743,3.259999990463257,3.259999990463257,15914200,USD,NCM,America/New_York,Yahoo Finance
EOSE,2026-08-31,3.2100000381469727,3.2799999713897705,3.180000066757202,3.2200000286102295,3.2200000286102295,12838400,USD,NCM,America/New_York,Yahoo Finance
EOSE,2026-09-01,3.134999990463257,3.1649999618530273,3.009999990463257,3.0399999618530273,3.0399999618530273,13626400,USD,NCM,America/New_York,Yahoo Finance
EOSE,2026-09-02,3.4149999618530273,3.684999942779541,3.2100000381469727,3.609999895095825,3.609999895095825,74685700,USD,NCM,America/New_York,Yahoo Finance
EOSE,2026-09-03,3.565000057220459,3.7100000381469727,3.4600000381469727,3.5,3.5,23375100,USD,NCM,America/New_York,Yahoo Finance
EOSE,2026-09-04,3.5199999809265137,3.9100000858306885,3.430000066757202,3.880000114440918,3.880000114440918,23978900,USD,NCM,America/New_York,Yahoo Finance
EOSE,2026-09-08,3.990000009536743,4.590000152587891,3.9700000286102295,4.300000190734863,4.300000190734863,46733300,USD,NCM,America/New_York,Yahoo Finance
EOSE,2026-09-09,4.179999828338623,4.28000020980835,4.054999828338623,4.150000095367432,4.150000095367432,24072900,USD,NCM,America/New_York,Yahoo Finance
EOSE,2026-09-10,3.9649999141693115,4.130000114440918,3.9100000858306885,3.990000009536743,3.990000009536743,21963200,USD,NCM,America/New_York,Yahoo Finance
EOSE,2026-09-11,4.050000190734863,4.130000114440918,3.9100000858306885,3.950000047683716,3.950000047683716,19625300,USD,NCM,America/New_York,Yahoo Finance
EOSE,2026-09-14,3.7699999809265137,3.9700000286102295,3.75,3.819999933242798,3.819999933242798,21171300,USD,NCM,America/New_York,Yahoo Finance
EOSE,2026-09-15,3.9000000953674316,4.184999942779541,3.8350000381469727,4.070000171661377,4.070000171661377,25466100,USD,NCM,America/New_York,Yahoo Finance
EOSE,2026-09-16,4.150000095367432,4.159999847412109,3.819999933242798,3.934999942779541,3.934999942779541,24764700,USD,NCM,America/New_York,Yahoo Finance
EOSE,2026-09-17,4.03000020980835,4.130000114440918,3.930000066757202,3.9800000190734863,3.9800000190734863,23686400,USD,NCM,America/New_York,Yahoo Finance
EOSE,2026-09-18,4.019999980926514,4.190000057220459,3.809999942779541,3.9600000381469727,3.9600000381469727,24874100,USD,NCM,America/New_York,Yahoo Finance
EOSE,2026-09-21,4.070000171661377,4.159999847412109,3.9800000190734863,4.070000171661377,4.070000171661377,26056000,USD,NCM,America/New_York,Yahoo Finance
EOSE,2026-09-22,4.139999866485596,4.349999904632568,4.050000190734863,4.059999942779541,4.059999942779541,26837100,USD,NCM,America/New_York,Yahoo Finance
EOSE,2026-09-23,3.990000009536743,3.990000009536743,3.559999942779541,3.5799999237060547,3.5799999237060547,31301300,USD,NCM,America/New_York,Yahoo Finance
EOSE,2026-09-24,3.500999927520752,3.509999990463257,3.1700000762939453,3.244999885559082,3.244999885559082,54301100,USD,NCM,America/New_York,Yahoo Finance
EOSE,2026-09-25,3.319999933242798,3.3299999237060547,3.1600000858306885,3.1649999618530273,3.1649999618530273,33530400,USD,NCM,America/New_York,Yahoo Finance
EOSE,2026-09-28,3.140000104904175,3.1700000762939453,3.009999990463257,3.069999933242798,3.069999933242798,25788400,USD,NCM,America/New_York,Yahoo Finance
ERIC,2026-08-17,10.260000228881836,10.270000457763672,10.15999984741211,10.170000076293945,10.170000076293945,7479600,USD,NMS,America/New_York,Yahoo Finance
ERIC,2026-08-18,10.140000343322754,10.229999542236328,10.079999923706055,10.09000015258789,10.09000015258789,4066100,USD,NMS,America/New_York,Yahoo Finance
ERIC,2026-08-19,10.239999771118164,10.25,10.119999885559082,10.149999618530273,10.149999618530273,5265900,USD,NMS,America/New_York,Yahoo Finance
ERIC,2026-08-20,10.130000114440918,10.1899995803833,10.100000381469727,10.109999656677246,10.109999656677246,5121400,USD,NMS,America/New_York,Yahoo Finance
ERIC,2026-08-21,10.199999809265137,10.229999542236328,10.140000343322754,10.220000267028809,10.220000267028809,3359000,USD,NMS,America/New_York,Yahoo Finance
ERIC,2026-08-24,10.180000305175781,10.229999542236328,10.130000114440918,10.15999984741211,10.15999984741211,4933700,USD,NMS,America/New_York,Yahoo Finance
ERIC,2026-08-25,10.279999732971191,10.390000343322754,10.25,10.380000114440918,10.380000114440918,3436600,USD,NMS,America/New_York,Yahoo Finance
ERIC,2026-08-26,10.25,10.25,9.960000038146973,10.0600004196167,10.0600004196167,19806100,USD,NMS,America/New_York,Yahoo Finance
ERIC,2026-08-27,10.130000114440918,10.149999618530273,9.979999542236328,10.079999923706055,10.079999923706055,20558100,USD,NMS,America/New_York,Yahoo Finance
ERIC,2026-08-28,10.09000015258789,10.100000381469727,9.899999618530273,9.949999809265137,9.949999809265137,6084200,USD,NMS,America/New_York,Yahoo Finance
ERIC,2026-08-31,10.029999732971191,10.109999656677246,10.0,10.09000015258789,10.09000015258789,5597000,USD,NMS,America/New_York,Yahoo Finance
ERIC,2026-09-01,10.100000381469727,10.130000114440918,10.0,10.0600004196167,10.0600004196167,16609000,USD,NMS,America/New_York,Yahoo Finance
ERIC,2026-09-02,9.960000038146973,10.0600004196167,9.920000076293945,10.039999961853027,10.039999961853027,7072200,USD,NMS,America/New_York,Yahoo Finance
ERIC,2026-09-03,10.119999885559082,10.170000076293945,10.050000190734863,10.130000114440918,10.130000114440918,5558600,USD,NMS,America/New_York,Yahoo Finance
ERIC,2026-09-04,10.15999984741211,10.199999809265137,10.09000015258789,10.100000381469727,10.100000381469727,4325800,USD,NMS,America/New_York,Yahoo Finance
ERIC,2026-09-08,10.09000015258789,10.15999984741211,10.039999961853027,10.069999694824219,10.069999694824219,5672000,USD,NMS,America/New_York,Yahoo Finance
ERIC,2026-09-09,10.15999984741211,10.199999809265137,10.020000457763672,10.0600004196167,10.0600004196167,5193700,USD,NMS,America/New_York,Yahoo Finance
ERIC,2026-09-10,9.930000305175781,10.0600004196167,9.90999984741211,10.010000228881836,10.010000228881836,5539600,USD,NMS,America/New_York,Yahoo Finance
ERIC,2026-09-11,10.079999923706055,10.34000015258789,10.069999694824219,10.3100004196167,10.3100004196167,13633700,USD,NMS,America/New_York,Yahoo Finance
ERIC,2026-09-14,10.100000381469727,10.140000343322754,10.010000228881836,10.050000190734863,10.050000190734863,6952400,USD,NMS,America/New_York,Yahoo Finance
ERIC,2026-09-15,9.949999809265137,10.109999656677246,9.9399995803833,10.039999961853027,10.039999961853027,9175500,USD,NMS,America/New_York,Yahoo Finance
ERIC,2026-09-16,10.130000114440918,10.180000305175781,9.949999809265137,10.029999732971191,10.029999732971191,6500500,USD,NMS,America/New_York,Yahoo Finance
ERIC,2026-09-17,10.329999923706055,10.4399995803833,10.260000228881836,10.289999961853027,10.289999961853027,6713800,USD,NMS,America/New_York,Yahoo Finance
ERIC,2026-09-18,10.270000457763672,10.289999961853027,10.0600004196167,10.170000076293945,10.170000076293945,9834200,USD,NMS,America/New_York,Yahoo Finance
ERIC,2026-09-21,10.260000228881836,10.260000228881836,10.119999885559082,10.25,10.25,5014200,USD,NMS,America/New_York,Yahoo Finance
ERIC,2026-09-22,9.710000038146973,9.890000343322754,9.649999618530273,9.819999694824219,9.819999694824219,8517000,USD,NMS,America/New_York,Yahoo Finance
ERIC,2026-09-23,9.789999961853027,9.850000381469727,9.720000267028809,9.729999542236328,9.729999542236328,8002400,USD,NMS,America/New_York,Yahoo Finance
ERIC,2026-09-24,9.529999732971191,9.609999656677246,9.449999809265137,9.510000228881836,9.510000228881836,6286200,USD,NMS,America/New_York,Yahoo Finance
ERIC,2026-09-25,9.600000381469727,9.619999885559082,9.510000228881836,9.529999732971191,9.529999732971191,7904400,USD,NMS,America/New_York,Yahoo Finance
ERIC,2026-09-28,9.569999694824219,9.569999694824219,9.359999656677246,9.420000076293945,9.420000076293945,10718100,USD,NMS,America/New_York,Yahoo Finance
EURC-USD,2026-09-04,1.1625449657440186,1.1636830568313599,1.1594140529632568,1.1610709428787231,1.1610709428787231,50837540,USD,CCC,UTC,Yahoo Finance
EURC-USD,2026-09-05,1.1610610485076904,1.1617889404296875,1.1596169471740723,1.160776972770691,1.160776972770691,14985084,USD,CCC,UTC,Yahoo Finance
EURC-USD,2026-09-06,1.1607880592346191,1.1616289615631104,1.1593799591064453,1.1612520217895508,1.1612520217895508,18911310,USD,CCC,UTC,Yahoo Finance
EURC-USD,2026-09-07,1.161255955696106,1.1633950471878052,1.159688949584961,1.1621359586715698,1.1621359586715698,35130447,USD,CCC,UTC,Yahoo Finance
EURC-USD,2026-09-08,1.162155032157898,1.1633529663085938,1.1598320007324219,1.162580966949463,1.162580966949463,51151440,USD,CCC,UTC,Yahoo Finance
EURC-USD,2026-09-09,1.16258704662323,1.1658029556274414,1.1609430313110352,1.1625479459762573,1.1625479459762573,55218930,USD,CCC,UTC,Yahoo Finance
EURC-USD,2026-09-10,1.162546992301941,1.163923978805542,1.15910005569458,1.1608370542526245,1.1608370542526245,54815717,USD,CCC,UTC,Yahoo Finance
EURC-USD,2026-09-11,1.1608500480651855,1.1619219779968262,1.1564569473266602,1.1591509580612183,1.1591509580612183,73689402,USD,CCC,UTC,Yahoo Finance
EURC-USD,2026-09-12,1.1591509580612183,1.1601190567016602,1.1582289934158325,1.158944010734558,1.158944010734558,17128278,USD,CCC,UTC,Yahoo Finance
EURC-USD,2026-09-13,1.1589419841766357,1.1606839895248413,1.1586929559707642,1.1593810319900513,1.1593810319900513,35013319,USD,CCC,UTC,Yahoo Finance
EURC-USD,2026-09-14,1.1591039896011353,1.1595230102539062,1.152748942375183,1.1551100015640259,1.1551100015640259,71590175,USD,CCC,UTC,Yahoo Finance
EURC-USD,2026-09-15,1.1551100015640259,1.1564069986343384,1.1528730392456055,1.1536810398101807,1.1536810398101807,73288598,USD,CCC,UTC,Yahoo Finance
EURC-USD,2026-09-16,1.1536890268325806,1.155032992362976,1.144934058189392,1.1462509632110596,1.1462509632110596,56674901,USD,CCC,UTC,Yahoo Finance
EURC-USD,2026-09-17,1.1463170051574707,1.1491880416870117,1.1452569961547852,1.147631049156189,1.147631049156189,47908754,USD,CCC,UTC,Yahoo Finance
EURC-USD,2026-09-18,1.1476279497146606,1.1497509479522705,1.1450649499893188,1.1495929956436157,1.1495929956436157,70123606,USD,CCC,UTC,Yahoo Finance
EURC-USD,2026-09-19,1.1495929956436157,1.1504340171813965,1.1483689546585083,1.149793028831482,1.149793028831482,25107091,USD,CCC,UTC,Yahoo Finance
EURC-USD,2026-09-20,1.1498140096664429,1.1504950523376465,1.147070050239563,1.1481629610061646,1.1481629610061646,32161199,USD,CCC,UTC,Yahoo Finance
EURC-USD,2026-09-21,1.148169994354248,1.1489759683609009,1.145048975944519,1.1461189985275269,1.1461189985275269,78705065,USD,CCC,UTC,Yahoo Finance
EURC-USD,2026-09-22,1.1461189985275269,1.1478259563446045,1.1427539587020874,1.144534945487976,1.144534945487976,63028575,USD,CCC,UTC,Yahoo Finance
EURC-USD,2026-09-23,1.1445319652557373,1.144685983657837,1.136834979057312,1.1375080347061157,1.1375080347061157,61475982,USD,CCC,UTC,Yahoo Finance
EURC-USD,2026-09-24,1.1375080347061157,1.1394929885864258,1.1352219581604004,1.1375919580459595,1.1375919580459595,59037971,USD,CCC,UTC,Yahoo Finance
EURC-USD,2026-09-25,1.1375960111618042,1.1405270099639893,1.1362049579620361,1.139158010482788,1.139158010482788,50282832,USD,CCC,UTC,Yahoo Finance
EURC-USD,2026-09-26,1.1391550302505493,1.139564037322998,1.1377010345458984,1.1379280090332031,1.1379280090332031,12332042,USD,CCC,UTC,Yahoo Finance
EURC-USD,2026-09-27,1.1379849910736084,1.1397579908370972,1.1373120546340942,1.1375579833984375,1.1375579833984375,22280063,USD,CCC,UTC,Yahoo Finance
EURC-USD,2026-09-28,1.1377099752426147,1.1393150091171265,1.1356220245361328,1.1368210315704346,1.1368210315704346,68687360,USD,CCC,UTC,Yahoo Finance
EURC-USD,2026-09-29,1.1368210315704346,1.1374579668045044,1.131235957145691,1.1340060234069824,1.1340060234069824,52378119,USD,CCC,UTC,Yahoo Finance
EURC-USD,2026-09-30,1.1340240240097046,1.1373660564422607,1.132135033607483,1.1334259510040283,1.1334259510040283,64899693,USD,CCC,UTC,Yahoo Finance
EURC-USD,2026-10-01,1.1334259510040283,1.1337560415267944,1.1219420433044434,1.1244080066680908,1.1244080066680908,74440286,USD,CCC,UTC,Yahoo Finance
EURC-USD,2026-10-02,1.124403953552246,1.1286309957504272,1.1222529411315918,1.124487042427063,1.124487042427063,71103685,USD,CCC,UTC,Yahoo Finance
EURC-USD,2026-10-03,1.1244820356369019,1.1252830028533936,1.123731017112732,1.1240949630737305,1.1240949630737305,14081026,USD,CCC,UTC,Yahoo Finance
EXG,2026-08-17,9.979999542236328,10.029999732971191,9.949999809265137,10.0,9.931818008422852,552200,USD,NYQ,America/New_York,Yahoo Finance
EXG,2026-08-18,9.970000267028809,9.970000267028809,9.84000015258789,9.850000381469727,9.782841682434082,607900,USD,NYQ,America/New_York,Yahoo Finance
EXG,2026-08-19,9.880000114440918,9.899999618530273,9.850000381469727,9.899999618530273,9.832499504089355,264400,USD,NYQ,America/New_York,Yahoo Finance
EXG,2026-08-20,9.829999923706055,9.899999618530273,9.8100004196167,9.84000015258789,9.772909164428711,262900,USD,NYQ,America/New_York,Yahoo Finance
EXG,2026-08-21,9.880000114440918,9.930000305175781,9.84000015258789,9.90999984741211,9.842432022094727,335000,USD,NYQ,America/New_York,Yahoo Finance
EXG,2026-08-24,9.850000381469727,9.90999984741211,9.850000381469727,9.869999885559082,9.802704811096191,275800,USD,NYQ,America/New_York,Yahoo Finance
EXG,2026-08-25,9.9399995803833,9.960000038146973,9.90999984741211,9.949999809265137,9.882159233093262,268900,USD,NYQ,America/New_York,Yahoo Finance
EXG,2026-08-26,9.949999809265137,9.949999809265137,9.899999618530273,9.949999809265137,9.882159233093262,228500,USD,NYQ,America/New_York,Yahoo Finance
EXG,2026-08-27,9.930000305175781,9.979999542236328,9.920000076293945,9.979999542236328,9.911953926086426,358200,USD,NYQ,America/New_York,Yahoo Finance
EXG,2026-08-28,10.0,10.039999961853027,9.979999542236328,10.039999961853027,9.971545219421387,355900,USD,NYQ,America/New_York,Yahoo Finance
EXG,2026-08-31,10.0600004196167,10.079999923706055,9.960000038146973,9.989999771118164,9.921886444091797,538800,USD,NYQ,America/New_York,Yahoo Finance
EXG,2026-09-01,9.9399995803833,9.979999542236328,9.850000381469727,9.850000381469727,9.782841682434082,320400,USD,NYQ,America/New_York,Yahoo Finance
EXG,2026-09-02,9.890000343322754,9.979999542236328,9.859999656677246,9.970000267028809,9.902023315429688,402800,USD,NYQ,America/New_York,Yahoo Finance
EXG,2026-09-03,10.010000228881836,10.029999732971191,9.949999809265137,10.0,9.931818008422852,364600,USD,NYQ,America/New_York,Yahoo Finance
EXG,2026-09-04,10.0,10.010000228881836,9.9399995803833,10.0,9.931818008422852,257900,USD,NYQ,America/New_York,Yahoo Finance
EXG,2026-09-08,10.0,10.029999732971191,9.920000076293945,9.9399995803833,9.87222671508789,372300,USD,NYQ,America/New_York,Yahoo Finance
EXG,2026-09-09,9.890000343322754,9.890000343322754,9.770000457763672,9.789999961853027,9.723250389099121,429100,USD,NYQ,America/New_York,Yahoo Finance
EXG,2026-09-10,9.680000305175781,9.75,9.640000343322754,9.670000076293945,9.604068756103516,446700,USD,NYQ,America/New_York,Yahoo Finance
EXG,2026-09-11,9.720000267028809,9.880000114440918,9.680000305175781,9.699999809265137,9.63386344909668,466900,USD,NYQ,America/New_York,Yahoo Finance
EXG,2026-09-14,9.670000076293945,9.710000038146973,9.600000381469727,9.680000305175781,9.61400032043457,487600,USD,NYQ,America/New_York,Yahoo Finance
EXG,2026-09-15,9.630000114440918,9.640000343322754,9.529999732971191,9.579999923706055,9.579999923706055,407700,USD,NYQ,America/New_York,Yahoo Finance
EXG,2026-09-16,9.630000114440918,9.670000076293945,9.470000267028809,9.510000228881836,9.510000228881836,382000,USD,NYQ,America/New_York,Yahoo Finance
EXG,2026-09-17,9.579999923706055,9.699999809265137,9.550000190734863,9.59000015258789,9.59000015258789,294700,USD,NYQ,America/New_York,Yahoo Finance
EXG,2026-09-18,9.619999885559082,9.729999542236328,9.5600004196167,9.619999885559082,9.619999885559082,316400,USD,NYQ,America/New_York,Yahoo Finance
EXG,2026-09-21,9.6899995803833,9.6899995803833,9.630000114440918,9.65999984741211,9.65999984741211,302700,USD,NYQ,America/New_York,Yahoo Finance
EXG,2026-09-22,9.6899995803833,9.699999809265137,9.640000343322754,9.699999809265137,9.699999809265137,250700,USD,NYQ,America/New_York,Yahoo Finance
EXG,2026-09-23,9.6899995803833,9.710000038146973,9.539999961853027,9.5600004196167,9.5600004196167,273100,USD,NYQ,America/New_York,Yahoo Finance
EXG,2026-09-24,9.5,9.529999732971191,9.449999809265137,9.520000457763672,9.520000457763672,294600,USD,NYQ,America/New_York,Yahoo Finance
EXG,2026-09-25,9.579999923706055,9.600000381469727,9.489999771118164,9.579999923706055,9.579999923706055,396100,USD,NYQ,America/New_York,Yahoo Finance
EXG,2026-09-28,9.569999694824219,9.569999694824219,9.430000305175781,9.449999809265137,9.449999809265137,513600,USD,NYQ,America/New_York,Yahoo Finance
EYE,2026-08-17,19.110000610351562,19.34000015258789,18.440000534057617,18.469999313354492,18.469999313354492,1392900,USD,NMS,America/New_York,Yahoo Finance
EYE,2026-08-18,18.579999923706055,19.219999313354492,18.450000762939453,18.799999237060547,18.799999237060547,1954700,USD,NMS,America/New_York,Yahoo Finance
EYE,2026-08-19,18.940000534057617,19.510000228881836,18.649999618530273,18.920000076293945,18.920000076293945,2170200,USD,NMS,America/New_York,Yahoo Finance
EYE,2026-08-20,18.510000228881836,18.680999755859375,18.024999618530273,18.389999389648438,18.389999389648438,1331600,USD,NMS,America/New_York,Yahoo Finance
EYE,2026-08-21,18.540000915527344,18.540000915527344,17.700000762939453,17.8799991607666,17.8799991607666,2297600,USD,NMS,America/New_York,Yahoo Finance
EYE,2026-08-24,18.059999465942383,18.690000534057617,17.920000076293945,18.229999542236328,18.229999542236328,2431500,USD,NMS,America/New_York,Yahoo Finance
EYE,2026-08-25,18.139999389648438,18.969999313354492,17.8700008392334,18.690000534057617,18.690000534057617,2808100,USD,NMS,America/New_York,Yahoo Finance
EYE,2026-08-26,18.75,19.010000228881836,18.540000915527344,18.670000076293945,18.670000076293945,2652000,USD,NMS,America/New_York,Yahoo Finance
EYE,2026-08-27,18.440000534057617,18.719999313354492,17.600000381469727,17.8700008392334,17.8700008392334,1648700,USD,NMS,America/New_York,Yahoo Finance
EYE,2026-08-28,17.889999389648438,18.325000762939453,17.31999969482422,17.3799991607666,17.3799991607666,1660000,USD,NMS,America/New_York,Yahoo Finance
EYE,2026-08-31,17.530000686645508,17.959999084472656,17.020000457763672,17.079999923706055,17.079999923706055,2394600,USD,NMS,America/New_York,Yahoo Finance
EYE,2026-09-01,17.06999969482422,17.469999313354492,16.639999389648438,16.690000534057617,16.690000534057617,2179000,USD,NMS,America/New_York,Yahoo Finance
EYE,2026-09-02,16.739999771118164,17.110000610351562,16.700000762939453,16.81999969482422,16.81999969482422,2608600,USD,NMS,America/New_York,Yahoo Finance
EYE,2026-09-03,17.020000457763672,17.290000915527344,16.44099998474121,16.8700008392334,16.8700008392334,2051600,USD,NMS,America/New_York,Yahoo Finance
EYE,2026-09-04,16.809999465942383,17.219999313354492,16.625,16.739999771118164,16.739999771118164,1004700,USD,NMS,America/New_York,Yahoo Finance
EYE,2026-09-08,16.709999084472656,17.110000610351562,16.479999542236328,17.0,17.0,2075600,USD,NMS,America/New_York,Yahoo Finance
EYE,2026-09-09,16.709999084472656,17.209999084472656,16.485000610351562,17.1200008392334,17.1200008392334,1701900,USD,NMS,America/New_York,Yahoo Finance
EYE,2026-09-10,17.06999969482422,17.65999984741211,16.93000030517578,17.1299991607666,17.1299991607666,2412400,USD,NMS,America/New_York,Yahoo Finance
EYE,2026-09-11,17.389999389648438,17.770000457763672,17.219999313354492,17.290000915527344,17.290000915527344,2659000,USD,NMS,America/New_York,Yahoo Finance
EYE,2026-09-14,17.280000686645508,17.625,17.040000915527344,17.510000228881836,17.510000228881836,2312600,USD,NMS,America/New_York,Yahoo Finance
EYE,2026-09-15,17.43000030517578,17.43000030517578,15.8100004196167,15.850000381469727,15.850000381469727,2472600,USD,NMS,America/New_York,Yahoo Finance
EYE,2026-09-16,16.059999465942383,17.059999465942383,16.049999237060547,16.450000762939453,16.450000762939453,2841400,USD,NMS,America/New_York,Yahoo Finance
EYE,2026-09-17,16.520000457763672,16.93000030517578,15.960000038146973,16.8700008392334,16.8700008392334,2109900,USD,NMS,America/New_York,Yahoo Finance
EYE,2026-09-18,16.81999969482422,16.93000030517578,16.584999084472656,16.875,16.875,5105900,USD,NMS,America/New_York,Yahoo Finance
EYE,2026-09-21,17.049999237060547,17.1200008392334,16.43000030517578,16.450000762939453,16.450000762939453,1646600,USD,NMS,America/New_York,Yahoo Finance
EYE,2026-09-22,16.799999237060547,17.0,15.949999809265137,16.600000381469727,16.600000381469727,5102000,USD,NMS,America/New_York,Yahoo Finance
EYE,2026-09-23,16.479999542236328,16.815000534057617,16.020000457763672,16.360000610351562,16.360000610351562,2390000,USD,NMS,America/New_York,Yahoo Finance
EYE,2026-09-24,16.520000457763672,16.709999084472656,16.139999389648438,16.40999984741211,16.40999984741211,1721200,USD,NMS,America/New_York,Yahoo Finance
EYE,2026-09-25,16.56999969482422,16.809999465942383,16.40999984741211,16.530000686645508,16.530000686645508,1337400,USD,NMS,America/New_York,Yahoo Finance
EYE,2026-09-28,16.3799991607666,16.6200008392334,15.90999984741211,16.1200008392334,16.1200008392334,2376000,USD,NMS,America/New_York,Yahoo Finance
FBP,2026-08-17,29.579999923706055,29.8799991607666,29.530000686645508,29.540000915527344,29.32990074157715,894000,USD,NYQ,America/New_York,Yahoo Finance
FBP,2026-08-18,29.649999618530273,29.729999542236328,29.270000457763672,29.360000610351562,29.151180267333984,1024100,USD,NYQ,America/New_York,Yahoo Finance
FBP,2026-08-19,29.350000381469727,29.579999923706055,28.3700008392334,28.459999084472656,28.257579803466797,1597400,USD,NYQ,America/New_York,Yahoo Finance
FBP,2026-08-20,28.3700008392334,28.600000381469727,28.219999313354492,28.219999313354492,28.019287109375,1065100,USD,NYQ,America/New_York,Yahoo Finance
FBP,2026-08-21,28.440000534057617,28.719999313354492,28.170000076293945,28.520000457763672,28.317155838012695,1133900,USD,NYQ,America/New_York,Yahoo Finance
FBP,2026-08-24,28.489999771118164,28.729999542236328,28.219999313354492,28.229999542236328,28.029216766357422,761200,USD,NYQ,America/New_York,Yahoo Finance
FBP,2026-08-25,28.260000228881836,28.260000228881836,28.0,28.0,27.800853729248047,797200,USD,NYQ,America/New_York,Yahoo Finance
FBP,2026-08-26,28.1200008392334,28.280000686645508,27.920000076293945,28.1200008392334,27.920000076293945,887500,USD,NYQ,America/New_York,Yahoo Finance
FBP,2026-08-27,27.709999084472656,27.899999618530273,27.579999923706055,27.709999084472656,27.709999084472656,1224000,USD,NYQ,America/New_York,Yahoo Finance
FBP,2026-08-28,27.530000686645508,28.09000015258789,27.530000686645508,28.010000228881836,28.010000228881836,1255100,USD,NYQ,America/New_York,Yahoo Finance
FBP,2026-08-31,28.0,28.059999465942383,27.790000915527344,27.8799991607666,27.8799991607666,1404200,USD,NYQ,America/New_York,Yahoo Finance
FBP,2026-09-01,27.770000457763672,28.190000534057617,27.649999618530273,27.850000381469727,27.850000381469727,1361500,USD,NYQ,America/New_York,Yahoo Finance
FBP,2026-09-02,28.06999969482422,28.639999389648438,27.920000076293945,28.420000076293945,28.420000076293945,1304200,USD,NYQ,America/New_York,Yahoo Finance
FBP,2026-09-03,28.469999313354492,28.770000457763672,28.1200008392334,28.450000762939453,28.450000762939453,814400,USD,NYQ,America/New_York,Yahoo Finance
FBP,2026-09-04,28.420000076293945,28.65999984741211,28.420000076293945,28.510000228881836,28.510000228881836,675100,USD,NYQ,America/New_York,Yahoo Finance
FBP,2026-09-08,28.40999984741211,28.56999969482422,28.020000457763672,28.079999923706055,28.079999923706055,1201000,USD,NYQ,America/New_York,Yahoo Finance
FBP,2026-09-09,27.8799991607666,28.100000381469727,27.719999313354492,27.780000686645508,27.780000686645508,1405100,USD,NYQ,America/New_York,Yahoo Finance
FBP,2026-09-10,27.81999969482422,27.81999969482422,27.350000381469727,27.739999771118164,27.739999771118164,1089200,USD,NYQ,America/New_York,Yahoo Finance
FBP,2026-09-11,28.040000915527344,28.1299991607666,27.450000762939453,27.690000534057617,27.690000534057617,1282700,USD,NYQ,America/New_York,Yahoo Finance
FBP,2026-09-14,27.690000534057617,28.15999984741211,27.690000534057617,28.149999618530273,28.149999618530273,1654100,USD,NYQ,America/New_York,Yahoo Finance
FBP,2026-09-15,28.100000381469727,28.43000030517578,27.940000534057617,28.110000610351562,28.110000610351562,1241200,USD,NYQ,America/New_York,Yahoo Finance
FBP,2026-09-16,28.09000015258789,28.100000381469727,27.110000610351562,27.649999618530273,27.649999618530273,1677500,USD,NYQ,America/New_York,Yahoo Finance
FBP,2026-09-17,27.860000610351562,27.93000030517578,27.489999771118164,27.520000457763672,27.520000457763672,1149600,USD,NYQ,America/New_York,Yahoo Finance
FBP,2026-09-18,27.489999771118164,27.6200008392334,27.270000457763672,27.579999923706055,27.579999923706055,5000400,USD,NYQ,America/New_York,Yahoo Finance
FBP,2026-09-21,27.709999084472656,27.780000686645508,27.459999084472656,27.459999084472656,27.459999084472656,894000,USD,NYQ,America/New_York,Yahoo Finance
FBP,2026-09-22,27.56999969482422,27.65999984741211,26.889999389648438,26.90999984741211,26.90999984741211,1524000,USD,NYQ,America/New_York,Yahoo Finance
FBP,2026-09-23,26.8700008392334,27.040000915527344,26.670000076293945,26.690000534057617,26.690000534057617,1272800,USD,NYQ,America/New_York,Yahoo Finance
FBP,2026-09-24,26.799999237060547,26.950000762939453,26.549999237060547,26.790000915527344,26.790000915527344,1185500,USD,NYQ,America/New_York,Yahoo Finance
FBP,2026-09-25,26.850000381469727,27.239999771118164,26.799999237060547,27.059999465942383,27.059999465942383,1086500,USD,NYQ,America/New_York,Yahoo Finance
FBP,2026-09-28,27.18000030517578,27.18000030517578,26.719999313354492,26.760000228881836,26.760000228881836,1080800,USD,NYQ,America/New_York,Yahoo Finance
FDX,2026-08-17,334.760009765625,340.0899963378906,331.4200134277344,331.489990234375,330.1937561035156,1469200,USD,NYQ,America/New_York,Yahoo Finance
FDX,2026-08-18,333.3800048828125,334.1499938964844,328.0400085449219,328.3800048828125,327.0959167480469,1072100,USD,NYQ,America/New_York,Yahoo Finance
FDX,2026-08-19,330.95001220703125,338.0400085449219,327.05999755859375,328.3800048828125,327.0959167480469,1295600,USD,NYQ,America/New_York,Yahoo Finance
FDX,2026-08-20,326.1700134277344,333.2300109863281,325.3800048828125,326.0400085449219,324.76507568359375,1666000,USD,NYQ,America/New_York,Yahoo Finance
FDX,2026-08-21,328.29998779296875,330.6300048828125,324.6600036621094,325.0799865722656,323.8088073730469,1776700,USD,NYQ,America/New_York,Yahoo Finance
FDX,2026-08-24,325.0,334.3699951171875,324.29998779296875,334.04998779296875,332.7437438964844,1489800,USD,NYQ,America/New_York,Yahoo Finance
FDX,2026-08-25,336.9700012207031,336.9700012207031,328.8699951171875,333.7099914550781,332.4050598144531,1096900,USD,NYQ,America/New_York,Yahoo Finance
FDX,2026-08-26,333.82000732421875,340.8299865722656,330.4100036621094,335.989990234375,334.6761474609375,1169700,USD,NYQ,America/New_York,Yahoo Finance
FDX,2026-08-27,333.45001220703125,335.0299987792969,331.20001220703125,331.4100036621094,330.11407470703125,815000,USD,NYQ,America/New_York,Yahoo Finance
FDX,2026-08-28,332.3800048828125,334.0799865722656,328.8299865722656,330.8800048828125,329.5861511230469,956900,USD,NYQ,America/New_York,Yahoo Finance
FDX,2026-08-31,328.6499938964844,329.57000732421875,324.70001220703125,327.3999938964844,326.1197509765625,1900200,USD,NYQ,America/New_York,Yahoo Finance
FDX,2026-09-01,327.5400085449219,330.4800109863281,319.3599853515625,324.8800048828125,323.609619140625,1813600,USD,NYQ,America/New_York,Yahoo Finance
FDX,2026-09-02,325.4599914550781,325.6199951171875,315.8699951171875,316.5400085449219,315.3022155761719,1279700,USD,NYQ,America/New_York,Yahoo Finance
FDX,2026-09-03,318.69000244140625,324.44000244140625,315.3299865722656,324.30999755859375,323.0418395996094,2529200,USD,NYQ,America/New_York,Yahoo Finance
FDX,2026-09-04,323.75,325.04998779296875,321.0899963378906,322.5199890136719,321.2588195800781,1971800,USD,NYQ,America/New_York,Yahoo Finance
FDX,2026-09-08,320.0,321.1499938964844,314.05999755859375,314.1300048828125,312.9016418457031,1677200,USD,NYQ,America/New_York,Yahoo Finance
FDX,2026-09-09,311.8599853515625,313.0,308.5799865722656,309.19000244140625,307.98095703125,1350800,USD,NYQ,America/New_York,Yahoo Finance
FDX,2026-09-10,307.69000244140625,313.8399963378906,306.7900085449219,311.79998779296875,310.58074951171875,1017200,USD,NYQ,America/New_York,Yahoo Finance
FDX,2026-09-11,315.44000244140625,315.44000244140625,308.67999267578125,311.989990234375,310.7699890136719,1194000,USD,NYQ,America/New_York,Yahoo Finance
FDX,2026-09-14,311.6700134277344,313.4599914550781,309.79998779296875,312.57000732421875,312.57000732421875,1061600,USD,NYQ,America/New_York,Yahoo Finance
FDX,2026-09-15,313.32000732421875,314.04998779296875,307.07000732421875,308.260009765625,308.260009765625,1029200,USD,NYQ,America/New_York,Yahoo Finance
FDX,2026-09-16,307.95001220703125,307.95001220703125,299.3800048828125,301.7200012207031,301.7200012207031,1578700,USD,NYQ,America/New_York,Yahoo Finance
FDX,2026-09-17,307.70001220703125,309.260009765625,304.95001220703125,305.8800048828125,305.8800048828125,1252400,USD,NYQ,America/New_York,Yahoo Finance
FDX,2026-09-18,305.4100036621094,306.6300048828125,301.989990234375,303.6499938964844,303.6499938964844,3028700,USD,NYQ,America/New_York,Yahoo Finance
FDX,2026-09-21,303.17999267578125,303.17999267578125,291.25,295.7900085449219,295.7900085449219,2184200,USD,NYQ,America/New_York,Yahoo Finance
FDX,2026-09-22,298.489990234375,298.5,294.0799865722656,295.94000244140625,295.94000244140625,1434500,USD,NYQ,America/New_York,Yahoo Finance
FDX,2026-09-23,295.010009765625,295.989990234375,291.3900146484375,291.5,291.5,1628600,USD,NYQ,America/New_York,Yahoo Finance
FDX,2026-09-24,290.5,291.4700012207031,279.3399963378906,279.5400085449219,279.5400085449219,2574500,USD,NYQ,America/New_York,Yahoo Finance
FDX,2026-09-25,281.0,286.6000061035156,279.2300109863281,285.8500061035156,285.8500061035156,2025500,USD,NYQ,America/New_York,Yahoo Finance
FDX,2026-09-28,285.8500061035156,289.79998779296875,283.20001220703125,289.6499938964844,289.6499938964844,1890100,USD,NYQ,America/New_York,Yahoo Finance
FICO,2026-08-17,1087.510009765625,1093.5799560546875,1060.0,1064.4100341796875,1064.4100341796875,232400,USD,NYQ,America/New_York,Yahoo Finance
FICO,2026-08-18,1072.7900390625,1098.31005859375,1070.0,1078.1199951171875,1078.1199951171875,215400,USD,NYQ,America/New_York,Yahoo Finance
FICO,2026-08-19,1095.5999755859375,1176.0999755859375,1089.4100341796875,1161.5899658203125,1161.5899658203125,358100,USD,NYQ,America/New_York,Yahoo Finance
FICO,2026-08-20,1165.8199462890625,1178.6500244140625,1135.1800537109375,1149.75,1149.75,263500,USD,NYQ,America/New_York,Yahoo Finance
FICO,2026-08-21,1149.75,1188.800048828125,1148.8800048828125,1172.6700439453125,1172.6700439453125,293200,USD,NYQ,America/New_York,Yahoo Finance
FICO,2026-08-24,1170.6099853515625,1181.43994140625,1156.0,1166.4000244140625,1166.4000244140625,297700,USD,NYQ,America/New_York,Yahoo Finance
FICO,2026-08-25,1157.0899658203125,1170.219970703125,1133.1600341796875,1137.1400146484375,1137.1400146484375,189800,USD,NYQ,America/New_York,Yahoo Finance
FICO,2026-08-26,1120.0,1145.8900146484375,1104.31005859375,1133.699951171875,1133.699951171875,135500,USD,NYQ,America/New_York,Yahoo Finance
FICO,2026-08-27,1137.52001953125,1175.4100341796875,1136.489990234375,1157.06005859375,1157.06005859375,183000,USD,NYQ,America/New_York,Yahoo Finance
FICO,2026-08-28,1161.0,1177.0,1150.0,1153.5699462890625,1153.5699462890625,157600,USD,NYQ,America/New_York,Yahoo Finance
FICO,2026-08-31,1136.27001953125,1158.2900390625,1132.0,1147.2099609375,1147.2099609375,242900,USD,NYQ,America/New_York,Yahoo Finance
FICO,2026-09-01,1135.9300537109375,1135.9300537109375,1086.0,1103.6800537109375,1103.6800537109375,252900,USD,NYQ,America/New_York,Yahoo Finance
FICO,2026-09-02,1087.1199951171875,1109.989990234375,1087.1199951171875,1099.449951171875,1099.449951171875,165500,USD,NYQ,America/New_York,Yahoo Finance
FICO,2026-09-03,1114.550048828125,1150.8399658203125,1099.0,1118.9300537109375,1118.9300537109375,203200,USD,NYQ,America/New_York,Yahoo Finance
FICO,2026-09-04,934.3900146484375,954.0800170898438,885.0,932.260009765625,932.260009765625,1430000,USD,NYQ,America/New_York,Yahoo Finance
FICO,2026-09-08,920.510009765625,938.8400268554688,899.0,933.2999877929688,933.2999877929688,667400,USD,NYQ,America/New_York,Yahoo Finance
FICO,2026-09-09,934.989990234375,994.5,913.0399780273438,983.1900024414062,983.1900024414062,793800,USD,NYQ,America/New_York,Yahoo Finance
FICO,2026-09-10,973.7100219726562,982.989990234375,947.9099731445312,960.6699829101562,960.6699829101562,365500,USD,NYQ,America/New_York,Yahoo Finance
FICO,2026-09-11,965.22998046875,1000.8200073242188,960.02001953125,985.3900146484375,985.3900146484375,400200,USD,NYQ,America/New_York,Yahoo Finance
FICO,2026-09-14,1002.0,1014.0,982.780029296875,1001.5,1001.5,253600,USD,NYQ,America/New_York,Yahoo Finance
FICO,2026-09-15,991.5,1009.0,975.8300170898438,985.9600219726562,985.9600219726562,278700,USD,NYQ,America/New_York,Yahoo Finance
FICO,2026-09-16,980.0,1003.1699829101562,976.0,991.3499755859375,991.3499755859375,215800,USD,NYQ,America/New_York,Yahoo Finance
FICO,2026-09-17,990.2999877929688,990.8400268554688,961.1300048828125,966.2999877929688,966.2999877929688,244700,USD,NYQ,America/New_York,Yahoo Finance
FICO,2026-09-18,965.1400146484375,970.4600219726562,941.8200073242188,949.6799926757812,949.6799926757812,823300,USD,NYQ,America/New_York,Yahoo Finance
FICO,2026-09-21,964.1900024414062,967.989990234375,921.02001953125,924.52001953125,924.52001953125,487400,USD,NYQ,America/New_York,Yahoo Finance
FICO,2026-09-22,937.1500244140625,941.969970703125,909.1599731445312,914.47998046875,914.47998046875,342000,USD,NYQ,America/New_York,Yahoo Finance
FICO,2026-09-23,910.0,916.0499877929688,875.4500122070312,879.6199951171875,879.6199951171875,501800,USD,NYQ,America/New_York,Yahoo Finance
FICO,2026-09-24,888.1199951171875,892.8499755859375,855.0,856.47998046875,856.47998046875,502100,USD,NYQ,America/New_York,Yahoo Finance
FICO,2026-09-25,857.0,870.0,848.6400146484375,863.0900268554688,863.0900268554688,387400,USD,NYQ,America/New_York,Yahoo Finance
FICO,2026-09-28,852.8599853515625,853.5499877929688,832.0,840.8900146484375,840.8900146484375,371100,USD,NYQ,America/New_York,Yahoo Finance
FITB,2026-08-17,58.08000183105469,58.630001068115234,57.470001220703125,57.599998474121094,57.599998474121094,7703200,USD,NYQ,America/New_York,Yahoo Finance
FITB,2026-08-18,57.54999923706055,57.970001220703125,57.0,57.290000915527344,57.290000915527344,5268200,USD,NYQ,America/New_York,Yahoo Finance
FITB,2026-08-19,57.310001373291016,57.380001068115234,54.810001373291016,54.959999084472656,54.959999084472656,6323200,USD,NYQ,America/New_York,Yahoo Finance
FITB,2026-08-20,54.93000030517578,55.16999816894531,54.47999954223633,54.5,54.5,6733600,USD,NYQ,America/New_York,Yahoo Finance
FITB,2026-08-21,54.810001373291016,55.150001525878906,54.040000915527344,54.81999969482422,54.81999969482422,6268400,USD,NYQ,America/New_York,Yahoo Finance
FITB,2026-08-24,55.02000045776367,55.7400016784668,54.70000076293945,54.900001525878906,54.900001525878906,4613300,USD,NYQ,America/New_York,Yahoo Finance
FITB,2026-08-25,55.20000076293945,55.220001220703125,54.619998931884766,54.88999938964844,54.88999938964844,3306600,USD,NYQ,America/New_York,Yahoo Finance
FITB,2026-08-26,55.11000061035156,55.400001525878906,54.720001220703125,55.099998474121094,55.099998474121094,3707400,USD,NYQ,America/New_York,Yahoo Finance
FITB,2026-08-27,54.61000061035156,54.97999954223633,54.27000045776367,54.849998474121094,54.849998474121094,4643500,USD,NYQ,America/New_York,Yahoo Finance
FITB,2026-08-28,55.150001525878906,55.459999084472656,54.16999816894531,54.540000915527344,54.540000915527344,5617800,USD,NYQ,America/New_York,Yahoo Finance
FITB,2026-08-31,54.279998779296875,54.45000076293945,53.7400016784668,53.77000045776367,53.77000045776367,5225300,USD,NYQ,America/New_York,Yahoo Finance
FITB,2026-09-01,53.709999084472656,54.18000030517578,52.91999816894531,53.0099983215332,53.0099983215332,3936600,USD,NYQ,America/New_York,Yahoo Finance
FITB,2026-09-02,53.40999984741211,54.7400016784668,53.06999969482422,54.400001525878906,54.400001525878906,4413600,USD,NYQ,America/New_York,Yahoo Finance
FITB,2026-09-03,54.650001525878906,55.209999084472656,54.52000045776367,54.970001220703125,54.970001220703125,3773900,USD,NYQ,America/New_York,Yahoo Finance
FITB,2026-09-04,54.650001525878906,55.189998626708984,54.650001525878906,54.869998931884766,54.869998931884766,3125200,USD,NYQ,America/New_York,Yahoo Finance
FITB,2026-09-08,54.810001373291016,54.970001220703125,54.41999816894531,54.5099983215332,54.5099983215332,4418800,USD,NYQ,America/New_York,Yahoo Finance
FITB,2026-09-09,54.31999969482422,54.630001068115234,53.86000061035156,54.189998626708984,54.189998626708984,4476300,USD,NYQ,America/New_York,Yahoo Finance
FITB,2026-09-10,54.119998931884766,54.45000076293945,53.77000045776367,54.43000030517578,54.43000030517578,4396900,USD,NYQ,America/New_York,Yahoo Finance
FITB,2026-09-11,55.20000076293945,55.29999923706055,54.02000045776367,54.720001220703125,54.720001220703125,3409000,USD,NYQ,America/New_York,Yahoo Finance
FITB,2026-09-14,54.45000076293945,55.04999923706055,54.08000183105469,54.380001068115234,54.380001068115234,3975300,USD,NYQ,America/New_York,Yahoo Finance
FITB,2026-09-15,54.720001220703125,55.47999954223633,54.38999938964844,54.66999816894531,54.66999816894531,9802300,USD,NYQ,America/New_York,Yahoo Finance
FITB,2026-09-16,54.66999816894531,54.66999816894531,51.709999084472656,52.40999984741211,52.40999984741211,7435600,USD,NYQ,America/New_York,Yahoo Finance
FITB,2026-09-17,52.9900016784668,53.290000915527344,52.22999954223633,53.27000045776367,53.27000045776367,5371600,USD,NYQ,America/New_York,Yahoo Finance
FITB,2026-09-18,53.279998779296875,53.59000015258789,52.720001220703125,52.90999984741211,52.90999984741211,9904800,USD,NYQ,America/New_York,Yahoo Finance
FITB,2026-09-21,53.400001525878906,53.4900016784668,52.95000076293945,53.310001373291016,53.310001373291016,5310000,USD,NYQ,America/New_York,Yahoo Finance
FITB,2026-09-22,53.790000915527344,54.0,52.349998474121094,52.7599983215332,52.7599983215332,8069400,USD,NYQ,America/New_York,Yahoo Finance
FITB,2026-09-23,52.47999954223633,52.720001220703125,51.65999984741211,51.689998626708984,51.689998626708984,7453400,USD,NYQ,America/New_York,Yahoo Finance
FITB,2026-09-24,51.650001525878906,51.939998626708984,50.779998779296875,51.459999084472656,51.459999084472656,8171600,USD,NYQ,America/New_York,Yahoo Finance
FITB,2026-09-25,51.4900016784668,52.290000915527344,51.41999816894531,52.099998474121094,52.099998474121094,5959000,USD,NYQ,America/New_York,Yahoo Finance
FITB,2026-09-28,51.84000015258789,52.06999969482422,51.43000030517578,51.56999969482422,51.56999969482422,5318500,USD,NYQ,America/New_York,Yahoo Finance
FN,2026-08-17,583.1500244140625,603.0900268554688,576.5,598.5800170898438,598.5800170898438,1587300,USD,NYQ,America/New_York,Yahoo Finance
FN,2026-08-18,513.7000122070312,520.0,467.8299865722656,482.5899963378906,482.5899963378906,3159300,USD,NYQ,America/New_York,Yahoo Finance
FN,2026-08-19,496.2200012207031,496.95001220703125,448.7900085449219,454.54998779296875,454.54998779296875,1647300,USD,NYQ,America/New_York,Yahoo Finance
FN,2026-08-20,453.2099914550781,457.0,437.1199951171875,444.8699951171875,444.8699951171875,1115100,USD,NYQ,America/New_York,Yahoo Finance
FN,2026-08-21,449.69000244140625,449.8999938964844,424.9700012207031,436.6700134277344,436.6700134277344,1227900,USD,NYQ,America/New_York,Yahoo Finance
FN,2026-08-24,428.6300048828125,429.2799987792969,413.67999267578125,421.1400146484375,421.1400146484375,1143200,USD,NYQ,America/New_York,Yahoo Finance
FN,2026-08-25,430.0,434.0,423.8699951171875,431.5400085449219,431.5400085449219,817100,USD,NYQ,America/New_York,Yahoo Finance
FN,2026-08-26,429.6000061035156,438.7900085449219,428.2900085449219,437.79998779296875,437.79998779296875,790400,USD,NYQ,America/New_York,Yahoo Finance
FN,2026-08-27,449.67999267578125,453.94000244140625,425.80999755859375,432.7099914550781,432.7099914550781,1145100,USD,NYQ,America/New_York,Yahoo Finance
FN,2026-08-28,425.4200134277344,428.1000061035156,412.57000732421875,414.3599853515625,414.3599853515625,731200,USD,NYQ,America/New_York,Yahoo Finance
FN,2026-08-31,418.4100036621094,418.92999267578125,406.2300109863281,412.92999267578125,412.92999267578125,1001000,USD,NYQ,America/New_York,Yahoo Finance
FN,2026-09-01,410.3999938964844,417.20001220703125,400.3500061035156,402.07000732421875,402.07000732421875,861200,USD,NYQ,America/New_York,Yahoo Finance
FN,2026-09-02,399.0,399.760009765625,391.3399963378906,395.3500061035156,395.3500061035156,778800,USD,NYQ,America/New_York,Yahoo Finance
FN,2026-09-03,390.6499938964844,398.29998779296875,380.3900146484375,395.0,395.0,1050900,USD,NYQ,America/New_York,Yahoo Finance
FN,2026-09-04,402.32000732421875,412.5400085449219,399.95001220703125,407.3999938964844,407.3999938964844,578300,USD,NYQ,America/New_York,Yahoo Finance
FN,2026-09-08,412.95001220703125,428.5,412.5,416.30999755859375,416.30999755859375,816300,USD,NYQ,America/New_York,Yahoo Finance
FN,2026-09-09,418.2900085449219,425.94000244140625,416.7099914550781,418.2699890136719,418.2699890136719,538200,USD,NYQ,America/New_York,Yahoo Finance
FN,2026-09-10,408.44000244140625,414.8999938964844,402.3900146484375,403.95001220703125,403.95001220703125,625200,USD,NYQ,America/New_York,Yahoo Finance
FN,2026-09-11,412.8399963378906,418.95001220703125,407.2900085449219,414.5799865722656,414.5799865722656,466900,USD,NYQ,America/New_York,Yahoo Finance
FN,2026-09-14,390.1000061035156,397.4100036621094,381.67999267578125,382.54998779296875,382.54998779296875,897300,USD,NYQ,America/New_York,Yahoo Finance
FN,2026-09-15,388.3800048828125,390.6600036621094,373.70001220703125,374.9100036621094,374.9100036621094,766700,USD,NYQ,America/New_York,Yahoo Finance
FN,2026-09-16,383.5,400.75,382.0,392.67999267578125,392.67999267578125,810100,USD,NYQ,America/New_York,Yahoo Finance
FN,2026-09-17,403.8999938964844,411.4599914550781,378.70001220703125,380.9200134277344,380.9200134277344,894500,USD,NYQ,America/New_York,Yahoo Finance
FN,2026-09-18,387.0,395.0,384.0199890136719,388.54998779296875,388.54998779296875,1369700,USD,NYQ,America/New_York,Yahoo Finance
FN,2026-09-21,402.1300048828125,405.70001220703125,393.1300048828125,401.57000732421875,401.57000732421875,667200,USD,NYQ,America/New_York,Yahoo Finance
FN,2026-09-22,396.0,408.6000061035156,390.6400146484375,403.79998779296875,403.79998779296875,734800,USD,NYQ,America/New_York,Yahoo Finance
FN,2026-09-23,405.75,406.489990234375,395.2300109863281,400.8500061035156,400.8500061035156,566800,USD,NYQ,America/New_York,Yahoo Finance
FN,2026-09-24,393.010009765625,403.7300109863281,391.0799865722656,398.3599853515625,398.3599853515625,593400,USD,NYQ,America/New_York,Yahoo Finance
FN,2026-09-25,406.0,419.6300048828125,401.5799865722656,417.3900146484375,417.3900146484375,743100,USD,NYQ,America/New_York,Yahoo Finance
FN,2026-09-28,417.0,420.489990234375,400.29998779296875,409.9599914550781,409.9599914550781,805300,USD,NYQ,America/New_York,Yahoo Finance
FOX,2026-08-17,61.279998779296875,62.0,61.0,61.4900016784668,61.18791580200195,659000,USD,NMS,America/New_York,Yahoo Finance
FOX,2026-08-18,61.720001220703125,62.93000030517578,61.20000076293945,61.22999954223633,60.92919158935547,1019600,USD,NMS,America/New_York,Yahoo Finance
FOX,2026-08-19,61.45000076293945,61.47999954223633,60.189998626708984,60.38999938964844,60.093318939208984,1041100,USD,NMS,America/New_York,Yahoo Finance
FOX,2026-08-20,60.95000076293945,61.2599983215332,60.380001068115234,60.45000076293945,60.15302658081055,1090700,USD,NMS,America/New_York,Yahoo Finance
FOX,2026-08-21,60.84000015258789,61.66999816894531,60.470001220703125,61.04999923706055,60.75007629394531,564500,USD,NMS,America/New_York,Yahoo Finance
FOX,2026-08-24,60.9900016784668,61.83000183105469,60.45000076293945,61.59000015258789,61.28742599487305,805500,USD,NMS,America/New_York,Yahoo Finance
FOX,2026-08-25,61.290000915527344,62.77000045776367,61.189998626708984,62.689998626708984,62.38201904296875,739000,USD,NMS,America/New_York,Yahoo Finance
FOX,2026-08-26,62.47999954223633,62.93000030517578,61.66999816894531,62.22999954223633,61.924278259277344,671200,USD,NMS,America/New_York,Yahoo Finance
FOX,2026-08-27,61.959999084472656,61.9900016784668,60.04999923706055,60.400001525878906,60.103271484375,1701400,USD,NMS,America/New_York,Yahoo Finance
FOX,2026-08-28,60.5,61.84000015258789,60.18000030517578,61.31999969482422,61.01874923706055,943300,USD,NMS,America/New_York,Yahoo Finance
FOX,2026-08-31,61.119998931884766,61.130001068115234,59.933998107910156,60.220001220703125,59.924156188964844,1871500,USD,NMS,America/New_York,Yahoo Finance
FOX,2026-09-01,59.91999816894531,60.5,58.790000915527344,59.029998779296875,58.7400016784668,1228400,USD,NMS,America/New_York,Yahoo Finance
FOX,2026-09-02,59.11000061035156,60.93000030517578,59.11000061035156,60.27000045776367,60.27000045776367,1390700,USD,NMS,America/New_York,Yahoo Finance
FOX,2026-09-03,61.0,61.40999984741211,60.060001373291016,60.470001220703125,60.470001220703125,988700,USD,NMS,America/New_York,Yahoo Finance
FOX,2026-09-04,60.130001068115234,60.13999938964844,58.2599983215332,58.41999816894531,58.41999816894531,1039600,USD,NMS,America/New_York,Yahoo Finance
FOX,2026-09-08,58.040000915527344,58.34000015258789,56.82500076293945,58.2400016784668,58.2400016784668,995000,USD,NMS,America/New_York,Yahoo Finance
FOX,2026-09-09,57.65999984741211,57.71799850463867,56.619998931884766,57.099998474121094,57.099998474121094,1144400,USD,NMS,America/New_York,Yahoo Finance
FOX,2026-09-10,57.099998474121094,58.290000915527344,56.209999084472656,58.060001373291016,58.060001373291016,1401900,USD,NMS,America/New_York,Yahoo Finance
FOX,2026-09-11,58.130001068115234,58.76499938964844,57.849998474121094,58.45000076293945,58.45000076293945,893100,USD,NMS,America/New_York,Yahoo Finance
FOX,2026-09-14,59.130001068115234,61.27000045776367,59.130001068115234,61.13999938964844,61.13999938964844,809700,USD,NMS,America/New_York,Yahoo Finance
FOX,2026-09-15,61.060001373291016,61.060001373291016,59.75,60.34000015258789,60.34000015258789,741000,USD,NMS,America/New_York,Yahoo Finance
FOX,2026-09-16,59.91999816894531,60.415000915527344,58.68000030517578,59.150001525878906,59.150001525878906,1007400,USD,NMS,America/New_York,Yahoo Finance
FOX,2026-09-17,59.3650016784668,59.3650016784668,58.23500061035156,58.43000030517578,58.43000030517578,828900,USD,NMS,America/New_York,Yahoo Finance
FOX,2026-09-18,57.9900016784668,58.28499984741211,57.05500030517578,57.7400016784668,57.7400016784668,5969300,USD,NMS,America/New_York,Yahoo Finance
FOX,2026-09-21,58.04999923706055,58.599998474121094,57.70000076293945,57.900001525878906,57.900001525878906,903900,USD,NMS,America/New_York,Yahoo Finance
FOX,2026-09-22,58.349998474121094,58.47999954223633,57.13999938964844,57.31999969482422,57.31999969482422,1011600,USD,NMS,America/New_York,Yahoo Finance
FOX,2026-09-23,57.29999923706055,57.31999969482422,56.439998626708984,56.959999084472656,56.959999084472656,1146100,USD,NMS,America/New_York,Yahoo Finance
FOX,2026-09-24,57.150001525878906,57.56999969482422,56.35499954223633,57.20000076293945,57.20000076293945,947100,USD,NMS,America/New_York,Yahoo Finance
FOX,2026-09-25,56.86000061035156,57.16999816894531,56.04999923706055,56.540000915527344,56.540000915527344,676000,USD,NMS,America/New_York,Yahoo Finance
FOX,2026-09-28,56.25,57.029998779296875,55.560001373291016,56.54999923706055,56.54999923706055,563400,USD,NMS,America/New_York,Yahoo Finance
FRMI,2026-08-17,6.409999847412109,6.409999847412109,6.065000057220459,6.139999866485596,6.139999866485596,21821500,USD,NMS,America/New_York,Yahoo Finance
FRMI,2026-08-18,5.949999809265137,6.050000190734863,5.730000019073486,5.739999771118164,5.739999771118164,18843200,USD,NMS,America/New_York,Yahoo Finance
FRMI,2026-08-19,5.769999980926514,5.818999767303467,5.440000057220459,5.760000228881836,5.760000228881836,22015100,USD,NMS,America/New_York,Yahoo Finance
FRMI,2026-08-20,5.78000020980835,5.980000019073486,5.670000076293945,5.96999979019165,5.96999979019165,16649800,USD,NMS,America/New_York,Yahoo Finance
FRMI,2026-08-21,6.010000228881836,6.119999885559082,5.900000095367432,5.920000076293945,5.920000076293945,9999300,USD,NMS,America/New_York,Yahoo Finance
FRMI,2026-08-24,5.840000152587891,5.880000114440918,5.53000020980835,5.619999885559082,5.619999885559082,16030200,USD,NMS,America/New_York,Yahoo Finance
FRMI,2026-08-25,5.659999847412109,6.03000020980835,5.599999904632568,6.010000228881836,6.010000228881836,10334200,USD,NMS,America/New_York,Yahoo Finance
FRMI,2026-08-26,5.949999809265137,6.03000020980835,5.599999904632568,5.610000133514404,5.610000133514404,8876700,USD,NMS,America/New_York,Yahoo Finance
FRMI,2026-08-27,5.684999942779541,5.739999771118164,5.320000171661377,5.449999809265137,5.449999809265137,16087300,USD,NMS,America/New_York,Yahoo Finance
FRMI,2026-08-28,5.409999847412109,5.440000057220459,4.96999979019165,5.0,5.0,18526900,USD,NMS,America/New_York,Yahoo Finance
FRMI,2026-08-31,5.0,5.039999961853027,4.900000095367432,4.96999979019165,4.96999979019165,16511400,USD,NMS,America/New_York,Yahoo Finance
FRMI,2026-09-01,4.869999885559082,4.880000114440918,4.610000133514404,4.630000114440918,4.630000114440918,16433400,USD,NMS,America/New_York,Yahoo Finance
FRMI,2026-09-02,4.659999847412109,4.824999809265137,4.5,4.769999980926514,4.769999980926514,16039300,USD,NMS,America/New_York,Yahoo Finance
FRMI,2026-09-03,4.800000190734863,4.909999847412109,4.7179999351501465,4.860000133514404,4.860000133514404,11021400,USD,NMS,America/New_York,Yahoo Finance
FRMI,2026-09-04,4.800000190734863,5.190000057220459,4.800000190734863,5.119999885559082,5.119999885559082,14227200,USD,NMS,America/New_York,Yahoo Finance
FRMI,2026-09-08,5.260000228881836,5.909999847412109,5.230000019073486,5.710000038146973,5.710000038146973,27656400,USD,NMS,America/New_York,Yahoo Finance
FRMI,2026-09-09,5.599999904632568,5.809999942779541,5.440000057220459,5.53000020980835,5.53000020980835,12857500,USD,NMS,America/New_York,Yahoo Finance
FRMI,2026-09-10,5.369999885559082,5.570000171661377,5.260000228881836,5.389999866485596,5.389999866485596,12940400,USD,NMS,America/New_York,Yahoo Finance
FRMI,2026-09-11,5.409999847412109,5.639999866485596,5.340000152587891,5.5,5.5,12987800,USD,NMS,America/New_York,Yahoo Finance
FRMI,2026-09-14,5.275000095367432,5.360000133514404,5.010000228881836,5.050000190734863,5.050000190734863,14263700,USD,NMS,America/New_York,Yahoo Finance
FRMI,2026-09-15,5.050000190734863,5.090000152587891,4.679999828338623,4.739999771118164,4.739999771118164,22821900,USD,NMS,America/New_York,Yahoo Finance
FRMI,2026-09-16,4.800000190734863,5.019999980926514,4.710000038146973,4.769999980926514,4.769999980926514,15348700,USD,NMS,America/New_York,Yahoo Finance
FRMI,2026-09-17,5.050000190734863,5.079999923706055,4.840000152587891,4.949999809265137,4.949999809265137,12566900,USD,NMS,America/New_York,Yahoo Finance
FRMI,2026-09-18,5.050000190734863,5.050000190734863,4.889999866485596,4.980000019073486,4.980000019073486,47458300,USD,NMS,America/New_York,Yahoo Finance
FRMI,2026-09-21,5.159999847412109,5.210000038146973,5.019999980926514,5.059999942779541,5.059999942779541,15206400,USD,NMS,America/New_York,Yahoo Finance
FRMI,2026-09-22,5.050000190734863,5.230000019073486,5.011000156402588,5.139999866485596,5.139999866485596,12492400,USD,NMS,America/New_York,Yahoo Finance
FRMI,2026-09-23,5.03000020980835,5.093999862670898,4.809999942779541,4.820000171661377,4.820000171661377,13513900,USD,NMS,America/New_York,Yahoo Finance
FRMI,2026-09-24,4.760000228881836,4.809999942779541,4.429999828338623,4.550000190734863,4.550000190734863,19394800,USD,NMS,America/New_York,Yahoo Finance
FRMI,2026-09-25,4.599999904632568,4.630000114440918,4.429999828338623,4.519999980926514,4.519999980926514,17011200,USD,NMS,America/New_York,Yahoo Finance
FRMI,2026-09-28,4.449999809265137,4.525000095367432,4.230000019073486,4.260000228881836,4.260000228881836,13176400,USD,NMS,America/New_York,Yahoo Finance
FSUN,2026-08-17,40.91999816894531,41.124000549316406,40.66999816894531,40.97999954223633,40.97999954223633,153000,USD,NMS,America/New_York,Yahoo Finance
FSUN,2026-08-18,40.83000183105469,41.154998779296875,40.189998626708984,40.439998626708984,40.439998626708984,268700,USD,NMS,America/New_York,Yahoo Finance
FSUN,2026-08-19,40.689998626708984,40.96500015258789,39.79999923706055,39.91999816894531,39.91999816894531,247800,USD,NMS,America/New_York,Yahoo Finance
FSUN,2026-08-20,39.619998931884766,40.02000045776367,39.380001068115234,39.91999816894531,39.91999816894531,208900,USD,NMS,America/New_York,Yahoo Finance
FSUN,2026-08-21,40.25,40.35499954223633,39.88999938964844,40.0,40.0,204200,USD,NMS,America/New_York,Yahoo Finance
FSUN,2026-08-24,40.15999984741211,40.7599983215332,40.15999984741211,40.560001373291016,40.560001373291016,271100,USD,NMS,America/New_York,Yahoo Finance
FSUN,2026-08-25,40.7400016784668,40.904998779296875,40.279998779296875,40.290000915527344,40.290000915527344,216900,USD,NMS,America/New_York,Yahoo Finance
FSUN,2026-08-26,40.33000183105469,40.66999816894531,40.08000183105469,40.349998474121094,40.349998474121094,180400,USD,NMS,America/New_York,Yahoo Finance
FSUN,2026-08-27,40.0099983215332,40.70000076293945,39.7599983215332,40.130001068115234,40.130001068115234,210000,USD,NMS,America/New_York,Yahoo Finance
FSUN,2026-08-28,39.97999954223633,40.68000030517578,39.97999954223633,40.06999969482422,40.06999969482422,198300,USD,NMS,America/New_York,Yahoo Finance
FSUN,2026-08-31,39.81999969482422,40.16999816894531,39.685001373291016,40.0099983215332,40.0099983215332,297100,USD,NMS,America/New_York,Yahoo Finance
FSUN,2026-09-01,40.0099983215332,40.290000915527344,39.20500183105469,39.380001068115234,39.380001068115234,348800,USD,NMS,America/New_York,Yahoo Finance
FSUN,2026-09-02,39.380001068115234,40.540000915527344,39.380001068115234,40.16999816894531,40.16999816894531,294300,USD,NMS,America/New_York,Yahoo Finance
FSUN,2026-09-03,40.4900016784668,41.099998474121094,40.4900016784668,40.63999938964844,40.63999938964844,248700,USD,NMS,America/New_York,Yahoo Finance
FSUN,2026-09-04,40.529998779296875,41.04999923706055,40.529998779296875,40.91999816894531,40.91999816894531,249000,USD,NMS,America/New_York,Yahoo Finance
FSUN,2026-09-08,40.97999954223633,41.11000061035156,40.5,40.66999816894531,40.66999816894531,353500,USD,NMS,America/New_York,Yahoo Finance
FSUN,2026-09-09,40.380001068115234,40.61000061035156,39.6150016784668,39.90999984741211,39.90999984741211,319400,USD,NMS,America/New_York,Yahoo Finance
FSUN,2026-09-10,39.849998474121094,40.16999816894531,39.5099983215332,40.130001068115234,40.130001068115234,295100,USD,NMS,America/New_York,Yahoo Finance
FSUN,2026-09-11,40.560001373291016,40.82500076293945,39.970001220703125,40.15999984741211,40.15999984741211,344900,USD,NMS,America/New_York,Yahoo Finance
FSUN,2026-09-14,40.0,40.70000076293945,39.959999084472656,40.22999954223633,40.22999954223633,336400,USD,NMS,America/New_York,Yahoo Finance
FSUN,2026-09-15,40.08000183105469,40.57500076293945,39.88999938964844,40.08000183105469,40.08000183105469,303900,USD,NMS,America/New_York,Yahoo Finance
FSUN,2026-09-16,39.95000076293945,40.25,38.744998931884766,39.11000061035156,39.11000061035156,358300,USD,NMS,America/New_York,Yahoo Finance
FSUN,2026-09-17,39.58000183105469,39.790000915527344,39.43000030517578,39.44499969482422,39.44499969482422,297000,USD,NMS,America/New_York,Yahoo Finance
FSUN,2026-09-18,39.16999816894531,39.69499969482422,39.040000915527344,39.34000015258789,39.34000015258789,1884200,USD,NMS,America/New_York,Yahoo Finance
FSUN,2026-09-21,39.400001525878906,39.93000030517578,39.29999923706055,39.52000045776367,39.52000045776367,371400,USD,NMS,America/New_York,Yahoo Finance
FSUN,2026-09-22,39.689998626708984,39.97999954223633,39.084999084472656,39.349998474121094,39.349998474121094,440600,USD,NMS,America/New_York,Yahoo Finance
FSUN,2026-09-23,39.16999816894531,39.439998626708984,38.310001373291016,38.369998931884766,38.369998931884766,370600,USD,NMS,America/New_York,Yahoo Finance
FSUN,2026-09-24,38.52000045776367,39.29999923706055,38.38999938964844,39.2400016784668,39.2400016784668,287300,USD,NMS,America/New_York,Yahoo Finance
FSUN,2026-09-25,39.25,39.875,39.25,39.7400016784668,39.7400016784668,272900,USD,NMS,America/New_York,Yahoo Finance
FSUN,2026-09-28,39.529998779296875,39.57500076293945,39.130001068115234,39.27000045776367,39.27000045776367,298200,USD,NMS,America/New_York,Yahoo Finance
FTI,2026-08-17,78.72000122070312,80.41999816894531,78.37999725341797,79.80999755859375,79.75999450683594,3900500,USD,NYQ,America/New_York,Yahoo Finance
FTI,2026-08-18,79.62000274658203,80.30999755859375,78.2699966430664,78.29000091552734,78.29000091552734,2902300,USD,NYQ,America/New_York,Yahoo Finance
FTI,2026-08-19,79.37999725341797,80.55000305175781,76.5,77.0199966430664,77.0199966430664,3037500,USD,NYQ,America/New_York,Yahoo Finance
FTI,2026-08-20,77.87000274658203,79.05000305175781,77.16999816894531,77.62000274658203,77.62000274658203,1997400,USD,NYQ,America/New_York,Yahoo Finance
FTI,2026-08-21,78.18000030517578,78.54000091552734,77.18000030517578,77.44999694824219,77.44999694824219,2255600,USD,NYQ,America/New_York,Yahoo Finance
FTI,2026-08-24,76.68000030517578,76.87000274658203,74.30000305175781,75.8499984741211,75.8499984741211,2296900,USD,NYQ,America/New_York,Yahoo Finance
FTI,2026-08-25,75.33000183105469,76.56999969482422,75.0,75.19999694824219,75.19999694824219,2061300,USD,NYQ,America/New_York,Yahoo Finance
FTI,2026-08-26,74.41999816894531,76.52999877929688,73.79000091552734,75.69999694824219,75.69999694824219,1885200,USD,NYQ,America/New_York,Yahoo Finance
FTI,2026-08-27,75.41000366210938,77.44999694824219,74.75,76.31999969482422,76.31999969482422,2610300,USD,NYQ,America/New_York,Yahoo Finance
FTI,2026-08-28,76.16999816894531,76.80000305175781,75.25,75.83999633789062,75.83999633789062,1468000,USD,NYQ,America/New_York,Yahoo Finance
FTI,2026-08-31,76.5,78.55999755859375,76.5,78.1500015258789,78.1500015258789,3354800,USD,NYQ,America/New_York,Yahoo Finance
FTI,2026-09-01,79.0,79.16999816894531,77.76000213623047,78.30999755859375,78.30999755859375,2119400,USD,NYQ,America/New_York,Yahoo Finance
FTI,2026-09-02,77.44999694824219,80.30000305175781,77.0,79.66999816894531,79.66999816894531,2648400,USD,NYQ,America/New_York,Yahoo Finance
FTI,2026-09-03,79.73999786376953,80.69999694824219,79.43000030517578,80.08000183105469,80.08000183105469,2630400,USD,NYQ,America/New_York,Yahoo Finance
FTI,2026-09-04,79.27999877929688,79.9000015258789,78.69000244140625,79.83999633789062,79.83999633789062,2393900,USD,NYQ,America/New_York,Yahoo Finance
FTI,2026-09-08,80.30999755859375,80.5199966430664,77.87999725341797,78.16000366210938,78.16000366210938,3069900,USD,NYQ,America/New_York,Yahoo Finance
FTI,2026-09-09,78.87000274658203,79.98999786376953,77.75,77.80999755859375,77.80999755859375,2905300,USD,NYQ,America/New_York,Yahoo Finance
FTI,2026-09-10,78.45999908447266,79.01000213623047,75.12999725341797,75.58000183105469,75.58000183105469,2396900,USD,NYQ,America/New_York,Yahoo Finance
FTI,2026-09-11,76.06999969482422,76.52999877929688,74.2300033569336,76.33999633789062,76.33999633789062,2547500,USD,NYQ,America/New_York,Yahoo Finance
FTI,2026-09-14,75.69999694824219,76.4000015258789,72.7699966430664,72.87000274658203,72.87000274658203,3278400,USD,NYQ,America/New_York,Yahoo Finance
FTI,2026-09-15,73.36000061035156,75.47000122070312,72.76000213623047,74.97000122070312,74.97000122070312,3258500,USD,NYQ,America/New_York,Yahoo Finance
FTI,2026-09-16,74.62999725341797,75.30999755859375,71.95999908447266,72.77999877929688,72.77999877929688,3263500,USD,NYQ,America/New_York,Yahoo Finance
FTI,2026-09-17,72.95999908447266,73.68000030517578,72.44000244140625,72.73999786376953,72.73999786376953,3207600,USD,NYQ,America/New_York,Yahoo Finance
FTI,2026-09-18,72.97000122070312,72.97000122070312,70.51000213623047,72.0199966430664,72.0199966430664,9175300,USD,NYQ,America/New_York,Yahoo Finance
FTI,2026-09-21,71.8499984741211,72.12999725341797,70.83000183105469,71.30999755859375,71.30999755859375,3143600,USD,NYQ,America/New_York,Yahoo Finance
FTI,2026-09-22,70.11000061035156,72.11000061035156,69.75,70.81999969482422,70.81999969482422,2997200,USD,NYQ,America/New_York,Yahoo Finance
FTI,2026-09-23,71.44000244140625,72.30000305175781,70.45999908447266,71.23999786376953,71.23999786376953,2202200,USD,NYQ,America/New_York,Yahoo Finance
FTI,2026-09-24,71.52999877929688,71.76000213623047,70.29000091552734,70.94999694824219,70.94999694824219,1942700,USD,NYQ,America/New_York,Yahoo Finance
FTI,2026-09-25,70.12000274658203,71.29000091552734,70.0,70.98999786376953,70.98999786376953,2035300,USD,NYQ,America/New_York,Yahoo Finance
FTI,2026-09-28,72.05000305175781,72.05000305175781,70.51000213623047,70.62000274658203,70.62000274658203,2411400,USD,NYQ,America/New_York,Yahoo Finance
GEF,2026-08-17,86.76000213623047,87.9000015258789,86.19999694824219,87.36000061035156,86.7066421508789,203400,USD,NYQ,America/New_York,Yahoo Finance
GEF,2026-08-18,88.11000061035156,88.45999908447266,86.70999908447266,86.80999755859375,86.16075134277344,192600,USD,NYQ,America/New_York,Yahoo Finance
GEF,2026-08-19,87.87000274658203,89.08999633789062,87.22000122070312,87.58000183105469,86.92500305175781,164200,USD,NYQ,America/New_York,Yahoo Finance
GEF,2026-08-20,86.66999816894531,88.2699966430664,86.37999725341797,86.43000030517578,85.78359985351562,246000,USD,NYQ,America/New_York,Yahoo Finance
GEF,2026-08-21,87.1500015258789,88.0,86.62000274658203,87.91000366210938,87.25253295898438,404600,USD,NYQ,America/New_York,Yahoo Finance
GEF,2026-08-24,88.11000061035156,88.26000213623047,85.7300033569336,85.98999786376953,85.34688568115234,293100,USD,NYQ,America/New_York,Yahoo Finance
GEF,2026-08-25,86.68000030517578,87.77999877929688,84.44000244140625,84.62999725341797,83.99705505371094,203900,USD,NYQ,America/New_York,Yahoo Finance
GEF,2026-08-26,84.8499984741211,86.20999908447266,84.8499984741211,85.51000213623047,84.8704833984375,244900,USD,NYQ,America/New_York,Yahoo Finance
GEF,2026-08-27,84.4000015258789,85.31999969482422,83.56999969482422,84.51000213623047,83.87796020507812,206400,USD,NYQ,America/New_York,Yahoo Finance
GEF,2026-08-28,85.44999694824219,85.80000305175781,83.30000305175781,84.08000183105469,83.45117950439453,222900,USD,NYQ,America/New_York,Yahoo Finance
GEF,2026-08-31,83.9000015258789,84.27999877929688,82.27999877929688,82.75,82.13111877441406,362300,USD,NYQ,America/New_York,Yahoo Finance
GEF,2026-09-01,82.4800033569336,83.20999908447266,81.9800033569336,83.08999633789062,82.46857452392578,308700,USD,NYQ,America/New_York,Yahoo Finance
GEF,2026-09-02,83.70999908447266,86.16000366210938,83.70999908447266,85.56999969482422,84.9300308227539,583100,USD,NYQ,America/New_York,Yahoo Finance
GEF,2026-09-03,86.33999633789062,86.33999633789062,83.75,85.0199966430664,84.38414001464844,318200,USD,NYQ,America/New_York,Yahoo Finance
GEF,2026-09-04,84.70999908447266,85.9800033569336,84.70999908447266,85.0,84.36429595947266,329800,USD,NYQ,America/New_York,Yahoo Finance
GEF,2026-09-08,84.05999755859375,85.2699966430664,83.80000305175781,84.69000244140625,84.0566177368164,296300,USD,NYQ,America/New_York,Yahoo Finance
GEF,2026-09-09,84.80000305175781,85.23999786376953,83.29000091552734,83.55999755859375,82.93505859375,317100,USD,NYQ,America/New_York,Yahoo Finance
GEF,2026-09-10,83.31999969482422,84.05000305175781,82.56999969482422,83.63999938964844,83.01446533203125,270100,USD,NYQ,America/New_York,Yahoo Finance
GEF,2026-09-11,84.7300033569336,84.7300033569336,81.48999786376953,82.31999969482422,81.70433807373047,442300,USD,NYQ,America/New_York,Yahoo Finance
GEF,2026-09-14,82.31999969482422,83.26000213623047,81.58999633789062,81.62999725341797,81.01949310302734,341200,USD,NYQ,America/New_York,Yahoo Finance
GEF,2026-09-15,81.83000183105469,81.8499984741211,79.56999969482422,81.5,80.89047241210938,442800,USD,NYQ,America/New_York,Yahoo Finance
GEF,2026-09-16,82.05000305175781,84.66999816894531,82.0199966430664,82.9000015258789,82.27999877929688,421800,USD,NYQ,America/New_York,Yahoo Finance
GEF,2026-09-17,83.25,84.94000244140625,82.44999694824219,83.08999633789062,83.08999633789062,381800,USD,NYQ,America/New_York,Yahoo Finance
GEF,2026-09-18,82.47000122070312,82.9000015258789,81.55999755859375,82.70999908447266,82.70999908447266,684200,USD,NYQ,America/New_York,Yahoo Finance
GEF,2026-09-21,83.22000122070312,84.3499984741211,82.76000213623047,83.31999969482422,83.31999969482422,376400,USD,NYQ,America/New_York,Yahoo Finance
GEF,2026-09-22,84.37999725341797,85.38999938964844,83.68000030517578,84.58999633789062,84.58999633789062,382700,USD,NYQ,America/New_York,Yahoo Finance
GEF,2026-09-23,84.62000274658203,85.25,83.9800033569336,84.30999755859375,84.30999755859375,366300,USD,NYQ,America/New_York,Yahoo Finance
GEF,2026-09-24,84.55999755859375,85.05999755859375,82.5199966430664,82.81999969482422,82.81999969482422,343600,USD,NYQ,America/New_York,Yahoo Finance
GEF,2026-09-25,83.1500015258789,83.44999694824219,82.61000061035156,82.66000366210938,82.66000366210938,359700,USD,NYQ,America/New_York,Yahoo Finance
GEF,2026-09-28,81.87999725341797,82.98999786376953,81.19999694824219,81.62000274658203,81.62000274658203,374600,USD,NYQ,America/New_York,Yahoo Finance
GGG,2026-08-17,81.52999877929688,82.02999877929688,81.26000213623047,81.55000305175781,81.55000305175781,1298400,USD,NYQ,America/New_York,Yahoo Finance
GGG,2026-08-18,82.04000091552734,82.2699966430664,80.69000244140625,81.01000213623047,81.01000213623047,922600,USD,NYQ,America/New_York,Yahoo Finance
GGG,2026-08-19,81.3499984741211,82.69999694824219,80.7699966430664,82.69000244140625,82.69000244140625,1467800,USD,NYQ,America/New_York,Yahoo Finance
GGG,2026-08-20,82.1500015258789,82.94000244140625,81.51000213623047,81.70999908447266,81.70999908447266,1859800,USD,NYQ,America/New_York,Yahoo Finance
GGG,2026-08-21,82.19999694824219,82.44000244140625,80.5,80.63999938964844,80.63999938964844,1706100,USD,NYQ,America/New_York,Yahoo Finance
GGG,2026-08-24,81.02999877929688,81.80000305175781,80.12000274658203,80.16000366210938,80.16000366210938,1789800,USD,NYQ,America/New_York,Yahoo Finance
GGG,2026-08-25,80.54000091552734,81.04000091552734,78.6500015258789,78.69999694824219,78.69999694824219,1789000,USD,NYQ,America/New_York,Yahoo Finance
GGG,2026-08-26,78.88999938964844,79.93000030517578,78.3499984741211,79.5999984741211,79.5999984741211,2470900,USD,NYQ,America/New_York,Yahoo Finance
GGG,2026-08-27,79.05000305175781,79.7699966430664,78.16999816894531,79.62000274658203,79.62000274658203,1644600,USD,NYQ,America/New_York,Yahoo Finance
GGG,2026-08-28,79.94000244140625,79.98999786376953,78.20999908447266,79.29000091552734,79.29000091552734,1798400,USD,NYQ,America/New_York,Yahoo Finance
GGG,2026-08-31,79.04000091552734,79.44999694824219,76.70999908447266,77.43000030517578,77.43000030517578,19490500,USD,NYQ,America/New_York,Yahoo Finance
GGG,2026-09-01,77.3499984741211,77.91000366210938,76.66000366210938,76.83000183105469,76.83000183105469,1887200,USD,NYQ,America/New_York,Yahoo Finance
GGG,2026-09-02,77.16000366210938,77.73999786376953,75.9000015258789,77.66000366210938,77.66000366210938,2235800,USD,NYQ,America/New_York,Yahoo Finance
GGG,2026-09-03,78.4800033569336,78.5999984741211,76.9800033569336,77.87999725341797,77.87999725341797,1716600,USD,NYQ,America/New_York,Yahoo Finance
GGG,2026-09-04,77.48999786376953,78.23999786376953,77.08999633789062,77.87999725341797,77.87999725341797,1333200,USD,NYQ,America/New_York,Yahoo Finance
GGG,2026-09-08,77.6500015258789,77.76000213623047,76.55000305175781,77.02999877929688,77.02999877929688,1312700,USD,NYQ,America/New_York,Yahoo Finance
GGG,2026-09-09,76.68000030517578,76.72000122070312,76.2699966430664,76.41000366210938,76.41000366210938,1093800,USD,NYQ,America/New_York,Yahoo Finance
GGG,2026-09-10,76.22000122070312,76.23999786376953,75.04000091552734,75.97000122070312,75.97000122070312,1575500,USD,NYQ,America/New_York,Yahoo Finance
GGG,2026-09-11,76.68000030517578,77.08000183105469,76.45999908447266,76.69999694824219,76.69999694824219,1694700,USD,NYQ,America/New_York,Yahoo Finance
GGG,2026-09-14,76.33999633789062,76.83000183105469,76.05999755859375,76.54000091552734,76.54000091552734,1606300,USD,NYQ,America/New_York,Yahoo Finance
GGG,2026-09-15,76.79000091552734,76.97000122070312,76.02999877929688,76.83999633789062,76.83999633789062,1506000,USD,NYQ,America/New_York,Yahoo Finance
GGG,2026-09-16,77.01000213623047,77.25,75.91999816894531,76.27999877929688,76.27999877929688,1175300,USD,NYQ,America/New_York,Yahoo Finance
GGG,2026-09-17,77.38999938964844,77.87999725341797,75.68000030517578,76.58999633789062,76.58999633789062,1203500,USD,NYQ,America/New_York,Yahoo Finance
GGG,2026-09-18,76.5199966430664,76.5199966430664,75.86000061035156,76.26000213623047,76.26000213623047,3717500,USD,NYQ,America/New_York,Yahoo Finance
GGG,2026-09-21,76.58999633789062,77.05000305175781,76.04000091552734,76.58999633789062,76.58999633789062,1428800,USD,NYQ,America/New_York,Yahoo Finance
GGG,2026-09-22,77.38999938964844,77.83999633789062,76.91000366210938,77.63999938964844,77.63999938964844,1981100,USD,NYQ,America/New_York,Yahoo Finance
GGG,2026-09-23,77.29000091552734,78.72000122070312,77.12000274658203,78.37000274658203,78.37000274658203,1333400,USD,NYQ,America/New_York,Yahoo Finance
GGG,2026-09-24,77.98999786376953,78.30999755859375,77.0999984741211,77.1500015258789,77.1500015258789,1614400,USD,NYQ,America/New_York,Yahoo Finance
GGG,2026-09-25,77.25,78.16000366210938,76.87000274658203,77.86000061035156,77.86000061035156,1114800,USD,NYQ,America/New_York,Yahoo Finance
GGG,2026-09-28,77.61000061035156,78.5199966430664,77.29000091552734,78.25,78.25,1387100,USD,NYQ,America/New_York,Yahoo Finance
GGN,2026-08-17,5.300000190734863,5.420000076293945,5.300000190734863,5.400000095367432,5.370491981506348,440400,USD,ASE,America/New_York,Yahoo Finance
GGN,2026-08-18,5.389999866485596,5.400000095367432,5.349999904632568,5.369999885559082,5.340655326843262,358800,USD,ASE,America/New_York,Yahoo Finance
GGN,2026-08-19,5.449999809265137,5.489999771118164,5.429999828338623,5.480000019073486,5.45005464553833,769100,USD,ASE,America/New_York,Yahoo Finance
GGN,2026-08-20,5.480000019073486,5.599999904632568,5.480000019073486,5.590000152587891,5.55945348739624,656400,USD,ASE,America/New_York,Yahoo Finance
GGN,2026-08-21,5.630000114440918,5.699999809265137,5.570000171661377,5.679999828338623,5.648961544036865,1014800,USD,ASE,America/New_York,Yahoo Finance
GGN,2026-08-24,5.690000057220459,5.710000038146973,5.650000095367432,5.679999828338623,5.648961544036865,867900,USD,ASE,America/New_York,Yahoo Finance
GGN,2026-08-25,5.670000076293945,5.730000019073486,5.639999866485596,5.699999809265137,5.66885232925415,719000,USD,ASE,America/New_York,Yahoo Finance
GGN,2026-08-26,5.670000076293945,5.690000057220459,5.659999847412109,5.659999847412109,5.62907075881958,339800,USD,ASE,America/New_York,Yahoo Finance
GGN,2026-08-27,5.650000095367432,5.690000057220459,5.630000114440918,5.690000057220459,5.658906936645508,474000,USD,ASE,America/New_York,Yahoo Finance
GGN,2026-08-28,5.699999809265137,5.71999979019165,5.630000114440918,5.639999866485596,5.609179973602295,772400,USD,ASE,America/New_York,Yahoo Finance
GGN,2026-08-31,5.619999885559082,5.650000095367432,5.599999904632568,5.630000114440918,5.5992350578308105,391900,USD,ASE,America/New_York,Yahoo Finance
GGN,2026-09-01,5.559999942779541,5.630000114440918,5.539999961853027,5.559999942779541,5.5296173095703125,412500,USD,ASE,America/New_York,Yahoo Finance
GGN,2026-09-02,5.610000133514404,5.650000095367432,5.559999942779541,5.590000152587891,5.55945348739624,535000,USD,ASE,America/New_York,Yahoo Finance
GGN,2026-09-03,5.659999847412109,5.670000076293945,5.610000133514404,5.639999866485596,5.609179973602295,419300,USD,ASE,America/New_York,Yahoo Finance
GGN,2026-09-04,5.619999885559082,5.639999866485596,5.590000152587891,5.630000114440918,5.5992350578308105,879200,USD,ASE,America/New_York,Yahoo Finance
GGN,2026-09-08,5.619999885559082,5.659999847412109,5.619999885559082,5.630000114440918,5.5992350578308105,423600,USD,ASE,America/New_York,Yahoo Finance
GGN,2026-09-09,5.679999828338623,5.690000057220459,5.639999866485596,5.650000095367432,5.619125843048096,490300,USD,ASE,America/New_York,Yahoo Finance
GGN,2026-09-10,5.619999885559082,5.650000095367432,5.550000190734863,5.550000190734863,5.519672393798828,352300,USD,ASE,America/New_York,Yahoo Finance
GGN,2026-09-11,5.599999904632568,5.619999885559082,5.53000020980835,5.559999942779541,5.5296173095703125,260800,USD,ASE,America/New_York,Yahoo Finance
GGN,2026-09-14,5.539999961853027,5.550000190734863,5.46999979019165,5.5,5.469945430755615,477200,USD,ASE,America/New_York,Yahoo Finance
GGN,2026-09-15,5.5,5.510000228881836,5.449999809265137,5.489999771118164,5.4599995613098145,437100,USD,ASE,America/New_York,Yahoo Finance
GGN,2026-09-16,5.5,5.5,5.340000152587891,5.389999866485596,5.389999866485596,562400,USD,ASE,America/New_York,Yahoo Finance
GGN,2026-09-17,5.440000057220459,5.480000019073486,5.420000076293945,5.460000038146973,5.460000038146973,277500,USD,ASE,America/New_York,Yahoo Finance
GGN,2026-09-18,5.489999771118164,5.550000190734863,5.440000057220459,5.550000190734863,5.550000190734863,260600,USD,ASE,America/New_York,Yahoo Finance
GGN,2026-09-21,5.510000228881836,5.519999980926514,5.429999828338623,5.46999979019165,5.46999979019165,528200,USD,ASE,America/New_York,Yahoo Finance
GGN,2026-09-22,5.46999979019165,5.539999961853027,5.46999979019165,5.539999961853027,5.539999961853027,585100,USD,ASE,America/New_York,Yahoo Finance
GGN,2026-09-23,5.519999980926514,5.53000020980835,5.460000038146973,5.460000038146973,5.460000038146973,631400,USD,ASE,America/New_York,Yahoo Finance
GGN,2026-09-24,5.46999979019165,5.550000190734863,5.380000114440918,5.389999866485596,5.389999866485596,533600,USD,ASE,America/New_York,Yahoo Finance
GGN,2026-09-25,5.400000095367432,5.420000076293945,5.369999885559082,5.420000076293945,5.420000076293945,456900,USD,ASE,America/New_York,Yahoo Finance
GGN,2026-09-28,5.369999885559082,5.369999885559082,5.289999961853027,5.289999961853027,5.289999961853027,758400,USD,ASE,America/New_York,Yahoo Finance
GHRS,2026-08-17,29.260000228881836,30.065000534057617,29.149999618530273,29.979999542236328,29.979999542236328,182200,USD,NGM,America/New_York,Yahoo Finance
GHRS,2026-08-18,30.0,30.260000228881836,29.045000076293945,29.735000610351562,29.735000610351562,238700,USD,NGM,America/New_York,Yahoo Finance
GHRS,2026-08-19,29.899999618530273,30.56999969482422,29.3799991607666,29.799999237060547,29.799999237060547,357300,USD,NGM,America/New_York,Yahoo Finance
GHRS,2026-08-20,29.739999771118164,29.895000457763672,28.549999237060547,28.68000030517578,28.68000030517578,172300,USD,NGM,America/New_York,Yahoo Finance
GHRS,2026-08-21,28.829999923706055,29.219999313354492,28.010000228881836,28.329999923706055,28.329999923706055,141700,USD,NGM,America/New_York,Yahoo Finance
GHRS,2026-08-24,28.200000762939453,28.600000381469727,27.238000869750977,28.100000381469727,28.100000381469727,162800,USD,NGM,America/New_York,Yahoo Finance
GHRS,2026-08-25,28.459999084472656,29.1299991607666,28.459999084472656,28.920000076293945,28.920000076293945,113100,USD,NGM,America/New_York,Yahoo Finance
GHRS,2026-08-26,28.920000076293945,29.139999389648438,28.375,29.010000228881836,29.010000228881836,145100,USD,NGM,America/New_York,Yahoo Finance
GHRS,2026-08-27,29.020000457763672,29.079999923706055,28.434999465942383,28.649999618530273,28.649999618530273,73500,USD,NGM,America/New_York,Yahoo Finance
GHRS,2026-08-28,28.610000610351562,28.610000610351562,27.81999969482422,27.940000534057617,27.940000534057617,117700,USD,NGM,America/New_York,Yahoo Finance
GHRS,2026-08-31,27.860000610351562,28.06999969482422,26.68000030517578,26.979999542236328,26.979999542236328,149200,USD,NGM,America/New_York,Yahoo Finance
GHRS,2026-09-01,26.940000534057617,28.0,26.61400032043457,27.360000610351562,27.360000610351562,464900,USD,NGM,America/New_York,Yahoo Finance
GHRS,2026-09-02,27.459999084472656,28.31999969482422,27.09000015258789,28.06999969482422,28.06999969482422,111900,USD,NGM,America/New_York,Yahoo Finance
GHRS,2026-09-03,28.190000534057617,28.327999114990234,27.579999923706055,27.920000076293945,27.920000076293945,117000,USD,NGM,America/New_York,Yahoo Finance
GHRS,2026-09-04,27.860000610351562,28.309999465942383,27.261999130249023,28.229999542236328,28.229999542236328,78100,USD,NGM,America/New_York,Yahoo Finance
GHRS,2026-09-08,27.979999542236328,28.329999923706055,27.209999084472656,27.790000915527344,27.790000915527344,221000,USD,NGM,America/New_York,Yahoo Finance
GHRS,2026-09-09,27.770000457763672,27.920000076293945,26.459999084472656,27.559999465942383,27.559999465942383,336800,USD,NGM,America/New_York,Yahoo Finance
GHRS,2026-09-10,27.242000579833984,27.604999542236328,26.875,27.280000686645508,27.280000686645508,128800,USD,NGM,America/New_York,Yahoo Finance
GHRS,2026-09-11,27.56999969482422,28.110000610351562,27.010000228881836,27.200000762939453,27.200000762939453,159200,USD,NGM,America/New_York,Yahoo Finance
GHRS,2026-09-14,27.200000762939453,28.6200008392334,27.027999877929688,27.889999389648438,27.889999389648438,157300,USD,NGM,America/New_York,Yahoo Finance
GHRS,2026-09-15,27.6299991607666,27.829999923706055,26.520000457763672,27.549999237060547,27.549999237060547,140300,USD,NGM,America/New_York,Yahoo Finance
GHRS,2026-09-16,27.6299991607666,28.06999969482422,27.219999313354492,27.75,27.75,152900,USD,NGM,America/New_York,Yahoo Finance
GHRS,2026-09-17,28.110000610351562,29.165000915527344,27.7549991607666,28.719999313354492,28.719999313354492,501200,USD,NGM,America/New_York,Yahoo Finance
GHRS,2026-09-18,28.8700008392334,29.149999618530273,28.0,28.260000228881836,28.260000228881836,132800,USD,NGM,America/New_York,Yahoo Finance
GHRS,2026-09-21,28.479999542236328,28.5,27.760000228881836,27.93000030517578,27.93000030517578,131100,USD,NGM,America/New_York,Yahoo Finance
GHRS,2026-09-22,28.020000457763672,28.450000762939453,27.610000610351562,27.860000610351562,27.860000610351562,101600,USD,NGM,America/New_York,Yahoo Finance
GHRS,2026-09-23,28.1299991607666,28.1299991607666,25.670000076293945,25.959999084472656,25.959999084472656,178800,USD,NGM,America/New_York,Yahoo Finance
GHRS,2026-09-24,26.100000381469727,26.100000381469727,23.43000030517578,24.450000762939453,24.450000762939453,418200,USD,NGM,America/New_York,Yahoo Finance
GHRS,2026-09-25,24.479999542236328,24.549999237060547,23.489999771118164,23.84000015258789,23.84000015258789,180000,USD,NGM,America/New_York,Yahoo Finance
GHRS,2026-09-28,23.479999542236328,23.674999237060547,22.889999389648438,23.420000076293945,23.420000076293945,609700,USD,NGM,America/New_York,Yahoo Finance
GLBE,2026-08-17,42.08000183105469,42.29999923706055,40.790000915527344,41.18000030517578,41.18000030517578,1284300,USD,NMS,America/New_York,Yahoo Finance
GLBE,2026-08-18,41.31999969482422,41.86000061035156,40.959999084472656,41.310001373291016,41.310001373291016,914200,USD,NMS,America/New_York,Yahoo Finance
GLBE,2026-08-19,41.290000915527344,42.33000183105469,41.099998474121094,41.2400016784668,41.2400016784668,982300,USD,NMS,America/New_York,Yahoo Finance
GLBE,2026-08-20,40.86000061035156,41.20000076293945,40.189998626708984,40.790000915527344,40.790000915527344,796300,USD,NMS,America/New_York,Yahoo Finance
GLBE,2026-08-21,41.22999954223633,41.22999954223633,40.22999954223633,40.54999923706055,40.54999923706055,840800,USD,NMS,America/New_York,Yahoo Finance
GLBE,2026-08-24,40.52000045776367,40.9900016784668,39.68000030517578,39.86000061035156,39.86000061035156,983100,USD,NMS,America/New_York,Yahoo Finance
GLBE,2026-08-25,39.599998474121094,40.38100051879883,38.959999084472656,39.43000030517578,39.43000030517578,838700,USD,NMS,America/New_York,Yahoo Finance
GLBE,2026-08-26,39.290000915527344,39.573001861572266,38.79999923706055,39.130001068115234,39.130001068115234,593600,USD,NMS,America/New_York,Yahoo Finance
GLBE,2026-08-27,39.25,39.81999969482422,38.970001220703125,39.4900016784668,39.4900016784668,604500,USD,NMS,America/New_York,Yahoo Finance
GLBE,2026-08-28,39.66999816894531,40.18000030517578,39.0099983215332,39.95000076293945,39.95000076293945,923600,USD,NMS,America/New_York,Yahoo Finance
GLBE,2026-08-31,39.65999984741211,39.95000076293945,37.029998779296875,37.349998474121094,37.349998474121094,2060500,USD,NMS,America/New_York,Yahoo Finance
GLBE,2026-09-01,37.77000045776367,37.81999969482422,36.88999938964844,36.9900016784668,36.9900016784668,1391000,USD,NMS,America/New_York,Yahoo Finance
GLBE,2026-09-02,36.970001220703125,38.939998626708984,36.79999923706055,38.79999923706055,38.79999923706055,1795300,USD,NMS,America/New_York,Yahoo Finance
GLBE,2026-09-03,38.9900016784668,39.66999816894531,38.040000915527344,38.290000915527344,38.290000915527344,1217400,USD,NMS,America/New_York,Yahoo Finance
GLBE,2026-09-04,37.9900016784668,38.7599983215332,37.400001525878906,38.369998931884766,38.369998931884766,899500,USD,NMS,America/New_York,Yahoo Finance
GLBE,2026-09-08,37.88999938964844,37.974998474121094,36.36000061035156,36.93000030517578,36.93000030517578,1083900,USD,NMS,America/New_York,Yahoo Finance
GLBE,2026-09-09,36.72999954223633,36.98500061035156,35.90999984741211,36.11000061035156,36.11000061035156,1091200,USD,NMS,America/New_York,Yahoo Finance
GLBE,2026-09-10,35.56999969482422,36.650001525878906,35.525001525878906,36.5,36.5,1045200,USD,NMS,America/New_York,Yahoo Finance
GLBE,2026-09-11,36.9900016784668,37.40999984741211,36.75,37.18000030517578,37.18000030517578,1744900,USD,NMS,America/New_York,Yahoo Finance
GLBE,2026-09-14,37.18000030517578,38.099998474121094,37.18000030517578,37.4900016784668,37.4900016784668,1705700,USD,NMS,America/New_York,Yahoo Finance
GLBE,2026-09-15,36.91999816894531,37.540000915527344,36.29999923706055,36.47999954223633,36.47999954223633,1518200,USD,NMS,America/New_York,Yahoo Finance
GLBE,2026-09-16,36.45000076293945,37.2400016784668,36.13999938964844,36.93000030517578,36.93000030517578,3034700,USD,NMS,America/New_York,Yahoo Finance
GLBE,2026-09-17,37.2599983215332,38.599998474121094,36.880001068115234,38.380001068115234,38.380001068115234,1505400,USD,NMS,America/New_York,Yahoo Finance
GLBE,2026-09-18,38.02000045776367,38.36000061035156,37.5,38.040000915527344,38.040000915527344,2164700,USD,NMS,America/New_York,Yahoo Finance
GLBE,2026-09-21,38.380001068115234,39.86000061035156,38.16999816894531,39.689998626708984,39.689998626708984,1862300,USD,NMS,America/New_York,Yahoo Finance
GLBE,2026-09-22,40.0,42.38999938964844,39.88999938964844,41.54999923706055,41.54999923706055,2106700,USD,NMS,America/New_York,Yahoo Finance
GLBE,2026-09-23,41.54999923706055,42.099998474121094,40.630001068115234,41.2400016784668,41.2400016784668,1679500,USD,NMS,America/New_York,Yahoo Finance
GLBE,2026-09-24,41.2400016784668,42.29999923706055,40.415000915527344,40.880001068115234,40.880001068115234,1519300,USD,NMS,America/New_York,Yahoo Finance
GLBE,2026-09-25,41.349998474121094,41.349998474121094,39.939998626708984,40.16999816894531,40.16999816894531,1339600,USD,NMS,America/New_York,Yahoo Finance
GLBE,2026-09-28,39.54999923706055,40.369998931884766,38.41999816894531,39.279998779296875,39.279998779296875,1642200,USD,NMS,America/New_York,Yahoo Finance
GNW,2026-08-17,10.1899995803833,10.279999732971191,10.0600004196167,10.09000015258789,10.09000015258789,2182700,USD,NYQ,America/New_York,Yahoo Finance
GNW,2026-08-18,10.170000076293945,10.25,10.079999923706055,10.079999923706055,10.079999923706055,1968300,USD,NYQ,America/New_York,Yahoo Finance
GNW,2026-08-19,9.970000267028809,10.1899995803833,9.920000076293945,9.920000076293945,9.920000076293945,2482500,USD,NYQ,America/New_York,Yahoo Finance
GNW,2026-08-20,9.869999885559082,9.930000305175781,9.800000190734863,9.859999656677246,9.859999656677246,1787400,USD,NYQ,America/New_York,Yahoo Finance
GNW,2026-08-21,9.899999618530273,9.970000267028809,9.850000381469727,9.880000114440918,9.880000114440918,2812200,USD,NYQ,America/New_York,Yahoo Finance
GNW,2026-08-24,9.90999984741211,10.029999732971191,9.880000114440918,9.890000343322754,9.890000343322754,2480200,USD,NYQ,America/New_York,Yahoo Finance
GNW,2026-08-25,9.899999618530273,9.90999984741211,9.800000190734863,9.859999656677246,9.859999656677246,2294400,USD,NYQ,America/New_York,Yahoo Finance
GNW,2026-08-26,9.850000381469727,9.960000038146973,9.8100004196167,9.90999984741211,9.90999984741211,2585700,USD,NYQ,America/New_York,Yahoo Finance
GNW,2026-08-27,9.829999923706055,10.0,9.829999923706055,9.930000305175781,9.930000305175781,2007700,USD,NYQ,America/New_York,Yahoo Finance
GNW,2026-08-28,9.960000038146973,10.050000190734863,9.90999984741211,9.979999542236328,9.979999542236328,1872000,USD,NYQ,America/New_York,Yahoo Finance
GNW,2026-08-31,9.949999809265137,10.09000015258789,9.90999984741211,9.9399995803833,9.9399995803833,3220400,USD,NYQ,America/New_York,Yahoo Finance
GNW,2026-09-01,9.979999542236328,10.130000114440918,9.90999984741211,10.0,10.0,3815300,USD,NYQ,America/New_York,Yahoo Finance
GNW,2026-09-02,10.079999923706055,10.170000076293945,10.029999732971191,10.130000114440918,10.130000114440918,3771400,USD,NYQ,America/New_York,Yahoo Finance
GNW,2026-09-03,10.399999618530273,10.6899995803833,10.369999885559082,10.380000114440918,10.380000114440918,6074300,USD,NYQ,America/New_York,Yahoo Finance
GNW,2026-09-04,10.369999885559082,10.449999809265137,10.319999694824219,10.350000381469727,10.350000381469727,3805600,USD,NYQ,America/New_York,Yahoo Finance
GNW,2026-09-08,10.260000228881836,10.520000457763672,10.1899995803833,10.420000076293945,10.420000076293945,4976600,USD,NYQ,America/New_York,Yahoo Finance
GNW,2026-09-09,10.420000076293945,10.539999961853027,10.329999923706055,10.489999771118164,10.489999771118164,3785200,USD,NYQ,America/New_York,Yahoo Finance
GNW,2026-09-10,10.609999656677246,10.630000114440918,10.390000343322754,10.470000267028809,10.470000267028809,3294400,USD,NYQ,America/New_York,Yahoo Finance
GNW,2026-09-11,10.569999694824219,10.619999885559082,10.449999809265137,10.489999771118164,10.489999771118164,3673500,USD,NYQ,America/New_York,Yahoo Finance
GNW,2026-09-14,10.520000457763672,10.65999984741211,10.489999771118164,10.600000381469727,10.600000381469727,3989900,USD,NYQ,America/New_York,Yahoo Finance
GNW,2026-09-15,9.949999809265137,10.220000267028809,9.8100004196167,10.010000228881836,10.010000228881836,9771900,USD,NYQ,America/New_York,Yahoo Finance
GNW,2026-09-16,10.0,10.199999809265137,9.899999618530273,10.09000015258789,10.09000015258789,7125100,USD,NYQ,America/New_York,Yahoo Finance
GNW,2026-09-17,10.119999885559082,10.289999961853027,10.079999923706055,10.229999542236328,10.229999542236328,4349600,USD,NYQ,America/New_York,Yahoo Finance
GNW,2026-09-18,10.180000305175781,10.180000305175781,9.930000305175781,10.050000190734863,10.050000190734863,10267500,USD,NYQ,America/New_York,Yahoo Finance
GNW,2026-09-21,10.079999923706055,10.260000228881836,10.029999732971191,10.029999732971191,10.029999732971191,3709700,USD,NYQ,America/New_York,Yahoo Finance
GNW,2026-09-22,10.100000381469727,10.100000381469727,9.760000228881836,9.760000228881836,9.760000228881836,3815800,USD,NYQ,America/New_York,Yahoo Finance
GNW,2026-09-23,9.720000267028809,9.770000457763672,9.579999923706055,9.630000114440918,9.630000114440918,2708400,USD,NYQ,America/New_York,Yahoo Finance
GNW,2026-09-24,9.65999984741211,9.710000038146973,9.4399995803833,9.449999809265137,9.449999809265137,2987300,USD,NYQ,America/New_York,Yahoo Finance
GNW,2026-09-25,9.489999771118164,9.489999771118164,9.289999961853027,9.430000305175781,9.430000305175781,4406000,USD,NYQ,America/New_York,Yahoo Finance
GNW,2026-09-28,9.40999984741211,9.4399995803833,9.3100004196167,9.380000114440918,9.380000114440918,2759100,USD,NYQ,America/New_York,Yahoo Finance
GTLB,2026-08-17,42.20500183105469,42.540000915527344,40.380001068115234,40.52000045776367,40.52000045776367,4202900,USD,NMS,America/New_York,Yahoo Finance
GTLB,2026-08-18,40.47999954223633,42.31999969482422,40.439998626708984,41.5,41.5,4584100,USD,NMS,America/New_York,Yahoo Finance
GTLB,2026-08-19,41.43000030517578,42.880001068115234,41.119998931884766,42.599998474121094,42.599998474121094,3346800,USD,NMS,America/New_York,Yahoo Finance
GTLB,2026-08-20,42.43000030517578,42.619998931884766,41.5099983215332,42.08000183105469,42.08000183105469,2639000,USD,NMS,America/New_York,Yahoo Finance
GTLB,2026-08-21,42.25,42.314998626708984,40.81999969482422,41.66999816894531,41.66999816894531,3123000,USD,NMS,America/New_York,Yahoo Finance
GTLB,2026-08-24,41.5,42.63999938964844,41.060001373291016,42.029998779296875,42.029998779296875,3530000,USD,NMS,America/New_York,Yahoo Finance
GTLB,2026-08-25,41.93000030517578,42.29999923706055,40.834999084472656,41.65999984741211,41.65999984741211,2633300,USD,NMS,America/New_York,Yahoo Finance
GTLB,2026-08-26,40.709999084472656,41.709999084472656,40.13999938964844,41.310001373291016,41.310001373291016,2637600,USD,NMS,America/New_York,Yahoo Finance
GTLB,2026-08-27,42.310001373291016,44.849998474121094,42.29499816894531,44.810001373291016,44.810001373291016,5545100,USD,NMS,America/New_York,Yahoo Finance
GTLB,2026-08-28,44.38999938964844,45.36000061035156,44.11000061035156,44.869998931884766,44.869998931884766,3957800,USD,NMS,America/New_York,Yahoo Finance
GTLB,2026-08-31,44.79999923706055,46.650001525878906,44.67399978637695,46.540000915527344,46.540000915527344,5712000,USD,NMS,America/New_York,Yahoo Finance
GTLB,2026-09-01,45.68000030517578,46.3849983215332,44.459999084472656,45.09000015258789,45.09000015258789,10853200,USD,NMS,America/New_York,Yahoo Finance
GTLB,2026-09-02,55.20000076293945,55.54999923706055,49.11000061035156,49.59000015258789,49.59000015258789,28993600,USD,NMS,America/New_York,Yahoo Finance
GTLB,2026-09-03,49.97999954223633,50.74300003051758,48.88999938964844,49.310001373291016,49.310001373291016,7918200,USD,NMS,America/New_York,Yahoo Finance
GTLB,2026-09-04,48.939998626708984,50.608001708984375,47.875,49.83000183105469,49.83000183105469,5596400,USD,NMS,America/New_York,Yahoo Finance
GTLB,2026-09-08,48.95000076293945,49.084999084472656,46.834999084472656,47.150001525878906,47.150001525878906,4373900,USD,NMS,America/New_York,Yahoo Finance
GTLB,2026-09-09,47.220001220703125,47.529998779296875,46.20000076293945,46.33000183105469,46.33000183105469,4377100,USD,NMS,America/New_York,Yahoo Finance
GTLB,2026-09-10,46.540000915527344,47.95000076293945,46.0099983215332,47.29999923706055,47.29999923706055,4431800,USD,NMS,America/New_York,Yahoo Finance
GTLB,2026-09-11,47.33000183105469,48.290000915527344,46.310001373291016,46.9900016784668,46.9900016784668,3395000,USD,NMS,America/New_York,Yahoo Finance
GTLB,2026-09-14,48.334999084472656,49.4900016784668,47.630001068115234,49.25,49.25,3353900,USD,NMS,America/New_York,Yahoo Finance
GTLB,2026-09-15,48.494998931884766,50.22999954223633,48.43000030517578,49.099998474121094,49.099998474121094,3520400,USD,NMS,America/New_York,Yahoo Finance
GTLB,2026-09-16,48.060001373291016,49.310001373291016,48.060001373291016,48.77000045776367,48.77000045776367,3120600,USD,NMS,America/New_York,Yahoo Finance
GTLB,2026-09-17,48.540000915527344,50.470001220703125,48.06999969482422,50.27000045776367,50.27000045776367,3973000,USD,NMS,America/New_York,Yahoo Finance
GTLB,2026-09-18,50.66999816894531,50.66999816894531,49.064998626708984,49.22999954223633,49.22999954223633,5948900,USD,NMS,America/New_York,Yahoo Finance
GTLB,2026-09-21,49.380001068115234,50.15999984741211,49.099998474121094,49.790000915527344,49.790000915527344,2424100,USD,NMS,America/New_York,Yahoo Finance
GTLB,2026-09-22,50.4900016784668,50.667999267578125,48.04499816894531,48.81999969482422,48.81999969482422,2969600,USD,NMS,America/New_York,Yahoo Finance
GTLB,2026-09-23,49.16999816894531,49.79999923706055,48.38999938964844,49.0099983215332,49.0099983215332,3741700,USD,NMS,America/New_York,Yahoo Finance
GTLB,2026-09-24,48.88999938964844,49.2400016784668,48.005001068115234,48.619998931884766,48.619998931884766,6191500,USD,NMS,America/New_York,Yahoo Finance
GTLB,2026-09-25,48.61000061035156,48.61000061035156,46.80500030517578,46.845001220703125,46.845001220703125,3898400,USD,NMS,America/New_York,Yahoo Finance
GTLB,2026-09-28,45.6349983215332,46.470001220703125,44.220001220703125,46.209999084472656,46.209999084472656,5194500,USD,NMS,America/New_York,Yahoo Finance
HALO,2026-08-17,98.86000061035156,104.08999633789062,98.58000183105469,103.0,103.0,2199600,USD,NMS,America/New_York,Yahoo Finance
HALO,2026-08-18,102.94999694824219,105.11000061035156,102.38999938964844,104.88999938964844,104.88999938964844,1955300,USD,NMS,America/New_York,Yahoo Finance
HALO,2026-08-19,106.38999938964844,107.95999908447266,105.5,107.62000274658203,107.62000274658203,2539100,USD,NMS,America/New_York,Yahoo Finance
HALO,2026-08-20,106.41000366210938,107.44000244140625,105.19999694824219,106.12000274658203,106.12000274658203,1577500,USD,NMS,America/New_York,Yahoo Finance
HALO,2026-08-21,106.19999694824219,108.48999786376953,105.91000366210938,108.16999816894531,108.16999816894531,1150300,USD,NMS,America/New_York,Yahoo Finance
HALO,2026-08-24,108.0,109.0999984741211,106.87000274658203,108.63999938964844,108.63999938964844,2091100,USD,NMS,America/New_York,Yahoo Finance
HALO,2026-08-25,109.33000183105469,109.55000305175781,107.55000305175781,109.31999969482422,109.31999969482422,1598000,USD,NMS,America/New_York,Yahoo Finance
HALO,2026-08-26,109.31999969482422,109.66000366210938,107.0,107.05999755859375,107.05999755859375,1705800,USD,NMS,America/New_York,Yahoo Finance
HALO,2026-08-27,106.87000274658203,107.55000305175781,106.05000305175781,106.91999816894531,106.91999816894531,1364600,USD,NMS,America/New_York,Yahoo Finance
HALO,2026-08-28,106.44999694824219,106.80999755859375,104.69999694824219,105.3499984741211,105.3499984741211,1681800,USD,NMS,America/New_York,Yahoo Finance
HALO,2026-08-31,104.4800033569336,106.94000244140625,103.47000122070312,106.48999786376953,106.48999786376953,1280000,USD,NMS,America/New_York,Yahoo Finance
HALO,2026-09-01,107.44999694824219,108.52999877929688,106.87000274658203,107.72000122070312,107.72000122070312,1058600,USD,NMS,America/New_York,Yahoo Finance
HALO,2026-09-02,105.83999633789062,109.76000213623047,105.4800033569336,109.66000366210938,109.66000366210938,1619200,USD,NMS,America/New_York,Yahoo Finance
HALO,2026-09-03,109.83999633789062,111.1500015258789,108.73999786376953,110.76000213623047,110.76000213623047,1889600,USD,NMS,America/New_York,Yahoo Finance
HALO,2026-09-04,109.91000366210938,111.1500015258789,109.0,110.19000244140625,110.19000244140625,1010600,USD,NMS,America/New_York,Yahoo Finance
HALO,2026-09-08,109.0,109.95999908447266,106.06999969482422,108.30999755859375,108.30999755859375,1625600,USD,NMS,America/New_York,Yahoo Finance
HALO,2026-09-09,107.66999816894531,108.79000091552734,106.62000274658203,107.38999938964844,107.38999938964844,1746300,USD,NMS,America/New_York,Yahoo Finance
HALO,2026-09-10,106.93000030517578,107.94999694824219,106.36000061035156,107.0,107.0,1464400,USD,NMS,America/New_York,Yahoo Finance
HALO,2026-09-11,107.95999908447266,108.2300033569336,106.33999633789062,107.19999694824219,107.19999694824219,861500,USD,NMS,America/New_York,Yahoo Finance
HALO,2026-09-14,108.0,108.61000061035156,106.6500015258789,107.94000244140625,107.94000244140625,912500,USD,NMS,America/New_York,Yahoo Finance
HALO,2026-09-15,108.13999938964844,108.13999938964844,106.13999938964844,106.25,106.25,1055600,USD,NMS,America/New_York,Yahoo Finance
HALO,2026-09-16,106.66000366210938,109.62999725341797,105.5,108.44000244140625,108.44000244140625,1709900,USD,NMS,America/New_York,Yahoo Finance
HALO,2026-09-17,107.08000183105469,110.87999725341797,106.81999969482422,109.68000030517578,109.68000030517578,1983600,USD,NMS,America/New_York,Yahoo Finance
HALO,2026-09-18,109.72000122070312,112.66000366210938,109.37999725341797,112.44999694824219,112.44999694824219,10183400,USD,NMS,America/New_York,Yahoo Finance
HALO,2026-09-21,112.80000305175781,113.47000122070312,111.05000305175781,111.44999694824219,111.44999694824219,2876800,USD,NMS,America/New_York,Yahoo Finance
HALO,2026-09-22,111.5,115.18000030517578,110.94999694824219,115.12999725341797,115.12999725341797,4150400,USD,NMS,America/New_York,Yahoo Finance
HALO,2026-09-23,116.8499984741211,116.8499984741211,112.18000030517578,112.44000244140625,112.44000244140625,2702800,USD,NMS,America/New_York,Yahoo Finance
HALO,2026-09-24,112.12999725341797,116.08999633789062,111.06999969482422,115.22000122070312,115.22000122070312,3171600,USD,NMS,America/New_York,Yahoo Finance
HALO,2026-09-25,115.36000061035156,115.62999725341797,113.43000030517578,113.9000015258789,113.9000015258789,1958300,USD,NMS,America/New_York,Yahoo Finance
HALO,2026-09-28,113.33999633789062,113.94000244140625,112.0999984741211,112.88999938964844,112.88999938964844,2236700,USD,NMS,America/New_York,Yahoo Finance
HAYW,2026-08-17,15.0600004196167,15.194999694824219,14.755000114440918,14.760000228881836,14.760000228881836,1335900,USD,NYQ,America/New_York,Yahoo Finance
HAYW,2026-08-18,14.770000457763672,14.84000015258789,14.510000228881836,14.609999656677246,14.609999656677246,2008600,USD,NYQ,America/New_York,Yahoo Finance
HAYW,2026-08-19,14.8100004196167,15.28499984741211,14.800000190734863,15.100000381469727,15.100000381469727,2569200,USD,NYQ,America/New_York,Yahoo Finance
HAYW,2026-08-20,14.819999694824219,14.949999809265137,14.649999618530273,14.720000267028809,14.720000267028809,1888400,USD,NYQ,America/New_York,Yahoo Finance
HAYW,2026-08-21,14.760000228881836,14.829999923706055,14.569999694824219,14.579999923706055,14.579999923706055,1401500,USD,NYQ,America/New_York,Yahoo Finance
HAYW,2026-08-24,14.6899995803833,14.78499984741211,14.430000305175781,14.5,14.5,1267000,USD,NYQ,America/New_York,Yahoo Finance
HAYW,2026-08-25,14.65999984741211,14.675000190734863,14.449999809265137,14.470000267028809,14.470000267028809,1345200,USD,NYQ,America/New_York,Yahoo Finance
HAYW,2026-08-26,14.510000228881836,14.670000076293945,14.439000129699707,14.520000457763672,14.520000457763672,1495700,USD,NYQ,America/New_York,Yahoo Finance
HAYW,2026-08-27,14.430000305175781,14.454999923706055,14.239999771118164,14.25,14.25,1323700,USD,NYQ,America/New_York,Yahoo Finance
HAYW,2026-08-28,14.329999923706055,14.460000038146973,13.970999717712402,14.149999618530273,14.149999618530273,1812100,USD,NYQ,America/New_York,Yahoo Finance
HAYW,2026-08-31,14.079999923706055,14.140000343322754,13.975000381469727,14.050000190734863,14.050000190734863,1990700,USD,NYQ,America/New_York,Yahoo Finance
HAYW,2026-09-01,13.979999542236328,14.069000244140625,13.574999809265137,13.609999656677246,13.609999656677246,2765200,USD,NYQ,America/New_York,Yahoo Finance
HAYW,2026-09-02,13.630000114440918,13.805000305175781,13.510000228881836,13.630000114440918,13.630000114440918,2139100,USD,NYQ,America/New_York,Yahoo Finance
HAYW,2026-09-03,13.800000190734863,13.890000343322754,13.569999694824219,13.699999809265137,13.699999809265137,1566700,USD,NYQ,America/New_York,Yahoo Finance
HAYW,2026-09-04,13.619999885559082,13.96500015258789,13.619999885559082,13.920000076293945,13.920000076293945,1326900,USD,NYQ,America/New_York,Yahoo Finance
HAYW,2026-09-08,13.949999809265137,14.050000190734863,13.4399995803833,13.4399995803833,13.4399995803833,2473300,USD,NYQ,America/New_York,Yahoo Finance
HAYW,2026-09-09,13.329999923706055,13.475000381469727,13.204999923706055,13.289999961853027,13.289999961853027,2668100,USD,NYQ,America/New_York,Yahoo Finance
HAYW,2026-09-10,13.180000305175781,13.180000305175781,12.835000038146973,12.880000114440918,12.880000114440918,2723400,USD,NYQ,America/New_York,Yahoo Finance
HAYW,2026-09-11,13.069999694824219,13.21500015258789,12.9399995803833,13.109999656677246,13.109999656677246,3021100,USD,NYQ,America/New_York,Yahoo Finance
HAYW,2026-09-14,13.039999961853027,13.130000114440918,12.850000381469727,12.869999885559082,12.869999885559082,3044900,USD,NYQ,America/New_York,Yahoo Finance
HAYW,2026-09-15,12.84000015258789,12.890000343322754,12.630000114440918,12.75,12.75,3355100,USD,NYQ,America/New_York,Yahoo Finance
HAYW,2026-09-16,12.880000114440918,13.005000114440918,12.8100004196167,12.930000305175781,12.930000305175781,4047900,USD,NYQ,America/New_York,Yahoo Finance
HAYW,2026-09-17,13.180000305175781,13.319999694824219,12.824999809265137,12.890000343322754,12.890000343322754,3774300,USD,NYQ,America/New_York,Yahoo Finance
HAYW,2026-09-18,12.760000228881836,13.074999809265137,12.760000228881836,12.989999771118164,12.989999771118164,10137800,USD,NYQ,America/New_York,Yahoo Finance
HAYW,2026-09-21,13.0600004196167,13.100000381469727,12.739999771118164,12.880000114440918,12.880000114440918,3287900,USD,NYQ,America/New_York,Yahoo Finance
HAYW,2026-09-22,13.1899995803833,13.1899995803833,12.899999618530273,12.920000076293945,12.920000076293945,2304400,USD,NYQ,America/New_York,Yahoo Finance
HAYW,2026-09-23,12.75,12.920000076293945,12.720000267028809,12.75,12.75,2359300,USD,NYQ,America/New_York,Yahoo Finance
HAYW,2026-09-24,12.6899995803833,12.789999961853027,12.40999984741211,12.520000457763672,12.520000457763672,8008900,USD,NYQ,America/New_York,Yahoo Finance
HAYW,2026-09-25,12.550000190734863,12.779999732971191,12.489999771118164,12.630000114440918,12.630000114440918,8251100,USD,NYQ,America/New_York,Yahoo Finance
HAYW,2026-09-28,12.569999694824219,12.710000038146973,12.4399995803833,12.520000457763672,12.520000457763672,5063400,USD,NYQ,America/New_York,Yahoo Finance
HDFCBANK.NS,2026-08-21,728.2999877929688,732.7999877929688,726.5999755859375,726.9500122070312,726.9500122070312,26029811,INR,NSI,Asia/Kolkata,Yahoo Finance
HDFCBANK.NS,2026-08-24,732.5,734.4000244140625,724.0999755859375,729.0,729.0,11408345,INR,NSI,Asia/Kolkata,Yahoo Finance
HDFCBANK.NS,2026-08-25,726.5999755859375,728.7000122070312,722.0,727.5,727.5,17511874,INR,NSI,Asia/Kolkata,Yahoo Finance
HDFCBANK.NS,2026-08-26,728.0,731.0,724.1500244140625,727.2000122070312,727.2000122070312,21156463,INR,NSI,Asia/Kolkata,Yahoo Finance
HDFCBANK.NS,2026-08-27,728.1500244140625,728.1500244140625,710.0,711.0,711.0,46515020,INR,NSI,Asia/Kolkata,Yahoo Finance
HDFCBANK.NS,2026-08-28,710.8499755859375,720.2999877929688,707.0,720.2999877929688,720.2999877929688,16494301,INR,NSI,Asia/Kolkata,Yahoo Finance
HDFCBANK.NS,2026-08-31,723.0499877929688,739.75,704.1500244140625,709.0,709.0,78157067,INR,NSI,Asia/Kolkata,Yahoo Finance
HDFCBANK.NS,2026-09-01,705.0499877929688,715.4500122070312,698.5,711.9000244140625,711.9000244140625,44417092,INR,NSI,Asia/Kolkata,Yahoo Finance
HDFCBANK.NS,2026-09-02,702.2999877929688,705.6500244140625,700.0,700.7999877929688,700.7999877929688,36950338,INR,NSI,Asia/Kolkata,Yahoo Finance
HDFCBANK.NS,2026-09-03,705.0,712.5999755859375,705.0,706.6500244140625,706.6500244140625,27770641,INR,NSI,Asia/Kolkata,Yahoo Finance
HDFCBANK.NS,2026-09-04,708.3499755859375,716.5,708.3499755859375,712.0999755859375,712.0999755859375,14488024,INR,NSI,Asia/Kolkata,Yahoo Finance
HDFCBANK.NS,2026-09-07,712.0999755859375,713.0,707.0499877929688,710.5,710.5,12180390,INR,NSI,Asia/Kolkata,Yahoo Finance
HDFCBANK.NS,2026-09-08,707.0999755859375,708.9000244140625,703.0,703.0,703.0,19883515,INR,NSI,Asia/Kolkata,Yahoo Finance
HDFCBANK.NS,2026-09-09,698.0,700.0,687.0999755859375,687.0999755859375,687.0999755859375,39173990,INR,NSI,Asia/Kolkata,Yahoo Finance
HDFCBANK.NS,2026-09-10,687.0999755859375,694.5,686.2000122070312,693.7999877929688,693.7999877929688,27108053,INR,NSI,Asia/Kolkata,Yahoo Finance
HDFCBANK.NS,2026-09-11,683.9000244140625,709.0,681.9000244140625,708.25,708.25,31411934,INR,NSI,Asia/Kolkata,Yahoo Finance
HDFCBANK.NS,2026-09-14,708.25,708.25,708.25,708.25,708.25,0,INR,NSI,Asia/Kolkata,Yahoo Finance
HDFCBANK.NS,2026-09-15,722.4000244140625,730.75,715.0499877929688,716.5499877929688,716.5499877929688,50387632,INR,NSI,Asia/Kolkata,Yahoo Finance
HDFCBANK.NS,2026-09-16,714.9000244140625,725.4000244140625,710.8499755859375,721.5,721.5,27476943,INR,NSI,Asia/Kolkata,Yahoo Finance
HDFCBANK.NS,2026-09-17,717.5,719.4000244140625,713.0,713.0,713.0,21543303,INR,NSI,Asia/Kolkata,Yahoo Finance
HDFCBANK.NS,2026-09-18,715.25,733.7999877929688,715.25,731.0,731.0,39400710,INR,NSI,Asia/Kolkata,Yahoo Finance
HDFCBANK.NS,2026-09-21,731.0,742.6500244140625,729.0499877929688,739.5,739.5,35482683,INR,NSI,Asia/Kolkata,Yahoo Finance
HDFCBANK.NS,2026-09-22,738.8499755859375,749.2999877929688,738.5999755859375,738.5999755859375,738.5999755859375,35483669,INR,NSI,Asia/Kolkata,Yahoo Finance
HDFCBANK.NS,2026-09-23,735.6500244140625,742.7999877929688,734.0,737.25,737.25,23197231,INR,NSI,Asia/Kolkata,Yahoo Finance
HDFCBANK.NS,2026-09-24,725.0,734.8499755859375,722.7000122070312,728.9000244140625,728.9000244140625,29575194,INR,NSI,Asia/Kolkata,Yahoo Finance
HDFCBANK.NS,2026-09-25,723.0,739.6500244140625,723.0,735.5999755859375,735.5999755859375,19853034,INR,NSI,Asia/Kolkata,Yahoo Finance
HDFCBANK.NS,2026-09-28,731.5999755859375,733.0,718.0999755859375,719.0499877929688,719.0499877929688,21675579,INR,NSI,Asia/Kolkata,Yahoo Finance
HDFCBANK.NS,2026-09-29,713.7000122070312,722.7000122070312,706.25,722.7000122070312,722.7000122070312,42755901,INR,NSI,Asia/Kolkata,Yahoo Finance
HDFCBANK.NS,2026-09-30,711.5,720.2999877929688,708.7000122070312,708.7000122070312,708.7000122070312,39365496,INR,NSI,Asia/Kolkata,Yahoo Finance
HDFCBANK.NS,2026-10-01,708.4000244140625,721.2999877929688,707.0999755859375,721.2000122070312,721.2000122070312,37389857,INR,NSI,Asia/Kolkata,Yahoo Finance
HESM,2026-08-17,40.75,40.75,39.209999084472656,39.65999984741211,39.65999984741211,1322600,USD,NYQ,America/New_York,Yahoo Finance
HESM,2026-08-18,40.130001068115234,40.40999984741211,39.84000015258789,40.06999969482422,40.06999969482422,1460600,USD,NYQ,America/New_York,Yahoo Finance
HESM,2026-08-19,40.400001525878906,40.400001525878906,39.619998931884766,39.75,39.75,1304000,USD,NYQ,America/New_York,Yahoo Finance
HESM,2026-08-20,40.029998779296875,40.11000061035156,39.099998474121094,39.099998474121094,39.099998474121094,1082300,USD,NYQ,America/New_York,Yahoo Finance
HESM,2026-08-21,39.33000183105469,39.47999954223633,38.56999969482422,39.13999938964844,39.13999938964844,1373300,USD,NYQ,America/New_York,Yahoo Finance
HESM,2026-08-24,39.0,39.150001525878906,38.650001525878906,39.02000045776367,39.02000045776367,1044900,USD,NYQ,America/New_York,Yahoo Finance
HESM,2026-08-25,38.81999969482422,39.41999816894531,38.72999954223633,39.08000183105469,39.08000183105469,2278200,USD,NYQ,America/New_York,Yahoo Finance
HESM,2026-08-26,39.040000915527344,40.130001068115234,39.040000915527344,40.08000183105469,40.08000183105469,1863000,USD,NYQ,America/New_York,Yahoo Finance
HESM,2026-08-27,40.0,40.099998474121094,39.43000030517578,39.83000183105469,39.83000183105469,885900,USD,NYQ,America/New_York,Yahoo Finance
HESM,2026-08-28,40.02000045776367,40.20000076293945,39.5099983215332,39.560001373291016,39.560001373291016,841800,USD,NYQ,America/New_York,Yahoo Finance
HESM,2026-08-31,40.0,40.27000045776367,39.77000045776367,40.209999084472656,40.209999084472656,1865000,USD,NYQ,America/New_York,Yahoo Finance
HESM,2026-09-01,40.75,40.75,39.79999923706055,40.22999954223633,40.22999954223633,1320200,USD,NYQ,America/New_York,Yahoo Finance
HESM,2026-09-02,40.16999816894531,40.529998779296875,39.90999984741211,40.029998779296875,40.029998779296875,2232900,USD,NYQ,America/New_York,Yahoo Finance
HESM,2026-09-03,40.119998931884766,40.38999938964844,39.81999969482422,39.849998474121094,39.849998474121094,1750300,USD,NYQ,America/New_York,Yahoo Finance
HESM,2026-09-04,39.79999923706055,40.04499816894531,39.36000061035156,39.90999984741211,39.90999984741211,1407300,USD,NYQ,America/New_York,Yahoo Finance
HESM,2026-09-08,40.5,41.31999969482422,40.25,40.970001220703125,40.970001220703125,1216800,USD,NYQ,America/New_York,Yahoo Finance
HESM,2026-09-09,41.16999816894531,41.290000915527344,40.08000183105469,40.56999969482422,40.56999969482422,687400,USD,NYQ,America/New_York,Yahoo Finance
HESM,2026-09-10,40.939998626708984,41.152000427246094,40.099998474121094,40.20000076293945,40.20000076293945,1047500,USD,NYQ,America/New_York,Yahoo Finance
HESM,2026-09-11,40.130001068115234,40.310001373291016,39.540000915527344,39.970001220703125,39.970001220703125,1076600,USD,NYQ,America/New_York,Yahoo Finance
HESM,2026-09-14,40.29999923706055,40.439998626708984,39.77000045776367,39.88999938964844,39.88999938964844,960200,USD,NYQ,America/New_York,Yahoo Finance
HESM,2026-09-15,39.90999984741211,40.13999938964844,39.59000015258789,39.849998474121094,39.849998474121094,1033900,USD,NYQ,America/New_York,Yahoo Finance
HESM,2026-09-16,39.7599983215332,40.06999969482422,39.29999923706055,39.58000183105469,39.58000183105469,1528200,USD,NYQ,America/New_York,Yahoo Finance
HESM,2026-09-17,39.5,40.35499954223633,39.5,40.09000015258789,40.09000015258789,1312200,USD,NYQ,America/New_York,Yahoo Finance
HESM,2026-09-18,39.75,40.58000183105469,39.744998931884766,40.15999984741211,40.15999984741211,1460300,USD,NYQ,America/New_York,Yahoo Finance
HESM,2026-09-21,40.02000045776367,40.08000183105469,39.5099983215332,39.58000183105469,39.58000183105469,992800,USD,NYQ,America/New_York,Yahoo Finance
HESM,2026-09-22,39.31999969482422,39.959999084472656,38.959999084472656,39.16999816894531,39.16999816894531,1736700,USD,NYQ,America/New_York,Yahoo Finance
HESM,2026-09-23,39.130001068115234,39.689998626708984,38.7599983215332,38.779998779296875,38.779998779296875,1583700,USD,NYQ,America/New_York,Yahoo Finance
HESM,2026-09-24,39.119998931884766,39.119998931884766,38.31999969482422,38.470001220703125,38.470001220703125,1835700,USD,NYQ,America/New_York,Yahoo Finance
HESM,2026-09-25,38.25,38.38199996948242,37.880001068115234,38.25,38.25,1521100,USD,NYQ,America/New_York,Yahoo Finance
HESM,2026-09-28,38.47999954223633,38.630001068115234,38.034000396728516,38.47999954223633,38.47999954223633,1861800,USD,NYQ,America/New_York,Yahoo Finance
HHH,2026-08-17,66.5,67.11000061035156,66.48999786376953,66.6500015258789,66.6500015258789,421500,USD,NYQ,America/New_York,Yahoo Finance
HHH,2026-08-18,66.73999786376953,67.1500015258789,65.69000244140625,65.76000213623047,65.76000213623047,410800,USD,NYQ,America/New_York,Yahoo Finance
HHH,2026-08-19,66.41000366210938,68.26000213623047,66.41000366210938,68.19999694824219,68.19999694824219,365000,USD,NYQ,America/New_York,Yahoo Finance
HHH,2026-08-20,67.69999694824219,69.12999725341797,67.55999755859375,67.93000030517578,67.93000030517578,516200,USD,NYQ,America/New_York,Yahoo Finance
HHH,2026-08-21,68.13999938964844,68.13999938964844,66.30000305175781,66.5,66.5,422100,USD,NYQ,America/New_York,Yahoo Finance
HHH,2026-08-24,66.69000244140625,67.51000213623047,66.1500015258789,66.75,66.75,522600,USD,NYQ,America/New_York,Yahoo Finance
HHH,2026-08-25,66.87999725341797,67.19999694824219,66.13999938964844,67.0,67.0,368900,USD,NYQ,America/New_York,Yahoo Finance
HHH,2026-08-26,67.12999725341797,67.5,65.55000305175781,65.66000366210938,65.66000366210938,310400,USD,NYQ,America/New_York,Yahoo Finance
HHH,2026-08-27,65.4800033569336,66.31999969482422,64.9000015258789,64.91999816894531,64.91999816894531,551200,USD,NYQ,America/New_York,Yahoo Finance
HHH,2026-08-28,65.05999755859375,65.5999984741211,64.66000366210938,64.80000305175781,64.80000305175781,364300,USD,NYQ,America/New_York,Yahoo Finance
HHH,2026-08-31,64.37999725341797,64.83000183105469,63.9900016784668,64.12999725341797,64.12999725341797,457400,USD,NYQ,America/New_York,Yahoo Finance
HHH,2026-09-01,63.779998779296875,64.44999694824219,63.02000045776367,63.11000061035156,63.11000061035156,594700,USD,NYQ,America/New_York,Yahoo Finance
HHH,2026-09-02,63.29999923706055,64.16999816894531,63.11000061035156,63.18000030517578,63.18000030517578,453400,USD,NYQ,America/New_York,Yahoo Finance
HHH,2026-09-03,63.93000030517578,64.37999725341797,63.08000183105469,63.5099983215332,63.5099983215332,375000,USD,NYQ,America/New_York,Yahoo Finance
HHH,2026-09-04,63.34000015258789,64.54000091552734,63.0,64.12000274658203,64.12000274658203,535200,USD,NYQ,America/New_York,Yahoo Finance
HHH,2026-09-08,63.90999984741211,64.38999938964844,63.599998474121094,64.05000305175781,64.05000305175781,480300,USD,NYQ,America/New_York,Yahoo Finance
HHH,2026-09-09,64.05000305175781,64.25,62.349998474121094,62.75,62.75,644700,USD,NYQ,America/New_York,Yahoo Finance
HHH,2026-09-10,62.619998931884766,62.619998931884766,61.45000076293945,61.630001068115234,61.630001068115234,589100,USD,NYQ,America/New_York,Yahoo Finance
HHH,2026-09-11,62.119998931884766,62.290000915527344,61.38999938964844,61.54999923706055,61.54999923706055,402800,USD,NYQ,America/New_York,Yahoo Finance
HHH,2026-09-14,61.45000076293945,61.79999923706055,60.880001068115234,60.939998626708984,60.939998626708984,522000,USD,NYQ,America/New_York,Yahoo Finance
HHH,2026-09-15,60.7400016784668,63.380001068115234,60.25,62.54999923706055,62.54999923706055,972100,USD,NYQ,America/New_York,Yahoo Finance
HHH,2026-09-16,63.560001373291016,64.19999694824219,62.0,62.09000015258789,62.09000015258789,1213000,USD,NYQ,America/New_York,Yahoo Finance
HHH,2026-09-17,62.86000061035156,63.15999984741211,61.52000045776367,61.540000915527344,61.540000915527344,802500,USD,NYQ,America/New_York,Yahoo Finance
HHH,2026-09-18,61.119998931884766,61.54999923706055,60.09000015258789,60.220001220703125,60.220001220703125,1352600,USD,NYQ,America/New_York,Yahoo Finance
HHH,2026-09-21,61.0,65.87000274658203,61.0,65.5999984741211,65.5999984741211,1436000,USD,NYQ,America/New_York,Yahoo Finance
HHH,2026-09-22,65.95999908447266,66.45999908447266,64.83000183105469,66.08999633789062,66.08999633789062,853100,USD,NYQ,America/New_York,Yahoo Finance
HHH,2026-09-23,65.58000183105469,66.16000366210938,63.720001220703125,63.75,63.75,576900,USD,NYQ,America/New_York,Yahoo Finance
HHH,2026-09-24,63.83000183105469,65.26000213623047,63.83000183105469,64.58000183105469,64.58000183105469,647200,USD,NYQ,America/New_York,Yahoo Finance
HHH,2026-09-25,66.6500015258789,69.20999908447266,65.5,68.43000030517578,68.43000030517578,1102100,USD,NYQ,America/New_York,Yahoo Finance
HHH,2026-09-28,68.08000183105469,74.37000274658203,68.0,73.94999694824219,73.94999694824219,1887600,USD,NYQ,America/New_York,Yahoo Finance
HSLV,2026-08-17,5.239999771118164,5.429999828338623,5.170000076293945,5.260000228881836,5.260000228881836,578200,USD,ASE,America/New_York,Yahoo Finance
HSLV,2026-08-18,5.139999866485596,5.260000228881836,5.050000190734863,5.099999904632568,5.099999904632568,788900,USD,ASE,America/New_York,Yahoo Finance
HSLV,2026-08-19,5.340000152587891,5.5,5.289999961853027,5.400000095367432,5.400000095367432,576100,USD,ASE,America/New_York,Yahoo Finance
HSLV,2026-08-20,5.320000171661377,5.489999771118164,5.260000228881836,5.300000190734863,5.300000190734863,647400,USD,ASE,America/New_York,Yahoo Finance
HSLV,2026-08-21,5.460000038146973,5.510000228881836,5.170000076293945,5.329999923706055,5.329999923706055,823200,USD,ASE,America/New_York,Yahoo Finance
HSLV,2026-08-24,5.329999923706055,5.449999809265137,5.300000190734863,5.320000171661377,5.320000171661377,841400,USD,ASE,America/New_York,Yahoo Finance
HSLV,2026-08-25,5.300000190734863,5.570000171661377,5.210000038146973,5.559999942779541,5.559999942779541,819000,USD,ASE,America/New_York,Yahoo Finance
HSLV,2026-08-26,5.429999828338623,5.619999885559082,5.360000133514404,5.570000171661377,5.570000171661377,522400,USD,ASE,America/New_York,Yahoo Finance
HSLV,2026-08-27,5.539999961853027,5.760000228881836,5.539999961853027,5.730000019073486,5.730000019073486,505100,USD,ASE,America/New_York,Yahoo Finance
HSLV,2026-08-28,5.769999980926514,5.900000095367432,5.409999847412109,5.46999979019165,5.46999979019165,652800,USD,ASE,America/New_York,Yahoo Finance
HSLV,2026-08-31,5.489999771118164,5.590000152587891,5.380000114440918,5.519999980926514,5.519999980926514,390200,USD,ASE,America/New_York,Yahoo Finance
HSLV,2026-09-01,5.309999942779541,5.429999828338623,5.190000057220459,5.199999809265137,5.199999809265137,785600,USD,ASE,America/New_York,Yahoo Finance
HSLV,2026-09-02,5.340000152587891,5.699999809265137,5.329999923706055,5.630000114440918,5.630000114440918,877200,USD,ASE,America/New_York,Yahoo Finance
HSLV,2026-09-03,5.840000152587891,5.949999809265137,5.5,5.920000076293945,5.920000076293945,889900,USD,ASE,America/New_York,Yahoo Finance
HSLV,2026-09-04,5.730000019073486,5.829999923706055,5.659999847412109,5.760000228881836,5.760000228881836,513100,USD,ASE,America/New_York,Yahoo Finance
HSLV,2026-09-08,5.760000228881836,5.96999979019165,5.760000228881836,5.849999904632568,5.849999904632568,381900,USD,ASE,America/New_York,Yahoo Finance
HSLV,2026-09-09,5.929999828338623,6.099999904632568,5.869999885559082,5.989999771118164,5.989999771118164,664000,USD,ASE,America/New_York,Yahoo Finance
HSLV,2026-09-10,5.730000019073486,5.889999866485596,5.659999847412109,5.710000038146973,5.710000038146973,485100,USD,ASE,America/New_York,Yahoo Finance
HSLV,2026-09-11,5.920000076293945,5.920000076293945,5.480000019073486,5.5,5.5,622600,USD,ASE,America/New_York,Yahoo Finance
HSLV,2026-09-14,5.329999923706055,5.489999771118164,5.21999979019165,5.449999809265137,5.449999809265137,749300,USD,ASE,America/New_York,Yahoo Finance
HSLV,2026-09-15,5.449999809265137,5.489999771118164,5.150000095367432,5.360000133514404,5.360000133514404,642400,USD,ASE,America/New_York,Yahoo Finance
HSLV,2026-09-16,5.599999904632568,5.599999904632568,5.070000171661377,5.130000114440918,5.130000114440918,922000,USD,ASE,America/New_York,Yahoo Finance
HSLV,2026-09-17,5.329999923706055,5.519999980926514,5.320000171661377,5.420000076293945,5.420000076293945,622300,USD,ASE,America/New_York,Yahoo Finance
HSLV,2026-09-18,5.449999809265137,5.570000171661377,5.309999942779541,5.5,5.5,461500,USD,ASE,America/New_York,Yahoo Finance
HSLV,2026-09-21,5.550000190734863,5.699999809265137,5.46999979019165,5.699999809265137,5.699999809265137,627500,USD,ASE,America/New_York,Yahoo Finance
HSLV,2026-09-22,5.670000076293945,5.849999904632568,5.630000114440918,5.829999923706055,5.829999923706055,895500,USD,ASE,America/New_York,Yahoo Finance
HSLV,2026-09-23,5.670000076293945,5.75,5.360000133514404,5.449999809265137,5.449999809265137,930000,USD,ASE,America/New_York,Yahoo Finance
HSLV,2026-09-24,5.369999885559082,5.429999828338623,5.179999828338623,5.269999980926514,5.269999980926514,802200,USD,ASE,America/New_York,Yahoo Finance
HSLV,2026-09-25,5.289999961853027,5.449999809265137,5.230000019073486,5.340000152587891,5.340000152587891,679300,USD,ASE,America/New_York,Yahoo Finance
HSLV,2026-09-28,5.099999904632568,5.190000057220459,4.980000019073486,5.119999885559082,5.119999885559082,889600,USD,ASE,America/New_York,Yahoo Finance
IEP,2026-08-17,6.989999771118164,7.119999885559082,6.909999847412109,7.110000133514404,7.110000133514404,2864200,USD,NMS,America/New_York,Yahoo Finance
IEP,2026-08-18,7.03000020980835,7.039999961853027,6.789999961853027,6.829999923706055,6.829999923706055,2640200,USD,NMS,America/New_York,Yahoo Finance
IEP,2026-08-19,6.829999923706055,6.900000095367432,6.599999904632568,6.650000095367432,6.650000095367432,2067200,USD,NMS,America/New_York,Yahoo Finance
IEP,2026-08-20,6.639999866485596,6.690000057220459,6.510000228881836,6.650000095367432,6.650000095367432,2446700,USD,NMS,America/New_York,Yahoo Finance
IEP,2026-08-21,6.690000057220459,6.820000171661377,6.690000057220459,6.789999961853027,6.789999961853027,1390500,USD,NMS,America/New_York,Yahoo Finance
IEP,2026-08-24,6.75,6.789999961853027,6.659999847412109,6.739999771118164,6.739999771118164,1575100,USD,NMS,America/New_York,Yahoo Finance
IEP,2026-08-25,6.730000019073486,6.75,6.550000190734863,6.639999866485596,6.639999866485596,1521900,USD,NMS,America/New_York,Yahoo Finance
IEP,2026-08-26,6.619999885559082,6.829999923706055,6.599999904632568,6.809999942779541,6.809999942779541,749100,USD,NMS,America/New_York,Yahoo Finance
IEP,2026-08-27,6.800000190734863,6.869999885559082,6.710000038146973,6.730000019073486,6.730000019073486,589700,USD,NMS,America/New_York,Yahoo Finance
IEP,2026-08-28,6.75,6.800000190734863,6.710000038146973,6.78000020980835,6.78000020980835,485300,USD,NMS,America/New_York,Yahoo Finance
IEP,2026-08-31,6.75,6.820000171661377,6.71999979019165,6.800000190734863,6.800000190734863,589000,USD,NMS,America/New_York,Yahoo Finance
IEP,2026-09-01,6.78000020980835,6.840000152587891,6.739999771118164,6.809999942779541,6.809999942779541,490400,USD,NMS,America/New_York,Yahoo Finance
IEP,2026-09-02,6.78000020980835,6.849999904632568,6.75,6.800000190734863,6.800000190734863,1073900,USD,NMS,America/New_York,Yahoo Finance
IEP,2026-09-03,6.800000190734863,6.949999809265137,6.789999961853027,6.940000057220459,6.940000057220459,695900,USD,NMS,America/New_York,Yahoo Finance
IEP,2026-09-04,6.920000076293945,6.940000057220459,6.809999942779541,6.820000171661377,6.820000171661377,510500,USD,NMS,America/New_York,Yahoo Finance
IEP,2026-09-08,6.820000171661377,6.949999809265137,6.820000171661377,6.909999847412109,6.909999847412109,664300,USD,NMS,America/New_York,Yahoo Finance
IEP,2026-09-09,6.920000076293945,6.940000057220459,6.800000190734863,6.829999923706055,6.829999923706055,680400,USD,NMS,America/New_York,Yahoo Finance
IEP,2026-09-10,6.820000171661377,6.880000114440918,6.800000190734863,6.880000114440918,6.880000114440918,723600,USD,NMS,America/New_York,Yahoo Finance
IEP,2026-09-11,6.869999885559082,7.039999961853027,6.869999885559082,7.0,7.0,801300,USD,NMS,America/New_York,Yahoo Finance
IEP,2026-09-14,7.010000228881836,7.159999847412109,7.010000228881836,7.050000190734863,7.050000190734863,856500,USD,NMS,America/New_York,Yahoo Finance
IEP,2026-09-15,7.070000171661377,7.119999885559082,6.960000038146973,6.980000019073486,6.980000019073486,586800,USD,NMS,America/New_York,Yahoo Finance
IEP,2026-09-16,6.960000038146973,7.010000228881836,6.880000114440918,6.960000038146973,6.960000038146973,616800,USD,NMS,America/New_York,Yahoo Finance
IEP,2026-09-17,6.96999979019165,7.050000190734863,6.929999828338623,7.03000020980835,7.03000020980835,434100,USD,NMS,America/New_York,Yahoo Finance
IEP,2026-09-18,7.019999980926514,7.019999980926514,6.929999828338623,6.96999979019165,6.96999979019165,735100,USD,NMS,America/New_York,Yahoo Finance
IEP,2026-09-21,7.0,7.230000019073486,7.0,7.150000095367432,7.150000095367432,1461600,USD,NMS,America/New_York,Yahoo Finance
IEP,2026-09-22,7.150000095367432,7.260000228881836,7.110000133514404,7.119999885559082,7.119999885559082,567800,USD,NMS,America/New_York,Yahoo Finance
IEP,2026-09-23,7.099999904632568,7.130000114440918,7.010000228881836,7.099999904632568,7.099999904632568,900900,USD,NMS,America/New_York,Yahoo Finance
IEP,2026-09-24,7.070000171661377,7.099999904632568,6.949999809265137,6.949999809265137,6.949999809265137,1072200,USD,NMS,America/New_York,Yahoo Finance
IEP,2026-09-25,7.0,7.019999980926514,6.940000057220459,6.960000038146973,6.960000038146973,561800,USD,NMS,America/New_York,Yahoo Finance
IEP,2026-09-28,6.960000038146973,6.96999979019165,6.860000133514404,6.869999885559082,6.869999885559082,711200,USD,NMS,America/New_York,Yahoo Finance
IOVA,2026-08-17,6.840000152587891,7.25,6.699999809265137,7.099999904632568,7.099999904632568,14811100,USD,NGM,America/New_York,Yahoo Finance
IOVA,2026-08-18,7.0,7.309999942779541,6.929999828338623,7.03000020980835,7.03000020980835,10499400,USD,NGM,America/New_York,Yahoo Finance
IOVA,2026-08-19,7.199999809265137,8.0600004196167,7.190000057220459,7.989999771118164,7.989999771118164,24248300,USD,NGM,America/New_York,Yahoo Finance
IOVA,2026-08-20,8.069999694824219,9.359999656677246,7.960000038146973,8.989999771118164,8.989999771118164,43812300,USD,NGM,America/New_York,Yahoo Finance
IOVA,2026-08-21,9.079999923706055,9.300000190734863,8.149999618530273,8.289999961853027,8.289999961853027,27808900,USD,NGM,America/New_York,Yahoo Finance
IOVA,2026-08-24,8.079999923706055,8.359999656677246,7.789999961853027,8.0600004196167,8.0600004196167,15731200,USD,NGM,America/New_York,Yahoo Finance
IOVA,2026-08-25,8.15999984741211,8.479999542236328,8.029999732971191,8.4399995803833,8.4399995803833,11898400,USD,NGM,America/New_York,Yahoo Finance
IOVA,2026-08-26,8.34000015258789,8.550000190734863,8.020000457763672,8.079999923706055,8.079999923706055,10102300,USD,NGM,America/New_York,Yahoo Finance
IOVA,2026-08-27,8.079999923706055,8.319999694824219,7.949999809265137,8.260000228881836,8.260000228881836,7435700,USD,NGM,America/New_York,Yahoo Finance
IOVA,2026-08-28,8.199999809265137,8.350000381469727,7.96999979019165,8.010000228881836,8.010000228881836,7693500,USD,NGM,America/New_York,Yahoo Finance
IOVA,2026-08-31,7.949999809265137,8.170000076293945,7.659999847412109,8.170000076293945,8.170000076293945,12123400,USD,NGM,America/New_York,Yahoo Finance
IOVA,2026-09-01,8.020000457763672,8.289999961853027,7.96999979019165,8.279999732971191,8.279999732971191,6754300,USD,NGM,America/New_York,Yahoo Finance
IOVA,2026-09-02,8.3100004196167,8.6899995803833,8.300000190734863,8.619999885559082,8.619999885559082,12393200,USD,NGM,America/New_York,Yahoo Finance
IOVA,2026-09-03,8.649999618530273,8.789999961853027,8.550000190734863,8.699999809265137,8.699999809265137,14637200,USD,NGM,America/New_York,Yahoo Finance
IOVA,2026-09-04,8.739999771118164,8.899999618530273,8.640000343322754,8.789999961853027,8.789999961853027,8079600,USD,NGM,America/New_York,Yahoo Finance
IOVA,2026-09-08,8.6899995803833,8.90999984741211,8.479999542236328,8.699999809265137,8.699999809265137,9535300,USD,NGM,America/New_York,Yahoo Finance
IOVA,2026-09-09,8.65999984741211,8.729999542236328,8.319999694824219,8.430000305175781,8.430000305175781,11931300,USD,NGM,America/New_York,Yahoo Finance
IOVA,2026-09-10,8.319999694824219,8.420000076293945,8.039999961853027,8.140000343322754,8.140000343322754,10565100,USD,NGM,America/New_York,Yahoo Finance
IOVA,2026-09-11,8.25,8.699999809265137,8.079999923706055,8.600000381469727,8.600000381469727,12381600,USD,NGM,America/New_York,Yahoo Finance
IOVA,2026-09-14,8.5600004196167,9.40999984741211,8.539999961853027,9.260000228881836,9.260000228881836,21033600,USD,NGM,America/New_York,Yahoo Finance
IOVA,2026-09-15,9.210000038146973,9.380000114440918,8.979999542236328,9.359999656677246,9.359999656677246,11092000,USD,NGM,America/New_York,Yahoo Finance
IOVA,2026-09-16,9.449999809265137,9.930000305175781,9.4399995803833,9.869999885559082,9.869999885559082,19693900,USD,NGM,America/New_York,Yahoo Finance
IOVA,2026-09-17,10.25,10.979999542236328,9.989999771118164,10.020000457763672,10.020000457763672,24203800,USD,NGM,America/New_York,Yahoo Finance
IOVA,2026-09-18,10.119999885559082,10.270000457763672,9.829999923706055,10.25,10.25,22879700,USD,NGM,America/New_York,Yahoo Finance
IOVA,2026-09-21,10.430000305175781,10.640000343322754,10.029999732971191,10.1899995803833,10.1899995803833,13129500,USD,NGM,America/New_York,Yahoo Finance
IOVA,2026-09-22,10.180000305175781,10.800000190734863,10.029999732971191,10.640000343322754,10.640000343322754,16058200,USD,NGM,America/New_York,Yahoo Finance
IOVA,2026-09-23,10.6899995803833,10.850000381469727,10.119999885559082,10.1899995803833,10.1899995803833,15913000,USD,NGM,America/New_York,Yahoo Finance
IOVA,2026-09-24,10.399999618530273,10.829999923706055,10.149999618530273,10.800000190734863,10.800000190734863,11926900,USD,NGM,America/New_York,Yahoo Finance
IOVA,2026-09-25,10.899999618530273,11.130000114440918,10.6899995803833,11.0,11.0,12633900,USD,NGM,America/New_York,Yahoo Finance
IOVA,2026-09-28,10.880000114440918,11.170000076293945,10.680000305175781,10.989999771118164,10.989999771118164,12216900,USD,NGM,America/New_York,Yahoo Finance
IPAR,2026-08-17,113.19999694824219,115.08000183105469,110.05999755859375,111.77999877929688,110.98192596435547,332400,USD,NMS,America/New_York,Yahoo Finance
IPAR,2026-08-18,111.69999694824219,114.08999633789062,110.29000091552734,113.45999908447266,112.64993286132812,271800,USD,NMS,America/New_York,Yahoo Finance
IPAR,2026-08-19,115.16000366210938,118.33000183105469,113.44999694824219,117.01000213623047,116.17459106445312,243000,USD,NMS,America/New_York,Yahoo Finance
IPAR,2026-08-20,115.83999633789062,116.48999786376953,114.68000030517578,114.75,113.93072509765625,231700,USD,NMS,America/New_York,Yahoo Finance
IPAR,2026-08-21,115.4800033569336,115.79000091552734,113.41000366210938,115.5999984741211,114.77465057373047,213900,USD,NMS,America/New_York,Yahoo Finance
IPAR,2026-08-24,115.5999984741211,117.5999984741211,112.19999694824219,116.80000305175781,115.9660873413086,227800,USD,NMS,America/New_York,Yahoo Finance
IPAR,2026-08-25,116.62000274658203,118.18000030517578,115.22000122070312,116.55999755859375,115.72779846191406,214300,USD,NMS,America/New_York,Yahoo Finance
IPAR,2026-08-26,117.02999877929688,117.68000030517578,115.2699966430664,116.66999816894531,115.8370132446289,196500,USD,NMS,America/New_York,Yahoo Finance
IPAR,2026-08-27,115.5999984741211,117.73999786376953,115.0,117.2699966430664,116.43272399902344,200100,USD,NMS,America/New_York,Yahoo Finance
IPAR,2026-08-28,118.31999969482422,118.6500015258789,114.9000015258789,117.77999877929688,116.9390869140625,159000,USD,NMS,America/New_York,Yahoo Finance
IPAR,2026-08-31,117.30000305175781,117.4800033569336,115.73999786376953,117.43000030517578,116.59159088134766,184000,USD,NMS,America/New_York,Yahoo Finance
IPAR,2026-09-01,117.05999755859375,119.05000305175781,116.22000122070312,117.11000061035156,116.27387237548828,187200,USD,NMS,America/New_York,Yahoo Finance
IPAR,2026-09-02,117.16000366210938,118.55000305175781,114.9800033569336,116.45999908447266,115.62850952148438,228800,USD,NMS,America/New_York,Yahoo Finance
IPAR,2026-09-03,117.20999908447266,117.20999908447266,113.79000091552734,114.01000213623047,113.19600677490234,251700,USD,NMS,America/New_York,Yahoo Finance
IPAR,2026-09-04,112.91999816894531,116.93000030517578,112.66000366210938,116.69000244140625,115.85687255859375,176700,USD,NMS,America/New_York,Yahoo Finance
IPAR,2026-09-08,115.81999969482422,116.19999694824219,112.56999969482422,113.01000213623047,112.2031478881836,129100,USD,NMS,America/New_York,Yahoo Finance
IPAR,2026-09-09,111.7300033569336,112.25,110.05999755859375,111.62000274658203,110.82307434082031,188900,USD,NMS,America/New_York,Yahoo Finance
IPAR,2026-09-10,111.12000274658203,112.55000305175781,109.51000213623047,110.48999786376953,109.70113372802734,152100,USD,NMS,America/New_York,Yahoo Finance
IPAR,2026-09-11,111.76000213623047,112.19000244140625,110.44000244140625,112.01000213623047,111.21028900146484,171800,USD,NMS,America/New_York,Yahoo Finance
IPAR,2026-09-14,112.7699966430664,113.36000061035156,111.38999938964844,112.05000305175781,111.25,184100,USD,NMS,America/New_York,Yahoo Finance
IPAR,2026-09-15,110.91000366210938,111.13999938964844,108.19999694824219,109.98999786376953,109.98999786376953,202800,USD,NMS,America/New_York,Yahoo Finance
IPAR,2026-09-16,110.68000030517578,113.19000244140625,110.3499984741211,112.63999938964844,112.63999938964844,187300,USD,NMS,America/New_York,Yahoo Finance
IPAR,2026-09-17,113.62000274658203,114.0,110.37999725341797,110.73999786376953,110.73999786376953,176200,USD,NMS,America/New_York,Yahoo Finance
IPAR,2026-09-18,110.25,112.91999816894531,109.25,112.51000213623047,112.51000213623047,740900,USD,NMS,America/New_York,Yahoo Finance
IPAR,2026-09-21,112.55000305175781,112.93000030517578,111.45999908447266,112.76000213623047,112.76000213623047,153100,USD,NMS,America/New_York,Yahoo Finance
IPAR,2026-09-22,115.23999786376953,118.5,115.2300033569336,118.29000091552734,118.29000091552734,241000,USD,NMS,America/New_York,Yahoo Finance
IPAR,2026-09-23,119.5,119.75,117.2699966430664,117.4000015258789,117.4000015258789,195200,USD,NMS,America/New_York,Yahoo Finance
IPAR,2026-09-24,117.51000213623047,118.7300033569336,115.2300033569336,115.79000091552734,115.79000091552734,188800,USD,NMS,America/New_York,Yahoo Finance
IPAR,2026-09-25,115.73999786376953,118.72000122070312,115.44999694824219,117.93000030517578,117.93000030517578,174700,USD,NMS,America/New_York,Yahoo Finance
IPAR,2026-09-28,117.13999938964844,118.66999816894531,114.61000061035156,117.94000244140625,117.94000244140625,194300,USD,NMS,America/New_York,Yahoo Finance
IREN,2026-08-17,45.22999954223633,46.59000015258789,43.8650016784668,44.900001525878906,44.900001525878906,40135200,USD,NMS,America/New_York,Yahoo Finance
IREN,2026-08-18,43.560001373291016,45.279998779296875,41.58000183105469,42.0,42.0,43221900,USD,NMS,America/New_York,Yahoo Finance
IREN,2026-08-19,41.415000915527344,43.4900016784668,39.47999954223633,42.84000015258789,42.84000015258789,44038400,USD,NMS,America/New_York,Yahoo Finance
IREN,2026-08-20,42.459999084472656,43.58000183105469,41.111000061035156,42.599998474121094,42.599998474121094,44995400,USD,NMS,America/New_York,Yahoo Finance
IREN,2026-08-21,44.0,45.93000030517578,40.86000061035156,41.880001068115234,41.880001068115234,49894700,USD,NMS,America/New_York,Yahoo Finance
IREN,2026-08-24,40.849998474121094,41.27000045776367,39.599998474121094,39.810001373291016,39.810001373291016,33260300,USD,NMS,America/New_York,Yahoo Finance
IREN,2026-08-25,40.165000915527344,42.404998779296875,40.029998779296875,42.209999084472656,42.209999084472656,32507000,USD,NMS,America/New_York,Yahoo Finance
IREN,2026-08-26,41.20000076293945,41.56999969482422,39.36000061035156,39.58000183105469,39.58000183105469,39496900,USD,NMS,America/New_York,Yahoo Finance
IREN,2026-08-27,40.650001525878906,41.52000045776367,40.310001373291016,40.529998779296875,40.529998779296875,50348200,USD,NMS,America/New_York,Yahoo Finance
IREN,2026-08-28,37.64500045776367,38.04800033569336,34.810001373291016,35.45000076293945,35.45000076293945,89874200,USD,NMS,America/New_York,Yahoo Finance
IREN,2026-08-31,35.810001373291016,37.316001892089844,35.51100158691406,37.1150016784668,37.1150016784668,39689600,USD,NMS,America/New_York,Yahoo Finance
IREN,2026-09-01,36.08000183105469,37.2599983215332,35.13999938964844,36.81999969482422,36.81999969482422,33560100,USD,NMS,America/New_York,Yahoo Finance
IREN,2026-09-02,35.79499816894531,39.709999084472656,35.7599983215332,39.599998474121094,39.599998474121094,40648100,USD,NMS,America/New_York,Yahoo Finance
IREN,2026-09-03,39.290000915527344,41.81999969482422,39.029998779296875,41.650001525878906,41.650001525878906,44985200,USD,NMS,America/New_York,Yahoo Finance
IREN,2026-09-04,41.04999923706055,44.744998931884766,41.0,44.68000030517578,44.68000030517578,36266200,USD,NMS,America/New_York,Yahoo Finance
IREN,2026-09-08,46.13999938964844,49.290000915527344,46.0099983215332,46.93000030517578,46.93000030517578,50914800,USD,NMS,America/New_York,Yahoo Finance
IREN,2026-09-09,46.86000061035156,47.29999923706055,45.09000015258789,45.369998931884766,45.369998931884766,29847400,USD,NMS,America/New_York,Yahoo Finance
IREN,2026-09-10,44.0099983215332,45.849998474121094,43.45000076293945,43.63999938964844,43.63999938964844,35839500,USD,NMS,America/New_York,Yahoo Finance
IREN,2026-09-11,44.595001220703125,45.09000015258789,43.279998779296875,43.83000183105469,43.83000183105469,28985500,USD,NMS,America/New_York,Yahoo Finance
IREN,2026-09-14,41.970001220703125,44.35499954223633,41.77000045776367,43.16999816894531,43.16999816894531,35150200,USD,NMS,America/New_York,Yahoo Finance
IREN,2026-09-15,42.54999923706055,42.97999954223633,40.970001220703125,41.58000183105469,41.58000183105469,28677200,USD,NMS,America/New_York,Yahoo Finance
IREN,2026-09-16,42.45000076293945,43.915000915527344,41.54999923706055,42.619998931884766,42.619998931884766,33906000,USD,NMS,America/New_York,Yahoo Finance
IREN,2026-09-17,45.5,46.16999816894531,42.34000015258789,43.47999954223633,43.47999954223633,46463300,USD,NMS,America/New_York,Yahoo Finance
IREN,2026-09-18,44.70000076293945,46.7400016784668,43.362998962402344,46.68000030517578,46.68000030517578,45496300,USD,NMS,America/New_York,Yahoo Finance
IREN,2026-09-21,47.849998474121094,48.76900100708008,46.400001525878906,47.22999954223633,47.22999954223633,41082300,USD,NMS,America/New_York,Yahoo Finance
IREN,2026-09-22,46.97999954223633,49.349998474121094,46.83000183105469,48.54999923706055,48.54999923706055,33761800,USD,NMS,America/New_York,Yahoo Finance
IREN,2026-09-23,48.130001068115234,49.369998931884766,47.0099983215332,47.04999923706055,47.04999923706055,32390100,USD,NMS,America/New_York,Yahoo Finance
IREN,2026-09-24,45.84000015258789,47.31999969482422,45.143001556396484,46.150001525878906,46.150001525878906,30391600,USD,NMS,America/New_York,Yahoo Finance
IREN,2026-09-25,46.27000045776367,46.4900016784668,43.40999984741211,44.125,44.125,41168100,USD,NMS,America/New_York,Yahoo Finance
IREN,2026-09-28,43.36000061035156,43.9900016784668,41.69499969482422,41.720001220703125,41.720001220703125,26243700,USD,NMS,America/New_York,Yahoo Finance
JBS,2026-08-17,13.460000038146973,13.569999694824219,13.260000228881836,13.4399995803833,13.4399995803833,4593100,USD,NYQ,America/New_York,Yahoo Finance
JBS,2026-08-18,13.5,13.720000267028809,13.40999984741211,13.65999984741211,13.65999984741211,4883400,USD,NYQ,America/New_York,Yahoo Finance
JBS,2026-08-19,13.859999656677246,14.3149995803833,13.680000305175781,13.75,13.75,7258300,USD,NYQ,America/New_York,Yahoo Finance
JBS,2026-08-20,13.630000114440918,13.989999771118164,13.545000076293945,13.550000190734863,13.550000190734863,5652400,USD,NYQ,America/New_York,Yahoo Finance
JBS,2026-08-21,13.539999961853027,13.930000305175781,13.329999923706055,13.819999694824219,13.819999694824219,5200200,USD,NYQ,America/New_York,Yahoo Finance
JBS,2026-08-24,13.9350004196167,14.159000396728516,13.8100004196167,13.880000114440918,13.880000114440918,5571000,USD,NYQ,America/New_York,Yahoo Finance
JBS,2026-08-25,13.819999694824219,14.114999771118164,13.710000038146973,14.050000190734863,14.050000190734863,4566700,USD,NYQ,America/New_York,Yahoo Finance
JBS,2026-08-26,14.119999885559082,14.119999885559082,13.720000267028809,13.75,13.75,4191000,USD,NYQ,America/New_York,Yahoo Finance
JBS,2026-08-27,13.59000015258789,13.699999809265137,13.369999885559082,13.619999885559082,13.619999885559082,5728100,USD,NYQ,America/New_York,Yahoo Finance
JBS,2026-08-28,13.5,13.614999771118164,13.369999885559082,13.59000015258789,13.59000015258789,4444400,USD,NYQ,America/New_York,Yahoo Finance
JBS,2026-08-31,13.579999923706055,13.824999809265137,13.350000381469727,13.4399995803833,13.4399995803833,7035100,USD,NYQ,America/New_York,Yahoo Finance
JBS,2026-09-01,13.479999542236328,13.885000228881836,13.40999984741211,13.40999984741211,13.40999984741211,4022100,USD,NYQ,America/New_York,Yahoo Finance
JBS,2026-09-02,13.600000381469727,13.84000015258789,13.529999732971191,13.539999961853027,13.539999961853027,4130800,USD,NYQ,America/New_York,Yahoo Finance
JBS,2026-09-03,13.350000381469727,13.390000343322754,12.914999961853027,13.140000343322754,13.140000343322754,5934400,USD,NYQ,America/New_York,Yahoo Finance
JBS,2026-09-04,13.069999694824219,13.404999732971191,12.864999771118164,13.029999732971191,13.029999732971191,4615600,USD,NYQ,America/New_York,Yahoo Finance
JBS,2026-09-08,13.029999732971191,13.100000381469727,12.739999771118164,12.869999885559082,12.869999885559082,5976500,USD,NYQ,America/New_York,Yahoo Finance
JBS,2026-09-09,12.8100004196167,12.899999618530273,12.5600004196167,12.579999923706055,12.579999923706055,4253500,USD,NYQ,America/New_York,Yahoo Finance
JBS,2026-09-10,12.529999732971191,12.720000267028809,12.484999656677246,12.619999885559082,12.619999885559082,4444000,USD,NYQ,America/New_York,Yahoo Finance
JBS,2026-09-11,12.6899995803833,12.75,12.430000305175781,12.59000015258789,12.59000015258789,5627700,USD,NYQ,America/New_York,Yahoo Finance
JBS,2026-09-14,12.640000343322754,12.850000381469727,12.479999542236328,12.510000228881836,12.510000228881836,4407600,USD,NYQ,America/New_York,Yahoo Finance
JBS,2026-09-15,12.430000305175781,12.460000038146973,12.119999885559082,12.279999732971191,12.279999732971191,4804000,USD,NYQ,America/New_York,Yahoo Finance
JBS,2026-09-16,12.260000228881836,12.319999694824219,12.170000076293945,12.220000267028809,12.220000267028809,3358100,USD,NYQ,America/New_York,Yahoo Finance
JBS,2026-09-17,12.260000228881836,12.329999923706055,12.03499984741211,12.0600004196167,12.0600004196167,3842800,USD,NYQ,America/New_York,Yahoo Finance
JBS,2026-09-18,11.949999809265137,12.15999984741211,11.930000305175781,11.960000038146973,11.960000038146973,7101200,USD,NYQ,America/New_York,Yahoo Finance
JBS,2026-09-21,12.100000381469727,12.100000381469727,11.875,12.029999732971191,12.029999732971191,4356500,USD,NYQ,America/New_York,Yahoo Finance
JBS,2026-09-22,11.960000038146973,12.145000457763672,11.739999771118164,11.899999618530273,11.899999618530273,4648300,USD,NYQ,America/New_York,Yahoo Finance
JBS,2026-09-23,11.880000114440918,11.9399995803833,11.420000076293945,11.510000228881836,11.510000228881836,7034900,USD,NYQ,America/New_York,Yahoo Finance
JBS,2026-09-24,11.53499984741211,11.619999885559082,11.210000038146973,11.359999656677246,11.359999656677246,6066400,USD,NYQ,America/New_York,Yahoo Finance
JBS,2026-09-25,11.359999656677246,11.680000305175781,11.345000267028809,11.569999694824219,11.569999694824219,5256800,USD,NYQ,America/New_York,Yahoo Finance
JBS,2026-09-28,11.489999771118164,11.614999771118164,11.329999923706055,11.600000381469727,11.600000381469727,4586500,USD,NYQ,America/New_York,Yahoo Finance
JEF,2026-08-17,55.0099983215332,55.400001525878906,54.11000061035156,54.560001373291016,54.15999984741211,2297800,USD,NYQ,America/New_York,Yahoo Finance
JEF,2026-08-18,53.90999984741211,54.08000183105469,52.369998931884766,53.84000015258789,53.84000015258789,1927000,USD,NYQ,America/New_York,Yahoo Finance
JEF,2026-08-19,54.02000045776367,54.630001068115234,53.16999816894531,53.54999923706055,53.54999923706055,2763500,USD,NYQ,America/New_York,Yahoo Finance
JEF,2026-08-20,53.33000183105469,53.619998931884766,51.61000061035156,51.779998779296875,51.779998779296875,2351200,USD,NYQ,America/New_York,Yahoo Finance
JEF,2026-08-21,52.45000076293945,52.75,51.970001220703125,52.33000183105469,52.33000183105469,1176800,USD,NYQ,America/New_York,Yahoo Finance
JEF,2026-08-24,52.4900016784668,52.90999984741211,51.61000061035156,51.90999984741211,51.90999984741211,1234100,USD,NYQ,America/New_York,Yahoo Finance
JEF,2026-08-25,51.90999984741211,52.709999084472656,51.029998779296875,52.45000076293945,52.45000076293945,1535000,USD,NYQ,America/New_York,Yahoo Finance
JEF,2026-08-26,52.4900016784668,53.54999923706055,51.56999969482422,53.130001068115234,53.130001068115234,1829800,USD,NYQ,America/New_York,Yahoo Finance
JEF,2026-08-27,53.2599983215332,53.59000015258789,52.70000076293945,52.84000015258789,52.84000015258789,1433600,USD,NYQ,America/New_York,Yahoo Finance
JEF,2026-08-28,53.0,53.709999084472656,52.810001373291016,53.09000015258789,53.09000015258789,1015400,USD,NYQ,America/New_York,Yahoo Finance
JEF,2026-08-31,52.90999984741211,53.029998779296875,52.0,52.63999938964844,52.63999938964844,1444600,USD,NYQ,America/New_York,Yahoo Finance
JEF,2026-09-01,51.93000030517578,53.2400016784668,51.29999923706055,51.97999954223633,51.97999954223633,1277000,USD,NYQ,America/New_York,Yahoo Finance
JEF,2026-09-02,52.0099983215332,53.290000915527344,51.810001373291016,52.900001525878906,52.900001525878906,1256800,USD,NYQ,America/New_York,Yahoo Finance
JEF,2026-09-03,53.540000915527344,54.720001220703125,53.16999816894531,54.2599983215332,54.2599983215332,1150100,USD,NYQ,America/New_York,Yahoo Finance
JEF,2026-09-04,54.560001373291016,56.13999938964844,54.130001068115234,55.22999954223633,55.22999954223633,1767700,USD,NYQ,America/New_York,Yahoo Finance
JEF,2026-09-08,55.08000183105469,55.90999984741211,54.58000183105469,55.720001220703125,55.720001220703125,1701000,USD,NYQ,America/New_York,Yahoo Finance
JEF,2026-09-09,55.79999923706055,55.849998474121094,54.279998779296875,55.25,55.25,1379100,USD,NYQ,America/New_York,Yahoo Finance
JEF,2026-09-10,54.970001220703125,55.08000183105469,53.459999084472656,53.93000030517578,53.93000030517578,1250800,USD,NYQ,America/New_York,Yahoo Finance
JEF,2026-09-11,54.33000183105469,54.529998779296875,51.790000915527344,51.959999084472656,51.959999084472656,2143600,USD,NYQ,America/New_York,Yahoo Finance
JEF,2026-09-14,50.9900016784668,51.7400016784668,49.25,50.099998474121094,50.099998474121094,2326700,USD,NYQ,America/New_York,Yahoo Finance
JEF,2026-09-15,49.810001373291016,50.279998779296875,48.08000183105469,48.83000183105469,48.83000183105469,3483200,USD,NYQ,America/New_York,Yahoo Finance
JEF,2026-09-16,48.880001068115234,49.689998626708984,46.630001068115234,47.349998474121094,47.349998474121094,2936300,USD,NYQ,America/New_York,Yahoo Finance
JEF,2026-09-17,48.380001068115234,49.25,47.33000183105469,47.869998931884766,47.869998931884766,3709200,USD,NYQ,America/New_York,Yahoo Finance
JEF,2026-09-18,47.779998779296875,47.93000030517578,46.959999084472656,47.900001525878906,47.900001525878906,6267100,USD,NYQ,America/New_York,Yahoo Finance
JEF,2026-09-21,48.65999984741211,48.77000045776367,47.65999984741211,47.849998474121094,47.849998474121094,2296100,USD,NYQ,America/New_York,Yahoo Finance
JEF,2026-09-22,48.279998779296875,48.290000915527344,46.439998626708984,47.38999938964844,47.38999938964844,1714000,USD,NYQ,America/New_York,Yahoo Finance
JEF,2026-09-23,46.970001220703125,47.52000045776367,46.560001373291016,46.97999954223633,46.97999954223633,1468600,USD,NYQ,America/New_York,Yahoo Finance
JEF,2026-09-24,46.45000076293945,46.970001220703125,45.09000015258789,46.2400016784668,46.2400016784668,2400100,USD,NYQ,America/New_York,Yahoo Finance
JEF,2026-09-25,46.47999954223633,47.72999954223633,45.970001220703125,47.68000030517578,47.68000030517578,1922700,USD,NYQ,America/New_York,Yahoo Finance
JEF,2026-09-28,47.59000015258789,48.31999969482422,46.630001068115234,47.130001068115234,47.130001068115234,4133000,USD,NYQ,America/New_York,Yahoo Finance
KAI,2026-08-17,332.2099914550781,337.489990234375,328.07000732421875,329.7200012207031,329.7200012207031,76600,USD,NYQ,America/New_York,Yahoo Finance
KAI,2026-08-18,327.6199951171875,330.2300109863281,307.0799865722656,309.6400146484375,309.6400146484375,154800,USD,NYQ,America/New_York,Yahoo Finance
KAI,2026-08-19,311.2099914550781,318.0,307.55999755859375,314.3699951171875,314.3699951171875,134900,USD,NYQ,America/New_York,Yahoo Finance
KAI,2026-08-20,310.04998779296875,318.1600036621094,305.0,314.05999755859375,314.05999755859375,158600,USD,NYQ,America/New_York,Yahoo Finance
KAI,2026-08-21,317.3599853515625,317.3599853515625,307.6300048828125,313.4100036621094,313.4100036621094,123800,USD,NYQ,America/New_York,Yahoo Finance
KAI,2026-08-24,316.1700134277344,317.8999938964844,310.010009765625,312.57000732421875,312.57000732421875,230000,USD,NYQ,America/New_York,Yahoo Finance
KAI,2026-08-25,317.3900146484375,319.2699890136719,299.5,302.8399963378906,302.8399963378906,230300,USD,NYQ,America/New_York,Yahoo Finance
KAI,2026-08-26,307.3800048828125,309.79998779296875,302.6499938964844,305.9200134277344,305.9200134277344,65600,USD,NYQ,America/New_York,Yahoo Finance
KAI,2026-08-27,305.67999267578125,308.4599914550781,303.32000732421875,305.8599853515625,305.8599853515625,90000,USD,NYQ,America/New_York,Yahoo Finance
KAI,2026-08-28,305.7300109863281,307.7099914550781,296.17999267578125,302.239990234375,302.239990234375,148500,USD,NYQ,America/New_York,Yahoo Finance
KAI,2026-08-31,300.8900146484375,301.3800048828125,296.739990234375,299.1400146484375,299.1400146484375,107300,USD,NYQ,America/New_York,Yahoo Finance
KAI,2026-09-01,294.70001220703125,298.79998779296875,290.7699890136719,292.4800109863281,292.4800109863281,150800,USD,NYQ,America/New_York,Yahoo Finance
KAI,2026-09-02,293.8800048828125,297.82000732421875,290.20001220703125,295.0899963378906,295.0899963378906,227000,USD,NYQ,America/New_York,Yahoo Finance
KAI,2026-09-03,298.760009765625,300.45001220703125,292.6700134277344,297.55999755859375,297.55999755859375,146700,USD,NYQ,America/New_York,Yahoo Finance
KAI,2026-09-04,295.8900146484375,299.4200134277344,291.3399963378906,298.760009765625,298.760009765625,60400,USD,NYQ,America/New_York,Yahoo Finance
KAI,2026-09-08,299.07000732421875,302.1400146484375,297.7200012207031,299.5400085449219,299.5400085449219,140600,USD,NYQ,America/New_York,Yahoo Finance
KAI,2026-09-09,298.69000244140625,301.7699890136719,290.760009765625,291.25,291.25,98200,USD,NYQ,America/New_York,Yahoo Finance
KAI,2026-09-10,288.1300048828125,290.0899963378906,281.79998779296875,286.2300109863281,286.2300109863281,258000,USD,NYQ,America/New_York,Yahoo Finance
KAI,2026-09-11,288.010009765625,288.010009765625,266.1499938964844,266.29998779296875,266.29998779296875,280900,USD,NYQ,America/New_York,Yahoo Finance
KAI,2026-09-14,262.0,272.0,260.25,267.29998779296875,267.29998779296875,303100,USD,NYQ,America/New_York,Yahoo Finance
KAI,2026-09-15,268.260009765625,268.3999938964844,260.8500061035156,265.55999755859375,265.55999755859375,298700,USD,NYQ,America/New_York,Yahoo Finance
KAI,2026-09-16,268.3999938964844,274.2699890136719,264.5299987792969,270.0,270.0,147600,USD,NYQ,America/New_York,Yahoo Finance
KAI,2026-09-17,275.3999938964844,275.3999938964844,265.9599914550781,267.1199951171875,267.1199951171875,128600,USD,NYQ,America/New_York,Yahoo Finance
KAI,2026-09-18,267.8399963378906,269.6400146484375,264.4599914550781,265.55999755859375,265.55999755859375,309300,USD,NYQ,America/New_York,Yahoo Finance
KAI,2026-09-21,267.80999755859375,269.92999267578125,263.4100036621094,265.8399963378906,265.8399963378906,96800,USD,NYQ,America/New_York,Yahoo Finance
KAI,2026-09-22,271.1600036621094,274.8999938964844,268.20001220703125,272.1099853515625,272.1099853515625,101100,USD,NYQ,America/New_York,Yahoo Finance
KAI,2026-09-23,270.54998779296875,280.07000732421875,269.489990234375,278.3500061035156,278.3500061035156,187800,USD,NYQ,America/New_York,Yahoo Finance
KAI,2026-09-24,275.54998779296875,276.69000244140625,269.55999755859375,274.4200134277344,274.4200134277344,106900,USD,NYQ,America/New_York,Yahoo Finance
KAI,2026-09-25,274.5299987792969,280.1300048828125,273.82000732421875,273.8900146484375,273.8900146484375,110600,USD,NYQ,America/New_York,Yahoo Finance
KAI,2026-09-28,272.260009765625,276.4200134277344,267.0,269.8399963378906,269.8399963378906,261000,USD,NYQ,America/New_York,Yahoo Finance
KELYB,2026-08-17,23.940000534057617,23.940000534057617,23.940000534057617,23.940000534057617,23.858386993408203,0,USD,NMS,America/New_York,Yahoo Finance
KELYB,2026-08-18,22.0,22.0,22.0,22.0,21.924999237060547,500,USD,NMS,America/New_York,Yahoo Finance
KELYB,2026-08-19,23.469999313354492,23.469999313354492,23.469999313354492,23.469999313354492,23.469999313354492,300,USD,NMS,America/New_York,Yahoo Finance
KELYB,2026-08-20,23.469999313354492,23.469999313354492,23.469999313354492,23.469999313354492,23.469999313354492,0,USD,NMS,America/New_York,Yahoo Finance
KELYB,2026-08-21,23.989999771118164,23.989999771118164,23.190000534057617,23.190000534057617,23.190000534057617,800,USD,NMS,America/New_York,Yahoo Finance
KELYB,2026-08-24,23.190000534057617,23.190000534057617,23.190000534057617,23.190000534057617,23.190000534057617,0,USD,NMS,America/New_York,Yahoo Finance
KELYB,2026-08-25,21.799999237060547,22.989999771118164,21.799999237060547,22.989999771118164,22.989999771118164,400,USD,NMS,America/New_York,Yahoo Finance
KELYB,2026-08-26,22.989999771118164,22.989999771118164,22.989999771118164,22.989999771118164,22.989999771118164,0,USD,NMS,America/New_York,Yahoo Finance
KELYB,2026-08-27,23.489999771118164,23.489999771118164,23.270000457763672,23.270000457763672,23.270000457763672,500,USD,NMS,America/New_York,Yahoo Finance
KELYB,2026-08-28,23.270000457763672,23.270000457763672,23.270000457763672,23.270000457763672,23.270000457763672,0,USD,NMS,America/New_York,Yahoo Finance
KELYB,2026-08-31,24.190000534057617,24.190000534057617,24.190000534057617,24.190000534057617,24.190000534057617,1500,USD,NMS,America/New_York,Yahoo Finance
KELYB,2026-09-01,24.190000534057617,24.190000534057617,24.190000534057617,24.190000534057617,24.190000534057617,0,USD,NMS,America/New_York,Yahoo Finance
KELYB,2026-09-02,24.100000381469727,24.100000381469727,24.100000381469727,24.100000381469727,24.100000381469727,500,USD,NMS,America/New_York,Yahoo Finance
KELYB,2026-09-03,24.75,24.75,23.270000457763672,23.270000457763672,23.270000457763672,1900,USD,NMS,America/New_York,Yahoo Finance
KELYB,2026-09-04,23.270000457763672,23.270000457763672,23.270000457763672,23.270000457763672,23.270000457763672,0,USD,NMS,America/New_York,Yahoo Finance
KELYB,2026-09-08,23.270000457763672,23.270000457763672,23.270000457763672,23.270000457763672,23.270000457763672,0,USD,NMS,America/New_York,Yahoo Finance
KELYB,2026-09-09,23.270000457763672,23.270000457763672,23.270000457763672,23.270000457763672,23.270000457763672,0,USD,NMS,America/New_York,Yahoo Finance
KELYB,2026-09-10,23.270000457763672,23.270000457763672,23.270000457763672,23.270000457763672,23.270000457763672,0,USD,NMS,America/New_York,Yahoo Finance
KELYB,2026-09-11,22.40999984741211,23.290000915527344,22.40999984741211,22.489999771118164,22.489999771118164,2800,USD,NMS,America/New_York,Yahoo Finance
KELYB,2026-09-14,22.850000381469727,23.899999618530273,22.020000457763672,22.81999969482422,22.81999969482422,9600,USD,NMS,America/New_York,Yahoo Finance
KELYB,2026-09-15,22.219999313354492,23.799999237060547,22.190000534057617,22.190000534057617,22.190000534057617,35800,USD,NMS,America/New_York,Yahoo Finance
KELYB,2026-09-16,22.299999237060547,22.75,22.290000915527344,22.290000915527344,22.290000915527344,6900,USD,NMS,America/New_York,Yahoo Finance
KELYB,2026-09-17,22.200000762939453,22.8799991607666,22.010000228881836,22.8799991607666,22.8799991607666,68000,USD,NMS,America/New_York,Yahoo Finance
KELYB,2026-09-18,22.399999618530273,22.8799991607666,22.190000534057617,22.190000534057617,22.190000534057617,92500,USD,NMS,America/New_York,Yahoo Finance
KELYB,2026-09-21,22.950000762939453,22.950000762939453,22.190000534057617,22.3799991607666,22.3799991607666,8100,USD,NMS,America/New_York,Yahoo Finance
KELYB,2026-09-22,22.399999618530273,22.420000076293945,22.309999465942383,22.309999465942383,22.309999465942383,3500,USD,NMS,America/New_York,Yahoo Finance
KELYB,2026-09-23,22.309999465942383,22.309999465942383,22.309999465942383,22.309999465942383,22.309999465942383,0,USD,NMS,America/New_York,Yahoo Finance
KELYB,2026-09-24,22.549999237060547,22.549999237060547,22.549999237060547,22.549999237060547,22.549999237060547,1500,USD,NMS,America/New_York,Yahoo Finance
KELYB,2026-09-25,22.5,22.540000915527344,22.190000534057617,22.190000534057617,22.190000534057617,3700,USD,NMS,America/New_York,Yahoo Finance
KELYB,2026-09-28,23.290000915527344,23.809999465942383,22.59000015258789,22.59000015258789,22.59000015258789,13200,USD,NMS,America/New_York,Yahoo Finance
KEY,2026-08-17,23.239999771118164,23.459999084472656,23.040000915527344,23.040000915527344,22.821434020996094,8450300,USD,NYQ,America/New_York,Yahoo Finance
KEY,2026-08-18,23.059999465942383,23.170000076293945,22.700000762939453,22.790000915527344,22.573806762695312,8730700,USD,NYQ,America/New_York,Yahoo Finance
KEY,2026-08-19,22.860000610351562,22.90999984741211,22.0,22.100000381469727,21.890352249145508,11850700,USD,NYQ,America/New_York,Yahoo Finance
KEY,2026-08-20,22.040000915527344,22.079999923706055,21.829999923706055,21.850000381469727,21.642723083496094,13390600,USD,NYQ,America/New_York,Yahoo Finance
KEY,2026-08-21,21.989999771118164,22.100000381469727,21.690000534057617,21.8700008392334,21.662534713745117,11538200,USD,NYQ,America/New_York,Yahoo Finance
KEY,2026-08-24,21.899999618530273,22.170000076293945,21.760000228881836,21.8700008392334,21.662534713745117,11304600,USD,NYQ,America/New_York,Yahoo Finance
KEY,2026-08-25,21.899999618530273,21.969999313354492,21.719999313354492,21.889999389648438,21.682342529296875,6546800,USD,NYQ,America/New_York,Yahoo Finance
KEY,2026-08-26,22.010000228881836,22.200000762939453,21.899999618530273,22.09000015258789,21.88044548034668,6542300,USD,NYQ,America/New_York,Yahoo Finance
KEY,2026-08-27,21.889999389648438,22.059999465942383,21.790000915527344,22.020000457763672,21.81110954284668,7784800,USD,NYQ,America/New_York,Yahoo Finance
KEY,2026-08-28,22.139999389648438,22.239999771118164,21.8700008392334,21.90999984741211,21.7021541595459,7591500,USD,NYQ,America/New_York,Yahoo Finance
KEY,2026-08-31,21.81999969482422,21.899999618530273,21.600000381469727,21.610000610351562,21.405000686645508,10816400,USD,NYQ,America/New_York,Yahoo Finance
KEY,2026-09-01,21.34000015258789,21.59000015258789,21.149999618530273,21.209999084472656,21.209999084472656,10553000,USD,NYQ,America/New_York,Yahoo Finance
KEY,2026-09-02,21.34000015258789,21.989999771118164,21.31999969482422,21.799999237060547,21.799999237060547,10375000,USD,NYQ,America/New_York,Yahoo Finance
KEY,2026-09-03,21.899999618530273,22.18000030517578,21.809999465942383,22.1200008392334,22.1200008392334,10341500,USD,NYQ,America/New_York,Yahoo Finance
KEY,2026-09-04,22.020000457763672,22.350000381469727,22.020000457763672,22.18000030517578,22.18000030517578,9683300,USD,NYQ,America/New_York,Yahoo Finance
KEY,2026-09-08,22.040000915527344,22.170000076293945,21.770000457763672,21.790000915527344,21.790000915527344,11851100,USD,NYQ,America/New_York,Yahoo Finance
KEY,2026-09-09,21.690000534057617,21.93000030517578,21.579999923706055,21.729999542236328,21.729999542236328,12745000,USD,NYQ,America/New_York,Yahoo Finance
KEY,2026-09-10,21.780000686645508,21.780000686645508,21.489999771118164,21.729999542236328,21.729999542236328,16838200,USD,NYQ,America/New_York,Yahoo Finance
KEY,2026-09-11,21.889999389648438,21.979999542236328,21.510000228881836,21.84000015258789,21.84000015258789,11327000,USD,NYQ,America/New_York,Yahoo Finance
KEY,2026-09-14,21.920000076293945,22.15999984741211,21.739999771118164,21.93000030517578,21.93000030517578,16792300,USD,NYQ,America/New_York,Yahoo Finance
KEY,2026-09-15,21.920000076293945,22.06999969482422,21.639999389648438,21.700000762939453,21.700000762939453,25080800,USD,NYQ,America/New_York,Yahoo Finance
KEY,2026-09-16,21.709999084472656,21.709999084472656,20.5,20.719999313354492,20.719999313354492,27329800,USD,NYQ,America/New_York,Yahoo Finance
KEY,2026-09-17,20.979999542236328,21.079999923706055,20.65999984741211,20.950000762939453,20.950000762939453,12953300,USD,NYQ,America/New_York,Yahoo Finance
KEY,2026-09-18,20.899999618530273,21.010000228881836,20.700000762939453,20.809999465942383,20.809999465942383,19007100,USD,NYQ,America/New_York,Yahoo Finance
KEY,2026-09-21,20.979999542236328,21.0,20.75,20.8700008392334,20.8700008392334,14976400,USD,NYQ,America/New_York,Yahoo Finance
KEY,2026-09-22,20.93000030517578,20.969999313354492,20.450000762939453,20.479999542236328,20.479999542236328,16133700,USD,NYQ,America/New_York,Yahoo Finance
KEY,2026-09-23,20.479999542236328,20.579999923706055,20.209999084472656,20.239999771118164,20.239999771118164,13838800,USD,NYQ,America/New_York,Yahoo Finance
KEY,2026-09-24,20.270000457763672,20.34000015258789,20.040000915527344,20.25,20.25,16552500,USD,NYQ,America/New_York,Yahoo Finance
KEY,2026-09-25,20.329999923706055,20.670000076293945,20.299999237060547,20.610000610351562,20.610000610351562,15833400,USD,NYQ,America/New_York,Yahoo Finance
KEY,2026-09-28,20.559999465942383,20.56999969482422,20.350000381469727,20.399999618530273,20.399999618530273,18479400,USD,NYQ,America/New_York,Yahoo Finance
KMX,2026-08-17,59.47999954223633,60.119998931884766,58.27000045776367,58.529998779296875,58.529998779296875,2461200,USD,NYQ,America/New_York,Yahoo Finance
KMX,2026-08-18,58.849998474121094,59.0,57.25,57.400001525878906,57.400001525878906,1560400,USD,NYQ,America/New_York,Yahoo Finance
KMX,2026-08-19,58.2599983215332,59.77000045776367,57.72999954223633,58.95000076293945,58.95000076293945,1830200,USD,NYQ,America/New_York,Yahoo Finance
KMX,2026-08-20,58.5,61.84000015258789,57.70000076293945,61.04999923706055,61.04999923706055,2612700,USD,NYQ,America/New_York,Yahoo Finance
KMX,2026-08-21,61.650001525878906,63.0,61.029998779296875,62.130001068115234,62.130001068115234,1612800,USD,NYQ,America/New_York,Yahoo Finance
KMX,2026-08-24,62.59000015258789,63.150001525878906,61.349998474121094,62.79999923706055,62.79999923706055,2208800,USD,NYQ,America/New_York,Yahoo Finance
KMX,2026-08-25,63.09000015258789,64.58999633789062,62.650001525878906,64.22000122070312,64.22000122070312,2028200,USD,NYQ,America/New_York,Yahoo Finance
KMX,2026-08-26,64.76000213623047,65.27999877929688,63.75,63.84000015258789,63.84000015258789,1496100,USD,NYQ,America/New_York,Yahoo Finance
KMX,2026-08-27,63.47999954223633,63.84000015258789,62.61000061035156,62.63999938964844,62.63999938964844,1231200,USD,NYQ,America/New_York,Yahoo Finance
KMX,2026-08-28,63.529998779296875,63.529998779296875,61.91999816894531,62.11000061035156,62.11000061035156,958400,USD,NYQ,America/New_York,Yahoo Finance
KMX,2026-08-31,62.41999816894531,62.560001373291016,61.15999984741211,61.33000183105469,61.33000183105469,1124100,USD,NYQ,America/New_York,Yahoo Finance
KMX,2026-09-01,61.060001373291016,61.4900016784668,60.16999816894531,61.0,61.0,1645600,USD,NYQ,America/New_York,Yahoo Finance
KMX,2026-09-02,60.810001373291016,62.189998626708984,60.810001373291016,61.43000030517578,61.43000030517578,1368200,USD,NYQ,America/New_York,Yahoo Finance
KMX,2026-09-03,62.18000030517578,63.099998474121094,61.400001525878906,62.63999938964844,62.63999938964844,1587800,USD,NYQ,America/New_York,Yahoo Finance
KMX,2026-09-04,62.22999954223633,63.38999938964844,62.099998474121094,63.290000915527344,63.290000915527344,1158100,USD,NYQ,America/New_York,Yahoo Finance
KMX,2026-09-08,62.29999923706055,62.38999938964844,60.209999084472656,60.56999969482422,60.56999969482422,1976200,USD,NYQ,America/New_York,Yahoo Finance
KMX,2026-09-09,59.65999984741211,60.95000076293945,59.0,60.290000915527344,60.290000915527344,1575000,USD,NYQ,America/New_York,Yahoo Finance
KMX,2026-09-10,60.5,61.0,59.650001525878906,60.52000045776367,60.52000045776367,1484200,USD,NYQ,America/New_York,Yahoo Finance
KMX,2026-09-11,61.41999816894531,62.25,60.709999084472656,61.31999969482422,61.31999969482422,1355400,USD,NYQ,America/New_York,Yahoo Finance
KMX,2026-09-14,61.31999969482422,61.939998626708984,60.880001068115234,61.689998626708984,61.689998626708984,1259000,USD,NYQ,America/New_York,Yahoo Finance
KMX,2026-09-15,61.29999923706055,61.52000045776367,59.790000915527344,59.86000061035156,59.86000061035156,2089500,USD,NYQ,America/New_York,Yahoo Finance
KMX,2026-09-16,60.06999969482422,60.09000015258789,58.45000076293945,58.79999923706055,58.79999923706055,2048700,USD,NYQ,America/New_York,Yahoo Finance
KMX,2026-09-17,59.349998474121094,59.97999954223633,57.95000076293945,58.380001068115234,58.380001068115234,1787300,USD,NYQ,America/New_York,Yahoo Finance
KMX,2026-09-18,59.130001068115234,59.369998931884766,56.41999816894531,57.209999084472656,57.209999084472656,4206800,USD,NYQ,America/New_York,Yahoo Finance
KMX,2026-09-21,57.58000183105469,58.810001373291016,57.09000015258789,57.86000061035156,57.86000061035156,3035300,USD,NYQ,America/New_York,Yahoo Finance
KMX,2026-09-22,58.65999984741211,58.65999984741211,56.189998626708984,56.84000015258789,56.84000015258789,3051100,USD,NYQ,America/New_York,Yahoo Finance
KMX,2026-09-23,56.83000183105469,59.34000015258789,54.900001525878906,57.459999084472656,57.459999084472656,5340500,USD,NYQ,America/New_York,Yahoo Finance
KMX,2026-09-24,57.06999969482422,58.5,55.2400016784668,56.36000061035156,56.36000061035156,2446100,USD,NYQ,America/New_York,Yahoo Finance
KMX,2026-09-25,56.75,58.59000015258789,56.2599983215332,57.209999084472656,57.209999084472656,2725200,USD,NYQ,America/New_York,Yahoo Finance
KMX,2026-09-28,57.16999816894531,58.77000045776367,56.2400016784668,56.54999923706055,56.54999923706055,6364600,USD,NYQ,America/New_York,Yahoo Finance
KSS,2026-08-17,19.079999923706055,19.360000610351562,18.709999084472656,19.280000686645508,19.15049934387207,3035200,USD,NYQ,America/New_York,Yahoo Finance
KSS,2026-08-18,19.149999618530273,19.229999542236328,18.610000610351562,18.700000762939453,18.57439613342285,3215100,USD,NYQ,America/New_York,Yahoo Finance
KSS,2026-08-19,18.84000015258789,19.219999313354492,18.520000457763672,18.84000015258789,18.713455200195312,3120800,USD,NYQ,America/New_York,Yahoo Finance
KSS,2026-08-20,18.420000076293945,18.549999237060547,16.8799991607666,17.329999923706055,17.21359634399414,6043300,USD,NYQ,America/New_York,Yahoo Finance
KSS,2026-08-21,17.510000228881836,17.8700008392334,17.43000030517578,17.600000381469727,17.481782913208008,3367100,USD,NYQ,America/New_York,Yahoo Finance
KSS,2026-08-24,17.729999542236328,18.3799991607666,17.700000762939453,18.299999237060547,18.177080154418945,4593700,USD,NYQ,America/New_York,Yahoo Finance
KSS,2026-08-25,18.049999237060547,18.100000381469727,17.399999618530273,17.68000030517578,17.561246871948242,8521000,USD,NYQ,America/New_York,Yahoo Finance
KSS,2026-08-26,16.649999618530273,18.229999542236328,16.020000457763672,17.940000534057617,17.819499969482422,12985700,USD,NYQ,America/New_York,Yahoo Finance
KSS,2026-08-27,17.600000381469727,18.40999984741211,17.110000610351562,18.149999618530273,18.02808952331543,5026100,USD,NYQ,America/New_York,Yahoo Finance
KSS,2026-08-28,18.25,18.309999465942383,17.440000534057617,17.5,17.382455825805664,4695600,USD,NYQ,America/New_York,Yahoo Finance
KSS,2026-08-31,17.260000228881836,18.110000610351562,17.100000381469727,17.81999969482422,17.700305938720703,6656900,USD,NYQ,America/New_York,Yahoo Finance
KSS,2026-09-01,17.420000076293945,18.489999771118164,17.209999084472656,17.81999969482422,17.700305938720703,4689200,USD,NYQ,America/New_York,Yahoo Finance
KSS,2026-09-02,18.09000015258789,19.399999618530273,18.059999465942383,19.209999084472656,19.080968856811523,4218600,USD,NYQ,America/New_York,Yahoo Finance
KSS,2026-09-03,19.399999618530273,19.540000915527344,18.770000457763672,19.34000015258789,19.21009635925293,3346900,USD,NYQ,America/New_York,Yahoo Finance
KSS,2026-09-04,19.25,19.639999389648438,19.110000610351562,19.440000534057617,19.309425354003906,3125000,USD,NYQ,America/New_York,Yahoo Finance
KSS,2026-09-08,19.31999969482422,19.469999313354492,18.530000686645508,18.610000610351562,18.485000610351562,4671100,USD,NYQ,America/New_York,Yahoo Finance
KSS,2026-09-09,18.40999984741211,18.6200008392334,17.5,17.520000457763672,17.520000457763672,3033200,USD,NYQ,America/New_York,Yahoo Finance
KSS,2026-09-10,17.229999542236328,17.350000381469727,16.6299991607666,16.790000915527344,16.790000915527344,4880300,USD,NYQ,America/New_York,Yahoo Finance
KSS,2026-09-11,16.950000762939453,17.459999084472656,16.760000228881836,17.229999542236328,17.229999542236328,3817100,USD,NYQ,America/New_York,Yahoo Finance
KSS,2026-09-14,16.84000015258789,17.579999923706055,16.709999084472656,17.170000076293945,17.170000076293945,3115600,USD,NYQ,America/New_York,Yahoo Finance
KSS,2026-09-15,17.299999237060547,17.309999465942383,16.239999771118164,16.360000610351562,16.360000610351562,3702500,USD,NYQ,America/New_York,Yahoo Finance
KSS,2026-09-16,16.40999984741211,16.719999313354492,16.209999084472656,16.459999084472656,16.459999084472656,2953400,USD,NYQ,America/New_York,Yahoo Finance
KSS,2026-09-17,16.860000610351562,17.190000534057617,16.309999465942383,16.700000762939453,16.700000762939453,3499700,USD,NYQ,America/New_York,Yahoo Finance
KSS,2026-09-18,16.760000228881836,16.8700008392334,16.469999313354492,16.549999237060547,16.549999237060547,4385000,USD,NYQ,America/New_York,Yahoo Finance
KSS,2026-09-21,17.0,17.799999237060547,16.790000915527344,17.43000030517578,17.43000030517578,4195700,USD,NYQ,America/New_York,Yahoo Finance
KSS,2026-09-22,17.760000228881836,18.360000610351562,17.6299991607666,18.270000457763672,18.270000457763672,3496600,USD,NYQ,America/New_York,Yahoo Finance
KSS,2026-09-23,18.40999984741211,18.549999237060547,16.969999313354492,17.040000915527344,17.040000915527344,3967200,USD,NYQ,America/New_York,Yahoo Finance
KSS,2026-09-24,17.09000015258789,17.75,16.889999389648438,17.239999771118164,17.239999771118164,4288600,USD,NYQ,America/New_York,Yahoo Finance
KSS,2026-09-25,17.56999969482422,17.90999984741211,17.149999618530273,17.899999618530273,17.899999618530273,4157500,USD,NYQ,America/New_York,Yahoo Finance
KSS,2026-09-28,17.690000534057617,18.5,17.6200008392334,18.18000030517578,18.18000030517578,4533300,USD,NYQ,America/New_York,Yahoo Finance
LADR,2026-08-17,9.949999809265137,9.989999771118164,9.869999885559082,9.880000114440918,9.880000114440918,730200,USD,NYQ,America/New_York,Yahoo Finance
LADR,2026-08-18,9.979999542236328,9.979999542236328,9.84000015258789,9.90999984741211,9.90999984741211,1067700,USD,NYQ,America/New_York,Yahoo Finance
LADR,2026-08-19,10.0,10.239999771118164,9.989999771118164,10.100000381469727,10.100000381469727,1126500,USD,NYQ,America/New_York,Yahoo Finance
LADR,2026-08-20,10.050000190734863,10.140000343322754,9.960000038146973,9.979999542236328,9.979999542236328,795500,USD,NYQ,America/New_York,Yahoo Finance
LADR,2026-08-21,10.010000228881836,10.020000457763672,9.90999984741211,9.920000076293945,9.920000076293945,689900,USD,NYQ,America/New_York,Yahoo Finance
LADR,2026-08-24,9.960000038146973,10.050000190734863,9.960000038146973,10.020000457763672,10.020000457763672,709300,USD,NYQ,America/New_York,Yahoo Finance
LADR,2026-08-25,10.010000228881836,10.010000228881836,9.90999984741211,9.970000267028809,9.970000267028809,549400,USD,NYQ,America/New_York,Yahoo Finance
LADR,2026-08-26,10.010000228881836,10.020000457763672,9.850000381469727,9.859999656677246,9.859999656677246,670800,USD,NYQ,America/New_York,Yahoo Finance
LADR,2026-08-27,9.800000190734863,9.930000305175781,9.779999732971191,9.829999923706055,9.829999923706055,657800,USD,NYQ,America/New_York,Yahoo Finance
LADR,2026-08-28,9.850000381469727,9.890000343322754,9.800000190734863,9.819999694824219,9.819999694824219,665000,USD,NYQ,America/New_York,Yahoo Finance
LADR,2026-08-31,9.779999732971191,9.890000343322754,9.760000228881836,9.800000190734863,9.800000190734863,881900,USD,NYQ,America/New_York,Yahoo Finance
LADR,2026-09-01,9.779999732971191,9.829999923706055,9.640000343322754,9.6899995803833,9.6899995803833,1361900,USD,NYQ,America/New_York,Yahoo Finance
LADR,2026-09-02,9.739999771118164,9.880000114440918,9.710000038146973,9.8100004196167,9.8100004196167,944600,USD,NYQ,America/New_York,Yahoo Finance
LADR,2026-09-03,9.949999809265137,9.960000038146973,9.739999771118164,9.819999694824219,9.819999694824219,1274900,USD,NYQ,America/New_York,Yahoo Finance
LADR,2026-09-04,9.760000228881836,9.90999984741211,9.75,9.829999923706055,9.829999923706055,744900,USD,NYQ,America/New_York,Yahoo Finance
LADR,2026-09-08,9.779999732971191,9.829999923706055,9.710000038146973,9.779999732971191,9.779999732971191,899100,USD,NYQ,America/New_York,Yahoo Finance
LADR,2026-09-09,9.800000190734863,9.890000343322754,9.75,9.789999961853027,9.789999961853027,973500,USD,NYQ,America/New_York,Yahoo Finance
LADR,2026-09-10,9.779999732971191,9.90999984741211,9.609999656677246,9.670000076293945,9.670000076293945,1095900,USD,NYQ,America/New_York,Yahoo Finance
LADR,2026-09-11,9.739999771118164,9.739999771118164,9.579999923706055,9.609999656677246,9.609999656677246,974600,USD,NYQ,America/New_York,Yahoo Finance
LADR,2026-09-14,9.619999885559082,9.699999809265137,9.550000190734863,9.619999885559082,9.619999885559082,1124000,USD,NYQ,America/New_York,Yahoo Finance
LADR,2026-09-15,9.579999923706055,9.670000076293945,9.550000190734863,9.569999694824219,9.569999694824219,1318000,USD,NYQ,America/New_York,Yahoo Finance
LADR,2026-09-16,9.569999694824219,9.680000305175781,9.479999542236328,9.520000457763672,9.520000457763672,1575200,USD,NYQ,America/New_York,Yahoo Finance
LADR,2026-09-17,9.600000381469727,9.65999984741211,9.539999961853027,9.539999961853027,9.539999961853027,1314800,USD,NYQ,America/New_York,Yahoo Finance
LADR,2026-09-18,9.5,9.520000457763672,9.420000076293945,9.430000305175781,9.430000305175781,2870000,USD,NYQ,America/New_York,Yahoo Finance
LADR,2026-09-21,9.489999771118164,9.569999694824219,9.420000076293945,9.449999809265137,9.449999809265137,1174200,USD,NYQ,America/New_York,Yahoo Finance
LADR,2026-09-22,9.489999771118164,9.550000190734863,9.40999984741211,9.40999984741211,9.40999984741211,907600,USD,NYQ,America/New_York,Yahoo Finance
LADR,2026-09-23,9.40999984741211,9.40999984741211,9.069999694824219,9.069999694824219,9.069999694824219,1746500,USD,NYQ,America/New_York,Yahoo Finance
LADR,2026-09-24,9.09000015258789,9.140000343322754,9.0,9.09000015258789,9.09000015258789,1958000,USD,NYQ,America/New_York,Yahoo Finance
LADR,2026-09-25,9.130000114440918,9.140000343322754,8.970000267028809,9.079999923706055,9.079999923706055,1514600,USD,NYQ,America/New_York,Yahoo Finance
LADR,2026-09-28,9.020000457763672,9.050000190734863,8.90999984741211,8.989999771118164,8.989999771118164,1610200,USD,NYQ,America/New_York,Yahoo Finance
LAR,2026-08-17,6.829999923706055,6.920000076293945,6.510000228881836,6.599999904632568,6.599999904632568,1799200,USD,NYQ,America/New_York,Yahoo Finance
LAR,2026-08-18,6.380000114440918,6.53000020980835,6.159999847412109,6.159999847412109,6.159999847412109,1880400,USD,NYQ,America/New_York,Yahoo Finance
LAR,2026-08-19,6.300000190734863,6.360000133514404,5.980000019073486,6.190000057220459,6.190000057220459,1902300,USD,NYQ,America/New_York,Yahoo Finance
LAR,2026-08-20,6.119999885559082,6.159999847412109,5.920000076293945,5.980000019073486,5.980000019073486,2050500,USD,NYQ,America/New_York,Yahoo Finance
LAR,2026-08-21,6.28000020980835,6.860000133514404,6.239999771118164,6.829999923706055,6.829999923706055,2652500,USD,NYQ,America/New_York,Yahoo Finance
LAR,2026-08-24,6.860000133514404,7.139999866485596,6.630000114440918,6.699999809265137,6.699999809265137,2377800,USD,NYQ,America/New_York,Yahoo Finance
LAR,2026-08-25,6.690000057220459,6.809999942779541,6.46999979019165,6.71999979019165,6.71999979019165,1518200,USD,NYQ,America/New_York,Yahoo Finance
LAR,2026-08-26,6.760000228881836,6.909999847412109,6.599999904632568,6.710000038146973,6.710000038146973,1645700,USD,NYQ,America/New_York,Yahoo Finance
LAR,2026-08-27,6.789999961853027,6.989999771118164,6.699999809265137,6.909999847412109,6.909999847412109,1590800,USD,NYQ,America/New_York,Yahoo Finance
LAR,2026-08-28,6.989999771118164,7.269999980926514,6.760000228881836,6.869999885559082,6.869999885559082,2351900,USD,NYQ,America/New_York,Yahoo Finance
LAR,2026-08-31,7.039999961853027,7.150000095367432,6.789999961853027,6.789999961853027,6.789999961853027,2080200,USD,NYQ,America/New_York,Yahoo Finance
LAR,2026-09-01,6.610000133514404,6.769999980926514,6.440000057220459,6.630000114440918,6.630000114440918,1255000,USD,NYQ,America/New_York,Yahoo Finance
LAR,2026-09-02,6.619999885559082,6.920000076293945,6.599999904632568,6.860000133514404,6.860000133514404,1235600,USD,NYQ,America/New_York,Yahoo Finance
LAR,2026-09-03,7.010000228881836,7.03000020980835,6.690000057220459,6.820000171661377,6.820000171661377,2345100,USD,NYQ,America/New_York,Yahoo Finance
LAR,2026-09-04,6.710000038146973,6.909999847412109,6.639999866485596,6.789999961853027,6.789999961853027,1807300,USD,NYQ,America/New_York,Yahoo Finance
LAR,2026-09-08,6.809999942779541,6.920000076293945,6.610000133514404,6.699999809265137,6.699999809265137,2512000,USD,NYQ,America/New_York,Yahoo Finance
LAR,2026-09-09,6.760000228881836,7.0,6.690000057220459,6.760000228881836,6.760000228881836,2194700,USD,NYQ,America/New_York,Yahoo Finance
LAR,2026-09-10,6.510000228881836,6.570000171661377,6.28000020980835,6.409999847412109,6.409999847412109,2098000,USD,NYQ,America/New_York,Yahoo Finance
LAR,2026-09-11,6.46999979019165,6.46999979019165,5.840000152587891,5.849999904632568,5.849999904632568,2616300,USD,NYQ,America/New_York,Yahoo Finance
LAR,2026-09-14,5.75,5.960000038146973,5.670000076293945,5.940000057220459,5.940000057220459,2110500,USD,NYQ,America/New_York,Yahoo Finance
LAR,2026-09-15,5.860000133514404,5.929999828338623,5.570000171661377,5.670000076293945,5.670000076293945,2761000,USD,NYQ,America/New_York,Yahoo Finance
LAR,2026-09-16,5.739999771118164,5.829999923706055,5.420000076293945,5.559999942779541,5.559999942779541,1923900,USD,NYQ,America/New_York,Yahoo Finance
LAR,2026-09-17,5.71999979019165,5.880000114440918,5.71999979019165,5.769999980926514,5.769999980926514,1117500,USD,NYQ,America/New_York,Yahoo Finance
LAR,2026-09-18,5.840000152587891,5.860000133514404,5.559999942779541,5.769999980926514,5.769999980926514,1943100,USD,NYQ,America/New_York,Yahoo Finance
LAR,2026-09-21,5.949999809265137,6.019999980926514,5.820000171661377,5.920000076293945,5.920000076293945,1106500,USD,NYQ,America/New_York,Yahoo Finance
LAR,2026-09-22,5.989999771118164,6.110000133514404,5.889999866485596,6.070000171661377,6.070000171661377,1465400,USD,NYQ,America/New_York,Yahoo Finance
LAR,2026-09-23,5.869999885559082,5.940000057220459,5.760000228881836,5.78000020980835,5.78000020980835,1046200,USD,NYQ,America/New_York,Yahoo Finance
LAR,2026-09-24,5.789999961853027,5.800000190734863,5.579999923706055,5.679999828338623,5.679999828338623,1102300,USD,NYQ,America/New_York,Yahoo Finance
LAR,2026-09-25,5.679999828338623,5.699999809265137,5.519999980926514,5.519999980926514,5.519999980926514,1141600,USD,NYQ,America/New_York,Yahoo Finance
LAR,2026-09-28,5.389999866485596,5.489999771118164,5.300000190734863,5.409999847412109,5.409999847412109,1233200,USD,NYQ,America/New_York,Yahoo Finance
LB,2026-08-17,78.69999694824219,80.31999969482422,78.125,79.48999786376953,79.38232421875,213500,USD,NYQ,America/New_York,Yahoo Finance
LB,2026-08-18,79.97000122070312,80.98999786376953,78.7699966430664,80.81999969482422,80.71052551269531,208300,USD,NYQ,America/New_York,Yahoo Finance
LB,2026-08-19,81.3499984741211,82.4800033569336,78.72000122070312,82.19999694824219,82.08865356445312,400200,USD,NYQ,America/New_York,Yahoo Finance
LB,2026-08-20,84.20999908447266,90.75,82.58000183105469,87.02999877929688,86.912109375,698100,USD,NYQ,America/New_York,Yahoo Finance
LB,2026-08-21,87.5,91.69000244140625,87.5,89.70999908447266,89.5884780883789,458400,USD,NYQ,America/New_York,Yahoo Finance
LB,2026-08-24,88.5,89.11000061035156,85.58999633789062,87.0999984741211,86.98201751708984,425700,USD,NYQ,America/New_York,Yahoo Finance
LB,2026-08-25,86.2300033569336,87.06999969482422,85.3499984741211,85.94000244140625,85.82359313964844,251400,USD,NYQ,America/New_York,Yahoo Finance
LB,2026-08-26,86.37999725341797,90.93000030517578,86.0,88.58999633789062,88.4699935913086,295700,USD,NYQ,America/New_York,Yahoo Finance
LB,2026-08-27,88.37000274658203,89.80999755859375,87.37999725341797,89.22000122070312,89.22000122070312,168900,USD,NYQ,America/New_York,Yahoo Finance
LB,2026-08-28,89.68000030517578,90.0,86.58000183105469,86.94000244140625,86.94000244140625,171200,USD,NYQ,America/New_York,Yahoo Finance
LB,2026-08-31,88.08000183105469,88.80000305175781,86.81999969482422,87.58000183105469,87.58000183105469,150200,USD,NYQ,America/New_York,Yahoo Finance
LB,2026-09-01,89.02999877929688,89.02999877929688,84.1500015258789,85.83999633789062,85.83999633789062,257500,USD,NYQ,America/New_York,Yahoo Finance
LB,2026-09-02,85.33999633789062,86.75,84.72000122070312,85.5,85.5,272700,USD,NYQ,America/New_York,Yahoo Finance
LB,2026-09-03,86.83000183105469,88.26000213623047,85.19999694824219,86.08999633789062,86.08999633789062,258400,USD,NYQ,America/New_York,Yahoo Finance
LB,2026-09-04,84.56999969482422,86.80999755859375,84.1510009765625,86.52999877929688,86.52999877929688,182200,USD,NYQ,America/New_York,Yahoo Finance
LB,2026-09-08,87.98999786376953,89.12999725341797,86.36499786376953,88.3499984741211,88.3499984741211,228200,USD,NYQ,America/New_York,Yahoo Finance
LB,2026-09-09,88.76000213623047,89.1500015258789,86.54000091552734,86.91000366210938,86.91000366210938,153100,USD,NYQ,America/New_York,Yahoo Finance
LB,2026-09-10,87.81999969482422,87.87000274658203,86.01000213623047,86.37999725341797,86.37999725341797,149600,USD,NYQ,America/New_York,Yahoo Finance
LB,2026-09-11,85.93000030517578,88.13999938964844,85.93000030517578,86.8499984741211,86.8499984741211,186700,USD,NYQ,America/New_York,Yahoo Finance
LB,2026-09-14,87.16000366210938,88.41000366210938,85.36000061035156,86.44000244140625,86.44000244140625,261900,USD,NYQ,America/New_York,Yahoo Finance
LB,2026-09-15,86.37000274658203,88.0,85.9000015258789,87.22000122070312,87.22000122070312,122100,USD,NYQ,America/New_York,Yahoo Finance
LB,2026-09-16,86.5,87.55799865722656,81.75,82.69999694824219,82.69999694824219,345700,USD,NYQ,America/New_York,Yahoo Finance
LB,2026-09-17,83.08999633789062,86.80000305175781,83.0,85.93000030517578,85.93000030517578,192500,USD,NYQ,America/New_York,Yahoo Finance
LB,2026-09-18,86.13999938964844,87.0999984741211,84.30999755859375,85.95999908447266,85.95999908447266,302900,USD,NYQ,America/New_York,Yahoo Finance
LB,2026-09-21,85.62000274658203,88.41999816894531,84.29499816894531,87.55000305175781,87.55000305175781,219800,USD,NYQ,America/New_York,Yahoo Finance
LB,2026-09-22,86.0999984741211,87.61000061035156,85.19999694824219,86.91000366210938,86.91000366210938,276400,USD,NYQ,America/New_York,Yahoo Finance
LB,2026-09-23,88.06999969482422,88.06999969482422,81.98999786376953,82.11000061035156,82.11000061035156,285600,USD,NYQ,America/New_York,Yahoo Finance
LB,2026-09-24,83.80000305175781,83.83499908447266,82.12999725341797,82.48999786376953,82.48999786376953,196000,USD,NYQ,America/New_York,Yahoo Finance
LB,2026-09-25,82.1500015258789,83.03500366210938,81.23999786376953,81.37999725341797,81.37999725341797,145100,USD,NYQ,America/New_York,Yahoo Finance
LB,2026-09-28,82.54000091552734,82.75499725341797,80.33000183105469,80.72000122070312,80.72000122070312,201000,USD,NYQ,America/New_York,Yahoo Finance
LDOS,2026-08-17,143.17999267578125,143.5800018310547,141.52000427246094,142.25,141.7895050048828,1096200,USD,NYQ,America/New_York,Yahoo Finance
LDOS,2026-08-18,143.39999389648438,145.3699951171875,142.52000427246094,143.47999572753906,143.01551818847656,1232000,USD,NYQ,America/New_York,Yahoo Finance
LDOS,2026-08-19,143.55999755859375,147.3300018310547,142.52000427246094,146.30999755859375,145.8363494873047,1171300,USD,NYQ,America/New_York,Yahoo Finance
LDOS,2026-08-20,145.22999572753906,146.2899932861328,140.10000610351562,141.3699951171875,140.91233825683594,1160600,USD,NYQ,America/New_York,Yahoo Finance
LDOS,2026-08-21,142.1199951171875,143.60000610351562,140.02000427246094,141.38999938964844,140.93228149414062,954900,USD,NYQ,America/New_York,Yahoo Finance
LDOS,2026-08-24,140.91000366210938,141.1199951171875,137.9499969482422,138.42999267578125,137.9818572998047,737100,USD,NYQ,America/New_York,Yahoo Finance
LDOS,2026-08-25,137.67999267578125,137.92999267578125,134.44000244140625,134.5399932861328,134.1044464111328,1248900,USD,NYQ,America/New_York,Yahoo Finance
LDOS,2026-08-26,134.32000732421875,138.05999755859375,134.27000427246094,137.42999267578125,136.98509216308594,944500,USD,NYQ,America/New_York,Yahoo Finance
LDOS,2026-08-27,137.8300018310547,140.5800018310547,137.07000732421875,139.86000061035156,139.40724182128906,880300,USD,NYQ,America/New_York,Yahoo Finance
LDOS,2026-08-28,140.4499969482422,141.6199951171875,138.72999572753906,140.66000366210938,140.20465087890625,950200,USD,NYQ,America/New_York,Yahoo Finance
LDOS,2026-08-31,140.58999633789062,142.44000244140625,139.47000122070312,140.2100067138672,139.75611877441406,1422600,USD,NYQ,America/New_York,Yahoo Finance
LDOS,2026-09-01,140.49000549316406,142.47999572753906,138.0800018310547,139.17999267578125,138.72943115234375,1198900,USD,NYQ,America/New_York,Yahoo Finance
LDOS,2026-09-02,138.24000549316406,138.5,133.22000122070312,133.77999877929688,133.346923828125,1022100,USD,NYQ,America/New_York,Yahoo Finance
LDOS,2026-09-03,134.47999572753906,136.88999938964844,131.1300048828125,132.36000061035156,131.9315185546875,1320500,USD,NYQ,America/New_York,Yahoo Finance
LDOS,2026-09-04,131.47999572753906,134.5800018310547,131.0,133.0500030517578,132.61929321289062,1078700,USD,NYQ,America/New_York,Yahoo Finance
LDOS,2026-09-08,131.0500030517578,132.97999572753906,128.41000366210938,129.24000549316406,128.82162475585938,1594900,USD,NYQ,America/New_York,Yahoo Finance
LDOS,2026-09-09,129.49000549316406,130.6699981689453,128.07000732421875,128.13999938964844,127.72518157958984,1184000,USD,NYQ,America/New_York,Yahoo Finance
LDOS,2026-09-10,128.61000061035156,130.7899932861328,128.07000732421875,129.5500030517578,129.130615234375,1111300,USD,NYQ,America/New_York,Yahoo Finance
LDOS,2026-09-11,129.75,129.8300018310547,126.76000213623047,128.86000061035156,128.44285583496094,1226400,USD,NYQ,America/New_York,Yahoo Finance
LDOS,2026-09-14,130.42999267578125,133.91000366210938,129.13999938964844,132.8300018310547,132.39999389648438,1195900,USD,NYQ,America/New_York,Yahoo Finance
LDOS,2026-09-15,130.49000549316406,133.92999267578125,127.58000183105469,129.24000549316406,129.24000549316406,1048700,USD,NYQ,America/New_York,Yahoo Finance
LDOS,2026-09-16,128.44000244140625,131.02000427246094,128.0,129.35000610351562,129.35000610351562,1720000,USD,NYQ,America/New_York,Yahoo Finance
LDOS,2026-09-17,130.92999267578125,131.63999938964844,129.80999755859375,130.9600067138672,130.9600067138672,1000000,USD,NYQ,America/New_York,Yahoo Finance
LDOS,2026-09-18,130.5,130.83999633789062,127.25,127.69000244140625,127.69000244140625,3278100,USD,NYQ,America/New_York,Yahoo Finance
LDOS,2026-09-21,127.79000091552734,129.16000366210938,126.94000244140625,128.22999572753906,128.22999572753906,1121600,USD,NYQ,America/New_York,Yahoo Finance
LDOS,2026-09-22,129.25,129.25,122.79000091552734,123.30999755859375,123.30999755859375,1078100,USD,NYQ,America/New_York,Yahoo Finance
LDOS,2026-09-23,123.91000366210938,126.19000244140625,122.98999786376953,124.69000244140625,124.69000244140625,1555000,USD,NYQ,America/New_York,Yahoo Finance
LDOS,2026-09-24,124.54000091552734,125.5999984741211,123.33000183105469,123.3499984741211,123.3499984741211,1149700,USD,NYQ,America/New_York,Yahoo Finance
LDOS,2026-09-25,122.83999633789062,124.95999908447266,122.2699966430664,123.61000061035156,123.61000061035156,939800,USD,NYQ,America/New_York,Yahoo Finance
LDOS,2026-09-28,122.98999786376953,122.98999786376953,121.11000061035156,122.3499984741211,122.3499984741211,961200,USD,NYQ,America/New_York,Yahoo Finance
LIFE,2026-08-17,34.029998779296875,35.470001220703125,33.29999923706055,35.16999816894531,35.16999816894531,1648400,USD,NMS,America/New_York,Yahoo Finance
LIFE,2026-08-18,34.060001373291016,35.61000061035156,32.599998474121094,34.0099983215332,34.0099983215332,1509000,USD,NMS,America/New_York,Yahoo Finance
LIFE,2026-08-19,34.369998931884766,34.369998931884766,32.22999954223633,32.849998474121094,32.849998474121094,1035600,USD,NMS,America/New_York,Yahoo Finance
LIFE,2026-08-20,32.86000061035156,34.22999954223633,31.850000381469727,33.52000045776367,33.52000045776367,1533600,USD,NMS,America/New_York,Yahoo Finance
LIFE,2026-08-21,33.900001525878906,34.4900016784668,32.5099983215332,34.15999984741211,34.15999984741211,849500,USD,NMS,America/New_York,Yahoo Finance
LIFE,2026-08-24,33.04999923706055,37.16999816894531,32.0,36.720001220703125,36.720001220703125,2615100,USD,NMS,America/New_York,Yahoo Finance
LIFE,2026-08-25,36.959999084472656,38.939998626708984,36.619998931884766,38.560001373291016,38.560001373291016,2014000,USD,NMS,America/New_York,Yahoo Finance
LIFE,2026-08-26,38.2400016784668,40.970001220703125,38.0,39.11000061035156,39.11000061035156,1614000,USD,NMS,America/New_York,Yahoo Finance
LIFE,2026-08-27,39.400001525878906,40.93000030517578,38.720001220703125,39.439998626708984,39.439998626708984,985900,USD,NMS,America/New_York,Yahoo Finance
LIFE,2026-08-28,39.599998474121094,40.189998626708984,37.72999954223633,38.63999938964844,38.63999938964844,1087400,USD,NMS,America/New_York,Yahoo Finance
LIFE,2026-08-31,38.63999938964844,38.63999938964844,35.77000045776367,36.33000183105469,36.33000183105469,1131500,USD,NMS,America/New_York,Yahoo Finance
LIFE,2026-09-01,35.060001373291016,36.0099983215332,34.83000183105469,35.0,35.0,1074800,USD,NMS,America/New_York,Yahoo Finance
LIFE,2026-09-02,35.65999984741211,37.279998779296875,34.849998474121094,36.79999923706055,36.79999923706055,1223700,USD,NMS,America/New_York,Yahoo Finance
LIFE,2026-09-03,37.47999954223633,38.849998474121094,37.41999816894531,37.709999084472656,37.709999084472656,722100,USD,NMS,America/New_York,Yahoo Finance
LIFE,2026-09-04,37.7599983215332,39.88999938964844,36.58000183105469,39.849998474121094,39.849998474121094,1043400,USD,NMS,America/New_York,Yahoo Finance
LIFE,2026-09-08,39.7599983215332,42.54999923706055,39.66999816894531,42.02000045776367,42.02000045776367,1465800,USD,NMS,America/New_York,Yahoo Finance
LIFE,2026-09-09,41.41999816894531,42.209999084472656,38.90999984741211,39.720001220703125,39.720001220703125,2261200,USD,NMS,America/New_York,Yahoo Finance
LIFE,2026-09-10,38.61000061035156,40.0,37.7599983215332,38.849998474121094,38.849998474121094,874800,USD,NMS,America/New_York,Yahoo Finance
LIFE,2026-09-11,38.689998626708984,40.91999816894531,38.689998626708984,40.25,40.25,995300,USD,NMS,America/New_York,Yahoo Finance
LIFE,2026-09-14,39.630001068115234,40.7599983215332,38.36000061035156,39.36000061035156,39.36000061035156,983700,USD,NMS,America/New_York,Yahoo Finance
LIFE,2026-09-15,37.93000030517578,40.459999084472656,37.0,40.279998779296875,40.279998779296875,2256400,USD,NMS,America/New_York,Yahoo Finance
LIFE,2026-09-16,39.70000076293945,40.79999923706055,38.20000076293945,38.54999923706055,38.54999923706055,2912600,USD,NMS,America/New_York,Yahoo Finance
LIFE,2026-09-17,39.66999816894531,39.75,35.779998779296875,36.400001525878906,36.400001525878906,3246200,USD,NMS,America/New_York,Yahoo Finance
LIFE,2026-09-18,36.88999938964844,38.0,35.34000015258789,36.0,36.0,2770900,USD,NMS,America/New_York,Yahoo Finance
LIFE,2026-09-21,36.34000015258789,37.040000915527344,35.20000076293945,36.4900016784668,36.4900016784668,1039200,USD,NMS,America/New_York,Yahoo Finance
LIFE,2026-09-22,36.4900016784668,38.0,35.27000045776367,36.189998626708984,36.189998626708984,1909700,USD,NMS,America/New_York,Yahoo Finance
LIFE,2026-09-23,36.20000076293945,37.4900016784668,33.06999969482422,33.90999984741211,33.90999984741211,1701300,USD,NMS,America/New_York,Yahoo Finance
LIFE,2026-09-24,34.0,38.099998474121094,33.75,35.310001373291016,35.310001373291016,2450700,USD,NMS,America/New_York,Yahoo Finance
LIFE,2026-09-25,35.220001220703125,36.40999984741211,34.04999923706055,34.29999923706055,34.29999923706055,1263300,USD,NMS,America/New_York,Yahoo Finance
LIFE,2026-09-28,33.150001525878906,34.720001220703125,32.02000045776367,34.2400016784668,34.2400016784668,1294100,USD,NMS,America/New_York,Yahoo Finance
LINK-USD,2026-09-02,11.224018096923828,11.284482955932617,10.928661346435547,11.104596138000488,11.104596138000488,289060592,USD,CCC,UTC,Yahoo Finance
LINK-USD,2026-09-03,11.104601860046387,11.938488960266113,11.024648666381836,11.835028648376465,11.835028648376465,420726698,USD,CCC,UTC,Yahoo Finance
LINK-USD,2026-09-04,11.834992408752441,12.132386207580566,11.506112098693848,11.63856315612793,11.63856315612793,410937757,USD,CCC,UTC,Yahoo Finance
LINK-USD,2026-09-05,11.638358116149902,12.219097137451172,11.61428165435791,12.049007415771484,12.049007415771484,301554709,USD,CCC,UTC,Yahoo Finance
LINK-USD,2026-09-06,12.049090385437012,13.301871299743652,12.047611236572266,13.223810195922852,13.223810195922852,578672737,USD,CCC,UTC,Yahoo Finance
LINK-USD,2026-09-07,13.224164009094238,13.64013385772705,12.644172668457031,12.757635116577148,12.757635116577148,614253460,USD,CCC,UTC,Yahoo Finance
LINK-USD,2026-09-08,12.757793426513672,12.799068450927734,12.351326942443848,12.516328811645508,12.516328811645508,368592450,USD,CCC,UTC,Yahoo Finance
LINK-USD,2026-09-09,12.516321182250977,12.611200332641602,11.660470962524414,11.803998947143555,11.803998947143555,501527976,USD,CCC,UTC,Yahoo Finance
LINK-USD,2026-09-10,11.803961753845215,11.877294540405273,11.456345558166504,11.459657669067383,11.459657669067383,311111694,USD,CCC,UTC,Yahoo Finance
LINK-USD,2026-09-11,11.459192276000977,12.129717826843262,11.309536933898926,11.539270401000977,11.539270401000977,482786119,USD,CCC,UTC,Yahoo Finance
LINK-USD,2026-09-12,11.540346145629883,11.612348556518555,11.468671798706055,11.504167556762695,11.504167556762695,174943504,USD,CCC,UTC,Yahoo Finance
LINK-USD,2026-09-13,11.504170417785645,11.55650806427002,11.168116569519043,11.201868057250977,11.201868057250977,223906893,USD,CCC,UTC,Yahoo Finance
LINK-USD,2026-09-14,11.20212459564209,11.942809104919434,11.152826309204102,11.510757446289062,11.510757446289062,316701050,USD,CCC,UTC,Yahoo Finance
LINK-USD,2026-09-15,11.510780334472656,11.61953353881836,10.828302383422852,10.891036033630371,10.891036033630371,393471310,USD,CCC,UTC,Yahoo Finance
LINK-USD,2026-09-16,10.89107608795166,11.059239387512207,10.627605438232422,11.04736328125,11.04736328125,383845608,USD,CCC,UTC,Yahoo Finance
LINK-USD,2026-09-17,11.047322273254395,11.40931224822998,10.985374450683594,11.390055656433105,11.390055656433105,293889673,USD,CCC,UTC,Yahoo Finance
LINK-USD,2026-09-18,11.390053749084473,12.410481452941895,11.355757713317871,12.228726387023926,12.228726387023926,527069708,USD,CCC,UTC,Yahoo Finance
LINK-USD,2026-09-19,12.228461265563965,12.664339065551758,12.223862648010254,12.428622245788574,12.428622245788574,379675542,USD,CCC,UTC,Yahoo Finance
LINK-USD,2026-09-20,12.428478240966797,12.58212661743164,11.933427810668945,12.512975692749023,12.512975692749023,391392800,USD,CCC,UTC,Yahoo Finance
LINK-USD,2026-09-21,12.512901306152344,13.25141716003418,12.481348037719727,13.134329795837402,13.134329795837402,693755582,USD,CCC,UTC,Yahoo Finance
LINK-USD,2026-09-22,13.135059356689453,13.229646682739258,12.79720401763916,13.032177925109863,13.032177925109863,529335268,USD,CCC,UTC,Yahoo Finance
LINK-USD,2026-09-23,13.032191276550293,13.197429656982422,12.121257781982422,12.353863716125488,12.353863716125488,623957490,USD,CCC,UTC,Yahoo Finance
LINK-USD,2026-09-24,12.353829383850098,13.491886138916016,12.139764785766602,13.206987380981445,13.206987380981445,573568051,USD,CCC,UTC,Yahoo Finance
LINK-USD,2026-09-25,13.206798553466797,14.183588981628418,13.206798553466797,13.918909072875977,13.918909072875977,872563142,USD,CCC,UTC,Yahoo Finance
LINK-USD,2026-09-26,13.918609619140625,14.44913387298584,13.888542175292969,14.15491771697998,14.15491771697998,482072291,USD,CCC,UTC,Yahoo Finance
LINK-USD,2026-09-27,14.154914855957031,14.451896667480469,13.923937797546387,14.037886619567871,14.037886619567871,342351412,USD,CCC,UTC,Yahoo Finance
LINK-USD,2026-09-28,14.03779125213623,15.479626655578613,13.550182342529297,15.442646980285645,15.442646980285645,1253609666,USD,CCC,UTC,Yahoo Finance
LINK-USD,2026-09-29,15.442344665527344,15.743940353393555,14.506237030029297,14.597477912902832,14.597477912902832,815579637,USD,CCC,UTC,Yahoo Finance
LINK-USD,2026-09-30,14.59750747680664,14.782621383666992,14.079353332519531,14.358115196228027,14.358115196228027,610489308,USD,CCC,UTC,Yahoo Finance
LINK-USD,2026-10-01,14.358097076416016,14.525368690490723,14.146541595458984,14.382877349853516,14.382877349853516,407302451,USD,CCC,UTC,Yahoo Finance
LNT,2026-08-17,70.1500015258789,70.44000244140625,69.7699966430664,70.3499984741211,70.3499984741211,2058000,USD,NMS,America/New_York,Yahoo Finance
LNT,2026-08-18,71.25,71.45999908447266,69.94999694824219,69.9800033569336,69.9800033569336,2018100,USD,NMS,America/New_York,Yahoo Finance
LNT,2026-08-19,70.4800033569336,70.63999938964844,69.83999633789062,70.1500015258789,70.1500015258789,1936100,USD,NMS,America/New_York,Yahoo Finance
LNT,2026-08-20,69.80000305175781,70.58999633789062,69.43000030517578,69.45999908447266,69.45999908447266,1765400,USD,NMS,America/New_York,Yahoo Finance
LNT,2026-08-21,69.76000213623047,70.51000213623047,67.80999755859375,67.86000061035156,67.86000061035156,1956200,USD,NMS,America/New_York,Yahoo Finance
LNT,2026-08-24,68.01000213623047,68.5,67.68000030517578,68.41999816894531,68.41999816894531,1823200,USD,NMS,America/New_York,Yahoo Finance
LNT,2026-08-25,68.5,68.68000030517578,68.13999938964844,68.33999633789062,68.33999633789062,1381100,USD,NMS,America/New_York,Yahoo Finance
LNT,2026-08-26,68.33999633789062,69.19000244140625,68.16999816894531,68.91999816894531,68.91999816894531,1706800,USD,NMS,America/New_York,Yahoo Finance
LNT,2026-08-27,68.30999755859375,68.51000213623047,67.9000015258789,68.20999908447266,68.20999908447266,1508200,USD,NMS,America/New_York,Yahoo Finance
LNT,2026-08-28,68.58999633789062,68.7300033569336,67.7300033569336,68.02999877929688,68.02999877929688,2048700,USD,NMS,America/New_York,Yahoo Finance
LNT,2026-08-31,67.61000061035156,68.33000183105469,67.37999725341797,67.9800033569336,67.9800033569336,2360300,USD,NMS,America/New_York,Yahoo Finance
LNT,2026-09-01,67.9800033569336,68.58000183105469,67.55000305175781,67.91999816894531,67.91999816894531,2843600,USD,NMS,America/New_York,Yahoo Finance
LNT,2026-09-02,67.87999725341797,68.12000274658203,67.22000122070312,67.73999786376953,67.73999786376953,2293100,USD,NMS,America/New_York,Yahoo Finance
LNT,2026-09-03,67.93000030517578,68.44000244140625,67.66999816894531,68.0,68.0,2345900,USD,NMS,America/New_York,Yahoo Finance
LNT,2026-09-04,67.56999969482422,68.54000091552734,67.44000244140625,67.97000122070312,67.97000122070312,1849800,USD,NMS,America/New_York,Yahoo Finance
LNT,2026-09-08,67.86000061035156,69.04000091552734,67.86000061035156,68.61000061035156,68.61000061035156,2045300,USD,NMS,America/New_York,Yahoo Finance
LNT,2026-09-09,68.5999984741211,68.97000122070312,67.41999816894531,67.86000061035156,67.86000061035156,1821600,USD,NMS,America/New_York,Yahoo Finance
LNT,2026-09-10,67.88999938964844,68.43000030517578,67.16000366210938,67.25,67.25,1863100,USD,NMS,America/New_York,Yahoo Finance
LNT,2026-09-11,67.80000305175781,67.80000305175781,67.02999877929688,67.26000213623047,67.26000213623047,1950300,USD,NMS,America/New_York,Yahoo Finance
LNT,2026-09-14,67.30000305175781,67.70999908447266,66.73999786376953,66.91999816894531,66.91999816894531,1836800,USD,NMS,America/New_York,Yahoo Finance
LNT,2026-09-15,67.05000305175781,67.12999725341797,65.91000366210938,65.98999786376953,65.98999786376953,1468500,USD,NMS,America/New_York,Yahoo Finance
LNT,2026-09-16,66.31999969482422,66.7300033569336,65.80000305175781,66.11000061035156,66.11000061035156,1908400,USD,NMS,America/New_York,Yahoo Finance
LNT,2026-09-17,66.2300033569336,66.75,66.05000305175781,66.63999938964844,66.63999938964844,2221700,USD,NMS,America/New_York,Yahoo Finance
LNT,2026-09-18,66.5,66.5,65.55999755859375,65.61000061035156,65.61000061035156,3936400,USD,NMS,America/New_York,Yahoo Finance
LNT,2026-09-21,65.62000274658203,65.69999694824219,64.76000213623047,64.97000122070312,64.97000122070312,3064300,USD,NMS,America/New_York,Yahoo Finance
LNT,2026-09-22,64.9800033569336,65.33000183105469,64.56999969482422,64.62000274658203,64.62000274658203,2211000,USD,NMS,America/New_York,Yahoo Finance
LNT,2026-09-23,64.66000366210938,64.66000366210938,63.560001373291016,63.689998626708984,63.689998626708984,2952300,USD,NMS,America/New_York,Yahoo Finance
LNT,2026-09-24,63.849998474121094,64.0,63.27000045776367,63.310001373291016,63.310001373291016,2447200,USD,NMS,America/New_York,Yahoo Finance
LNT,2026-09-25,63.2599983215332,63.650001525878906,62.70000076293945,63.599998474121094,63.599998474121094,2704900,USD,NMS,America/New_York,Yahoo Finance
LNT,2026-09-28,63.439998626708984,63.810001373291016,62.779998779296875,63.209999084472656,63.209999084472656,4040400,USD,NMS,America/New_York,Yahoo Finance
LTGO,2026-08-17,19.489999771118164,19.6200008392334,19.0,19.299999237060547,19.299999237060547,172200,USD,NMS,America/New_York,Yahoo Finance
LTGO,2026-08-18,19.170000076293945,20.049999237060547,19.0,20.0,20.0,255000,USD,NMS,America/New_York,Yahoo Finance
LTGO,2026-08-19,20.0,21.110000610351562,20.0,20.940000534057617,20.940000534057617,175600,USD,NMS,America/New_York,Yahoo Finance
LTGO,2026-08-20,20.75,21.709999084472656,20.520000457763672,21.399999618530273,21.399999618530273,82700,USD,NMS,America/New_York,Yahoo Finance
LTGO,2026-08-21,21.520000457763672,22.899999618530273,20.639999389648438,22.3700008392334,22.3700008392334,197200,USD,NMS,America/New_York,Yahoo Finance
LTGO,2026-08-24,22.6200008392334,25.0,21.420000076293945,22.0,22.0,234100,USD,NMS,America/New_York,Yahoo Finance
LTGO,2026-08-25,22.06999969482422,22.760000228881836,21.739999771118164,22.56999969482422,22.56999969482422,142800,USD,NMS,America/New_York,Yahoo Finance
LTGO,2026-08-26,22.639999389648438,24.790000915527344,22.3700008392334,24.1299991607666,24.1299991607666,137900,USD,NMS,America/New_York,Yahoo Finance
LTGO,2026-08-27,24.149999618530273,25.93000030517578,24.079999923706055,25.0,25.0,235500,USD,NMS,America/New_York,Yahoo Finance
LTGO,2026-08-28,25.209999084472656,25.809999465942383,24.229999542236328,24.229999542236328,24.229999542236328,217700,USD,NMS,America/New_York,Yahoo Finance
LTGO,2026-08-31,24.40999984741211,24.700000762939453,21.75,22.020000457763672,22.020000457763672,155000,USD,NMS,America/New_York,Yahoo Finance
LTGO,2026-09-01,22.5,23.770000457763672,21.260000228881836,22.260000228881836,22.260000228881836,286600,USD,NMS,America/New_York,Yahoo Finance
LTGO,2026-09-02,22.579999923706055,23.850000381469727,21.399999618530273,21.770000457763672,21.770000457763672,163200,USD,NMS,America/New_York,Yahoo Finance
LTGO,2026-09-03,21.989999771118164,23.40999984741211,21.81999969482422,22.479999542236328,22.479999542236328,229300,USD,NMS,America/New_York,Yahoo Finance
LTGO,2026-09-04,22.68000030517578,23.56999969482422,22.020000457763672,23.040000915527344,23.040000915527344,226400,USD,NMS,America/New_York,Yahoo Finance
LTGO,2026-09-08,23.25,24.399999618530273,22.209999084472656,23.729999542236328,23.729999542236328,326800,USD,NMS,America/New_York,Yahoo Finance
LTGO,2026-09-09,23.719999313354492,23.979999542236328,22.440000534057617,22.799999237060547,22.799999237060547,190400,USD,NMS,America/New_York,Yahoo Finance
LTGO,2026-09-10,22.780000686645508,23.170000076293945,21.280000686645508,21.540000915527344,21.540000915527344,177200,USD,NMS,America/New_York,Yahoo Finance
LTGO,2026-09-11,21.760000228881836,23.219999313354492,21.5,22.149999618530273,22.149999618530273,178700,USD,NMS,America/New_York,Yahoo Finance
LTGO,2026-09-14,22.329999923706055,23.790000915527344,22.329999923706055,22.639999389648438,22.639999389648438,164800,USD,NMS,America/New_York,Yahoo Finance
LTGO,2026-09-15,22.5,24.75,22.479999542236328,23.010000228881836,23.010000228881836,221400,USD,NMS,America/New_York,Yahoo Finance
LTGO,2026-09-16,23.0,24.329999923706055,22.75,23.059999465942383,23.059999465942383,438900,USD,NMS,America/New_York,Yahoo Finance
LTGO,2026-09-17,23.139999389648438,24.799999237060547,23.09000015258789,23.93000030517578,23.93000030517578,431000,USD,NMS,America/New_York,Yahoo Finance
LTGO,2026-09-18,24.18000030517578,24.799999237060547,22.209999084472656,22.549999237060547,22.549999237060547,1488200,USD,NMS,America/New_York,Yahoo Finance
LTGO,2026-09-21,22.799999237060547,23.110000610351562,21.0,21.110000610351562,21.110000610351562,411400,USD,NMS,America/New_York,Yahoo Finance
LTGO,2026-09-22,21.110000610351562,21.329999923706055,20.010000228881836,20.81999969482422,20.81999969482422,418800,USD,NMS,America/New_York,Yahoo Finance
LTGO,2026-09-23,20.770000457763672,20.790000915527344,19.709999084472656,19.969999313354492,19.969999313354492,214600,USD,NMS,America/New_York,Yahoo Finance
LTGO,2026-09-24,19.729999542236328,20.540000915527344,17.670000076293945,17.760000228881836,17.760000228881836,340700,USD,NMS,America/New_York,Yahoo Finance
LTGO,2026-09-25,17.809999465942383,18.260000228881836,17.0,17.149999618530273,17.149999618530273,275700,USD,NMS,America/New_York,Yahoo Finance
LTGO,2026-09-28,17.149999618530273,17.84000015258789,16.190000534057617,17.479999542236328,17.479999542236328,260300,USD,NMS,America/New_York,Yahoo Finance
MCS,2026-08-17,29.8700008392334,30.139999389648438,29.700000762939453,29.950000762939453,29.862794876098633,183700,USD,NYQ,America/New_York,Yahoo Finance
MCS,2026-08-18,29.959999084472656,30.219999313354492,29.290000915527344,29.770000457763672,29.683319091796875,343900,USD,NYQ,America/New_York,Yahoo Finance
MCS,2026-08-19,29.940000534057617,30.59000015258789,29.280000686645508,30.350000381469727,30.26163101196289,360000,USD,NYQ,America/New_York,Yahoo Finance
MCS,2026-08-20,30.299999237060547,30.799999237060547,29.56999969482422,29.610000610351562,29.523784637451172,321400,USD,NYQ,America/New_York,Yahoo Finance
MCS,2026-08-21,29.719999313354492,29.719999313354492,28.8799991607666,29.56999969482422,29.483901977539062,403600,USD,NYQ,America/New_York,Yahoo Finance
MCS,2026-08-24,29.780000686645508,30.950000762939453,29.579999923706055,30.90999984741211,30.81999969482422,258700,USD,NYQ,America/New_York,Yahoo Finance
MCS,2026-08-25,30.760000228881836,31.149999618530273,30.100000381469727,30.170000076293945,30.170000076293945,267100,USD,NYQ,America/New_York,Yahoo Finance
MCS,2026-08-26,30.15999984741211,30.510000228881836,29.450000762939453,29.6200008392334,29.6200008392334,239500,USD,NYQ,America/New_York,Yahoo Finance
MCS,2026-08-27,29.209999084472656,29.360000610351562,28.75,29.350000381469727,29.350000381469727,186900,USD,NYQ,America/New_York,Yahoo Finance
MCS,2026-08-28,29.450000762939453,29.6299991607666,28.829999923706055,29.020000457763672,29.020000457763672,168700,USD,NYQ,America/New_York,Yahoo Finance
MCS,2026-08-31,29.34000015258789,29.34000015258789,28.290000915527344,28.43000030517578,28.43000030517578,200800,USD,NYQ,America/New_York,Yahoo Finance
MCS,2026-09-01,28.3700008392334,28.440000534057617,27.440000534057617,27.770000457763672,27.770000457763672,209200,USD,NYQ,America/New_York,Yahoo Finance
MCS,2026-09-02,28.139999389648438,28.579999923706055,28.020000457763672,28.06999969482422,28.06999969482422,174800,USD,NYQ,America/New_York,Yahoo Finance
MCS,2026-09-03,28.280000686645508,28.34000015258789,27.440000534057617,27.56999969482422,27.56999969482422,262500,USD,NYQ,America/New_York,Yahoo Finance
MCS,2026-09-04,27.540000915527344,28.110000610351562,27.270000457763672,27.270000457763672,27.270000457763672,160100,USD,NYQ,America/New_York,Yahoo Finance
MCS,2026-09-08,27.18000030517578,27.18000030517578,26.520000457763672,27.079999923706055,27.079999923706055,297500,USD,NYQ,America/New_York,Yahoo Finance
MCS,2026-09-09,26.93000030517578,27.25,26.540000915527344,27.020000457763672,27.020000457763672,172500,USD,NYQ,America/New_York,Yahoo Finance
MCS,2026-09-10,26.920000076293945,27.239999771118164,26.709999084472656,27.149999618530273,27.149999618530273,168400,USD,NYQ,America/New_York,Yahoo Finance
MCS,2026-09-11,27.459999084472656,27.459999084472656,26.959999084472656,27.139999389648438,27.139999389648438,203400,USD,NYQ,America/New_York,Yahoo Finance
MCS,2026-09-14,27.239999771118164,27.649999618530273,27.110000610351562,27.6299991607666,27.6299991607666,203600,USD,NYQ,America/New_York,Yahoo Finance
MCS,2026-09-15,27.479999542236328,27.940000534057617,27.079999923706055,27.329999923706055,27.329999923706055,204600,USD,NYQ,America/New_York,Yahoo Finance
MCS,2026-09-16,27.399999618530273,27.729999542236328,27.170000076293945,27.540000915527344,27.540000915527344,190800,USD,NYQ,America/New_York,Yahoo Finance
MCS,2026-09-17,27.610000610351562,27.969999313354492,27.350000381469727,27.969999313354492,27.969999313354492,172400,USD,NYQ,America/New_York,Yahoo Finance
MCS,2026-09-18,27.940000534057617,27.940000534057617,27.530000686645508,27.68000030517578,27.68000030517578,325400,USD,NYQ,America/New_York,Yahoo Finance
MCS,2026-09-21,28.059999465942383,28.059999465942383,27.639999389648438,27.780000686645508,27.780000686645508,214600,USD,NYQ,America/New_York,Yahoo Finance
MCS,2026-09-22,28.100000381469727,28.219999313354492,27.479999542236328,27.809999465942383,27.809999465942383,211700,USD,NYQ,America/New_York,Yahoo Finance
MCS,2026-09-23,27.579999923706055,28.049999237060547,27.469999313354492,27.799999237060547,27.799999237060547,235800,USD,NYQ,America/New_York,Yahoo Finance
MCS,2026-09-24,27.670000076293945,28.290000915527344,27.3799991607666,28.260000228881836,28.260000228881836,256100,USD,NYQ,America/New_York,Yahoo Finance
MCS,2026-09-25,27.790000915527344,28.170000076293945,27.450000762939453,28.09000015258789,28.09000015258789,215500,USD,NYQ,America/New_York,Yahoo Finance
MCS,2026-09-28,28.149999618530273,28.8799991607666,27.889999389648438,28.700000762939453,28.700000762939453,286600,USD,NYQ,America/New_York,Yahoo Finance
MEDP,2026-08-17,578.2899780273438,597.469970703125,571.010009765625,597.1199951171875,597.1199951171875,163900,USD,NMS,America/New_York,Yahoo Finance
MEDP,2026-08-18,595.8099975585938,598.77001953125,588.375,590.2999877929688,590.2999877929688,131400,USD,NMS,America/New_York,Yahoo Finance
MEDP,2026-08-19,600.0,612.1099853515625,596.219970703125,608.27001953125,608.27001953125,169000,USD,NMS,America/New_York,Yahoo Finance
MEDP,2026-08-20,597.7449951171875,627.5850219726562,597.4099731445312,612.6400146484375,612.6400146484375,254500,USD,NMS,America/New_York,Yahoo Finance
MEDP,2026-08-21,614.1300048828125,629.6900024414062,600.010009765625,620.75,620.75,225900,USD,NMS,America/New_York,Yahoo Finance
MEDP,2026-08-24,614.1500244140625,622.489990234375,612.0,620.030029296875,620.030029296875,186200,USD,NMS,America/New_York,Yahoo Finance
MEDP,2026-08-25,620.010009765625,625.4400024414062,607.989990234375,614.0599975585938,614.0599975585938,247100,USD,NMS,America/New_York,Yahoo Finance
MEDP,2026-08-26,607.8599853515625,620.5800170898438,605.6300048828125,619.0499877929688,619.0499877929688,149400,USD,NMS,America/New_York,Yahoo Finance
MEDP,2026-08-27,617.5499877929688,624.989990234375,606.1900024414062,611.5700073242188,611.5700073242188,198200,USD,NMS,America/New_York,Yahoo Finance
MEDP,2026-08-28,605.7899780273438,609.2150268554688,599.3599853515625,600.6500244140625,600.6500244140625,186900,USD,NMS,America/New_York,Yahoo Finance
MEDP,2026-08-31,594.3200073242188,597.6199951171875,583.1580200195312,593.989990234375,593.989990234375,347300,USD,NMS,America/New_York,Yahoo Finance
MEDP,2026-09-01,595.52001953125,596.0859985351562,581.8200073242188,583.2100219726562,583.2100219726562,179900,USD,NMS,America/New_York,Yahoo Finance
MEDP,2026-09-02,583.6500244140625,593.7150268554688,581.780029296875,593.02001953125,593.02001953125,204200,USD,NMS,America/New_York,Yahoo Finance
MEDP,2026-09-03,594.3300170898438,599.25,586.52001953125,593.3900146484375,593.3900146484375,143200,USD,NMS,America/New_York,Yahoo Finance
MEDP,2026-09-04,585.0999755859375,596.0,585.0,591.2899780273438,591.2899780273438,146400,USD,NMS,America/New_York,Yahoo Finance
MEDP,2026-09-08,590.9500122070312,596.97998046875,587.0900268554688,590.8900146484375,590.8900146484375,185200,USD,NMS,America/New_York,Yahoo Finance
MEDP,2026-09-09,590.0,590.0,577.6849975585938,586.2999877929688,586.2999877929688,206900,USD,NMS,America/New_York,Yahoo Finance
MEDP,2026-09-10,582.6799926757812,587.6699829101562,577.6400146484375,583.1599731445312,583.1599731445312,195500,USD,NMS,America/New_York,Yahoo Finance
MEDP,2026-09-11,584.719970703125,595.2750244140625,584.719970703125,587.52001953125,587.52001953125,159100,USD,NMS,America/New_York,Yahoo Finance
MEDP,2026-09-14,595.989990234375,600.9249877929688,589.4349975585938,595.4099731445312,595.4099731445312,201000,USD,NMS,America/New_York,Yahoo Finance
MEDP,2026-09-15,594.2999877929688,623.0250244140625,594.0800170898438,620.47998046875,620.47998046875,303900,USD,NMS,America/New_York,Yahoo Finance
MEDP,2026-09-16,616.989990234375,625.0130004882812,612.530029296875,616.4400024414062,616.4400024414062,208100,USD,NMS,America/New_York,Yahoo Finance
MEDP,2026-09-17,620.0,622.2550048828125,608.5170288085938,615.1799926757812,615.1799926757812,225300,USD,NMS,America/New_York,Yahoo Finance
MEDP,2026-09-18,615.4099731445312,619.4099731445312,608.5399780273438,612.3300170898438,612.3300170898438,522200,USD,NMS,America/New_York,Yahoo Finance
MEDP,2026-09-21,614.1199951171875,627.0369873046875,613.0999755859375,624.2000122070312,624.2000122070312,188200,USD,NMS,America/New_York,Yahoo Finance
MEDP,2026-09-22,624.02001953125,632.719970703125,619.6199951171875,630.1900024414062,630.1900024414062,303000,USD,NMS,America/New_York,Yahoo Finance
MEDP,2026-09-23,630.0599975585938,637.64501953125,614.1799926757812,617.1500244140625,617.1500244140625,275700,USD,NMS,America/New_York,Yahoo Finance
MEDP,2026-09-24,612.2999877929688,626.8250122070312,610.7899780273438,620.5900268554688,620.5900268554688,308800,USD,NMS,America/New_York,Yahoo Finance
MEDP,2026-09-25,620.5999755859375,620.5999755859375,608.1129760742188,618.8800048828125,618.8800048828125,229100,USD,NMS,America/New_York,Yahoo Finance
MEDP,2026-09-28,616.1599731445312,621.6199951171875,608.0499877929688,615.9400024414062,615.9400024414062,238700,USD,NMS,America/New_York,Yahoo Finance
MFP,2026-08-17,45.599998474121094,46.439998626708984,44.349998474121094,45.0,45.0,636400,USD,NMS,America/New_York,Yahoo Finance
MFP,2026-08-18,44.5,45.25,42.849998474121094,42.90999984741211,42.90999984741211,549400,USD,NMS,America/New_York,Yahoo Finance
MFP,2026-08-19,43.04999923706055,45.95000076293945,42.91999816894531,45.709999084472656,45.709999084472656,1098400,USD,NMS,America/New_York,Yahoo Finance
MFP,2026-08-20,46.72999954223633,49.04999923706055,45.08000183105469,48.95000076293945,48.95000076293945,1386600,USD,NMS,America/New_York,Yahoo Finance
MFP,2026-08-21,49.47999954223633,51.619998931884766,49.209999084472656,50.709999084472656,50.709999084472656,697000,USD,NMS,America/New_York,Yahoo Finance
MFP,2026-08-24,50.650001525878906,51.34000015258789,48.189998626708984,48.75,48.75,422700,USD,NMS,America/New_York,Yahoo Finance
MFP,2026-08-25,48.540000915527344,51.880001068115234,48.0099983215332,51.470001220703125,51.470001220703125,640600,USD,NMS,America/New_York,Yahoo Finance
MFP,2026-08-26,50.119998931884766,52.58000183105469,47.72999954223633,48.439998626708984,48.439998626708984,509200,USD,NMS,America/New_York,Yahoo Finance
MFP,2026-08-27,48.36000061035156,49.56999969482422,48.16999816894531,48.63999938964844,48.63999938964844,609100,USD,NMS,America/New_York,Yahoo Finance
MFP,2026-08-28,48.650001525878906,49.91999816894531,46.11000061035156,46.77000045776367,46.77000045776367,529800,USD,NMS,America/New_York,Yahoo Finance
MFP,2026-08-31,46.65999984741211,47.290000915527344,46.0099983215332,46.880001068115234,46.880001068115234,428700,USD,NMS,America/New_York,Yahoo Finance
MFP,2026-09-01,46.630001068115234,47.95000076293945,44.06999969482422,44.20000076293945,44.20000076293945,345100,USD,NMS,America/New_York,Yahoo Finance
MFP,2026-09-02,44.15999984741211,45.36000061035156,43.119998931884766,45.040000915527344,45.040000915527344,405500,USD,NMS,America/New_York,Yahoo Finance
MFP,2026-09-03,45.279998779296875,46.16999816894531,43.20000076293945,44.0099983215332,44.0099983215332,509100,USD,NMS,America/New_York,Yahoo Finance
MFP,2026-09-04,44.040000915527344,45.880001068115234,44.040000915527344,45.209999084472656,45.209999084472656,253600,USD,NMS,America/New_York,Yahoo Finance
MFP,2026-09-08,44.959999084472656,45.189998626708984,42.83000183105469,42.90999984741211,42.90999984741211,306800,USD,NMS,America/New_York,Yahoo Finance
MFP,2026-09-09,42.63999938964844,43.88999938964844,42.099998474121094,42.75,42.75,291500,USD,NMS,America/New_York,Yahoo Finance
MFP,2026-09-10,42.130001068115234,43.400001525878906,41.20000076293945,41.56999969482422,41.56999969482422,292000,USD,NMS,America/New_York,Yahoo Finance
MFP,2026-09-11,41.86000061035156,42.7599983215332,40.93000030517578,41.61000061035156,41.61000061035156,315300,USD,NMS,America/New_York,Yahoo Finance
MFP,2026-09-14,40.77000045776367,42.84000015258789,40.279998779296875,41.5099983215332,41.5099983215332,477000,USD,NMS,America/New_York,Yahoo Finance
MFP,2026-09-15,41.599998474121094,43.95000076293945,40.84000015258789,43.58000183105469,43.58000183105469,645300,USD,NMS,America/New_York,Yahoo Finance
MFP,2026-09-16,43.470001220703125,46.150001525878906,43.470001220703125,44.27000045776367,44.27000045776367,1023200,USD,NMS,America/New_York,Yahoo Finance
MFP,2026-09-17,45.380001068115234,45.689998626708984,44.38999938964844,44.9900016784668,44.9900016784668,415000,USD,NMS,America/New_York,Yahoo Finance
MFP,2026-09-18,45.31999969482422,45.31999969482422,41.959999084472656,42.34000015258789,42.34000015258789,1690900,USD,NMS,America/New_York,Yahoo Finance
MFP,2026-09-21,42.45000076293945,45.13999938964844,42.220001220703125,45.119998931884766,45.119998931884766,373400,USD,NMS,America/New_York,Yahoo Finance
MFP,2026-09-22,45.36000061035156,45.36000061035156,44.0099983215332,44.7400016784668,44.7400016784668,452200,USD,NMS,America/New_York,Yahoo Finance
MFP,2026-09-23,44.560001373291016,45.2599983215332,44.08000183105469,44.79999923706055,44.79999923706055,329000,USD,NMS,America/New_York,Yahoo Finance
MFP,2026-09-24,44.45000076293945,44.63999938964844,42.810001373291016,42.97999954223633,42.97999954223633,415500,USD,NMS,America/New_York,Yahoo Finance
MFP,2026-09-25,43.400001525878906,44.2400016784668,42.619998931884766,42.689998626708984,42.689998626708984,326400,USD,NMS,America/New_York,Yahoo Finance
MFP,2026-09-28,42.15999984741211,42.2599983215332,40.86000061035156,41.150001525878906,41.150001525878906,256100,USD,NMS,America/New_York,Yahoo Finance
MKC-V,2026-08-17,54.7599983215332,55.630001068115234,54.29999923706055,54.29999923706055,54.29999923706055,3800,USD,NYQ,America/New_York,Yahoo Finance
MKC-V,2026-08-18,54.439998626708984,56.0,54.0099983215332,55.459999084472656,55.459999084472656,3000,USD,NYQ,America/New_York,Yahoo Finance
MKC-V,2026-08-19,56.16999816894531,56.599998474121094,55.369998931884766,56.04999923706055,56.04999923706055,4100,USD,NYQ,America/New_York,Yahoo Finance
MKC-V,2026-08-20,55.599998474121094,56.47999954223633,55.34000015258789,55.529998779296875,55.529998779296875,1700,USD,NYQ,America/New_York,Yahoo Finance
MKC-V,2026-08-21,55.25,56.130001068115234,55.25,55.650001525878906,55.650001525878906,2000,USD,NYQ,America/New_York,Yahoo Finance
MKC-V,2026-08-24,55.279998779296875,56.529998779296875,55.279998779296875,55.36000061035156,55.36000061035156,7800,USD,NYQ,America/New_York,Yahoo Finance
MKC-V,2026-08-25,55.93000030517578,55.93000030517578,53.869998931884766,54.7599983215332,54.7599983215332,4100,USD,NYQ,America/New_York,Yahoo Finance
MKC-V,2026-08-26,54.59000015258789,54.75,54.16999816894531,54.75,54.75,2700,USD,NYQ,America/New_York,Yahoo Finance
MKC-V,2026-08-27,54.099998474121094,54.33000183105469,53.939998626708984,54.25,54.25,7500,USD,NYQ,America/New_York,Yahoo Finance
MKC-V,2026-08-28,55.08000183105469,55.08000183105469,54.86000061035156,54.86000061035156,54.86000061035156,2600,USD,NYQ,America/New_York,Yahoo Finance
MKC-V,2026-08-31,54.900001525878906,54.93000030517578,53.689998626708984,54.20000076293945,54.20000076293945,5600,USD,NYQ,America/New_York,Yahoo Finance
MKC-V,2026-09-01,53.83000183105469,55.130001068115234,53.83000183105469,54.0099983215332,54.0099983215332,3300,USD,NYQ,America/New_York,Yahoo Finance
MKC-V,2026-09-02,54.36000061035156,54.36000061035156,53.650001525878906,53.650001525878906,53.650001525878906,1100,USD,NYQ,America/New_York,Yahoo Finance
MKC-V,2026-09-03,53.959999084472656,53.959999084472656,51.9900016784668,52.689998626708984,52.689998626708984,2200,USD,NYQ,America/New_York,Yahoo Finance
MKC-V,2026-09-04,53.0099983215332,53.0099983215332,51.16999816894531,52.189998626708984,52.189998626708984,3600,USD,NYQ,America/New_York,Yahoo Finance
MKC-V,2026-09-08,54.060001373291016,54.060001373291016,51.11000061035156,52.59000015258789,52.59000015258789,39600,USD,NYQ,America/New_York,Yahoo Finance
MKC-V,2026-09-09,51.04999923706055,58.70000076293945,51.04999923706055,55.54999923706055,55.54999923706055,71700,USD,NYQ,America/New_York,Yahoo Finance
MKC-V,2026-09-10,54.970001220703125,58.86000061035156,53.029998779296875,58.099998474121094,58.099998474121094,37300,USD,NYQ,America/New_York,Yahoo Finance
MKC-V,2026-09-11,57.599998474121094,59.9900016784668,55.84000015258789,56.529998779296875,56.529998779296875,37000,USD,NYQ,America/New_York,Yahoo Finance
MKC-V,2026-09-14,56.029998779296875,56.779998779296875,52.5,52.5099983215332,52.5099983215332,18500,USD,NYQ,America/New_York,Yahoo Finance
MKC-V,2026-09-15,52.5,54.189998626708984,51.849998474121094,51.849998474121094,51.849998474121094,3600,USD,NYQ,America/New_York,Yahoo Finance
MKC-V,2026-09-16,51.599998474121094,52.689998626708984,51.599998474121094,52.400001525878906,52.400001525878906,4800,USD,NYQ,America/New_York,Yahoo Finance
MKC-V,2026-09-17,51.790000915527344,53.939998626708984,51.790000915527344,51.79999923706055,51.79999923706055,4100,USD,NYQ,America/New_York,Yahoo Finance
MKC-V,2026-09-18,50.83000183105469,52.369998931884766,49.31999969482422,49.31999969482422,49.31999969482422,180300,USD,NYQ,America/New_York,Yahoo Finance
MKC-V,2026-09-21,50.29999923706055,51.060001373291016,50.209999084472656,50.5,50.5,3700,USD,NYQ,America/New_York,Yahoo Finance
MKC-V,2026-09-22,51.900001525878906,51.900001525878906,50.29999923706055,50.5,50.5,1900,USD,NYQ,America/New_York,Yahoo Finance
MKC-V,2026-09-23,50.0,50.31999969482422,49.65999984741211,50.29999923706055,50.29999923706055,6800,USD,NYQ,America/New_York,Yahoo Finance
MKC-V,2026-09-24,49.709999084472656,49.709999084472656,49.400001525878906,49.470001220703125,49.470001220703125,2100,USD,NYQ,America/New_York,Yahoo Finance
MKC-V,2026-09-25,49.02000045776367,49.02000045776367,49.02000045776367,49.02000045776367,49.02000045776367,1100,USD,NYQ,America/New_York,Yahoo Finance
MKC-V,2026-09-28,49.90999984741211,50.310001373291016,49.08000183105469,50.310001373291016,50.310001373291016,6600,USD,NYQ,America/New_York,Yahoo Finance
MTG,2026-08-17,31.100000381469727,31.260000228881836,30.979999542236328,31.110000610351562,31.110000610351562,1637800,USD,NYQ,America/New_York,Yahoo Finance
MTG,2026-08-18,31.290000915527344,31.540000915527344,31.1200008392334,31.1200008392334,31.1200008392334,1183300,USD,NYQ,America/New_York,Yahoo Finance
MTG,2026-08-19,31.280000686645508,31.3799991607666,30.8799991607666,30.8799991607666,30.8799991607666,1507200,USD,NYQ,America/New_York,Yahoo Finance
MTG,2026-08-20,30.719999313354492,31.049999237060547,30.610000610351562,30.709999084472656,30.709999084472656,1296300,USD,NYQ,America/New_York,Yahoo Finance
MTG,2026-08-21,30.790000915527344,31.06999969482422,30.790000915527344,30.899999618530273,30.899999618530273,1793500,USD,NYQ,America/New_York,Yahoo Finance
MTG,2026-08-24,30.979999542236328,31.3799991607666,30.979999542236328,31.100000381469727,31.100000381469727,1064100,USD,NYQ,America/New_York,Yahoo Finance
MTG,2026-08-25,31.06999969482422,31.299999237060547,30.90999984741211,31.239999771118164,31.239999771118164,1477300,USD,NYQ,America/New_York,Yahoo Finance
MTG,2026-08-26,31.239999771118164,31.43000030517578,31.149999618530273,31.290000915527344,31.290000915527344,1469500,USD,NYQ,America/New_York,Yahoo Finance
MTG,2026-08-27,31.049999237060547,31.360000610351562,30.8700008392334,31.079999923706055,31.079999923706055,1950700,USD,NYQ,America/New_York,Yahoo Finance
MTG,2026-08-28,31.209999084472656,31.270000457763672,30.989999771118164,30.989999771118164,30.989999771118164,1046700,USD,NYQ,America/New_York,Yahoo Finance
MTG,2026-08-31,30.90999984741211,31.0,30.639999389648438,30.649999618530273,30.649999618530273,2226800,USD,NYQ,America/New_York,Yahoo Finance
MTG,2026-09-01,30.729999542236328,31.020000457763672,30.639999389648438,30.690000534057617,30.690000534057617,1606000,USD,NYQ,America/New_York,Yahoo Finance
MTG,2026-09-02,30.920000076293945,31.290000915527344,30.780000686645508,31.040000915527344,31.040000915527344,1622200,USD,NYQ,America/New_York,Yahoo Finance
MTG,2026-09-03,31.209999084472656,31.6200008392334,31.209999084472656,31.469999313354492,31.469999313354492,1075800,USD,NYQ,America/New_York,Yahoo Finance
MTG,2026-09-04,31.270000457763672,31.40999984741211,30.940000534057617,31.010000228881836,31.010000228881836,1527000,USD,NYQ,America/New_York,Yahoo Finance
MTG,2026-09-08,30.770000457763672,30.989999771118164,30.610000610351562,30.65999984741211,30.65999984741211,1251300,USD,NYQ,America/New_York,Yahoo Finance
MTG,2026-09-09,30.739999771118164,31.040000915527344,30.5,30.8700008392334,30.8700008392334,1286900,USD,NYQ,America/New_York,Yahoo Finance
MTG,2026-09-10,30.979999542236328,31.170000076293945,30.559999465942383,30.84000015258789,30.84000015258789,1683200,USD,NYQ,America/New_York,Yahoo Finance
MTG,2026-09-11,31.079999923706055,31.209999084472656,30.68000030517578,30.739999771118164,30.739999771118164,1665900,USD,NYQ,America/New_York,Yahoo Finance
MTG,2026-09-14,31.010000228881836,31.15999984741211,30.780000686645508,30.8700008392334,30.8700008392334,1649600,USD,NYQ,America/New_York,Yahoo Finance
MTG,2026-09-15,30.65999984741211,30.690000534057617,28.959999084472656,29.90999984741211,29.90999984741211,5150100,USD,NYQ,America/New_York,Yahoo Finance
MTG,2026-09-16,29.860000610351562,29.989999771118164,29.15999984741211,29.5,29.5,2969800,USD,NYQ,America/New_York,Yahoo Finance
MTG,2026-09-17,29.6299991607666,30.079999923706055,29.280000686645508,29.670000076293945,29.670000076293945,2292100,USD,NYQ,America/New_York,Yahoo Finance
MTG,2026-09-18,29.559999465942383,29.850000381469727,29.299999237060547,29.690000534057617,29.690000534057617,5221100,USD,NYQ,America/New_York,Yahoo Finance
MTG,2026-09-21,29.770000457763672,29.90999984741211,29.43000030517578,29.450000762939453,29.450000762939453,1528700,USD,NYQ,America/New_York,Yahoo Finance
MTG,2026-09-22,29.479999542236328,29.81999969482422,29.280000686645508,29.290000915527344,29.290000915527344,2316000,USD,NYQ,America/New_York,Yahoo Finance
MTG,2026-09-23,29.190000534057617,29.68000030517578,29.1299991607666,29.299999237060547,29.299999237060547,1873600,USD,NYQ,America/New_York,Yahoo Finance
MTG,2026-09-24,29.479999542236328,29.68000030517578,28.690000534057617,28.729999542236328,28.729999542236328,1965900,USD,NYQ,America/New_York,Yahoo Finance
MTG,2026-09-25,28.799999237060547,28.860000610351562,28.1200008392334,28.479999542236328,28.479999542236328,2025700,USD,NYQ,America/New_York,Yahoo Finance
MTG,2026-09-28,28.3799991607666,28.389999389648438,28.110000610351562,28.350000381469727,28.350000381469727,2004200,USD,NYQ,America/New_York,Yahoo Finance
NABL,2026-08-17,3.390000104904175,3.430000066757202,3.2200000286102295,3.2699999809265137,3.2699999809265137,2508800,USD,NYQ,America/New_York,Yahoo Finance
NABL,2026-08-18,3.309999942779541,3.5450000762939453,3.309999942779541,3.4100000858306885,3.4100000858306885,2688600,USD,NYQ,America/New_York,Yahoo Finance
NABL,2026-08-19,3.369999885559082,3.559999942779541,3.369999885559082,3.4600000381469727,3.4600000381469727,2885900,USD,NYQ,America/New_York,Yahoo Finance
NABL,2026-08-20,3.4700000286102295,3.5299999713897705,3.390000104904175,3.430000066757202,3.430000066757202,1690300,USD,NYQ,America/New_York,Yahoo Finance
NABL,2026-08-21,3.4200000762939453,3.640000104904175,3.325000047683716,3.630000114440918,3.630000114440918,2299300,USD,NYQ,America/New_York,Yahoo Finance
NABL,2026-08-24,3.5999999046325684,3.759999990463257,3.5399999618530273,3.5999999046325684,3.5999999046325684,2621400,USD,NYQ,America/New_York,Yahoo Finance
NABL,2026-08-25,3.5999999046325684,3.7960000038146973,3.559999942779541,3.75,3.75,2142300,USD,NYQ,America/New_York,Yahoo Finance
NABL,2026-08-26,3.690000057220459,3.8550000190734863,3.6610000133514404,3.799999952316284,3.799999952316284,1915700,USD,NYQ,America/New_York,Yahoo Finance
NABL,2026-08-27,3.869999885559082,4.025000095367432,3.869999885559082,3.950000047683716,3.950000047683716,1964000,USD,NYQ,America/New_York,Yahoo Finance
NABL,2026-08-28,4.25,4.489999771118164,4.135000228881836,4.190000057220459,4.190000057220459,3459700,USD,NYQ,America/New_York,Yahoo Finance
NABL,2026-08-31,4.119999885559082,4.204999923706055,3.9549999237060547,3.9800000190734863,3.9800000190734863,2858900,USD,NYQ,America/New_York,Yahoo Finance
NABL,2026-09-01,3.930000066757202,4.070000171661377,3.759999990463257,3.819999933242798,3.819999933242798,2371400,USD,NYQ,America/New_York,Yahoo Finance
NABL,2026-09-02,3.799999952316284,3.9800000190734863,3.799999952316284,3.9700000286102295,3.9700000286102295,2648000,USD,NYQ,America/New_York,Yahoo Finance
NABL,2026-09-03,4.070000171661377,4.130000114440918,3.9700000286102295,3.990000009536743,3.990000009536743,2009200,USD,NYQ,America/New_York,Yahoo Finance
NABL,2026-09-04,3.950000047683716,4.119999885559082,3.9100000858306885,4.059999942779541,4.059999942779541,1573500,USD,NYQ,America/New_York,Yahoo Finance
NABL,2026-09-08,3.890000104904175,3.940000057220459,3.565000057220459,3.8499999046325684,3.8499999046325684,3873900,USD,NYQ,America/New_York,Yahoo Finance
NABL,2026-09-09,3.8399999141693115,3.875,3.7049999237060547,3.8499999046325684,3.8499999046325684,2340900,USD,NYQ,America/New_York,Yahoo Finance
NABL,2026-09-10,3.8299999237060547,3.9000000953674316,3.7899999618530273,3.859999895095825,3.859999895095825,2377700,USD,NYQ,America/New_York,Yahoo Finance
NABL,2026-09-11,3.9100000858306885,3.950000047683716,3.7300000190734863,3.859999895095825,3.859999895095825,2819000,USD,NYQ,America/New_York,Yahoo Finance
NABL,2026-09-14,3.930000066757202,4.190000057220459,3.880000114440918,4.170000076293945,4.170000076293945,2931600,USD,NYQ,America/New_York,Yahoo Finance
NABL,2026-09-15,4.110000133514404,4.184999942779541,3.990000009536743,4.03000020980835,4.03000020980835,2387000,USD,NYQ,America/New_York,Yahoo Finance
NABL,2026-09-16,3.9600000381469727,4.005000114440918,3.799999952316284,3.8499999046325684,3.8499999046325684,3411000,USD,NYQ,America/New_York,Yahoo Finance
NABL,2026-09-17,3.859999895095825,4.070000171661377,3.7799999713897705,4.019999980926514,4.019999980926514,3056500,USD,NYQ,America/New_York,Yahoo Finance
NABL,2026-09-18,4.070000171661377,4.079999923706055,3.799999952316284,3.8399999141693115,3.8399999141693115,18037600,USD,NYQ,America/New_York,Yahoo Finance
NABL,2026-09-21,3.869999885559082,4.019999980926514,3.799999952316284,3.9200000762939453,3.9200000762939453,3371600,USD,NYQ,America/New_York,Yahoo Finance
NABL,2026-09-22,3.9700000286102295,4.159999847412109,3.815000057220459,4.110000133514404,4.110000133514404,2994900,USD,NYQ,America/New_York,Yahoo Finance
NABL,2026-09-23,4.090000152587891,4.215000152587891,4.070000171661377,4.150000095367432,4.150000095367432,2020700,USD,NYQ,America/New_York,Yahoo Finance
NABL,2026-09-24,4.139999866485596,4.199999809265137,4.019999980926514,4.019999980926514,4.019999980926514,2031700,USD,NYQ,America/New_York,Yahoo Finance
NABL,2026-09-25,4.03000020980835,4.114999771118164,4.0,4.0,4.0,1987800,USD,NYQ,America/New_York,Yahoo Finance
NABL,2026-09-28,3.940000057220459,4.079999923706055,3.7899999618530273,4.050000190734863,4.050000190734863,1962500,USD,NYQ,America/New_York,Yahoo Finance
NAD,2026-08-17,11.850000381469727,11.850000381469727,11.720000267028809,11.75,11.67374324798584,622700,USD,NYQ,America/New_York,Yahoo Finance
NAD,2026-08-18,11.729999542236328,11.739999771118164,11.680000305175781,11.699999809265137,11.624067306518555,561700,USD,NYQ,America/New_York,Yahoo Finance
NAD,2026-08-19,11.770000457763672,11.8100004196167,11.75,11.8100004196167,11.733354568481445,565400,USD,NYQ,America/New_York,Yahoo Finance
NAD,2026-08-20,11.739999771118164,11.779999732971191,11.65999984741211,11.65999984741211,11.584327697753906,583900,USD,NYQ,America/New_York,Yahoo Finance
NAD,2026-08-21,11.65999984741211,11.670000076293945,11.640000343322754,11.670000076293945,11.59426212310791,510500,USD,NYQ,America/New_York,Yahoo Finance
NAD,2026-08-24,11.699999809265137,11.899999618530273,11.640000343322754,11.649999618530273,11.574392318725586,416200,USD,NYQ,America/New_York,Yahoo Finance
NAD,2026-08-25,11.720000267028809,11.720000267028809,11.670000076293945,11.6899995803833,11.614131927490234,605700,USD,NYQ,America/New_York,Yahoo Finance
NAD,2026-08-26,11.720000267028809,11.720000267028809,11.680000305175781,11.699999809265137,11.624067306518555,390900,USD,NYQ,America/New_York,Yahoo Finance
NAD,2026-08-27,11.670000076293945,11.75,11.670000076293945,11.75,11.67374324798584,548300,USD,NYQ,America/New_York,Yahoo Finance
NAD,2026-08-28,11.75,11.760000228881836,11.6899995803833,11.699999809265137,11.624067306518555,513100,USD,NYQ,America/New_York,Yahoo Finance
NAD,2026-08-31,11.670000076293945,11.739999771118164,11.649999618530273,11.739999771118164,11.66380786895752,708000,USD,NYQ,America/New_York,Yahoo Finance
NAD,2026-09-01,11.710000038146973,11.710000038146973,11.550000190734863,11.5600004196167,11.484976768493652,1062300,USD,NYQ,America/New_York,Yahoo Finance
NAD,2026-09-02,11.550000190734863,11.569999694824219,11.40999984741211,11.40999984741211,11.335949897766113,747800,USD,NYQ,America/New_York,Yahoo Finance
NAD,2026-09-03,11.449999809265137,11.479999542236328,11.399999618530273,11.460000038146973,11.385625839233398,1051700,USD,NYQ,America/New_York,Yahoo Finance
NAD,2026-09-04,11.460000038146973,11.489999771118164,11.40999984741211,11.460000038146973,11.385625839233398,644700,USD,NYQ,America/New_York,Yahoo Finance
NAD,2026-09-08,11.40999984741211,11.4399995803833,11.34000015258789,11.34000015258789,11.266404151916504,793300,USD,NYQ,America/New_York,Yahoo Finance
NAD,2026-09-09,11.300000190734863,11.34000015258789,11.109999656677246,11.149999618530273,11.07763671875,1333700,USD,NYQ,America/New_York,Yahoo Finance
NAD,2026-09-10,11.109999656677246,11.119999885559082,10.890000343322754,10.9399995803833,10.868999481201172,1887000,USD,NYQ,America/New_York,Yahoo Finance
NAD,2026-09-11,11.029999732971191,11.050000190734863,10.84000015258789,11.020000457763672,10.948481559753418,1872100,USD,NYQ,America/New_York,Yahoo Finance
NAD,2026-09-14,10.9399995803833,10.9399995803833,10.800000190734863,10.9399995803833,10.868999481201172,1181000,USD,NYQ,America/New_York,Yahoo Finance
NAD,2026-09-15,10.789999961853027,10.90999984741211,10.649999618530273,10.729999542236328,10.729999542236328,1845900,USD,NYQ,America/New_York,Yahoo Finance
NAD,2026-09-16,10.65999984741211,10.819999694824219,10.649999618530273,10.680000305175781,10.680000305175781,1579900,USD,NYQ,America/New_York,Yahoo Finance
NAD,2026-09-17,10.729999542236328,10.84000015258789,10.729999542236328,10.819999694824219,10.819999694824219,1007300,USD,NYQ,America/New_York,Yahoo Finance
NAD,2026-09-18,10.75,10.770000457763672,10.59000015258789,10.630000114440918,10.630000114440918,1712700,USD,NYQ,America/New_York,Yahoo Finance
NAD,2026-09-21,10.640000343322754,10.640000343322754,10.5,10.5,10.5,2130900,USD,NYQ,America/New_York,Yahoo Finance
NAD,2026-09-22,10.510000228881836,10.5600004196167,10.470000267028809,10.510000228881836,10.510000228881836,2049500,USD,NYQ,America/New_York,Yahoo Finance
NAD,2026-09-23,10.470000267028809,10.5,10.100000381469727,10.390000343322754,10.390000343322754,3067900,USD,NYQ,America/New_York,Yahoo Finance
NAD,2026-09-24,10.220000267028809,10.260000228881836,10.09000015258789,10.119999885559082,10.119999885559082,3391900,USD,NYQ,America/New_York,Yahoo Finance
NAD,2026-09-25,10.100000381469727,10.210000038146973,10.0600004196167,10.100000381469727,10.100000381469727,2764100,USD,NYQ,America/New_York,Yahoo Finance
NAD,2026-09-28,10.020000457763672,10.069999694824219,9.75,9.869999885559082,9.869999885559082,4009400,USD,NYQ,America/New_York,Yahoo Finance
NBHC,2026-08-17,43.45000076293945,43.720001220703125,42.97999954223633,43.209999084472656,42.8743896484375,438400,USD,NYQ,America/New_York,Yahoo Finance
NBHC,2026-08-18,43.31999969482422,43.31999969482422,42.81999969482422,42.9900016784668,42.65610122680664,466200,USD,NYQ,America/New_York,Yahoo Finance
NBHC,2026-08-19,43.13999938964844,43.13999938964844,41.68000030517578,41.77000045776367,41.44557571411133,328500,USD,NYQ,America/New_York,Yahoo Finance
NBHC,2026-08-20,41.599998474121094,41.869998931884766,41.439998626708984,41.65999984741211,41.336429595947266,384800,USD,NYQ,America/New_York,Yahoo Finance
NBHC,2026-08-21,41.95000076293945,42.06999969482422,41.290000915527344,41.849998474121094,41.52495193481445,260300,USD,NYQ,America/New_York,Yahoo Finance
NBHC,2026-08-24,41.900001525878906,42.099998474121094,41.709999084472656,41.79999923706055,41.475341796875,371600,USD,NYQ,America/New_York,Yahoo Finance
NBHC,2026-08-25,41.86000061035156,41.86000061035156,41.2599983215332,41.290000915527344,40.969303131103516,236400,USD,NYQ,America/New_York,Yahoo Finance
NBHC,2026-08-26,41.5099983215332,41.70000076293945,41.2400016784668,41.310001373291016,40.9891471862793,310500,USD,NYQ,America/New_York,Yahoo Finance
NBHC,2026-08-27,40.9900016784668,41.31999969482422,40.65999984741211,41.20000076293945,40.880001068115234,232400,USD,NYQ,America/New_York,Yahoo Finance
NBHC,2026-08-28,41.150001525878906,41.33000183105469,40.81999969482422,41.220001220703125,41.220001220703125,326200,USD,NYQ,America/New_York,Yahoo Finance
NBHC,2026-08-31,41.13999938964844,41.43000030517578,40.58000183105469,41.290000915527344,41.290000915527344,436600,USD,NYQ,America/New_York,Yahoo Finance
NBHC,2026-09-01,41.130001068115234,41.2599983215332,40.45000076293945,40.86000061035156,40.86000061035156,372500,USD,NYQ,America/New_York,Yahoo Finance
NBHC,2026-09-02,41.189998626708984,41.84000015258789,41.0,41.58000183105469,41.58000183105469,288200,USD,NYQ,America/New_York,Yahoo Finance
NBHC,2026-09-03,41.88999938964844,42.290000915527344,41.779998779296875,41.86000061035156,41.86000061035156,186400,USD,NYQ,America/New_York,Yahoo Finance
NBHC,2026-09-04,41.68000030517578,42.2400016784668,41.68000030517578,42.06999969482422,42.06999969482422,203100,USD,NYQ,America/New_York,Yahoo Finance
NBHC,2026-09-08,41.86000061035156,42.13999938964844,41.66999816894531,41.77000045776367,41.77000045776367,442600,USD,NYQ,America/New_York,Yahoo Finance
NBHC,2026-09-09,41.540000915527344,41.65999984741211,40.97999954223633,41.31999969482422,41.31999969482422,245700,USD,NYQ,America/New_York,Yahoo Finance
NBHC,2026-09-10,41.29999923706055,41.650001525878906,41.06999969482422,41.56999969482422,41.56999969482422,290100,USD,NYQ,America/New_York,Yahoo Finance
NBHC,2026-09-11,42.0,42.15999984741211,41.439998626708984,41.7599983215332,41.7599983215332,353600,USD,NYQ,America/New_York,Yahoo Finance
NBHC,2026-09-14,41.720001220703125,42.13999938964844,41.52000045776367,41.7400016784668,41.7400016784668,385900,USD,NYQ,America/New_York,Yahoo Finance
NBHC,2026-09-15,41.84000015258789,42.13999938964844,41.529998779296875,41.66999816894531,41.66999816894531,382700,USD,NYQ,America/New_York,Yahoo Finance
NBHC,2026-09-16,41.709999084472656,41.779998779296875,40.650001525878906,41.310001373291016,41.310001373291016,469000,USD,NYQ,America/New_York,Yahoo Finance
NBHC,2026-09-17,41.630001068115234,41.630001068115234,41.04999923706055,41.13999938964844,41.13999938964844,271000,USD,NYQ,America/New_York,Yahoo Finance
NBHC,2026-09-18,40.970001220703125,41.130001068115234,40.560001373291016,40.970001220703125,40.970001220703125,649100,USD,NYQ,America/New_York,Yahoo Finance
NBHC,2026-09-21,41.0,41.13999938964844,40.02000045776367,40.22999954223633,40.22999954223633,580700,USD,NYQ,America/New_York,Yahoo Finance
NBHC,2026-09-22,40.599998474121094,40.86000061035156,40.06999969482422,40.13999938964844,40.13999938964844,574900,USD,NYQ,America/New_York,Yahoo Finance
NBHC,2026-09-23,40.060001373291016,40.369998931884766,39.86000061035156,39.86000061035156,39.86000061035156,283300,USD,NYQ,America/New_York,Yahoo Finance
NBHC,2026-09-24,40.08000183105469,40.20000076293945,39.720001220703125,40.0099983215332,40.0099983215332,334200,USD,NYQ,America/New_York,Yahoo Finance
NBHC,2026-09-25,40.20000076293945,40.5,39.95000076293945,40.16999816894531,40.16999816894531,910200,USD,NYQ,America/New_York,Yahoo Finance
NBHC,2026-09-28,40.18000030517578,40.18000030517578,39.599998474121094,39.63999938964844,39.63999938964844,412600,USD,NYQ,America/New_York,Yahoo Finance
NBIX,2026-08-17,151.6199951171875,154.80999755859375,150.69000244140625,154.49000549316406,154.49000549316406,1169000,USD,NMS,America/New_York,Yahoo Finance
NBIX,2026-08-18,155.9199981689453,156.24000549316406,153.4600067138672,154.22999572753906,154.22999572753906,1037500,USD,NMS,America/New_York,Yahoo Finance
NBIX,2026-08-19,156.55999755859375,156.55999755859375,154.33999633789062,155.5399932861328,155.5399932861328,1162800,USD,NMS,America/New_York,Yahoo Finance
NBIX,2026-08-20,154.99000549316406,155.80999755859375,152.5,152.92999267578125,152.92999267578125,870700,USD,NMS,America/New_York,Yahoo Finance
NBIX,2026-08-21,153.1300048828125,155.27000427246094,152.50999450683594,152.57000732421875,152.57000732421875,1227600,USD,NMS,America/New_York,Yahoo Finance
NBIX,2026-08-24,152.57000732421875,154.55999755859375,151.77000427246094,153.0399932861328,153.0399932861328,1207500,USD,NMS,America/New_York,Yahoo Finance
NBIX,2026-08-25,153.83999633789062,156.1300048828125,152.00999450683594,153.3699951171875,153.3699951171875,1041800,USD,NMS,America/New_York,Yahoo Finance
NBIX,2026-08-26,153.2100067138672,159.39999389648438,152.02000427246094,156.58999633789062,156.58999633789062,1119100,USD,NMS,America/New_York,Yahoo Finance
NBIX,2026-08-27,155.27999877929688,156.75,154.61000061035156,155.9199981689453,155.9199981689453,730300,USD,NMS,America/New_York,Yahoo Finance
NBIX,2026-08-28,155.9199981689453,156.57000732421875,153.0800018310547,154.05999755859375,154.05999755859375,813000,USD,NMS,America/New_York,Yahoo Finance
NBIX,2026-08-31,153.11000061035156,155.0,151.77000427246094,154.02999877929688,154.02999877929688,1741100,USD,NMS,America/New_York,Yahoo Finance
NBIX,2026-09-01,154.30999755859375,157.02999877929688,153.6999969482422,156.75999450683594,156.75999450683594,878400,USD,NMS,America/New_York,Yahoo Finance
NBIX,2026-09-02,157.38999938964844,160.42999267578125,155.08999633789062,157.7899932861328,157.7899932861328,1037900,USD,NMS,America/New_York,Yahoo Finance
NBIX,2026-09-03,159.92999267578125,159.92999267578125,156.75999450683594,158.35000610351562,158.35000610351562,758300,USD,NMS,America/New_York,Yahoo Finance
NBIX,2026-09-04,158.24000549316406,159.8000030517578,154.8300018310547,155.63999938964844,155.63999938964844,933400,USD,NMS,America/New_York,Yahoo Finance
NBIX,2026-09-08,153.99000549316406,156.82000732421875,151.77000427246094,155.1300048828125,155.1300048828125,818700,USD,NMS,America/New_York,Yahoo Finance
NBIX,2026-09-09,154.61000061035156,155.5500030517578,152.3800048828125,155.13999938964844,155.13999938964844,1050700,USD,NMS,America/New_York,Yahoo Finance
NBIX,2026-09-10,154.3800048828125,159.94000244140625,152.0399932861328,156.57000732421875,156.57000732421875,895200,USD,NMS,America/New_York,Yahoo Finance
NBIX,2026-09-11,157.1999969482422,159.6699981689453,156.1199951171875,156.22000122070312,156.22000122070312,890900,USD,NMS,America/New_York,Yahoo Finance
NBIX,2026-09-14,158.0,159.19000244140625,156.57000732421875,157.22000122070312,157.22000122070312,785500,USD,NMS,America/New_York,Yahoo Finance
NBIX,2026-09-15,156.6999969482422,156.6999969482422,149.14999389648438,150.02000427246094,150.02000427246094,1332100,USD,NMS,America/New_York,Yahoo Finance
NBIX,2026-09-16,150.33999633789062,151.30999755859375,149.0,149.5,149.5,1015400,USD,NMS,America/New_York,Yahoo Finance
NBIX,2026-09-17,151.13999938964844,152.07000732421875,149.7100067138672,151.8300018310547,151.8300018310547,1178300,USD,NMS,America/New_York,Yahoo Finance
NBIX,2026-09-18,152.6300048828125,152.6300048828125,146.05999755859375,146.22999572753906,146.22999572753906,2815400,USD,NMS,America/New_York,Yahoo Finance
NBIX,2026-09-21,146.14999389648438,146.25999450683594,143.4499969482422,143.9600067138672,143.9600067138672,1385300,USD,NMS,America/New_York,Yahoo Finance
NBIX,2026-09-22,144.1699981689453,144.25999450683594,141.77999877929688,142.25,142.25,1213700,USD,NMS,America/New_York,Yahoo Finance
NBIX,2026-09-23,141.97000122070312,142.25,139.32000732421875,139.49000549316406,139.49000549316406,1747700,USD,NMS,America/New_York,Yahoo Finance
NBIX,2026-09-24,138.5399932861328,140.6300048828125,137.0,138.94000244140625,138.94000244140625,1169100,USD,NMS,America/New_York,Yahoo Finance
NBIX,2026-09-25,138.94000244140625,138.94000244140625,137.02000427246094,138.39999389648438,138.39999389648438,1171000,USD,NMS,America/New_York,Yahoo Finance
NBIX,2026-09-28,137.75999450683594,140.58999633789062,136.77999877929688,140.44000244140625,140.44000244140625,1423500,USD,NMS,America/New_York,Yahoo Finance
NEAR-USD,2026-09-02,1.8881289958953857,1.8945480585098267,1.8292579650878906,1.8846290111541748,1.8846290111541748,220376793,USD,CCC,UTC,Yahoo Finance
NEAR-USD,2026-09-03,1.8846189975738525,2.015981912612915,1.8584729433059692,1.9551260471343994,1.9551260471343994,277963996,USD,CCC,UTC,Yahoo Finance
NEAR-USD,2026-09-04,1.955132007598877,2.193195104598999,1.9133820533752441,2.1717259883880615,2.1717259883880615,526014081,USD,CCC,UTC,Yahoo Finance
NEAR-USD,2026-09-05,2.1717050075531006,2.2839179039001465,2.16571307182312,2.1920011043548584,2.1920011043548584,464238661,USD,CCC,UTC,Yahoo Finance
NEAR-USD,2026-09-06,2.192018985748291,2.490504026412964,2.1792829036712646,2.433558940887451,2.433558940887451,665456188,USD,CCC,UTC,Yahoo Finance
NEAR-USD,2026-09-07,2.4339048862457275,2.442563056945801,2.2797789573669434,2.3088600635528564,2.3088600635528564,380023754,USD,CCC,UTC,Yahoo Finance
NEAR-USD,2026-09-08,2.308759927749634,2.425757884979248,2.2548940181732178,2.3160910606384277,2.3160910606384277,391046211,USD,CCC,UTC,Yahoo Finance
NEAR-USD,2026-09-09,2.3160910606384277,2.6430768966674805,2.268112897872925,2.4862399101257324,2.4862399101257324,770962382,USD,CCC,UTC,Yahoo Finance
NEAR-USD,2026-09-10,2.486262083053589,2.5460400581359863,2.3868329524993896,2.4348950386047363,2.4348950386047363,484293144,USD,CCC,UTC,Yahoo Finance
NEAR-USD,2026-09-11,2.434997081756592,2.714932918548584,2.357649087905884,2.366485118865967,2.366485118865967,685734217,USD,CCC,UTC,Yahoo Finance
NEAR-USD,2026-09-12,2.366485118865967,2.4197239875793457,2.330310106277466,2.3745970726013184,2.3745970726013184,270921599,USD,CCC,UTC,Yahoo Finance
NEAR-USD,2026-09-13,2.3745779991149902,2.3786299228668213,2.282339096069336,2.2992749214172363,2.2992749214172363,229029509,USD,CCC,UTC,Yahoo Finance
NEAR-USD,2026-09-14,2.299330949783325,2.588139057159424,2.2849280834198,2.4647879600524902,2.4647879600524902,428535388,USD,CCC,UTC,Yahoo Finance
NEAR-USD,2026-09-15,2.4647810459136963,2.483354091644287,2.3063130378723145,2.334897041320801,2.334897041320801,400700128,USD,CCC,UTC,Yahoo Finance
NEAR-USD,2026-09-16,2.334897041320801,2.6201670169830322,2.3007559776306152,2.6166460514068604,2.6166460514068604,643020471,USD,CCC,UTC,Yahoo Finance
NEAR-USD,2026-09-17,2.6166019439697266,3.1909968852996826,2.5928680896759033,3.1564159393310547,3.1564159393310547,1407556256,USD,CCC,UTC,Yahoo Finance
NEAR-USD,2026-09-18,3.1563069820404053,3.815443992614746,3.0734739303588867,3.7610158920288086,3.7610158920288086,2273913876,USD,CCC,UTC,Yahoo Finance
NEAR-USD,2026-09-19,3.7609329223632812,3.8815009593963623,3.4509150981903076,3.5872509479522705,3.5872509479522705,1222447222,USD,CCC,UTC,Yahoo Finance
NEAR-USD,2026-09-20,3.5873360633850098,4.276142120361328,3.433311939239502,4.164059162139893,4.164059162139893,2051226100,USD,CCC,UTC,Yahoo Finance
NEAR-USD,2026-09-21,4.164186954498291,4.435362815856934,3.9255659580230713,4.273999214172363,4.273999214172363,1847980230,USD,CCC,UTC,Yahoo Finance
NEAR-USD,2026-09-22,4.2739081382751465,4.646036148071289,4.220063209533691,4.398873805999756,4.398873805999756,1925206461,USD,CCC,UTC,Yahoo Finance
NEAR-USD,2026-09-23,4.3990349769592285,4.78317403793335,4.155869007110596,4.325024127960205,4.325024127960205,3078586336,USD,CCC,UTC,Yahoo Finance
NEAR-USD,2026-09-24,4.325048923492432,4.796146869659424,4.148031234741211,4.600787162780762,4.600787162780762,1736920605,USD,CCC,UTC,Yahoo Finance
NEAR-USD,2026-09-25,4.600705146789551,5.184390068054199,4.452725887298584,4.948783874511719,4.948783874511719,1820158974,USD,CCC,UTC,Yahoo Finance
NEAR-USD,2026-09-26,4.9488959312438965,5.032196998596191,4.763845920562744,5.02423620223999,5.02423620223999,990651497,USD,CCC,UTC,Yahoo Finance
NEAR-USD,2026-09-27,5.024200916290283,5.55427885055542,5.015683174133301,5.37493896484375,5.37493896484375,1562715327,USD,CCC,UTC,Yahoo Finance
NEAR-USD,2026-09-28,5.375607967376709,5.400528907775879,4.700170993804932,4.819666862487793,4.819666862487793,1603888653,USD,CCC,UTC,Yahoo Finance
NEAR-USD,2026-09-29,4.819626808166504,5.14617919921875,4.5537800788879395,4.887269020080566,4.887269020080566,1474916313,USD,CCC,UTC,Yahoo Finance
NEAR-USD,2026-09-30,4.887247085571289,5.484364986419678,4.846002101898193,5.336692810058594,5.336692810058594,1666935505,USD,CCC,UTC,Yahoo Finance
NEAR-USD,2026-10-01,5.336361885070801,5.510354042053223,4.754406929016113,4.806078910827637,4.806078910827637,1588440682,USD,CCC,UTC,Yahoo Finance
NHI,2026-08-17,72.5,73.41000366210938,72.2300033569336,73.41000366210938,73.41000366210938,462900,USD,NYQ,America/New_York,Yahoo Finance
NHI,2026-08-18,73.5,74.44999694824219,72.97000122070312,73.23999786376953,73.23999786376953,503300,USD,NYQ,America/New_York,Yahoo Finance
NHI,2026-08-19,73.69000244140625,74.26000213623047,73.36000061035156,74.08000183105469,74.08000183105469,309200,USD,NYQ,America/New_York,Yahoo Finance
NHI,2026-08-20,74.05999755859375,74.7300033569336,73.83000183105469,73.91000366210938,73.91000366210938,185700,USD,NYQ,America/New_York,Yahoo Finance
NHI,2026-08-21,74.0199966430664,74.72000122070312,73.18000030517578,73.36000061035156,73.36000061035156,224300,USD,NYQ,America/New_York,Yahoo Finance
NHI,2026-08-24,73.58999633789062,74.5,72.91999816894531,73.06999969482422,73.06999969482422,279600,USD,NYQ,America/New_York,Yahoo Finance
NHI,2026-08-25,73.33000183105469,73.56999969482422,72.44000244140625,73.3499984741211,73.3499984741211,299600,USD,NYQ,America/New_York,Yahoo Finance
NHI,2026-08-26,73.54000091552734,73.81999969482422,72.91999816894531,73.38999938964844,73.38999938964844,162500,USD,NYQ,America/New_York,Yahoo Finance
NHI,2026-08-27,72.87000274658203,72.94999694824219,72.43000030517578,72.55999755859375,72.55999755859375,195200,USD,NYQ,America/New_York,Yahoo Finance
NHI,2026-08-28,72.45999908447266,73.01000213623047,71.83000183105469,72.02999877929688,72.02999877929688,206700,USD,NYQ,America/New_York,Yahoo Finance
NHI,2026-08-31,71.55999755859375,71.72000122070312,71.08000183105469,71.11000061035156,71.11000061035156,308000,USD,NYQ,America/New_York,Yahoo Finance
NHI,2026-09-01,71.0,72.73999786376953,71.0,72.2699966430664,72.2699966430664,336200,USD,NYQ,America/New_York,Yahoo Finance
NHI,2026-09-02,72.58000183105469,72.58000183105469,70.80000305175781,71.51000213623047,71.51000213623047,343400,USD,NYQ,America/New_York,Yahoo Finance
NHI,2026-09-03,71.69999694824219,72.06999969482422,71.16999816894531,71.91000366210938,71.91000366210938,274500,USD,NYQ,America/New_York,Yahoo Finance
NHI,2026-09-04,71.86000061035156,72.05000305175781,70.77999877929688,70.87999725341797,70.87999725341797,193900,USD,NYQ,America/New_York,Yahoo Finance
NHI,2026-09-08,70.81999969482422,71.5,70.76000213623047,71.41999816894531,71.41999816894531,338900,USD,NYQ,America/New_York,Yahoo Finance
NHI,2026-09-09,71.7699966430664,71.7699966430664,69.7300033569336,70.19000244140625,70.19000244140625,586700,USD,NYQ,America/New_York,Yahoo Finance
NHI,2026-09-10,70.81999969482422,71.05999755859375,69.94999694824219,70.20999908447266,70.20999908447266,370900,USD,NYQ,America/New_York,Yahoo Finance
NHI,2026-09-11,70.41999816894531,70.86000061035156,70.0999984741211,70.31999969482422,70.31999969482422,334300,USD,NYQ,America/New_York,Yahoo Finance
NHI,2026-09-14,71.0,71.55000305175781,70.26000213623047,70.37000274658203,70.37000274658203,297300,USD,NYQ,America/New_York,Yahoo Finance
NHI,2026-09-15,70.62999725341797,70.83999633789062,69.25,69.30000305175781,69.30000305175781,293100,USD,NYQ,America/New_York,Yahoo Finance
NHI,2026-09-16,68.75,69.87000274658203,67.9800033569336,68.16000366210938,68.16000366210938,389500,USD,NYQ,America/New_York,Yahoo Finance
NHI,2026-09-17,68.16000366210938,70.0,68.0,69.2300033569336,69.2300033569336,756300,USD,NYQ,America/New_York,Yahoo Finance
NHI,2026-09-18,68.56999969482422,68.9000015258789,67.36000061035156,67.80000305175781,67.80000305175781,707300,USD,NYQ,America/New_York,Yahoo Finance
NHI,2026-09-21,67.5,68.70999908447266,67.5,67.87000274658203,67.87000274658203,437500,USD,NYQ,America/New_York,Yahoo Finance
NHI,2026-09-22,67.81999969482422,68.4800033569336,67.19999694824219,67.41000366210938,67.41000366210938,352100,USD,NYQ,America/New_York,Yahoo Finance
NHI,2026-09-23,67.25,67.52999877929688,66.55000305175781,67.19999694824219,67.19999694824219,447800,USD,NYQ,America/New_York,Yahoo Finance
NHI,2026-09-24,67.5,68.45999908447266,66.98999786376953,67.16000366210938,67.16000366210938,318000,USD,NYQ,America/New_York,Yahoo Finance
NHI,2026-09-25,67.4000015258789,67.4000015258789,66.52999877929688,66.91999816894531,66.91999816894531,282000,USD,NYQ,America/New_York,Yahoo Finance
NHI,2026-09-28,67.01000213623047,67.52999877929688,66.58999633789062,66.83999633789062,66.83999633789062,269400,USD,NYQ,America/New_York,Yahoo Finance
NMR,2026-08-17,9.779999732971191,9.880000114440918,9.779999732971191,9.8100004196167,9.8100004196167,568300,USD,NYQ,America/New_York,Yahoo Finance
NMR,2026-08-18,9.760000228881836,9.770000457763672,9.630000114440918,9.649999618530273,9.649999618530273,489600,USD,NYQ,America/New_York,Yahoo Finance
NMR,2026-08-19,9.65999984741211,9.710000038146973,9.510000228881836,9.510000228881836,9.510000228881836,1096200,USD,NYQ,America/New_York,Yahoo Finance
NMR,2026-08-20,9.520000457763672,9.5600004196167,9.449999809265137,9.449999809265137,9.449999809265137,678600,USD,NYQ,America/New_York,Yahoo Finance
NMR,2026-08-21,9.640000343322754,9.739999771118164,9.640000343322754,9.720000267028809,9.720000267028809,536700,USD,NYQ,America/New_York,Yahoo Finance
NMR,2026-08-24,9.710000038146973,9.779999732971191,9.6899995803833,9.760000228881836,9.760000228881836,584200,USD,NYQ,America/New_York,Yahoo Finance
NMR,2026-08-25,9.880000114440918,9.9399995803833,9.829999923706055,9.90999984741211,9.90999984741211,543400,USD,NYQ,America/New_York,Yahoo Finance
NMR,2026-08-26,10.050000190734863,10.109999656677246,10.050000190734863,10.050000190734863,10.050000190734863,421200,USD,NYQ,America/New_York,Yahoo Finance
NMR,2026-08-27,10.09000015258789,10.15999984741211,10.09000015258789,10.119999885559082,10.119999885559082,708600,USD,NYQ,America/New_York,Yahoo Finance
NMR,2026-08-28,10.289999961853027,10.359999656677246,10.239999771118164,10.300000190734863,10.300000190734863,660600,USD,NYQ,America/New_York,Yahoo Finance
NMR,2026-08-31,10.239999771118164,10.279999732971191,10.15999984741211,10.180000305175781,10.180000305175781,442300,USD,NYQ,America/New_York,Yahoo Finance
NMR,2026-09-01,10.15999984741211,10.3100004196167,10.140000343322754,10.170000076293945,10.170000076293945,991300,USD,NYQ,America/New_York,Yahoo Finance
NMR,2026-09-02,10.140000343322754,10.270000457763672,10.140000343322754,10.25,10.25,502600,USD,NYQ,America/New_York,Yahoo Finance
NMR,2026-09-03,10.4399995803833,10.630000114440918,10.4399995803833,10.619999885559082,10.619999885559082,705300,USD,NYQ,America/New_York,Yahoo Finance
NMR,2026-09-04,10.640000343322754,10.720000267028809,10.59000015258789,10.649999618530273,10.649999618530273,636100,USD,NYQ,America/New_York,Yahoo Finance
NMR,2026-09-08,10.729999542236328,10.789999961853027,10.630000114440918,10.630000114440918,10.630000114440918,873100,USD,NYQ,America/New_York,Yahoo Finance
NMR,2026-09-09,10.630000114440918,10.630000114440918,10.430000305175781,10.449999809265137,10.449999809265137,964900,USD,NYQ,America/New_York,Yahoo Finance
NMR,2026-09-10,10.699999809265137,10.699999809265137,10.539999961853027,10.539999961853027,10.539999961853027,1054500,USD,NYQ,America/New_York,Yahoo Finance
NMR,2026-09-11,10.850000381469727,10.9399995803833,10.819999694824219,10.859999656677246,10.859999656677246,884000,USD,NYQ,America/New_York,Yahoo Finance
NMR,2026-09-14,10.739999771118164,10.84000015258789,10.699999809265137,10.729999542236328,10.729999542236328,1101100,USD,NYQ,America/New_York,Yahoo Finance
NMR,2026-09-15,10.649999618530273,10.65999984741211,10.520000457763672,10.609999656677246,10.609999656677246,764100,USD,NYQ,America/New_York,Yahoo Finance
NMR,2026-09-16,10.609999656677246,10.649999618530273,10.319999694824219,10.449999809265137,10.449999809265137,914500,USD,NYQ,America/New_York,Yahoo Finance
NMR,2026-09-17,10.34000015258789,10.359999656677246,10.229999542236328,10.229999542236328,10.229999542236328,719700,USD,NYQ,America/New_York,Yahoo Finance
NMR,2026-09-18,10.140000343322754,10.140000343322754,9.960000038146973,10.069999694824219,10.069999694824219,550000,USD,NYQ,America/New_York,Yahoo Finance
NMR,2026-09-21,10.180000305175781,10.210000038146973,10.100000381469727,10.140000343322754,10.140000343322754,375000,USD,NYQ,America/New_York,Yahoo Finance
NMR,2026-09-22,10.149999618530273,10.229999542236328,9.9399995803833,9.960000038146973,9.960000038146973,601300,USD,NYQ,America/New_York,Yahoo Finance
NMR,2026-09-23,9.880000114440918,10.0600004196167,9.819999694824219,9.84000015258789,9.84000015258789,661000,USD,NYQ,America/New_York,Yahoo Finance
NMR,2026-09-24,9.770000457763672,9.779999732971191,9.65999984741211,9.770000457763672,9.770000457763672,1239200,USD,NYQ,America/New_York,Yahoo Finance
NMR,2026-09-25,10.0,10.09000015258789,9.960000038146973,10.0600004196167,10.0600004196167,591100,USD,NYQ,America/New_York,Yahoo Finance
NMR,2026-09-28,10.029999732971191,10.140000343322754,10.010000228881836,10.020000457763672,10.020000457763672,623500,USD,NYQ,America/New_York,Yahoo Finance
NOK,2026-08-17,10.8100004196167,11.130000114440918,10.720000267028809,10.779999732971191,10.779999732971191,89164500,USD,NYQ,America/New_York,Yahoo Finance
NOK,2026-08-18,10.300000190734863,10.529999732971191,10.210000038146973,10.390000343322754,10.390000343322754,111844400,USD,NYQ,America/New_York,Yahoo Finance
NOK,2026-08-19,10.710000038146973,10.739999771118164,10.09000015258789,10.130000114440918,10.130000114440918,89535100,USD,NYQ,America/New_York,Yahoo Finance
NOK,2026-08-20,10.010000228881836,10.289999961853027,9.869999885559082,10.149999618530273,10.149999618530273,73182800,USD,NYQ,America/New_York,Yahoo Finance
NOK,2026-08-21,10.25,10.369999885559082,10.069999694824219,10.210000038146973,10.210000038146973,58939400,USD,NYQ,America/New_York,Yahoo Finance
NOK,2026-08-24,9.979999542236328,10.020000457763672,9.770000457763672,9.960000038146973,9.960000038146973,48352000,USD,NYQ,America/New_York,Yahoo Finance
NOK,2026-08-25,10.3100004196167,10.380000114440918,10.210000038146973,10.350000381469727,10.350000381469727,34801200,USD,NYQ,America/New_York,Yahoo Finance
NOK,2026-08-26,10.229999542236328,10.40999984741211,10.09000015258789,10.40999984741211,10.40999984741211,37284200,USD,NYQ,America/New_York,Yahoo Finance
NOK,2026-08-27,10.630000114440918,10.65999984741211,10.359999656677246,10.59000015258789,10.59000015258789,70499200,USD,NYQ,America/New_York,Yahoo Finance
NOK,2026-08-28,10.529999732971191,10.569999694824219,10.15999984741211,10.210000038146973,10.210000038146973,59866300,USD,NYQ,America/New_York,Yahoo Finance
NOK,2026-08-31,10.220000267028809,10.279999732971191,10.020000457763672,10.140000343322754,10.140000343322754,45549200,USD,NYQ,America/New_York,Yahoo Finance
NOK,2026-09-01,10.0600004196167,10.069999694824219,9.75,9.930000305175781,9.930000305175781,61577900,USD,NYQ,America/New_York,Yahoo Finance
NOK,2026-09-02,9.979999542236328,9.979999542236328,9.729999542236328,9.84000015258789,9.84000015258789,49178900,USD,NYQ,America/New_York,Yahoo Finance
NOK,2026-09-03,9.760000228881836,9.789999961853027,9.539999961853027,9.770000457763672,9.770000457763672,82023600,USD,NYQ,America/New_York,Yahoo Finance
NOK,2026-09-04,10.0,10.109999656677246,9.930000305175781,10.029999732971191,10.029999732971191,46053000,USD,NYQ,America/New_York,Yahoo Finance
NOK,2026-09-08,10.460000038146973,10.859999656677246,10.329999923706055,10.649999618530273,10.649999618530273,114104200,USD,NYQ,America/New_York,Yahoo Finance
NOK,2026-09-09,10.989999771118164,11.15999984741211,10.739999771118164,10.760000228881836,10.760000228881836,87876100,USD,NYQ,America/New_York,Yahoo Finance
NOK,2026-09-10,10.539999961853027,10.75,10.449999809265137,10.619999885559082,10.619999885559082,66134600,USD,NYQ,America/New_York,Yahoo Finance
NOK,2026-09-11,10.819999694824219,11.170000076293945,10.710000038146973,11.130000114440918,11.130000114440918,86733800,USD,NYQ,America/New_York,Yahoo Finance
NOK,2026-09-14,10.039999961853027,10.199999809265137,9.649999618530273,9.649999618530273,9.649999618530273,125716600,USD,NYQ,America/New_York,Yahoo Finance
NOK,2026-09-15,9.829999923706055,10.050000190734863,9.800000190734863,9.84000015258789,9.84000015258789,84482000,USD,NYQ,America/New_York,Yahoo Finance
NOK,2026-09-16,10.399999618530273,10.399999618530273,9.920000076293945,10.140000343322754,10.140000343322754,130438400,USD,NYQ,America/New_York,Yahoo Finance
NOK,2026-09-17,10.710000038146973,10.859999656677246,10.460000038146973,10.600000381469727,10.600000381469727,144456500,USD,NYQ,America/New_York,Yahoo Finance
NOK,2026-09-18,10.819999694824219,10.859999656677246,10.520000457763672,10.680000305175781,10.680000305175781,161955600,USD,NYQ,America/New_York,Yahoo Finance
NOK,2026-09-21,10.979999542236328,11.050000190734863,10.569999694824219,10.9399995803833,10.9399995803833,85030000,USD,NYQ,America/New_York,Yahoo Finance
NOK,2026-09-22,10.5600004196167,10.899999618530273,10.479999542236328,10.819999694824219,10.819999694824219,107946500,USD,NYQ,America/New_York,Yahoo Finance
NOK,2026-09-23,10.859999656677246,10.899999618530273,10.579999923706055,10.630000114440918,10.630000114440918,69647900,USD,NYQ,America/New_York,Yahoo Finance
NOK,2026-09-24,10.180000305175781,10.539999961853027,10.170000076293945,10.430000305175781,10.430000305175781,75382300,USD,NYQ,America/New_York,Yahoo Finance
NOK,2026-09-25,10.430000305175781,10.5,10.319999694824219,10.390000343322754,10.390000343322754,45856800,USD,NYQ,America/New_York,Yahoo Finance
NOK,2026-09-28,10.229999542236328,10.329999923706055,9.960000038146973,10.119999885559082,10.119999885559082,55286800,USD,NYQ,America/New_York,Yahoo Finance
NUVB,2026-08-17,6.130000114440918,6.599999904632568,6.130000114440918,6.480000019073486,6.480000019073486,5055100,USD,NYQ,America/New_York,Yahoo Finance
NUVB,2026-08-18,6.570000171661377,6.960000038146973,6.440000057220459,6.960000038146973,6.960000038146973,6993700,USD,NYQ,America/New_York,Yahoo Finance
NUVB,2026-08-19,7.159999847412109,7.579999923706055,7.019999980926514,7.260000228881836,7.260000228881836,11552400,USD,NYQ,America/New_York,Yahoo Finance
NUVB,2026-08-20,7.309999942779541,7.309999942779541,6.760000228881836,6.829999923706055,6.829999923706055,5312500,USD,NYQ,America/New_York,Yahoo Finance
NUVB,2026-08-21,6.980000019073486,7.090000152587891,6.880000114440918,6.929999828338623,6.929999828338623,6035800,USD,NYQ,America/New_York,Yahoo Finance
NUVB,2026-08-24,6.820000171661377,6.96999979019165,6.659999847412109,6.760000228881836,6.760000228881836,3012400,USD,NYQ,America/New_York,Yahoo Finance
NUVB,2026-08-25,6.929999828338623,7.130000114440918,6.855000019073486,7.099999904632568,7.099999904632568,4154100,USD,NYQ,America/New_York,Yahoo Finance
NUVB,2026-08-26,7.090000152587891,7.119999885559082,6.909999847412109,6.960000038146973,6.960000038146973,3439000,USD,NYQ,America/New_York,Yahoo Finance
NUVB,2026-08-27,6.909999847412109,7.179999828338623,6.880000114440918,6.989999771118164,6.989999771118164,3530300,USD,NYQ,America/New_York,Yahoo Finance
NUVB,2026-08-28,6.900000095367432,6.995999813079834,6.625,6.659999847412109,6.659999847412109,3662000,USD,NYQ,America/New_York,Yahoo Finance
NUVB,2026-08-31,6.695000171661377,6.752999782562256,6.485000133514404,6.659999847412109,6.659999847412109,3199800,USD,NYQ,America/New_York,Yahoo Finance
NUVB,2026-09-01,6.599999904632568,6.949999809265137,6.579999923706055,6.639999866485596,6.639999866485596,4843600,USD,NYQ,America/New_York,Yahoo Finance
NUVB,2026-09-02,6.75,6.96999979019165,6.690000057220459,6.929999828338623,6.929999828338623,4996700,USD,NYQ,America/New_York,Yahoo Finance
NUVB,2026-09-03,7.03000020980835,7.130000114440918,6.650000095367432,6.769999980926514,6.769999980926514,5266900,USD,NYQ,America/New_York,Yahoo Finance
NUVB,2026-09-04,6.78000020980835,6.869999885559082,6.71999979019165,6.809999942779541,6.809999942779541,3755200,USD,NYQ,America/New_York,Yahoo Finance
NUVB,2026-09-08,6.690000057220459,6.745999813079834,6.579999923706055,6.610000133514404,6.610000133514404,2541900,USD,NYQ,America/New_York,Yahoo Finance
NUVB,2026-09-09,6.550000190734863,6.715000152587891,6.5,6.519999980926514,6.519999980926514,2611400,USD,NYQ,America/New_York,Yahoo Finance
NUVB,2026-09-10,6.440000057220459,6.449999809265137,6.170000076293945,6.28000020980835,6.28000020980835,7979800,USD,NYQ,America/New_York,Yahoo Finance
NUVB,2026-09-11,6.360000133514404,6.389999866485596,5.949999809265137,6.070000171661377,6.070000171661377,4318000,USD,NYQ,America/New_York,Yahoo Finance
NUVB,2026-09-14,5.900000095367432,6.135000228881836,5.769999980926514,5.940000057220459,5.940000057220459,10029800,USD,NYQ,America/New_York,Yahoo Finance
NUVB,2026-09-15,5.900000095367432,5.909999847412109,5.630000114440918,5.800000190734863,5.800000190734863,7051900,USD,NYQ,America/New_York,Yahoo Finance
NUVB,2026-09-16,5.800000190734863,5.820000171661377,5.65500020980835,5.78000020980835,5.78000020980835,2781200,USD,NYQ,America/New_York,Yahoo Finance
NUVB,2026-09-17,5.960000038146973,6.159999847412109,5.920000076293945,6.070000171661377,6.070000171661377,5738500,USD,NYQ,America/New_York,Yahoo Finance
NUVB,2026-09-18,6.150000095367432,6.179999828338623,5.820000171661377,5.849999904632568,5.849999904632568,4433900,USD,NYQ,America/New_York,Yahoo Finance
NUVB,2026-09-21,6.0,6.105000019073486,5.860000133514404,6.070000171661377,6.070000171661377,3026200,USD,NYQ,America/New_York,Yahoo Finance
NUVB,2026-09-22,6.260000228881836,6.260000228881836,5.954999923706055,6.099999904632568,6.099999904632568,4323000,USD,NYQ,America/New_York,Yahoo Finance
NUVB,2026-09-23,6.070000171661377,6.070000171661377,5.690000057220459,5.710000038146973,5.710000038146973,4603900,USD,NYQ,America/New_York,Yahoo Finance
NUVB,2026-09-24,5.690000057220459,5.78000020980835,5.534999847412109,5.730000019073486,5.730000019073486,5705600,USD,NYQ,America/New_York,Yahoo Finance
NUVB,2026-09-25,5.730000019073486,5.824999809265137,5.670000076293945,5.739999771118164,5.739999771118164,2816600,USD,NYQ,America/New_York,Yahoo Finance
NUVB,2026-09-28,5.679999828338623,5.679999828338623,5.480000019073486,5.599999904632568,5.599999904632568,4584700,USD,NYQ,America/New_York,Yahoo Finance
NWCL,2026-08-17,10.649999618530273,10.649999618530273,10.619999885559082,10.640000343322754,10.640000343322754,118600,USD,NGM,America/New_York,Yahoo Finance
NWCL,2026-08-18,10.649999618530273,10.654999732971191,10.630000114440918,10.649999618530273,10.649999618530273,115800,USD,NGM,America/New_York,Yahoo Finance
NWCL,2026-08-19,10.649999618530273,10.649999618530273,10.619999885559082,10.635000228881836,10.635000228881836,65000,USD,NGM,America/New_York,Yahoo Finance
NWCL,2026-08-20,10.649999618530273,10.649999618530273,10.609999656677246,10.609999656677246,10.609999656677246,583900,USD,NGM,America/New_York,Yahoo Finance
NWCL,2026-08-21,10.630000114440918,10.645000457763672,10.609999656677246,10.619999885559082,10.619999885559082,80600,USD,NGM,America/New_York,Yahoo Finance
NWCL,2026-08-24,10.600000381469727,10.640000343322754,10.600000381469727,10.619999885559082,10.619999885559082,77400,USD,NGM,America/New_York,Yahoo Finance
NWCL,2026-08-25,10.649999618530273,10.65999984741211,10.609999656677246,10.630000114440918,10.630000114440918,1966400,USD,NGM,America/New_York,Yahoo Finance
NWCL,2026-08-26,10.630000114440918,10.649999618530273,10.579999923706055,10.600000381469727,10.600000381469727,135400,USD,NGM,America/New_York,Yahoo Finance
NWCL,2026-08-27,10.600000381469727,10.619999885559082,10.579999923706055,10.600000381469727,10.600000381469727,147200,USD,NGM,America/New_York,Yahoo Finance
NWCL,2026-08-28,10.600000381469727,10.630000114440918,10.579999923706055,10.600000381469727,10.600000381469727,131400,USD,NGM,America/New_York,Yahoo Finance
NWCL,2026-08-31,10.619999885559082,10.63700008392334,10.579999923706055,10.59000015258789,10.59000015258789,310500,USD,NGM,America/New_York,Yahoo Finance
NWCL,2026-09-01,10.619999885559082,10.619999885559082,10.59000015258789,10.609999656677246,10.609999656677246,85500,USD,NGM,America/New_York,Yahoo Finance
NWCL,2026-09-02,10.579999923706055,10.619999885559082,10.579999923706055,10.619999885559082,10.619999885559082,75400,USD,NGM,America/New_York,Yahoo Finance
NWCL,2026-09-03,10.619999885559082,10.640000343322754,10.59000015258789,10.609999656677246,10.609999656677246,95500,USD,NGM,America/New_York,Yahoo Finance
NWCL,2026-09-04,10.600000381469727,10.637999534606934,10.600000381469727,10.619999885559082,10.619999885559082,64800,USD,NGM,America/New_York,Yahoo Finance
NWCL,2026-09-08,10.619999885559082,10.640000343322754,10.619999885559082,10.630000114440918,10.630000114440918,325200,USD,NGM,America/New_York,Yahoo Finance
NWCL,2026-09-09,10.630000114440918,10.640000343322754,10.619999885559082,10.619999885559082,10.619999885559082,74100,USD,NMS,America/New_York,Yahoo Finance
NWCL,2026-09-10,10.630000114440918,10.630000114440918,10.609999656677246,10.619999885559082,10.619999885559082,80200,USD,NMS,America/New_York,Yahoo Finance
NWCL,2026-09-11,10.619999885559082,10.65999984741211,10.579999923706055,10.640000343322754,10.640000343322754,7781800,USD,NMS,America/New_York,Yahoo Finance
NWCL,2026-09-14,10.630000114440918,10.649999618530273,10.609999656677246,10.640000343322754,10.640000343322754,25600,USD,NMS,America/New_York,Yahoo Finance
NWCL,2026-09-15,10.619999885559082,10.619999885559082,9.550000190734863,9.75,9.75,69000,USD,NMS,America/New_York,Yahoo Finance
NWCL,2026-09-16,9.8100004196167,9.850000381469727,9.399999618530273,9.399999618530273,9.399999618530273,77600,USD,NMS,America/New_York,Yahoo Finance
NWCL,2026-09-17,9.369999885559082,9.829999923706055,9.265000343322754,9.350000381469727,9.350000381469727,85300,USD,NMS,America/New_York,Yahoo Finance
NWCL,2026-09-18,9.680000305175781,9.829999923706055,8.670000076293945,8.670000076293945,8.670000076293945,5181100,USD,NMS,America/New_York,Yahoo Finance
NWCL,2026-09-21,9.6899995803833,10.09000015258789,8.5,8.640000343322754,8.640000343322754,319400,USD,NMS,America/New_York,Yahoo Finance
NWCL,2026-09-22,7.96999979019165,8.630000114440918,7.130000114440918,8.145000457763672,8.145000457763672,789100,USD,NMS,America/New_York,Yahoo Finance
NWCL,2026-09-23,8.170000076293945,8.5,7.699999809265137,7.829999923706055,7.829999923706055,429700,USD,NMS,America/New_York,Yahoo Finance
NWCL,2026-09-24,8.020000457763672,8.4399995803833,7.53000020980835,7.699999809265137,7.699999809265137,388300,USD,NMS,America/New_York,Yahoo Finance
NWCL,2026-09-25,7.880000114440918,8.109000205993652,7.360000133514404,7.425000190734863,7.425000190734863,281300,USD,NMS,America/New_York,Yahoo Finance
NWCL,2026-09-28,7.489999771118164,7.849999904632568,7.289999961853027,7.599999904632568,7.599999904632568,276100,USD,NMS,America/New_York,Yahoo Finance
NXST,2026-08-17,186.58999633789062,187.3699951171875,181.33999633789062,184.8000030517578,184.8000030517578,380800,USD,NMS,America/New_York,Yahoo Finance
NXST,2026-08-18,186.11000061035156,187.88999938964844,181.6199951171875,182.57000732421875,182.57000732421875,298400,USD,NMS,America/New_York,Yahoo Finance
NXST,2026-08-19,181.89999389648438,189.5800018310547,181.89999389648438,187.3699951171875,187.3699951171875,376300,USD,NMS,America/New_York,Yahoo Finance
NXST,2026-08-20,187.3699951171875,189.25,184.32000732421875,187.2899932861328,187.2899932861328,296200,USD,NMS,America/New_York,Yahoo Finance
NXST,2026-08-21,187.3000030517578,188.52000427246094,184.4199981689453,186.13999938964844,186.13999938964844,262800,USD,NMS,America/New_York,Yahoo Finance
NXST,2026-08-24,185.7899932861328,189.52000427246094,184.80999755859375,186.24000549316406,186.24000549316406,373000,USD,NMS,America/New_York,Yahoo Finance
NXST,2026-08-25,184.72999572753906,189.89999389648438,182.3300018310547,189.38999938964844,189.38999938964844,297300,USD,NMS,America/New_York,Yahoo Finance
NXST,2026-08-26,189.72000122070312,189.97999572753906,185.16000366210938,185.52000427246094,185.52000427246094,279000,USD,NMS,America/New_York,Yahoo Finance
NXST,2026-08-27,184.32000732421875,185.85000610351562,179.17999267578125,179.86000061035156,179.86000061035156,320200,USD,NMS,America/New_York,Yahoo Finance
NXST,2026-08-28,179.6699981689453,183.8300018310547,179.25,183.32000732421875,183.32000732421875,338100,USD,NMS,America/New_York,Yahoo Finance
NXST,2026-08-31,184.05999755859375,184.05999755859375,179.19000244140625,182.1300048828125,182.1300048828125,331900,USD,NMS,America/New_York,Yahoo Finance
NXST,2026-09-01,180.2899932861328,181.85000610351562,177.0800018310547,177.83999633789062,177.83999633789062,277100,USD,NMS,America/New_York,Yahoo Finance
NXST,2026-09-02,177.89999389648438,182.69000244140625,175.27000427246094,177.19000244140625,177.19000244140625,305300,USD,NMS,America/New_York,Yahoo Finance
NXST,2026-09-03,178.1300048828125,180.94000244140625,175.47999572753906,177.6699981689453,177.6699981689453,220000,USD,NMS,America/New_York,Yahoo Finance
NXST,2026-09-04,176.67999267578125,177.92999267578125,175.0,176.8300018310547,176.8300018310547,232400,USD,NMS,America/New_York,Yahoo Finance
NXST,2026-09-08,176.8300018310547,177.8000030517578,167.72999572753906,169.14999389648438,169.14999389648438,439900,USD,NMS,America/New_York,Yahoo Finance
NXST,2026-09-09,167.83999633789062,170.77000427246094,158.80999755859375,164.91000366210938,164.91000366210938,684000,USD,NMS,America/New_York,Yahoo Finance
NXST,2026-09-10,165.1999969482422,172.75999450683594,164.10000610351562,169.97000122070312,169.97000122070312,425100,USD,NMS,America/New_York,Yahoo Finance
NXST,2026-09-11,170.4499969482422,173.11000061035156,168.10000610351562,169.08999633789062,169.08999633789062,332300,USD,NMS,America/New_York,Yahoo Finance
NXST,2026-09-14,169.5399932861328,173.41000366210938,169.5399932861328,170.52000427246094,170.52000427246094,254200,USD,NMS,America/New_York,Yahoo Finance
NXST,2026-09-15,169.4600067138672,170.75,167.00999450683594,168.8000030517578,168.8000030517578,347200,USD,NMS,America/New_York,Yahoo Finance
NXST,2026-09-16,168.36000061035156,169.17999267578125,161.8300018310547,163.6699981689453,163.6699981689453,292600,USD,NMS,America/New_York,Yahoo Finance
NXST,2026-09-17,164.97000122070312,167.02000427246094,160.9199981689453,162.33999633789062,162.33999633789062,321900,USD,NMS,America/New_York,Yahoo Finance
NXST,2026-09-18,161.55999755859375,163.97999572753906,155.1300048828125,156.52999877929688,156.52999877929688,1450800,USD,NMS,America/New_York,Yahoo Finance
NXST,2026-09-21,157.6699981689453,168.99000549316406,157.6699981689453,166.14999389648438,166.14999389648438,402800,USD,NMS,America/New_York,Yahoo Finance
NXST,2026-09-22,167.9199981689453,171.52999877929688,164.16000366210938,167.52999877929688,167.52999877929688,310200,USD,NMS,America/New_York,Yahoo Finance
NXST,2026-09-23,167.52999877929688,168.99000549316406,164.0500030517578,165.57000732421875,165.57000732421875,341500,USD,NMS,America/New_York,Yahoo Finance
NXST,2026-09-24,164.47000122070312,166.5399932861328,159.85000610351562,161.52999877929688,161.52999877929688,356700,USD,NMS,America/New_York,Yahoo Finance
NXST,2026-09-25,161.19000244140625,162.3300018310547,159.3300018310547,162.10000610351562,162.10000610351562,287300,USD,NMS,America/New_York,Yahoo Finance
NXST,2026-09-28,162.27000427246094,165.42999267578125,160.2100067138672,161.77999877929688,161.77999877929688,371800,USD,NMS,America/New_York,Yahoo Finance
NYT,2026-08-17,64.58999633789062,65.37000274658203,64.08999633789062,65.2699966430664,65.2699966430664,1533600,USD,NYQ,America/New_York,Yahoo Finance
NYT,2026-08-18,65.2300033569336,66.16000366210938,64.91000366210938,65.06999969482422,65.06999969482422,1375800,USD,NYQ,America/New_York,Yahoo Finance
NYT,2026-08-19,65.2300033569336,66.62000274658203,65.0,65.95999908447266,65.95999908447266,1463600,USD,NYQ,America/New_York,Yahoo Finance
NYT,2026-08-20,65.62999725341797,66.43000030517578,64.77999877929688,65.30000305175781,65.30000305175781,1424700,USD,NYQ,America/New_York,Yahoo Finance
NYT,2026-08-21,65.66999816894531,66.37999725341797,65.30999755859375,65.69000244140625,65.69000244140625,1854600,USD,NYQ,America/New_York,Yahoo Finance
NYT,2026-08-24,65.70999908447266,67.58999633789062,65.70999908447266,67.48999786376953,67.48999786376953,2192300,USD,NYQ,America/New_York,Yahoo Finance
NYT,2026-08-25,67.75,68.7699966430664,67.12999725341797,68.61000061035156,68.61000061035156,1753700,USD,NYQ,America/New_York,Yahoo Finance
NYT,2026-08-26,68.72000122070312,69.68000030517578,68.16999816894531,68.41999816894531,68.41999816894531,1923700,USD,NYQ,America/New_York,Yahoo Finance
NYT,2026-08-27,67.97000122070312,68.41999816894531,67.30999755859375,68.12000274658203,68.12000274658203,1442200,USD,NYQ,America/New_York,Yahoo Finance
NYT,2026-08-28,68.55000305175781,68.91000366210938,67.73999786376953,68.16000366210938,68.16000366210938,995100,USD,NYQ,America/New_York,Yahoo Finance
NYT,2026-08-31,67.91999816894531,68.05999755859375,67.13999938964844,67.2699966430664,67.2699966430664,2454100,USD,NYQ,America/New_York,Yahoo Finance
NYT,2026-09-01,67.5,68.54000091552734,67.18000030517578,67.7300033569336,67.7300033569336,1578600,USD,NYQ,America/New_York,Yahoo Finance
NYT,2026-09-02,67.79000091552734,68.52999877929688,67.16999816894531,67.68000030517578,67.68000030517578,1711100,USD,NYQ,America/New_York,Yahoo Finance
NYT,2026-09-03,68.30999755859375,68.69000244140625,67.01000213623047,67.05999755859375,67.05999755859375,1269100,USD,NYQ,America/New_York,Yahoo Finance
NYT,2026-09-04,67.05999755859375,68.0,66.38999938964844,67.27999877929688,67.27999877929688,2022500,USD,NYQ,America/New_York,Yahoo Finance
NYT,2026-09-08,66.72000122070312,67.98999786376953,66.08000183105469,67.95999908447266,67.95999908447266,2071600,USD,NYQ,America/New_York,Yahoo Finance
NYT,2026-09-09,67.6500015258789,67.9000015258789,65.7300033569336,66.5999984741211,66.5999984741211,3707200,USD,NYQ,America/New_York,Yahoo Finance
NYT,2026-09-10,66.66999816894531,66.88999938964844,65.94000244140625,66.56999969482422,66.56999969482422,2483800,USD,NYQ,America/New_York,Yahoo Finance
NYT,2026-09-11,66.80000305175781,67.06999969482422,65.75,66.87999725341797,66.87999725341797,1402100,USD,NYQ,America/New_York,Yahoo Finance
NYT,2026-09-14,67.95999908447266,70.5,67.88999938964844,70.33999633789062,70.33999633789062,2323000,USD,NYQ,America/New_York,Yahoo Finance
NYT,2026-09-15,71.30999755859375,73.44999694824219,70.52999877929688,71.70999908447266,71.70999908447266,3074400,USD,NYQ,America/New_York,Yahoo Finance
NYT,2026-09-16,71.38999938964844,73.37000274658203,71.1500015258789,72.41000366210938,72.41000366210938,2614500,USD,NYQ,America/New_York,Yahoo Finance
NYT,2026-09-17,72.41999816894531,72.41999816894531,69.66999816894531,69.94000244140625,69.94000244140625,3271400,USD,NYQ,America/New_York,Yahoo Finance
NYT,2026-09-18,69.75,70.62999725341797,69.23999786376953,70.20999908447266,70.20999908447266,7935200,USD,NYQ,America/New_York,Yahoo Finance
NYT,2026-09-21,70.5199966430664,70.77999877929688,69.37999725341797,70.52999877929688,70.52999877929688,2986600,USD,NYQ,America/New_York,Yahoo Finance
NYT,2026-09-22,70.31999969482422,70.66999816894531,63.47999954223633,65.44999694824219,65.44999694824219,8351800,USD,NYQ,America/New_York,Yahoo Finance
NYT,2026-09-23,65.25,65.25,61.79999923706055,61.88999938964844,61.88999938964844,6703700,USD,NYQ,America/New_York,Yahoo Finance
NYT,2026-09-24,62.75,63.900001525878906,61.880001068115234,63.04999923706055,63.04999923706055,4980900,USD,NYQ,America/New_York,Yahoo Finance
NYT,2026-09-25,62.72999954223633,64.91000366210938,62.5,63.83000183105469,63.83000183105469,3630900,USD,NYQ,America/New_York,Yahoo Finance
NYT,2026-09-28,63.779998779296875,64.80000305175781,62.5,64.16999816894531,64.16999816894531,3073300,USD,NYQ,America/New_York,Yahoo Finance
ODTX,2026-08-17,20.68000030517578,21.360000610351562,20.56999969482422,20.860000610351562,20.860000610351562,119800,USD,NCM,America/New_York,Yahoo Finance
ODTX,2026-08-18,20.649999618530273,21.950000762939453,20.510000228881836,21.950000762939453,21.950000762939453,188800,USD,NCM,America/New_York,Yahoo Finance
ODTX,2026-08-19,22.520000457763672,24.65999984741211,22.399999618530273,24.25,24.25,226100,USD,NCM,America/New_York,Yahoo Finance
ODTX,2026-08-20,24.399999618530273,24.770000457763672,23.06999969482422,24.670000076293945,24.670000076293945,121600,USD,NCM,America/New_York,Yahoo Finance
ODTX,2026-08-21,24.90999984741211,26.489999771118164,24.549999237060547,26.389999389648438,26.389999389648438,181300,USD,NCM,America/New_York,Yahoo Finance
ODTX,2026-08-24,26.389999389648438,28.0,25.049999237060547,25.149999618530273,25.149999618530273,257400,USD,NCM,America/New_York,Yahoo Finance
ODTX,2026-08-25,25.1200008392334,27.31999969482422,25.1200008392334,26.229999542236328,26.229999542236328,163700,USD,NCM,America/New_York,Yahoo Finance
ODTX,2026-08-26,26.5,27.329999923706055,24.8700008392334,25.6200008392334,25.6200008392334,235700,USD,NCM,America/New_York,Yahoo Finance
ODTX,2026-08-27,25.81999969482422,26.399999618530273,25.479999542236328,25.979999542236328,25.979999542236328,141400,USD,NCM,America/New_York,Yahoo Finance
ODTX,2026-08-28,26.049999237060547,26.520000457763672,24.25,24.360000610351562,24.360000610351562,117300,USD,NCM,America/New_York,Yahoo Finance
ODTX,2026-08-31,24.329999923706055,24.799999237060547,22.889999389648438,24.520000457763672,24.520000457763672,170400,USD,NCM,America/New_York,Yahoo Finance
ODTX,2026-09-01,24.209999084472656,25.229999542236328,24.059999465942383,24.5,24.5,172800,USD,NCM,America/New_York,Yahoo Finance
ODTX,2026-09-02,24.799999237060547,26.799999237060547,24.799999237060547,26.6200008392334,26.6200008392334,171400,USD,NCM,America/New_York,Yahoo Finance
ODTX,2026-09-03,26.8799991607666,27.270000457763672,25.6200008392334,26.399999618530273,26.399999618530273,189600,USD,NCM,America/New_York,Yahoo Finance
ODTX,2026-09-04,26.239999771118164,29.049999237060547,25.709999084472656,28.760000228881836,28.760000228881836,269000,USD,NCM,America/New_York,Yahoo Finance
ODTX,2026-09-08,28.299999237060547,28.8700008392334,26.889999389648438,26.969999313354492,26.969999313354492,174700,USD,NCM,America/New_York,Yahoo Finance
ODTX,2026-09-09,26.969999313354492,28.260000228881836,24.239999771118164,24.510000228881836,24.510000228881836,217400,USD,NCM,America/New_York,Yahoo Finance
ODTX,2026-09-10,24.09000015258789,25.3799991607666,23.5,23.639999389648438,23.639999389648438,192700,USD,NCM,America/New_York,Yahoo Finance
ODTX,2026-09-11,23.940000534057617,25.139999389648438,23.639999389648438,24.6299991607666,24.6299991607666,198400,USD,NCM,America/New_York,Yahoo Finance
ODTX,2026-09-14,24.690000534057617,25.290000915527344,23.3700008392334,24.260000228881836,24.260000228881836,219000,USD,NCM,America/New_York,Yahoo Finance
ODTX,2026-09-15,24.309999465942383,24.84000015258789,21.719999313354492,21.989999771118164,21.989999771118164,276700,USD,NCM,America/New_York,Yahoo Finance
ODTX,2026-09-16,22.18000030517578,23.399999618530273,21.81999969482422,23.1200008392334,23.1200008392334,591200,USD,NCM,America/New_York,Yahoo Finance
ODTX,2026-09-17,23.459999084472656,25.809999465942383,22.940000534057617,23.219999313354492,23.219999313354492,524200,USD,NCM,America/New_York,Yahoo Finance
ODTX,2026-09-18,23.350000381469727,25.149999618530273,22.8799991607666,24.3799991607666,24.3799991607666,2604300,USD,NCM,America/New_York,Yahoo Finance
ODTX,2026-09-21,24.510000228881836,25.219999313354492,23.049999237060547,23.059999465942383,23.059999465942383,245700,USD,NCM,America/New_York,Yahoo Finance
ODTX,2026-09-22,23.360000610351562,24.329999923706055,22.700000762939453,23.34000015258789,23.34000015258789,555200,USD,NCM,America/New_York,Yahoo Finance
ODTX,2026-09-23,22.989999771118164,23.030000686645508,20.530000686645508,20.760000228881836,20.760000228881836,255200,USD,NCM,America/New_York,Yahoo Finance
ODTX,2026-09-24,20.770000457763672,21.09000015258789,18.770000457763672,19.93000030517578,19.93000030517578,396000,USD,NCM,America/New_York,Yahoo Finance
ODTX,2026-09-25,19.899999618530273,20.8799991607666,19.40999984741211,20.510000228881836,20.510000228881836,237800,USD,NCM,America/New_York,Yahoo Finance
ODTX,2026-09-28,20.020000457763672,21.649999618530273,19.719999313354492,21.469999313354492,21.469999313354492,213100,USD,NCM,America/New_York,Yahoo Finance
OGE,2026-08-17,47.310001373291016,47.59000015258789,47.0099983215332,47.349998474121094,47.349998474121094,961600,USD,NYQ,America/New_York,Yahoo Finance
OGE,2026-08-18,47.810001373291016,47.95000076293945,46.70000076293945,47.060001373291016,47.060001373291016,1454300,USD,NYQ,America/New_York,Yahoo Finance
OGE,2026-08-19,47.380001068115234,47.47999954223633,46.650001525878906,46.93000030517578,46.93000030517578,1244400,USD,NYQ,America/New_York,Yahoo Finance
OGE,2026-08-20,46.75,47.36000061035156,46.72999954223633,46.72999954223633,46.72999954223633,1115400,USD,NYQ,America/New_York,Yahoo Finance
OGE,2026-08-21,46.79999923706055,47.130001068115234,45.599998474121094,45.619998931884766,45.619998931884766,1146900,USD,NYQ,America/New_York,Yahoo Finance
OGE,2026-08-24,45.72999954223633,46.060001373291016,45.5099983215332,45.959999084472656,45.959999084472656,1643200,USD,NYQ,America/New_York,Yahoo Finance
OGE,2026-08-25,46.040000915527344,46.150001525878906,45.83000183105469,45.939998626708984,45.939998626708984,1241000,USD,NYQ,America/New_York,Yahoo Finance
OGE,2026-08-26,46.04999923706055,46.959999084472656,46.04999923706055,46.54999923706055,46.54999923706055,1586400,USD,NYQ,America/New_York,Yahoo Finance
OGE,2026-08-27,46.119998931884766,46.279998779296875,45.79999923706055,46.029998779296875,46.029998779296875,1392000,USD,NYQ,America/New_York,Yahoo Finance
OGE,2026-08-28,46.279998779296875,46.279998779296875,45.43000030517578,45.7400016784668,45.7400016784668,1310200,USD,NYQ,America/New_York,Yahoo Finance
OGE,2026-08-31,45.41999816894531,45.790000915527344,45.27000045776367,45.630001068115234,45.630001068115234,1407300,USD,NYQ,America/New_York,Yahoo Finance
OGE,2026-09-01,45.810001373291016,46.029998779296875,45.59000015258789,45.9900016784668,45.9900016784668,1230700,USD,NYQ,America/New_York,Yahoo Finance
OGE,2026-09-02,46.689998626708984,46.689998626708984,46.06999969482422,46.459999084472656,46.459999084472656,2255100,USD,NYQ,America/New_York,Yahoo Finance
OGE,2026-09-03,46.540000915527344,47.13999938964844,46.45000076293945,46.88999938964844,46.88999938964844,1354100,USD,NYQ,America/New_York,Yahoo Finance
OGE,2026-09-04,46.63999938964844,47.09000015258789,46.63999938964844,46.91999816894531,46.91999816894531,1301600,USD,NYQ,America/New_York,Yahoo Finance
OGE,2026-09-08,46.91999816894531,47.900001525878906,46.91999816894531,47.38999938964844,47.38999938964844,2229300,USD,NYQ,America/New_York,Yahoo Finance
OGE,2026-09-09,47.31999969482422,47.599998474121094,46.5099983215332,46.91999816894531,46.91999816894531,1380100,USD,NYQ,America/New_York,Yahoo Finance
OGE,2026-09-10,47.11000061035156,47.25,46.459999084472656,46.59000015258789,46.59000015258789,1199600,USD,NYQ,America/New_York,Yahoo Finance
OGE,2026-09-11,47.040000915527344,47.040000915527344,46.369998931884766,46.54999923706055,46.54999923706055,1610100,USD,NYQ,America/New_York,Yahoo Finance
OGE,2026-09-14,46.79999923706055,47.060001373291016,46.06999969482422,46.22999954223633,46.22999954223633,1725100,USD,NYQ,America/New_York,Yahoo Finance
OGE,2026-09-15,46.349998474121094,46.38999938964844,45.54999923706055,45.709999084472656,45.709999084472656,1610700,USD,NYQ,America/New_York,Yahoo Finance
OGE,2026-09-16,46.060001373291016,46.33000183105469,45.77000045776367,46.0099983215332,46.0099983215332,1456600,USD,NYQ,America/New_York,Yahoo Finance
OGE,2026-09-17,46.27000045776367,46.36000061035156,45.959999084472656,46.29999923706055,46.29999923706055,1099100,USD,NYQ,America/New_York,Yahoo Finance
OGE,2026-09-18,46.029998779296875,46.099998474121094,45.43000030517578,45.5099983215332,45.5099983215332,2385200,USD,NYQ,America/New_York,Yahoo Finance
OGE,2026-09-21,45.619998931884766,45.779998779296875,45.04999923706055,45.04999923706055,45.04999923706055,1487200,USD,NYQ,America/New_York,Yahoo Finance
OGE,2026-09-22,45.0,45.43000030517578,44.849998474121094,45.11000061035156,45.11000061035156,1652500,USD,NYQ,America/New_York,Yahoo Finance
OGE,2026-09-23,44.970001220703125,45.06999969482422,44.47999954223633,44.709999084472656,44.709999084472656,1856800,USD,NYQ,America/New_York,Yahoo Finance
OGE,2026-09-24,44.77000045776367,44.959999084472656,44.279998779296875,44.279998779296875,44.279998779296875,2048500,USD,NYQ,America/New_York,Yahoo Finance
OGE,2026-09-25,44.34000015258789,44.959999084472656,44.2400016784668,44.810001373291016,44.810001373291016,2275000,USD,NYQ,America/New_York,Yahoo Finance
OGE,2026-09-28,44.72999954223633,45.02000045776367,44.310001373291016,44.68000030517578,44.68000030517578,2138500,USD,NYQ,America/New_York,Yahoo Finance
ONDO-USD,2026-09-04,0.36283600330352783,0.3691920042037964,0.3506830036640167,0.3573969900608063,0.3573969900608063,110755064,USD,CCC,UTC,Yahoo Finance
ONDO-USD,2026-09-05,0.35739800333976746,0.3750700056552887,0.3573949933052063,0.3703579902648926,0.3703579902648926,107533461,USD,CCC,UTC,Yahoo Finance
ONDO-USD,2026-09-06,0.37036800384521484,0.3880090117454529,0.3702470064163208,0.38649898767471313,0.38649898767471313,115346283,USD,CCC,UTC,Yahoo Finance
ONDO-USD,2026-09-07,0.3865399956703186,0.39432498812675476,0.37694498896598816,0.3840140104293823,0.3840140104293823,161628034,USD,CCC,UTC,Yahoo Finance
ONDO-USD,2026-09-08,0.38401299715042114,0.38926801085472107,0.37092500925064087,0.3747430145740509,0.3747430145740509,122224475,USD,CCC,UTC,Yahoo Finance
ONDO-USD,2026-09-09,0.37474098801612854,0.38078099489212036,0.35519999265670776,0.35973700881004333,0.35973700881004333,115066440,USD,CCC,UTC,Yahoo Finance
ONDO-USD,2026-09-10,0.3597300052642822,0.3610120117664337,0.342631995677948,0.34264400601387024,0.34264400601387024,122507767,USD,CCC,UTC,Yahoo Finance
ONDO-USD,2026-09-11,0.3426389992237091,0.36794498562812805,0.3425860106945038,0.35038501024246216,0.35038501024246216,100433261,USD,CCC,UTC,Yahoo Finance
ONDO-USD,2026-09-12,0.35038501024246216,0.3532949984073639,0.3469809889793396,0.3488059937953949,0.3488059937953949,50663564,USD,CCC,UTC,Yahoo Finance
ONDO-USD,2026-09-13,0.3488059937953949,0.3525570034980774,0.341715008020401,0.34268900752067566,0.34268900752067566,59320893,USD,CCC,UTC,Yahoo Finance
ONDO-USD,2026-09-14,0.34269198775291443,0.36468398571014404,0.3396889865398407,0.3543950021266937,0.3543950021266937,117936251,USD,CCC,UTC,Yahoo Finance
ONDO-USD,2026-09-15,0.35439398884773254,0.35464000701904297,0.325857013463974,0.3283790051937103,0.3283790051937103,119790112,USD,CCC,UTC,Yahoo Finance
ONDO-USD,2026-09-16,0.3283810019493103,0.34836599230766296,0.3232960104942322,0.34722700715065,0.34722700715065,127028655,USD,CCC,UTC,Yahoo Finance
ONDO-USD,2026-09-17,0.34722700715065,0.3783159852027893,0.3467789888381958,0.3719339966773987,0.3719339966773987,227597878,USD,CCC,UTC,Yahoo Finance
ONDO-USD,2026-09-18,0.37193599343299866,0.40211600065231323,0.37193599343299866,0.3986150026321411,0.3986150026321411,266083586,USD,CCC,UTC,Yahoo Finance
ONDO-USD,2026-09-19,0.39862099289894104,0.4412370026111603,0.39398300647735596,0.42083799839019775,0.42083799839019775,301516878,USD,CCC,UTC,Yahoo Finance
ONDO-USD,2026-09-20,0.4208410084247589,0.43723198771476746,0.4014799892902374,0.43235599994659424,0.43235599994659424,209495643,USD,CCC,UTC,Yahoo Finance
ONDO-USD,2026-09-21,0.4323599934577942,0.46050599217414856,0.42365801334381104,0.4575450122356415,0.4575450122356415,336397904,USD,CCC,UTC,Yahoo Finance
ONDO-USD,2026-09-22,0.4575459957122803,0.4623660147190094,0.42299801111221313,0.4415209889411926,0.4415209889411926,281850556,USD,CCC,UTC,Yahoo Finance
ONDO-USD,2026-09-23,0.44152501225471497,0.44682300090789795,0.4073309898376465,0.41263601183891296,0.41263601183891296,259055646,USD,CCC,UTC,Yahoo Finance
ONDO-USD,2026-09-24,0.41262000799179077,0.5277550220489502,0.4077779948711395,0.5234889984130859,0.5234889984130859,873874978,USD,CCC,UTC,Yahoo Finance
ONDO-USD,2026-09-25,0.5236759781837463,0.577908992767334,0.5173550248146057,0.5488709807395935,0.5488709807395935,579810149,USD,CCC,UTC,Yahoo Finance
ONDO-USD,2026-09-26,0.5488849878311157,0.5604010224342346,0.5315669775009155,0.5381370186805725,0.5381370186805725,220354750,USD,CCC,UTC,Yahoo Finance
ONDO-USD,2026-09-27,0.5381370186805725,0.5890460014343262,0.5289300084114075,0.5888670086860657,0.5888670086860657,281162993,USD,CCC,UTC,Yahoo Finance
ONDO-USD,2026-09-28,0.5889919996261597,0.6048189997673035,0.507420003414154,0.5187289714813232,0.5187289714813232,657555139,USD,CCC,UTC,Yahoo Finance
ONDO-USD,2026-09-29,0.5187299847602844,0.5301439762115479,0.4924289882183075,0.5017960071563721,0.5017960071563721,353288971,USD,CCC,UTC,Yahoo Finance
ONDO-USD,2026-09-30,0.5017949938774109,0.5245710015296936,0.48117300868034363,0.4995880126953125,0.4995880126953125,380472644,USD,CCC,UTC,Yahoo Finance
ONDO-USD,2026-10-01,0.49958500266075134,0.5121949911117554,0.4849720001220703,0.4970000088214874,0.4970000088214874,246174375,USD,CCC,UTC,Yahoo Finance
ONDO-USD,2026-10-02,0.49699899554252625,0.5148169994354248,0.47272101044654846,0.4931910037994385,0.4931910037994385,295399091,USD,CCC,UTC,Yahoo Finance
ONDO-USD,2026-10-03,0.493137001991272,0.5027899742126465,0.47976401448249817,0.5023750066757202,0.5023750066757202,163148418,USD,CCC,UTC,Yahoo Finance
ORA,2026-08-17,114.43000030517578,115.18000030517578,113.30000305175781,113.91000366210938,113.7853775024414,474900,USD,NYQ,America/New_York,Yahoo Finance
ORA,2026-08-18,112.94000244140625,113.5,109.56999969482422,109.68000030517578,109.55999755859375,695500,USD,NYQ,America/New_York,Yahoo Finance
ORA,2026-08-19,110.69000244140625,111.19999694824219,108.7300033569336,110.31999969482422,110.31999969482422,620900,USD,NYQ,America/New_York,Yahoo Finance
ORA,2026-08-20,109.86000061035156,111.69000244140625,108.1500015258789,108.30000305175781,108.30000305175781,631900,USD,NYQ,America/New_York,Yahoo Finance
ORA,2026-08-21,108.94000244140625,110.69000244140625,107.91999816894531,108.37999725341797,108.37999725341797,600300,USD,NYQ,America/New_York,Yahoo Finance
ORA,2026-08-24,107.5,107.61000061035156,104.12999725341797,105.4000015258789,105.4000015258789,846100,USD,NYQ,America/New_York,Yahoo Finance
ORA,2026-08-25,106.33000183105469,107.0,105.31999969482422,106.23999786376953,106.23999786376953,499600,USD,NYQ,America/New_York,Yahoo Finance
ORA,2026-08-26,106.83000183105469,107.38999938964844,103.01000213623047,103.45999908447266,103.45999908447266,589200,USD,NYQ,America/New_York,Yahoo Finance
ORA,2026-08-27,103.61000061035156,105.55999755859375,103.41999816894531,104.93000030517578,104.93000030517578,444700,USD,NYQ,America/New_York,Yahoo Finance
ORA,2026-08-28,104.93000030517578,104.94999694824219,102.33999633789062,103.04000091552734,103.04000091552734,413000,USD,NYQ,America/New_York,Yahoo Finance
ORA,2026-08-31,102.91999816894531,103.37999725341797,101.47000122070312,102.0,102.0,519200,USD,NYQ,America/New_York,Yahoo Finance
ORA,2026-09-01,104.4000015258789,107.62999725341797,102.52999877929688,107.29000091552734,107.29000091552734,1022600,USD,NYQ,America/New_York,Yahoo Finance
ORA,2026-09-02,106.9000015258789,107.62000274658203,104.30000305175781,104.69000244140625,104.69000244140625,675900,USD,NYQ,America/New_York,Yahoo Finance
ORA,2026-09-03,105.08999633789062,105.33999633789062,103.86000061035156,104.19000244140625,104.19000244140625,595700,USD,NYQ,America/New_York,Yahoo Finance
ORA,2026-09-04,105.0999984741211,106.0,103.77999877929688,105.44999694824219,105.44999694824219,557300,USD,NYQ,America/New_York,Yahoo Finance
ORA,2026-09-08,106.75,109.87999725341797,106.75,107.97000122070312,107.97000122070312,865000,USD,NYQ,America/New_York,Yahoo Finance
ORA,2026-09-09,108.4800033569336,108.5,96.16999816894531,98.80999755859375,98.80999755859375,2124800,USD,NYQ,America/New_York,Yahoo Finance
ORA,2026-09-10,98.13999938964844,99.16000366210938,96.41000366210938,96.6500015258789,96.6500015258789,2044200,USD,NYQ,America/New_York,Yahoo Finance
ORA,2026-09-11,96.66000366210938,97.25,92.66999816894531,94.88999938964844,94.88999938964844,946500,USD,NYQ,America/New_York,Yahoo Finance
ORA,2026-09-14,92.66999816894531,94.33000183105469,91.75,92.08000183105469,92.08000183105469,1052400,USD,NYQ,America/New_York,Yahoo Finance
ORA,2026-09-15,92.55000305175781,92.55000305175781,91.11000061035156,91.19999694824219,91.19999694824219,1421000,USD,NYQ,America/New_York,Yahoo Finance
ORA,2026-09-16,92.26000213623047,92.5999984741211,90.62000274658203,91.88999938964844,91.88999938964844,1436300,USD,NYQ,America/New_York,Yahoo Finance
ORA,2026-09-17,94.98999786376953,98.16000366210938,94.95999908447266,97.37000274658203,97.37000274658203,1164100,USD,NYQ,America/New_York,Yahoo Finance
ORA,2026-09-18,97.37000274658203,98.38999938964844,96.30999755859375,97.33999633789062,97.33999633789062,2014400,USD,NYQ,America/New_York,Yahoo Finance
ORA,2026-09-21,98.75,98.7699966430664,96.33999633789062,96.5199966430664,96.5199966430664,578600,USD,NYQ,America/New_York,Yahoo Finance
ORA,2026-09-22,96.25,97.62999725341797,95.75,97.27999877929688,97.27999877929688,515100,USD,NYQ,America/New_York,Yahoo Finance
ORA,2026-09-23,97.61000061035156,98.0,95.43000030517578,95.83000183105469,95.83000183105469,445900,USD,NYQ,America/New_York,Yahoo Finance
ORA,2026-09-24,93.69999694824219,93.69999694824219,91.25,92.54000091552734,92.54000091552734,1017600,USD,NYQ,America/New_York,Yahoo Finance
ORA,2026-09-25,93.04000091552734,93.97000122070312,92.55000305175781,93.62999725341797,93.62999725341797,508900,USD,NYQ,America/New_York,Yahoo Finance
ORA,2026-09-28,92.88999938964844,93.4800033569336,90.12000274658203,90.36000061035156,90.36000061035156,819700,USD,NYQ,America/New_York,Yahoo Finance
ORC,2026-08-17,6.650000095367432,6.699999809265137,6.630000114440918,6.670000076293945,6.570298671722412,3065500,USD,NYQ,America/New_York,Yahoo Finance
ORC,2026-08-18,6.670000076293945,6.690000057220459,6.630000114440918,6.670000076293945,6.570298671722412,2425300,USD,NYQ,America/New_York,Yahoo Finance
ORC,2026-08-19,6.699999809265137,6.809999942779541,6.679999828338623,6.78000020980835,6.678654670715332,3751700,USD,NYQ,America/New_York,Yahoo Finance
ORC,2026-08-20,6.769999980926514,6.789999961853027,6.659999847412109,6.710000038146973,6.609700679779053,3481900,USD,NYQ,America/New_York,Yahoo Finance
ORC,2026-08-21,6.75,6.760000228881836,6.670000076293945,6.699999809265137,6.599850177764893,2306200,USD,NYQ,America/New_York,Yahoo Finance
ORC,2026-08-24,6.71999979019165,6.760000228881836,6.690000057220459,6.75,6.649103164672852,2706700,USD,NYQ,America/New_York,Yahoo Finance
ORC,2026-08-25,6.760000228881836,6.78000020980835,6.679999828338623,6.71999979019165,6.619551181793213,4756800,USD,NYQ,America/New_York,Yahoo Finance
ORC,2026-08-26,6.730000019073486,6.730000019073486,6.610000133514404,6.670000076293945,6.570298671722412,4514300,USD,NYQ,America/New_York,Yahoo Finance
ORC,2026-08-27,6.679999828338623,6.75,6.659999847412109,6.739999771118164,6.639252185821533,4414400,USD,NYQ,America/New_York,Yahoo Finance
ORC,2026-08-28,6.71999979019165,6.78000020980835,6.670000076293945,6.690000057220459,6.589999675750732,7484600,USD,NYQ,America/New_York,Yahoo Finance
ORC,2026-08-31,6.559999942779541,6.639999866485596,6.53000020980835,6.590000152587891,6.590000152587891,4771400,USD,NYQ,America/New_York,Yahoo Finance
ORC,2026-09-01,6.550000190734863,6.579999923706055,6.5,6.539999961853027,6.539999961853027,5226700,USD,NYQ,America/New_York,Yahoo Finance
ORC,2026-09-02,6.53000020980835,6.559999942779541,6.489999771118164,6.519999980926514,6.519999980926514,3903500,USD,NYQ,America/New_York,Yahoo Finance
ORC,2026-09-03,6.559999942779541,6.599999904632568,6.46999979019165,6.519999980926514,6.519999980926514,3696200,USD,NYQ,America/New_York,Yahoo Finance
ORC,2026-09-04,6.489999771118164,6.579999923706055,6.480000019073486,6.550000190734863,6.550000190734863,3674100,USD,NYQ,America/New_York,Yahoo Finance
ORC,2026-09-08,6.550000190734863,6.619999885559082,6.539999961853027,6.539999961853027,6.539999961853027,3656500,USD,NYQ,America/New_York,Yahoo Finance
ORC,2026-09-09,6.550000190734863,6.579999923706055,6.5,6.5,6.5,2397300,USD,NYQ,America/New_York,Yahoo Finance
ORC,2026-09-10,6.5,6.53000020980835,6.329999923706055,6.349999904632568,6.349999904632568,5753900,USD,NYQ,America/New_York,Yahoo Finance
ORC,2026-09-11,6.389999866485596,6.400000095367432,6.289999961853027,6.329999923706055,6.329999923706055,5134200,USD,NYQ,America/New_York,Yahoo Finance
ORC,2026-09-14,6.309999942779541,6.369999885559082,6.21999979019165,6.230000019073486,6.230000019073486,5660600,USD,NYQ,America/New_York,Yahoo Finance
ORC,2026-09-15,6.28000020980835,6.28000020980835,6.070000171661377,6.090000152587891,6.090000152587891,5591900,USD,NYQ,America/New_York,Yahoo Finance
ORC,2026-09-16,6.119999885559082,6.170000076293945,5.960000038146973,6.050000190734863,6.050000190734863,6278400,USD,NYQ,America/New_York,Yahoo Finance
ORC,2026-09-17,6.130000114440918,6.159999847412109,6.079999923706055,6.090000152587891,6.090000152587891,5376600,USD,NYQ,America/New_York,Yahoo Finance
ORC,2026-09-18,6.090000152587891,6.110000133514404,6.010000228881836,6.039999961853027,6.039999961853027,7009500,USD,NYQ,America/New_York,Yahoo Finance
ORC,2026-09-21,6.079999923706055,6.119999885559082,6.059999942779541,6.079999923706055,6.079999923706055,3851700,USD,NYQ,America/New_York,Yahoo Finance
ORC,2026-09-22,6.110000133514404,6.150000095367432,6.079999923706055,6.119999885559082,6.119999885559082,3773300,USD,NYQ,America/New_York,Yahoo Finance
ORC,2026-09-23,6.110000133514404,6.119999885559082,5.929999828338623,5.940000057220459,5.940000057220459,5064100,USD,NYQ,America/New_York,Yahoo Finance
ORC,2026-09-24,5.949999809265137,5.949999809265137,5.760000228881836,5.769999980926514,5.769999980926514,7034700,USD,NYQ,America/New_York,Yahoo Finance
ORC,2026-09-25,5.78000020980835,5.800000190734863,5.670000076293945,5.710000038146973,5.710000038146973,5690900,USD,NYQ,America/New_York,Yahoo Finance
ORC,2026-09-28,5.659999847412109,5.75,5.590000152587891,5.679999828338623,5.679999828338623,5344600,USD,NYQ,America/New_York,Yahoo Finance
OSIS,2026-08-17,232.2100067138672,234.72999572753906,226.58999633789062,229.8699951171875,229.8699951171875,125500,USD,NMS,America/New_York,Yahoo Finance
OSIS,2026-08-18,226.47000122070312,226.64999389648438,218.52000427246094,218.72999572753906,218.72999572753906,162600,USD,NMS,America/New_York,Yahoo Finance
OSIS,2026-08-19,221.0,223.72999572753906,217.97000122070312,220.9199981689453,220.9199981689453,163500,USD,NMS,America/New_York,Yahoo Finance
OSIS,2026-08-20,219.32000732421875,221.39999389648438,214.1699981689453,218.08999633789062,218.08999633789062,381300,USD,NMS,America/New_York,Yahoo Finance
OSIS,2026-08-21,196.0,207.82000732421875,186.5,206.72999572753906,206.72999572753906,1289800,USD,NMS,America/New_York,Yahoo Finance
OSIS,2026-08-24,206.44000244140625,209.99000549316406,202.0,204.0500030517578,204.0500030517578,857500,USD,NMS,America/New_York,Yahoo Finance
OSIS,2026-08-25,207.11000061035156,208.99000549316406,202.85000610351562,204.07000732421875,204.07000732421875,485400,USD,NMS,America/New_York,Yahoo Finance
OSIS,2026-08-26,203.9199981689453,211.42999267578125,203.6699981689453,211.0399932861328,211.0399932861328,347900,USD,NMS,America/New_York,Yahoo Finance
OSIS,2026-08-27,211.30999755859375,213.0,207.7899932861328,210.88999938964844,210.88999938964844,313400,USD,NMS,America/New_York,Yahoo Finance
OSIS,2026-08-28,210.27000427246094,212.2100067138672,205.6999969482422,206.63999938964844,206.63999938964844,215100,USD,NMS,America/New_York,Yahoo Finance
OSIS,2026-08-31,207.16000366210938,210.6199951171875,205.22000122070312,207.91000366210938,207.91000366210938,248200,USD,NMS,America/New_York,Yahoo Finance
OSIS,2026-09-01,207.92999267578125,210.47000122070312,204.8300018310547,208.52000427246094,208.52000427246094,192300,USD,NMS,America/New_York,Yahoo Finance
OSIS,2026-09-02,208.52000427246094,210.8000030517578,206.11000061035156,206.75,206.75,199200,USD,NMS,America/New_York,Yahoo Finance
OSIS,2026-09-03,207.92999267578125,207.92999267578125,201.10000610351562,206.6199951171875,206.6199951171875,284300,USD,NMS,America/New_York,Yahoo Finance
OSIS,2026-09-04,206.22999572753906,207.49000549316406,201.42999267578125,204.14999389648438,204.14999389648438,204900,USD,NMS,America/New_York,Yahoo Finance
OSIS,2026-09-08,203.63999938964844,207.25999450683594,201.0,204.25,204.25,333000,USD,NMS,America/New_York,Yahoo Finance
OSIS,2026-09-09,202.75,205.77000427246094,195.75999450683594,197.49000549316406,197.49000549316406,381500,USD,NMS,America/New_York,Yahoo Finance
OSIS,2026-09-10,196.0500030517578,202.2100067138672,195.69000244140625,201.25,201.25,267800,USD,NMS,America/New_York,Yahoo Finance
OSIS,2026-09-11,203.11000061035156,205.44000244140625,200.8300018310547,204.2899932861328,204.2899932861328,236100,USD,NMS,America/New_York,Yahoo Finance
OSIS,2026-09-14,202.05999755859375,203.83999633789062,199.3699951171875,199.9499969482422,199.9499969482422,225200,USD,NMS,America/New_York,Yahoo Finance
OSIS,2026-09-15,198.25999450683594,202.8000030517578,195.32000732421875,202.58999633789062,202.58999633789062,282600,USD,NMS,America/New_York,Yahoo Finance
OSIS,2026-09-16,205.6300048828125,206.3800048828125,200.1999969482422,201.75,201.75,270700,USD,NMS,America/New_York,Yahoo Finance
OSIS,2026-09-17,206.05999755859375,206.05999755859375,198.13999938964844,200.35000610351562,200.35000610351562,205400,USD,NMS,America/New_York,Yahoo Finance
OSIS,2026-09-18,200.4600067138672,202.6699981689453,197.05999755859375,197.7100067138672,197.7100067138672,395500,USD,NMS,America/New_York,Yahoo Finance
OSIS,2026-09-21,199.1999969482422,202.05999755859375,196.42999267578125,200.39999389648438,200.39999389648438,162900,USD,NMS,America/New_York,Yahoo Finance
OSIS,2026-09-22,203.17999267578125,203.4499969482422,199.22999572753906,200.83999633789062,200.83999633789062,183900,USD,NMS,America/New_York,Yahoo Finance
OSIS,2026-09-23,200.8300018310547,203.77999877929688,198.92999267578125,203.0,203.0,213300,USD,NMS,America/New_York,Yahoo Finance
OSIS,2026-09-24,202.0,205.14999389648438,200.14999389648438,201.3000030517578,201.3000030517578,134300,USD,NMS,America/New_York,Yahoo Finance
OSIS,2026-09-25,202.47999572753906,202.92999267578125,195.3699951171875,197.24000549316406,197.24000549316406,197200,USD,NMS,America/New_York,Yahoo Finance
OSIS,2026-09-28,197.6199951171875,197.6199951171875,192.2899932861328,193.0399932861328,193.0399932861328,123300,USD,NMS,America/New_York,Yahoo Finance
P,2026-08-17,118.48999786376953,118.63999938964844,115.27999877929688,116.98999786376953,116.98999786376953,3130000,USD,NYQ,America/New_York,Yahoo Finance
P,2026-08-18,114.95500183105469,119.0999984741211,114.95500183105469,117.05999755859375,117.05999755859375,3004900,USD,NYQ,America/New_York,Yahoo Finance
P,2026-08-19,118.0,118.37999725341797,110.33999633789062,112.0,112.0,3433000,USD,NYQ,America/New_York,Yahoo Finance
P,2026-08-20,112.9800033569336,114.58000183105469,109.94000244140625,109.9800033569336,109.9800033569336,3003000,USD,NYQ,America/New_York,Yahoo Finance
P,2026-08-21,111.0,111.2750015258789,107.55000305175781,108.55000305175781,108.55000305175781,2587200,USD,NYQ,America/New_York,Yahoo Finance
P,2026-08-24,107.33999633789062,107.91899871826172,100.18000030517578,100.44000244140625,100.44000244140625,3605800,USD,NYQ,America/New_York,Yahoo Finance
P,2026-08-25,102.69999694824219,106.26699829101562,101.54000091552734,102.80999755859375,102.80999755859375,2544200,USD,NYQ,America/New_York,Yahoo Finance
P,2026-08-26,103.16000366210938,109.62000274658203,103.16000366210938,108.9000015258789,108.9000015258789,5351200,USD,NYQ,America/New_York,Yahoo Finance
P,2026-08-27,110.66000366210938,112.69999694824219,95.0199966430664,99.23999786376953,99.23999786376953,7548400,USD,NYQ,America/New_York,Yahoo Finance
P,2026-08-28,97.75,98.8499984741211,93.06999969482422,93.4000015258789,93.4000015258789,3254300,USD,NYQ,America/New_York,Yahoo Finance
P,2026-08-31,94.56999969482422,95.5199966430664,91.76000213623047,92.94999694824219,92.94999694824219,3213400,USD,NYQ,America/New_York,Yahoo Finance
P,2026-09-01,92.52999877929688,94.62000274658203,89.6449966430664,93.77999877929688,93.77999877929688,2692800,USD,NYQ,America/New_York,Yahoo Finance
P,2026-09-02,93.79000091552734,94.98999786376953,91.36000061035156,92.43000030517578,92.43000030517578,2591400,USD,NYQ,America/New_York,Yahoo Finance
P,2026-09-03,91.77999877929688,98.26000213623047,91.36000061035156,98.1500015258789,98.1500015258789,2666700,USD,NYQ,America/New_York,Yahoo Finance
P,2026-09-04,98.0,99.61000061035156,96.66999816894531,99.51000213623047,99.51000213623047,2151100,USD,NYQ,America/New_York,Yahoo Finance
P,2026-09-08,100.5,102.31999969482422,97.66000366210938,101.13999938964844,101.13999938964844,3484300,USD,NYQ,America/New_York,Yahoo Finance
P,2026-09-09,101.25,103.5,96.70999908447266,97.05999755859375,97.05999755859375,2570200,USD,NYQ,America/New_York,Yahoo Finance
P,2026-09-10,96.54000091552734,97.12000274658203,94.05999755859375,94.0999984741211,94.0999984741211,1961400,USD,NYQ,America/New_York,Yahoo Finance
P,2026-09-11,95.79000091552734,98.51499938964844,95.27999877929688,98.18000030517578,98.18000030517578,1947000,USD,NYQ,America/New_York,Yahoo Finance
P,2026-09-14,94.16000366210938,96.56999969482422,92.2699966430664,93.77999877929688,93.77999877929688,2731500,USD,NYQ,America/New_York,Yahoo Finance
P,2026-09-15,98.5199966430664,100.2699966430664,96.50499725341797,96.97000122070312,96.97000122070312,3066500,USD,NYQ,America/New_York,Yahoo Finance
P,2026-09-16,98.0,99.8499984741211,95.43499755859375,97.61000061035156,97.61000061035156,3141500,USD,NYQ,America/New_York,Yahoo Finance
P,2026-09-17,100.05000305175781,104.44999694824219,99.6500015258789,103.98999786376953,103.98999786376953,3238100,USD,NYQ,America/New_York,Yahoo Finance
P,2026-09-18,105.3499984741211,108.30999755859375,102.12999725341797,104.13999938964844,104.13999938964844,73094300,USD,NYQ,America/New_York,Yahoo Finance
P,2026-09-21,105.5,113.80000305175781,104.4000015258789,113.66000366210938,113.66000366210938,7342600,USD,NYQ,America/New_York,Yahoo Finance
P,2026-09-22,111.38999938964844,111.38999938964844,107.19999694824219,110.88999938964844,110.88999938964844,5894900,USD,NYQ,America/New_York,Yahoo Finance
P,2026-09-23,111.13999938964844,112.0,107.0999984741211,109.6500015258789,109.6500015258789,3919800,USD,NYQ,America/New_York,Yahoo Finance
P,2026-09-24,113.94999694824219,131.41000366210938,113.51000213623047,121.87999725341797,121.87999725341797,11664700,USD,NYQ,America/New_York,Yahoo Finance
P,2026-09-25,122.87999725341797,128.36000061035156,122.30000305175781,126.0,126.0,6300700,USD,NYQ,America/New_York,Yahoo Finance
P,2026-09-28,124.5999984741211,130.8800048828125,124.5999984741211,129.39999389648438,129.39999389648438,4596100,USD,NYQ,America/New_York,Yahoo Finance
PAXG-USD,2026-09-04,4479.82275390625,4486.255859375,4385.11669921875,4432.97021484375,4432.97021484375,227424149,USD,CCC,UTC,Yahoo Finance
PAXG-USD,2026-09-05,4432.97021484375,4437.36865234375,4429.59033203125,4432.44287109375,4432.44287109375,46401130,USD,CCC,UTC,Yahoo Finance
PAXG-USD,2026-09-06,4432.4453125,4433.1484375,4417.19970703125,4420.9033203125,4420.9033203125,64850396,USD,CCC,UTC,Yahoo Finance
PAXG-USD,2026-09-07,4420.9375,4425.52734375,4384.71875,4421.685546875,4421.685546875,117756808,USD,CCC,UTC,Yahoo Finance
PAXG-USD,2026-09-08,4421.69580078125,4440.16162109375,4353.5234375,4355.5458984375,4355.5458984375,172979092,USD,CCC,UTC,Yahoo Finance
PAXG-USD,2026-09-09,4355.52978515625,4429.35888671875,4348.4384765625,4393.83203125,4393.83203125,167325247,USD,CCC,UTC,Yahoo Finance
PAXG-USD,2026-09-10,4393.833984375,4427.5810546875,4318.15966796875,4319.04443359375,4319.04443359375,229029868,USD,CCC,UTC,Yahoo Finance
PAXG-USD,2026-09-11,4319.04443359375,4399.6865234375,4310.58642578125,4354.66845703125,4354.66845703125,229629683,USD,CCC,UTC,Yahoo Finance
PAXG-USD,2026-09-12,4354.66650390625,4356.8134765625,4352.0986328125,4354.5498046875,4354.5498046875,36699388,USD,CCC,UTC,Yahoo Finance
PAXG-USD,2026-09-13,4354.5498046875,4358.7734375,4333.08740234375,4336.236328125,4336.236328125,62891975,USD,CCC,UTC,Yahoo Finance
PAXG-USD,2026-09-14,4336.27734375,4355.8857421875,4269.47998046875,4294.3330078125,4294.3330078125,179754945,USD,CCC,UTC,Yahoo Finance
PAXG-USD,2026-09-15,4294.3193359375,4316.17919921875,4266.56884765625,4284.474609375,4284.474609375,182214364,USD,CCC,UTC,Yahoo Finance
PAXG-USD,2026-09-16,4284.5048828125,4356.4912109375,4247.17626953125,4274.7861328125,4274.7861328125,280920036,USD,CCC,UTC,Yahoo Finance
PAXG-USD,2026-09-17,4274.65283203125,4370.3232421875,4271.22607421875,4343.3779296875,4343.3779296875,208957433,USD,CCC,UTC,Yahoo Finance
PAXG-USD,2026-09-18,4343.18505859375,4390.4248046875,4332.60693359375,4368.39892578125,4368.39892578125,222258515,USD,CCC,UTC,Yahoo Finance
PAXG-USD,2026-09-19,4368.39404296875,4368.58544921875,4362.7978515625,4364.8544921875,4364.8544921875,59853161,USD,CCC,UTC,Yahoo Finance
PAXG-USD,2026-09-20,4364.8544921875,4370.728515625,4358.76416015625,4362.28125,4362.28125,68803455,USD,CCC,UTC,Yahoo Finance
PAXG-USD,2026-09-21,4362.3017578125,4371.8779296875,4323.18115234375,4362.3271484375,4362.3271484375,220766991,USD,CCC,UTC,Yahoo Finance
PAXG-USD,2026-09-22,4362.3662109375,4367.92724609375,4299.572265625,4357.658203125,4357.658203125,247454214,USD,CCC,UTC,Yahoo Finance
PAXG-USD,2026-09-23,4357.65576171875,4362.22802734375,4276.8837890625,4288.3974609375,4288.3974609375,225397632,USD,CCC,UTC,Yahoo Finance
PAXG-USD,2026-09-24,4288.3974609375,4299.00048828125,4243.53857421875,4260.5234375,4260.5234375,227202324,USD,CCC,UTC,Yahoo Finance
PAXG-USD,2026-09-25,4260.57421875,4306.953125,4252.75537109375,4281.4755859375,4281.4755859375,163504662,USD,CCC,UTC,Yahoo Finance
PAXG-USD,2026-09-26,4281.4619140625,4284.064453125,4275.541015625,4279.91357421875,4279.91357421875,50750671,USD,CCC,UTC,Yahoo Finance
PAXG-USD,2026-09-27,4279.88037109375,4279.93115234375,4256.06103515625,4257.935546875,4257.935546875,60170725,USD,CCC,UTC,Yahoo Finance
PAXG-USD,2026-09-28,4257.91796875,4258.111328125,4123.1162109375,4134.88720703125,4134.88720703125,278924262,USD,CCC,UTC,Yahoo Finance
PAXG-USD,2026-09-29,4134.9326171875,4190.97216796875,4126.33935546875,4190.93310546875,4190.93310546875,172833894,USD,CCC,UTC,Yahoo Finance
PAXG-USD,2026-09-30,4190.93310546875,4217.87744140625,4156.80078125,4162.6171875,4162.6171875,144446097,USD,CCC,UTC,Yahoo Finance
PAXG-USD,2026-10-01,4162.6171875,4195.50732421875,4148.59716796875,4190.9306640625,4190.9306640625,113664738,USD,CCC,UTC,Yahoo Finance
PAXG-USD,2026-10-02,4190.92578125,4221.4443359375,4137.37255859375,4151.82958984375,4151.82958984375,217332505,USD,CCC,UTC,Yahoo Finance
PAXG-USD,2026-10-03,4151.81298828125,4152.76025390625,4143.71875,4147.412109375,4147.412109375,48508333,USD,CCC,UTC,Yahoo Finance
PAYC,2026-08-17,214.86000061035156,216.89300537109375,212.53500366210938,214.19000244140625,213.83937072753906,476200,USD,NYQ,America/New_York,Yahoo Finance
PAYC,2026-08-18,217.67999267578125,221.60000610351562,215.42999267578125,215.72000122070312,215.36685180664062,708000,USD,NYQ,America/New_York,Yahoo Finance
PAYC,2026-08-19,216.74000549316406,222.86000061035156,215.9600067138672,222.16000366210938,221.79632568359375,598100,USD,NYQ,America/New_York,Yahoo Finance
PAYC,2026-08-20,221.47000122070312,227.3000030517578,221.125,226.72000122070312,226.34884643554688,650000,USD,NYQ,America/New_York,Yahoo Finance
PAYC,2026-08-21,226.6999969482422,230.52999877929688,223.86500549316406,229.07000732421875,228.69500732421875,667600,USD,NYQ,America/New_York,Yahoo Finance
PAYC,2026-08-24,228.4600067138672,232.3699951171875,227.4250030517578,229.6199951171875,229.6199951171875,490000,USD,NYQ,America/New_York,Yahoo Finance
PAYC,2026-08-25,230.3699951171875,233.4600067138672,227.21299743652344,231.6999969482422,231.6999969482422,482300,USD,NYQ,America/New_York,Yahoo Finance
PAYC,2026-08-26,226.82000732421875,233.2100067138672,225.5800018310547,232.30999755859375,232.30999755859375,549000,USD,NYQ,America/New_York,Yahoo Finance
PAYC,2026-08-27,233.00999450683594,239.9199981689453,231.77499389648438,237.0399932861328,237.0399932861328,818800,USD,NYQ,America/New_York,Yahoo Finance
PAYC,2026-08-28,236.41000366210938,242.5,233.1699981689453,238.52999877929688,238.52999877929688,475000,USD,NYQ,America/New_York,Yahoo Finance
PAYC,2026-08-31,235.3000030517578,239.5800018310547,234.72500610351562,239.10000610351562,239.10000610351562,746600,USD,NYQ,America/New_York,Yahoo Finance
PAYC,2026-09-01,241.77000427246094,243.27999877929688,237.1199951171875,237.9499969482422,237.9499969482422,721500,USD,NYQ,America/New_York,Yahoo Finance
PAYC,2026-09-02,237.08999633789062,240.5850067138672,234.47999572753906,236.25,236.25,608700,USD,NYQ,America/New_York,Yahoo Finance
PAYC,2026-09-03,240.0,244.97999572753906,237.32000732421875,240.52000427246094,240.52000427246094,592000,USD,NYQ,America/New_York,Yahoo Finance
PAYC,2026-09-04,238.13999938964844,238.14999389648438,230.55999755859375,231.6699981689453,231.6699981689453,662000,USD,NYQ,America/New_York,Yahoo Finance
PAYC,2026-09-08,227.36000061035156,228.49000549316406,218.16000366210938,219.16000366210938,219.16000366210938,1011500,USD,NYQ,America/New_York,Yahoo Finance
PAYC,2026-09-09,219.22999572753906,219.94000244140625,213.64999389648438,215.5800018310547,215.5800018310547,832200,USD,NYQ,America/New_York,Yahoo Finance
PAYC,2026-09-10,216.19000244140625,219.1199951171875,214.99000549316406,216.0399932861328,216.0399932861328,600100,USD,NYQ,America/New_York,Yahoo Finance
PAYC,2026-09-11,216.13999938964844,220.30999755859375,216.0500030517578,218.91000366210938,218.91000366210938,557700,USD,NYQ,America/New_York,Yahoo Finance
PAYC,2026-09-14,224.83999633789062,227.38900756835938,218.2100067138672,222.85000610351562,222.85000610351562,854900,USD,NYQ,America/New_York,Yahoo Finance
PAYC,2026-09-15,221.6300048828125,231.49000549316406,220.4600067138672,226.75999450683594,226.75999450683594,1087300,USD,NYQ,America/New_York,Yahoo Finance
PAYC,2026-09-16,222.97999572753906,228.89999389648438,220.10000610351562,227.58999633789062,227.58999633789062,653400,USD,NYQ,America/New_York,Yahoo Finance
PAYC,2026-09-17,227.11000061035156,230.9499969482422,222.25,226.05999755859375,226.05999755859375,658900,USD,NYQ,America/New_York,Yahoo Finance
PAYC,2026-09-18,225.80999755859375,227.5,222.02999877929688,226.27999877929688,226.27999877929688,2404800,USD,NYQ,America/New_York,Yahoo Finance
PAYC,2026-09-21,226.00999450683594,228.38999938964844,224.63999938964844,226.24000549316406,226.24000549316406,517400,USD,NYQ,America/New_York,Yahoo Finance
PAYC,2026-09-22,232.86000061035156,232.86000061035156,223.5500030517578,224.61000061035156,224.61000061035156,726700,USD,NYQ,America/New_York,Yahoo Finance
PAYC,2026-09-23,225.10000610351562,225.6300048828125,218.91000366210938,221.67999267578125,221.67999267578125,561500,USD,NYQ,America/New_York,Yahoo Finance
PAYC,2026-09-24,223.35000610351562,227.02999877929688,220.35000610351562,220.80999755859375,220.80999755859375,723900,USD,NYQ,America/New_York,Yahoo Finance
PAYC,2026-09-25,221.00999450683594,222.80999755859375,219.05999755859375,220.4600067138672,220.4600067138672,442200,USD,NYQ,America/New_York,Yahoo Finance
PAYC,2026-09-28,216.52000427246094,223.2050018310547,215.0500030517578,220.5800018310547,220.5800018310547,483300,USD,NYQ,America/New_York,Yahoo Finance
PDD,2026-08-17,86.63999938964844,87.4800033569336,85.1500015258789,86.94000244140625,86.94000244140625,6850600,USD,NMS,America/New_York,Yahoo Finance
PDD,2026-08-18,87.26000213623047,87.61000061035156,86.30999755859375,87.2699966430664,87.2699966430664,5317400,USD,NMS,America/New_York,Yahoo Finance
PDD,2026-08-19,88.44000244140625,90.27999877929688,87.87999725341797,90.19999694824219,90.19999694824219,6276900,USD,NMS,America/New_York,Yahoo Finance
PDD,2026-08-20,89.19000244140625,89.77999877929688,87.66000366210938,89.5199966430664,89.5199966430664,5441300,USD,NMS,America/New_York,Yahoo Finance
PDD,2026-08-21,90.02999877929688,90.13999938964844,87.80999755859375,88.37999725341797,88.37999725341797,6897100,USD,NMS,America/New_York,Yahoo Finance
PDD,2026-08-24,90.94999694824219,91.9000015258789,86.19000244140625,87.06999969482422,87.06999969482422,13626900,USD,NMS,America/New_York,Yahoo Finance
PDD,2026-08-25,86.6500015258789,88.31999969482422,85.69999694824219,87.75,87.75,5889300,USD,NMS,America/New_York,Yahoo Finance
PDD,2026-08-26,87.83000183105469,88.08999633789062,85.88999938964844,86.73999786376953,86.73999786376953,5261200,USD,NMS,America/New_York,Yahoo Finance
PDD,2026-08-27,86.4800033569336,86.4800033569336,83.72000122070312,84.69000244140625,84.69000244140625,8336900,USD,NMS,America/New_York,Yahoo Finance
PDD,2026-08-28,85.20999908447266,86.44999694824219,84.69000244140625,85.69000244140625,85.69000244140625,6270800,USD,NMS,America/New_York,Yahoo Finance
PDD,2026-08-31,85.19999694824219,85.19999694824219,83.68000030517578,84.0,84.0,12546300,USD,NMS,America/New_York,Yahoo Finance
PDD,2026-09-01,83.20999908447266,84.12000274658203,82.44999694824219,83.16999816894531,83.16999816894531,5982100,USD,NMS,America/New_York,Yahoo Finance
PDD,2026-09-02,82.54000091552734,83.41999816894531,82.12000274658203,82.25,82.25,5068600,USD,NMS,America/New_York,Yahoo Finance
PDD,2026-09-03,82.37999725341797,82.5,81.2699966430664,81.62999725341797,81.62999725341797,6221000,USD,NMS,America/New_York,Yahoo Finance
PDD,2026-09-04,82.45999908447266,82.5999984741211,81.41000366210938,82.20999908447266,82.20999908447266,4654300,USD,NMS,America/New_York,Yahoo Finance
PDD,2026-09-08,81.1500015258789,81.38999938964844,79.27999877929688,79.75,79.75,10693700,USD,NMS,America/New_York,Yahoo Finance
PDD,2026-09-09,79.16999816894531,79.26000213623047,78.56999969482422,78.61000061035156,78.61000061035156,6092300,USD,NMS,America/New_York,Yahoo Finance
PDD,2026-09-10,78.36000061035156,78.45999908447266,77.44000244140625,77.83999633789062,77.83999633789062,7803500,USD,NMS,America/New_York,Yahoo Finance
PDD,2026-09-11,78.31999969482422,78.31999969482422,77.25,77.80999755859375,77.80999755859375,7062700,USD,NMS,America/New_York,Yahoo Finance
PDD,2026-09-14,77.69000244140625,80.38999938964844,77.33999633789062,79.37999725341797,79.37999725341797,6376800,USD,NMS,America/New_York,Yahoo Finance
PDD,2026-09-15,79.16000366210938,79.16000366210938,77.83999633789062,78.08000183105469,78.08000183105469,10223700,USD,NMS,America/New_York,Yahoo Finance
PDD,2026-09-16,78.01000213623047,79.04000091552734,77.4000015258789,78.76000213623047,78.76000213623047,6573700,USD,NMS,America/New_York,Yahoo Finance
PDD,2026-09-17,79.56999969482422,79.5999984741211,77.66999816894531,77.7300033569336,77.7300033569336,6039600,USD,NMS,America/New_York,Yahoo Finance
PDD,2026-09-18,77.9800033569336,79.69000244140625,77.80999755859375,78.9000015258789,78.9000015258789,8192400,USD,NMS,America/New_York,Yahoo Finance
PDD,2026-09-21,79.83999633789062,79.87000274658203,78.19999694824219,79.30000305175781,79.30000305175781,6500900,USD,NMS,America/New_York,Yahoo Finance
PDD,2026-09-22,80.0,80.76000213623047,79.2699966430664,80.3499984741211,80.3499984741211,7286800,USD,NMS,America/New_York,Yahoo Finance
PDD,2026-09-23,79.4000015258789,79.5199966430664,78.69999694824219,79.19999694824219,79.19999694824219,5316900,USD,NMS,America/New_York,Yahoo Finance
PDD,2026-09-24,78.9000015258789,79.22000122070312,77.79000091552734,78.19999694824219,78.19999694824219,4046300,USD,NMS,America/New_York,Yahoo Finance
PDD,2026-09-25,78.19999694824219,78.80000305175781,77.36000061035156,77.56999969482422,77.56999969482422,4125100,USD,NMS,America/New_York,Yahoo Finance
PDD,2026-09-28,77.5,78.94000244140625,77.41000366210938,78.48999786376953,78.48999786376953,3656700,USD,NMS,America/New_York,Yahoo Finance
PGY,2026-08-17,21.520000457763672,21.891000747680664,20.701000213623047,20.93000030517578,20.93000030517578,1777400,USD,NCM,America/New_York,Yahoo Finance
PGY,2026-08-18,20.850000381469727,21.1200008392334,20.290000915527344,20.31999969482422,20.31999969482422,2016900,USD,NCM,America/New_York,Yahoo Finance
PGY,2026-08-19,20.270000457763672,20.600000381469727,19.719999313354492,20.469999313354492,20.469999313354492,1897700,USD,NCM,America/New_York,Yahoo Finance
PGY,2026-08-20,20.59000015258789,20.670000076293945,19.549999237060547,20.239999771118164,20.239999771118164,3355400,USD,NCM,America/New_York,Yahoo Finance
PGY,2026-08-21,20.524999618530273,21.899999618530273,20.25,21.68000030517578,21.68000030517578,3152100,USD,NCM,America/New_York,Yahoo Finance
PGY,2026-08-24,21.389999389648438,22.479999542236328,21.260000228881836,21.81999969482422,21.81999969482422,2133400,USD,NCM,America/New_York,Yahoo Finance
PGY,2026-08-25,21.81999969482422,22.280000686645508,21.299999237060547,22.260000228881836,22.260000228881836,1968000,USD,NCM,America/New_York,Yahoo Finance
PGY,2026-08-26,21.969999313354492,22.934999465942383,21.8799991607666,22.40999984741211,22.40999984741211,2303800,USD,NCM,America/New_York,Yahoo Finance
PGY,2026-08-27,22.93000030517578,23.59000015258789,22.218000411987305,23.260000228881836,23.260000228881836,2169100,USD,NCM,America/New_York,Yahoo Finance
PGY,2026-08-28,23.209999084472656,23.68000030517578,21.95400047302246,21.979999542236328,21.979999542236328,1938700,USD,NCM,America/New_York,Yahoo Finance
PGY,2026-08-31,21.69499969482422,21.8799991607666,20.75,21.739999771118164,21.739999771118164,1598000,USD,NCM,America/New_York,Yahoo Finance
PGY,2026-09-01,21.024999618530273,21.469999313354492,20.68000030517578,20.940000534057617,20.940000534057617,1700800,USD,NCM,America/New_York,Yahoo Finance
PGY,2026-09-02,20.8799991607666,22.020000457763672,20.700000762939453,22.0,22.0,1338400,USD,NCM,America/New_York,Yahoo Finance
PGY,2026-09-03,22.709999084472656,23.454999923706055,22.663000106811523,22.889999389648438,22.889999389648438,2110000,USD,NCM,America/New_York,Yahoo Finance
PGY,2026-09-04,22.635000228881836,23.020000457763672,22.145000457763672,22.979999542236328,22.979999542236328,2235000,USD,NCM,America/New_York,Yahoo Finance
PGY,2026-09-08,22.96500015258789,23.045000076293945,22.0,22.079999923706055,22.079999923706055,1528900,USD,NCM,America/New_York,Yahoo Finance
PGY,2026-09-09,21.829999923706055,22.079999923706055,21.420000076293945,21.600000381469727,21.600000381469727,1026800,USD,NCM,America/New_York,Yahoo Finance
PGY,2026-09-10,20.65999984741211,21.100000381469727,20.209999084472656,20.299999237060547,20.299999237060547,3215300,USD,NCM,America/New_York,Yahoo Finance
PGY,2026-09-11,20.860000610351562,21.209999084472656,19.8799991607666,19.969999313354492,19.969999313354492,2299500,USD,NCM,America/New_York,Yahoo Finance
PGY,2026-09-14,19.8700008392334,21.739999771118164,19.700000762939453,21.489999771118164,21.489999771118164,2394400,USD,NCM,America/New_York,Yahoo Finance
PGY,2026-09-15,21.145000457763672,21.405000686645508,20.440000534057617,21.040000915527344,21.040000915527344,1965200,USD,NCM,America/New_York,Yahoo Finance
PGY,2026-09-16,20.899999618530273,21.690000534057617,20.469999313354492,21.639999389648438,21.639999389648438,2266100,USD,NCM,America/New_York,Yahoo Finance
PGY,2026-09-17,22.15999984741211,22.280000686645508,20.469999313354492,20.559999465942383,20.559999465942383,3302100,USD,NCM,America/New_York,Yahoo Finance
PGY,2026-09-18,20.5,20.690000534057617,20.219999313354492,20.420000076293945,20.420000076293945,2112300,USD,NCM,America/New_York,Yahoo Finance
PGY,2026-09-21,20.799999237060547,21.200000762939453,20.600000381469727,20.899999618530273,20.899999618530273,1589400,USD,NCM,America/New_York,Yahoo Finance
PGY,2026-09-22,21.350000381469727,21.600000381469727,20.639999389648438,20.770000457763672,20.770000457763672,1870200,USD,NCM,America/New_York,Yahoo Finance
PGY,2026-09-23,20.670000076293945,20.707000732421875,18.329999923706055,18.719999313354492,18.719999313354492,6661400,USD,NCM,America/New_York,Yahoo Finance
PGY,2026-09-24,18.540000915527344,18.924999237060547,18.079999923706055,18.719999313354492,18.719999313354492,3781600,USD,NCM,America/New_York,Yahoo Finance
PGY,2026-09-25,18.68000030517578,18.84600067138672,17.530000686645508,17.6200008392334,17.6200008392334,3390500,USD,NCM,America/New_York,Yahoo Finance
PGY,2026-09-28,17.1200008392334,17.243000030517578,16.5,17.0,17.0,2767300,USD,NCM,America/New_York,Yahoo Finance
PI,2026-08-17,173.38999938964844,175.64999389648438,170.86000061035156,171.7100067138672,171.7100067138672,365000,USD,NMS,America/New_York,Yahoo Finance
PI,2026-08-18,167.13999938964844,170.3699951171875,166.1699981689453,168.07000732421875,168.07000732421875,292600,USD,NMS,America/New_York,Yahoo Finance
PI,2026-08-19,170.6999969482422,170.6999969482422,163.67999267578125,164.97999572753906,164.97999572753906,427800,USD,NMS,America/New_York,Yahoo Finance
PI,2026-08-20,162.75999450683594,164.1199951171875,158.81500244140625,159.72999572753906,159.72999572753906,213800,USD,NMS,America/New_York,Yahoo Finance
PI,2026-08-21,164.19000244140625,166.49000549316406,158.78500366210938,165.5399932861328,165.5399932861328,406500,USD,NMS,America/New_York,Yahoo Finance
PI,2026-08-24,164.11000061035156,164.11000061035156,157.02999877929688,161.00999450683594,161.00999450683594,233200,USD,NMS,America/New_York,Yahoo Finance
PI,2026-08-25,161.85000610351562,167.47000122070312,159.27999877929688,166.22000122070312,166.22000122070312,397200,USD,NMS,America/New_York,Yahoo Finance
PI,2026-08-26,166.47000122070312,170.0,156.9600067138672,159.25,159.25,285100,USD,NMS,America/New_York,Yahoo Finance
PI,2026-08-27,161.3699951171875,168.25,160.64999389648438,168.07000732421875,168.07000732421875,330900,USD,NMS,America/New_York,Yahoo Finance
PI,2026-08-28,167.80999755859375,179.5500030517578,166.50999450683594,170.05999755859375,170.05999755859375,355700,USD,NMS,America/New_York,Yahoo Finance
PI,2026-08-31,172.0,175.63999938964844,167.82000732421875,174.32000732421875,174.32000732421875,331500,USD,NMS,America/New_York,Yahoo Finance
PI,2026-09-01,170.2100067138672,171.97999572753906,164.6199951171875,168.19000244140625,168.19000244140625,308500,USD,NMS,America/New_York,Yahoo Finance
PI,2026-09-02,168.5800018310547,178.4499969482422,168.5800018310547,175.0500030517578,175.0500030517578,380200,USD,NMS,America/New_York,Yahoo Finance
PI,2026-09-03,175.3300018310547,175.97000122070312,170.77000427246094,175.11000061035156,175.11000061035156,393100,USD,NMS,America/New_York,Yahoo Finance
PI,2026-09-04,176.35000610351562,177.52000427246094,169.0500030517578,172.57000732421875,172.57000732421875,294100,USD,NMS,America/New_York,Yahoo Finance
PI,2026-09-08,172.9499969482422,176.25,171.47999572753906,171.82000732421875,171.82000732421875,537800,USD,NMS,America/New_York,Yahoo Finance
PI,2026-09-09,168.02000427246094,174.1699981689453,161.63999938964844,164.6999969482422,164.6999969482422,390100,USD,NMS,America/New_York,Yahoo Finance
PI,2026-09-10,161.1699981689453,175.0,161.1699981689453,171.7899932861328,171.7899932861328,278400,USD,NMS,America/New_York,Yahoo Finance
PI,2026-09-11,174.50999450683594,182.82000732421875,174.50999450683594,176.82000732421875,176.82000732421875,461700,USD,NMS,America/New_York,Yahoo Finance
PI,2026-09-14,170.86000061035156,182.93800354003906,170.0,173.08999633789062,173.08999633789062,477900,USD,NMS,America/New_York,Yahoo Finance
PI,2026-09-15,173.25999450683594,176.1199951171875,170.36000061035156,174.38999938964844,174.38999938964844,354600,USD,NMS,America/New_York,Yahoo Finance
PI,2026-09-16,175.5500030517578,182.80999755859375,174.17999267578125,177.58999633789062,177.58999633789062,360800,USD,NMS,America/New_York,Yahoo Finance
PI,2026-09-17,182.69000244140625,183.49000549316406,179.0,179.72999572753906,179.72999572753906,360200,USD,NMS,America/New_York,Yahoo Finance
PI,2026-09-18,182.2899932861328,183.33999633789062,180.36000061035156,181.22999572753906,181.22999572753906,576800,USD,NMS,America/New_York,Yahoo Finance
PI,2026-09-21,184.2100067138672,185.72000122070312,181.2899932861328,184.0449981689453,184.0449981689453,226100,USD,NMS,America/New_York,Yahoo Finance
PI,2026-09-22,184.5,186.66000366210938,181.0800018310547,181.75,181.75,814000,USD,NMS,America/New_York,Yahoo Finance
PI,2026-09-23,180.4199981689453,181.13999938964844,173.4199981689453,177.1999969482422,177.1999969482422,590300,USD,NMS,America/New_York,Yahoo Finance
PI,2026-09-24,175.49000549316406,177.63999938964844,172.39999389648438,176.57000732421875,176.57000732421875,344000,USD,NMS,America/New_York,Yahoo Finance
PI,2026-09-25,177.99000549316406,181.3699951171875,176.09300231933594,178.27999877929688,178.27999877929688,356100,USD,NMS,America/New_York,Yahoo Finance
PI,2026-09-28,175.49000549316406,180.33999633789062,174.77999877929688,176.8800048828125,176.8800048828125,371300,USD,NMS,America/New_York,Yahoo Finance
PK,2026-08-17,15.039999961853027,15.149999618530273,14.819999694824219,15.0,15.0,4679400,USD,NYQ,America/New_York,Yahoo Finance
PK,2026-08-18,14.979999542236328,15.489999771118164,14.949999809265137,15.369999885559082,15.369999885559082,4290300,USD,NYQ,America/New_York,Yahoo Finance
PK,2026-08-19,15.5,15.96500015258789,15.475000381469727,15.829999923706055,15.829999923706055,4399100,USD,NYQ,America/New_York,Yahoo Finance
PK,2026-08-20,15.6899995803833,15.869999885559082,15.579999923706055,15.819999694824219,15.819999694824219,3701700,USD,NYQ,America/New_York,Yahoo Finance
PK,2026-08-21,15.930000305175781,15.960000038146973,15.649999618530273,15.779999732971191,15.779999732971191,3432900,USD,NYQ,America/New_York,Yahoo Finance
PK,2026-08-24,15.859999656677246,15.989999771118164,15.729999542236328,15.859999656677246,15.859999656677246,4423200,USD,NYQ,America/New_York,Yahoo Finance
PK,2026-08-25,15.930000305175781,16.19499969482422,15.800000190734863,16.170000076293945,16.170000076293945,2817600,USD,NYQ,America/New_York,Yahoo Finance
PK,2026-08-26,16.170000076293945,16.200000762939453,15.824999809265137,15.930000305175781,15.930000305175781,4375900,USD,NYQ,America/New_York,Yahoo Finance
PK,2026-08-27,15.789999961853027,15.9350004196167,15.699999809265137,15.710000038146973,15.710000038146973,2466100,USD,NYQ,America/New_York,Yahoo Finance
PK,2026-08-28,15.760000228881836,15.949999809265137,15.630000114440918,15.829999923706055,15.829999923706055,3375500,USD,NYQ,America/New_York,Yahoo Finance
PK,2026-08-31,15.8100004196167,15.8100004196167,15.255000114440918,15.300000190734863,15.300000190734863,4736900,USD,NYQ,America/New_York,Yahoo Finance
PK,2026-09-01,15.529999732971191,15.630000114440918,15.119999885559082,15.220000267028809,15.220000267028809,6140000,USD,NYQ,America/New_York,Yahoo Finance
PK,2026-09-02,15.289999961853027,15.630000114440918,15.25,15.5600004196167,15.5600004196167,4358200,USD,NYQ,America/New_York,Yahoo Finance
PK,2026-09-03,15.720000267028809,15.720000267028809,15.0600004196167,15.079999923706055,15.079999923706055,3126700,USD,NYQ,America/New_York,Yahoo Finance
PK,2026-09-04,15.020000457763672,15.329999923706055,14.960000038146973,15.260000228881836,15.260000228881836,3959700,USD,NYQ,America/New_York,Yahoo Finance
PK,2026-09-08,15.180000305175781,15.4350004196167,15.020999908447266,15.109999656677246,15.109999656677246,3067300,USD,NYQ,America/New_York,Yahoo Finance
PK,2026-09-09,15.079999923706055,15.300000190734863,14.920000076293945,15.279999732971191,15.279999732971191,2656200,USD,NYQ,America/New_York,Yahoo Finance
PK,2026-09-10,15.319999694824219,15.404999732971191,14.970000267028809,15.319999694824219,15.319999694824219,2227400,USD,NYQ,America/New_York,Yahoo Finance
PK,2026-09-11,15.380000114440918,15.65999984741211,15.274999618530273,15.279999732971191,15.279999732971191,2115200,USD,NYQ,America/New_York,Yahoo Finance
PK,2026-09-14,15.220000267028809,15.380000114440918,15.0600004196167,15.319999694824219,15.319999694824219,3237400,USD,NYQ,America/New_York,Yahoo Finance
PK,2026-09-15,15.260000228881836,15.449999809265137,15.125,15.220000267028809,15.220000267028809,3039500,USD,NYQ,America/New_York,Yahoo Finance
PK,2026-09-16,15.220000267028809,15.324999809265137,14.619999885559082,14.880000114440918,14.880000114440918,3080100,USD,NYQ,America/New_York,Yahoo Finance
PK,2026-09-17,15.050000190734863,15.21500015258789,14.90999984741211,15.0600004196167,15.0600004196167,2528500,USD,NYQ,America/New_York,Yahoo Finance
PK,2026-09-18,14.949999809265137,15.039999961853027,14.829999923706055,14.989999771118164,14.989999771118164,7269500,USD,NYQ,America/New_York,Yahoo Finance
PK,2026-09-21,15.100000381469727,15.164999961853027,14.90999984741211,15.149999618530273,15.149999618530273,2084800,USD,NYQ,America/New_York,Yahoo Finance
PK,2026-09-22,15.319999694824219,15.489999771118164,15.085000038146973,15.1899995803833,15.1899995803833,1483100,USD,NYQ,America/New_York,Yahoo Finance
PK,2026-09-23,15.140000343322754,15.220000267028809,14.949999809265137,15.069999694824219,15.069999694824219,2171900,USD,NYQ,America/New_York,Yahoo Finance
PK,2026-09-24,15.079999923706055,15.46500015258789,14.960000038146973,15.210000038146973,15.210000038146973,3915200,USD,NYQ,America/New_York,Yahoo Finance
PK,2026-09-25,15.270000457763672,15.470000267028809,14.960000038146973,15.430000305175781,15.430000305175781,2968200,USD,NYQ,America/New_York,Yahoo Finance
PK,2026-09-28,15.640000343322754,15.904999732971191,15.449999809265137,15.720000267028809,15.720000267028809,4941000,USD,NYQ,America/New_York,Yahoo Finance
PLSE,2026-08-17,44.5,46.9900016784668,42.70000076293945,46.790000915527344,46.790000915527344,576700,USD,NCM,America/New_York,Yahoo Finance
PLSE,2026-08-18,46.79999923706055,48.099998474121094,45.880001068115234,46.0,46.0,525700,USD,NCM,America/New_York,Yahoo Finance
PLSE,2026-08-19,46.06999969482422,48.84000015258789,46.06999969482422,47.02000045776367,47.02000045776367,420900,USD,NCM,America/New_York,Yahoo Finance
PLSE,2026-08-20,46.7599983215332,48.57600021362305,46.63999938964844,47.849998474121094,47.849998474121094,238600,USD,NCM,America/New_York,Yahoo Finance
PLSE,2026-08-21,47.470001220703125,50.709999084472656,47.470001220703125,50.41999816894531,50.41999816894531,452800,USD,NCM,America/New_York,Yahoo Finance
PLSE,2026-08-24,50.34000015258789,50.34000015258789,46.34000015258789,49.130001068115234,49.130001068115234,345900,USD,NCM,America/New_York,Yahoo Finance
PLSE,2026-08-25,49.72999954223633,50.900001525878906,47.650001525878906,49.0,49.0,366700,USD,NCM,America/New_York,Yahoo Finance
PLSE,2026-08-26,49.0,49.7400016784668,47.92499923706055,48.099998474121094,48.099998474121094,270100,USD,NCM,America/New_York,Yahoo Finance
PLSE,2026-08-27,47.72999954223633,49.95000076293945,47.54999923706055,48.560001373291016,48.560001373291016,260100,USD,NCM,America/New_York,Yahoo Finance
PLSE,2026-08-28,48.060001373291016,49.0,47.0099983215332,47.56999969482422,47.56999969482422,262700,USD,NCM,America/New_York,Yahoo Finance
PLSE,2026-08-31,48.02000045776367,50.61000061035156,47.56999969482422,50.33000183105469,50.33000183105469,657300,USD,NCM,America/New_York,Yahoo Finance
PLSE,2026-09-01,49.93000030517578,54.38999938964844,49.15999984741211,52.09000015258789,52.09000015258789,1132900,USD,NCM,America/New_York,Yahoo Finance
PLSE,2026-09-02,52.13999938964844,53.56999969482422,51.45000076293945,52.68000030517578,52.68000030517578,977800,USD,NCM,America/New_York,Yahoo Finance
PLSE,2026-09-03,53.790000915527344,55.369998931884766,53.11000061035156,54.709999084472656,54.709999084472656,702800,USD,NCM,America/New_York,Yahoo Finance
PLSE,2026-09-04,53.68000030517578,54.75,52.75,53.2400016784668,53.2400016784668,515200,USD,NCM,America/New_York,Yahoo Finance
PLSE,2026-09-08,52.93000030517578,53.10499954223633,47.70000076293945,48.790000915527344,48.790000915527344,769300,USD,NCM,America/New_York,Yahoo Finance
PLSE,2026-09-09,49.7599983215332,58.900001525878906,48.42599868774414,52.970001220703125,52.970001220703125,1560400,USD,NCM,America/New_York,Yahoo Finance
PLSE,2026-09-10,52.18000030517578,57.939998626708984,51.29999923706055,54.43000030517578,54.43000030517578,915500,USD,NCM,America/New_York,Yahoo Finance
PLSE,2026-09-11,54.5,56.61000061035156,50.314998626708984,53.11000061035156,53.11000061035156,664300,USD,NCM,America/New_York,Yahoo Finance
PLSE,2026-09-14,52.29999923706055,55.779998779296875,51.599998474121094,54.209999084472656,54.209999084472656,505800,USD,NCM,America/New_York,Yahoo Finance
PLSE,2026-09-15,54.415000915527344,56.61000061035156,53.5099983215332,55.20000076293945,55.20000076293945,472200,USD,NCM,America/New_York,Yahoo Finance
PLSE,2026-09-16,52.54999923706055,54.24100112915039,48.61000061035156,49.61000061035156,49.61000061035156,1036200,USD,NCM,America/New_York,Yahoo Finance
PLSE,2026-09-17,49.459999084472656,53.54999923706055,49.0099983215332,50.61000061035156,50.61000061035156,571900,USD,NCM,America/New_York,Yahoo Finance
PLSE,2026-09-18,50.61000061035156,54.290000915527344,50.244998931884766,53.869998931884766,53.869998931884766,867500,USD,NCM,America/New_York,Yahoo Finance
PLSE,2026-09-21,53.970001220703125,54.810001373291016,51.7400016784668,53.310001373291016,53.310001373291016,382200,USD,NCM,America/New_York,Yahoo Finance
PLSE,2026-09-22,53.22999954223633,53.7869987487793,52.48500061035156,52.689998626708984,52.689998626708984,372200,USD,NCM,America/New_York,Yahoo Finance
PLSE,2026-09-23,53.75,56.7400016784668,51.869998931884766,51.97999954223633,51.97999954223633,550600,USD,NCM,America/New_York,Yahoo Finance
PLSE,2026-09-24,52.18000030517578,53.60499954223633,51.62200164794922,51.83000183105469,51.83000183105469,666900,USD,NCM,America/New_York,Yahoo Finance
PLSE,2026-09-25,52.16999816894531,54.04999923706055,50.80099868774414,51.630001068115234,51.630001068115234,664000,USD,NCM,America/New_York,Yahoo Finance
PLSE,2026-09-28,51.630001068115234,53.599998474121094,51.13999938964844,52.31999969482422,52.31999969482422,374400,USD,NCM,America/New_York,Yahoo Finance
PNTG,2026-08-17,39.56999969482422,39.56999969482422,38.505001068115234,39.18000030517578,39.18000030517578,222400,USD,NMS,America/New_York,Yahoo Finance
PNTG,2026-08-18,39.18000030517578,40.27000045776367,39.0,39.400001525878906,39.400001525878906,185100,USD,NMS,America/New_York,Yahoo Finance
PNTG,2026-08-19,39.7599983215332,40.0,38.77000045776367,39.13999938964844,39.13999938964844,217400,USD,NMS,America/New_York,Yahoo Finance
PNTG,2026-08-20,38.81999969482422,39.560001373291016,38.75,39.0,39.0,161300,USD,NMS,America/New_York,Yahoo Finance
PNTG,2026-08-21,39.0,39.244998931884766,38.65999984741211,38.880001068115234,38.880001068115234,341300,USD,NMS,America/New_York,Yahoo Finance
PNTG,2026-08-24,39.150001525878906,39.595001220703125,38.68000030517578,38.88999938964844,38.88999938964844,226900,USD,NMS,America/New_York,Yahoo Finance
PNTG,2026-08-25,38.97999954223633,39.5,37.72999954223633,38.25,38.25,226200,USD,NMS,America/New_York,Yahoo Finance
PNTG,2026-08-26,38.290000915527344,38.77000045776367,38.189998626708984,38.279998779296875,38.279998779296875,178100,USD,NMS,America/New_York,Yahoo Finance
PNTG,2026-08-27,37.88999938964844,38.63999938964844,37.375,37.81999969482422,37.81999969482422,336700,USD,NMS,America/New_York,Yahoo Finance
PNTG,2026-08-28,37.97999954223633,38.20500183105469,37.029998779296875,37.08000183105469,37.08000183105469,218000,USD,NMS,America/New_York,Yahoo Finance
PNTG,2026-08-31,37.0099983215332,37.25,36.4900016784668,36.7599983215332,36.7599983215332,272600,USD,NMS,America/New_York,Yahoo Finance
PNTG,2026-09-01,36.880001068115234,37.97999954223633,36.66699981689453,37.7400016784668,37.7400016784668,242800,USD,NMS,America/New_York,Yahoo Finance
PNTG,2026-09-02,37.869998931884766,38.5,37.459999084472656,37.86000061035156,37.86000061035156,208500,USD,NMS,America/New_York,Yahoo Finance
PNTG,2026-09-03,38.119998931884766,38.66999816894531,37.334999084472656,38.540000915527344,38.540000915527344,200300,USD,NMS,America/New_York,Yahoo Finance
PNTG,2026-09-04,38.130001068115234,38.52000045776367,37.6150016784668,38.0,38.0,174300,USD,NMS,America/New_York,Yahoo Finance
PNTG,2026-09-08,37.560001373291016,39.85499954223633,37.27000045776367,39.310001373291016,39.310001373291016,253100,USD,NMS,America/New_York,Yahoo Finance
PNTG,2026-09-09,38.970001220703125,39.709999084472656,38.099998474121094,39.599998474121094,39.599998474121094,253800,USD,NMS,America/New_York,Yahoo Finance
PNTG,2026-09-10,39.65999984741211,40.29999923706055,38.81999969482422,39.29999923706055,39.29999923706055,229900,USD,NMS,America/New_York,Yahoo Finance
PNTG,2026-09-11,39.88999938964844,40.0,39.07500076293945,39.20000076293945,39.20000076293945,299100,USD,NMS,America/New_York,Yahoo Finance
PNTG,2026-09-14,39.4900016784668,40.2599983215332,39.1510009765625,40.11000061035156,40.11000061035156,315100,USD,NMS,America/New_York,Yahoo Finance
PNTG,2026-09-15,40.08000183105469,40.08000183105469,39.185001373291016,39.970001220703125,39.970001220703125,240500,USD,NMS,America/New_York,Yahoo Finance
PNTG,2026-09-16,39.849998474121094,42.54999923706055,39.777000427246094,42.47999954223633,42.47999954223633,1135200,USD,NMS,America/New_York,Yahoo Finance
PNTG,2026-09-17,42.41999816894531,42.7400016784668,39.83000183105469,40.029998779296875,40.029998779296875,1207600,USD,NMS,America/New_York,Yahoo Finance
PNTG,2026-09-18,39.709999084472656,40.05500030517578,38.599998474121094,39.619998931884766,39.619998931884766,799300,USD,NMS,America/New_York,Yahoo Finance
PNTG,2026-09-21,39.45000076293945,39.84000015258789,38.6349983215332,38.959999084472656,38.959999084472656,272300,USD,NMS,America/New_York,Yahoo Finance
PNTG,2026-09-22,39.150001525878906,40.029998779296875,39.150001525878906,39.40999984741211,39.40999984741211,232800,USD,NMS,America/New_York,Yahoo Finance
PNTG,2026-09-23,39.209999084472656,39.80500030517578,38.81999969482422,39.650001525878906,39.650001525878906,269100,USD,NMS,America/New_York,Yahoo Finance
PNTG,2026-09-24,39.810001373291016,40.45000076293945,39.35499954223633,39.630001068115234,39.630001068115234,302000,USD,NMS,America/New_York,Yahoo Finance
PNTG,2026-09-25,39.70000076293945,40.84000015258789,39.494998931884766,40.77000045776367,40.77000045776367,421800,USD,NMS,America/New_York,Yahoo Finance
PNTG,2026-09-28,40.77000045776367,41.56999969482422,40.650001525878906,40.900001525878906,40.900001525878906,461300,USD,NMS,America/New_York,Yahoo Finance
POWL,2026-08-17,215.9499969482422,219.1999969482422,214.0800018310547,218.72999572753906,218.63328552246094,620200,USD,NMS,America/New_York,Yahoo Finance
POWL,2026-08-18,210.0,211.52000427246094,200.1699981689453,203.5500030517578,203.4600067138672,597600,USD,NMS,America/New_York,Yahoo Finance
POWL,2026-08-19,202.67999267578125,203.55999755859375,193.52000427246094,198.2100067138672,198.2100067138672,627800,USD,NMS,America/New_York,Yahoo Finance
POWL,2026-08-20,198.5,201.75,195.30999755859375,197.39999389648438,197.39999389648438,439200,USD,NMS,America/New_York,Yahoo Finance
POWL,2026-08-21,201.08999633789062,201.35000610351562,196.0,197.6699981689453,197.6699981689453,430800,USD,NMS,America/New_York,Yahoo Finance
POWL,2026-08-24,194.47000122070312,195.52000427246094,186.16000366210938,188.97999572753906,188.97999572753906,405100,USD,NMS,America/New_York,Yahoo Finance
POWL,2026-08-25,196.0,196.00999450683594,188.5500030517578,190.19000244140625,190.19000244140625,449400,USD,NMS,America/New_York,Yahoo Finance
POWL,2026-08-26,189.82000732421875,194.1699981689453,189.82000732421875,191.75,191.75,427100,USD,NMS,America/New_York,Yahoo Finance
POWL,2026-08-27,197.05999755859375,199.2899932861328,191.92999267578125,192.5500030517578,192.5500030517578,381800,USD,NMS,America/New_York,Yahoo Finance
POWL,2026-08-28,192.42999267578125,193.5,182.50999450683594,182.7100067138672,182.7100067138672,537000,USD,NMS,America/New_York,Yahoo Finance
POWL,2026-08-31,182.7100067138672,183.86000061035156,178.85000610351562,179.72999572753906,179.72999572753906,652000,USD,NMS,America/New_York,Yahoo Finance
POWL,2026-09-01,177.1199951171875,180.64999389648438,171.02999877929688,172.13999938964844,172.13999938964844,748400,USD,NMS,America/New_York,Yahoo Finance
POWL,2026-09-02,172.35000610351562,174.1300048828125,168.88999938964844,170.50999450683594,170.50999450683594,558200,USD,NMS,America/New_York,Yahoo Finance
POWL,2026-09-03,170.6199951171875,176.8699951171875,168.00999450683594,175.16000366210938,175.16000366210938,629700,USD,NMS,America/New_York,Yahoo Finance
POWL,2026-09-04,175.50999450683594,182.5800018310547,175.50999450683594,181.1699981689453,181.1699981689453,475200,USD,NMS,America/New_York,Yahoo Finance
POWL,2026-09-08,183.0800018310547,184.52000427246094,178.7899932861328,182.49000549316406,182.49000549316406,776200,USD,NMS,America/New_York,Yahoo Finance
POWL,2026-09-09,180.50999450683594,185.0,179.02000427246094,180.25999450683594,180.25999450683594,500300,USD,NMS,America/New_York,Yahoo Finance
POWL,2026-09-10,176.5,180.1999969482422,174.5,176.88999938964844,176.88999938964844,411100,USD,NMS,America/New_York,Yahoo Finance
POWL,2026-09-11,179.5,183.44000244140625,178.5500030517578,182.5,182.5,371300,USD,NMS,America/New_York,Yahoo Finance
POWL,2026-09-14,170.17999267578125,173.83999633789062,167.30999755859375,170.6999969482422,170.6999969482422,461200,USD,NMS,America/New_York,Yahoo Finance
POWL,2026-09-15,174.0,177.4499969482422,169.22000122070312,171.3699951171875,171.3699951171875,992900,USD,NMS,America/New_York,Yahoo Finance
POWL,2026-09-16,175.22999572753906,181.0800018310547,173.10000610351562,177.7100067138672,177.7100067138672,569000,USD,NMS,America/New_York,Yahoo Finance
POWL,2026-09-17,187.0,187.75,176.33999633789062,176.75,176.75,504700,USD,NMS,America/New_York,Yahoo Finance
POWL,2026-09-18,177.5800018310547,184.88999938964844,177.0,183.9600067138672,183.9600067138672,904300,USD,NMS,America/New_York,Yahoo Finance
POWL,2026-09-21,189.41000366210938,189.47999572753906,184.17999267578125,187.55999755859375,187.55999755859375,449900,USD,NMS,America/New_York,Yahoo Finance
POWL,2026-09-22,187.0,193.75999450683594,186.0,191.89999389648438,191.89999389648438,546200,USD,NMS,America/New_York,Yahoo Finance
POWL,2026-09-23,192.2100067138672,194.0399932861328,190.22999572753906,192.6199951171875,192.6199951171875,345200,USD,NMS,America/New_York,Yahoo Finance
POWL,2026-09-24,187.14999389648438,193.0,186.3000030517578,191.6199951171875,191.6199951171875,383800,USD,NMS,America/New_York,Yahoo Finance
POWL,2026-09-25,193.0,193.4600067138672,186.14999389648438,189.52999877929688,189.52999877929688,575400,USD,NMS,America/New_York,Yahoo Finance
POWL,2026-09-28,188.00999450683594,188.58999633789062,180.2899932861328,187.22999572753906,187.22999572753906,420700,USD,NMS,America/New_York,Yahoo Finance
PSA,2026-08-17,323.0799865722656,325.1000061035156,321.4599914550781,324.30999755859375,321.0163879394531,623000,USD,NYQ,America/New_York,Yahoo Finance
PSA,2026-08-18,327.8299865722656,328.25,322.989990234375,323.1000061035156,319.8186950683594,618900,USD,NYQ,America/New_York,Yahoo Finance
PSA,2026-08-19,325.70001220703125,329.8699951171875,323.8800048828125,325.1300048828125,321.82806396484375,720500,USD,NYQ,America/New_York,Yahoo Finance
PSA,2026-08-20,324.8299865722656,325.80999755859375,321.5400085449219,322.739990234375,319.46234130859375,510300,USD,NYQ,America/New_York,Yahoo Finance
PSA,2026-08-21,324.0400085449219,324.0400085449219,321.19000244140625,322.489990234375,319.2148742675781,539100,USD,NYQ,America/New_York,Yahoo Finance
PSA,2026-08-24,321.75,325.04998779296875,319.7699890136719,324.9700012207031,321.669677734375,666100,USD,NYQ,America/New_York,Yahoo Finance
PSA,2026-08-25,324.7900085449219,326.1000061035156,320.2900085449219,322.6700134277344,319.39306640625,720700,USD,NYQ,America/New_York,Yahoo Finance
PSA,2026-08-26,322.489990234375,323.9200134277344,317.1000061035156,317.3699951171875,314.1468811035156,736100,USD,NYQ,America/New_York,Yahoo Finance
PSA,2026-08-27,314.6400146484375,317.3999938964844,311.0199890136719,311.20001220703125,308.03955078125,701900,USD,NYQ,America/New_York,Yahoo Finance
PSA,2026-08-28,312.4700012207031,314.5199890136719,310.5199890136719,313.510009765625,310.3260803222656,533700,USD,NYQ,America/New_York,Yahoo Finance
PSA,2026-08-31,310.92999267578125,310.94000244140625,305.3900146484375,306.989990234375,303.8722839355469,1445500,USD,NYQ,America/New_York,Yahoo Finance
PSA,2026-09-01,306.8900146484375,308.75,300.9200134277344,302.8599853515625,299.7842102050781,1348400,USD,NYQ,America/New_York,Yahoo Finance
PSA,2026-09-02,300.8900146484375,302.7900085449219,296.69000244140625,301.3299865722656,298.2697448730469,872300,USD,NYQ,America/New_York,Yahoo Finance
PSA,2026-09-03,303.510009765625,310.5,299.8500061035156,305.7300109863281,302.6250915527344,835400,USD,NYQ,America/New_York,Yahoo Finance
PSA,2026-09-04,304.7799987792969,306.5,301.6000061035156,302.010009765625,298.94287109375,512100,USD,NYQ,America/New_York,Yahoo Finance
PSA,2026-09-08,301.67999267578125,303.7900085449219,300.010009765625,301.6000061035156,298.53704833984375,741800,USD,NYQ,America/New_York,Yahoo Finance
PSA,2026-09-09,301.1000061035156,302.80999755859375,293.8500061035156,294.6000061035156,291.6081237792969,735000,USD,NYQ,America/New_York,Yahoo Finance
PSA,2026-09-10,294.2699890136719,296.05999755859375,292.6099853515625,294.6000061035156,291.6081237792969,883400,USD,NYQ,America/New_York,Yahoo Finance
PSA,2026-09-11,296.8500061035156,297.7699890136719,293.1499938964844,296.5,293.48883056640625,683100,USD,NYQ,America/New_York,Yahoo Finance
PSA,2026-09-14,297.57000732421875,301.29998779296875,294.6400146484375,295.3999938964844,292.3999938964844,794600,USD,NYQ,America/New_York,Yahoo Finance
PSA,2026-09-15,292.9599914550781,298.25,290.8399963378906,296.67999267578125,296.67999267578125,1033100,USD,NYQ,America/New_York,Yahoo Finance
PSA,2026-09-16,296.989990234375,299.75,293.8500061035156,294.67999267578125,294.67999267578125,804400,USD,NYQ,America/New_York,Yahoo Finance
PSA,2026-09-17,298.07000732421875,301.05999755859375,295.94000244140625,300.760009765625,300.760009765625,723900,USD,NYQ,America/New_York,Yahoo Finance
PSA,2026-09-18,300.5199890136719,302.05999755859375,295.2900085449219,296.30999755859375,296.30999755859375,1718500,USD,NYQ,America/New_York,Yahoo Finance
PSA,2026-09-21,296.8800048828125,298.9200134277344,294.8999938964844,296.6700134277344,296.6700134277344,649900,USD,NYQ,America/New_York,Yahoo Finance
PSA,2026-09-22,297.6499938964844,297.8900146484375,289.20001220703125,289.7099914550781,289.7099914550781,1233500,USD,NYQ,America/New_York,Yahoo Finance
PSA,2026-09-23,287.5899963378906,290.3900146484375,286.010009765625,286.7300109863281,286.7300109863281,986000,USD,NYQ,America/New_York,Yahoo Finance
PSA,2026-09-24,287.510009765625,288.20001220703125,284.239990234375,284.55999755859375,284.55999755859375,766200,USD,NYQ,America/New_York,Yahoo Finance
PSA,2026-09-25,284.19000244140625,288.6700134277344,283.32000732421875,287.9700012207031,287.9700012207031,730600,USD,NYQ,America/New_York,Yahoo Finance
PSA,2026-09-28,287.1300048828125,289.1400146484375,283.0899963378906,284.7900085449219,284.7900085449219,963800,USD,NYQ,America/New_York,Yahoo Finance
PSKY,2026-08-17,10.050000190734863,10.329999923706055,10.0,10.279999732971191,10.23271369934082,6878300,USD,NMS,America/New_York,Yahoo Finance
PSKY,2026-08-18,10.34000015258789,10.470000267028809,10.149999618530273,10.430000305175781,10.382024765014648,9512600,USD,NMS,America/New_York,Yahoo Finance
PSKY,2026-08-19,10.4399995803833,10.630000114440918,10.329999923706055,10.600000381469727,10.55124282836914,10702700,USD,NMS,America/New_York,Yahoo Finance
PSKY,2026-08-20,10.5,10.649999618530273,10.170000076293945,10.289999961853027,10.242668151855469,9308200,USD,NMS,America/New_York,Yahoo Finance
PSKY,2026-08-21,10.369999885559082,10.420000076293945,10.229999542236328,10.350000381469727,10.30239200592041,7448700,USD,NMS,America/New_York,Yahoo Finance
PSKY,2026-08-24,10.3100004196167,10.550000190734863,10.130000114440918,10.350000381469727,10.30239200592041,11258300,USD,NMS,America/New_York,Yahoo Finance
PSKY,2026-08-25,10.319999694824219,10.760000228881836,10.260000228881836,10.670000076293945,10.620920181274414,9603500,USD,NMS,America/New_York,Yahoo Finance
PSKY,2026-08-26,10.630000114440918,10.770000457763672,10.4399995803833,10.739999771118164,10.690597534179688,7899700,USD,NMS,America/New_York,Yahoo Finance
PSKY,2026-08-27,10.680000305175781,10.979999542236328,10.510000228881836,10.800000190734863,10.750322341918945,8432400,USD,NMS,America/New_York,Yahoo Finance
PSKY,2026-08-28,10.779999732971191,10.979999542236328,10.680000305175781,10.880000114440918,10.829954147338867,10029400,USD,NMS,America/New_York,Yahoo Finance
PSKY,2026-08-31,10.800000190734863,11.210000038146973,10.739999771118164,10.90999984741211,10.85981559753418,11109800,USD,NMS,America/New_York,Yahoo Finance
PSKY,2026-09-01,10.8100004196167,10.859999656677246,10.369999885559082,10.550000190734863,10.501472473144531,10431800,USD,NMS,America/New_York,Yahoo Finance
PSKY,2026-09-02,10.550000190734863,11.199999809265137,10.550000190734863,10.970000267028809,10.919540405273438,11984000,USD,NMS,America/New_York,Yahoo Finance
PSKY,2026-09-03,11.140000343322754,11.1899995803833,10.779999732971191,11.039999961853027,10.989217758178711,9272700,USD,NMS,America/New_York,Yahoo Finance
PSKY,2026-09-04,10.960000038146973,11.130000114440918,10.760000228881836,10.859999656677246,10.810046195983887,8468100,USD,NMS,America/New_York,Yahoo Finance
PSKY,2026-09-08,10.75,11.029999732971191,10.619999885559082,10.800000190734863,10.750322341918945,14293500,USD,NMS,America/New_York,Yahoo Finance
PSKY,2026-09-09,10.779999732971191,10.8100004196167,10.1899995803833,10.220000267028809,10.172989845275879,13151100,USD,NMS,America/New_York,Yahoo Finance
PSKY,2026-09-10,10.1899995803833,10.550000190734863,10.170000076293945,10.380000114440918,10.332254409790039,13039800,USD,NMS,America/New_York,Yahoo Finance
PSKY,2026-09-11,10.449999809265137,10.630000114440918,10.40999984741211,10.600000381469727,10.55124282836914,8178000,USD,NMS,America/New_York,Yahoo Finance
PSKY,2026-09-14,10.84000015258789,11.100000381469727,10.699999809265137,10.869999885559082,10.819999694824219,11123400,USD,NMS,America/New_York,Yahoo Finance
PSKY,2026-09-15,10.800000190734863,11.0600004196167,10.75,11.010000228881836,11.010000228881836,12310500,USD,NMS,America/New_York,Yahoo Finance
PSKY,2026-09-16,10.899999618530273,11.279999732971191,10.899999618530273,11.140000343322754,11.140000343322754,17221900,USD,NMS,America/New_York,Yahoo Finance
PSKY,2026-09-17,11.09000015258789,11.180000305175781,10.510000228881836,10.619999885559082,10.619999885559082,28630800,USD,NMS,America/New_York,Yahoo Finance
PSKY,2026-09-18,10.59000015258789,10.619999885559082,10.119999885559082,10.210000038146973,10.210000038146973,78995500,USD,NMS,America/New_York,Yahoo Finance
PSKY,2026-09-21,10.649999618530273,11.489999771118164,9.84000015258789,9.90999984741211,9.90999984741211,66174600,USD,NMS,America/New_York,Yahoo Finance
PSKY,2026-09-22,10.260000228881836,10.729999542236328,9.880000114440918,10.109999656677246,10.109999656677246,46405300,USD,NMS,America/New_York,Yahoo Finance
PSKY,2026-09-23,10.100000381469727,10.260000228881836,9.770000457763672,9.960000038146973,9.960000038146973,33609800,USD,NMS,America/New_York,Yahoo Finance
PSKY,2026-09-24,9.979999542236328,10.300000190734863,9.960000038146973,10.180000305175781,10.180000305175781,15319100,USD,NMS,America/New_York,Yahoo Finance
PSKY,2026-09-25,10.210000038146973,10.260000228881836,9.930000305175781,9.960000038146973,9.960000038146973,16846700,USD,NMS,America/New_York,Yahoo Finance
PSKY,2026-09-28,9.899999618530273,10.399999618530273,9.789999961853027,10.279999732971191,10.279999732971191,24112400,USD,NMS,America/New_York,Yahoo Finance
PUMP,2026-08-17,12.220000267028809,12.819999694824219,12.039999961853027,12.789999961853027,12.789999961853027,2958400,USD,NYQ,America/New_York,Yahoo Finance
PUMP,2026-08-18,12.800000190734863,12.949999809265137,12.15999984741211,12.380000114440918,12.380000114440918,1794900,USD,NYQ,America/New_York,Yahoo Finance
PUMP,2026-08-19,12.609999656677246,12.619999885559082,11.760000228881836,11.899999618530273,11.899999618530273,3482200,USD,NYQ,America/New_York,Yahoo Finance
PUMP,2026-08-20,12.130000114440918,12.194999694824219,11.239999771118164,11.329999923706055,11.329999923706055,3310100,USD,NYQ,America/New_York,Yahoo Finance
PUMP,2026-08-21,11.40999984741211,11.420000076293945,11.109999656677246,11.329999923706055,11.329999923706055,1672700,USD,NYQ,America/New_York,Yahoo Finance
PUMP,2026-08-24,11.170000076293945,11.3100004196167,10.760000228881836,10.819999694824219,10.819999694824219,2232100,USD,NYQ,America/New_York,Yahoo Finance
PUMP,2026-08-25,10.75,10.970000267028809,10.600000381469727,10.600000381469727,10.600000381469727,3048100,USD,NYQ,America/New_York,Yahoo Finance
PUMP,2026-08-26,10.539999961853027,10.649999618530273,10.300000190734863,10.630000114440918,10.630000114440918,3552800,USD,NYQ,America/New_York,Yahoo Finance
PUMP,2026-08-27,10.579999923706055,11.255000114440918,10.479999542236328,11.180000305175781,11.180000305175781,3548900,USD,NYQ,America/New_York,Yahoo Finance
PUMP,2026-08-28,11.170000076293945,11.210000038146973,10.800000190734863,10.979999542236328,10.979999542236328,3286700,USD,NYQ,America/New_York,Yahoo Finance
PUMP,2026-08-31,11.289999961853027,11.414999961853027,10.880000114440918,11.359999656677246,11.359999656677246,4372000,USD,NYQ,America/New_York,Yahoo Finance
PUMP,2026-09-01,11.40999984741211,11.720000267028809,11.1899995803833,11.350000381469727,11.350000381469727,2557900,USD,NYQ,America/New_York,Yahoo Finance
PUMP,2026-09-02,11.109999656677246,11.319999694824219,10.9399995803833,11.229999542236328,11.229999542236328,2225200,USD,NYQ,America/New_York,Yahoo Finance
PUMP,2026-09-03,11.149999618530273,11.319999694824219,11.010000228881836,11.239999771118164,11.239999771118164,2350400,USD,NYQ,America/New_York,Yahoo Finance
PUMP,2026-09-04,11.1899995803833,11.5600004196167,11.0600004196167,11.470000267028809,11.470000267028809,2140500,USD,NYQ,America/New_York,Yahoo Finance
PUMP,2026-09-08,11.8100004196167,12.194999694824219,11.704000473022461,12.029999732971191,12.029999732971191,3864800,USD,NYQ,America/New_York,Yahoo Finance
PUMP,2026-09-09,11.930000305175781,12.430000305175781,11.875,12.220000267028809,12.220000267028809,2325700,USD,NYQ,America/New_York,Yahoo Finance
PUMP,2026-09-10,12.369999885559082,12.369999885559082,11.460000038146973,11.5,11.5,4617700,USD,NYQ,America/New_York,Yahoo Finance
PUMP,2026-09-11,11.569999694824219,11.869999885559082,11.34000015258789,11.449999809265137,11.449999809265137,3963400,USD,NYQ,America/New_York,Yahoo Finance
PUMP,2026-09-14,11.170000076293945,11.234999656677246,10.390000343322754,10.5,10.5,4287500,USD,NYQ,America/New_York,Yahoo Finance
PUMP,2026-09-15,10.5600004196167,10.708000183105469,10.28499984741211,10.40999984741211,10.40999984741211,4231700,USD,NYQ,America/New_York,Yahoo Finance
PUMP,2026-09-16,10.399999618530273,10.539999961853027,10.010000228881836,10.210000038146973,10.210000038146973,3255700,USD,NYQ,America/New_York,Yahoo Finance
PUMP,2026-09-17,10.3100004196167,10.619999885559082,10.140000343322754,10.460000038146973,10.460000038146973,5211700,USD,NYQ,America/New_York,Yahoo Finance
PUMP,2026-09-18,10.479999542236328,10.758000373840332,10.479999542236328,10.479999542236328,10.479999542236328,8538700,USD,NYQ,America/New_York,Yahoo Finance
PUMP,2026-09-21,10.399999618530273,10.399999618530273,9.979999542236328,10.15999984741211,10.15999984741211,2995600,USD,NYQ,America/New_York,Yahoo Finance
PUMP,2026-09-22,10.050000190734863,10.430000305175781,9.890000343322754,10.029999732971191,10.029999732971191,4414800,USD,NYQ,America/New_York,Yahoo Finance
PUMP,2026-09-23,10.100000381469727,10.220000267028809,9.765000343322754,9.800000190734863,9.800000190734863,3973900,USD,NYQ,America/New_York,Yahoo Finance
PUMP,2026-09-24,9.880000114440918,9.90999984741211,9.5,9.529999732971191,9.529999732971191,4445300,USD,NYQ,America/New_York,Yahoo Finance
PUMP,2026-09-25,9.5,10.0600004196167,9.380000114440918,9.59000015258789,9.59000015258789,3825900,USD,NYQ,America/New_York,Yahoo Finance
PUMP,2026-09-28,9.779999732971191,9.805999755859375,9.289999961853027,9.300000190734863,9.300000190734863,3690400,USD,NYQ,America/New_York,Yahoo Finance
PVH,2026-08-17,81.2300033569336,81.63999938964844,76.83999633789062,78.18000030517578,78.13922882080078,1100600,USD,NYQ,America/New_York,Yahoo Finance
PVH,2026-08-18,78.87999725341797,80.62999725341797,78.6500015258789,78.7300033569336,78.68894958496094,791900,USD,NYQ,America/New_York,Yahoo Finance
PVH,2026-08-19,79.18000030517578,80.58000183105469,78.44999694824219,78.98999786376953,78.94880676269531,751800,USD,NYQ,America/New_York,Yahoo Finance
PVH,2026-08-20,77.69999694824219,77.80999755859375,75.33999633789062,76.08999633789062,76.0503158569336,798600,USD,NYQ,America/New_York,Yahoo Finance
PVH,2026-08-21,77.2300033569336,79.04000091552734,76.98999786376953,78.5,78.45906066894531,685900,USD,NYQ,America/New_York,Yahoo Finance
PVH,2026-08-24,78.5,79.23999786376953,76.36000061035156,77.02999877929688,76.98983001708984,676100,USD,NYQ,America/New_York,Yahoo Finance
PVH,2026-08-25,77.05000305175781,77.05000305175781,74.04000091552734,74.5199966430664,74.48113250732422,1021600,USD,NYQ,America/New_York,Yahoo Finance
PVH,2026-08-26,74.94999694824219,78.56999969482422,74.6500015258789,78.51000213623047,78.46906280517578,1317600,USD,NYQ,America/New_York,Yahoo Finance
PVH,2026-08-27,77.52999877929688,77.95999908447266,75.5199966430664,76.16000366210938,76.12028503417969,881700,USD,NYQ,America/New_York,Yahoo Finance
PVH,2026-08-28,76.54000091552734,77.43000030517578,75.18000030517578,75.79000091552734,75.75048065185547,697700,USD,NYQ,America/New_York,Yahoo Finance
PVH,2026-08-31,75.5999984741211,75.5999984741211,73.44999694824219,74.16000366210938,74.12133026123047,794500,USD,NYQ,America/New_York,Yahoo Finance
PVH,2026-09-01,72.66999816894531,74.20999908447266,72.06999969482422,72.87000274658203,72.83200073242188,1172000,USD,NYQ,America/New_York,Yahoo Finance
PVH,2026-09-02,73.0999984741211,74.08999633789062,71.45999908447266,72.29000091552734,72.29000091552734,1523900,USD,NYQ,America/New_York,Yahoo Finance
PVH,2026-09-03,74.95999908447266,76.79000091552734,71.26000213623047,72.45999908447266,72.45999908447266,2676400,USD,NYQ,America/New_York,Yahoo Finance
PVH,2026-09-04,72.79000091552734,75.25,72.79000091552734,74.33000183105469,74.33000183105469,1301200,USD,NYQ,America/New_York,Yahoo Finance
PVH,2026-09-08,74.5,75.44000244140625,70.81999969482422,71.26000213623047,71.26000213623047,1120400,USD,NYQ,America/New_York,Yahoo Finance
PVH,2026-09-09,70.83000183105469,71.51000213623047,68.47000122070312,68.51000213623047,68.51000213623047,1041000,USD,NYQ,America/New_York,Yahoo Finance
PVH,2026-09-10,68.19999694824219,69.36000061035156,67.62000274658203,69.3499984741211,69.3499984741211,1108600,USD,NYQ,America/New_York,Yahoo Finance
PVH,2026-09-11,70.38999938964844,71.19000244140625,69.43000030517578,70.63999938964844,70.63999938964844,873200,USD,NYQ,America/New_York,Yahoo Finance
PVH,2026-09-14,72.63999938964844,73.33999633789062,70.70999908447266,73.01000213623047,73.01000213623047,1421100,USD,NYQ,America/New_York,Yahoo Finance
PVH,2026-09-15,72.91000366210938,73.08999633789062,71.55000305175781,71.61000061035156,71.61000061035156,1049800,USD,NYQ,America/New_York,Yahoo Finance
PVH,2026-09-16,71.94000244140625,73.95999908447266,71.05999755859375,71.69999694824219,71.69999694824219,866900,USD,NYQ,America/New_York,Yahoo Finance
PVH,2026-09-17,72.77999877929688,74.66000366210938,72.30999755859375,73.54000091552734,73.54000091552734,946300,USD,NYQ,America/New_York,Yahoo Finance
PVH,2026-09-18,73.11000061035156,73.52999877929688,71.94000244140625,73.3499984741211,73.3499984741211,1211300,USD,NYQ,America/New_York,Yahoo Finance
PVH,2026-09-21,74.05999755859375,74.41000366210938,72.97000122070312,73.4000015258789,73.4000015258789,806900,USD,NYQ,America/New_York,Yahoo Finance
PVH,2026-09-22,74.48999786376953,77.5199966430664,74.48999786376953,75.88999938964844,75.88999938964844,906000,USD,NYQ,America/New_York,Yahoo Finance
PVH,2026-09-23,75.80000305175781,77.30000305175781,75.1500015258789,75.38999938964844,75.38999938964844,850000,USD,NYQ,America/New_York,Yahoo Finance
PVH,2026-09-24,75.76000213623047,76.81999969482422,75.30000305175781,75.79000091552734,75.79000091552734,958100,USD,NYQ,America/New_York,Yahoo Finance
PVH,2026-09-25,75.91999816894531,76.81999969482422,75.18000030517578,75.98999786376953,75.98999786376953,713900,USD,NYQ,America/New_York,Yahoo Finance
PVH,2026-09-28,75.31999969482422,76.48999786376953,74.38999938964844,75.7300033569336,75.7300033569336,759800,USD,NYQ,America/New_York,Yahoo Finance
QBTS,2026-08-17,20.780000686645508,21.354999542236328,20.194000244140625,20.8700008392334,20.8700008392334,10078300,USD,NMS,America/New_York,Yahoo Finance
QBTS,2026-08-18,19.799999237060547,20.709999084472656,19.454999923706055,19.530000686645508,19.530000686645508,12926400,USD,NMS,America/New_York,Yahoo Finance
QBTS,2026-08-19,19.270000457763672,19.750999450683594,18.924999237060547,19.31999969482422,19.31999969482422,13084900,USD,NMS,America/New_York,Yahoo Finance
QBTS,2026-08-20,19.219999313354492,19.43000030517578,18.440000534057617,18.799999237060547,18.799999237060547,11745200,USD,NMS,America/New_York,Yahoo Finance
QBTS,2026-08-21,19.110000610351562,20.594999313354492,19.100000381469727,20.389999389648438,20.389999389648438,19537400,USD,NMS,America/New_York,Yahoo Finance
QBTS,2026-08-24,19.75,19.950000762939453,18.65999984741211,18.68000030517578,18.68000030517578,17132600,USD,NMS,America/New_York,Yahoo Finance
QBTS,2026-08-25,19.024999618530273,19.530000686645508,18.6299991607666,19.350000381469727,19.350000381469727,15096600,USD,NMS,America/New_York,Yahoo Finance
QBTS,2026-08-26,18.729999542236328,19.040000915527344,17.450000762939453,17.510000228881836,17.510000228881836,26526300,USD,NMS,America/New_York,Yahoo Finance
QBTS,2026-08-27,17.889999389648438,18.3700008392334,17.709999084472656,17.899999618530273,17.899999618530273,19092000,USD,NMS,America/New_York,Yahoo Finance
QBTS,2026-08-28,17.559999465942383,17.719999313354492,16.674999237060547,16.989999771118164,16.989999771118164,18194500,USD,NMS,America/New_York,Yahoo Finance
QBTS,2026-08-31,16.684999465942383,17.350000381469727,16.6200008392334,17.200000762939453,17.200000762939453,11584700,USD,NMS,America/New_York,Yahoo Finance
QBTS,2026-09-01,16.549999237060547,16.895000457763672,16.389999389648438,16.540000915527344,16.540000915527344,11874700,USD,NMS,America/New_York,Yahoo Finance
QBTS,2026-09-02,16.27899932861328,16.704999923706055,16.190000534057617,16.489999771118164,16.489999771118164,11545600,USD,NMS,America/New_York,Yahoo Finance
QBTS,2026-09-03,16.579999923706055,16.954999923706055,16.520000457763672,16.81999969482422,16.81999969482422,11015900,USD,NMS,America/New_York,Yahoo Finance
QBTS,2026-09-04,16.790000915527344,16.8799991607666,16.43000030517578,16.579999923706055,16.579999923706055,12887800,USD,NMS,America/New_York,Yahoo Finance
QBTS,2026-09-08,17.700000762939453,18.479999542236328,17.472000122070312,17.670000076293945,17.670000076293945,35820000,USD,NMS,America/New_York,Yahoo Finance
QBTS,2026-09-09,17.540000915527344,17.684999465942383,16.8799991607666,17.1200008392334,17.1200008392334,15954900,USD,NMS,America/New_York,Yahoo Finance
QBTS,2026-09-10,16.725000381469727,17.100000381469727,16.600000381469727,16.65999984741211,16.65999984741211,12921500,USD,NMS,America/New_York,Yahoo Finance
QBTS,2026-09-11,16.709999084472656,17.155000686645508,16.530000686645508,16.799999237060547,16.799999237060547,11953700,USD,NMS,America/New_York,Yahoo Finance
QBTS,2026-09-14,16.094999313354492,17.299999237060547,16.079999923706055,16.829999923706055,16.829999923706055,11594700,USD,NMS,America/New_York,Yahoo Finance
QBTS,2026-09-15,16.559999465942383,16.940000534057617,16.2450008392334,16.40999984741211,16.40999984741211,11301000,USD,NMS,America/New_York,Yahoo Finance
QBTS,2026-09-16,16.479999542236328,16.56999969482422,15.8100004196167,16.270000457763672,16.270000457763672,13564100,USD,NMS,America/New_York,Yahoo Finance
QBTS,2026-09-17,16.889999389648438,17.8799991607666,16.639999389648438,17.690000534057617,17.690000534057617,21450300,USD,NMS,America/New_York,Yahoo Finance
QBTS,2026-09-18,18.079999923706055,18.100000381469727,16.549999237060547,17.110000610351562,17.110000610351562,19128600,USD,NMS,America/New_York,Yahoo Finance
QBTS,2026-09-21,17.575000762939453,17.920000076293945,17.38599967956543,17.700000762939453,17.700000762939453,14925000,USD,NMS,America/New_York,Yahoo Finance
QBTS,2026-09-22,17.700000762939453,17.770000457763672,17.229999542236328,17.559999465942383,17.559999465942383,14479300,USD,NMS,America/New_York,Yahoo Finance
QBTS,2026-09-23,18.93000030517578,18.93000030517578,16.7450008392334,16.809999465942383,16.809999465942383,28655800,USD,NMS,America/New_York,Yahoo Finance
QBTS,2026-09-24,16.549999237060547,17.584999084472656,16.469999313354492,17.479999542236328,17.479999542236328,18649800,USD,NMS,America/New_York,Yahoo Finance
QBTS,2026-09-25,17.450000762939453,18.0,17.229999542236328,17.40999984741211,17.40999984741211,14523800,USD,NMS,America/New_York,Yahoo Finance
QBTS,2026-09-28,17.010000228881836,17.545000076293945,16.75,16.780000686645508,16.780000686645508,13764700,USD,NMS,America/New_York,Yahoo Finance
QNT,2026-08-17,63.540000915527344,67.4000015258789,62.369998931884766,66.01000213623047,66.01000213623047,1485200,USD,NGM,America/New_York,Yahoo Finance
QNT,2026-08-18,63.400001525878906,64.33000183105469,58.90999984741211,59.5,59.5,1752700,USD,NGM,America/New_York,Yahoo Finance
QNT,2026-08-19,59.65999984741211,59.720001220703125,55.790000915527344,56.0,56.0,1983200,USD,NGM,America/New_York,Yahoo Finance
QNT,2026-08-20,55.790000915527344,57.20000076293945,54.060001373291016,54.900001525878906,54.900001525878906,1322500,USD,NGM,America/New_York,Yahoo Finance
QNT,2026-08-21,55.20000076293945,56.959999084472656,54.279998779296875,56.599998474121094,56.599998474121094,1662500,USD,NGM,America/New_York,Yahoo Finance
QNT,2026-08-24,55.0,55.45000076293945,51.959999084472656,52.06999969482422,52.06999969482422,1265400,USD,NGM,America/New_York,Yahoo Finance
QNT,2026-08-25,52.880001068115234,54.439998626708984,52.619998931884766,53.88999938964844,53.88999938964844,927400,USD,NGM,America/New_York,Yahoo Finance
QNT,2026-08-26,52.560001373291016,54.119998931884766,52.54999923706055,53.290000915527344,53.290000915527344,692700,USD,NGM,America/New_York,Yahoo Finance
QNT,2026-08-27,53.9900016784668,54.779998779296875,53.41999816894531,54.0,54.0,629900,USD,NGM,America/New_York,Yahoo Finance
QNT,2026-08-28,53.70000076293945,54.13999938964844,49.650001525878906,49.91999816894531,49.91999816894531,1477900,USD,NGM,America/New_York,Yahoo Finance
QNT,2026-08-31,50.0,51.84000015258789,49.459999084472656,50.099998474121094,50.099998474121094,1168300,USD,NGM,America/New_York,Yahoo Finance
QNT,2026-09-01,49.0099983215332,49.06999969482422,47.40999984741211,47.65999984741211,47.65999984741211,1171100,USD,NGM,America/New_York,Yahoo Finance
QNT,2026-09-02,47.29999923706055,48.38999938964844,46.540000915527344,48.0,48.0,2128600,USD,NGM,America/New_York,Yahoo Finance
QNT,2026-09-03,48.58000183105469,49.31999969482422,46.79999923706055,48.70000076293945,48.70000076293945,1532000,USD,NGM,America/New_York,Yahoo Finance
QNT,2026-09-04,49.310001373291016,49.88999938964844,48.2400016784668,49.650001525878906,49.650001525878906,1069400,USD,NGM,America/New_York,Yahoo Finance
QNT,2026-09-08,52.040000915527344,53.25,49.79999923706055,50.470001220703125,50.470001220703125,2898100,USD,NGM,America/New_York,Yahoo Finance
QNT,2026-09-09,50.15999984741211,53.119998931884766,48.81999969482422,48.88999938964844,48.88999938964844,1403200,USD,NGM,America/New_York,Yahoo Finance
QNT,2026-09-10,47.400001525878906,49.93000030517578,47.0,48.66999816894531,48.66999816894531,1142400,USD,NGM,America/New_York,Yahoo Finance
QNT,2026-09-11,48.90999984741211,49.95000076293945,48.02000045776367,49.029998779296875,49.029998779296875,1016600,USD,NGM,America/New_York,Yahoo Finance
QNT,2026-09-14,47.290000915527344,51.04999923706055,47.279998779296875,49.099998474121094,49.099998474121094,1749100,USD,NGM,America/New_York,Yahoo Finance
QNT,2026-09-15,48.650001525878906,50.20000076293945,48.02000045776367,48.650001525878906,48.650001525878906,1282000,USD,NGM,America/New_York,Yahoo Finance
QNT,2026-09-16,48.84000015258789,52.58000183105469,48.779998779296875,52.0099983215332,52.0099983215332,1952400,USD,NGM,America/New_York,Yahoo Finance
QNT,2026-09-17,53.0,55.720001220703125,52.45000076293945,54.5,54.5,1540200,USD,NGM,America/New_York,Yahoo Finance
QNT,2026-09-18,54.54999923706055,54.9900016784668,51.11000061035156,51.58000183105469,51.58000183105469,6577900,USD,NGM,America/New_York,Yahoo Finance
QNT,2026-09-21,53.22999954223633,53.709999084472656,50.959999084472656,51.150001525878906,51.150001525878906,1637100,USD,NGM,America/New_York,Yahoo Finance
QNT,2026-09-22,51.099998474121094,52.15999984741211,50.5,51.38999938964844,51.38999938964844,1141600,USD,NGM,America/New_York,Yahoo Finance
QNT,2026-09-23,55.56999969482422,56.900001525878906,49.849998474121094,50.11000061035156,50.11000061035156,2567200,USD,NGM,America/New_York,Yahoo Finance
QNT,2026-09-24,49.0,49.7400016784668,47.209999084472656,49.38999938964844,49.38999938964844,2283700,USD,NGM,America/New_York,Yahoo Finance
QNT,2026-09-25,49.5,51.83000183105469,49.22999954223633,49.529998779296875,49.529998779296875,1755800,USD,NGM,America/New_York,Yahoo Finance
QNT,2026-09-28,49.0,51.279998779296875,48.209999084472656,49.11000061035156,49.11000061035156,1806100,USD,NGM,America/New_York,Yahoo Finance
R,2026-08-17,263.79998779296875,266.9800109863281,257.55999755859375,264.70001220703125,263.6294860839844,393200,USD,NYQ,America/New_York,Yahoo Finance
R,2026-08-18,264.9800109863281,264.9800109863281,259.1099853515625,259.1499938964844,258.1018981933594,234900,USD,NYQ,America/New_York,Yahoo Finance
R,2026-08-19,261.69000244140625,262.4200134277344,250.42999267578125,250.5399932861328,249.52671813964844,322200,USD,NYQ,America/New_York,Yahoo Finance
R,2026-08-20,248.3300018310547,250.6699981689453,246.5500030517578,247.85000610351562,246.8476104736328,261500,USD,NYQ,America/New_York,Yahoo Finance
R,2026-08-21,250.55999755859375,250.9600067138672,246.88999938964844,249.72999572753906,248.72000122070312,368700,USD,NYQ,America/New_York,Yahoo Finance
R,2026-08-24,250.25999450683594,252.1999969482422,243.5399932861328,244.92999267578125,244.92999267578125,261700,USD,NYQ,America/New_York,Yahoo Finance
R,2026-08-25,247.50999450683594,248.00999450683594,243.63999938964844,246.17999267578125,246.17999267578125,239600,USD,NYQ,America/New_York,Yahoo Finance
R,2026-08-26,247.89999389648438,251.24000549316406,247.0,249.63999938964844,249.63999938964844,263900,USD,NYQ,America/New_York,Yahoo Finance
R,2026-08-27,248.49000549316406,250.57000732421875,246.22999572753906,248.08999633789062,248.08999633789062,226100,USD,NYQ,America/New_York,Yahoo Finance
R,2026-08-28,248.9600067138672,250.74000549316406,244.9499969482422,245.86000061035156,245.86000061035156,131000,USD,NYQ,America/New_York,Yahoo Finance
R,2026-08-31,246.0,246.39999389648438,243.30999755859375,244.4600067138672,244.4600067138672,239400,USD,NYQ,America/New_York,Yahoo Finance
R,2026-09-01,244.89999389648438,246.11000061035156,241.36000061035156,243.47999572753906,243.47999572753906,272200,USD,NYQ,America/New_York,Yahoo Finance
R,2026-09-02,243.97999572753906,244.50999450683594,241.5,243.1300048828125,243.1300048828125,293600,USD,NYQ,America/New_York,Yahoo Finance
R,2026-09-03,244.0,247.86000061035156,241.97999572753906,246.97000122070312,246.97000122070312,224400,USD,NYQ,America/New_York,Yahoo Finance
R,2026-09-04,245.97999572753906,250.9600067138672,245.97999572753906,248.44000244140625,248.44000244140625,183200,USD,NYQ,America/New_York,Yahoo Finance
R,2026-09-08,249.0,249.0,245.8699951171875,246.88999938964844,246.88999938964844,284800,USD,NYQ,America/New_York,Yahoo Finance
R,2026-09-09,247.4199981689453,247.99000549316406,243.47000122070312,244.75,244.75,214700,USD,NYQ,America/New_York,Yahoo Finance
R,2026-09-10,243.83999633789062,246.19000244140625,240.55999755859375,241.60000610351562,241.60000610351562,239800,USD,NYQ,America/New_York,Yahoo Finance
R,2026-09-11,244.42999267578125,245.9600067138672,240.63999938964844,243.3000030517578,243.3000030517578,199700,USD,NYQ,America/New_York,Yahoo Finance
R,2026-09-14,241.60000610351562,242.77999877929688,239.32000732421875,241.1300048828125,241.1300048828125,227900,USD,NYQ,America/New_York,Yahoo Finance
R,2026-09-15,242.52000427246094,243.86000061035156,240.0,241.16000366210938,241.16000366210938,328300,USD,NYQ,America/New_York,Yahoo Finance
R,2026-09-16,240.67999267578125,241.38999938964844,235.57000732421875,237.9600067138672,237.9600067138672,290600,USD,NYQ,America/New_York,Yahoo Finance
R,2026-09-17,242.36000061035156,242.36000061035156,235.4199981689453,238.9199981689453,238.9199981689453,279400,USD,NYQ,America/New_York,Yahoo Finance
R,2026-09-18,241.4199981689453,241.4199981689453,234.2899932861328,238.5399932861328,238.5399932861328,436700,USD,NYQ,America/New_York,Yahoo Finance
R,2026-09-21,239.32000732421875,239.32000732421875,234.1300048828125,237.13999938964844,237.13999938964844,229500,USD,NYQ,America/New_York,Yahoo Finance
R,2026-09-22,239.86000061035156,241.27999877929688,236.4600067138672,236.5,236.5,223900,USD,NYQ,America/New_York,Yahoo Finance
R,2026-09-23,235.5800018310547,240.41000366210938,234.3000030517578,238.0,238.0,175800,USD,NYQ,America/New_York,Yahoo Finance
R,2026-09-24,237.22999572753906,238.55999755859375,235.3000030517578,236.25,236.25,190200,USD,NYQ,America/New_York,Yahoo Finance
R,2026-09-25,236.24000549316406,238.75,234.6999969482422,235.57000732421875,235.57000732421875,204300,USD,NYQ,America/New_York,Yahoo Finance
R,2026-09-28,234.6999969482422,236.72000122070312,232.92999267578125,233.92999267578125,233.92999267578125,285600,USD,NYQ,America/New_York,Yahoo Finance
ROAD,2026-08-17,122.62999725341797,122.62999725341797,119.44499969482422,120.45999908447266,120.45999908447266,567200,USD,NMS,America/New_York,Yahoo Finance
ROAD,2026-08-18,119.91999816894531,119.91999816894531,113.2300033569336,113.54000091552734,113.54000091552734,781300,USD,NMS,America/New_York,Yahoo Finance
ROAD,2026-08-19,115.7699966430664,116.51000213623047,112.30500030517578,115.61000061035156,115.61000061035156,440400,USD,NMS,America/New_York,Yahoo Finance
ROAD,2026-08-20,114.70999908447266,114.88999938964844,111.58000183105469,113.19000244140625,113.19000244140625,358700,USD,NMS,America/New_York,Yahoo Finance
ROAD,2026-08-21,114.41000366210938,114.81999969482422,111.19999694824219,112.16999816894531,112.16999816894531,388800,USD,NMS,America/New_York,Yahoo Finance
ROAD,2026-08-24,112.16999816894531,112.16999816894531,108.3499984741211,108.48999786376953,108.48999786376953,654300,USD,NMS,America/New_York,Yahoo Finance
ROAD,2026-08-25,109.58000183105469,110.125,107.45999908447266,109.69000244140625,109.69000244140625,457400,USD,NMS,America/New_York,Yahoo Finance
ROAD,2026-08-26,109.94999694824219,115.08000183105469,109.94999694824219,114.55000305175781,114.55000305175781,717200,USD,NMS,America/New_York,Yahoo Finance
ROAD,2026-08-27,114.86000061035156,115.16500091552734,110.54100036621094,114.75,114.75,397900,USD,NMS,America/New_York,Yahoo Finance
ROAD,2026-08-28,114.75,116.0,109.0,110.0999984741211,110.0999984741211,515500,USD,NMS,America/New_York,Yahoo Finance
ROAD,2026-08-31,108.88999938964844,110.58999633789062,105.0,106.19999694824219,106.19999694824219,653400,USD,NMS,America/New_York,Yahoo Finance
ROAD,2026-09-01,105.0,107.05000305175781,98.5790023803711,100.55999755859375,100.55999755859375,800200,USD,NMS,America/New_York,Yahoo Finance
ROAD,2026-09-02,100.61000061035156,101.91999816894531,98.91000366210938,101.12999725341797,101.12999725341797,687400,USD,NMS,America/New_York,Yahoo Finance
ROAD,2026-09-03,102.83999633789062,102.9000015258789,99.83000183105469,102.68000030517578,102.68000030517578,379100,USD,NMS,America/New_York,Yahoo Finance
ROAD,2026-09-04,102.87999725341797,105.23999786376953,102.87999725341797,104.68000030517578,104.68000030517578,331400,USD,NMS,America/New_York,Yahoo Finance
ROAD,2026-09-08,103.66999816894531,105.08499908447266,102.62999725341797,103.0999984741211,103.0999984741211,385200,USD,NMS,America/New_York,Yahoo Finance
ROAD,2026-09-09,102.44999694824219,103.40499877929688,97.42500305175781,98.16999816894531,98.16999816894531,473900,USD,NMS,America/New_York,Yahoo Finance
ROAD,2026-09-10,96.20999908447266,97.95999908447266,95.51000213623047,96.12000274658203,96.12000274658203,381900,USD,NMS,America/New_York,Yahoo Finance
ROAD,2026-09-11,98.0,99.99199676513672,96.677001953125,99.66999816894531,99.66999816894531,315800,USD,NMS,America/New_York,Yahoo Finance
ROAD,2026-09-14,96.58000183105469,97.50499725341797,94.84500122070312,96.91000366210938,96.91000366210938,489400,USD,NMS,America/New_York,Yahoo Finance
ROAD,2026-09-15,97.61000061035156,97.61000061035156,94.61000061035156,95.04000091552734,95.04000091552734,338900,USD,NMS,America/New_York,Yahoo Finance
ROAD,2026-09-16,96.43000030517578,97.70999908447266,94.56999969482422,95.06999969482422,95.06999969482422,583700,USD,NMS,America/New_York,Yahoo Finance
ROAD,2026-09-17,98.16000366210938,98.22000122070312,93.86499786376953,94.62000274658203,94.62000274658203,477200,USD,NMS,America/New_York,Yahoo Finance
ROAD,2026-09-18,94.62000274658203,95.29000091552734,94.05000305175781,94.33000183105469,94.33000183105469,952100,USD,NMS,America/New_York,Yahoo Finance
ROAD,2026-09-21,95.37000274658203,96.08999633789062,93.5,94.45999908447266,94.45999908447266,783700,USD,NMS,America/New_York,Yahoo Finance
ROAD,2026-09-22,96.16999816894531,97.11000061035156,93.86000061035156,96.70999908447266,96.70999908447266,734400,USD,NMS,America/New_York,Yahoo Finance
ROAD,2026-09-23,95.27999877929688,96.56999969482422,91.37000274658203,93.44000244140625,93.44000244140625,559200,USD,NMS,America/New_York,Yahoo Finance
ROAD,2026-09-24,93.08999633789062,93.08999633789062,88.7300033569336,89.8499984741211,89.8499984741211,782900,USD,NMS,America/New_York,Yahoo Finance
ROAD,2026-09-25,90.76000213623047,94.12000274658203,89.70500183105469,93.70999908447266,93.70999908447266,769000,USD,NMS,America/New_York,Yahoo Finance
ROAD,2026-09-28,92.0,93.08799743652344,89.24500274658203,91.47000122070312,91.47000122070312,691000,USD,NMS,America/New_York,Yahoo Finance
ROG,2026-08-17,142.89999389648438,145.99000549316406,142.89999389648438,145.94000244140625,145.94000244140625,195800,USD,NYQ,America/New_York,Yahoo Finance
ROG,2026-08-18,141.16000366210938,142.47000122070312,135.49000549316406,136.75,136.75,208500,USD,NYQ,America/New_York,Yahoo Finance
ROG,2026-08-19,138.1199951171875,138.63999938964844,129.66000366210938,129.67999267578125,129.67999267578125,199000,USD,NYQ,America/New_York,Yahoo Finance
ROG,2026-08-20,128.0500030517578,128.99000549316406,125.30999755859375,126.54000091552734,126.54000091552734,173300,USD,NYQ,America/New_York,Yahoo Finance
ROG,2026-08-21,127.33999633789062,127.33999633789062,124.62000274658203,126.55000305175781,126.55000305175781,170300,USD,NYQ,America/New_York,Yahoo Finance
ROG,2026-08-24,124.44000244140625,124.80000305175781,120.5199966430664,122.83999633789062,122.83999633789062,164500,USD,NYQ,America/New_York,Yahoo Finance
ROG,2026-08-25,125.05000305175781,125.5999984741211,123.31999969482422,124.73999786376953,124.73999786376953,148100,USD,NYQ,America/New_York,Yahoo Finance
ROG,2026-08-26,125.29000091552734,127.0999984741211,124.11000061035156,126.13999938964844,126.13999938964844,123600,USD,NYQ,America/New_York,Yahoo Finance
ROG,2026-08-27,128.2100067138672,130.22999572753906,127.26000213623047,129.3300018310547,129.3300018310547,286400,USD,NYQ,America/New_York,Yahoo Finance
ROG,2026-08-28,129.3699951171875,131.19000244140625,124.58999633789062,125.5199966430664,125.5199966430664,216800,USD,NYQ,America/New_York,Yahoo Finance
ROG,2026-08-31,126.68000030517578,127.06999969482422,123.91000366210938,125.56999969482422,125.56999969482422,380100,USD,NYQ,America/New_York,Yahoo Finance
ROG,2026-09-01,123.44999694824219,125.0999984741211,122.4800033569336,122.98999786376953,122.98999786376953,150800,USD,NYQ,America/New_York,Yahoo Finance
ROG,2026-09-02,123.08000183105469,126.0,121.19000244140625,124.05999755859375,124.05999755859375,163100,USD,NYQ,America/New_York,Yahoo Finance
ROG,2026-09-03,123.76000213623047,126.56999969482422,121.08000183105469,126.29000091552734,126.29000091552734,133800,USD,NYQ,America/New_York,Yahoo Finance
ROG,2026-09-04,127.0999984741211,128.80999755859375,126.93000030517578,127.81999969482422,127.81999969482422,103300,USD,NYQ,America/New_York,Yahoo Finance
ROG,2026-09-08,128.5500030517578,130.44000244140625,127.33000183105469,129.5,129.5,137900,USD,NYQ,America/New_York,Yahoo Finance
ROG,2026-09-09,129.05999755859375,130.02000427246094,127.69999694824219,129.67999267578125,129.67999267578125,88500,USD,NYQ,America/New_York,Yahoo Finance
ROG,2026-09-10,128.99000549316406,134.5,128.4199981689453,132.67999267578125,132.67999267578125,173100,USD,NYQ,America/New_York,Yahoo Finance
ROG,2026-09-11,135.0,136.75,134.0800018310547,136.67999267578125,136.67999267578125,165800,USD,NYQ,America/New_York,Yahoo Finance
ROG,2026-09-14,131.69000244140625,133.25,130.47000122070312,132.0,132.0,227800,USD,NYQ,America/New_York,Yahoo Finance
ROG,2026-09-15,132.9499969482422,134.0500030517578,130.86000061035156,131.02999877929688,131.02999877929688,208500,USD,NYQ,America/New_York,Yahoo Finance
ROG,2026-09-16,132.39999389648438,133.72000122070312,124.76000213623047,128.5,128.5,305100,USD,NYQ,America/New_York,Yahoo Finance
ROG,2026-09-17,132.22000122070312,136.0399932861328,130.8699951171875,130.88999938964844,130.88999938964844,182200,USD,NYQ,America/New_York,Yahoo Finance
ROG,2026-09-18,132.57000732421875,133.25,128.47999572753906,129.77000427246094,129.77000427246094,464200,USD,NYQ,America/New_York,Yahoo Finance
ROG,2026-09-21,132.0800018310547,132.0800018310547,129.52000427246094,129.85000610351562,129.85000610351562,192000,USD,NYQ,America/New_York,Yahoo Finance
ROG,2026-09-22,130.5,138.3300018310547,129.39999389648438,137.9600067138672,137.9600067138672,346900,USD,NYQ,America/New_York,Yahoo Finance
ROG,2026-09-23,139.24000549316406,141.91000366210938,135.91000366210938,139.44000244140625,139.44000244140625,313900,USD,NYQ,America/New_York,Yahoo Finance
ROG,2026-09-24,136.74000549316406,138.5,134.8300018310547,136.1999969482422,136.1999969482422,250600,USD,NYQ,America/New_York,Yahoo Finance
ROG,2026-09-25,136.1199951171875,139.39999389648438,134.58999633789062,137.75999450683594,137.75999450683594,212000,USD,NYQ,America/New_York,Yahoo Finance
ROG,2026-09-28,136.52999877929688,139.33999633789062,134.80999755859375,136.63999938964844,136.63999938964844,142700,USD,NYQ,America/New_York,Yahoo Finance
RPD,2026-08-17,12.859999656677246,12.861000061035156,12.260000228881836,12.369999885559082,12.369999885559082,1616100,USD,NGM,America/New_York,Yahoo Finance
RPD,2026-08-18,12.489999771118164,12.930000305175781,12.46500015258789,12.59000015258789,12.59000015258789,2071700,USD,NGM,America/New_York,Yahoo Finance
RPD,2026-08-19,12.59000015258789,12.890000343322754,11.892000198364258,12.204999923706055,12.204999923706055,1026600,USD,NGM,America/New_York,Yahoo Finance
RPD,2026-08-20,12.100000381469727,12.430000305175781,11.720000267028809,11.845000267028809,11.845000267028809,1424300,USD,NGM,America/New_York,Yahoo Finance
RPD,2026-08-21,11.789999961853027,11.899999618530273,11.345000267028809,11.850000381469727,11.850000381469727,1557300,USD,NGM,America/New_York,Yahoo Finance
RPD,2026-08-24,11.970000267028809,12.260000228881836,11.734000205993652,12.1899995803833,12.1899995803833,1420100,USD,NGM,America/New_York,Yahoo Finance
RPD,2026-08-25,12.220000267028809,12.375,11.774999618530273,12.130000114440918,12.130000114440918,1200400,USD,NGM,America/New_York,Yahoo Finance
RPD,2026-08-26,11.489999771118164,12.010000228881836,11.119999885559082,11.789999961853027,11.789999961853027,1046400,USD,NGM,America/New_York,Yahoo Finance
RPD,2026-08-27,12.899999618530273,13.819999694824219,12.350000381469727,13.5,13.5,2637100,USD,NGM,America/New_York,Yahoo Finance
RPD,2026-08-28,13.15999984741211,13.588000297546387,12.954999923706055,13.289999961853027,13.289999961853027,1432800,USD,NGM,America/New_York,Yahoo Finance
RPD,2026-08-31,13.09000015258789,13.609999656677246,12.960000038146973,13.460000038146973,13.460000038146973,1377700,USD,NGM,America/New_York,Yahoo Finance
RPD,2026-09-01,12.9399995803833,13.175000190734863,11.994999885559082,12.010000228881836,12.010000228881836,2047900,USD,NGM,America/New_York,Yahoo Finance
RPD,2026-09-02,11.859999656677246,11.989999771118164,11.0,11.069999694824219,11.069999694824219,3042200,USD,NGM,America/New_York,Yahoo Finance
RPD,2026-09-03,11.390000343322754,11.550000190734863,11.020000457763672,11.470000267028809,11.470000267028809,2042900,USD,NGM,America/New_York,Yahoo Finance
RPD,2026-09-04,11.229999542236328,11.34000015258789,10.880000114440918,11.0,11.0,1915000,USD,NGM,America/New_York,Yahoo Finance
RPD,2026-09-08,10.8100004196167,10.880000114440918,10.1899995803833,10.460000038146973,10.460000038146973,2027300,USD,NGM,America/New_York,Yahoo Finance
RPD,2026-09-09,10.449999809265137,10.9399995803833,10.369999885559082,10.5600004196167,10.5600004196167,1796000,USD,NGM,America/New_York,Yahoo Finance
RPD,2026-09-10,10.4399995803833,10.829999923706055,10.4350004196167,10.5,10.5,1150200,USD,NGM,America/New_York,Yahoo Finance
RPD,2026-09-11,10.5,10.550000190734863,10.119999885559082,10.3100004196167,10.3100004196167,1229800,USD,NGM,America/New_York,Yahoo Finance
RPD,2026-09-14,10.619999885559082,12.960000038146973,10.619999885559082,12.789999961853027,12.789999961853027,3998800,USD,NGM,America/New_York,Yahoo Finance
RPD,2026-09-15,12.119999885559082,12.90999984741211,11.90999984741211,12.460000038146973,12.460000038146973,2794400,USD,NGM,America/New_York,Yahoo Finance
RPD,2026-09-16,12.274999618530273,12.779999732971191,12.081000328063965,12.460000038146973,12.460000038146973,1885800,USD,NGM,America/New_York,Yahoo Finance
RPD,2026-09-17,12.270000457763672,12.869999885559082,11.890000343322754,12.40999984741211,12.40999984741211,1720300,USD,NGM,America/New_York,Yahoo Finance
RPD,2026-09-18,12.619999885559082,12.729999542236328,11.760000228881836,11.970000267028809,11.970000267028809,5540500,USD,NGM,America/New_York,Yahoo Finance
RPD,2026-09-21,12.069999694824219,12.567999839782715,11.899999618530273,12.470000267028809,12.470000267028809,1480300,USD,NGM,America/New_York,Yahoo Finance
RPD,2026-09-22,12.79800033569336,12.925000190734863,12.050000190734863,12.850000381469727,12.850000381469727,1768700,USD,NGM,America/New_York,Yahoo Finance
RPD,2026-09-23,13.039999961853027,13.210000038146973,12.40999984741211,13.09000015258789,13.09000015258789,1355000,USD,NGM,America/New_York,Yahoo Finance
RPD,2026-09-24,13.050000190734863,13.25,12.65999984741211,12.850000381469727,12.850000381469727,1099600,USD,NGM,America/New_York,Yahoo Finance
RPD,2026-09-25,12.829999923706055,12.829999923706055,11.595000267028809,11.619999885559082,11.619999885559082,1816000,USD,NGM,America/New_York,Yahoo Finance
RPD,2026-09-28,11.130000114440918,11.979999542236328,11.130000114440918,11.800000190734863,11.800000190734863,976800,USD,NGM,America/New_York,Yahoo Finance
SECZ,2026-08-17,5.449999809265137,5.599999904632568,5.139999866485596,5.389999866485596,5.389999866485596,3132700,USD,NYQ,America/New_York,Yahoo Finance
SECZ,2026-08-18,5.289999961853027,6.090000152587891,5.210000038146973,5.889999866485596,5.889999866485596,3272700,USD,NYQ,America/New_York,Yahoo Finance
SECZ,2026-08-19,5.829999923706055,6.440000057220459,5.71999979019165,6.03000020980835,6.03000020980835,2758900,USD,NYQ,America/New_York,Yahoo Finance
SECZ,2026-08-20,6.179999828338623,6.599999904632568,6.050000190734863,6.400000095367432,6.400000095367432,1989400,USD,NYQ,America/New_York,Yahoo Finance
SECZ,2026-08-21,6.449999809265137,6.699999809265137,6.119999885559082,6.130000114440918,6.130000114440918,1964700,USD,NYQ,America/New_York,Yahoo Finance
SECZ,2026-08-24,6.260000228881836,6.699999809265137,6.170000076293945,6.349999904632568,6.349999904632568,2634700,USD,NYQ,America/New_York,Yahoo Finance
SECZ,2026-08-25,6.409999847412109,6.789999961853027,6.010000228881836,6.730000019073486,6.730000019073486,2018000,USD,NYQ,America/New_York,Yahoo Finance
SECZ,2026-08-26,6.590000152587891,6.920000076293945,6.550000190734863,6.800000190734863,6.800000190734863,961300,USD,NYQ,America/New_York,Yahoo Finance
SECZ,2026-08-27,6.889999866485596,7.159999847412109,6.659999847412109,6.670000076293945,6.670000076293945,1590800,USD,NYQ,America/New_York,Yahoo Finance
SECZ,2026-08-28,6.670000076293945,6.75,6.139999866485596,6.289999961853027,6.289999961853027,1546500,USD,NYQ,America/New_York,Yahoo Finance
SECZ,2026-08-31,6.420000076293945,6.579999923706055,6.179999828338623,6.460000038146973,6.460000038146973,1355100,USD,NYQ,America/New_York,Yahoo Finance
SECZ,2026-09-01,6.329999923706055,6.519999980926514,6.21999979019165,6.25,6.25,644800,USD,NYQ,America/New_York,Yahoo Finance
SECZ,2026-09-02,6.300000190734863,6.650000095367432,6.199999809265137,6.510000228881836,6.510000228881836,867700,USD,NYQ,America/New_York,Yahoo Finance
SECZ,2026-09-03,6.53000020980835,7.21999979019165,6.53000020980835,7.099999904632568,7.099999904632568,1642300,USD,NYQ,America/New_York,Yahoo Finance
SECZ,2026-09-04,6.900000095367432,7.570000171661377,6.900000095367432,7.420000076293945,7.420000076293945,1472100,USD,NYQ,America/New_York,Yahoo Finance
SECZ,2026-09-08,7.5,8.3100004196167,7.400000095367432,8.25,8.25,3192200,USD,NYQ,America/New_York,Yahoo Finance
SECZ,2026-09-09,8.229999542236328,8.770000457763672,7.980000019073486,8.430000305175781,8.430000305175781,2533200,USD,NYQ,America/New_York,Yahoo Finance
SECZ,2026-09-10,8.359999656677246,8.420000076293945,7.849999904632568,8.039999961853027,8.039999961853027,1308200,USD,NYQ,America/New_York,Yahoo Finance
SECZ,2026-09-11,8.149999618530273,8.40999984741211,8.020000457763672,8.270000457763672,8.270000457763672,855300,USD,NYQ,America/New_York,Yahoo Finance
SECZ,2026-09-14,8.020000457763672,8.5600004196167,7.840000152587891,8.210000038146973,8.210000038146973,1355300,USD,NYQ,America/New_York,Yahoo Finance
SECZ,2026-09-15,8.100000381469727,8.279999732971191,7.710000038146973,7.96999979019165,7.96999979019165,1167300,USD,NYQ,America/New_York,Yahoo Finance
SECZ,2026-09-16,8.0,8.390000343322754,7.429999828338623,7.769999980926514,7.769999980926514,2605200,USD,NYQ,America/New_York,Yahoo Finance
SECZ,2026-09-17,8.34000015258789,9.640000343322754,8.210000038146973,8.930000305175781,8.930000305175781,5796900,USD,NYQ,America/New_York,Yahoo Finance
SECZ,2026-09-18,9.319999694824219,11.069999694824219,9.25,10.859999656677246,10.859999656677246,21287700,USD,NYQ,America/New_York,Yahoo Finance
SECZ,2026-09-21,11.670000076293945,13.930000305175781,11.140000343322754,13.5,13.5,7061400,USD,NYQ,America/New_York,Yahoo Finance
SECZ,2026-09-22,12.960000038146973,13.520000457763672,12.170000076293945,13.0,13.0,6307900,USD,NYQ,America/New_York,Yahoo Finance
SECZ,2026-09-23,12.800000190734863,14.869999885559082,12.729999542236328,14.359999656677246,14.359999656677246,9187600,USD,NYQ,America/New_York,Yahoo Finance
SECZ,2026-09-24,14.670000076293945,16.559999465942383,14.470000267028809,16.530000686645508,16.530000686645508,10522700,USD,NYQ,America/New_York,Yahoo Finance
SECZ,2026-09-25,16.209999084472656,16.219999313354492,14.829999923706055,15.960000038146973,15.960000038146973,6876400,USD,NYQ,America/New_York,Yahoo Finance
SECZ,2026-09-28,16.0,17.010000228881836,15.569999694824219,16.6299991607666,16.6299991607666,4345800,USD,NYQ,America/New_York,Yahoo Finance
SIG,2026-08-17,89.33000183105469,90.08000183105469,85.58000183105469,86.11000061035156,86.11000061035156,561400,USD,NYQ,America/New_York,Yahoo Finance
SIG,2026-08-18,86.70999908447266,87.13999938964844,84.6500015258789,84.76000213623047,84.76000213623047,504600,USD,NYQ,America/New_York,Yahoo Finance
SIG,2026-08-19,85.58999633789062,88.30000305175781,85.0,85.23999786376953,85.23999786376953,812900,USD,NYQ,America/New_York,Yahoo Finance
SIG,2026-08-20,82.87000274658203,84.83000183105469,79.01000213623047,81.0199966430664,81.0199966430664,1005900,USD,NYQ,America/New_York,Yahoo Finance
SIG,2026-08-21,81.86000061035156,82.16999816894531,80.76000213623047,81.37000274658203,81.37000274658203,643800,USD,NYQ,America/New_York,Yahoo Finance
SIG,2026-08-24,82.0199966430664,84.0999984741211,81.8499984741211,83.44999694824219,83.44999694824219,789700,USD,NYQ,America/New_York,Yahoo Finance
SIG,2026-08-25,83.9000015258789,84.83999633789062,81.05999755859375,84.5999984741211,84.5999984741211,738300,USD,NYQ,America/New_York,Yahoo Finance
SIG,2026-08-26,85.16999816894531,86.08000183105469,83.56999969482422,83.76000213623047,83.76000213623047,499800,USD,NYQ,America/New_York,Yahoo Finance
SIG,2026-08-27,82.69000244140625,83.31999969482422,81.12000274658203,81.83999633789062,81.83999633789062,589400,USD,NYQ,America/New_York,Yahoo Finance
SIG,2026-08-28,82.1500015258789,84.20999908447266,81.70999908447266,82.69999694824219,82.69999694824219,651600,USD,NYQ,America/New_York,Yahoo Finance
SIG,2026-08-31,81.76000213623047,83.30999755859375,81.41000366210938,82.27999877929688,82.27999877929688,581200,USD,NYQ,America/New_York,Yahoo Finance
SIG,2026-09-01,80.87999725341797,82.22000122070312,80.5,81.26000213623047,81.26000213623047,649800,USD,NYQ,America/New_York,Yahoo Finance
SIG,2026-09-02,81.63999938964844,83.29000091552734,80.93000030517578,81.7300033569336,81.7300033569336,694000,USD,NYQ,America/New_York,Yahoo Finance
SIG,2026-09-03,82.95999908447266,83.37000274658203,81.38999938964844,82.0199966430664,82.0199966430664,908000,USD,NYQ,America/New_York,Yahoo Finance
SIG,2026-09-04,81.44000244140625,85.77999877929688,81.44000244140625,85.30000305175781,85.30000305175781,806000,USD,NYQ,America/New_York,Yahoo Finance
SIG,2026-09-08,84.33000183105469,84.86000061035156,80.0,82.66999816894531,82.66999816894531,1680500,USD,NYQ,America/New_York,Yahoo Finance
SIG,2026-09-09,95.01000213623047,103.0,94.33000183105469,102.4800033569336,102.4800033569336,4476800,USD,NYQ,America/New_York,Yahoo Finance
SIG,2026-09-10,103.48999786376953,103.48999786376953,95.33000183105469,97.70999908447266,97.70999908447266,1843300,USD,NYQ,America/New_York,Yahoo Finance
SIG,2026-09-11,97.72000122070312,100.41000366210938,97.1500015258789,100.26000213623047,100.26000213623047,1033300,USD,NYQ,America/New_York,Yahoo Finance
SIG,2026-09-14,97.69000244140625,101.36000061035156,97.3499984741211,100.75,100.75,1352100,USD,NYQ,America/New_York,Yahoo Finance
SIG,2026-09-15,100.73999786376953,101.87999725341797,98.75,99.87000274658203,99.87000274658203,1110300,USD,NYQ,America/New_York,Yahoo Finance
SIG,2026-09-16,101.86000061035156,104.75,99.80000305175781,102.94000244140625,102.94000244140625,1126800,USD,NYQ,America/New_York,Yahoo Finance
SIG,2026-09-17,104.75,104.75,100.66999816894531,101.44999694824219,101.44999694824219,832200,USD,NYQ,America/New_York,Yahoo Finance
SIG,2026-09-18,100.94999694824219,101.52999877929688,98.87999725341797,100.37999725341797,100.37999725341797,1786800,USD,NYQ,America/New_York,Yahoo Finance
SIG,2026-09-21,101.30000305175781,101.41999816894531,97.86000061035156,98.62999725341797,98.62999725341797,950000,USD,NYQ,America/New_York,Yahoo Finance
SIG,2026-09-22,99.76000213623047,103.0999984741211,99.76000213623047,100.41999816894531,100.41999816894531,801800,USD,NYQ,America/New_York,Yahoo Finance
SIG,2026-09-23,99.9800033569336,102.44000244140625,98.94000244140625,100.12000274658203,100.12000274658203,938600,USD,NYQ,America/New_York,Yahoo Finance
SIG,2026-09-24,100.48999786376953,103.23999786376953,99.68000030517578,100.5,100.5,571800,USD,NYQ,America/New_York,Yahoo Finance
SIG,2026-09-25,101.61000061035156,103.3499984741211,100.38999938964844,102.26000213623047,102.26000213623047,604700,USD,NYQ,America/New_York,Yahoo Finance
SIG,2026-09-28,102.29000091552734,104.0,101.52999877929688,103.30000305175781,103.30000305175781,591100,USD,NYQ,America/New_York,Yahoo Finance
SIM,2026-08-17,30.5,30.5,30.5,30.5,30.5,0,USD,ASE,America/New_York,Yahoo Finance
SIM,2026-08-18,27.049999237060547,27.5,27.049999237060547,27.5,27.5,1100,USD,ASE,America/New_York,Yahoo Finance
SIM,2026-08-19,27.5,27.5,27.5,27.5,27.5,0,USD,ASE,America/New_York,Yahoo Finance
SIM,2026-08-20,27.5,27.5,27.5,27.5,27.5,0,USD,ASE,America/New_York,Yahoo Finance
SIM,2026-08-21,29.799999237060547,29.799999237060547,29.5,29.5,29.5,1200,USD,ASE,America/New_York,Yahoo Finance
SIM,2026-08-24,29.5,29.5,29.5,29.5,29.5,0,USD,ASE,America/New_York,Yahoo Finance
SIM,2026-08-25,29.329999923706055,29.329999923706055,29.329999923706055,29.329999923706055,29.329999923706055,1200,USD,ASE,America/New_York,Yahoo Finance
SIM,2026-08-26,30.280000686645508,30.280000686645508,30.280000686645508,30.280000686645508,30.280000686645508,800,USD,ASE,America/New_York,Yahoo Finance
SIM,2026-08-27,30.280000686645508,30.280000686645508,30.280000686645508,30.280000686645508,30.280000686645508,0,USD,ASE,America/New_York,Yahoo Finance
SIM,2026-08-28,30.280000686645508,30.280000686645508,30.280000686645508,30.280000686645508,30.280000686645508,0,USD,ASE,America/New_York,Yahoo Finance
SIM,2026-08-31,30.280000686645508,30.280000686645508,30.280000686645508,30.280000686645508,30.280000686645508,0,USD,ASE,America/New_York,Yahoo Finance
SIM,2026-09-01,30.280000686645508,30.280000686645508,30.280000686645508,30.280000686645508,30.280000686645508,0,USD,ASE,America/New_York,Yahoo Finance
SIM,2026-09-02,30.280000686645508,30.280000686645508,30.280000686645508,30.280000686645508,30.280000686645508,0,USD,ASE,America/New_York,Yahoo Finance
SIM,2026-09-03,27.25,28.799999237060547,27.25,28.799999237060547,28.799999237060547,2400,USD,ASE,America/New_York,Yahoo Finance
SIM,2026-09-04,26.610000610351562,26.610000610351562,26.600000381469727,26.600000381469727,26.600000381469727,1600,USD,ASE,America/New_York,Yahoo Finance
SIM,2026-09-08,26.600000381469727,26.600000381469727,26.600000381469727,26.600000381469727,26.600000381469727,0,USD,ASE,America/New_York,Yahoo Finance
SIM,2026-09-09,26.600000381469727,26.600000381469727,26.600000381469727,26.600000381469727,26.600000381469727,0,USD,ASE,America/New_York,Yahoo Finance
SIM,2026-09-10,26.399999618530273,26.5,26.399999618530273,26.5,26.5,1300,USD,ASE,America/New_York,Yahoo Finance
SIM,2026-09-11,26.399999618530273,26.399999618530273,26.399999618530273,26.399999618530273,26.399999618530273,500,USD,ASE,America/New_York,Yahoo Finance
SIM,2026-09-14,26.399999618530273,26.399999618530273,26.399999618530273,26.399999618530273,26.399999618530273,1000,USD,ASE,America/New_York,Yahoo Finance
SIM,2026-09-15,29.0,30.299999237060547,26.399999618530273,26.399999618530273,26.399999618530273,3600,USD,ASE,America/New_York,Yahoo Finance
SIM,2026-09-16,26.399999618530273,26.399999618530273,26.399999618530273,26.399999618530273,26.399999618530273,0,USD,ASE,America/New_York,Yahoo Finance
SIM,2026-09-17,27.5,27.5,27.5,27.5,27.5,1100,USD,ASE,America/New_York,Yahoo Finance
SIM,2026-09-18,26.0,26.0,26.0,26.0,26.0,1400,USD,ASE,America/New_York,Yahoo Finance
SIM,2026-09-21,26.0,26.0,26.0,26.0,26.0,0,USD,ASE,America/New_York,Yahoo Finance
SIM,2026-09-22,26.0,27.450000762939453,26.0,27.450000762939453,27.450000762939453,1900,USD,ASE,America/New_York,Yahoo Finance
SIM,2026-09-23,27.450000762939453,27.450000762939453,27.450000762939453,27.450000762939453,27.450000762939453,0,USD,ASE,America/New_York,Yahoo Finance
SIM,2026-09-24,28.0,29.899999618530273,28.0,29.899999618530273,29.899999618530273,1400,USD,ASE,America/New_York,Yahoo Finance
SIM,2026-09-25,29.700000762939453,30.0,28.850000381469727,28.850000381469727,28.850000381469727,110100,USD,ASE,America/New_York,Yahoo Finance
SIM,2026-09-28,28.989999771118164,28.989999771118164,28.989999771118164,28.989999771118164,28.989999771118164,2400,USD,ASE,America/New_York,Yahoo Finance
SLBT,2026-08-17,2.7100000381469727,2.759999990463257,2.6600000858306885,2.759999990463257,2.759999990463257,23900,USD,NGM,America/New_York,Yahoo Finance
SLBT,2026-08-18,2.75,2.75,2.700000047683716,2.7200000286102295,2.7200000286102295,18000,USD,NGM,America/New_York,Yahoo Finance
SLBT,2026-08-19,2.700000047683716,2.75,2.6570000648498535,2.6700000762939453,2.6700000762939453,18600,USD,NGM,America/New_York,Yahoo Finance
SLBT,2026-08-20,2.6700000762939453,2.890000104904175,2.6700000762939453,2.7100000381469727,2.7100000381469727,78800,USD,NGM,America/New_York,Yahoo Finance
SLBT,2026-08-21,2.742000102996826,2.8359999656677246,2.6500000953674316,2.6500000953674316,2.6500000953674316,28500,USD,NGM,America/New_York,Yahoo Finance
SLBT,2026-08-24,2.6600000858306885,2.799999952316284,2.5999999046325684,2.7100000381469727,2.7100000381469727,42600,USD,NGM,America/New_York,Yahoo Finance
SLBT,2026-08-25,2.7699999809265137,2.7799999713897705,2.630000114440918,2.640000104904175,2.640000104904175,58900,USD,NGM,America/New_York,Yahoo Finance
SLBT,2026-08-26,2.6600000858306885,2.6600000858306885,2.5999999046325684,2.5999999046325684,2.5999999046325684,20300,USD,NGM,America/New_York,Yahoo Finance
SLBT,2026-08-27,2.5999999046325684,2.6549999713897705,2.509999990463257,2.640000104904175,2.640000104904175,37100,USD,NGM,America/New_York,Yahoo Finance
SLBT,2026-08-28,2.559999942779541,2.75,2.549999952316284,2.700000047683716,2.700000047683716,41000,USD,NGM,America/New_York,Yahoo Finance
SLBT,2026-08-31,2.700000047683716,2.759999990463257,2.640000104904175,2.7300000190734863,2.7300000190734863,16300,USD,NGM,America/New_York,Yahoo Finance
SLBT,2026-09-01,2.6700000762939453,2.7899999618530273,2.6500000953674316,2.7899999618530273,2.7899999618530273,7800,USD,NGM,America/New_York,Yahoo Finance
SLBT,2026-09-02,2.8499999046325684,3.3310000896453857,2.6600000858306885,3.309999942779541,3.309999942779541,113500,USD,NGM,America/New_York,Yahoo Finance
SLBT,2026-09-03,3.069999933242798,3.299999952316284,3.0,3.1500000953674316,3.1500000953674316,115100,USD,NGM,America/New_York,Yahoo Finance
SLBT,2026-09-04,3.1500000953674316,3.1549999713897705,2.880000114440918,2.880000114440918,2.880000114440918,68600,USD,NGM,America/New_York,Yahoo Finance
SLBT,2026-09-08,2.880000114440918,2.940000057220459,2.559999942779541,2.619999885559082,2.619999885559082,109200,USD,NGM,America/New_York,Yahoo Finance
SLBT,2026-09-09,2.619999885559082,2.684999942779541,2.549999952316284,2.609999895095825,2.609999895095825,54200,USD,NGM,America/New_York,Yahoo Finance
SLBT,2026-09-10,2.5799999237060547,2.619999885559082,2.0199999809265137,2.0999999046325684,2.0999999046325684,278000,USD,NGM,America/New_York,Yahoo Finance
SLBT,2026-09-11,2.0899999141693115,2.130000114440918,2.009999990463257,2.059999942779541,2.059999942779541,44000,USD,NGM,America/New_York,Yahoo Finance
SLBT,2026-09-14,2.0199999809265137,2.180000066757202,1.850000023841858,2.069999933242798,2.069999933242798,315300,USD,NGM,America/New_York,Yahoo Finance
SLBT,2026-09-15,2.0399999618530273,2.109999895095825,1.8600000143051147,1.909999966621399,1.909999966621399,60800,USD,NGM,America/New_York,Yahoo Finance
SLBT,2026-09-16,1.909999966621399,1.9299999475479126,1.7400000095367432,1.809999942779541,1.809999942779541,129300,USD,NGM,America/New_York,Yahoo Finance
SLBT,2026-09-17,1.8799999952316284,1.8799999952316284,1.7599999904632568,1.8700000047683716,1.8700000047683716,44400,USD,NGM,America/New_York,Yahoo Finance
SLBT,2026-09-18,1.8200000524520874,1.8899999856948853,1.7100000381469727,1.7200000286102295,1.7200000286102295,60400,USD,NGM,America/New_York,Yahoo Finance
SLBT,2026-09-21,1.7100000381469727,1.8289999961853027,1.659999966621399,1.7200000286102295,1.7200000286102295,56600,USD,NGM,America/New_York,Yahoo Finance
SLBT,2026-09-22,1.7100000381469727,1.774999976158142,1.6799999475479126,1.6799999475479126,1.6799999475479126,28200,USD,NGM,America/New_York,Yahoo Finance
SLBT,2026-09-23,1.690000057220459,1.7050000429153442,1.5950000286102295,1.659999966621399,1.659999966621399,30700,USD,NGM,America/New_York,Yahoo Finance
SLBT,2026-09-24,1.659999966621399,1.6950000524520874,1.5,1.559999942779541,1.559999942779541,83500,USD,NGM,America/New_York,Yahoo Finance
SLBT,2026-09-25,1.559999942779541,1.5920000076293945,1.4199999570846558,1.5700000524520874,1.5700000524520874,284800,USD,NGM,America/New_York,Yahoo Finance
SLBT,2026-09-28,1.6299999952316284,1.975000023841858,1.5499999523162842,1.9299999475479126,1.9299999475479126,281100,USD,NGM,America/New_York,Yahoo Finance
SMMT,2026-08-17,13.050000190734863,13.069999694824219,12.069999694824219,12.779999732971191,12.779999732971191,9878600,USD,NGM,America/New_York,Yahoo Finance
SMMT,2026-08-18,12.600000381469727,13.0,12.529999732971191,12.819999694824219,12.819999694824219,4603900,USD,NGM,America/New_York,Yahoo Finance
SMMT,2026-08-19,13.3100004196167,13.390000343322754,12.920000076293945,13.109999656677246,13.109999656677246,5431200,USD,NGM,America/New_York,Yahoo Finance
SMMT,2026-08-20,13.010000228881836,13.020000457763672,12.28499984741211,12.430000305175781,12.430000305175781,6568700,USD,NGM,America/New_York,Yahoo Finance
SMMT,2026-08-21,12.6899995803833,13.529999732971191,12.569999694824219,13.15999984741211,13.15999984741211,7072900,USD,NGM,America/New_York,Yahoo Finance
SMMT,2026-08-24,13.079999923706055,13.210000038146973,12.220000267028809,12.729999542236328,12.729999542236328,4389300,USD,NGM,America/New_York,Yahoo Finance
SMMT,2026-08-25,13.270000457763672,13.600000381469727,13.050000190734863,13.359999656677246,13.359999656677246,6333700,USD,NGM,America/New_York,Yahoo Finance
SMMT,2026-08-26,14.75,15.100000381469727,14.11400032043457,14.229999542236328,14.229999542236328,11625800,USD,NGM,America/New_York,Yahoo Finance
SMMT,2026-08-27,14.300000190734863,14.649999618530273,13.920000076293945,14.329999923706055,14.329999923706055,4836700,USD,NGM,America/New_York,Yahoo Finance
SMMT,2026-08-28,14.109999656677246,14.239999771118164,13.430000305175781,13.729999542236328,13.729999542236328,3905300,USD,NGM,America/New_York,Yahoo Finance
SMMT,2026-08-31,13.510000228881836,13.729999542236328,13.4399995803833,13.619999885559082,13.619999885559082,5424600,USD,NGM,America/New_York,Yahoo Finance
SMMT,2026-09-01,13.380000114440918,14.475000381469727,13.369999885559082,14.15999984741211,14.15999984741211,4701900,USD,NGM,America/New_York,Yahoo Finance
SMMT,2026-09-02,14.149999618530273,14.720000267028809,14.0600004196167,14.600000381469727,14.600000381469727,3779200,USD,NGM,America/New_York,Yahoo Finance
SMMT,2026-09-03,15.520000457763672,17.350000381469727,15.515000343322754,17.1299991607666,17.1299991607666,14922200,USD,NGM,America/New_York,Yahoo Finance
SMMT,2026-09-04,16.934999465942383,17.6299991607666,16.799999237060547,17.604999542236328,17.604999542236328,6946100,USD,NGM,America/New_York,Yahoo Finance
SMMT,2026-09-08,17.43000030517578,17.690000534057617,16.966999053955078,17.280000686645508,17.280000686645508,7353200,USD,NGM,America/New_York,Yahoo Finance
SMMT,2026-09-09,18.204999923706055,18.32200050354004,17.239999771118164,17.540000915527344,17.540000915527344,4802300,USD,NGM,America/New_York,Yahoo Finance
SMMT,2026-09-10,17.299999237060547,17.621000289916992,16.799999237060547,17.0,17.0,4220400,USD,NGM,America/New_York,Yahoo Finance
SMMT,2026-09-11,17.200000762939453,17.700000762939453,17.13800048828125,17.549999237060547,17.549999237060547,4275200,USD,NGM,America/New_York,Yahoo Finance
SMMT,2026-09-14,18.06999969482422,18.829999923706055,17.969999313354492,18.420000076293945,18.420000076293945,7059000,USD,NGM,America/New_York,Yahoo Finance
SMMT,2026-09-15,18.15999984741211,18.469999313354492,17.110000610351562,17.399999618530273,17.399999618530273,5794700,USD,NGM,America/New_York,Yahoo Finance
SMMT,2026-09-16,17.5,17.75,17.110000610351562,17.299999237060547,17.299999237060547,6087500,USD,NGM,America/New_York,Yahoo Finance
SMMT,2026-09-17,17.729999542236328,18.100000381469727,17.420000076293945,17.719999313354492,17.719999313354492,6133500,USD,NGM,America/New_York,Yahoo Finance
SMMT,2026-09-18,17.735000610351562,17.8700008392334,17.309999465942383,17.850000381469727,17.850000381469727,13059500,USD,NGM,America/New_York,Yahoo Finance
SMMT,2026-09-21,18.399999618530273,18.420000076293945,16.639999389648438,16.899999618530273,16.899999618530273,5777800,USD,NGM,America/New_York,Yahoo Finance
SMMT,2026-09-22,16.969999313354492,17.5,16.790000915527344,17.1200008392334,17.1200008392334,4617200,USD,NGM,America/New_York,Yahoo Finance
SMMT,2026-09-23,17.100000381469727,17.459999084472656,16.25,16.450000762939453,16.450000762939453,3889800,USD,NGM,America/New_York,Yahoo Finance
SMMT,2026-09-24,16.3700008392334,16.780000686645508,16.09000015258789,16.3799991607666,16.3799991607666,5044600,USD,NGM,America/New_York,Yahoo Finance
SMMT,2026-09-25,16.450000762939453,16.58099937438965,15.550000190734863,15.609999656677246,15.609999656677246,3800400,USD,NGM,America/New_York,Yahoo Finance
SMMT,2026-09-28,15.5,15.819999694824219,15.180000305175781,15.479999542236328,15.479999542236328,5507700,USD,NGM,America/New_York,Yahoo Finance
STE,2026-08-17,230.58999633789062,232.36000061035156,229.36000061035156,229.75,229.05111694335938,668300,USD,NYQ,America/New_York,Yahoo Finance
STE,2026-08-18,232.64999389648438,234.3000030517578,230.86000061035156,232.38999938964844,231.68309020996094,657900,USD,NYQ,America/New_York,Yahoo Finance
STE,2026-08-19,233.86000061035156,238.74000549316406,233.82000732421875,236.91000366210938,236.18934631347656,706300,USD,NYQ,America/New_York,Yahoo Finance
STE,2026-08-20,235.75,238.77999877929688,235.11000061035156,235.74000549316406,235.0229034423828,565400,USD,NYQ,America/New_York,Yahoo Finance
STE,2026-08-21,235.47000122070312,238.58999633789062,235.47000122070312,237.92999267578125,237.2062225341797,440100,USD,NYQ,America/New_York,Yahoo Finance
STE,2026-08-24,237.61000061035156,240.0,235.1300048828125,237.8699951171875,237.1464080810547,361000,USD,NYQ,America/New_York,Yahoo Finance
STE,2026-08-25,237.0,240.33999633789062,235.02000427246094,236.44000244140625,235.72076416015625,906700,USD,NYQ,America/New_York,Yahoo Finance
STE,2026-08-26,234.6699981689453,237.42999267578125,234.35000610351562,236.77000427246094,236.04977416992188,547400,USD,NYQ,America/New_York,Yahoo Finance
STE,2026-08-27,235.25,236.1199951171875,232.80999755859375,232.97000122070312,232.26132202148438,532600,USD,NYQ,America/New_York,Yahoo Finance
STE,2026-08-28,233.0,234.07000732421875,230.57000732421875,233.77999877929688,233.06886291503906,339500,USD,NYQ,America/New_York,Yahoo Finance
STE,2026-08-31,231.69000244140625,233.05999755859375,229.85000610351562,232.63999938964844,231.9323272705078,860200,USD,NYQ,America/New_York,Yahoo Finance
STE,2026-09-01,233.8800048828125,234.5,228.9600067138672,229.64999389648438,228.951416015625,558500,USD,NYQ,America/New_York,Yahoo Finance
STE,2026-09-02,229.22999572753906,236.08999633789062,225.5500030517578,230.35000610351562,229.6492919921875,468500,USD,NYQ,America/New_York,Yahoo Finance
STE,2026-09-03,231.5500030517578,233.27999877929688,225.89999389648438,226.8300018310547,226.13999938964844,519700,USD,NYQ,America/New_York,Yahoo Finance
STE,2026-09-04,223.1999969482422,225.44000244140625,221.44000244140625,224.58999633789062,224.58999633789062,568000,USD,NYQ,America/New_York,Yahoo Finance
STE,2026-09-08,221.92999267578125,222.97000122070312,217.32000732421875,218.44000244140625,218.44000244140625,670600,USD,NYQ,America/New_York,Yahoo Finance
STE,2026-09-09,216.99000549316406,218.25,213.2899932861328,215.08999633789062,215.08999633789062,499100,USD,NYQ,America/New_York,Yahoo Finance
STE,2026-09-10,213.52000427246094,214.52000427246094,211.35000610351562,212.4499969482422,212.4499969482422,691900,USD,NYQ,America/New_York,Yahoo Finance
STE,2026-09-11,214.0,214.2100067138672,209.58999633789062,210.75999450683594,210.75999450683594,595400,USD,NYQ,America/New_York,Yahoo Finance
STE,2026-09-14,213.9199981689453,216.6699981689453,210.8000030517578,213.66000366210938,213.66000366210938,742400,USD,NYQ,America/New_York,Yahoo Finance
STE,2026-09-15,212.63999938964844,214.02000427246094,210.19000244140625,210.27999877929688,210.27999877929688,779000,USD,NYQ,America/New_York,Yahoo Finance
STE,2026-09-16,209.33999633789062,213.47999572753906,208.33999633789062,209.89999389648438,209.89999389648438,639500,USD,NYQ,America/New_York,Yahoo Finance
STE,2026-09-17,210.80999755859375,210.82000732421875,206.97000122070312,208.0399932861328,208.0399932861328,765500,USD,NYQ,America/New_York,Yahoo Finance
STE,2026-09-18,206.24000549316406,207.6999969482422,205.0,205.0399932861328,205.0399932861328,1543400,USD,NYQ,America/New_York,Yahoo Finance
STE,2026-09-21,205.36000061035156,207.4600067138672,203.32000732421875,206.97000122070312,206.97000122070312,984600,USD,NYQ,America/New_York,Yahoo Finance
STE,2026-09-22,208.97999572753906,209.1199951171875,205.2100067138672,208.7899932861328,208.7899932861328,624600,USD,NYQ,America/New_York,Yahoo Finance
STE,2026-09-23,208.41000366210938,210.3300018310547,207.07000732421875,209.97999572753906,209.97999572753906,534000,USD,NYQ,America/New_York,Yahoo Finance
STE,2026-09-24,210.0500030517578,211.4499969482422,208.57000732421875,208.77000427246094,208.77000427246094,524400,USD,NYQ,America/New_York,Yahoo Finance
STE,2026-09-25,208.11000061035156,209.69000244140625,207.2100067138672,208.92999267578125,208.92999267578125,447100,USD,NYQ,America/New_York,Yahoo Finance
STE,2026-09-28,208.75999450683594,211.6300048828125,206.72000122070312,211.0,211.0,493600,USD,NYQ,America/New_York,Yahoo Finance
STT,2026-08-17,191.39999389648438,195.17999267578125,191.00999450683594,193.0399932861328,193.0399932861328,1569200,USD,NYQ,America/New_York,Yahoo Finance
STT,2026-08-18,192.77000427246094,193.17999267578125,190.97999572753906,191.8699951171875,191.8699951171875,1041900,USD,NYQ,America/New_York,Yahoo Finance
STT,2026-08-19,192.77999877929688,193.30999755859375,185.27000427246094,185.80999755859375,185.80999755859375,1664000,USD,NYQ,America/New_York,Yahoo Finance
STT,2026-08-20,185.27000427246094,187.7899932861328,182.9600067138672,183.07000732421875,183.07000732421875,1381000,USD,NYQ,America/New_York,Yahoo Finance
STT,2026-08-21,185.08999633789062,187.4199981689453,185.02999877929688,187.1300048828125,187.1300048828125,1592100,USD,NYQ,America/New_York,Yahoo Finance
STT,2026-08-24,187.14999389648438,191.3800048828125,187.00999450683594,190.9199981689453,190.9199981689453,1664600,USD,NYQ,America/New_York,Yahoo Finance
STT,2026-08-25,190.94000244140625,193.50999450683594,189.36000061035156,192.9499969482422,192.9499969482422,1181500,USD,NYQ,America/New_York,Yahoo Finance
STT,2026-08-26,193.13999938964844,194.52000427246094,191.11000061035156,193.6199951171875,193.6199951171875,1052900,USD,NYQ,America/New_York,Yahoo Finance
STT,2026-08-27,192.77999877929688,195.92999267578125,192.36000061035156,193.3699951171875,193.3699951171875,965100,USD,NYQ,America/New_York,Yahoo Finance
STT,2026-08-28,193.91000366210938,194.25,192.13999938964844,193.3300018310547,193.3300018310547,627400,USD,NYQ,America/New_York,Yahoo Finance
STT,2026-08-31,193.3300018310547,194.27999877929688,190.8000030517578,191.3800048828125,191.3800048828125,1843300,USD,NYQ,America/New_York,Yahoo Finance
STT,2026-09-01,189.77999877929688,191.86000061035156,186.7100067138672,187.7899932861328,187.7899932861328,1179100,USD,NYQ,America/New_York,Yahoo Finance
STT,2026-09-02,187.5800018310547,192.8699951171875,187.5800018310547,190.0399932861328,190.0399932861328,1126400,USD,NYQ,America/New_York,Yahoo Finance
STT,2026-09-03,191.92999267578125,194.2899932861328,191.25999450683594,193.94000244140625,193.94000244140625,1524900,USD,NYQ,America/New_York,Yahoo Finance
STT,2026-09-04,192.1300048828125,195.39999389648438,192.1300048828125,194.25999450683594,194.25999450683594,1127400,USD,NYQ,America/New_York,Yahoo Finance
STT,2026-09-08,193.08999633789062,194.52000427246094,190.88999938964844,191.8800048828125,191.8800048828125,1554200,USD,NYQ,America/New_York,Yahoo Finance
STT,2026-09-09,190.89999389648438,193.6300048828125,189.3800048828125,191.88999938964844,191.88999938964844,1389800,USD,NYQ,America/New_York,Yahoo Finance
STT,2026-09-10,191.42999267578125,192.89999389648438,190.8300018310547,191.3000030517578,191.3000030517578,1169100,USD,NYQ,America/New_York,Yahoo Finance
STT,2026-09-11,194.0500030517578,194.52000427246094,191.0,193.39999389648438,193.39999389648438,1645200,USD,NYQ,America/New_York,Yahoo Finance
STT,2026-09-14,191.25,192.02000427246094,186.33999633789062,188.16000366210938,188.16000366210938,2391200,USD,NYQ,America/New_York,Yahoo Finance
STT,2026-09-15,187.4499969482422,187.4499969482422,181.50999450683594,185.1300048828125,185.1300048828125,1847600,USD,NYQ,America/New_York,Yahoo Finance
STT,2026-09-16,185.8000030517578,187.11000061035156,180.4600067138672,182.89999389648438,182.89999389648438,1860300,USD,NYQ,America/New_York,Yahoo Finance
STT,2026-09-17,185.30999755859375,185.47000122070312,182.2100067138672,183.07000732421875,183.07000732421875,1464500,USD,NYQ,America/New_York,Yahoo Finance
STT,2026-09-18,182.02000427246094,183.10000610351562,180.50999450683594,182.8699951171875,182.8699951171875,5572800,USD,NYQ,America/New_York,Yahoo Finance
STT,2026-09-21,185.00999450683594,185.4600067138672,183.0500030517578,184.39999389648438,184.39999389648438,1668000,USD,NYQ,America/New_York,Yahoo Finance
STT,2026-09-22,184.0,184.00999450683594,176.9600067138672,180.25,180.25,3990400,USD,NYQ,America/New_York,Yahoo Finance
STT,2026-09-23,179.10000610351562,182.86000061035156,178.85000610351562,179.9499969482422,179.9499969482422,2235400,USD,NYQ,America/New_York,Yahoo Finance
STT,2026-09-24,180.52000427246094,182.1699981689453,179.08999633789062,181.08999633789062,181.08999633789062,3492400,USD,NYQ,America/New_York,Yahoo Finance
STT,2026-09-25,181.5800018310547,182.92999267578125,179.5,181.33999633789062,181.33999633789062,1424200,USD,NYQ,America/New_York,Yahoo Finance
STT,2026-09-28,180.5500030517578,181.24000549316406,179.4199981689453,179.72999572753906,179.72999572753906,1875300,USD,NYQ,America/New_York,Yahoo Finance
STWD,2026-08-17,16.200000762939453,16.280000686645508,16.149999618530273,16.239999771118164,16.239999771118164,3809200,USD,NYQ,America/New_York,Yahoo Finance
STWD,2026-08-18,16.219999313354492,16.290000915527344,16.059999465942383,16.239999771118164,16.239999771118164,3128900,USD,NYQ,America/New_York,Yahoo Finance
STWD,2026-08-19,16.350000381469727,16.709999084472656,16.329999923706055,16.559999465942383,16.559999465942383,4617500,USD,NYQ,America/New_York,Yahoo Finance
STWD,2026-08-20,16.5,16.610000610351562,16.40999984741211,16.40999984741211,16.40999984741211,2791100,USD,NYQ,America/New_York,Yahoo Finance
STWD,2026-08-21,16.43000030517578,16.489999771118164,16.34000015258789,16.3799991607666,16.3799991607666,2987800,USD,NYQ,America/New_York,Yahoo Finance
STWD,2026-08-24,16.450000762939453,16.520000457763672,16.229999542236328,16.290000915527344,16.290000915527344,4389700,USD,NYQ,America/New_York,Yahoo Finance
STWD,2026-08-25,16.309999465942383,16.360000610351562,16.110000610351562,16.1200008392334,16.1200008392334,2661900,USD,NYQ,America/New_York,Yahoo Finance
STWD,2026-08-26,16.149999618530273,16.170000076293945,15.90999984741211,15.90999984741211,15.90999984741211,3357400,USD,NYQ,America/New_York,Yahoo Finance
STWD,2026-08-27,15.899999618530273,16.020000457763672,15.800000190734863,15.9399995803833,15.9399995803833,3053500,USD,NYQ,America/New_York,Yahoo Finance
STWD,2026-08-28,16.010000228881836,16.030000686645508,15.75,15.8100004196167,15.8100004196167,3732300,USD,NYQ,America/New_York,Yahoo Finance
STWD,2026-08-31,15.779999732971191,15.899999618530273,15.680000305175781,15.699999809265137,15.699999809265137,4539000,USD,NYQ,America/New_York,Yahoo Finance
STWD,2026-09-01,15.680000305175781,15.699999809265137,15.489999771118164,15.529999732971191,15.529999732971191,5287300,USD,NYQ,America/New_York,Yahoo Finance
STWD,2026-09-02,15.5600004196167,15.850000381469727,15.5600004196167,15.819999694824219,15.819999694824219,4075600,USD,NYQ,America/New_York,Yahoo Finance
STWD,2026-09-03,15.960000038146973,16.030000686645508,15.710000038146973,15.880000114440918,15.880000114440918,4108500,USD,NYQ,America/New_York,Yahoo Finance
STWD,2026-09-04,15.789999961853027,16.18000030517578,15.789999961853027,16.079999923706055,16.079999923706055,3829200,USD,NYQ,America/New_York,Yahoo Finance
STWD,2026-09-08,16.049999237060547,16.1200008392334,15.869999885559082,15.880000114440918,15.880000114440918,3562000,USD,NYQ,America/New_York,Yahoo Finance
STWD,2026-09-09,15.880000114440918,16.020000457763672,15.8100004196167,15.869999885559082,15.869999885559082,3852000,USD,NYQ,America/New_York,Yahoo Finance
STWD,2026-09-10,15.800000190734863,15.8100004196167,15.470000267028809,15.619999885559082,15.619999885559082,4632200,USD,NYQ,America/New_York,Yahoo Finance
STWD,2026-09-11,15.65999984741211,15.760000228881836,15.569999694824219,15.619999885559082,15.619999885559082,3796100,USD,NYQ,America/New_York,Yahoo Finance
STWD,2026-09-14,15.600000381469727,15.770000457763672,15.350000381469727,15.4399995803833,15.4399995803833,3691000,USD,NYQ,America/New_York,Yahoo Finance
STWD,2026-09-15,15.4399995803833,15.4399995803833,15.170000076293945,15.199999809265137,15.199999809265137,4163800,USD,NYQ,America/New_York,Yahoo Finance
STWD,2026-09-16,15.210000038146973,15.289999961853027,14.890000343322754,14.979999542236328,14.979999542236328,4373900,USD,NYQ,America/New_York,Yahoo Finance
STWD,2026-09-17,15.149999618530273,15.270000457763672,15.050000190734863,15.079999923706055,15.079999923706055,3729900,USD,NYQ,America/New_York,Yahoo Finance
STWD,2026-09-18,15.079999923706055,15.109999656677246,14.9399995803833,14.9399995803833,14.9399995803833,9242500,USD,NYQ,America/New_York,Yahoo Finance
STWD,2026-09-21,15.020000457763672,15.119999885559082,14.979999542236328,15.0,15.0,3985000,USD,NYQ,America/New_York,Yahoo Finance
STWD,2026-09-22,15.100000381469727,15.229999542236328,15.039999961853027,15.100000381469727,15.100000381469727,3589900,USD,NYQ,America/New_York,Yahoo Finance
STWD,2026-09-23,15.079999923706055,15.079999923706055,14.670000076293945,14.699999809265137,14.699999809265137,4633500,USD,NYQ,America/New_York,Yahoo Finance
STWD,2026-09-24,14.75,14.789999961853027,14.329999923706055,14.359999656677246,14.359999656677246,5706900,USD,NYQ,America/New_York,Yahoo Finance
STWD,2026-09-25,14.369999885559082,14.420000076293945,14.260000228881836,14.359999656677246,14.359999656677246,4143900,USD,NYQ,America/New_York,Yahoo Finance
STWD,2026-09-28,14.300000190734863,14.390000343322754,14.149999618530273,14.319999694824219,14.319999694824219,5929600,USD,NYQ,America/New_York,Yahoo Finance
SUNC,2026-08-17,76.1500015258789,76.5999984741211,75.43000030517578,75.45999908447266,75.45999908447266,478400,USD,NYQ,America/New_York,Yahoo Finance
SUNC,2026-08-18,76.44000244140625,78.12000274658203,75.68000030517578,77.93000030517578,77.93000030517578,913300,USD,NYQ,America/New_York,Yahoo Finance
SUNC,2026-08-19,78.22000122070312,78.8479995727539,76.47000122070312,77.02999877929688,77.02999877929688,591700,USD,NYQ,America/New_York,Yahoo Finance
SUNC,2026-08-20,77.87000274658203,78.22000122070312,76.22000122070312,76.69999694824219,76.69999694824219,732500,USD,NYQ,America/New_York,Yahoo Finance
SUNC,2026-08-21,77.06999969482422,77.55999755859375,76.0199966430664,77.26000213623047,77.26000213623047,333900,USD,NYQ,America/New_York,Yahoo Finance
SUNC,2026-08-24,76.7699966430664,77.5199966430664,76.20999908447266,77.41000366210938,77.41000366210938,376700,USD,NYQ,America/New_York,Yahoo Finance
SUNC,2026-08-25,76.76000213623047,76.99500274658203,75.69999694824219,75.83000183105469,75.83000183105469,214800,USD,NYQ,America/New_York,Yahoo Finance
SUNC,2026-08-26,75.69999694824219,76.91000366210938,75.55000305175781,76.23999786376953,76.23999786376953,369600,USD,NYQ,America/New_York,Yahoo Finance
SUNC,2026-08-27,75.7300033569336,76.94999694824219,74.68000030517578,76.73999786376953,76.73999786376953,206400,USD,NYQ,America/New_York,Yahoo Finance
SUNC,2026-08-28,76.61000061035156,77.08000183105469,75.68499755859375,76.33999633789062,76.33999633789062,424800,USD,NYQ,America/New_York,Yahoo Finance
SUNC,2026-08-31,77.29000091552734,77.7699966430664,75.49500274658203,77.69999694824219,77.69999694824219,486700,USD,NYQ,America/New_York,Yahoo Finance
SUNC,2026-09-01,78.47000122070312,78.8499984741211,77.06999969482422,78.62999725341797,78.62999725341797,423400,USD,NYQ,America/New_York,Yahoo Finance
SUNC,2026-09-02,77.94000244140625,78.66999816894531,77.16999816894531,78.01000213623047,78.01000213623047,508100,USD,NYQ,America/New_York,Yahoo Finance
SUNC,2026-09-03,78.05999755859375,78.37000274658203,76.94999694824219,77.8499984741211,77.8499984741211,538800,USD,NYQ,America/New_York,Yahoo Finance
SUNC,2026-09-04,77.33000183105469,79.83000183105469,77.06999969482422,79.55000305175781,79.55000305175781,429600,USD,NYQ,America/New_York,Yahoo Finance
SUNC,2026-09-08,80.0,82.05000305175781,79.25499725341797,81.5199966430664,81.5199966430664,762500,USD,NYQ,America/New_York,Yahoo Finance
SUNC,2026-09-09,81.98999786376953,82.66000366210938,81.16999816894531,82.37999725341797,82.37999725341797,844500,USD,NYQ,America/New_York,Yahoo Finance
SUNC,2026-09-10,83.5,83.5,81.18000030517578,81.18000030517578,81.18000030517578,994400,USD,NYQ,America/New_York,Yahoo Finance
SUNC,2026-09-11,80.81999969482422,82.1500015258789,80.81999969482422,81.16000366210938,81.16000366210938,564800,USD,NYQ,America/New_York,Yahoo Finance
SUNC,2026-09-14,81.80999755859375,83.19999694824219,80.7300033569336,80.94000244140625,80.94000244140625,412000,USD,NYQ,America/New_York,Yahoo Finance
SUNC,2026-09-15,81.36000061035156,82.4000015258789,80.86000061035156,81.30000305175781,81.30000305175781,352300,USD,NYQ,America/New_York,Yahoo Finance
SUNC,2026-09-16,80.9000015258789,81.91000366210938,80.05999755859375,81.36000061035156,81.36000061035156,677000,USD,NYQ,America/New_York,Yahoo Finance
SUNC,2026-09-17,81.05999755859375,81.95999908447266,80.12999725341797,80.36000061035156,80.36000061035156,583700,USD,NYQ,America/New_York,Yahoo Finance
SUNC,2026-09-18,80.36000061035156,81.52999877929688,79.94999694824219,81.4000015258789,81.4000015258789,369200,USD,NYQ,America/New_York,Yahoo Finance
SUNC,2026-09-21,80.66000366210938,81.25,77.30999755859375,77.5199966430664,77.5199966430664,382500,USD,NYQ,America/New_York,Yahoo Finance
SUNC,2026-09-22,76.5199966430664,77.5999984741211,75.51000213623047,75.7699966430664,75.7699966430664,369700,USD,NYQ,America/New_York,Yahoo Finance
SUNC,2026-09-23,76.69999694824219,78.13500213623047,75.98999786376953,77.30000305175781,77.30000305175781,366800,USD,NYQ,America/New_York,Yahoo Finance
SUNC,2026-09-24,78.18000030517578,78.88999938964844,76.63999938964844,77.27999877929688,77.27999877929688,588000,USD,NYQ,America/New_York,Yahoo Finance
SUNC,2026-09-25,77.11000061035156,77.11000061035156,75.2229995727539,76.31999969482422,76.31999969482422,379700,USD,NYQ,America/New_York,Yahoo Finance
SUNC,2026-09-28,76.8499984741211,76.8499984741211,75.125,75.30999755859375,75.30999755859375,382900,USD,NYQ,America/New_York,Yahoo Finance
SYRE,2026-08-17,102.94000244140625,104.95999908447266,102.26000213623047,104.5999984741211,104.5999984741211,891500,USD,NMS,America/New_York,Yahoo Finance
SYRE,2026-08-18,102.45999908447266,108.62000274658203,101.43900299072266,107.81999969482422,107.81999969482422,949400,USD,NMS,America/New_York,Yahoo Finance
SYRE,2026-08-19,110.0,110.17500305175781,104.16999816894531,108.91999816894531,108.91999816894531,1166000,USD,NMS,America/New_York,Yahoo Finance
SYRE,2026-08-20,106.5999984741211,108.18000030517578,104.55999755859375,107.79000091552734,107.79000091552734,700600,USD,NMS,America/New_York,Yahoo Finance
SYRE,2026-08-21,108.8499984741211,110.0,105.70999908447266,106.48999786376953,106.48999786376953,1014900,USD,NMS,America/New_York,Yahoo Finance
SYRE,2026-08-24,106.48999786376953,108.0199966430664,104.94000244140625,106.6500015258789,106.6500015258789,640600,USD,NMS,America/New_York,Yahoo Finance
SYRE,2026-08-25,109.0199966430664,110.1500015258789,106.94000244140625,107.36000061035156,107.36000061035156,923600,USD,NMS,America/New_York,Yahoo Finance
SYRE,2026-08-26,92.41000366210938,96.22000122070312,90.5999984741211,93.6050033569336,93.6050033569336,3114200,USD,NMS,America/New_York,Yahoo Finance
SYRE,2026-08-27,93.61000061035156,94.94499969482422,91.25,93.61499786376953,93.61499786376953,1165300,USD,NMS,America/New_York,Yahoo Finance
SYRE,2026-08-28,91.75,93.38999938964844,89.44999694824219,90.36000061035156,90.36000061035156,1266500,USD,NMS,America/New_York,Yahoo Finance
SYRE,2026-08-31,89.1500015258789,90.96499633789062,86.4000015258789,89.33000183105469,89.33000183105469,1913200,USD,NMS,America/New_York,Yahoo Finance
SYRE,2026-09-01,87.05999755859375,90.0,85.0,88.5,88.5,1429000,USD,NMS,America/New_York,Yahoo Finance
SYRE,2026-09-02,88.05000305175781,90.18000030517578,84.0,87.05000305175781,87.05000305175781,1361500,USD,NMS,America/New_York,Yahoo Finance
SYRE,2026-09-03,86.70999908447266,87.9000015258789,85.7750015258789,87.25,87.25,1054200,USD,NMS,America/New_York,Yahoo Finance
SYRE,2026-09-04,86.44999694824219,89.18000030517578,84.68000030517578,88.9800033569336,88.9800033569336,803800,USD,NMS,America/New_York,Yahoo Finance
SYRE,2026-09-08,85.00199890136719,92.0999984741211,85.0,90.79000091552734,90.79000091552734,1248800,USD,NMS,America/New_York,Yahoo Finance
SYRE,2026-09-09,88.06999969482422,89.56999969482422,86.8499984741211,86.93000030517578,86.93000030517578,1005800,USD,NMS,America/New_York,Yahoo Finance
SYRE,2026-09-10,85.55999755859375,88.72000122070312,85.26000213623047,88.70999908447266,88.70999908447266,902400,USD,NMS,America/New_York,Yahoo Finance
SYRE,2026-09-11,90.0,91.40499877929688,87.88999938964844,90.5999984741211,90.5999984741211,886100,USD,NMS,America/New_York,Yahoo Finance
SYRE,2026-09-14,90.20999908447266,91.40299987792969,89.43000030517578,90.80000305175781,90.80000305175781,1101200,USD,NMS,America/New_York,Yahoo Finance
SYRE,2026-09-15,90.81999969482422,91.06999969482422,88.47000122070312,90.94999694824219,90.94999694824219,858500,USD,NMS,America/New_York,Yahoo Finance
SYRE,2026-09-16,91.37999725341797,93.06500244140625,90.4800033569336,91.16999816894531,91.16999816894531,1257600,USD,NMS,America/New_York,Yahoo Finance
SYRE,2026-09-17,92.86000061035156,95.19000244140625,91.13999938964844,92.68000030517578,92.68000030517578,1438900,USD,NMS,America/New_York,Yahoo Finance
SYRE,2026-09-18,92.81999969482422,93.33999633789062,89.8499984741211,90.25,90.25,3357100,USD,NMS,America/New_York,Yahoo Finance
SYRE,2026-09-21,91.06999969482422,94.05500030517578,89.6500015258789,92.02999877929688,92.02999877929688,1448700,USD,NMS,America/New_York,Yahoo Finance
SYRE,2026-09-22,91.52999877929688,93.58000183105469,89.9000015258789,91.97000122070312,91.97000122070312,1223400,USD,NMS,America/New_York,Yahoo Finance
SYRE,2026-09-23,91.55999755859375,91.55999755859375,86.30000305175781,88.16999816894531,88.16999816894531,918800,USD,NMS,America/New_York,Yahoo Finance
SYRE,2026-09-24,87.45999908447266,87.45999908447266,82.93000030517578,87.08999633789062,87.08999633789062,1729600,USD,NMS,America/New_York,Yahoo Finance
SYRE,2026-09-25,88.0999984741211,88.0999984741211,85.62999725341797,85.69000244140625,85.69000244140625,560100,USD,NMS,America/New_York,Yahoo Finance
SYRE,2026-09-28,84.72000122070312,87.12300109863281,84.0,85.79000091552734,85.79000091552734,1045400,USD,NMS,America/New_York,Yahoo Finance
TAP-A,2026-08-17,41.75,41.75,41.75,41.75,41.29966354370117,0,USD,NYQ,America/New_York,Yahoo Finance
TAP-A,2026-08-18,41.75,41.75,41.75,41.75,41.29966354370117,0,USD,NYQ,America/New_York,Yahoo Finance
TAP-A,2026-08-19,41.7599983215332,41.7599983215332,41.7599983215332,41.7599983215332,41.30955123901367,500,USD,NYQ,America/New_York,Yahoo Finance
TAP-A,2026-08-20,41.7599983215332,41.7599983215332,41.7599983215332,41.7599983215332,41.30955123901367,0,USD,NYQ,America/New_York,Yahoo Finance
TAP-A,2026-08-21,41.7599983215332,41.7599983215332,41.7599983215332,41.7599983215332,41.30955123901367,0,USD,NYQ,America/New_York,Yahoo Finance
TAP-A,2026-08-24,45.119998931884766,45.119998931884766,44.5,44.5,44.02000045776367,600,USD,NYQ,America/New_York,Yahoo Finance
TAP-A,2026-08-25,44.5,44.5,44.5,44.5,44.02000045776367,500,USD,NYQ,America/New_York,Yahoo Finance
TAP-A,2026-08-26,44.5,44.5,44.5,44.5,44.02000045776367,0,USD,NYQ,America/New_York,Yahoo Finance
TAP-A,2026-08-27,44.5,44.5,44.5,44.5,44.02000045776367,0,USD,NYQ,America/New_York,Yahoo Finance
TAP-A,2026-08-28,47.810001373291016,47.810001373291016,47.810001373291016,47.810001373291016,47.810001373291016,500,USD,NYQ,America/New_York,Yahoo Finance
TAP-A,2026-08-31,47.959999084472656,47.959999084472656,47.959999084472656,47.959999084472656,47.959999084472656,400,USD,NYQ,America/New_York,Yahoo Finance
TAP-A,2026-09-01,47.959999084472656,47.959999084472656,47.959999084472656,47.959999084472656,47.959999084472656,0,USD,NYQ,America/New_York,Yahoo Finance
TAP-A,2026-09-02,47.959999084472656,47.959999084472656,47.959999084472656,47.959999084472656,47.959999084472656,0,USD,NYQ,America/New_York,Yahoo Finance
TAP-A,2026-09-03,47.959999084472656,47.959999084472656,47.959999084472656,47.959999084472656,47.959999084472656,0,USD,NYQ,America/New_York,Yahoo Finance
TAP-A,2026-09-04,47.959999084472656,47.959999084472656,47.959999084472656,47.959999084472656,47.959999084472656,0,USD,NYQ,America/New_York,Yahoo Finance
TAP-A,2026-09-08,47.959999084472656,47.959999084472656,47.959999084472656,47.959999084472656,47.959999084472656,0,USD,NYQ,America/New_York,Yahoo Finance
TAP-A,2026-09-09,50.0,50.0,42.04999923706055,42.04999923706055,42.04999923706055,4700,USD,NYQ,America/New_York,Yahoo Finance
TAP-A,2026-09-10,42.29999923706055,42.29999923706055,41.810001373291016,42.13999938964844,42.13999938964844,400,USD,NYQ,America/New_York,Yahoo Finance
TAP-A,2026-09-11,42.13999938964844,42.13999938964844,42.13999938964844,42.13999938964844,42.13999938964844,0,USD,NYQ,America/New_York,Yahoo Finance
TAP-A,2026-09-14,42.13999938964844,42.13999938964844,42.13999938964844,42.13999938964844,42.13999938964844,0,USD,NYQ,America/New_York,Yahoo Finance
TAP-A,2026-09-15,42.11000061035156,42.11000061035156,42.11000061035156,42.11000061035156,42.11000061035156,700,USD,NYQ,America/New_York,Yahoo Finance
TAP-A,2026-09-16,42.11000061035156,42.11000061035156,42.11000061035156,42.11000061035156,42.11000061035156,0,USD,NYQ,America/New_York,Yahoo Finance
TAP-A,2026-09-17,42.11000061035156,42.11000061035156,42.11000061035156,42.11000061035156,42.11000061035156,0,USD,NYQ,America/New_York,Yahoo Finance
TAP-A,2026-09-18,41.959999084472656,41.959999084472656,41.959999084472656,41.959999084472656,41.959999084472656,200,USD,NYQ,America/New_York,Yahoo Finance
TAP-A,2026-09-21,41.22999954223633,41.22999954223633,41.22999954223633,41.22999954223633,41.22999954223633,300,USD,NYQ,America/New_York,Yahoo Finance
TAP-A,2026-09-22,41.22999954223633,41.22999954223633,41.22999954223633,41.22999954223633,41.22999954223633,0,USD,NYQ,America/New_York,Yahoo Finance
TAP-A,2026-09-23,41.22999954223633,41.22999954223633,41.22999954223633,41.22999954223633,41.22999954223633,0,USD,NYQ,America/New_York,Yahoo Finance
TAP-A,2026-09-24,41.22999954223633,41.22999954223633,41.22999954223633,41.22999954223633,41.22999954223633,0,USD,NYQ,America/New_York,Yahoo Finance
TAP-A,2026-09-25,39.529998779296875,39.529998779296875,39.52000045776367,39.52000045776367,39.52000045776367,400,USD,NYQ,America/New_York,Yahoo Finance
TAP-A,2026-09-28,39.52000045776367,39.52000045776367,39.52000045776367,39.52000045776367,39.52000045776367,0,USD,NYQ,America/New_York,Yahoo Finance
TCBK,2026-08-17,57.56999969482422,57.849998474121094,57.189998626708984,57.459999084472656,57.07457733154297,366800,USD,NMS,America/New_York,Yahoo Finance
TCBK,2026-08-18,57.650001525878906,57.81999969482422,56.61000061035156,56.70000076293945,56.31967544555664,284300,USD,NMS,America/New_York,Yahoo Finance
TCBK,2026-08-19,56.95000076293945,56.959999084472656,55.68000030517578,55.790000915527344,55.41577911376953,266200,USD,NMS,America/New_York,Yahoo Finance
TCBK,2026-08-20,55.560001373291016,55.9900016784668,55.41999816894531,55.68000030517578,55.3065185546875,184700,USD,NMS,America/New_York,Yahoo Finance
TCBK,2026-08-21,56.0099983215332,56.130001068115234,55.02000045776367,55.06999969482422,54.70060729980469,191400,USD,NMS,America/New_York,Yahoo Finance
TCBK,2026-08-24,55.400001525878906,55.400001525878906,54.33000183105469,54.52000045776367,54.154296875,283700,USD,NMS,America/New_York,Yahoo Finance
TCBK,2026-08-25,54.52000045776367,54.58000183105469,53.560001373291016,53.880001068115234,53.518592834472656,243700,USD,NMS,America/New_York,Yahoo Finance
TCBK,2026-08-26,53.959999084472656,54.369998931884766,53.959999084472656,54.150001525878906,53.786781311035156,202900,USD,NMS,America/New_York,Yahoo Finance
TCBK,2026-08-27,53.81999969482422,54.02000045776367,53.25,53.869998931884766,53.5086555480957,216000,USD,NMS,America/New_York,Yahoo Finance
TCBK,2026-08-28,54.06999969482422,54.2599983215332,53.709999084472656,53.810001373291016,53.44906234741211,150700,USD,NMS,America/New_York,Yahoo Finance
TCBK,2026-08-31,53.81999969482422,53.9900016784668,53.22999954223633,53.380001068115234,53.02194595336914,220100,USD,NMS,America/New_York,Yahoo Finance
TCBK,2026-09-01,53.310001373291016,53.709999084472656,52.540000915527344,52.70000076293945,52.34650802612305,241600,USD,NMS,America/New_York,Yahoo Finance
TCBK,2026-09-02,53.099998474121094,54.279998779296875,53.02000045776367,53.83000183105469,53.468929290771484,205800,USD,NMS,America/New_York,Yahoo Finance
TCBK,2026-09-03,54.279998779296875,54.45000076293945,53.849998474121094,54.310001373291016,53.945709228515625,228200,USD,NMS,America/New_York,Yahoo Finance
TCBK,2026-09-04,54.040000915527344,54.68000030517578,54.040000915527344,54.400001525878906,54.03510284423828,219300,USD,NMS,America/New_York,Yahoo Finance
TCBK,2026-09-08,54.349998474121094,54.439998626708984,53.93000030517578,53.970001220703125,53.60798645019531,187600,USD,NMS,America/New_York,Yahoo Finance
TCBK,2026-09-09,53.5,53.88999938964844,52.95000076293945,53.540000915527344,53.18087387084961,209500,USD,NMS,America/New_York,Yahoo Finance
TCBK,2026-09-10,53.349998474121094,53.970001220703125,52.84000015258789,53.66999816894531,53.30999755859375,228600,USD,NMS,America/New_York,Yahoo Finance
TCBK,2026-09-11,53.88999938964844,54.0099983215332,53.060001373291016,53.529998779296875,53.529998779296875,342000,USD,NMS,America/New_York,Yahoo Finance
TCBK,2026-09-14,53.529998779296875,54.029998779296875,53.369998931884766,53.63999938964844,53.63999938964844,237600,USD,NMS,America/New_York,Yahoo Finance
TCBK,2026-09-15,53.619998931884766,54.06999969482422,53.369998931884766,53.81999969482422,53.81999969482422,287400,USD,NMS,America/New_York,Yahoo Finance
TCBK,2026-09-16,53.86000061035156,54.02000045776367,52.5,53.43000030517578,53.43000030517578,241700,USD,NMS,America/New_York,Yahoo Finance
TCBK,2026-09-17,53.93000030517578,54.04999923706055,53.38999938964844,53.70000076293945,53.70000076293945,164900,USD,NMS,America/New_York,Yahoo Finance
TCBK,2026-09-18,53.400001525878906,54.040000915527344,53.130001068115234,53.61000061035156,53.61000061035156,465400,USD,NMS,America/New_York,Yahoo Finance
TCBK,2026-09-21,53.56999969482422,54.06999969482422,52.900001525878906,53.029998779296875,53.029998779296875,521900,USD,NMS,America/New_York,Yahoo Finance
TCBK,2026-09-22,53.459999084472656,53.540000915527344,52.29999923706055,52.31999969482422,52.31999969482422,343900,USD,NMS,America/New_York,Yahoo Finance
TCBK,2026-09-23,52.2599983215332,52.5099983215332,51.380001068115234,51.439998626708984,51.439998626708984,416300,USD,NMS,America/New_York,Yahoo Finance
TCBK,2026-09-24,51.59000015258789,52.2599983215332,51.2599983215332,52.099998474121094,52.099998474121094,242600,USD,NMS,America/New_York,Yahoo Finance
TCBK,2026-09-25,52.349998474121094,52.630001068115234,52.119998931884766,52.380001068115234,52.380001068115234,421000,USD,NMS,America/New_York,Yahoo Finance
TCBK,2026-09-28,52.2599983215332,52.400001525878906,51.810001373291016,51.88999938964844,51.88999938964844,203800,USD,NMS,America/New_York,Yahoo Finance
TDAY,2026-08-17,6.710000038146973,7.199999809265137,6.699999809265137,7.170000076293945,7.170000076293945,4279400,USD,NYQ,America/New_York,Yahoo Finance
TDAY,2026-08-18,7.199999809265137,7.210000038146973,6.639999866485596,6.679999828338623,6.679999828338623,3095800,USD,NYQ,America/New_York,Yahoo Finance
TDAY,2026-08-19,6.699999809265137,6.909999847412109,6.630000114440918,6.730000019073486,6.730000019073486,2489900,USD,NYQ,America/New_York,Yahoo Finance
TDAY,2026-08-20,6.670000076293945,6.75,6.480000019073486,6.519999980926514,6.519999980926514,3032300,USD,NYQ,America/New_York,Yahoo Finance
TDAY,2026-08-21,6.539999961853027,6.699999809265137,6.46999979019165,6.46999979019165,6.46999979019165,2317700,USD,NYQ,America/New_York,Yahoo Finance
TDAY,2026-08-24,6.53000020980835,6.619999885559082,6.340000152587891,6.409999847412109,6.409999847412109,2617900,USD,NYQ,America/New_York,Yahoo Finance
TDAY,2026-08-25,6.340000152587891,6.5,6.230000019073486,6.489999771118164,6.489999771118164,2454500,USD,NYQ,America/New_York,Yahoo Finance
TDAY,2026-08-26,6.510000228881836,6.579999923706055,6.360000133514404,6.400000095367432,6.400000095367432,2003600,USD,NYQ,America/New_York,Yahoo Finance
TDAY,2026-08-27,6.360000133514404,6.46999979019165,6.340000152587891,6.400000095367432,6.400000095367432,2140400,USD,NYQ,America/New_York,Yahoo Finance
TDAY,2026-08-28,6.449999809265137,6.519999980926514,6.289999961853027,6.340000152587891,6.340000152587891,3097600,USD,NYQ,America/New_York,Yahoo Finance
TDAY,2026-08-31,6.440000057220459,6.440000057220459,6.159999847412109,6.289999961853027,6.289999961853027,3682100,USD,NYQ,America/New_York,Yahoo Finance
TDAY,2026-09-01,6.28000020980835,6.400000095367432,6.110000133514404,6.179999828338623,6.179999828338623,2054300,USD,NYQ,America/New_York,Yahoo Finance
TDAY,2026-09-02,6.21999979019165,6.480000019073486,6.190000057220459,6.300000190734863,6.300000190734863,2040800,USD,NYQ,America/New_York,Yahoo Finance
TDAY,2026-09-03,6.389999866485596,6.489999771118164,6.360000133514404,6.46999979019165,6.46999979019165,2177600,USD,NYQ,America/New_York,Yahoo Finance
TDAY,2026-09-04,6.400000095367432,6.53000020980835,6.320000171661377,6.329999923706055,6.329999923706055,2736500,USD,NYQ,America/New_York,Yahoo Finance
TDAY,2026-09-08,6.300000190734863,6.730000019073486,6.199999809265137,6.409999847412109,6.409999847412109,1903900,USD,NYQ,America/New_York,Yahoo Finance
TDAY,2026-09-09,6.340000152587891,6.409999847412109,6.21999979019165,6.289999961853027,6.289999961853027,1714700,USD,NYQ,America/New_York,Yahoo Finance
TDAY,2026-09-10,6.329999923706055,6.420000076293945,6.210000038146973,6.289999961853027,6.289999961853027,1770800,USD,NYQ,America/New_York,Yahoo Finance
TDAY,2026-09-11,6.389999866485596,6.53000020980835,6.28000020980835,6.360000133514404,6.360000133514404,2265600,USD,NYQ,America/New_York,Yahoo Finance
TDAY,2026-09-14,6.429999828338623,6.639999866485596,6.409999847412109,6.590000152587891,6.590000152587891,1521000,USD,NYQ,America/New_York,Yahoo Finance
TDAY,2026-09-15,6.539999961853027,6.619999885559082,6.460000038146973,6.579999923706055,6.579999923706055,1946800,USD,NYQ,America/New_York,Yahoo Finance
TDAY,2026-09-16,6.510000228881836,6.650000095367432,6.460000038146973,6.480000019073486,6.480000019073486,1767500,USD,NYQ,America/New_York,Yahoo Finance
TDAY,2026-09-17,6.570000171661377,6.599999904632568,6.320000171661377,6.320000171661377,6.320000171661377,2861400,USD,NYQ,America/New_York,Yahoo Finance
TDAY,2026-09-18,6.300000190734863,6.389999866485596,6.199999809265137,6.239999771118164,6.239999771118164,3653900,USD,NYQ,America/New_York,Yahoo Finance
TDAY,2026-09-21,6.260000228881836,6.449999809265137,6.179999828338623,6.389999866485596,6.389999866485596,1917800,USD,NYQ,America/New_York,Yahoo Finance
TDAY,2026-09-22,6.460000038146973,6.619999885559082,6.360000133514404,6.559999942779541,6.559999942779541,1847100,USD,NYQ,America/New_York,Yahoo Finance
TDAY,2026-09-23,6.590000152587891,6.610000133514404,6.380000114440918,6.389999866485596,6.389999866485596,1547200,USD,NYQ,America/New_York,Yahoo Finance
TDAY,2026-09-24,6.369999885559082,6.510000228881836,6.369999885559082,6.449999809265137,6.449999809265137,1435300,USD,NYQ,America/New_York,Yahoo Finance
TDAY,2026-09-25,6.400000095367432,6.579999923706055,6.360000133514404,6.420000076293945,6.420000076293945,1251700,USD,NYQ,America/New_York,Yahoo Finance
TDAY,2026-09-28,6.389999866485596,6.440000057220459,6.25,6.369999885559082,6.369999885559082,2268000,USD,NYQ,America/New_York,Yahoo Finance
TIC,2026-08-17,9.75,9.789999961853027,9.390000343322754,9.609999656677246,9.609999656677246,2070500,USD,NYQ,America/New_York,Yahoo Finance
TIC,2026-08-18,9.649999618530273,9.760000228881836,9.279999732971191,9.300000190734863,9.300000190734863,1241700,USD,NYQ,America/New_York,Yahoo Finance
TIC,2026-08-19,9.40999984741211,9.529999732971191,9.109999656677246,9.199999809265137,9.199999809265137,1333300,USD,NYQ,America/New_York,Yahoo Finance
TIC,2026-08-20,9.199999809265137,9.199999809265137,8.760000228881836,9.020000457763672,9.020000457763672,1680400,USD,NYQ,America/New_York,Yahoo Finance
TIC,2026-08-21,9.350000381469727,9.699999809265137,9.300000190734863,9.510000228881836,9.510000228881836,2101200,USD,NYQ,America/New_York,Yahoo Finance
TIC,2026-08-24,9.649999618530273,9.699999809265137,9.229999542236328,9.279999732971191,9.279999732971191,1152000,USD,NYQ,America/New_York,Yahoo Finance
TIC,2026-08-25,9.329999923706055,9.760000228881836,9.279999732971191,9.75,9.75,2122200,USD,NYQ,America/New_York,Yahoo Finance
TIC,2026-08-26,9.720000267028809,9.864999771118164,9.583999633789062,9.8100004196167,9.8100004196167,1313600,USD,NYQ,America/New_York,Yahoo Finance
TIC,2026-08-27,9.90999984741211,9.984999656677246,9.779999732971191,9.8100004196167,9.8100004196167,1395200,USD,NYQ,America/New_York,Yahoo Finance
TIC,2026-08-28,9.800000190734863,9.989999771118164,9.475000381469727,9.5600004196167,9.5600004196167,1233700,USD,NYQ,America/New_York,Yahoo Finance
TIC,2026-08-31,9.510000228881836,9.619999885559082,9.40999984741211,9.489999771118164,9.489999771118164,1192900,USD,NYQ,America/New_York,Yahoo Finance
TIC,2026-09-01,9.350000381469727,9.460000038146973,9.1899995803833,9.300000190734863,9.300000190734863,1144800,USD,NYQ,America/New_York,Yahoo Finance
TIC,2026-09-02,9.3100004196167,9.470000267028809,9.170000076293945,9.359999656677246,9.359999656677246,1271300,USD,NYQ,America/New_York,Yahoo Finance
TIC,2026-09-03,9.5,9.59000015258789,9.220000267028809,9.289999961853027,9.289999961853027,838700,USD,NYQ,America/New_York,Yahoo Finance
TIC,2026-09-04,9.149999618530273,9.420000076293945,9.100000381469727,9.359999656677246,9.359999656677246,748800,USD,NYQ,America/New_York,Yahoo Finance
TIC,2026-09-08,9.369999885559082,9.6899995803833,9.199999809265137,9.5600004196167,9.5600004196167,1363100,USD,NYQ,America/New_York,Yahoo Finance
TIC,2026-09-09,9.579999923706055,9.664999961853027,9.1899995803833,9.260000228881836,9.260000228881836,940500,USD,NYQ,America/New_York,Yahoo Finance
TIC,2026-09-10,9.149999618530273,9.670000076293945,9.069999694824219,9.270000457763672,9.270000457763672,2177300,USD,NYQ,America/New_York,Yahoo Finance
TIC,2026-09-11,9.420000076293945,9.654999732971191,9.385000228881836,9.5600004196167,9.5600004196167,942600,USD,NYQ,America/New_York,Yahoo Finance
TIC,2026-09-14,9.539999961853027,9.609999656677246,9.390000343322754,9.430000305175781,9.430000305175781,1380400,USD,NYQ,America/New_York,Yahoo Finance
TIC,2026-09-15,9.420000076293945,9.875,9.34000015258789,9.609999656677246,9.609999656677246,1370700,USD,NYQ,America/New_York,Yahoo Finance
TIC,2026-09-16,9.65999984741211,9.670000076293945,8.819999694824219,8.850000381469727,8.850000381469727,3509800,USD,NYQ,America/New_York,Yahoo Finance
TIC,2026-09-17,9.020000457763672,9.229999542236328,8.984999656677246,9.0,9.0,1317300,USD,NYQ,America/New_York,Yahoo Finance
TIC,2026-09-18,9.050000190734863,9.170000076293945,8.880000114440918,9.0600004196167,9.0600004196167,3384800,USD,NYQ,America/New_York,Yahoo Finance
TIC,2026-09-21,9.149999618530273,9.255000114440918,8.930000305175781,9.239999771118164,9.239999771118164,898200,USD,NYQ,America/New_York,Yahoo Finance
TIC,2026-09-22,9.359999656677246,9.375,9.180000305175781,9.229999542236328,9.229999542236328,1067700,USD,NYQ,America/New_York,Yahoo Finance
TIC,2026-09-23,9.020000457763672,9.15999984741211,8.925000190734863,8.930000305175781,8.930000305175781,945500,USD,NYQ,America/New_York,Yahoo Finance
TIC,2026-09-24,8.880000114440918,9.010000228881836,8.75,8.869999885559082,8.869999885559082,993000,USD,NYQ,America/New_York,Yahoo Finance
TIC,2026-09-25,8.890000343322754,9.100000381469727,8.760000228881836,8.890000343322754,8.890000343322754,1241700,USD,NYQ,America/New_York,Yahoo Finance
TIC,2026-09-28,8.800000190734863,8.90999984741211,8.4399995803833,8.729999542236328,8.729999542236328,1659000,USD,NYQ,America/New_York,Yahoo Finance
TKO,2026-08-17,199.6699981689453,199.99000549316406,194.47000122070312,195.13999938964844,194.34420776367188,1024300,USD,NYQ,America/New_York,Yahoo Finance
TKO,2026-08-18,195.36000061035156,196.49000549316406,192.02999877929688,192.11000061035156,191.32656860351562,698600,USD,NYQ,America/New_York,Yahoo Finance
TKO,2026-08-19,193.22999572753906,202.08999633789062,192.5800018310547,201.69000244140625,200.8675079345703,949300,USD,NYQ,America/New_York,Yahoo Finance
TKO,2026-08-20,200.0399932861328,203.0399932861328,194.11000061035156,195.4499969482422,194.65293884277344,1071100,USD,NYQ,America/New_York,Yahoo Finance
TKO,2026-08-21,195.77999877929688,196.02000427246094,192.1300048828125,193.13999938964844,192.3523712158203,724800,USD,NYQ,America/New_York,Yahoo Finance
TKO,2026-08-24,194.22999572753906,196.19000244140625,192.74000549316406,193.4199981689453,192.6312255859375,2041300,USD,NYQ,America/New_York,Yahoo Finance
TKO,2026-08-25,194.05999755859375,195.0399932861328,191.5800018310547,193.41000366210938,192.62127685546875,1385900,USD,NYQ,America/New_York,Yahoo Finance
TKO,2026-08-26,192.3800048828125,194.9199981689453,187.8300018310547,187.89999389648438,187.13372802734375,739300,USD,NYQ,America/New_York,Yahoo Finance
TKO,2026-08-27,187.10000610351562,188.6999969482422,183.6999969482422,184.33999633789062,183.5882568359375,683600,USD,NYQ,America/New_York,Yahoo Finance
TKO,2026-08-28,185.13999938964844,185.75999450683594,182.91000366210938,184.63999938964844,183.8870391845703,641300,USD,NYQ,America/New_York,Yahoo Finance
TKO,2026-08-31,184.19000244140625,185.36000061035156,182.35000610351562,182.61000061035156,181.8653106689453,710100,USD,NYQ,America/New_York,Yahoo Finance
TKO,2026-09-01,181.4499969482422,183.6999969482422,181.2100067138672,182.27000427246094,181.52670288085938,738200,USD,NYQ,America/New_York,Yahoo Finance
TKO,2026-09-02,183.14999389648438,190.2100067138672,182.72999572753906,189.7899932861328,189.01602172851562,868800,USD,NYQ,America/New_York,Yahoo Finance
TKO,2026-09-03,191.69000244140625,192.5399932861328,187.1999969482422,189.4199981689453,188.6475372314453,749500,USD,NYQ,America/New_York,Yahoo Finance
TKO,2026-09-04,188.11000061035156,189.97000122070312,185.92999267578125,186.00999450683594,185.25143432617188,993300,USD,NYQ,America/New_York,Yahoo Finance
TKO,2026-09-08,184.4600067138672,196.05999755859375,180.2100067138672,195.32000732421875,194.5234832763672,2217300,USD,NYQ,America/New_York,Yahoo Finance
TKO,2026-09-09,193.89999389648438,193.91000366210938,189.8000030517578,191.0800018310547,190.30076599121094,1211800,USD,NYQ,America/New_York,Yahoo Finance
TKO,2026-09-10,191.0800018310547,191.5,187.6699981689453,189.63999938964844,188.86663818359375,1045600,USD,NYQ,America/New_York,Yahoo Finance
TKO,2026-09-11,191.52999877929688,192.8300018310547,187.86000061035156,190.30999755859375,189.53390502929688,833700,USD,NYQ,America/New_York,Yahoo Finance
TKO,2026-09-14,191.3300018310547,197.80999755859375,191.3300018310547,193.72000122070312,192.9300079345703,1011600,USD,NYQ,America/New_York,Yahoo Finance
TKO,2026-09-15,193.19000244140625,193.69000244140625,189.86000061035156,190.1300048828125,190.1300048828125,1428500,USD,NYQ,America/New_York,Yahoo Finance
TKO,2026-09-16,192.3300018310547,195.33999633789062,190.27000427246094,192.42999267578125,192.42999267578125,686000,USD,NYQ,America/New_York,Yahoo Finance
TKO,2026-09-17,193.00999450683594,193.72999572753906,187.6999969482422,189.3000030517578,189.3000030517578,725300,USD,NYQ,America/New_York,Yahoo Finance
TKO,2026-09-18,186.9199981689453,190.07000732421875,185.47999572753906,189.25999450683594,189.25999450683594,3674400,USD,NYQ,America/New_York,Yahoo Finance
TKO,2026-09-21,189.27999877929688,193.41000366210938,188.35000610351562,191.1199951171875,191.1199951171875,1041400,USD,NYQ,America/New_York,Yahoo Finance
TKO,2026-09-22,192.39999389648438,192.39999389648438,187.19000244140625,188.8699951171875,188.8699951171875,1092300,USD,NYQ,America/New_York,Yahoo Finance
TKO,2026-09-23,187.7899932861328,190.5800018310547,187.67999267578125,189.0800018310547,189.0800018310547,747100,USD,NYQ,America/New_York,Yahoo Finance
TKO,2026-09-24,185.58999633789062,186.82000732421875,180.0,185.05999755859375,185.05999755859375,1596700,USD,NYQ,America/New_York,Yahoo Finance
TKO,2026-09-25,183.88999938964844,185.25,180.5500030517578,182.6699981689453,182.6699981689453,1181100,USD,NYQ,America/New_York,Yahoo Finance
TKO,2026-09-28,184.19000244140625,184.63999938964844,180.6999969482422,181.5800018310547,181.5800018310547,940300,USD,NYQ,America/New_York,Yahoo Finance
TME,2026-08-17,8.819999694824219,9.079999923706055,8.8100004196167,8.869999885559082,8.869999885559082,10283000,USD,NYQ,America/New_York,Yahoo Finance
TME,2026-08-18,8.84000015258789,8.9399995803833,8.774999618530273,8.789999961853027,8.789999961853027,12942100,USD,NYQ,America/New_York,Yahoo Finance
TME,2026-08-19,8.800000190734863,9.140000343322754,8.800000190734863,9.020000457763672,9.020000457763672,11425000,USD,NYQ,America/New_York,Yahoo Finance
TME,2026-08-20,8.880000114440918,8.930000305175781,8.640000343322754,8.850000381469727,8.850000381469727,13514900,USD,NYQ,America/New_York,Yahoo Finance
TME,2026-08-21,8.880000114440918,8.984999656677246,8.770000457763672,8.800000190734863,8.800000190734863,10559200,USD,NYQ,America/New_York,Yahoo Finance
TME,2026-08-24,8.680000305175781,8.800000190734863,8.609999656677246,8.65999984741211,8.65999984741211,10446400,USD,NYQ,America/New_York,Yahoo Finance
TME,2026-08-25,8.649999618530273,8.890000343322754,8.569999694824219,8.739999771118164,8.739999771118164,23897000,USD,NYQ,America/New_York,Yahoo Finance
TME,2026-08-26,8.710000038146973,8.854999542236328,8.6850004196167,8.800000190734863,8.800000190734863,19752700,USD,NYQ,America/New_York,Yahoo Finance
TME,2026-08-27,8.800000190734863,8.829999923706055,8.640000343322754,8.65999984741211,8.65999984741211,8682100,USD,NYQ,America/New_York,Yahoo Finance
TME,2026-08-28,8.789999961853027,8.850000381469727,8.529999732971191,8.5600004196167,8.5600004196167,6689800,USD,NYQ,America/New_York,Yahoo Finance
TME,2026-08-31,8.550000190734863,8.569999694824219,8.270000457763672,8.270000457763672,8.270000457763672,8917700,USD,NYQ,America/New_York,Yahoo Finance
TME,2026-09-01,8.260000228881836,8.329999923706055,8.130000114440918,8.289999961853027,8.289999961853027,8044500,USD,NYQ,America/New_York,Yahoo Finance
TME,2026-09-02,8.260000228881836,8.484999656677246,8.260000228881836,8.390000343322754,8.390000343322754,6050800,USD,NYQ,America/New_York,Yahoo Finance
TME,2026-09-03,8.350000381469727,8.354999542236328,8.140000343322754,8.199999809265137,8.199999809265137,8429100,USD,NYQ,America/New_York,Yahoo Finance
TME,2026-09-04,8.260000228881836,8.324999809265137,8.180000305175781,8.260000228881836,8.260000228881836,4687600,USD,NYQ,America/New_York,Yahoo Finance
TME,2026-09-08,8.220000267028809,8.229999542236328,8.029999732971191,8.0600004196167,8.0600004196167,7697300,USD,NYQ,America/New_York,Yahoo Finance
TME,2026-09-09,8.0,8.015000343322754,7.869999885559082,7.889999866485596,7.889999866485596,5778500,USD,NYQ,America/New_York,Yahoo Finance
TME,2026-09-10,7.800000190734863,7.900000095367432,7.769999980926514,7.900000095367432,7.900000095367432,6248300,USD,NYQ,America/New_York,Yahoo Finance
TME,2026-09-11,7.960000038146973,8.020000457763672,7.920000076293945,7.980000019073486,7.980000019073486,3767800,USD,NYQ,America/New_York,Yahoo Finance
TME,2026-09-14,8.039999961853027,8.180000305175781,8.039999961853027,8.109999656677246,8.109999656677246,4897200,USD,NYQ,America/New_York,Yahoo Finance
TME,2026-09-15,8.109999656677246,8.109999656677246,7.880000114440918,7.889999866485596,7.889999866485596,6776800,USD,NYQ,America/New_York,Yahoo Finance
TME,2026-09-16,7.920000076293945,7.929999828338623,7.789999961853027,7.820000171661377,7.820000171661377,6638600,USD,NYQ,America/New_York,Yahoo Finance
TME,2026-09-17,7.820000171661377,7.849999904632568,7.769999980926514,7.769999980926514,7.769999980926514,3727900,USD,NYQ,America/New_York,Yahoo Finance
TME,2026-09-18,7.809999942779541,7.889999866485596,7.699999809265137,7.760000228881836,7.760000228881836,15429700,USD,NYQ,America/New_York,Yahoo Finance
TME,2026-09-21,7.809999942779541,8.220000267028809,7.704999923706055,8.170000076293945,8.170000076293945,11450500,USD,NYQ,America/New_York,Yahoo Finance
TME,2026-09-22,8.270000457763672,8.468999862670898,8.260000228881836,8.279999732971191,8.279999732971191,8672900,USD,NYQ,America/New_York,Yahoo Finance
TME,2026-09-23,8.140000343322754,8.274999618530273,8.079999923706055,8.220000267028809,8.220000267028809,9635600,USD,NYQ,America/New_York,Yahoo Finance
TME,2026-09-24,8.25,8.380000114440918,8.229999542236328,8.34000015258789,8.34000015258789,7720400,USD,NYQ,America/New_York,Yahoo Finance
TME,2026-09-25,8.300000190734863,8.40999984741211,8.255000114440918,8.390000343322754,8.390000343322754,9210000,USD,NYQ,America/New_York,Yahoo Finance
TME,2026-09-28,8.460000038146973,8.494999885559082,8.369999885559082,8.369999885559082,8.369999885559082,5830500,USD,NYQ,America/New_York,Yahoo Finance
TNC,2026-08-17,67.94000244140625,68.38999938964844,65.87999725341797,67.56999969482422,67.26895141601562,351300,USD,NYQ,America/New_York,Yahoo Finance
TNC,2026-08-18,67.0199966430664,68.45999908447266,66.25,66.26000213623047,65.96479034423828,309600,USD,NYQ,America/New_York,Yahoo Finance
TNC,2026-08-19,66.69999694824219,68.31999969482422,66.36000061035156,68.0199966430664,67.7169418334961,274600,USD,NYQ,America/New_York,Yahoo Finance
TNC,2026-08-20,66.93000030517578,68.81999969482422,66.93000030517578,68.0199966430664,67.7169418334961,208700,USD,NYQ,America/New_York,Yahoo Finance
TNC,2026-08-21,68.5999984741211,69.58000183105469,67.6500015258789,68.68000030517578,68.37400817871094,223600,USD,NYQ,America/New_York,Yahoo Finance
TNC,2026-08-24,69.02999877929688,71.2699966430664,67.4000015258789,68.22000122070312,67.91606140136719,148600,USD,NYQ,America/New_York,Yahoo Finance
TNC,2026-08-25,69.19999694824219,70.66000366210938,68.19999694824219,70.02999877929688,69.7179946899414,278000,USD,NYQ,America/New_York,Yahoo Finance
TNC,2026-08-26,70.41000366210938,71.06999969482422,69.62999725341797,70.41999816894531,70.10625457763672,136800,USD,NYQ,America/New_York,Yahoo Finance
TNC,2026-08-27,70.0,70.87999725341797,69.61000061035156,70.0,69.68812561035156,124300,USD,NYQ,America/New_York,Yahoo Finance
TNC,2026-08-28,70.44000244140625,71.33999633789062,68.66000366210938,69.58000183105469,69.2699966430664,209700,USD,NYQ,America/New_York,Yahoo Finance
TNC,2026-08-31,69.5,69.80000305175781,68.0999984741211,69.5999984741211,69.5999984741211,211600,USD,NYQ,America/New_York,Yahoo Finance
TNC,2026-09-01,68.77999877929688,70.05999755859375,67.94999694824219,69.22000122070312,69.22000122070312,159300,USD,NYQ,America/New_York,Yahoo Finance
TNC,2026-09-02,69.56999969482422,71.2699966430664,68.8499984741211,70.2300033569336,70.2300033569336,195700,USD,NYQ,America/New_York,Yahoo Finance
TNC,2026-09-03,71.22000122070312,71.4800033569336,69.56999969482422,70.33999633789062,70.33999633789062,212300,USD,NYQ,America/New_York,Yahoo Finance
TNC,2026-09-04,70.2300033569336,72.02999877929688,70.20999908447266,71.97000122070312,71.97000122070312,202700,USD,NYQ,America/New_York,Yahoo Finance
TNC,2026-09-08,72.11000061035156,73.66999816894531,71.41000366210938,73.45999908447266,73.45999908447266,215300,USD,NYQ,America/New_York,Yahoo Finance
TNC,2026-09-09,73.37000274658203,73.43000030517578,70.30999755859375,71.1500015258789,71.1500015258789,193500,USD,NYQ,America/New_York,Yahoo Finance
TNC,2026-09-10,70.68000030517578,71.93000030517578,68.80999755859375,69.0,69.0,175400,USD,NYQ,America/New_York,Yahoo Finance
TNC,2026-09-11,69.43000030517578,70.36000061035156,68.48999786376953,68.73999786376953,68.73999786376953,128700,USD,NYQ,America/New_York,Yahoo Finance
TNC,2026-09-14,67.81999969482422,69.37000274658203,67.81999969482422,68.68000030517578,68.68000030517578,193300,USD,NYQ,America/New_York,Yahoo Finance
TNC,2026-09-15,68.06999969482422,70.51000213623047,67.97000122070312,68.62000274658203,68.62000274658203,210800,USD,NYQ,America/New_York,Yahoo Finance
TNC,2026-09-16,69.0999984741211,69.66000366210938,66.80999755859375,67.97000122070312,67.97000122070312,164800,USD,NYQ,America/New_York,Yahoo Finance
TNC,2026-09-17,68.98999786376953,69.19999694824219,66.61000061035156,66.61000061035156,66.61000061035156,121300,USD,NYQ,America/New_York,Yahoo Finance
TNC,2026-09-18,66.55000305175781,67.62999725341797,65.94999694824219,67.4000015258789,67.4000015258789,449600,USD,NYQ,America/New_York,Yahoo Finance
TNC,2026-09-21,68.12999725341797,68.12999725341797,65.80999755859375,65.83000183105469,65.83000183105469,130300,USD,NYQ,America/New_York,Yahoo Finance
TNC,2026-09-22,66.80000305175781,67.93000030517578,66.4800033569336,66.72000122070312,66.72000122070312,179800,USD,NYQ,America/New_York,Yahoo Finance
TNC,2026-09-23,66.1500015258789,66.55999755859375,65.68000030517578,65.94999694824219,65.94999694824219,147400,USD,NYQ,America/New_York,Yahoo Finance
TNC,2026-09-24,66.29000091552734,66.38999938964844,64.87999725341797,66.20999908447266,66.20999908447266,179600,USD,NYQ,America/New_York,Yahoo Finance
TNC,2026-09-25,66.43000030517578,68.0999984741211,66.43000030517578,67.73999786376953,67.73999786376953,151000,USD,NYQ,America/New_York,Yahoo Finance
TNC,2026-09-28,67.61000061035156,68.7699966430664,67.16000366210938,68.20999908447266,68.20999908447266,142700,USD,NYQ,America/New_York,Yahoo Finance
TNET,2026-08-17,67.44999694824219,68.47000122070312,66.25,67.13999938964844,67.13999938964844,391300,USD,NYQ,America/New_York,Yahoo Finance
TNET,2026-08-18,68.0,70.16999816894531,67.47000122070312,69.83999633789062,69.83999633789062,378000,USD,NYQ,America/New_York,Yahoo Finance
TNET,2026-08-19,69.80000305175781,71.77999877929688,69.54000091552734,69.61000061035156,69.61000061035156,267800,USD,NYQ,America/New_York,Yahoo Finance
TNET,2026-08-20,68.52999877929688,69.61000061035156,67.68000030517578,68.69999694824219,68.69999694824219,252600,USD,NYQ,America/New_York,Yahoo Finance
TNET,2026-08-21,68.75,70.61000061035156,68.04000091552734,70.4800033569336,70.4800033569336,355100,USD,NYQ,America/New_York,Yahoo Finance
TNET,2026-08-24,70.6500015258789,72.0,69.4000015258789,69.5999984741211,69.5999984741211,238400,USD,NYQ,America/New_York,Yahoo Finance
TNET,2026-08-25,68.80999755859375,70.06999969482422,68.44000244140625,69.62000274658203,69.62000274658203,267100,USD,NYQ,America/New_York,Yahoo Finance
TNET,2026-08-26,68.75,70.56999969482422,68.23999786376953,70.4000015258789,70.4000015258789,312500,USD,NYQ,America/New_York,Yahoo Finance
TNET,2026-08-27,70.23999786376953,71.0199966430664,69.38999938964844,69.52999877929688,69.52999877929688,322100,USD,NYQ,America/New_York,Yahoo Finance
TNET,2026-08-28,69.76000213623047,71.3499984741211,69.6500015258789,70.2699966430664,70.2699966430664,292400,USD,NYQ,America/New_York,Yahoo Finance
TNET,2026-08-31,70.01000213623047,71.0,69.12999725341797,70.29000091552734,70.29000091552734,399000,USD,NYQ,America/New_York,Yahoo Finance
TNET,2026-09-01,70.45999908447266,71.5,66.33999633789062,66.94000244140625,66.94000244140625,674200,USD,NYQ,America/New_York,Yahoo Finance
TNET,2026-09-02,66.7699966430664,67.98999786376953,64.9800033569336,67.3499984741211,67.3499984741211,384200,USD,NYQ,America/New_York,Yahoo Finance
TNET,2026-09-03,67.80999755859375,69.9800033569336,67.75,69.41999816894531,69.41999816894531,290700,USD,NYQ,America/New_York,Yahoo Finance
TNET,2026-09-04,68.69000244140625,69.16000366210938,67.66999816894531,69.05999755859375,69.05999755859375,325100,USD,NYQ,America/New_York,Yahoo Finance
TNET,2026-09-08,68.23999786376953,68.23999786376953,64.87000274658203,65.91000366210938,65.91000366210938,305600,USD,NYQ,America/New_York,Yahoo Finance
TNET,2026-09-09,65.55999755859375,66.83000183105469,64.91999816894531,66.69000244140625,66.69000244140625,357000,USD,NYQ,America/New_York,Yahoo Finance
TNET,2026-09-10,67.36000061035156,67.56999969482422,65.43000030517578,66.20999908447266,66.20999908447266,349500,USD,NYQ,America/New_York,Yahoo Finance
TNET,2026-09-11,66.5999984741211,66.98999786376953,65.41000366210938,66.01000213623047,66.01000213623047,328000,USD,NYQ,America/New_York,Yahoo Finance
TNET,2026-09-14,67.9800033569336,68.91000366210938,67.05000305175781,68.70999908447266,68.70999908447266,310100,USD,NYQ,America/New_York,Yahoo Finance
TNET,2026-09-15,67.33999633789062,69.36000061035156,67.23999786376953,69.25,69.25,201900,USD,NYQ,America/New_York,Yahoo Finance
TNET,2026-09-16,68.52999877929688,69.68000030517578,67.66999816894531,69.20999908447266,69.20999908447266,268600,USD,NYQ,America/New_York,Yahoo Finance
TNET,2026-09-17,68.69999694824219,69.20999908447266,67.51000213623047,67.6500015258789,67.6500015258789,261300,USD,NYQ,America/New_York,Yahoo Finance
TNET,2026-09-18,67.2699966430664,67.41999816894531,66.3499984741211,67.29000091552734,67.29000091552734,508300,USD,NYQ,America/New_York,Yahoo Finance
TNET,2026-09-21,67.18000030517578,67.76000213623047,66.61000061035156,66.66000366210938,66.66000366210938,192600,USD,NYQ,America/New_York,Yahoo Finance
TNET,2026-09-22,67.43000030517578,67.94999694824219,65.2699966430664,66.70999908447266,66.70999908447266,292100,USD,NYQ,America/New_York,Yahoo Finance
TNET,2026-09-23,66.37999725341797,66.37999725341797,65.16999816894531,65.23999786376953,65.23999786376953,333900,USD,NYQ,America/New_York,Yahoo Finance
TNET,2026-09-24,65.43000030517578,66.20999908447266,64.04000091552734,65.54000091552734,65.54000091552734,311000,USD,NYQ,America/New_York,Yahoo Finance
TNET,2026-09-25,65.37000274658203,66.58000183105469,65.02999877929688,65.11000061035156,65.11000061035156,242400,USD,NYQ,America/New_York,Yahoo Finance
TNET,2026-09-28,64.43000030517578,65.37999725341797,62.58000183105469,63.38999938964844,63.38999938964844,311500,USD,NYQ,America/New_York,Yahoo Finance
TRIN,2026-08-17,18.0,18.106000900268555,17.834999084472656,17.920000076293945,17.751317977905273,1043700,USD,NYQ,America/New_York,Yahoo Finance
TRIN,2026-08-18,17.959999084472656,18.184999465942383,17.950000762939453,18.149999618530273,17.97915267944336,772200,USD,NYQ,America/New_York,Yahoo Finance
TRIN,2026-08-19,18.18000030517578,18.2549991607666,18.020000457763672,18.1299991607666,17.959341049194336,732400,USD,NYQ,America/New_York,Yahoo Finance
TRIN,2026-08-20,18.149999618530273,18.280000686645508,18.06999969482422,18.270000457763672,18.098024368286133,712400,USD,NYQ,America/New_York,Yahoo Finance
TRIN,2026-08-21,18.389999389648438,18.475000381469727,18.170000076293945,18.350000381469727,18.177270889282227,567600,USD,NYQ,America/New_York,Yahoo Finance
TRIN,2026-08-24,18.350000381469727,18.7450008392334,18.270000457763672,18.610000610351562,18.434823989868164,1104100,USD,NYQ,America/New_York,Yahoo Finance
TRIN,2026-08-25,18.65999984741211,18.739999771118164,18.513999938964844,18.700000762939453,18.523977279663086,685600,USD,NYQ,America/New_York,Yahoo Finance
TRIN,2026-08-26,18.700000762939453,18.809999465942383,18.632999420166016,18.729999542236328,18.553693771362305,758300,USD,NYQ,America/New_York,Yahoo Finance
TRIN,2026-08-27,18.700000762939453,18.860000610351562,18.65999984741211,18.700000762939453,18.523977279663086,690000,USD,NYQ,America/New_York,Yahoo Finance
TRIN,2026-08-28,18.700000762939453,18.895000457763672,18.5,18.559999465942383,18.38529396057129,749000,USD,NYQ,America/New_York,Yahoo Finance
TRIN,2026-08-31,18.6299991607666,18.860000610351562,18.520000457763672,18.6200008392334,18.44472885131836,983400,USD,NYQ,America/New_York,Yahoo Finance
TRIN,2026-09-01,18.520000457763672,18.6299991607666,18.25,18.34000015258789,18.1673641204834,1044000,USD,NYQ,America/New_York,Yahoo Finance
TRIN,2026-09-02,18.329999923706055,18.7549991607666,18.266000747680664,18.43000030517578,18.25651741027832,726800,USD,NYQ,America/New_York,Yahoo Finance
TRIN,2026-09-03,18.6200008392334,18.649999618530273,18.260000228881836,18.350000381469727,18.177270889282227,931000,USD,NYQ,America/New_York,Yahoo Finance
TRIN,2026-09-04,18.25,18.368999481201172,18.18000030517578,18.219999313354492,18.048492431640625,922700,USD,NYQ,America/New_York,Yahoo Finance
TRIN,2026-09-08,18.229999542236328,18.260000228881836,18.05500030517578,18.079999923706055,17.90981101989746,1494500,USD,NYQ,America/New_York,Yahoo Finance
TRIN,2026-09-09,18.059999465942383,18.18000030517578,17.8799991607666,18.059999465942383,17.889999389648438,1008500,USD,NYQ,America/New_York,Yahoo Finance
TRIN,2026-09-10,17.920000076293945,17.920000076293945,17.725000381469727,17.81999969482422,17.81999969482422,893300,USD,NYQ,America/New_York,Yahoo Finance
TRIN,2026-09-11,17.940000534057617,17.954999923706055,17.75,17.93000030517578,17.93000030517578,966100,USD,NYQ,America/New_York,Yahoo Finance
TRIN,2026-09-14,17.81999969482422,17.93000030517578,17.709999084472656,17.75,17.75,849600,USD,NYQ,America/New_York,Yahoo Finance
TRIN,2026-09-15,17.739999771118164,17.815000534057617,17.649999618530273,17.790000915527344,17.790000915527344,698000,USD,NYQ,America/New_York,Yahoo Finance
TRIN,2026-09-16,17.790000915527344,17.885000228881836,17.489999771118164,17.600000381469727,17.600000381469727,989600,USD,NYQ,America/New_York,Yahoo Finance
TRIN,2026-09-17,17.809999465942383,18.2450008392334,17.729999542236328,18.010000228881836,18.010000228881836,1049600,USD,NYQ,America/New_York,Yahoo Finance
TRIN,2026-09-18,18.079999923706055,18.149999618530273,17.56999969482422,17.6299991607666,17.6299991607666,1200300,USD,NYQ,America/New_York,Yahoo Finance
TRIN,2026-09-21,17.719999313354492,17.760000228881836,17.540000915527344,17.719999313354492,17.719999313354492,684000,USD,NYQ,America/New_York,Yahoo Finance
TRIN,2026-09-22,17.770000457763672,17.895000457763672,17.549999237060547,17.84000015258789,17.84000015258789,1252100,USD,NYQ,America/New_York,Yahoo Finance
TRIN,2026-09-23,17.739999771118164,17.829999923706055,17.520000457763672,17.549999237060547,17.549999237060547,785600,USD,NYQ,America/New_York,Yahoo Finance
TRIN,2026-09-24,17.59000015258789,17.610000610351562,17.3799991607666,17.489999771118164,17.489999771118164,630100,USD,NYQ,America/New_York,Yahoo Finance
TRIN,2026-09-25,17.5,17.65999984741211,17.344999313354492,17.65999984741211,17.65999984741211,631600,USD,NYQ,America/New_York,Yahoo Finance
TRIN,2026-09-28,17.56999969482422,17.625,17.40999984741211,17.5,17.5,676300,USD,NYQ,America/New_York,Yahoo Finance
UA,2026-08-17,5.21999979019165,5.223999977111816,5.079999923706055,5.190000057220459,5.190000057220459,2248871,USD,NYQ,America/New_York,Yahoo Finance
UA,2026-08-18,5.179999828338623,5.25,4.929999828338623,4.940000057220459,4.940000057220459,3431348,USD,NYQ,America/New_York,Yahoo Finance
UA,2026-08-19,5.090000152587891,5.144999980926514,4.980000019073486,5.130000114440918,5.130000114440918,2574976,USD,NYQ,America/New_York,Yahoo Finance
UA,2026-08-20,5.019999980926514,5.159999847412109,4.980000019073486,5.150000095367432,5.150000095367432,2055067,USD,NYQ,America/New_York,Yahoo Finance
UA,2026-08-21,5.179999828338623,5.255000114440918,5.090000152587891,5.239999771118164,5.239999771118164,2054385,USD,NYQ,America/New_York,Yahoo Finance
UA,2026-08-24,5.289999961853027,5.329999923706055,5.179999828338623,5.230000019073486,5.230000019073486,2056482,USD,NYQ,America/New_York,Yahoo Finance
UA,2026-08-25,5.150000095367432,5.179999828338623,5.0,5.0,5.0,2358412,USD,NYQ,America/New_York,Yahoo Finance
UA,2026-08-26,5.050000190734863,5.110000133514404,5.000999927520752,5.019999980926514,5.019999980926514,1770677,USD,NYQ,America/New_York,Yahoo Finance
UA,2026-08-27,5.019999980926514,5.074999809265137,4.909999847412109,4.960000038146973,4.960000038146973,2219187,USD,NYQ,America/New_York,Yahoo Finance
UA,2026-08-28,4.989999771118164,5.034999847412109,4.940000057220459,4.940000057220459,4.940000057220459,2179811,USD,NYQ,America/New_York,Yahoo Finance
UA,2026-08-31,4.909999847412109,4.994999885559082,4.849999904632568,4.929999828338623,4.929999828338623,2490680,USD,NYQ,America/New_York,Yahoo Finance
UA,2026-09-01,4.880000114440918,4.880000114440918,4.75,4.800000190734863,4.800000190734863,3008061,USD,NYQ,America/New_York,Yahoo Finance
UA,2026-09-02,4.809999942779541,5.059999942779541,4.809999942779541,5.03000020980835,5.03000020980835,2531536,USD,NYQ,America/New_York,Yahoo Finance
UA,2026-09-03,5.059999942779541,5.190000057220459,5.010000228881836,5.099999904632568,5.099999904632568,2159622,USD,NYQ,America/New_York,Yahoo Finance
UA,2026-09-04,5.039999961853027,5.139999866485596,5.0391998291015625,5.119999885559082,5.119999885559082,1696686,USD,NYQ,America/New_York,Yahoo Finance
UA,2026-09-08,5.110000133514404,5.150000095367432,4.929999828338623,4.949999809265137,4.949999809265137,2239201,USD,NYQ,America/New_York,Yahoo Finance
UA,2026-09-09,4.900000095367432,4.994999885559082,4.775000095367432,4.800000190734863,4.800000190734863,1844008,USD,NYQ,America/New_York,Yahoo Finance
UA,2026-09-10,4.760000228881836,4.849999904632568,4.679999828338623,4.840000152587891,4.840000152587891,2417869,USD,NYQ,America/New_York,Yahoo Finance
UA,2026-09-11,4.96999979019165,5.034999847412109,4.869999885559082,4.989999771118164,4.989999771118164,2383840,USD,NYQ,America/New_York,Yahoo Finance
UA,2026-09-14,4.96999979019165,5.039999961853027,4.900000095367432,4.909999847412109,4.909999847412109,1811079,USD,NYQ,America/New_York,Yahoo Finance
UA,2026-09-15,4.889999866485596,4.934999942779541,4.789999961853027,4.809999942779541,4.809999942779541,1846206,USD,NYQ,America/New_York,Yahoo Finance
UA,2026-09-16,4.829999923706055,4.980000019073486,4.829999923706055,4.869999885559082,4.869999885559082,1844954,USD,NYQ,America/New_York,Yahoo Finance
UA,2026-09-17,4.960000038146973,4.960999965667725,4.75,4.840000152587891,4.840000152587891,1928302,USD,NYQ,America/New_York,Yahoo Finance
UA,2026-09-18,4.829999923706055,4.900000095367432,4.75,4.800000190734863,4.800000190734863,4155124,USD,NYQ,America/New_York,Yahoo Finance
UA,2026-09-21,4.800000190734863,4.820000171661377,4.59499979019165,4.679999828338623,4.679999828338623,2963165,USD,NYQ,America/New_York,Yahoo Finance
UA,2026-09-22,4.78000020980835,4.804999828338623,4.630000114440918,4.630000114440918,4.630000114440918,2892903,USD,NYQ,America/New_York,Yahoo Finance
UA,2026-09-23,4.599999904632568,4.619999885559082,4.440000057220459,4.449999809265137,4.449999809265137,2884684,USD,NYQ,America/New_York,Yahoo Finance
UA,2026-09-24,4.510000228881836,4.510000228881836,4.380000114440918,4.429999828338623,4.429999828338623,2679590,USD,NYQ,America/New_York,Yahoo Finance
UA,2026-09-25,4.429999828338623,4.5,4.340000152587891,4.369999885559082,4.369999885559082,3326915,USD,NYQ,America/New_York,Yahoo Finance
UA,2026-09-28,4.349999904632568,4.398900032043457,4.179999828338623,4.239999771118164,4.239999771118164,3767082,USD,NYQ,America/New_York,Yahoo Finance
UI,2026-08-17,574.6199951171875,613.4299926757812,557.780029296875,583.6699829101562,582.6961669921875,187300,USD,NYQ,America/New_York,Yahoo Finance
UI,2026-08-18,564.4099731445312,596.0900268554688,564.4099731445312,583.1300048828125,582.1571044921875,218600,USD,NYQ,America/New_York,Yahoo Finance
UI,2026-08-19,581.8800048828125,595.9199829101562,573.4299926757812,590.6799926757812,589.6944580078125,151100,USD,NYQ,America/New_York,Yahoo Finance
UI,2026-08-20,583.9199829101562,596.2999877929688,566.280029296875,573.8699951171875,572.9125366210938,290800,USD,NYQ,America/New_York,Yahoo Finance
UI,2026-08-21,597.0,597.0,515.0,559.0,558.0673217773438,448400,USD,NYQ,America/New_York,Yahoo Finance
UI,2026-08-24,540.010009765625,577.4600219726562,530.0,553.1099853515625,552.1871337890625,240200,USD,NYQ,America/New_York,Yahoo Finance
UI,2026-08-25,558.9199829101562,576.1799926757812,557.530029296875,575.7899780273438,574.8292846679688,205900,USD,NYQ,America/New_York,Yahoo Finance
UI,2026-08-26,575.4099731445312,597.0499877929688,574.97998046875,596.7999877929688,595.8042602539062,183700,USD,NYQ,America/New_York,Yahoo Finance
UI,2026-08-27,588.0,598.219970703125,578.239990234375,592.8499755859375,591.86083984375,170200,USD,NYQ,America/New_York,Yahoo Finance
UI,2026-08-28,600.0,627.2999877929688,594.5700073242188,599.3499755859375,598.3499755859375,186300,USD,NYQ,America/New_York,Yahoo Finance
UI,2026-08-31,594.0499877929688,604.8300170898438,586.0800170898438,590.02001953125,590.02001953125,164000,USD,NYQ,America/New_York,Yahoo Finance
UI,2026-09-01,590.2000122070312,593.1799926757812,577.47998046875,586.780029296875,586.780029296875,201600,USD,NYQ,America/New_York,Yahoo Finance
UI,2026-09-02,584.4299926757812,601.5999755859375,580.0,598.3699951171875,598.3699951171875,171800,USD,NYQ,America/New_York,Yahoo Finance
UI,2026-09-03,601.739990234375,616.489990234375,594.9000244140625,595.9600219726562,595.9600219726562,142900,USD,NYQ,America/New_York,Yahoo Finance
UI,2026-09-04,596.4299926757812,605.8900146484375,576.6099853515625,579.6599731445312,579.6599731445312,158900,USD,NYQ,America/New_York,Yahoo Finance
UI,2026-09-08,581.4299926757812,585.8499755859375,567.1599731445312,580.530029296875,580.530029296875,150600,USD,NYQ,America/New_York,Yahoo Finance
UI,2026-09-09,575.0,580.5,500.2300109863281,520.5800170898438,520.5800170898438,396300,USD,NYQ,America/New_York,Yahoo Finance
UI,2026-09-10,517.2000122070312,559.989990234375,517.0,536.8400268554688,536.8400268554688,310200,USD,NYQ,America/New_York,Yahoo Finance
UI,2026-09-11,544.8900146484375,564.1500244140625,539.3499755859375,564.1500244140625,564.1500244140625,132200,USD,NYQ,America/New_York,Yahoo Finance
UI,2026-09-14,546.719970703125,564.7899780273438,546.719970703125,552.9099731445312,552.9099731445312,119000,USD,NYQ,America/New_York,Yahoo Finance
UI,2026-09-15,559.9000244140625,569.780029296875,553.1099853515625,562.75,562.75,132200,USD,NYQ,America/New_York,Yahoo Finance
UI,2026-09-16,570.8699951171875,576.8099975585938,559.4400024414062,570.3699951171875,570.3699951171875,119800,USD,NYQ,America/New_York,Yahoo Finance
UI,2026-09-17,580.989990234375,600.3200073242188,578.6300048828125,596.4400024414062,596.4400024414062,145700,USD,NYQ,America/New_York,Yahoo Finance
UI,2026-09-18,601.0,607.1799926757812,582.0499877929688,589.47998046875,589.47998046875,236100,USD,NYQ,America/New_York,Yahoo Finance
UI,2026-09-21,596.8499755859375,600.0,572.9400024414062,586.1699829101562,586.1699829101562,151600,USD,NYQ,America/New_York,Yahoo Finance
UI,2026-09-22,585.4000244140625,591.989990234375,572.719970703125,580.8800048828125,580.8800048828125,107200,USD,NYQ,America/New_York,Yahoo Finance
UI,2026-09-23,580.0,584.4199829101562,573.1300048828125,573.4000244140625,573.4000244140625,56000,USD,NYQ,America/New_York,Yahoo Finance
UI,2026-09-24,563.3499755859375,575.0,560.0,563.1099853515625,563.1099853515625,135900,USD,NYQ,America/New_York,Yahoo Finance
UI,2026-09-25,568.3800048828125,580.3900146484375,560.6699829101562,560.6699829101562,560.6699829101562,90200,USD,NYQ,America/New_York,Yahoo Finance
UI,2026-09-28,557.780029296875,563.3699951171875,552.3800048828125,553.3699951171875,553.3699951171875,94700,USD,NYQ,America/New_York,Yahoo Finance
UNI7083-USD,2026-09-02,5.837305068969727,6.358378887176514,5.7195329666137695,5.843648910522461,5.843648910522461,986991767,USD,CCC,UTC,Yahoo Finance
UNI7083-USD,2026-09-03,5.8436598777771,6.475525856018066,5.663241863250732,6.3358259201049805,6.3358259201049805,870413979,USD,CCC,UTC,Yahoo Finance
UNI7083-USD,2026-09-04,6.334958076477051,6.4593000411987305,6.089309215545654,6.184395790100098,6.184395790100098,645417473,USD,CCC,UTC,Yahoo Finance
UNI7083-USD,2026-09-05,6.18435001373291,7.226833820343018,6.118241786956787,7.043789863586426,7.043789863586426,653993442,USD,CCC,UTC,Yahoo Finance
UNI7083-USD,2026-09-06,7.043848991394043,7.460683822631836,6.875621795654297,7.245820045471191,7.245820045471191,750729168,USD,CCC,UTC,Yahoo Finance
UNI7083-USD,2026-09-07,7.2459330558776855,7.278066158294678,6.769713878631592,6.869196891784668,6.869196891784668,477923041,USD,CCC,UTC,Yahoo Finance
UNI7083-USD,2026-09-08,6.86870002746582,7.16104793548584,6.698005199432373,6.739635944366455,6.739635944366455,476150789,USD,CCC,UTC,Yahoo Finance
UNI7083-USD,2026-09-09,6.739674091339111,6.949175834655762,6.129985809326172,6.163852214813232,6.163852214813232,484233317,USD,CCC,UTC,Yahoo Finance
UNI7083-USD,2026-09-10,6.163856029510498,6.198250770568848,5.8642191886901855,5.946116924285889,5.946116924285889,471915714,USD,CCC,UTC,Yahoo Finance
UNI7083-USD,2026-09-11,5.946349143981934,6.491501808166504,5.915095806121826,5.995879173278809,5.995879173278809,552240592,USD,CCC,UTC,Yahoo Finance
UNI7083-USD,2026-09-12,5.9963250160217285,6.5390729904174805,5.992616176605225,6.372035980224609,6.372035980224609,351364516,USD,CCC,UTC,Yahoo Finance
UNI7083-USD,2026-09-13,6.372037887573242,6.473555088043213,6.111011028289795,6.1145830154418945,6.1145830154418945,262246986,USD,CCC,UTC,Yahoo Finance
UNI7083-USD,2026-09-14,6.115533828735352,6.78298282623291,6.10685920715332,6.529677867889404,6.529677867889404,487998870,USD,CCC,UTC,Yahoo Finance
UNI7083-USD,2026-09-15,6.529524803161621,6.807007789611816,6.184174060821533,6.375980854034424,6.375980854034424,794228758,USD,CCC,UTC,Yahoo Finance
UNI7083-USD,2026-09-16,6.375944137573242,6.752383232116699,6.015323162078857,6.726150035858154,6.726150035858154,704693734,USD,CCC,UTC,Yahoo Finance
UNI7083-USD,2026-09-17,6.725436210632324,7.812559127807617,6.632689952850342,7.808473110198975,7.808473110198975,1201084154,USD,CCC,UTC,Yahoo Finance
UNI7083-USD,2026-09-18,7.805519104003906,9.30838680267334,7.655416965484619,8.834955215454102,8.834955215454102,2122796633,USD,CCC,UTC,Yahoo Finance
UNI7083-USD,2026-09-19,8.83965015411377,9.36254596710205,8.46738052368164,8.65664005279541,8.65664005279541,1182896623,USD,CCC,UTC,Yahoo Finance
UNI7083-USD,2026-09-20,8.656684875488281,8.926279067993164,8.552515983581543,8.737168312072754,8.737168312072754,780070529,USD,CCC,UTC,Yahoo Finance
UNI7083-USD,2026-09-21,8.735109329223633,9.217995643615723,8.537337303161621,8.97453498840332,8.97453498840332,1218720339,USD,CCC,UTC,Yahoo Finance
UNI7083-USD,2026-09-22,8.974496841430664,10.287519454956055,8.688963890075684,10.265899658203125,10.265899658203125,1983150544,USD,CCC,UTC,Yahoo Finance
UNI7083-USD,2026-09-23,10.266852378845215,10.880219459533691,9.064411163330078,9.251251220703125,9.251251220703125,1957951486,USD,CCC,UTC,Yahoo Finance
UNI7083-USD,2026-09-24,9.250779151916504,9.43805980682373,8.826778411865234,9.14407730102539,9.14407730102539,1049021903,USD,CCC,UTC,Yahoo Finance
UNI7083-USD,2026-09-25,9.143925666809082,9.88669204711914,9.057568550109863,9.626296997070312,9.626296997070312,1074335570,USD,CCC,UTC,Yahoo Finance
UNI7083-USD,2026-09-26,9.626198768615723,9.796015739440918,9.42238712310791,9.696619033813477,9.696619033813477,601739146,USD,CCC,UTC,Yahoo Finance
UNI7083-USD,2026-09-27,9.696615219116211,10.145604133605957,9.570335388183594,9.686055183410645,9.686055183410645,722993460,USD,CCC,UTC,Yahoo Finance
UNI7083-USD,2026-09-28,9.685836791992188,9.741460800170898,8.62281322479248,8.804664611816406,8.804664611816406,1152452291,USD,CCC,UTC,Yahoo Finance
UNI7083-USD,2026-09-29,8.804640769958496,9.229253768920898,8.463347434997559,8.883052825927734,8.883052825927734,877546095,USD,CCC,UTC,Yahoo Finance
UNI7083-USD,2026-09-30,8.883037567138672,9.15827465057373,8.732110977172852,8.867504119873047,8.867504119873047,734554708,USD,CCC,UTC,Yahoo Finance
UNI7083-USD,2026-10-01,8.8674898147583,9.219724655151367,8.768781661987305,8.977601051330566,8.977601051330566,713910335,USD,CCC,UTC,Yahoo Finance
USDG-USD,2026-09-04,5.450656890869141,5.498479843139648,5.449082851409912,5.452744007110596,5.452744007110596,38725,USD,CCC,UTC,Yahoo Finance
USDG-USD,2026-09-05,5.452744007110596,5.482234001159668,5.449954986572266,5.451127052307129,5.451127052307129,39641,USD,CCC,UTC,Yahoo Finance
USDG-USD,2026-09-06,5.451127052307129,5.4884748458862305,5.449416160583496,5.4504170417785645,5.4504170417785645,38903,USD,CCC,UTC,Yahoo Finance
USDG-USD,2026-09-07,5.4504170417785645,5.485046863555908,5.4485931396484375,5.44967794418335,5.44967794418335,38656,USD,CCC,UTC,Yahoo Finance
USDG-USD,2026-09-08,5.44967794418335,5.486317157745361,5.447807788848877,5.469046115875244,5.469046115875244,39393,USD,CCC,UTC,Yahoo Finance
USDG-USD,2026-09-09,5.469046115875244,5.493462085723877,5.448318958282471,5.449337005615234,5.449337005615234,38838,USD,CCC,UTC,Yahoo Finance
USDG-USD,2026-09-10,5.449337005615234,5.474775791168213,5.447482109069824,5.44923210144043,5.44923210144043,38868,USD,CCC,UTC,Yahoo Finance
USDG-USD,2026-09-11,5.44923210144043,5.475629806518555,5.44658088684082,5.4485931396484375,5.4485931396484375,38664,USD,CCC,UTC,Yahoo Finance
USDG-USD,2026-09-12,5.4485931396484375,5.482855796813965,5.4481329917907715,5.449087142944336,5.449087142944336,39198,USD,CCC,UTC,Yahoo Finance
USDG-USD,2026-09-13,5.449087142944336,5.4801411628723145,5.447673797607422,5.448072910308838,5.448072910308838,39863,USD,CCC,UTC,Yahoo Finance
USDG-USD,2026-09-14,5.448072910308838,5.479442119598389,5.447254180908203,5.44960880279541,5.44960880279541,39302,USD,CCC,UTC,Yahoo Finance
USDG-USD,2026-09-15,5.44960880279541,5.485237121582031,5.445671081542969,5.448645114898682,5.448645114898682,38528,USD,CCC,UTC,Yahoo Finance
USDG-USD,2026-09-16,5.448645114898682,5.477207183837891,5.444165229797363,5.4471588134765625,5.4471588134765625,38789,USD,CCC,UTC,Yahoo Finance
USDG-USD,2026-09-17,5.4471588134765625,5.476785182952881,5.4444451332092285,5.445295810699463,5.445295810699463,39061,USD,CCC,UTC,Yahoo Finance
USDG-USD,2026-09-18,5.445295810699463,5.473926067352295,5.444907188415527,5.449092864990234,5.449092864990234,39576,USD,CCC,UTC,Yahoo Finance
USDG-USD,2026-09-19,5.449092864990234,5.484652996063232,5.447835922241211,5.4483537673950195,5.4483537673950195,38931,USD,CCC,UTC,Yahoo Finance
USDG-USD,2026-09-20,5.4483537673950195,5.471436023712158,5.447776794433594,5.448709964752197,5.448709964752197,38620,USD,CCC,UTC,Yahoo Finance
USDG-USD,2026-09-21,5.448709964752197,5.450599193572998,5.446901798248291,5.448826789855957,5.448826789855957,38671,USD,CCC,UTC,Yahoo Finance
USDG-USD,2026-09-22,5.448826789855957,5.4506001472473145,5.4479079246521,5.44922399520874,5.44922399520874,38826,USD,CCC,UTC,Yahoo Finance
USDG-USD,2026-09-23,5.44922399520874,5.450140953063965,5.44788122177124,5.448812961578369,5.448812961578369,38221,USD,CCC,UTC,Yahoo Finance
USDG-USD,2026-09-24,5.448812961578369,5.449304103851318,5.446703910827637,5.44820499420166,5.44820499420166,37828,USD,CCC,UTC,Yahoo Finance
USDG-USD,2026-09-25,5.44820499420166,5.449485778808594,5.447380065917969,5.448798179626465,5.448798179626465,38178,USD,CCC,UTC,Yahoo Finance
USDG-USD,2026-09-26,5.448798179626465,5.449370861053467,5.44793701171875,5.44856595993042,5.44856595993042,38587,USD,CCC,UTC,Yahoo Finance
USDG-USD,2026-09-27,5.44856595993042,5.449357986450195,5.447117805480957,5.44853401184082,5.44853401184082,38484,USD,CCC,UTC,Yahoo Finance
USDG-USD,2026-09-28,5.44853401184082,5.450540065765381,5.44658899307251,5.447198867797852,5.447198867797852,38669,USD,CCC,UTC,Yahoo Finance
USDG-USD,2026-09-29,5.447198867797852,5.450770854949951,5.44613790512085,5.447938919067383,5.447938919067383,38465,USD,CCC,UTC,Yahoo Finance
USDG-USD,2026-09-30,5.447938919067383,5.4503889083862305,5.4461188316345215,5.446735858917236,5.446735858917236,38128,USD,CCC,UTC,Yahoo Finance
USDG-USD,2026-10-01,5.446735858917236,5.450738906860352,5.445497035980225,5.448340892791748,5.448340892791748,37692,USD,CCC,UTC,Yahoo Finance
USDG-USD,2026-10-02,5.448340892791748,5.449607849121094,5.44706392288208,5.449066162109375,5.449066162109375,38389,USD,CCC,UTC,Yahoo Finance
USDG-USD,2026-10-03,5.449066162109375,5.449485778808594,5.448616027832031,5.449127197265625,5.449127197265625,37748,USD,CCC,UTC,Yahoo Finance
UTI,2026-08-17,25.239999771118164,26.15999984741211,25.1299991607666,26.149999618530273,26.149999618530273,1500800,USD,NYQ,America/New_York,Yahoo Finance
UTI,2026-08-18,26.260000228881836,26.530000686645508,24.84000015258789,25.030000686645508,25.030000686645508,1064000,USD,NYQ,America/New_York,Yahoo Finance
UTI,2026-08-19,25.15999984741211,25.469999313354492,23.899999618530273,24.299999237060547,24.299999237060547,1494700,USD,NYQ,America/New_York,Yahoo Finance
UTI,2026-08-20,24.139999389648438,24.350000381469727,22.139999389648438,22.920000076293945,22.920000076293945,2920200,USD,NYQ,America/New_York,Yahoo Finance
UTI,2026-08-21,22.899999618530273,23.389999389648438,22.18000030517578,22.350000381469727,22.350000381469727,1964300,USD,NYQ,America/New_York,Yahoo Finance
UTI,2026-08-24,22.190000534057617,22.8700008392334,21.940000534057617,22.020000457763672,22.020000457763672,2505000,USD,NYQ,America/New_York,Yahoo Finance
UTI,2026-08-25,22.139999389648438,23.100000381469727,21.68000030517578,22.510000228881836,22.510000228881836,1663000,USD,NYQ,America/New_York,Yahoo Finance
UTI,2026-08-26,22.170000076293945,23.149999618530273,21.93000030517578,22.1200008392334,22.1200008392334,1466700,USD,NYQ,America/New_York,Yahoo Finance
UTI,2026-08-27,22.0,22.299999237060547,21.600000381469727,21.6200008392334,21.6200008392334,1799000,USD,NYQ,America/New_York,Yahoo Finance
UTI,2026-08-28,21.780000686645508,22.489999771118164,20.850000381469727,21.309999465942383,21.309999465942383,1723500,USD,NYQ,America/New_York,Yahoo Finance
UTI,2026-08-31,21.40999984741211,21.719999313354492,20.739999771118164,21.1299991607666,21.1299991607666,1744700,USD,NYQ,America/New_York,Yahoo Finance
UTI,2026-09-01,21.010000228881836,21.639999389648438,20.700000762939453,20.850000381469727,20.850000381469727,1196900,USD,NYQ,America/New_York,Yahoo Finance
UTI,2026-09-02,20.90999984741211,22.65999984741211,20.5,20.920000076293945,20.920000076293945,1304300,USD,NYQ,America/New_York,Yahoo Finance
UTI,2026-09-03,20.799999237060547,22.15999984741211,20.329999923706055,21.600000381469727,21.600000381469727,1678300,USD,NYQ,America/New_York,Yahoo Finance
UTI,2026-09-04,21.229999542236328,22.3799991607666,21.229999542236328,22.200000762939453,22.200000762939453,1461300,USD,NYQ,America/New_York,Yahoo Finance
UTI,2026-09-08,22.15999984741211,22.6299991607666,21.530000686645508,21.59000015258789,21.59000015258789,1545800,USD,NYQ,America/New_York,Yahoo Finance
UTI,2026-09-09,21.5,21.969999313354492,20.829999923706055,21.290000915527344,21.290000915527344,1324300,USD,NYQ,America/New_York,Yahoo Finance
UTI,2026-09-10,21.25,21.639999389648438,20.479999542236328,20.600000381469727,20.600000381469727,1105500,USD,NYQ,America/New_York,Yahoo Finance
UTI,2026-09-11,20.690000534057617,21.020000457763672,20.18000030517578,20.309999465942383,20.309999465942383,1898900,USD,NYQ,America/New_York,Yahoo Finance
UTI,2026-09-14,20.030000686645508,20.850000381469727,19.520000457763672,20.329999923706055,20.329999923706055,2194200,USD,NYQ,America/New_York,Yahoo Finance
UTI,2026-09-15,20.15999984741211,20.639999389648438,19.68000030517578,20.549999237060547,20.549999237060547,1935400,USD,NYQ,America/New_York,Yahoo Finance
UTI,2026-09-16,20.649999618530273,21.190000534057617,20.34000015258789,20.8799991607666,20.8799991607666,2016800,USD,NYQ,America/New_York,Yahoo Finance
UTI,2026-09-17,21.1299991607666,21.329999923706055,20.6200008392334,20.81999969482422,20.81999969482422,1278100,USD,NYQ,America/New_York,Yahoo Finance
UTI,2026-09-18,20.889999389648438,21.700000762939453,20.5,21.469999313354492,21.469999313354492,2046000,USD,NYQ,America/New_York,Yahoo Finance
UTI,2026-09-21,20.34000015258789,20.770000457763672,19.56999969482422,20.719999313354492,20.719999313354492,4465400,USD,NYQ,America/New_York,Yahoo Finance
UTI,2026-09-22,21.3700008392334,21.3700008392334,20.229999542236328,20.40999984741211,20.40999984741211,3026600,USD,NYQ,America/New_York,Yahoo Finance
UTI,2026-09-23,20.31999969482422,20.65999984741211,19.809999465942383,20.420000076293945,20.420000076293945,1983700,USD,NYQ,America/New_York,Yahoo Finance
UTI,2026-09-24,20.43000030517578,20.969999313354492,20.329999923706055,20.670000076293945,20.670000076293945,1213400,USD,NYQ,America/New_York,Yahoo Finance
UTI,2026-09-25,20.68000030517578,20.799999237060547,20.020000457763672,20.299999237060547,20.299999237060547,1719800,USD,NYQ,America/New_York,Yahoo Finance
UTI,2026-09-28,20.209999084472656,20.209999084472656,18.459999084472656,18.469999313354492,18.469999313354492,2458000,USD,NYQ,America/New_York,Yahoo Finance
VET,2026-08-17,11.4399995803833,11.890000343322754,11.430000305175781,11.880000114440918,11.793291091918945,932500,USD,NYQ,America/New_York,Yahoo Finance
VET,2026-08-18,12.0,12.260000228881836,11.890000343322754,12.229999542236328,12.14073657989502,1848300,USD,NYQ,America/New_York,Yahoo Finance
VET,2026-08-19,12.369999885559082,12.8100004196167,12.369999885559082,12.5600004196167,12.468328475952148,2055300,USD,NYQ,America/New_York,Yahoo Finance
VET,2026-08-20,12.90999984741211,13.010000228881836,12.770000457763672,12.84000015258789,12.746284484863281,1754900,USD,NYQ,America/New_York,Yahoo Finance
VET,2026-08-21,12.859999656677246,12.949999809265137,12.680000305175781,12.729999542236328,12.637086868286133,1040400,USD,NYQ,America/New_York,Yahoo Finance
VET,2026-08-24,12.539999961853027,12.670000076293945,12.369999885559082,12.539999961853027,12.448473930358887,878300,USD,NYQ,America/New_York,Yahoo Finance
VET,2026-08-25,12.210000038146973,12.430000305175781,12.050000190734863,12.199999809265137,12.110955238342285,1070000,USD,NYQ,America/New_York,Yahoo Finance
VET,2026-08-26,11.920000076293945,12.5,11.880000114440918,12.260000228881836,12.170517921447754,1388600,USD,NYQ,America/New_York,Yahoo Finance
VET,2026-08-27,12.229999542236328,12.800000190734863,12.229999542236328,12.710000038146973,12.617233276367188,1236800,USD,NYQ,America/New_York,Yahoo Finance
VET,2026-08-28,12.6899995803833,12.760000228881836,12.359999656677246,12.460000038146973,12.369058609008789,978500,USD,NYQ,America/New_York,Yahoo Finance
VET,2026-08-31,12.899999618530273,13.0600004196167,12.699999809265137,12.829999923706055,12.736357688903809,1409100,USD,NYQ,America/New_York,Yahoo Finance
VET,2026-09-01,13.1899995803833,13.210000038146973,12.880000114440918,13.180000305175781,13.083803176879883,2442800,USD,NYQ,America/New_York,Yahoo Finance
VET,2026-09-02,13.010000228881836,13.34000015258789,12.989999771118164,13.170000076293945,13.07387638092041,1006900,USD,NYQ,America/New_York,Yahoo Finance
VET,2026-09-03,13.180000305175781,13.260000228881836,12.899999618530273,13.020000457763672,12.924971580505371,1275600,USD,NYQ,America/New_York,Yahoo Finance
VET,2026-09-04,12.869999885559082,12.989999771118164,12.710000038146973,12.84000015258789,12.746284484863281,853300,USD,NYQ,America/New_York,Yahoo Finance
VET,2026-09-08,13.130000114440918,13.270000457763672,12.989999771118164,13.039999961853027,12.944825172424316,881500,USD,NYQ,America/New_York,Yahoo Finance
VET,2026-09-09,13.25,13.529999732971191,13.100000381469727,13.369999885559082,13.272416114807129,1578500,USD,NYQ,America/New_York,Yahoo Finance
VET,2026-09-10,13.630000114440918,13.729999542236328,13.199999809265137,13.390000343322754,13.29227066040039,1964800,USD,NYQ,America/New_York,Yahoo Finance
VET,2026-09-11,13.229999542236328,13.279999732971191,12.920000076293945,13.229999542236328,13.133438110351562,1223300,USD,NYQ,America/New_York,Yahoo Finance
VET,2026-09-14,13.539999961853027,13.75,13.229999542236328,13.289999961853027,13.192999839782715,1576600,USD,NYQ,America/New_York,Yahoo Finance
VET,2026-09-15,13.390000343322754,13.630000114440918,13.229999542236328,13.460000038146973,13.460000038146973,2827200,USD,NYQ,America/New_York,Yahoo Finance
VET,2026-09-16,13.239999771118164,13.329999923706055,12.520000457763672,12.619999885559082,12.619999885559082,2141600,USD,NYQ,America/New_York,Yahoo Finance
VET,2026-09-17,12.510000228881836,12.699999809265137,12.369999885559082,12.649999618530273,12.649999618530273,710100,USD,NYQ,America/New_York,Yahoo Finance
VET,2026-09-18,12.640000343322754,12.739999771118164,12.479999542236328,12.520000457763672,12.520000457763672,1258700,USD,NYQ,America/New_York,Yahoo Finance
VET,2026-09-21,12.3100004196167,12.359999656677246,11.880000114440918,11.90999984741211,11.90999984741211,1356100,USD,NYQ,America/New_York,Yahoo Finance
VET,2026-09-22,11.6899995803833,11.920000076293945,11.489999771118164,11.619999885559082,11.619999885559082,1768500,USD,NYQ,America/New_York,Yahoo Finance
VET,2026-09-23,11.729999542236328,11.880000114440918,11.609999656677246,11.680000305175781,11.680000305175781,1487300,USD,NYQ,America/New_York,Yahoo Finance
VET,2026-09-24,11.800000190734863,12.100000381469727,11.770000457763672,11.869999885559082,11.869999885559082,2038800,USD,NYQ,America/New_York,Yahoo Finance
VET,2026-09-25,11.649999618530273,11.699999809265137,11.420000076293945,11.600000381469727,11.600000381469727,1061200,USD,NYQ,America/New_York,Yahoo Finance
VET,2026-09-28,11.869999885559082,11.869999885559082,11.520000457763672,11.520000457763672,11.520000457763672,902800,USD,NYQ,America/New_York,Yahoo Finance
VNOM,2026-08-17,42.33000183105469,43.10499954223633,42.15999984741211,43.04999923706055,43.04999923706055,1197000,USD,NMS,America/New_York,Yahoo Finance
VNOM,2026-08-18,43.31999969482422,43.665000915527344,43.06999969482422,43.56999969482422,43.56999969482422,1807100,USD,NMS,America/New_York,Yahoo Finance
VNOM,2026-08-19,43.7400016784668,44.36000061035156,43.54999923706055,43.880001068115234,43.880001068115234,1802100,USD,NMS,America/New_York,Yahoo Finance
VNOM,2026-08-20,44.459999084472656,45.29999923706055,44.435001373291016,45.029998779296875,45.029998779296875,2046400,USD,NMS,America/New_York,Yahoo Finance
VNOM,2026-08-21,45.040000915527344,45.459999084472656,44.630001068115234,45.27000045776367,45.27000045776367,1982300,USD,NMS,America/New_York,Yahoo Finance
VNOM,2026-08-24,44.900001525878906,45.20000076293945,44.3849983215332,44.709999084472656,44.709999084472656,1384500,USD,NMS,America/New_York,Yahoo Finance
VNOM,2026-08-25,44.220001220703125,44.69499969482422,43.9900016784668,44.06999969482422,44.06999969482422,1134700,USD,NMS,America/New_York,Yahoo Finance
VNOM,2026-08-26,43.91999816894531,44.70000076293945,43.79999923706055,44.22999954223633,44.22999954223633,1217800,USD,NMS,America/New_York,Yahoo Finance
VNOM,2026-08-27,44.25,44.88999938964844,43.86000061035156,44.66999816894531,44.66999816894531,1359900,USD,NMS,America/New_York,Yahoo Finance
VNOM,2026-08-28,44.689998626708984,44.9900016784668,44.11000061035156,44.18000030517578,44.18000030517578,1199700,USD,NMS,America/New_York,Yahoo Finance
VNOM,2026-08-31,44.974998474121094,45.38999938964844,44.27000045776367,44.790000915527344,44.790000915527344,987000,USD,NMS,America/New_York,Yahoo Finance
VNOM,2026-09-01,45.27000045776367,45.43000030517578,44.93000030517578,45.38999938964844,45.38999938964844,1116500,USD,NMS,America/New_York,Yahoo Finance
VNOM,2026-09-02,45.0099983215332,45.40999984741211,44.85499954223633,45.119998931884766,45.119998931884766,920000,USD,NMS,America/New_York,Yahoo Finance
VNOM,2026-09-03,45.150001525878906,45.33000183105469,44.77000045776367,44.88999938964844,44.88999938964844,1025700,USD,NMS,America/New_York,Yahoo Finance
VNOM,2026-09-04,44.540000915527344,44.790000915527344,44.04999923706055,44.38999938964844,44.38999938964844,813400,USD,NMS,America/New_York,Yahoo Finance
VNOM,2026-09-08,45.0,45.3849983215332,44.630001068115234,44.88999938964844,44.88999938964844,1241800,USD,NMS,America/New_York,Yahoo Finance
VNOM,2026-09-09,45.25,45.47999954223633,44.90999984741211,45.27000045776367,45.27000045776367,798500,USD,NMS,America/New_York,Yahoo Finance
VNOM,2026-09-10,45.93000030517578,46.0,44.470001220703125,44.84000015258789,44.84000015258789,1613500,USD,NMS,America/New_York,Yahoo Finance
VNOM,2026-09-11,44.779998779296875,45.0,44.369998931884766,44.709999084472656,44.709999084472656,890800,USD,NMS,America/New_York,Yahoo Finance
VNOM,2026-09-14,45.41999816894531,45.720001220703125,44.540000915527344,44.63999938964844,44.63999938964844,1836500,USD,NMS,America/New_York,Yahoo Finance
VNOM,2026-09-15,44.9900016784668,46.13999938964844,44.82500076293945,45.959999084472656,45.959999084472656,1298700,USD,NMS,America/New_York,Yahoo Finance
VNOM,2026-09-16,45.48500061035156,45.48500061035156,42.41999816894531,43.189998626708984,43.189998626708984,2887100,USD,NMS,America/New_York,Yahoo Finance
VNOM,2026-09-17,43.029998779296875,43.650001525878906,42.8849983215332,42.93000030517578,42.93000030517578,2235300,USD,NMS,America/New_York,Yahoo Finance
VNOM,2026-09-18,42.79999923706055,43.21500015258789,42.22999954223633,42.27000045776367,42.27000045776367,5860600,USD,NMS,America/New_York,Yahoo Finance
VNOM,2026-09-21,42.0,42.154998779296875,41.334999084472656,41.720001220703125,41.720001220703125,1718000,USD,NMS,America/New_York,Yahoo Finance
VNOM,2026-09-22,41.15999984741211,41.777000427246094,40.67499923706055,40.77000045776367,40.77000045776367,2296000,USD,NMS,America/New_York,Yahoo Finance
VNOM,2026-09-23,41.36000061035156,41.88999938964844,40.83000183105469,40.93000030517578,40.93000030517578,1545900,USD,NMS,America/New_York,Yahoo Finance
VNOM,2026-09-24,41.2400016784668,42.2400016784668,41.150001525878906,41.63999938964844,41.63999938964844,3353800,USD,NMS,America/New_York,Yahoo Finance
VNOM,2026-09-25,41.119998931884766,41.435001373291016,40.90999984741211,40.93000030517578,40.93000030517578,2241800,USD,NMS,America/New_York,Yahoo Finance
VNOM,2026-09-28,41.290000915527344,41.290000915527344,40.529998779296875,40.529998779296875,40.529998779296875,1575200,USD,NMS,America/New_York,Yahoo Finance
W,2026-08-17,100.69999694824219,103.86000061035156,99.0270004272461,103.08000183105469,103.08000183105469,3137500,USD,NYQ,America/New_York,Yahoo Finance
W,2026-08-18,101.62999725341797,104.37999725341797,99.22000122070312,101.69000244140625,101.69000244140625,2353500,USD,NYQ,America/New_York,Yahoo Finance
W,2026-08-19,104.0,107.91999816894531,103.55000305175781,107.80000305175781,107.80000305175781,2412900,USD,NYQ,America/New_York,Yahoo Finance
W,2026-08-20,106.18000030517578,107.83000183105469,101.83000183105469,103.30999755859375,103.30999755859375,2315400,USD,NYQ,America/New_York,Yahoo Finance
W,2026-08-21,103.0199966430664,104.24299621582031,100.86000061035156,101.5199966430664,101.5199966430664,1930900,USD,NYQ,America/New_York,Yahoo Finance
W,2026-08-24,100.5199966430664,103.91000366210938,100.5199966430664,103.19000244140625,103.19000244140625,1660400,USD,NYQ,America/New_York,Yahoo Finance
W,2026-08-25,105.05000305175781,106.5,103.19999694824219,104.52999877929688,104.52999877929688,1866400,USD,NYQ,America/New_York,Yahoo Finance
W,2026-08-26,102.9800033569336,105.62999725341797,101.6520004272461,104.0,104.0,1457800,USD,NYQ,America/New_York,Yahoo Finance
W,2026-08-27,104.11000061035156,106.94999694824219,103.38999938964844,105.01000213623047,105.01000213623047,2297900,USD,NYQ,America/New_York,Yahoo Finance
W,2026-08-28,105.45999908447266,106.23999786376953,103.0,103.76000213623047,103.76000213623047,1852100,USD,NYQ,America/New_York,Yahoo Finance
W,2026-08-31,102.37999725341797,102.40599822998047,97.2699966430664,99.2699966430664,99.2699966430664,2559100,USD,NYQ,America/New_York,Yahoo Finance
W,2026-09-01,98.0,98.30000305175781,93.0,93.87999725341797,93.87999725341797,2865500,USD,NYQ,America/New_York,Yahoo Finance
W,2026-09-02,95.3499984741211,95.48999786376953,93.33999633789062,94.54000091552734,94.54000091552734,1835000,USD,NYQ,America/New_York,Yahoo Finance
W,2026-09-03,96.9000015258789,101.06999969482422,95.75,96.9800033569336,96.9800033569336,2332300,USD,NYQ,America/New_York,Yahoo Finance
W,2026-09-04,97.0,99.62999725341797,96.0,99.43000030517578,99.43000030517578,1719500,USD,NYQ,America/New_York,Yahoo Finance
W,2026-09-08,100.22000122070312,101.16000366210938,97.27999877929688,99.97000122070312,99.97000122070312,2789800,USD,NYQ,America/New_York,Yahoo Finance
W,2026-09-09,99.7300033569336,100.9000015258789,98.11000061035156,100.12000274658203,100.12000274658203,2434500,USD,NYQ,America/New_York,Yahoo Finance
W,2026-09-10,98.08000183105469,98.63999938964844,96.48999786376953,97.44999694824219,97.44999694824219,2008800,USD,NYQ,America/New_York,Yahoo Finance
W,2026-09-11,98.41999816894531,99.87000274658203,97.33999633789062,98.56999969482422,98.56999969482422,1687600,USD,NYQ,America/New_York,Yahoo Finance
W,2026-09-14,97.37999725341797,106.37999725341797,97.37999725341797,104.79000091552734,104.79000091552734,3024000,USD,NYQ,America/New_York,Yahoo Finance
W,2026-09-15,103.82499694824219,106.2249984741211,101.19999694824219,103.69000244140625,103.69000244140625,3294300,USD,NYQ,America/New_York,Yahoo Finance
W,2026-09-16,105.26000213623047,106.66000366210938,102.37000274658203,103.23999786376953,103.23999786376953,2546600,USD,NYQ,America/New_York,Yahoo Finance
W,2026-09-17,107.0,107.41999816894531,101.65499877929688,102.5,102.5,2085800,USD,NYQ,America/New_York,Yahoo Finance
W,2026-09-18,103.4000015258789,103.7300033569336,100.33999633789062,102.45999908447266,102.45999908447266,2905800,USD,NYQ,America/New_York,Yahoo Finance
W,2026-09-21,106.13999938964844,106.7300033569336,104.5,104.94999694824219,104.94999694824219,1842900,USD,NYQ,America/New_York,Yahoo Finance
W,2026-09-22,107.79000091552734,108.68000030517578,105.52999877929688,107.3499984741211,107.3499984741211,1785700,USD,NYQ,America/New_York,Yahoo Finance
W,2026-09-23,105.20999908447266,105.73999786376953,97.7300033569336,99.5,99.5,4257800,USD,NYQ,America/New_York,Yahoo Finance
W,2026-09-24,98.9000015258789,100.30999755859375,95.8499984741211,97.66999816894531,97.66999816894531,2469700,USD,NYQ,America/New_York,Yahoo Finance
W,2026-09-25,97.5,99.79000091552734,95.98999786376953,98.1500015258789,98.1500015258789,1881600,USD,NYQ,America/New_York,Yahoo Finance
W,2026-09-28,94.98999786376953,99.51000213623047,94.25,98.62999725341797,98.62999725341797,2205700,USD,NYQ,America/New_York,Yahoo Finance
WFG,2026-08-17,69.97000122070312,70.30999755859375,68.19000244140625,68.41000366210938,68.41000366210938,217800,USD,NYQ,America/New_York,Yahoo Finance
WFG,2026-08-18,68.83999633789062,68.83999633789062,67.08999633789062,67.25,67.25,162500,USD,NYQ,America/New_York,Yahoo Finance
WFG,2026-08-19,68.12000274658203,71.62000274658203,68.12000274658203,71.08000183105469,71.08000183105469,312300,USD,NYQ,America/New_York,Yahoo Finance
WFG,2026-08-20,70.27999877929688,70.69000244140625,68.51000213623047,68.91999816894531,68.91999816894531,276300,USD,NYQ,America/New_York,Yahoo Finance
WFG,2026-08-21,69.19000244140625,70.18000030517578,68.7699966430664,69.75,69.75,148500,USD,NYQ,America/New_York,Yahoo Finance
WFG,2026-08-24,69.38999938964844,69.88999938964844,67.55999755859375,68.56999969482422,68.56999969482422,140000,USD,NYQ,America/New_York,Yahoo Finance
WFG,2026-08-25,68.80999755859375,69.41999816894531,68.2300033569336,69.0,69.0,136800,USD,NYQ,America/New_York,Yahoo Finance
WFG,2026-08-26,69.70999908447266,69.70999908447266,67.68000030517578,67.80999755859375,67.80999755859375,142500,USD,NYQ,America/New_York,Yahoo Finance
WFG,2026-08-27,67.27999877929688,70.02999877929688,67.23999786376953,69.0,69.0,166100,USD,NYQ,America/New_York,Yahoo Finance
WFG,2026-08-28,69.66000366210938,70.37999725341797,67.5,67.66999816894531,67.66999816894531,195400,USD,NYQ,America/New_York,Yahoo Finance
WFG,2026-08-31,67.1500015258789,68.7300033569336,67.1500015258789,68.16000366210938,68.16000366210938,206800,USD,NYQ,America/New_York,Yahoo Finance
WFG,2026-09-01,67.80999755859375,67.93000030517578,65.55999755859375,66.33999633789062,66.33999633789062,382800,USD,NYQ,America/New_York,Yahoo Finance
WFG,2026-09-02,66.41999816894531,68.55999755859375,66.37999725341797,66.9000015258789,66.9000015258789,231200,USD,NYQ,America/New_York,Yahoo Finance
WFG,2026-09-03,67.8499984741211,68.08000183105469,66.29000091552734,67.01000213623047,67.01000213623047,145700,USD,NYQ,America/New_York,Yahoo Finance
WFG,2026-09-04,67.0,69.37000274658203,66.66000366210938,68.72000122070312,68.72000122070312,142600,USD,NYQ,America/New_York,Yahoo Finance
WFG,2026-09-08,68.69000244140625,69.19000244140625,67.98999786376953,68.31999969482422,68.31999969482422,133600,USD,NYQ,America/New_York,Yahoo Finance
WFG,2026-09-09,68.41000366210938,68.88999938964844,67.8499984741211,68.48999786376953,68.48999786376953,144900,USD,NYQ,America/New_York,Yahoo Finance
WFG,2026-09-10,68.0,68.95999908447266,67.41999816894531,67.43000030517578,67.43000030517578,291000,USD,NYQ,America/New_York,Yahoo Finance
WFG,2026-09-11,68.51000213623047,69.13999938964844,68.04000091552734,69.04000091552734,69.04000091552734,144800,USD,NYQ,America/New_York,Yahoo Finance
WFG,2026-09-14,69.01000213623047,72.12000274658203,68.9000015258789,70.54000091552734,70.54000091552734,483100,USD,NYQ,America/New_York,Yahoo Finance
WFG,2026-09-15,71.19000244140625,73.44999694824219,71.18000030517578,71.58000183105469,71.58000183105469,347000,USD,NYQ,America/New_York,Yahoo Finance
WFG,2026-09-16,71.58000183105469,73.62999725341797,71.58000183105469,72.75,72.75,381900,USD,NYQ,America/New_York,Yahoo Finance
WFG,2026-09-17,73.5,73.5999984741211,72.05000305175781,72.7699966430664,72.7699966430664,178500,USD,NYQ,America/New_York,Yahoo Finance
WFG,2026-09-18,72.81999969482422,72.81999969482422,70.95999908447266,71.47000122070312,71.47000122070312,235200,USD,NYQ,America/New_York,Yahoo Finance
WFG,2026-09-21,71.87000274658203,72.52999877929688,70.75,72.0999984741211,72.0999984741211,190700,USD,NYQ,America/New_York,Yahoo Finance
WFG,2026-09-22,72.79000091552734,74.61000061035156,72.56999969482422,74.31999969482422,74.31999969482422,217500,USD,NYQ,America/New_York,Yahoo Finance
WFG,2026-09-23,73.3499984741211,73.87000274658203,72.68000030517578,73.06999969482422,73.06999969482422,293100,USD,NYQ,America/New_York,Yahoo Finance
WFG,2026-09-24,72.62999725341797,72.62999725341797,69.95999908447266,70.76000213623047,70.76000213623047,223200,USD,NYQ,America/New_York,Yahoo Finance
WFG,2026-09-25,70.73999786376953,71.87999725341797,70.37999725341797,71.68000030517578,71.68000030517578,187900,USD,NYQ,America/New_York,Yahoo Finance
WFG,2026-09-28,70.9000015258789,72.6500015258789,70.69000244140625,71.47000122070312,71.47000122070312,112000,USD,NYQ,America/New_York,Yahoo Finance
WLDN,2026-08-17,85.76000213623047,86.33000183105469,83.44000244140625,83.47000122070312,83.47000122070312,260300,USD,NGM,America/New_York,Yahoo Finance
WLDN,2026-08-18,82.95999908447266,85.01000213623047,82.37000274658203,84.54000091552734,84.54000091552734,239000,USD,NGM,America/New_York,Yahoo Finance
WLDN,2026-08-19,84.66000366210938,85.98999786376953,81.48999786376953,84.8499984741211,84.8499984741211,214400,USD,NGM,America/New_York,Yahoo Finance
WLDN,2026-08-20,84.44999694824219,85.95999908447266,84.33000183105469,85.58000183105469,85.58000183105469,162300,USD,NGM,America/New_York,Yahoo Finance
WLDN,2026-08-21,86.83999633789062,87.01000213623047,82.97000122070312,85.55999755859375,85.55999755859375,359500,USD,NGM,America/New_York,Yahoo Finance
WLDN,2026-08-24,84.72000122070312,85.30000305175781,82.26000213623047,83.5,83.5,296800,USD,NGM,America/New_York,Yahoo Finance
WLDN,2026-08-25,84.7699966430664,87.2699966430664,83.9800033569336,85.44999694824219,85.44999694824219,225800,USD,NGM,America/New_York,Yahoo Finance
WLDN,2026-08-26,85.30999755859375,87.23999786376953,85.13999938964844,85.94000244140625,85.94000244140625,225700,USD,NGM,America/New_York,Yahoo Finance
WLDN,2026-08-27,85.94000244140625,88.43000030517578,84.93000030517578,87.87000274658203,87.87000274658203,193600,USD,NGM,America/New_York,Yahoo Finance
WLDN,2026-08-28,87.87000274658203,88.81999969482422,86.2699966430664,87.98999786376953,87.98999786376953,140100,USD,NGM,America/New_York,Yahoo Finance
WLDN,2026-08-31,87.30999755859375,88.62999725341797,86.75,87.94999694824219,87.94999694824219,185700,USD,NGM,America/New_York,Yahoo Finance
WLDN,2026-09-01,87.08999633789062,88.77999877929688,86.51000213623047,87.33999633789062,87.33999633789062,177900,USD,NGM,America/New_York,Yahoo Finance
WLDN,2026-09-02,85.91000366210938,89.33000183105469,85.91000366210938,87.55999755859375,87.55999755859375,190100,USD,NGM,America/New_York,Yahoo Finance
WLDN,2026-09-03,88.7699966430664,89.31999969482422,86.62999725341797,87.06999969482422,87.06999969482422,300200,USD,NGM,America/New_York,Yahoo Finance
WLDN,2026-09-04,85.91999816894531,86.81999969482422,85.23999786376953,85.77999877929688,85.77999877929688,159700,USD,NGM,America/New_York,Yahoo Finance
WLDN,2026-09-08,85.13999938964844,88.66999816894531,85.0999984741211,87.25,87.25,236200,USD,NGM,America/New_York,Yahoo Finance
WLDN,2026-09-09,86.62000274658203,86.91999816894531,81.31999969482422,82.38999938964844,82.38999938964844,231000,USD,NGM,America/New_York,Yahoo Finance
WLDN,2026-09-10,82.13999938964844,84.06999969482422,81.70999908447266,81.93000030517578,81.93000030517578,149300,USD,NGM,America/New_York,Yahoo Finance
WLDN,2026-09-11,82.4000015258789,83.2300033569336,81.61000061035156,82.19999694824219,82.19999694824219,141600,USD,NGM,America/New_York,Yahoo Finance
WLDN,2026-09-14,81.98999786376953,82.8499984741211,80.62000274658203,81.54000091552734,81.54000091552734,120500,USD,NGM,America/New_York,Yahoo Finance
WLDN,2026-09-15,80.94000244140625,80.95999908447266,77.51000213623047,77.83000183105469,77.83000183105469,232800,USD,NGM,America/New_York,Yahoo Finance
WLDN,2026-09-16,77.5,79.44999694824219,77.12000274658203,78.37999725341797,78.37999725341797,200700,USD,NGM,America/New_York,Yahoo Finance
WLDN,2026-09-17,79.94000244140625,80.51000213623047,79.37999725341797,79.98999786376953,79.98999786376953,112600,USD,NGM,America/New_York,Yahoo Finance
WLDN,2026-09-18,80.08000183105469,81.76000213623047,78.79000091552734,79.94999694824219,79.94999694824219,181800,USD,NGM,America/New_York,Yahoo Finance
WLDN,2026-09-21,81.05000305175781,81.05000305175781,79.41000366210938,80.22000122070312,80.22000122070312,105500,USD,NGM,America/New_York,Yahoo Finance
WLDN,2026-09-22,81.5999984741211,81.5999984741211,79.48999786376953,79.88999938964844,79.88999938964844,125900,USD,NGM,America/New_York,Yahoo Finance
WLDN,2026-09-23,80.69999694824219,84.44999694824219,78.95999908447266,81.36000061035156,81.36000061035156,381400,USD,NGM,America/New_York,Yahoo Finance
WLDN,2026-09-24,80.12000274658203,81.08000183105469,78.52999877929688,79.62999725341797,79.62999725341797,219400,USD,NGM,America/New_York,Yahoo Finance
WLDN,2026-09-25,79.62999725341797,80.33000183105469,78.6500015258789,78.9000015258789,78.9000015258789,119000,USD,NGM,America/New_York,Yahoo Finance
WLDN,2026-09-28,78.76000213623047,78.76000213623047,76.66000366210938,77.20999908447266,77.20999908447266,181700,USD,NGM,America/New_York,Yahoo Finance
WLFC,2026-08-17,56.79999923706055,58.939998626708984,55.79999923706055,58.43000030517578,58.43000030517578,392600,USD,NGM,America/New_York,Yahoo Finance
WLFC,2026-08-18,58.130001068115234,58.47999954223633,56.0099983215332,57.459999084472656,57.459999084472656,315300,USD,NGM,America/New_York,Yahoo Finance
WLFC,2026-08-19,57.95000076293945,58.09000015258789,54.869998931884766,55.09000015258789,55.09000015258789,220600,USD,NGM,America/New_York,Yahoo Finance
WLFC,2026-08-20,54.65999984741211,55.36000061035156,53.400001525878906,54.18000030517578,54.18000030517578,215100,USD,NGM,America/New_York,Yahoo Finance
WLFC,2026-08-21,54.65999984741211,55.0099983215332,53.650001525878906,54.369998931884766,54.369998931884766,159900,USD,NGM,America/New_York,Yahoo Finance
WLFC,2026-08-24,54.45000076293945,55.56999969482422,53.650001525878906,55.150001525878906,55.150001525878906,194900,USD,NGM,America/New_York,Yahoo Finance
WLFC,2026-08-25,56.04999923706055,56.060001373291016,53.900001525878906,54.619998931884766,54.619998931884766,141400,USD,NGM,America/New_York,Yahoo Finance
WLFC,2026-08-26,54.619998931884766,55.59000015258789,54.290000915527344,54.90999984741211,54.90999984741211,176300,USD,NGM,America/New_York,Yahoo Finance
WLFC,2026-08-27,54.4900016784668,55.33000183105469,53.95000076293945,55.11000061035156,55.11000061035156,89800,USD,NGM,America/New_York,Yahoo Finance
WLFC,2026-08-28,55.189998626708984,55.939998626708984,52.130001068115234,53.41999816894531,53.41999816894531,251800,USD,NGM,America/New_York,Yahoo Finance
WLFC,2026-08-31,53.04999923706055,54.369998931884766,52.61000061035156,54.130001068115234,54.130001068115234,236100,USD,NGM,America/New_York,Yahoo Finance
WLFC,2026-09-01,53.86000061035156,54.779998779296875,53.209999084472656,54.02000045776367,54.02000045776367,196900,USD,NGM,America/New_York,Yahoo Finance
WLFC,2026-09-02,54.959999084472656,55.61000061035156,54.22999954223633,54.900001525878906,54.900001525878906,297100,USD,NGM,America/New_York,Yahoo Finance
WLFC,2026-09-03,55.349998474121094,55.869998931884766,54.2599983215332,55.5099983215332,55.5099983215332,113100,USD,NGM,America/New_York,Yahoo Finance
WLFC,2026-09-04,55.29999923706055,56.29999923706055,55.150001525878906,56.220001220703125,56.220001220703125,128900,USD,NGM,America/New_York,Yahoo Finance
WLFC,2026-09-08,58.5,60.0,57.029998779296875,57.43000030517578,57.43000030517578,266700,USD,NGM,America/New_York,Yahoo Finance
WLFC,2026-09-09,56.869998931884766,57.36000061035156,56.099998474121094,56.77000045776367,56.77000045776367,158800,USD,NGM,America/New_York,Yahoo Finance
WLFC,2026-09-10,56.15999984741211,56.83000183105469,55.599998474121094,56.189998626708984,56.189998626708984,140600,USD,NGM,America/New_York,Yahoo Finance
WLFC,2026-09-11,56.959999084472656,57.27000045776367,55.970001220703125,56.16999816894531,56.16999816894531,118100,USD,NGM,America/New_York,Yahoo Finance
WLFC,2026-09-14,55.29999923706055,55.88999938964844,54.02000045776367,54.060001373291016,54.060001373291016,151500,USD,NGM,America/New_York,Yahoo Finance
WLFC,2026-09-15,53.869998931884766,55.83000183105469,52.810001373291016,54.310001373291016,54.310001373291016,150700,USD,NGM,America/New_York,Yahoo Finance
WLFC,2026-09-16,54.18000030517578,55.9900016784668,54.15999984741211,55.13999938964844,55.13999938964844,137800,USD,NGM,America/New_York,Yahoo Finance
WLFC,2026-09-17,56.20000076293945,56.20000076293945,54.459999084472656,54.7400016784668,54.7400016784668,119300,USD,NGM,America/New_York,Yahoo Finance
WLFC,2026-09-18,54.61000061035156,55.130001068115234,54.02000045776367,54.31999969482422,54.31999969482422,259200,USD,NGM,America/New_York,Yahoo Finance
WLFC,2026-09-21,55.130001068115234,55.130001068115234,54.209999084472656,54.7400016784668,54.7400016784668,100600,USD,NGM,America/New_York,Yahoo Finance
WLFC,2026-09-22,55.689998626708984,56.02000045776367,54.2400016784668,54.88999938964844,54.88999938964844,88900,USD,NGM,America/New_York,Yahoo Finance
WLFC,2026-09-23,54.540000915527344,54.9900016784668,54.04999923706055,54.380001068115234,54.380001068115234,80400,USD,NGM,America/New_York,Yahoo Finance
WLFC,2026-09-24,54.400001525878906,54.54999923706055,52.65999984741211,52.869998931884766,52.869998931884766,202600,USD,NGM,America/New_York,Yahoo Finance
WLFC,2026-09-25,53.08000183105469,54.81999969482422,52.779998779296875,54.33000183105469,54.33000183105469,159000,USD,NGM,America/New_York,Yahoo Finance
WLFC,2026-09-28,54.2599983215332,54.2599983215332,52.220001220703125,52.29999923706055,52.29999923706055,110200,USD,NGM,America/New_York,Yahoo Finance
WU,2026-08-17,7.400000095367432,7.409999847412109,7.070000171661377,7.179999828338623,6.93367862701416,8694300,USD,NYQ,America/New_York,Yahoo Finance
WU,2026-08-18,7.230000019073486,7.409999847412109,7.199999809265137,7.210000038146973,6.962649345397949,7615900,USD,NYQ,America/New_York,Yahoo Finance
WU,2026-08-19,7.210000038146973,7.340000152587891,7.179999828338623,7.199999809265137,6.9529924392700195,7568400,USD,NYQ,America/New_York,Yahoo Finance
WU,2026-08-20,7.170000076293945,7.329999923706055,7.159999847412109,7.289999961853027,7.039905071258545,6342600,USD,NYQ,America/New_York,Yahoo Finance
WU,2026-08-21,7.309999942779541,7.400000095367432,7.25,7.300000190734863,7.049561977386475,7132600,USD,NYQ,America/New_York,Yahoo Finance
WU,2026-08-24,7.320000171661377,7.489999771118164,7.300000190734863,7.320000171661377,7.068875789642334,9630200,USD,NYQ,America/New_York,Yahoo Finance
WU,2026-08-25,7.289999961853027,7.429999828338623,7.230000019073486,7.340000152587891,7.088189601898193,5365600,USD,NYQ,America/New_York,Yahoo Finance
WU,2026-08-26,7.320000171661377,7.340000152587891,7.230000019073486,7.260000228881836,7.010934352874756,4134100,USD,NYQ,America/New_York,Yahoo Finance
WU,2026-08-27,7.25,7.28000020980835,7.170000076293945,7.210000038146973,6.962649345397949,6376300,USD,NYQ,America/New_York,Yahoo Finance
WU,2026-08-28,7.21999979019165,7.300000190734863,7.199999809265137,7.239999771118164,6.991620063781738,6769200,USD,NYQ,America/New_York,Yahoo Finance
WU,2026-08-31,7.239999771118164,7.239999771118164,7.070000171661377,7.159999847412109,6.914364814758301,12438700,USD,NYQ,America/New_York,Yahoo Finance
WU,2026-09-01,7.099999904632568,7.25,6.980000019073486,7.059999942779541,6.817795276641846,10775600,USD,NYQ,America/New_York,Yahoo Finance
WU,2026-09-02,7.079999923706055,7.360000133514404,7.059999942779541,7.300000190734863,7.049561977386475,7942200,USD,NYQ,America/New_York,Yahoo Finance
WU,2026-09-03,7.389999866485596,7.420000076293945,7.190000057220459,7.25,7.001277446746826,5810600,USD,NYQ,America/New_York,Yahoo Finance
WU,2026-09-04,7.199999809265137,7.239999771118164,7.139999866485596,7.179999828338623,6.93367862701416,6150000,USD,NYQ,America/New_York,Yahoo Finance
WU,2026-09-08,7.210000038146973,7.210000038146973,7.0,7.0,6.759853839874268,6615400,USD,NYQ,America/New_York,Yahoo Finance
WU,2026-09-09,7.010000228881836,7.039999961853027,6.829999923706055,6.940000057220459,6.7019124031066895,8373500,USD,NYQ,America/New_York,Yahoo Finance
WU,2026-09-10,6.920000076293945,7.0,6.880000114440918,6.889999866485596,6.653627395629883,5280400,USD,NYQ,America/New_York,Yahoo Finance
WU,2026-09-11,6.900000095367432,6.980000019073486,6.869999885559082,6.929999828338623,6.692255020141602,4627400,USD,NYQ,America/New_York,Yahoo Finance
WU,2026-09-14,7.03000020980835,7.110000133514404,7.019999980926514,7.03000020980835,6.788825035095215,5172100,USD,NYQ,America/New_York,Yahoo Finance
WU,2026-09-15,7.03000020980835,7.03000020980835,6.849999904632568,6.849999904632568,6.614999771118164,10754400,USD,NYQ,America/New_York,Yahoo Finance
WU,2026-09-16,6.650000095367432,6.650000095367432,6.489999771118164,6.539999961853027,6.539999961853027,9632100,USD,NYQ,America/New_York,Yahoo Finance
WU,2026-09-17,6.619999885559082,6.619999885559082,6.460000038146973,6.53000020980835,6.53000020980835,8324100,USD,NYQ,America/New_York,Yahoo Finance
WU,2026-09-18,6.5,6.5,6.170000076293945,6.179999828338623,6.179999828338623,26702200,USD,NYQ,America/New_York,Yahoo Finance
WU,2026-09-21,6.230000019073486,6.369999885559082,6.139999866485596,6.199999809265137,6.199999809265137,11690100,USD,NYQ,America/New_York,Yahoo Finance
WU,2026-09-22,6.289999961853027,6.360000133514404,6.199999809265137,6.21999979019165,6.21999979019165,8310900,USD,NYQ,America/New_York,Yahoo Finance
WU,2026-09-23,6.190000057220459,6.239999771118164,6.090000152587891,6.090000152587891,6.090000152587891,8122400,USD,NYQ,America/New_York,Yahoo Finance
WU,2026-09-24,6.110000133514404,6.130000114440918,5.940000057220459,6.03000020980835,6.03000020980835,13016100,USD,NYQ,America/New_York,Yahoo Finance
WU,2026-09-25,6.03000020980835,6.28000020980835,6.03000020980835,6.179999828338623,6.179999828338623,8239400,USD,NYQ,America/New_York,Yahoo Finance
WU,2026-09-28,6.139999866485596,6.159999847412109,6.0,6.119999885559082,6.119999885559082,8196400,USD,NYQ,America/New_York,Yahoo Finance
XE,2026-08-17,21.149999618530273,22.280000686645508,20.049999237060547,20.459999084472656,20.459999084472656,6244800,USD,NMS,America/New_York,Yahoo Finance
XE,2026-08-18,19.670000076293945,20.59000015258789,18.790000915527344,18.860000610351562,18.860000610351562,4918600,USD,NMS,America/New_York,Yahoo Finance
XE,2026-08-19,18.959999084472656,20.079999923706055,18.219999313354492,19.850000381469727,19.850000381469727,4768300,USD,NMS,America/New_York,Yahoo Finance
XE,2026-08-20,19.770000457763672,19.850000381469727,17.93000030517578,18.290000915527344,18.290000915527344,4978900,USD,NMS,America/New_York,Yahoo Finance
XE,2026-08-21,18.6299991607666,19.420000076293945,18.200000762939453,18.670000076293945,18.670000076293945,4382500,USD,NMS,America/New_York,Yahoo Finance
XE,2026-08-24,18.899999618530273,18.979999542236328,17.520000457763672,18.110000610351562,18.110000610351562,3669600,USD,NMS,America/New_York,Yahoo Finance
XE,2026-08-25,18.510000228881836,19.889999389648438,17.90999984741211,19.110000610351562,19.110000610351562,6304500,USD,NMS,America/New_York,Yahoo Finance
XE,2026-08-26,19.100000381469727,20.3700008392334,18.049999237060547,18.260000228881836,18.260000228881836,4739300,USD,NMS,America/New_York,Yahoo Finance
XE,2026-08-27,18.579999923706055,18.8799991607666,18.049999237060547,18.469999313354492,18.469999313354492,3826900,USD,NMS,America/New_York,Yahoo Finance
XE,2026-08-28,18.25,18.43000030517578,17.170000076293945,17.219999313354492,17.219999313354492,5644200,USD,NMS,America/New_York,Yahoo Finance
XE,2026-08-31,17.31999969482422,19.139999389648438,17.290000915527344,18.450000762939453,18.450000762939453,8310700,USD,NMS,America/New_York,Yahoo Finance
XE,2026-09-01,17.790000915527344,19.219999313354492,17.6299991607666,18.40999984741211,18.40999984741211,9775500,USD,NMS,America/New_York,Yahoo Finance
XE,2026-09-02,18.399999618530273,18.489999771118164,17.670000076293945,18.100000381469727,18.100000381469727,5253300,USD,NMS,America/New_York,Yahoo Finance
XE,2026-09-03,18.270000457763672,18.799999237060547,17.75,17.8799991607666,17.8799991607666,4624300,USD,NMS,America/New_York,Yahoo Finance
XE,2026-09-04,17.670000076293945,18.149999618530273,17.079999923706055,17.709999084472656,17.709999084472656,6367300,USD,NMS,America/New_York,Yahoo Finance
XE,2026-09-08,18.049999237060547,19.690000534057617,18.0,19.149999618530273,19.149999618530273,9807100,USD,NMS,America/New_York,Yahoo Finance
XE,2026-09-09,18.329999923706055,18.90999984741211,17.100000381469727,17.260000228881836,17.260000228881836,9803600,USD,NMS,America/New_York,Yahoo Finance
XE,2026-09-10,16.979999542236328,17.3799991607666,15.819999694824219,15.84000015258789,15.84000015258789,9223000,USD,NMS,America/New_York,Yahoo Finance
XE,2026-09-11,15.869999885559082,16.100000381469727,14.850000381469727,14.930000305175781,14.930000305175781,8602300,USD,NMS,America/New_York,Yahoo Finance
XE,2026-09-14,14.930000305175781,16.389999389648438,14.899999618530273,15.640000343322754,15.640000343322754,9030400,USD,NMS,America/New_York,Yahoo Finance
XE,2026-09-15,15.4399995803833,15.960000038146973,14.710000038146973,15.029999732971191,15.029999732971191,4738900,USD,NMS,America/New_York,Yahoo Finance
XE,2026-09-16,15.119999885559082,15.319999694824219,14.329999923706055,14.569999694824219,14.569999694824219,6709400,USD,NMS,America/New_York,Yahoo Finance
XE,2026-09-17,15.119999885559082,16.59000015258789,15.119999885559082,16.329999923706055,16.329999923706055,8618600,USD,NMS,America/New_York,Yahoo Finance
XE,2026-09-18,16.280000686645508,16.6299991607666,15.4399995803833,15.770000457763672,15.770000457763672,16481100,USD,NMS,America/New_York,Yahoo Finance
XE,2026-09-21,16.31999969482422,16.780000686645508,16.149999618530273,16.3700008392334,16.3700008392334,4123200,USD,NMS,America/New_York,Yahoo Finance
XE,2026-09-22,16.5,16.610000610351562,15.970000267028809,16.360000610351562,16.360000610351562,4319100,USD,NMS,America/New_York,Yahoo Finance
XE,2026-09-23,16.170000076293945,16.479999542236328,15.739999771118164,16.3799991607666,16.3799991607666,6498100,USD,NMS,America/New_York,Yahoo Finance
XE,2026-09-24,16.25,16.25,15.65999984741211,15.720000267028809,15.720000267028809,5567200,USD,NMS,America/New_York,Yahoo Finance
XE,2026-09-25,15.850000381469727,16.030000686645508,14.989999771118164,15.079999923706055,15.079999923706055,5152100,USD,NMS,America/New_York,Yahoo Finance
XE,2026-09-28,15.0,15.260000228881836,14.300000190734863,14.430000305175781,14.430000305175781,6023100,USD,NMS,America/New_York,Yahoo Finance
