symbol,date,open,high,low,close,adjusted_close,volume,currency,exchange,timezone,source
ABUS,2026-08-17,4.659999847412109,4.800000190734863,4.630000114440918,4.710000038146973,4.710000038146973,1388100,USD,NMS,America/New_York,Yahoo Finance
ABUS,2026-08-18,4.789999961853027,4.849999904632568,4.650000095367432,4.840000152587891,4.840000152587891,1446000,USD,NMS,America/New_York,Yahoo Finance
ABUS,2026-08-19,4.829999923706055,5.179999828338623,4.829999923706055,4.980000019073486,4.980000019073486,3428000,USD,NMS,America/New_York,Yahoo Finance
ABUS,2026-08-20,4.920000076293945,4.960000038146973,4.739999771118164,4.769999980926514,4.769999980926514,1273700,USD,NMS,America/New_York,Yahoo Finance
ABUS,2026-08-21,5.199999809265137,5.449999809265137,5.090000152587891,5.210000038146973,5.210000038146973,18070400,USD,NMS,America/New_York,Yahoo Finance
ABUS,2026-08-24,5.179999828338623,5.28000020980835,5.170000076293945,5.199999809265137,5.199999809265137,18139900,USD,NMS,America/New_York,Yahoo Finance
ABUS,2026-08-25,5.25,5.260000228881836,5.130000114440918,5.199999809265137,5.199999809265137,8907700,USD,NMS,America/New_York,Yahoo Finance
ABUS,2026-08-26,5.190000057220459,5.230000019073486,5.179999828338623,5.190000057220459,5.190000057220459,4595500,USD,NMS,America/New_York,Yahoo Finance
ABUS,2026-08-27,5.159999847412109,5.21999979019165,5.139999866485596,5.170000076293945,5.170000076293945,3577000,USD,NMS,America/New_York,Yahoo Finance
ABUS,2026-08-28,5.150000095367432,5.190000057220459,5.050000190734863,5.070000171661377,5.070000171661377,4768400,USD,NMS,America/New_York,Yahoo Finance
ABUS,2026-08-31,5.050000190734863,5.110000133514404,4.989999771118164,5.079999923706055,5.079999923706055,3562000,USD,NMS,America/New_York,Yahoo Finance
ABUS,2026-09-01,5.050000190734863,5.099999904632568,5.050000190734863,5.090000152587891,5.090000152587891,2609600,USD,NMS,America/New_York,Yahoo Finance
ABUS,2026-09-02,5.099999904632568,5.190000057220459,5.090000152587891,5.099999904632568,5.099999904632568,2975300,USD,NMS,America/New_York,Yahoo Finance
ABUS,2026-09-03,5.110000133514404,5.150000095367432,5.099999904632568,5.119999885559082,5.119999885559082,3226700,USD,NMS,America/New_York,Yahoo Finance
ABUS,2026-09-04,5.090000152587891,5.170000076293945,5.090000152587891,5.150000095367432,5.150000095367432,5197300,USD,NMS,America/New_York,Yahoo Finance
ABUS,2026-09-08,5.099999904632568,5.199999809265137,5.079999923706055,5.179999828338623,5.179999828338623,5291500,USD,NMS,America/New_York,Yahoo Finance
ABUS,2026-09-09,5.159999847412109,5.230000019073486,5.130000114440918,5.170000076293945,5.170000076293945,5504500,USD,NMS,America/New_York,Yahoo Finance
ABUS,2026-09-10,5.110000133514404,5.170000076293945,5.099999904632568,5.119999885559082,5.119999885559082,2449400,USD,NMS,America/New_York,Yahoo Finance
ABUS,2026-09-11,5.170000076293945,5.179999828338623,5.110000133514404,5.119999885559082,5.119999885559082,1849700,USD,NMS,America/New_York,Yahoo Finance
ABUS,2026-09-14,5.119999885559082,5.159999847412109,5.099999904632568,5.130000114440918,5.130000114440918,3803000,USD,NMS,America/New_York,Yahoo Finance
ABUS,2026-09-15,5.110000133514404,5.150000095367432,5.03000020980835,5.059999942779541,5.059999942779541,4052400,USD,NMS,America/New_York,Yahoo Finance
ABUS,2026-09-16,5.059999942779541,5.090000152587891,5.019999980926514,5.050000190734863,5.050000190734863,4009300,USD,NMS,America/New_York,Yahoo Finance
ABUS,2026-09-17,5.099999904632568,5.099999904632568,5.039999961853027,5.070000171661377,5.070000171661377,2715000,USD,NMS,America/New_York,Yahoo Finance
ABUS,2026-09-18,5.039999961853027,5.059999942779541,4.980000019073486,5.010000228881836,5.010000228881836,6457800,USD,NMS,America/New_York,Yahoo Finance
ABUS,2026-09-21,5.03000020980835,5.070000171661377,4.989999771118164,5.0,5.0,4562700,USD,NMS,America/New_York,Yahoo Finance
ABUS,2026-09-22,5.019999980926514,5.050000190734863,5.0,5.010000228881836,5.010000228881836,10494000,USD,NMS,America/New_York,Yahoo Finance
ABUS,2026-09-23,5.010000228881836,5.019999980926514,4.840000152587891,4.849999904632568,4.849999904632568,10841700,USD,NMS,America/New_York,Yahoo Finance
ABUS,2026-09-24,4.849999904632568,4.889999866485596,4.800000190734863,4.880000114440918,4.880000114440918,6262700,USD,NMS,America/New_York,Yahoo Finance
ABUS,2026-09-25,4.889999866485596,4.929999828338623,4.840000152587891,4.849999904632568,4.849999904632568,16875200,USD,NMS,America/New_York,Yahoo Finance
ABUS,2026-09-28,4.840000152587891,4.880000114440918,4.800000190734863,4.860000133514404,4.860000133514404,11642500,USD,NMS,America/New_York,Yahoo Finance
ACEL,2026-08-17,12.369999885559082,12.385000228881836,12.140000343322754,12.1899995803833,12.1899995803833,338900,USD,NYQ,America/New_York,Yahoo Finance
ACEL,2026-08-18,12.279999732971191,12.279999732971191,11.930000305175781,11.9399995803833,11.9399995803833,211400,USD,NYQ,America/New_York,Yahoo Finance
ACEL,2026-08-19,11.979999542236328,12.140000343322754,11.885000228881836,11.989999771118164,11.989999771118164,279900,USD,NYQ,America/New_York,Yahoo Finance
ACEL,2026-08-20,11.859999656677246,12.170000076293945,11.859999656677246,12.100000381469727,12.100000381469727,223900,USD,NYQ,America/New_York,Yahoo Finance
ACEL,2026-08-21,11.960000038146973,12.079999923706055,11.619999885559082,12.0600004196167,12.0600004196167,665100,USD,NYQ,America/New_York,Yahoo Finance
ACEL,2026-08-24,12.050000190734863,12.1899995803833,11.960000038146973,11.970000267028809,11.970000267028809,272300,USD,NYQ,America/New_York,Yahoo Finance
ACEL,2026-08-25,11.979999542236328,12.03499984741211,11.8100004196167,11.899999618530273,11.899999618530273,221900,USD,NYQ,America/New_York,Yahoo Finance
ACEL,2026-08-26,11.859999656677246,11.984999656677246,11.800000190734863,11.8100004196167,11.8100004196167,255200,USD,NYQ,America/New_York,Yahoo Finance
ACEL,2026-08-27,11.75,11.75,11.625,11.699999809265137,11.699999809265137,221100,USD,NYQ,America/New_York,Yahoo Finance
ACEL,2026-08-28,11.760000228881836,11.944999694824219,11.6899995803833,11.869999885559082,11.869999885559082,268800,USD,NYQ,America/New_York,Yahoo Finance
ACEL,2026-08-31,11.8100004196167,11.914999961853027,11.619999885559082,11.640000343322754,11.640000343322754,249900,USD,NYQ,America/New_York,Yahoo Finance
ACEL,2026-09-01,11.619999885559082,11.649999618530273,11.470000267028809,11.579999923706055,11.579999923706055,259400,USD,NYQ,America/New_York,Yahoo Finance
ACEL,2026-09-02,11.65999984741211,11.84000015258789,11.630000114440918,11.640000343322754,11.640000343322754,312400,USD,NYQ,America/New_York,Yahoo Finance
ACEL,2026-09-03,11.760000228881836,11.859999656677246,11.640000343322754,11.800000190734863,11.800000190734863,244900,USD,NYQ,America/New_York,Yahoo Finance
ACEL,2026-09-04,11.720000267028809,11.920000076293945,11.680000305175781,11.880000114440918,11.880000114440918,260400,USD,NYQ,America/New_York,Yahoo Finance
ACEL,2026-09-08,11.729999542236328,11.819999694824219,11.680000305175781,11.699999809265137,11.699999809265137,227200,USD,NYQ,America/New_York,Yahoo Finance
ACEL,2026-09-09,11.609999656677246,11.710000038146973,11.550000190734863,11.6899995803833,11.6899995803833,265300,USD,NYQ,America/New_York,Yahoo Finance
ACEL,2026-09-10,11.680000305175781,11.720000267028809,11.5,11.529999732971191,11.529999732971191,265000,USD,NYQ,America/New_York,Yahoo Finance
ACEL,2026-09-11,11.649999618530273,11.65999984741211,11.550000190734863,11.600000381469727,11.600000381469727,294200,USD,NYQ,America/New_York,Yahoo Finance
ACEL,2026-09-14,11.600000381469727,11.710000038146973,11.520000457763672,11.529999732971191,11.529999732971191,295500,USD,NYQ,America/New_York,Yahoo Finance
ACEL,2026-09-15,11.5600004196167,11.65999984741211,11.425000190734863,11.550000190734863,11.550000190734863,290900,USD,NYQ,America/New_York,Yahoo Finance
ACEL,2026-09-16,11.470000267028809,11.670000076293945,11.470000267028809,11.510000228881836,11.510000228881836,298200,USD,NYQ,America/New_York,Yahoo Finance
ACEL,2026-09-17,11.59000015258789,11.59000015258789,11.449999809265137,11.449999809265137,11.449999809265137,233500,USD,NYQ,America/New_York,Yahoo Finance
ACEL,2026-09-18,11.420000076293945,11.430000305175781,11.1899995803833,11.270000457763672,11.270000457763672,627000,USD,NYQ,America/New_York,Yahoo Finance
ACEL,2026-09-21,11.359999656677246,11.359999656677246,11.09000015258789,11.100000381469727,11.100000381469727,345300,USD,NYQ,America/New_York,Yahoo Finance
ACEL,2026-09-22,11.369999885559082,11.470000267028809,11.170000076293945,11.1899995803833,11.1899995803833,317600,USD,NYQ,America/New_York,Yahoo Finance
ACEL,2026-09-23,11.15999984741211,11.164999961853027,11.0649995803833,11.079999923706055,11.079999923706055,375500,USD,NYQ,America/New_York,Yahoo Finance
ACEL,2026-09-24,11.0,11.109999656677246,10.744999885559082,11.039999961853027,11.039999961853027,405500,USD,NYQ,America/New_York,Yahoo Finance
ACEL,2026-09-25,11.010000228881836,11.100000381469727,10.890000343322754,11.069999694824219,11.069999694824219,270000,USD,NYQ,America/New_York,Yahoo Finance
ACEL,2026-09-28,11.079999923706055,11.149999618530273,10.954999923706055,11.010000228881836,11.010000228881836,449100,USD,NYQ,America/New_York,Yahoo Finance
ACET,2026-08-21,9.420000076293945,9.630000114440918,9.100000381469727,9.1899995803833,9.1899995803833,80500,USD,NCM,America/New_York,Yahoo Finance
ACET,2026-08-24,9.210000038146973,9.210000038146973,8.739999771118164,8.899999618530273,8.899999618530273,64300,USD,NCM,America/New_York,Yahoo Finance
ACET,2026-08-25,8.979999542236328,9.145000457763672,8.779999732971191,9.0,9.0,69900,USD,NCM,America/New_York,Yahoo Finance
ACET,2026-08-26,8.979999542236328,9.039999961853027,8.630000114440918,8.949999809265137,8.949999809265137,119300,USD,NCM,America/New_York,Yahoo Finance
ACET,2026-08-27,9.0,9.180000305175781,8.840999603271484,9.010000228881836,9.010000228881836,259800,USD,NCM,America/New_York,Yahoo Finance
ACET,2026-08-28,9.220000267028809,9.244999885559082,8.760000228881836,9.0600004196167,9.0600004196167,111600,USD,NCM,America/New_York,Yahoo Finance
ACET,2026-08-31,8.920000076293945,9.069999694824219,8.619999885559082,8.699999809265137,8.699999809265137,111900,USD,NCM,America/New_York,Yahoo Finance
ACET,2026-09-01,8.869999885559082,9.449999809265137,8.770000457763672,9.260000228881836,9.260000228881836,134100,USD,NCM,America/New_York,Yahoo Finance
ACET,2026-09-02,9.350000381469727,9.649999618530273,9.00100040435791,9.260000228881836,9.260000228881836,61000,USD,NCM,America/New_York,Yahoo Finance
ACET,2026-09-03,9.260000228881836,9.640000343322754,9.04800033569336,9.430000305175781,9.430000305175781,78800,USD,NCM,America/New_York,Yahoo Finance
ACET,2026-09-04,9.329999923706055,9.760000228881836,9.26099967956543,9.59000015258789,9.59000015258789,44500,USD,NCM,America/New_York,Yahoo Finance
ACET,2026-09-08,9.609999656677246,9.970000267028809,9.380000114440918,9.729999542236328,9.729999542236328,81800,USD,NCM,America/New_York,Yahoo Finance
ACET,2026-09-09,9.670000076293945,9.949999809265137,9.4350004196167,9.539999961853027,9.539999961853027,92900,USD,NCM,America/New_York,Yahoo Finance
ACET,2026-09-10,9.460000038146973,9.680000305175781,9.3100004196167,9.529999732971191,9.529999732971191,119000,USD,NCM,America/New_York,Yahoo Finance
ACET,2026-09-11,9.649999618530273,9.800000190734863,9.380000114440918,9.520000457763672,9.520000457763672,119300,USD,NCM,America/New_York,Yahoo Finance
ACET,2026-09-14,9.510000228881836,9.84000015258789,9.420000076293945,9.699999809265137,9.699999809265137,124800,USD,NCM,America/New_York,Yahoo Finance
ACET,2026-09-15,9.699999809265137,9.699999809265137,7.90500020980835,8.505000114440918,8.505000114440918,479000,USD,NCM,America/New_York,Yahoo Finance
ACET,2026-09-16,8.520000457763672,9.4399995803833,8.444999694824219,9.050000190734863,9.050000190734863,258000,USD,NCM,America/New_York,Yahoo Finance
ACET,2026-09-17,9.199999809265137,9.329999923706055,8.859999656677246,9.010000228881836,9.010000228881836,130700,USD,NCM,America/New_York,Yahoo Finance
ACET,2026-09-18,8.960000038146973,9.404999732971191,8.760000228881836,9.180000305175781,9.180000305175781,114200,USD,NCM,America/New_York,Yahoo Finance
ACET,2026-09-21,9.229999542236328,9.239999771118164,8.781999588012695,8.930000305175781,8.930000305175781,49500,USD,NCM,America/New_York,Yahoo Finance
ACET,2026-09-22,9.0,9.4399995803833,8.980999946594238,9.145000457763672,9.145000457763672,87800,USD,NCM,America/New_York,Yahoo Finance
ACET,2026-09-23,9.119999885559082,9.310999870300293,8.420000076293945,8.489999771118164,8.489999771118164,262500,USD,NCM,America/New_York,Yahoo Finance
ACET,2026-09-24,8.489999771118164,8.489999771118164,7.889999866485596,8.270000457763672,8.270000457763672,358500,USD,NCM,America/New_York,Yahoo Finance
ACET,2026-09-25,8.289999961853027,9.109999656677246,8.289999961853027,9.020000457763672,9.020000457763672,638600,USD,NCM,America/New_York,Yahoo Finance
ACET,2026-09-28,7.960000038146973,7.960000038146973,6.25,6.349999904632568,6.349999904632568,2149000,USD,NCM,America/New_York,Yahoo Finance
ACET,2026-09-29,6.409999847412109,7.059999942779541,6.369999885559082,6.829999923706055,6.829999923706055,666600,USD,NCM,America/New_York,Yahoo Finance
ACET,2026-09-30,6.800000190734863,7.28000020980835,6.710000038146973,7.139999866485596,7.139999866485596,210800,USD,NCM,America/New_York,Yahoo Finance
ACET,2026-10-01,7.059999942779541,7.170000076293945,6.639999866485596,6.639999866485596,6.639999866485596,148900,USD,NCM,America/New_York,Yahoo Finance
ACET,2026-10-02,6.699999809265137,6.820000171661377,6.5,6.5,6.5,164700,USD,NCM,America/New_York,Yahoo Finance
ACOG,2026-08-21,9.619999885559082,10.100000381469727,9.359999656677246,9.75,9.75,294200,USD,NCM,America/New_York,Yahoo Finance
ACOG,2026-08-24,9.720000267028809,10.140000343322754,9.34000015258789,9.75,9.75,168500,USD,NCM,America/New_York,Yahoo Finance
ACOG,2026-08-25,9.800000190734863,9.864999771118164,9.388999938964844,9.75,9.75,220100,USD,NCM,America/New_York,Yahoo Finance
ACOG,2026-08-26,9.649999618530273,9.649999618530273,9.163999557495117,9.40999984741211,9.40999984741211,251800,USD,NCM,America/New_York,Yahoo Finance
ACOG,2026-08-27,9.380000114440918,10.010000228881836,9.380000114440918,9.734999656677246,9.734999656677246,155600,USD,NCM,America/New_York,Yahoo Finance
ACOG,2026-08-28,9.649999618530273,9.8100004196167,9.039999961853027,9.15999984741211,9.15999984741211,137200,USD,NCM,America/New_York,Yahoo Finance
ACOG,2026-08-31,9.199999809265137,9.369999885559082,9.0,9.270000457763672,9.270000457763672,215600,USD,NCM,America/New_York,Yahoo Finance
ACOG,2026-09-01,9.239999771118164,9.479999542236328,8.920000076293945,9.170000076293945,9.170000076293945,171300,USD,NCM,America/New_York,Yahoo Finance
ACOG,2026-09-02,9.170000076293945,9.420000076293945,9.0600004196167,9.3149995803833,9.3149995803833,55600,USD,NCM,America/New_York,Yahoo Finance
ACOG,2026-09-03,9.350000381469727,9.414999961853027,9.010000228881836,9.210000038146973,9.210000038146973,90800,USD,NCM,America/New_York,Yahoo Finance
ACOG,2026-09-04,9.220000267028809,9.539999961853027,9.097999572753906,9.520000457763672,9.520000457763672,45900,USD,NCM,America/New_York,Yahoo Finance
ACOG,2026-09-08,9.3100004196167,9.75,9.149999618530273,9.520000457763672,9.520000457763672,85400,USD,NCM,America/New_York,Yahoo Finance
ACOG,2026-09-09,9.539999961853027,9.539999961853027,8.914999961853027,9.130000114440918,9.130000114440918,58000,USD,NCM,America/New_York,Yahoo Finance
ACOG,2026-09-10,8.930000305175781,9.34000015258789,8.859999656677246,8.899999618530273,8.899999618530273,82200,USD,NCM,America/New_York,Yahoo Finance
ACOG,2026-09-11,8.989999771118164,9.300000190734863,8.649999618530273,8.899999618530273,8.899999618530273,85300,USD,NCM,America/New_York,Yahoo Finance
ACOG,2026-09-14,8.880000114440918,8.880000114440918,8.5,8.710000038146973,8.710000038146973,145800,USD,NCM,America/New_York,Yahoo Finance
ACOG,2026-09-15,8.609999656677246,8.9399995803833,8.34000015258789,8.800000190734863,8.800000190734863,135600,USD,NCM,America/New_York,Yahoo Finance
ACOG,2026-09-16,8.819999694824219,8.920000076293945,8.300000190734863,8.399999618530273,8.399999618530273,242300,USD,NCM,America/New_York,Yahoo Finance
ACOG,2026-09-17,8.720000267028809,9.239999771118164,8.529999732971191,8.850000381469727,8.850000381469727,180200,USD,NCM,America/New_York,Yahoo Finance
ACOG,2026-09-18,8.880000114440918,9.210000038146973,8.770000457763672,8.829999923706055,8.829999923706055,61900,USD,NCM,America/New_York,Yahoo Finance
ACOG,2026-09-21,8.800000190734863,9.204999923706055,8.800000190734863,8.970000267028809,8.970000267028809,92300,USD,NCM,America/New_York,Yahoo Finance
ACOG,2026-09-22,9.010000228881836,9.050000190734863,8.720000267028809,8.949999809265137,8.949999809265137,125700,USD,NCM,America/New_York,Yahoo Finance
ACOG,2026-09-23,9.029999732971191,9.029999732971191,8.399999618530273,8.779999732971191,8.779999732971191,59000,USD,NCM,America/New_York,Yahoo Finance
ACOG,2026-09-24,8.4399995803833,8.875,8.305000305175781,8.569999694824219,8.569999694824219,141400,USD,NCM,America/New_York,Yahoo Finance
ACOG,2026-09-25,8.489999771118164,8.694999694824219,8.300000190734863,8.470000267028809,8.470000267028809,116600,USD,NCM,America/New_York,Yahoo Finance
ACOG,2026-09-28,8.5,8.75,8.300000190734863,8.600000381469727,8.600000381469727,67100,USD,NCM,America/New_York,Yahoo Finance
ACOG,2026-09-29,8.710000038146973,8.960000038146973,8.489999771118164,8.710000038146973,8.710000038146973,61400,USD,NCM,America/New_York,Yahoo Finance
ACOG,2026-09-30,8.779999732971191,9.175000190734863,8.619999885559082,9.0,9.0,147000,USD,NCM,America/New_York,Yahoo Finance
ACOG,2026-10-01,9.180000305175781,9.180000305175781,8.513999938964844,8.699999809265137,8.699999809265137,88400,USD,NCM,America/New_York,Yahoo Finance
ACOG,2026-10-02,8.694999694824219,9.430000305175781,8.694999694824219,9.100000381469727,9.100000381469727,194500,USD,NCM,America/New_York,Yahoo Finance
AD,2026-08-17,35.650001525878906,35.970001220703125,35.29999923706055,35.36000061035156,35.36000061035156,107000,USD,NYQ,America/New_York,Yahoo Finance
AD,2026-08-18,35.58000183105469,36.0,35.0,35.04999923706055,35.04999923706055,116800,USD,NYQ,America/New_York,Yahoo Finance
AD,2026-08-19,34.849998474121094,36.16999816894531,34.709999084472656,35.290000915527344,35.290000915527344,215000,USD,NYQ,America/New_York,Yahoo Finance
AD,2026-08-20,34.90999984741211,35.90999984741211,34.650001525878906,35.540000915527344,35.540000915527344,255700,USD,NYQ,America/New_York,Yahoo Finance
AD,2026-08-21,35.939998626708984,36.09000015258789,35.31999969482422,35.65999984741211,35.65999984741211,229500,USD,NYQ,America/New_York,Yahoo Finance
AD,2026-08-24,35.47999954223633,35.68000030517578,35.209999084472656,35.59000015258789,35.59000015258789,185700,USD,NYQ,America/New_York,Yahoo Finance
AD,2026-08-25,35.58000183105469,36.099998474121094,35.38999938964844,35.86000061035156,35.86000061035156,175000,USD,NYQ,America/New_York,Yahoo Finance
AD,2026-08-26,35.70000076293945,36.0,35.310001373291016,35.65999984741211,35.65999984741211,229600,USD,NYQ,America/New_York,Yahoo Finance
AD,2026-08-27,35.630001068115234,35.689998626708984,34.81999969482422,35.4900016784668,35.4900016784668,179700,USD,NYQ,America/New_York,Yahoo Finance
AD,2026-08-28,35.4900016784668,36.47999954223633,35.4900016784668,36.0,36.0,209600,USD,NYQ,America/New_York,Yahoo Finance
AD,2026-08-31,35.90999984741211,37.20000076293945,35.90999984741211,36.65999984741211,36.65999984741211,154600,USD,NYQ,America/New_York,Yahoo Finance
AD,2026-09-01,36.650001525878906,37.41999816894531,36.22999954223633,36.91999816894531,36.91999816894531,248300,USD,NYQ,America/New_York,Yahoo Finance
AD,2026-09-02,37.279998779296875,38.13999938964844,36.95000076293945,37.959999084472656,37.959999084472656,352100,USD,NYQ,America/New_York,Yahoo Finance
AD,2026-09-03,38.130001068115234,38.970001220703125,37.86000061035156,38.72999954223633,38.72999954223633,192900,USD,NYQ,America/New_York,Yahoo Finance
AD,2026-09-04,38.54999923706055,38.7599983215332,38.220001220703125,38.5,38.5,274500,USD,NYQ,America/New_York,Yahoo Finance
AD,2026-09-08,38.400001525878906,38.97999954223633,38.150001525878906,38.459999084472656,38.459999084472656,291500,USD,NYQ,America/New_York,Yahoo Finance
AD,2026-09-09,38.5,38.599998474121094,37.84000015258789,38.439998626708984,38.439998626708984,303500,USD,NYQ,America/New_York,Yahoo Finance
AD,2026-09-10,38.34000015258789,38.75,37.689998626708984,38.04999923706055,38.04999923706055,237700,USD,NYQ,America/New_York,Yahoo Finance
AD,2026-09-11,38.290000915527344,38.36000061035156,37.75,38.119998931884766,38.119998931884766,187400,USD,NYQ,America/New_York,Yahoo Finance
AD,2026-09-14,38.06999969482422,38.369998931884766,37.849998474121094,38.279998779296875,38.279998779296875,268000,USD,NYQ,America/New_York,Yahoo Finance
AD,2026-09-15,38.4900016784668,38.4900016784668,37.86000061035156,38.029998779296875,38.029998779296875,235000,USD,NYQ,America/New_York,Yahoo Finance
AD,2026-09-16,38.060001373291016,38.5099983215332,37.380001068115234,37.900001525878906,37.900001525878906,407400,USD,NYQ,America/New_York,Yahoo Finance
AD,2026-09-17,37.58000183105469,38.18000030517578,36.349998474121094,36.849998474121094,36.849998474121094,448100,USD,NYQ,America/New_York,Yahoo Finance
AD,2026-09-18,36.400001525878906,36.79999923706055,35.52000045776367,35.59000015258789,35.59000015258789,711900,USD,NYQ,America/New_York,Yahoo Finance
AD,2026-09-21,35.70000076293945,35.959999084472656,35.47999954223633,35.560001373291016,35.560001373291016,172500,USD,NYQ,America/New_York,Yahoo Finance
AD,2026-09-22,35.619998931884766,35.790000915527344,35.29999923706055,35.380001068115234,35.380001068115234,202600,USD,NYQ,America/New_York,Yahoo Finance
AD,2026-09-23,35.13999938964844,35.220001220703125,34.47999954223633,34.939998626708984,34.939998626708984,207500,USD,NYQ,America/New_York,Yahoo Finance
AD,2026-09-24,35.150001525878906,35.40999984741211,34.38999938964844,34.4900016784668,34.4900016784668,231500,USD,NYQ,America/New_York,Yahoo Finance
AD,2026-09-25,34.619998931884766,34.619998931884766,34.029998779296875,34.4900016784668,34.4900016784668,260900,USD,NYQ,America/New_York,Yahoo Finance
AD,2026-09-28,34.43000030517578,34.47999954223633,33.43000030517578,33.45000076293945,33.45000076293945,296700,USD,NYQ,America/New_York,Yahoo Finance
AEHR,2026-08-17,132.7899932861328,146.60000610351562,130.11000061035156,145.61000061035156,145.61000061035156,2508400,USD,NCM,America/New_York,Yahoo Finance
AEHR,2026-08-18,135.5800018310547,141.3800048828125,121.13999938964844,123.25,123.25,3238200,USD,NCM,America/New_York,Yahoo Finance
AEHR,2026-08-19,123.63999938964844,124.73999786376953,107.41000366210938,107.95999908447266,107.95999908447266,2974800,USD,NCM,America/New_York,Yahoo Finance
AEHR,2026-08-20,106.01000213623047,108.5,102.73999786376953,105.97000122070312,105.97000122070312,1851100,USD,NCM,America/New_York,Yahoo Finance
AEHR,2026-08-21,108.5,108.5,98.04000091552734,101.7300033569336,101.7300033569336,1926400,USD,NCM,America/New_York,Yahoo Finance
AEHR,2026-08-24,95.76000213623047,98.29000091552734,92.12000274658203,96.43000030517578,96.43000030517578,1804300,USD,NCM,America/New_York,Yahoo Finance
AEHR,2026-08-25,101.83999633789062,101.83999633789062,95.30000305175781,95.58999633789062,95.58999633789062,1781300,USD,NCM,America/New_York,Yahoo Finance
AEHR,2026-08-26,94.62000274658203,95.5999984741211,90.30000305175781,91.12000274658203,91.12000274658203,1740000,USD,NCM,America/New_York,Yahoo Finance
AEHR,2026-08-27,95.0,97.48999786376953,90.08999633789062,90.45999908447266,90.45999908447266,1798300,USD,NCM,America/New_York,Yahoo Finance
AEHR,2026-08-28,88.5,88.7699966430664,80.5199966430664,80.80999755859375,80.80999755859375,2282000,USD,NCM,America/New_York,Yahoo Finance
AEHR,2026-08-31,81.30000305175781,84.0999984741211,78.44000244140625,79.2699966430664,79.2699966430664,2275900,USD,NCM,America/New_York,Yahoo Finance
AEHR,2026-09-01,77.9000015258789,78.19999694824219,74.2300033569336,76.58999633789062,76.58999633789062,1960600,USD,NCM,America/New_York,Yahoo Finance
AEHR,2026-09-02,78.05999755859375,81.04000091552734,76.05000305175781,80.23999786376953,80.23999786376953,3814800,USD,NCM,America/New_York,Yahoo Finance
AEHR,2026-09-03,79.0,80.33000183105469,74.5999984741211,76.2699966430664,76.2699966430664,4541500,USD,NCM,America/New_York,Yahoo Finance
AEHR,2026-09-04,78.0199966430664,86.66999816894531,77.83999633789062,86.26000213623047,86.26000213623047,4520800,USD,NCM,America/New_York,Yahoo Finance
AEHR,2026-09-08,90.38999938964844,94.62999725341797,89.33999633789062,90.79000091552734,90.79000091552734,3885600,USD,NCM,America/New_York,Yahoo Finance
AEHR,2026-09-09,89.62000274658203,101.62000274658203,89.62000274658203,95.55999755859375,95.55999755859375,4330800,USD,NCM,America/New_York,Yahoo Finance
AEHR,2026-09-10,93.29000091552734,100.44999694824219,92.0,93.80999755859375,93.80999755859375,3387900,USD,NCM,America/New_York,Yahoo Finance
AEHR,2026-09-11,96.16000366210938,102.79000091552734,94.44000244140625,94.69000244140625,94.69000244140625,2943100,USD,NCM,America/New_York,Yahoo Finance
AEHR,2026-09-14,85.5,88.37000274658203,82.52999877929688,83.37000274658203,83.37000274658203,3121300,USD,NCM,America/New_York,Yahoo Finance
AEHR,2026-09-15,85.97000122070312,87.91000366210938,80.94999694824219,81.58000183105469,81.58000183105469,1870300,USD,NCM,America/New_York,Yahoo Finance
AEHR,2026-09-16,84.30000305175781,85.30999755859375,81.12999725341797,84.25,84.25,2366500,USD,NCM,America/New_York,Yahoo Finance
AEHR,2026-09-17,88.94999694824219,91.27999877929688,86.30999755859375,90.55000305175781,90.55000305175781,2489600,USD,NCM,America/New_York,Yahoo Finance
AEHR,2026-09-18,92.0199966430664,93.9000015258789,87.1500015258789,93.48999786376953,93.48999786376953,2029800,USD,NCM,America/New_York,Yahoo Finance
AEHR,2026-09-21,96.69999694824219,99.16999816894531,93.19999694824219,96.93000030517578,96.93000030517578,2283400,USD,NCM,America/New_York,Yahoo Finance
AEHR,2026-09-22,93.95999908447266,100.94000244140625,93.01000213623047,100.5999984741211,100.5999984741211,1878500,USD,NCM,America/New_York,Yahoo Finance
AEHR,2026-09-23,99.97000122070312,100.0,92.37999725341797,97.37999725341797,97.37999725341797,2558400,USD,NCM,America/New_York,Yahoo Finance
AEHR,2026-09-24,94.80000305175781,99.91999816894531,93.11000061035156,97.41999816894531,97.41999816894531,1701000,USD,NCM,America/New_York,Yahoo Finance
AEHR,2026-09-25,98.19000244140625,105.58000183105469,95.29000091552734,104.38999938964844,104.38999938964844,2862100,USD,NCM,America/New_York,Yahoo Finance
AEHR,2026-09-28,101.44999694824219,102.41000366210938,94.23999786376953,98.48999786376953,98.48999786376953,2106700,USD,NCM,America/New_York,Yahoo Finance
AESP,2026-08-21,9.949999809265137,9.949999809265137,9.949999809265137,9.949999809265137,9.949999809265137,900,USD,NGM,America/New_York,Yahoo Finance
AESP,2026-08-24,9.949999809265137,9.949999809265137,9.949999809265137,9.949999809265137,9.949999809265137,111600,USD,NGM,America/New_York,Yahoo Finance
AESP,2026-08-25,9.960000038146973,9.970000267028809,9.960000038146973,9.960000038146973,9.960000038146973,577800,USD,NGM,America/New_York,Yahoo Finance
AESP,2026-08-26,9.979999542236328,9.989999771118164,9.970000267028809,9.970000267028809,9.970000267028809,101400,USD,NGM,America/New_York,Yahoo Finance
AESP,2026-08-27,9.979999542236328,9.979999542236328,9.979999542236328,9.979999542236328,9.979999542236328,400,USD,NGM,America/New_York,Yahoo Finance
AESP,2026-08-28,9.979999542236328,9.979999542236328,9.979999542236328,9.979999542236328,9.979999542236328,0,USD,NGM,America/New_York,Yahoo Finance
AESP,2026-08-31,9.989999771118164,9.989999771118164,9.979999542236328,9.979999542236328,9.979999542236328,7400,USD,NGM,America/New_York,Yahoo Finance
AESP,2026-09-01,9.970000267028809,9.979999542236328,9.970000267028809,9.970000267028809,9.970000267028809,1500,USD,NGM,America/New_York,Yahoo Finance
AESP,2026-09-02,9.979999542236328,9.979999542236328,9.970000267028809,9.970000267028809,9.970000267028809,113200,USD,NGM,America/New_York,Yahoo Finance
AESP,2026-09-03,9.979999542236328,9.989999771118164,9.979999542236328,9.989999771118164,9.989999771118164,228300,USD,NGM,America/New_York,Yahoo Finance
AESP,2026-09-04,9.979999542236328,9.979999542236328,9.979999542236328,9.979999542236328,9.979999542236328,1300,USD,NGM,America/New_York,Yahoo Finance
AESP,2026-09-08,9.979999542236328,9.979999542236328,9.979999542236328,9.979999542236328,9.979999542236328,400,USD,NGM,America/New_York,Yahoo Finance
AESP,2026-09-09,9.979999542236328,9.979999542236328,9.979999542236328,9.979999542236328,9.979999542236328,0,USD,NGM,America/New_York,Yahoo Finance
AESP,2026-09-10,9.970000267028809,9.970000267028809,9.970000267028809,9.970000267028809,9.970000267028809,19800,USD,NGM,America/New_York,Yahoo Finance
AESP,2026-09-11,9.970000267028809,9.970000267028809,9.970000267028809,9.970000267028809,9.970000267028809,0,USD,NGM,America/New_York,Yahoo Finance
AESP,2026-09-14,9.979999542236328,9.979999542236328,9.979999542236328,9.979999542236328,9.979999542236328,5000,USD,NGM,America/New_York,Yahoo Finance
AESP,2026-09-15,9.979999542236328,9.979999542236328,9.979999542236328,9.979999542236328,9.979999542236328,0,USD,NGM,America/New_York,Yahoo Finance
AESP,2026-09-16,9.979999542236328,9.979999542236328,9.979999542236328,9.979999542236328,9.979999542236328,100,USD,NGM,America/New_York,Yahoo Finance
AESP,2026-09-17,9.970000267028809,9.970000267028809,9.970000267028809,9.970000267028809,9.970000267028809,9200,USD,NGM,America/New_York,Yahoo Finance
AESP,2026-09-18,9.979999542236328,9.979999542236328,9.970000267028809,9.970000267028809,9.970000267028809,5700,USD,NGM,America/New_York,Yahoo Finance
AESP,2026-09-21,9.970000267028809,9.970000267028809,9.970000267028809,9.970000267028809,9.970000267028809,0,USD,NGM,America/New_York,Yahoo Finance
AESP,2026-09-22,9.970000267028809,9.970000267028809,9.970000267028809,9.970000267028809,9.970000267028809,0,USD,NGM,America/New_York,Yahoo Finance
AESP,2026-09-23,9.970000267028809,9.970000267028809,9.970000267028809,9.970000267028809,9.970000267028809,0,USD,NGM,America/New_York,Yahoo Finance
AESP,2026-09-24,9.970000267028809,9.970000267028809,9.970000267028809,9.970000267028809,9.970000267028809,500,USD,NGM,America/New_York,Yahoo Finance
AESP,2026-09-25,9.970000267028809,9.970000267028809,9.970000267028809,9.970000267028809,9.970000267028809,0,USD,NGM,America/New_York,Yahoo Finance
AESP,2026-09-28,9.970000267028809,9.970000267028809,9.970000267028809,9.970000267028809,9.970000267028809,0,USD,NGM,America/New_York,Yahoo Finance
AESP,2026-09-29,9.970000267028809,9.970000267028809,9.970000267028809,9.970000267028809,9.970000267028809,0,USD,NGM,America/New_York,Yahoo Finance
AESP,2026-09-30,9.979999542236328,9.989999771118164,9.979999542236328,9.989999771118164,9.989999771118164,2300,USD,NGM,America/New_York,Yahoo Finance
AESP,2026-10-01,9.989999771118164,9.989999771118164,9.989999771118164,9.989999771118164,9.989999771118164,0,USD,NGM,America/New_York,Yahoo Finance
AESP,2026-10-02,9.989999771118164,9.989999771118164,9.989999771118164,9.989999771118164,9.989999771118164,56500,USD,NGM,America/New_York,Yahoo Finance
AGRO,2026-08-17,9.0600004196167,9.40999984741211,8.9399995803833,9.260000228881836,9.260000228881836,1116400,USD,NYQ,America/New_York,Yahoo Finance
AGRO,2026-08-18,9.359999656677246,9.84000015258789,9.260000228881836,9.8100004196167,9.8100004196167,1345200,USD,NYQ,America/New_York,Yahoo Finance
AGRO,2026-08-19,10.180000305175781,10.899999618530273,10.149999618530273,10.569999694824219,10.569999694824219,1904200,USD,NYQ,America/New_York,Yahoo Finance
AGRO,2026-08-20,10.520000457763672,11.1899995803833,10.489999771118164,10.9399995803833,10.9399995803833,1493600,USD,NYQ,America/New_York,Yahoo Finance
AGRO,2026-08-21,10.989999771118164,11.170000076293945,10.640000343322754,11.069999694824219,11.069999694824219,894600,USD,NYQ,America/New_York,Yahoo Finance
AGRO,2026-08-24,11.210000038146973,11.550000190734863,11.069999694824219,11.260000228881836,11.260000228881836,1107100,USD,NYQ,America/New_York,Yahoo Finance
AGRO,2026-08-25,11.270000457763672,11.270000457763672,10.819999694824219,11.029999732971191,11.029999732971191,536500,USD,NYQ,America/New_York,Yahoo Finance
AGRO,2026-08-26,10.930000305175781,11.279999732971191,10.729999542236328,11.079999923706055,11.079999923706055,833900,USD,NYQ,America/New_York,Yahoo Finance
AGRO,2026-08-27,11.079999923706055,11.079999923706055,10.609999656677246,10.6899995803833,10.6899995803833,511900,USD,NYQ,America/New_York,Yahoo Finance
AGRO,2026-08-28,10.670000076293945,10.90999984741211,10.640000343322754,10.739999771118164,10.739999771118164,571400,USD,NYQ,America/New_York,Yahoo Finance
AGRO,2026-08-31,11.039999961853027,11.449999809265137,11.0,11.380000114440918,11.380000114440918,883300,USD,NYQ,America/New_York,Yahoo Finance
AGRO,2026-09-01,11.470000267028809,12.079999923706055,11.3100004196167,12.020000457763672,12.020000457763672,1385900,USD,NYQ,America/New_York,Yahoo Finance
AGRO,2026-09-02,11.729999542236328,11.9399995803833,11.619999885559082,11.779999732971191,11.779999732971191,838400,USD,NYQ,America/New_York,Yahoo Finance
AGRO,2026-09-03,11.739999771118164,11.84000015258789,11.279999732971191,11.600000381469727,11.600000381469727,830800,USD,NYQ,America/New_York,Yahoo Finance
AGRO,2026-09-04,11.489999771118164,11.930000305175781,11.399999618530273,11.770000457763672,11.770000457763672,568500,USD,NYQ,America/New_York,Yahoo Finance
AGRO,2026-09-08,11.90999984741211,12.350000381469727,11.90999984741211,12.239999771118164,12.239999771118164,906700,USD,NYQ,America/New_York,Yahoo Finance
AGRO,2026-09-09,12.380000114440918,12.59000015258789,12.229999542236328,12.460000038146973,12.460000038146973,1214400,USD,NYQ,America/New_York,Yahoo Finance
AGRO,2026-09-10,12.630000114440918,12.789999961853027,12.289999961853027,12.329999923706055,12.329999923706055,1052900,USD,NYQ,America/New_York,Yahoo Finance
AGRO,2026-09-11,12.09000015258789,12.170000076293945,11.680000305175781,11.770000457763672,11.770000457763672,705700,USD,NYQ,America/New_York,Yahoo Finance
AGRO,2026-09-14,11.9399995803833,12.0600004196167,11.640000343322754,11.720000267028809,11.720000267028809,649700,USD,NYQ,America/New_York,Yahoo Finance
AGRO,2026-09-15,11.640000343322754,11.779999732971191,11.4399995803833,11.5600004196167,11.5600004196167,681800,USD,NYQ,America/New_York,Yahoo Finance
AGRO,2026-09-16,11.479999542236328,11.760000228881836,11.289999961853027,11.619999885559082,11.619999885559082,901000,USD,NYQ,America/New_York,Yahoo Finance
AGRO,2026-09-17,11.640000343322754,12.119999885559082,11.5600004196167,11.829999923706055,11.829999923706055,491900,USD,NYQ,America/New_York,Yahoo Finance
AGRO,2026-09-18,11.699999809265137,11.8100004196167,11.449999809265137,11.460000038146973,11.460000038146973,779100,USD,NYQ,America/New_York,Yahoo Finance
AGRO,2026-09-21,11.489999771118164,11.539999961853027,10.9399995803833,11.140000343322754,11.140000343322754,932100,USD,NYQ,America/New_York,Yahoo Finance
AGRO,2026-09-22,11.050000190734863,11.199999809265137,10.920000076293945,10.930000305175781,10.930000305175781,391600,USD,NYQ,America/New_York,Yahoo Finance
AGRO,2026-09-23,11.020000457763672,11.140000343322754,10.739999771118164,10.850000381469727,10.850000381469727,467300,USD,NYQ,America/New_York,Yahoo Finance
AGRO,2026-09-24,10.899999618530273,10.949999809265137,10.600000381469727,10.630000114440918,10.630000114440918,541000,USD,NYQ,America/New_York,Yahoo Finance
AGRO,2026-09-25,10.5600004196167,10.630000114440918,10.329999923706055,10.430000305175781,10.430000305175781,413500,USD,NYQ,America/New_York,Yahoo Finance
AGRO,2026-09-28,10.520000457763672,10.529999732971191,10.020000457763672,10.069999694824219,10.069999694824219,729700,USD,NYQ,America/New_York,Yahoo Finance
ALIS,2026-08-21,10.239999771118164,10.25,10.199999809265137,10.210000038146973,10.210000038146973,2400,USD,NGM,America/New_York,Yahoo Finance
ALIS,2026-08-24,10.220000267028809,10.220000267028809,10.210000038146973,10.210000038146973,10.210000038146973,1100,USD,NGM,America/New_York,Yahoo Finance
ALIS,2026-08-25,10.218999862670898,10.220000267028809,10.210000038146973,10.220000267028809,10.220000267028809,3900,USD,NGM,America/New_York,Yahoo Finance
ALIS,2026-08-26,10.210000038146973,10.210000038146973,10.210000038146973,10.210000038146973,10.210000038146973,200,USD,NGM,America/New_York,Yahoo Finance
ALIS,2026-08-27,10.210000038146973,10.210000038146973,10.210000038146973,10.210000038146973,10.210000038146973,0,USD,NGM,America/New_York,Yahoo Finance
ALIS,2026-08-28,10.210000038146973,10.210000038146973,10.210000038146973,10.210000038146973,10.210000038146973,0,USD,NGM,America/New_York,Yahoo Finance
ALIS,2026-08-31,10.229999542236328,10.229999542236328,10.199999809265137,10.199999809265137,10.199999809265137,13600,USD,NGM,America/New_York,Yahoo Finance
ALIS,2026-09-01,10.229999542236328,10.229999542236328,10.199999809265137,10.199999809265137,10.199999809265137,2500,USD,NGM,America/New_York,Yahoo Finance
ALIS,2026-09-02,10.239999771118164,10.25,10.234999656677246,10.25,10.25,188400,USD,NGM,America/New_York,Yahoo Finance
ALIS,2026-09-03,10.260000228881836,10.260000228881836,10.25,10.25,10.25,29900,USD,NGM,America/New_York,Yahoo Finance
ALIS,2026-09-04,10.300000190734863,10.300000190734863,10.279999732971191,10.300000190734863,10.300000190734863,143200,USD,NGM,America/New_York,Yahoo Finance
ALIS,2026-09-08,10.390000343322754,10.399999618530273,10.295000076293945,10.319999694824219,10.319999694824219,32200,USD,NGM,America/New_York,Yahoo Finance
ALIS,2026-09-09,10.34000015258789,10.350000381469727,10.289999961853027,10.319999694824219,10.319999694824219,8400,USD,NGM,America/New_York,Yahoo Finance
ALIS,2026-09-10,10.329999923706055,10.34000015258789,10.279999732971191,10.279999732971191,10.279999732971191,1400,USD,NGM,America/New_York,Yahoo Finance
ALIS,2026-09-11,10.34000015258789,10.34000015258789,10.34000015258789,10.34000015258789,10.34000015258789,400,USD,NGM,America/New_York,Yahoo Finance
ALIS,2026-09-14,10.291999816894531,10.34000015258789,10.279999732971191,10.34000015258789,10.34000015258789,3800,USD,NGM,America/New_York,Yahoo Finance
ALIS,2026-09-15,10.3100004196167,10.350000381469727,10.3100004196167,10.34000015258789,10.34000015258789,11700,USD,NGM,America/New_York,Yahoo Finance
ALIS,2026-09-16,10.289999961853027,10.289999961853027,10.289999961853027,10.289999961853027,10.289999961853027,700,USD,NGM,America/New_York,Yahoo Finance
ALIS,2026-09-17,10.329999923706055,10.329999923706055,10.28600025177002,10.28600025177002,10.28600025177002,14200,USD,NGM,America/New_York,Yahoo Finance
ALIS,2026-09-18,10.3100004196167,10.3100004196167,10.295000076293945,10.295000076293945,10.295000076293945,3400,USD,NGM,America/New_York,Yahoo Finance
ALIS,2026-09-21,10.319999694824219,10.319999694824219,10.295000076293945,10.295000076293945,10.295000076293945,3700,USD,NGM,America/New_York,Yahoo Finance
ALIS,2026-09-22,10.3100004196167,10.350000381469727,10.3100004196167,10.34000015258789,10.34000015258789,326600,USD,NGM,America/New_York,Yahoo Finance
ALIS,2026-09-23,10.345000267028809,10.345000267028809,10.34000015258789,10.34000015258789,10.34000015258789,700,USD,NGM,America/New_York,Yahoo Finance
ALIS,2026-09-24,10.34000015258789,10.34000015258789,10.34000015258789,10.34000015258789,10.34000015258789,0,USD,NGM,America/New_York,Yahoo Finance
ALIS,2026-09-25,10.34000015258789,10.34000015258789,10.289999961853027,10.289999961853027,10.289999961853027,900,USD,NGM,America/New_York,Yahoo Finance
ALIS,2026-09-28,10.319999694824219,10.329999923706055,10.319999694824219,10.329999923706055,10.329999923706055,2100,USD,NGM,America/New_York,Yahoo Finance
ALIS,2026-09-29,10.329999923706055,10.329999923706055,10.3100004196167,10.319999694824219,10.319999694824219,3700,USD,NGM,America/New_York,Yahoo Finance
ALIS,2026-09-30,10.329999923706055,10.329999923706055,10.3100004196167,10.3100004196167,10.3100004196167,14900,USD,NGM,America/New_York,Yahoo Finance
ALIS,2026-10-01,10.3100004196167,10.329999923706055,10.3100004196167,10.3100004196167,10.3100004196167,13400,USD,NGM,America/New_York,Yahoo Finance
ALIS,2026-10-02,10.329999923706055,10.329999923706055,10.324999809265137,10.329999923706055,10.329999923706055,102900,USD,NGM,America/New_York,Yahoo Finance
ALUB,2026-08-21,10.149999618530273,10.149999618530273,10.149999618530273,10.149999618530273,10.149999618530273,0,USD,NYQ,America/New_York,Yahoo Finance
ALUB,2026-08-24,10.149999618530273,10.149999618530273,10.149999618530273,10.149999618530273,10.149999618530273,0,USD,NYQ,America/New_York,Yahoo Finance
ALUB,2026-08-25,10.109999656677246,10.109999656677246,10.109999656677246,10.109999656677246,10.109999656677246,623500,USD,NYQ,America/New_York,Yahoo Finance
ALUB,2026-08-26,10.109999656677246,10.109999656677246,10.109999656677246,10.109999656677246,10.109999656677246,1000,USD,NYQ,America/New_York,Yahoo Finance
ALUB,2026-08-27,10.109999656677246,10.119999885559082,10.109999656677246,10.119999885559082,10.119999885559082,20400,USD,NYQ,America/New_York,Yahoo Finance
ALUB,2026-08-28,10.119999885559082,10.119999885559082,10.119999885559082,10.119999885559082,10.119999885559082,0,USD,NYQ,America/New_York,Yahoo Finance
ALUB,2026-08-31,10.109999656677246,10.109999656677246,10.100000381469727,10.109999656677246,10.109999656677246,188100,USD,NYQ,America/New_York,Yahoo Finance
ALUB,2026-09-01,10.119999885559082,10.119999885559082,10.109999656677246,10.119999885559082,10.119999885559082,97900,USD,NYQ,America/New_York,Yahoo Finance
ALUB,2026-09-02,10.119999885559082,10.119999885559082,10.119999885559082,10.119999885559082,10.119999885559082,0,USD,NYQ,America/New_York,Yahoo Finance
ALUB,2026-09-03,10.109999656677246,10.114999771118164,10.109999656677246,10.114999771118164,10.114999771118164,119300,USD,NYQ,America/New_York,Yahoo Finance
ALUB,2026-09-04,10.114999771118164,10.114999771118164,10.114999771118164,10.114999771118164,10.114999771118164,0,USD,NYQ,America/New_York,Yahoo Finance
ALUB,2026-09-08,10.109999656677246,10.119999885559082,10.109999656677246,10.119999885559082,10.119999885559082,86500,USD,NYQ,America/New_York,Yahoo Finance
ALUB,2026-09-09,10.119999885559082,10.145000457763672,10.114999771118164,10.145000457763672,10.145000457763672,62300,USD,NYQ,America/New_York,Yahoo Finance
ALUB,2026-09-10,10.119999885559082,10.119999885559082,10.119999885559082,10.119999885559082,10.119999885559082,2100,USD,NYQ,America/New_York,Yahoo Finance
ALUB,2026-09-11,10.125,10.125,10.119999885559082,10.119999885559082,10.119999885559082,104400,USD,NYQ,America/New_York,Yahoo Finance
ALUB,2026-09-14,10.140000343322754,10.149999618530273,10.140000343322754,10.149999618530273,10.149999618530273,300,USD,NYQ,America/New_York,Yahoo Finance
ALUB,2026-09-15,10.170000076293945,10.170000076293945,10.109999656677246,10.119999885559082,10.119999885559082,255400,USD,NYQ,America/New_York,Yahoo Finance
ALUB,2026-09-16,10.119999885559082,10.125,10.119999885559082,10.119999885559082,10.119999885559082,111500,USD,NYQ,America/New_York,Yahoo Finance
ALUB,2026-09-17,10.119999885559082,10.119999885559082,10.119999885559082,10.119999885559082,10.119999885559082,96500,USD,NYQ,America/New_York,Yahoo Finance
ALUB,2026-09-18,10.114999771118164,10.114999771118164,10.109999656677246,10.109999656677246,10.109999656677246,2400,USD,NYQ,America/New_York,Yahoo Finance
ALUB,2026-09-21,10.109999656677246,10.119999885559082,10.109999656677246,10.119999885559082,10.119999885559082,293500,USD,NYQ,America/New_York,Yahoo Finance
ALUB,2026-09-22,10.119999885559082,10.119999885559082,10.119999885559082,10.119999885559082,10.119999885559082,0,USD,NYQ,America/New_York,Yahoo Finance
ALUB,2026-09-23,10.109999656677246,10.119999885559082,10.109999656677246,10.119999885559082,10.119999885559082,346000,USD,NYQ,America/New_York,Yahoo Finance
ALUB,2026-09-24,10.119999885559082,10.125,10.119999885559082,10.119999885559082,10.119999885559082,47300,USD,NYQ,America/New_York,Yahoo Finance
ALUB,2026-09-25,10.119999885559082,10.119999885559082,10.119999885559082,10.119999885559082,10.119999885559082,600,USD,NYQ,America/New_York,Yahoo Finance
ALUB,2026-09-28,10.130000114440918,10.130000114440918,10.130000114440918,10.130000114440918,10.130000114440918,100,USD,NYQ,America/New_York,Yahoo Finance
ALUB,2026-09-29,10.119999885559082,10.130000114440918,10.119999885559082,10.130000114440918,10.130000114440918,11200,USD,NYQ,America/New_York,Yahoo Finance
ALUB,2026-09-30,10.135000228881836,10.140000343322754,10.135000228881836,10.140000343322754,10.140000343322754,10700,USD,NYQ,America/New_York,Yahoo Finance
ALUB,2026-10-01,10.140000343322754,10.140000343322754,10.140000343322754,10.140000343322754,10.140000343322754,73200,USD,NYQ,America/New_York,Yahoo Finance
ALUB,2026-10-02,10.170000076293945,10.170000076293945,10.130000114440918,10.130000114440918,10.130000114440918,18500,USD,NYQ,America/New_York,Yahoo Finance
AMBR,2026-08-21,1.0499999523162842,1.0499999523162842,0.9509999752044678,0.9760000109672546,0.9760000109672546,51400,USD,NGM,America/New_York,Yahoo Finance
AMBR,2026-08-24,0.9700000286102295,1.090000033378601,0.9700000286102295,1.0800000429153442,1.0800000429153442,55700,USD,NGM,America/New_York,Yahoo Finance
AMBR,2026-08-25,1.0800000429153442,1.159999966621399,1.059999942779541,1.0800000429153442,1.0800000429153442,51400,USD,NGM,America/New_York,Yahoo Finance
AMBR,2026-08-26,1.090000033378601,1.100000023841858,1.0180000066757202,1.0750000476837158,1.0750000476837158,19100,USD,NGM,America/New_York,Yahoo Finance
AMBR,2026-08-27,1.0800000429153442,1.1399999856948853,1.059999942779541,1.090000033378601,1.090000033378601,36700,USD,NGM,America/New_York,Yahoo Finance
AMBR,2026-08-28,1.0800000429153442,1.100000023841858,1.0099999904632568,1.0499999523162842,1.0499999523162842,21700,USD,NGM,America/New_York,Yahoo Finance
AMBR,2026-08-31,1.0499999523162842,1.1799999475479126,1.0499999523162842,1.159999966621399,1.159999966621399,50800,USD,NGM,America/New_York,Yahoo Finance
AMBR,2026-09-01,1.3899999856948853,1.399999976158142,0.8600000143051147,0.8799999952316284,0.8799999952316284,16317500,USD,NGM,America/New_York,Yahoo Finance
AMBR,2026-09-02,0.9700000286102295,1.0789999961853027,0.9110000133514404,1.0199999809265137,1.0199999809265137,4831900,USD,NGM,America/New_York,Yahoo Finance
AMBR,2026-09-03,1.0299999713897705,1.0299999713897705,0.8999999761581421,0.9399999976158142,0.9399999976158142,1093200,USD,NGM,America/New_York,Yahoo Finance
AMBR,2026-09-04,0.9160000085830688,0.9480000138282776,0.8999999761581421,0.9100000262260437,0.9100000262260437,287800,USD,NGM,America/New_York,Yahoo Finance
AMBR,2026-09-08,0.8999999761581421,0.9860000014305115,0.8299999833106995,0.9779999852180481,0.9779999852180481,320600,USD,NGM,America/New_York,Yahoo Finance
AMBR,2026-09-09,0.9470000267028809,0.9929999709129333,0.8669999837875366,0.9890000224113464,0.9890000224113464,291900,USD,NGM,America/New_York,Yahoo Finance
AMBR,2026-09-10,0.9419999718666077,1.0099999904632568,0.9190000295639038,1.0099999904632568,1.0099999904632568,94800,USD,NGM,America/New_York,Yahoo Finance
AMBR,2026-09-11,0.9980000257492065,1.1100000143051147,0.9700000286102295,1.0800000429153442,1.0800000429153442,270700,USD,NGM,America/New_York,Yahoo Finance
AMBR,2026-09-14,1.0700000524520874,1.1699999570846558,1.024999976158142,1.1299999952316284,1.1299999952316284,257600,USD,NGM,America/New_York,Yahoo Finance
AMBR,2026-09-15,1.0700000524520874,1.180999994277954,1.0,1.1799999475479126,1.1799999475479126,229200,USD,NGM,America/New_York,Yahoo Finance
AMBR,2026-09-16,1.1299999952316284,1.350000023841858,1.1200000047683716,1.3200000524520874,1.3200000524520874,331100,USD,NGM,America/New_York,Yahoo Finance
AMBR,2026-09-17,1.2400000095367432,1.5299999713897705,1.2350000143051147,1.4700000286102295,1.4700000286102295,336600,USD,NGM,America/New_York,Yahoo Finance
AMBR,2026-09-18,1.4199999570846558,2.0,1.3899999856948853,1.9700000286102295,1.9700000286102295,1074100,USD,NGM,America/New_York,Yahoo Finance
AMBR,2026-09-21,2.005000114440918,2.0999999046325684,1.5800000429153442,1.649999976158142,1.649999976158142,541500,USD,NGM,America/New_York,Yahoo Finance
AMBR,2026-09-22,1.6399999856948853,1.9600000381469727,1.4900000095367432,1.8899999856948853,1.8899999856948853,552000,USD,NGM,America/New_York,Yahoo Finance
AMBR,2026-09-23,1.8700000047683716,2.049999952316284,1.8600000143051147,1.9199999570846558,1.9199999570846558,262400,USD,NGM,America/New_York,Yahoo Finance
AMBR,2026-09-24,1.909999966621399,2.049999952316284,1.809999942779541,1.8799999952316284,1.8799999952316284,191700,USD,NGM,America/New_York,Yahoo Finance
AMBR,2026-09-25,1.7999999523162842,1.9609999656677246,1.7610000371932983,1.8600000143051147,1.8600000143051147,244100,USD,NGM,America/New_York,Yahoo Finance
AMBR,2026-09-28,1.8450000286102295,1.8899999856948853,1.7139999866485596,1.774999976158142,1.774999976158142,132700,USD,NGM,America/New_York,Yahoo Finance
AMBR,2026-09-29,1.7799999713897705,1.940000057220459,1.7480000257492065,1.840000033378601,1.840000033378601,138200,USD,NGM,America/New_York,Yahoo Finance
AMBR,2026-09-30,1.8300000429153442,1.909999966621399,1.7799999713897705,1.7799999713897705,1.7799999713897705,88100,USD,NGM,America/New_York,Yahoo Finance
AMBR,2026-10-01,1.7899999618530273,1.9199999570846558,1.7899999618530273,1.8899999856948853,1.8899999856948853,154700,USD,NGM,America/New_York,Yahoo Finance
AMBR,2026-10-02,1.8600000143051147,1.9199999570846558,1.809999942779541,1.809999942779541,1.809999942779541,97400,USD,NGM,America/New_York,Yahoo Finance
ANGO,2026-08-21,15.850000381469727,15.850000381469727,15.600000381469727,15.75,15.75,150100,USD,NMS,America/New_York,Yahoo Finance
ANGO,2026-08-24,15.729999542236328,15.789999961853027,15.539999961853027,15.770000457763672,15.770000457763672,179100,USD,NMS,America/New_York,Yahoo Finance
ANGO,2026-08-25,15.84000015258789,15.989999771118164,15.600000381469727,15.949999809265137,15.949999809265137,280400,USD,NMS,America/New_York,Yahoo Finance
ANGO,2026-08-26,15.869999885559082,15.960000038146973,15.539999961853027,15.6899995803833,15.6899995803833,242400,USD,NMS,America/New_York,Yahoo Finance
ANGO,2026-08-27,15.619999885559082,15.949999809265137,15.600000381469727,15.779999732971191,15.779999732971191,295400,USD,NMS,America/New_York,Yahoo Finance
ANGO,2026-08-28,15.880000114440918,15.970000267028809,15.680000305175781,15.850000381469727,15.850000381469727,200700,USD,NMS,America/New_York,Yahoo Finance
ANGO,2026-08-31,15.800000190734863,16.219999313354492,15.630000114440918,16.1299991607666,16.1299991607666,358500,USD,NMS,America/New_York,Yahoo Finance
ANGO,2026-09-01,16.15999984741211,16.290000915527344,15.779999732971191,15.859999656677246,15.859999656677246,237900,USD,NMS,America/New_York,Yahoo Finance
ANGO,2026-09-02,15.899999618530273,16.219999313354492,15.520000457763672,15.619999885559082,15.619999885559082,311400,USD,NMS,America/New_York,Yahoo Finance
ANGO,2026-09-03,15.779999732971191,15.829999923706055,15.15999984741211,15.470000267028809,15.470000267028809,438300,USD,NMS,America/New_York,Yahoo Finance
ANGO,2026-09-04,15.359999656677246,15.4399995803833,14.850000381469727,15.199999809265137,15.199999809265137,527400,USD,NMS,America/New_York,Yahoo Finance
ANGO,2026-09-08,15.079999923706055,15.390000343322754,15.020000457763672,15.220000267028809,15.220000267028809,432100,USD,NMS,America/New_York,Yahoo Finance
ANGO,2026-09-09,15.09000015258789,15.359999656677246,14.9399995803833,15.319999694824219,15.319999694824219,328800,USD,NMS,America/New_York,Yahoo Finance
ANGO,2026-09-10,15.210000038146973,15.460000038146973,15.010000228881836,15.239999771118164,15.239999771118164,238700,USD,NMS,America/New_York,Yahoo Finance
ANGO,2026-09-11,15.4399995803833,15.470000267028809,15.069999694824219,15.270000457763672,15.270000457763672,342000,USD,NMS,America/New_York,Yahoo Finance
ANGO,2026-09-14,15.319999694824219,15.550000190734863,15.109999656677246,15.510000228881836,15.510000228881836,389300,USD,NMS,America/New_York,Yahoo Finance
ANGO,2026-09-15,15.4399995803833,15.789999961853027,15.199999809265137,15.680000305175781,15.680000305175781,661500,USD,NMS,America/New_York,Yahoo Finance
ANGO,2026-09-16,15.680000305175781,15.920000076293945,15.40999984741211,15.460000038146973,15.460000038146973,469600,USD,NMS,America/New_York,Yahoo Finance
ANGO,2026-09-17,15.550000190734863,15.619999885559082,15.319999694824219,15.369999885559082,15.369999885559082,558700,USD,NMS,America/New_York,Yahoo Finance
ANGO,2026-09-18,15.220000267028809,15.5600004196167,14.970000267028809,15.4399995803833,15.4399995803833,1012600,USD,NMS,America/New_York,Yahoo Finance
ANGO,2026-09-21,15.4399995803833,15.5,15.130000114440918,15.420000076293945,15.420000076293945,315700,USD,NMS,America/New_York,Yahoo Finance
ANGO,2026-09-22,15.569999694824219,15.729999542236328,15.390000343322754,15.670000076293945,15.670000076293945,439400,USD,NMS,America/New_York,Yahoo Finance
ANGO,2026-09-23,15.65999984741211,15.880000114440918,15.229999542236328,15.510000228881836,15.510000228881836,503400,USD,NMS,America/New_York,Yahoo Finance
ANGO,2026-09-24,15.479999542236328,15.640000343322754,15.0,15.279999732971191,15.279999732971191,497500,USD,NMS,America/New_York,Yahoo Finance
ANGO,2026-09-25,15.319999694824219,15.649999618530273,15.149999618530273,15.489999771118164,15.489999771118164,635500,USD,NMS,America/New_York,Yahoo Finance
ANGO,2026-09-28,15.489999771118164,15.760000228881836,15.199999809265137,15.539999961853027,15.539999961853027,533600,USD,NMS,America/New_York,Yahoo Finance
ANGO,2026-09-29,15.539999961853027,15.630000114440918,14.890000343322754,15.600000381469727,15.600000381469727,862100,USD,NMS,America/New_York,Yahoo Finance
ANGO,2026-09-30,15.649999618530273,15.65999984741211,15.329999923706055,15.380000114440918,15.380000114440918,634500,USD,NMS,America/New_York,Yahoo Finance
ANGO,2026-10-01,15.359999656677246,15.520000457763672,14.960000038146973,15.119999885559082,15.119999885559082,685100,USD,NMS,America/New_York,Yahoo Finance
ANGO,2026-10-02,15.359999656677246,15.359999656677246,15.0,15.109999656677246,15.109999656677246,1128000,USD,NMS,America/New_York,Yahoo Finance
ANTA,2026-08-21,3.700000047683716,4.199999809265137,3.700000047683716,4.150000095367432,4.150000095367432,59700,USD,NGM,America/New_York,Yahoo Finance
ANTA,2026-08-24,4.019999980926514,4.019999980926514,3.5399999618530273,3.9700000286102295,3.9700000286102295,3900,USD,NGM,America/New_York,Yahoo Finance
ANTA,2026-08-25,3.928999900817871,4.063000202178955,3.890000104904175,4.025000095367432,4.025000095367432,4700,USD,NGM,America/New_York,Yahoo Finance
ANTA,2026-08-26,3.7799999713897705,3.9100000858306885,3.5299999713897705,3.700000047683716,3.700000047683716,3100,USD,NGM,America/New_York,Yahoo Finance
ANTA,2026-08-27,3.5799999237060547,3.950000047683716,3.5799999237060547,3.950000047683716,3.950000047683716,500,USD,NGM,America/New_York,Yahoo Finance
ANTA,2026-08-28,3.5399999618530273,4.010000228881836,3.5399999618530273,3.6600000858306885,3.6600000858306885,3300,USD,NGM,America/New_York,Yahoo Finance
ANTA,2026-08-31,3.884999990463257,4.0,3.700000047683716,3.7100000381469727,3.7100000381469727,3100,USD,NGM,America/New_York,Yahoo Finance
ANTA,2026-09-01,3.4000000953674316,4.0,3.4000000953674316,3.9000000953674316,3.9000000953674316,2200,USD,NGM,America/New_York,Yahoo Finance
ANTA,2026-09-02,3.734999895095825,3.734999895095825,3.734999895095825,3.734999895095825,3.734999895095825,400,USD,NGM,America/New_York,Yahoo Finance
ANTA,2026-09-03,3.559999942779541,3.559999942779541,3.559999942779541,3.559999942779541,3.559999942779541,300,USD,NGM,America/New_York,Yahoo Finance
ANTA,2026-09-04,3.819999933242798,3.819999933242798,3.4000000953674316,3.759999990463257,3.759999990463257,6100,USD,NGM,America/New_York,Yahoo Finance
ANTA,2026-09-08,3.390000104904175,3.5,3.390000104904175,3.444999933242798,3.444999933242798,4200,USD,NGM,America/New_York,Yahoo Finance
ANTA,2026-09-09,3.619999885559082,3.950000047683716,3.4100000858306885,3.572000026702881,3.572000026702881,2200,USD,NGM,America/New_York,Yahoo Finance
ANTA,2026-09-10,3.799999952316284,3.8980000019073486,3.5299999713897705,3.890000104904175,3.890000104904175,3400,USD,NGM,America/New_York,Yahoo Finance
ANTA,2026-09-11,3.4600000381469727,3.8550000190734863,3.4600000381469727,3.7249999046325684,3.7249999046325684,2700,USD,NGM,America/New_York,Yahoo Finance
ANTA,2026-09-14,3.549999952316284,3.884999990463257,3.5,3.6600000858306885,3.6600000858306885,38000,USD,NGM,America/New_York,Yahoo Finance
ANTA,2026-09-15,3.5999999046325684,3.809999942779541,3.509999990463257,3.509999990463257,3.509999990463257,24700,USD,NGM,America/New_York,Yahoo Finance
ANTA,2026-09-16,3.4000000953674316,3.5,3.3499999046325684,3.450000047683716,3.450000047683716,2600,USD,NGM,America/New_York,Yahoo Finance
ANTA,2026-09-17,3.309999942779541,3.5,3.25,3.309999942779541,3.309999942779541,2800,USD,NGM,America/New_York,Yahoo Finance
ANTA,2026-09-18,3.309999942779541,3.309999942779541,3.309999942779541,3.309999942779541,3.309999942779541,0,USD,NGM,America/New_York,Yahoo Finance
ANTA,2026-09-21,3.109999895095825,3.174999952316284,3.109999895095825,3.1500000953674316,3.1500000953674316,2400,USD,NGM,America/New_York,Yahoo Finance
ANTA,2026-09-22,3.319999933242798,3.490000009536743,3.1500000953674316,3.200000047683716,3.200000047683716,8700,USD,NGM,America/New_York,Yahoo Finance
ANTA,2026-09-23,3.240000009536743,3.312000036239624,3.0799999237060547,3.0999999046325684,3.0999999046325684,5800,USD,NGM,America/New_York,Yahoo Finance
ANTA,2026-09-24,2.859999895095825,2.990000009536743,2.819999933242798,2.9149999618530273,2.9149999618530273,4000,USD,NGM,America/New_York,Yahoo Finance
ANTA,2026-09-25,2.799999952316284,2.9000000953674316,2.799999952316284,2.8399999141693115,2.8399999141693115,91400,USD,NGM,America/New_York,Yahoo Finance
ANTA,2026-09-28,2.859999895095825,2.859999895095825,2.5399999618530273,2.5399999618530273,2.5399999618530273,7500,USD,NGM,America/New_York,Yahoo Finance
ANTA,2026-09-29,2.569999933242798,2.569999933242798,2.265000104904175,2.2899999618530273,2.2899999618530273,6900,USD,NGM,America/New_York,Yahoo Finance
ANTA,2026-09-30,2.2300000190734863,3.490000009536743,2.049999952316284,2.619999885559082,2.619999885559082,730200,USD,NGM,America/New_York,Yahoo Finance
ANTA,2026-10-01,2.5799999237060547,2.7300000190734863,2.4000000953674316,2.559999942779541,2.559999942779541,17200,USD,NGM,America/New_York,Yahoo Finance
ANTA,2026-10-02,2.5,2.5,2.309999942779541,2.319999933242798,2.319999933242798,3600,USD,NGM,America/New_York,Yahoo Finance
AOS,2026-08-17,61.650001525878906,61.84000015258789,60.900001525878906,61.400001525878906,61.400001525878906,950000,USD,NYQ,America/New_York,Yahoo Finance
AOS,2026-08-18,61.630001068115234,61.689998626708984,60.560001373291016,60.86000061035156,60.86000061035156,977300,USD,NYQ,America/New_York,Yahoo Finance
AOS,2026-08-19,61.77000045776367,63.86000061035156,61.47999954223633,63.79999923706055,63.79999923706055,1629700,USD,NYQ,America/New_York,Yahoo Finance
AOS,2026-08-20,62.709999084472656,63.59000015258789,62.31999969482422,62.43000030517578,62.43000030517578,1195100,USD,NYQ,America/New_York,Yahoo Finance
AOS,2026-08-21,62.77000045776367,63.41999816894531,62.13999938964844,63.08000183105469,63.08000183105469,1140700,USD,NYQ,America/New_York,Yahoo Finance
AOS,2026-08-24,63.439998626708984,64.08999633789062,62.060001373291016,62.720001220703125,62.720001220703125,1170000,USD,NYQ,America/New_York,Yahoo Finance
AOS,2026-08-25,63.400001525878906,63.40999984741211,61.66999816894531,62.150001525878906,62.150001525878906,1323100,USD,NYQ,America/New_York,Yahoo Finance
AOS,2026-08-26,62.459999084472656,63.279998779296875,62.189998626708984,62.47999954223633,62.47999954223633,1013400,USD,NYQ,America/New_York,Yahoo Finance
AOS,2026-08-27,61.93000030517578,62.33000183105469,61.38999938964844,61.95000076293945,61.95000076293945,1044800,USD,NYQ,America/New_York,Yahoo Finance
AOS,2026-08-28,62.189998626708984,62.9900016784668,59.5,60.380001068115234,60.380001068115234,1811600,USD,NYQ,America/New_York,Yahoo Finance
AOS,2026-08-31,59.939998626708984,60.29999923706055,59.04999923706055,59.130001068115234,59.130001068115234,2168100,USD,NYQ,America/New_York,Yahoo Finance
AOS,2026-09-01,58.7400016784668,59.59000015258789,58.40999984741211,58.4900016784668,58.4900016784668,1020000,USD,NYQ,America/New_York,Yahoo Finance
AOS,2026-09-02,58.779998779296875,59.630001068115234,58.43000030517578,59.2599983215332,59.2599983215332,1055000,USD,NYQ,America/New_York,Yahoo Finance
AOS,2026-09-03,60.0,60.84000015258789,59.689998626708984,60.529998779296875,60.529998779296875,1333400,USD,NYQ,America/New_York,Yahoo Finance
AOS,2026-09-04,60.209999084472656,61.11000061035156,60.15999984741211,60.47999954223633,60.47999954223633,1312000,USD,NYQ,America/New_York,Yahoo Finance
AOS,2026-09-08,60.36000061035156,60.369998931884766,58.790000915527344,58.81999969482422,58.81999969482422,1318200,USD,NYQ,America/New_York,Yahoo Finance
AOS,2026-09-09,58.41999816894531,58.86000061035156,57.720001220703125,57.83000183105469,57.83000183105469,1313700,USD,NYQ,America/New_York,Yahoo Finance
AOS,2026-09-10,57.0,57.279998779296875,56.5,56.709999084472656,56.709999084472656,1247800,USD,NYQ,America/New_York,Yahoo Finance
AOS,2026-09-11,57.34000015258789,58.040000915527344,56.97999954223633,57.38999938964844,57.38999938964844,1513400,USD,NYQ,America/New_York,Yahoo Finance
AOS,2026-09-14,56.79999923706055,57.79999923706055,56.709999084472656,57.380001068115234,57.380001068115234,1391300,USD,NYQ,America/New_York,Yahoo Finance
AOS,2026-09-15,57.47999954223633,57.47999954223633,56.630001068115234,57.220001220703125,57.220001220703125,1224100,USD,NYQ,America/New_York,Yahoo Finance
AOS,2026-09-16,57.439998626708984,57.79999923706055,56.54999923706055,56.88999938964844,56.88999938964844,1353000,USD,NYQ,America/New_York,Yahoo Finance
AOS,2026-09-17,57.79999923706055,58.119998931884766,56.59000015258789,56.93000030517578,56.93000030517578,1058000,USD,NYQ,America/New_York,Yahoo Finance
AOS,2026-09-18,56.90999984741211,57.22999954223633,56.4900016784668,56.95000076293945,56.95000076293945,3270900,USD,NYQ,America/New_York,Yahoo Finance
AOS,2026-09-21,57.630001068115234,57.630001068115234,56.54999923706055,56.959999084472656,56.959999084472656,1478600,USD,NYQ,America/New_York,Yahoo Finance
AOS,2026-09-22,57.97999954223633,58.220001220703125,57.31999969482422,58.15999984741211,58.15999984741211,1466900,USD,NYQ,America/New_York,Yahoo Finance
AOS,2026-09-23,57.72999954223633,58.400001525878906,57.63999938964844,57.7400016784668,57.7400016784668,1097400,USD,NYQ,America/New_York,Yahoo Finance
AOS,2026-09-24,57.66999816894531,58.709999084472656,57.630001068115234,57.70000076293945,57.70000076293945,2203000,USD,NYQ,America/New_York,Yahoo Finance
AOS,2026-09-25,57.86000061035156,58.95000076293945,57.16999816894531,58.650001525878906,58.650001525878906,995700,USD,NYQ,America/New_York,Yahoo Finance
AOS,2026-09-28,58.16999816894531,58.689998626708984,57.630001068115234,58.380001068115234,58.380001068115234,1138800,USD,NYQ,America/New_York,Yahoo Finance
APMC,2026-08-21,9.930000305175781,9.930000305175781,9.930000305175781,9.930000305175781,9.930000305175781,700,USD,NGM,America/New_York,Yahoo Finance
APMC,2026-08-24,9.930000305175781,9.930000305175781,9.930000305175781,9.930000305175781,9.930000305175781,0,USD,NGM,America/New_York,Yahoo Finance
APMC,2026-08-25,9.949999809265137,9.970000267028809,9.9399995803833,9.970000267028809,9.970000267028809,126400,USD,NGM,America/New_York,Yahoo Finance
APMC,2026-08-26,9.970000267028809,9.970000267028809,9.920000076293945,9.9399995803833,9.9399995803833,13500,USD,NGM,America/New_York,Yahoo Finance
APMC,2026-08-27,9.970000267028809,9.979999542236328,9.970000267028809,9.979999542236328,9.979999542236328,1500,USD,NGM,America/New_York,Yahoo Finance
APMC,2026-08-28,9.979999542236328,9.979999542236328,9.979999542236328,9.979999542236328,9.979999542236328,0,USD,NGM,America/New_York,Yahoo Finance
APMC,2026-08-31,9.979999542236328,9.979999542236328,9.979999542236328,9.979999542236328,9.979999542236328,0,USD,NGM,America/New_York,Yahoo Finance
APMC,2026-09-01,9.960000038146973,9.970000267028809,9.960000038146973,9.970000267028809,9.970000267028809,500,USD,NGM,America/New_York,Yahoo Finance
APMC,2026-09-02,9.970000267028809,9.970000267028809,9.970000267028809,9.970000267028809,9.970000267028809,0,USD,NGM,America/New_York,Yahoo Finance
APMC,2026-09-03,9.960000038146973,9.960000038146973,9.949999809265137,9.949999809265137,9.949999809265137,59800,USD,NGM,America/New_York,Yahoo Finance
APMC,2026-09-04,9.970000267028809,9.970000267028809,9.970000267028809,9.970000267028809,9.970000267028809,500,USD,NGM,America/New_York,Yahoo Finance
APMC,2026-09-08,9.960000038146973,9.960000038146973,9.960000038146973,9.960000038146973,9.960000038146973,15100,USD,NGM,America/New_York,Yahoo Finance
APMC,2026-09-09,9.960000038146973,9.960000038146973,9.960000038146973,9.960000038146973,9.960000038146973,0,USD,NGM,America/New_York,Yahoo Finance
APMC,2026-09-10,9.970000267028809,9.970000267028809,9.960000038146973,9.960000038146973,9.960000038146973,4400,USD,NGM,America/New_York,Yahoo Finance
APMC,2026-09-11,9.960000038146973,9.960000038146973,9.960000038146973,9.960000038146973,9.960000038146973,0,USD,NGM,America/New_York,Yahoo Finance
APMC,2026-09-14,9.970000267028809,9.970000267028809,9.970000267028809,9.970000267028809,9.970000267028809,1000,USD,NGM,America/New_York,Yahoo Finance
APMC,2026-09-15,9.970000267028809,9.970000267028809,9.970000267028809,9.970000267028809,9.970000267028809,0,USD,NGM,America/New_York,Yahoo Finance
APMC,2026-09-16,9.970000267028809,9.970000267028809,9.970000267028809,9.970000267028809,9.970000267028809,0,USD,NGM,America/New_York,Yahoo Finance
APMC,2026-09-17,9.970000267028809,9.970000267028809,9.970000267028809,9.970000267028809,9.970000267028809,0,USD,NGM,America/New_York,Yahoo Finance
APMC,2026-09-18,9.970000267028809,9.970000267028809,9.970000267028809,9.970000267028809,9.970000267028809,0,USD,NGM,America/New_York,Yahoo Finance
APMC,2026-09-21,9.960000038146973,9.960000038146973,9.960000038146973,9.960000038146973,9.960000038146973,100,USD,NGM,America/New_York,Yahoo Finance
APMC,2026-09-22,9.970000267028809,9.970000267028809,9.960000038146973,9.960000038146973,9.960000038146973,1100,USD,NGM,America/New_York,Yahoo Finance
APMC,2026-09-23,9.960000038146973,9.960000038146973,9.960000038146973,9.960000038146973,9.960000038146973,700,USD,NGM,America/New_York,Yahoo Finance
APMC,2026-09-24,9.960000038146973,9.960000038146973,9.960000038146973,9.960000038146973,9.960000038146973,0,USD,NGM,America/New_York,Yahoo Finance
APMC,2026-09-25,9.960000038146973,9.960000038146973,9.960000038146973,9.960000038146973,9.960000038146973,0,USD,NGM,America/New_York,Yahoo Finance
APMC,2026-09-28,9.960000038146973,9.960000038146973,9.960000038146973,9.960000038146973,9.960000038146973,0,USD,NGM,America/New_York,Yahoo Finance
APMC,2026-09-29,9.960000038146973,9.960000038146973,9.960000038146973,9.960000038146973,9.960000038146973,0,USD,NGM,America/New_York,Yahoo Finance
APMC,2026-09-30,9.960000038146973,9.960000038146973,9.960000038146973,9.960000038146973,9.960000038146973,0,USD,NGM,America/New_York,Yahoo Finance
APMC,2026-10-01,9.960000038146973,9.960000038146973,9.960000038146973,9.960000038146973,9.960000038146973,0,USD,NGM,America/New_York,Yahoo Finance
APMC,2026-10-02,9.970000267028809,9.970000267028809,9.970000267028809,9.970000267028809,9.970000267028809,113900,USD,NGM,America/New_York,Yahoo Finance
APP,2026-08-17,318.3699951171875,326.19500732421875,307.70001220703125,311.9800109863281,311.9800109863281,5974900,USD,NMS,America/New_York,Yahoo Finance
APP,2026-08-18,308.82000732421875,314.75,307.04998779296875,307.260009765625,307.260009765625,5148600,USD,NMS,America/New_York,Yahoo Finance
APP,2026-08-19,306.5,315.3349914550781,304.20001220703125,310.7900085449219,310.7900085449219,4430300,USD,NMS,America/New_York,Yahoo Finance
APP,2026-08-20,311.375,319.4200134277344,307.6600036621094,308.7699890136719,308.7699890136719,4462500,USD,NMS,America/New_York,Yahoo Finance
APP,2026-08-21,304.04998779296875,307.3900146484375,298.0,305.7699890136719,305.7699890136719,5485700,USD,NMS,America/New_York,Yahoo Finance
APP,2026-08-24,304.5,307.0,297.5,298.5899963378906,298.5899963378906,4579500,USD,NMS,America/New_York,Yahoo Finance
APP,2026-08-25,299.864990234375,310.8800048828125,299.864990234375,310.5400085449219,310.5400085449219,4001500,USD,NMS,America/New_York,Yahoo Finance
APP,2026-08-26,309.2699890136719,316.79998779296875,306.8800048828125,308.1099853515625,308.1099853515625,3578600,USD,NMS,America/New_York,Yahoo Finance
APP,2026-08-27,312.0,315.8800048828125,306.5,312.6300048828125,312.6300048828125,4045700,USD,NMS,America/New_York,Yahoo Finance
APP,2026-08-28,316.25,335.45001220703125,315.9200134277344,317.760009765625,317.760009765625,6621800,USD,NMS,America/New_York,Yahoo Finance
APP,2026-08-31,315.2449951171875,317.8900146484375,306.25,312.05999755859375,312.05999755859375,5059200,USD,NMS,America/New_York,Yahoo Finance
APP,2026-09-01,305.5,318.7950134277344,305.27899169921875,311.739990234375,311.739990234375,3897400,USD,NMS,America/New_York,Yahoo Finance
APP,2026-09-02,309.739990234375,320.8299865722656,305.6700134277344,319.04998779296875,319.04998779296875,3877400,USD,NMS,America/New_York,Yahoo Finance
APP,2026-09-03,322.8999938964844,331.80999755859375,309.4079895019531,313.5799865722656,313.5799865722656,4463100,USD,NMS,America/New_York,Yahoo Finance
APP,2026-09-04,310.4599914550781,323.79998779296875,310.45001220703125,320.55999755859375,320.55999755859375,3803000,USD,NMS,America/New_York,Yahoo Finance
APP,2026-09-08,319.3800048828125,322.7300109863281,309.8500061035156,312.010009765625,312.010009765625,3909300,USD,NMS,America/New_York,Yahoo Finance
APP,2026-09-09,311.5350036621094,312.3699951171875,304.2099914550781,305.05999755859375,305.05999755859375,3947500,USD,NMS,America/New_York,Yahoo Finance
APP,2026-09-10,300.8399963378906,317.6600036621094,300.0899963378906,314.489990234375,314.489990234375,4729200,USD,NMS,America/New_York,Yahoo Finance
APP,2026-09-11,315.5400085449219,325.6000061035156,311.67999267578125,323.9599914550781,323.9599914550781,3751600,USD,NMS,America/New_York,Yahoo Finance
APP,2026-09-14,324.0400085449219,338.3399963378906,320.3999938964844,334.239990234375,334.239990234375,5056600,USD,NMS,America/New_York,Yahoo Finance
APP,2026-09-15,328.32501220703125,334.4599914550781,323.8030090332031,331.4599914550781,331.4599914550781,6604900,USD,NMS,America/New_York,Yahoo Finance
APP,2026-09-16,333.5799865722656,336.44000244140625,322.010009765625,326.55999755859375,326.55999755859375,3522600,USD,NMS,America/New_York,Yahoo Finance
APP,2026-09-17,331.8599853515625,333.4309997558594,314.82000732421875,321.6000061035156,321.6000061035156,4537400,USD,NMS,America/New_York,Yahoo Finance
APP,2026-09-18,323.3900146484375,328.1499938964844,307.760009765625,308.05999755859375,308.05999755859375,10960500,USD,NMS,America/New_York,Yahoo Finance
APP,2026-09-21,309.69000244140625,336.94000244140625,306.79998779296875,330.1700134277344,330.1700134277344,5991100,USD,NMS,America/New_York,Yahoo Finance
APP,2026-09-22,333.0,333.6050109863281,323.67999267578125,328.7300109863281,328.7300109863281,3428700,USD,NMS,America/New_York,Yahoo Finance
APP,2026-09-23,315.8999938964844,316.5,304.7699890136719,315.25,315.25,6803700,USD,NMS,America/New_York,Yahoo Finance
APP,2026-09-24,315.5,320.44500732421875,308.239990234375,312.4700012207031,312.4700012207031,3967300,USD,NMS,America/New_York,Yahoo Finance
APP,2026-09-25,312.5,316.010009765625,308.3299865722656,310.75,310.75,3020100,USD,NMS,America/New_York,Yahoo Finance
APP,2026-09-28,322.0450134277344,322.7380065917969,306.8800048828125,308.239990234375,308.239990234375,4125600,USD,NMS,America/New_York,Yahoo Finance
APPS,2026-08-17,12.319999694824219,12.789999961853027,12.0600004196167,12.239999771118164,12.239999771118164,2228300,USD,NCM,America/New_York,Yahoo Finance
APPS,2026-08-18,11.9399995803833,12.630000114440918,11.75,12.119999885559082,12.119999885559082,2516400,USD,NCM,America/New_York,Yahoo Finance
APPS,2026-08-19,12.0,12.09000015258789,11.130000114440918,11.229999542236328,11.229999542236328,3049500,USD,NCM,America/New_York,Yahoo Finance
APPS,2026-08-20,11.069999694824219,11.15999984741211,10.680000305175781,10.710000038146973,10.710000038146973,1945800,USD,NCM,America/New_York,Yahoo Finance
APPS,2026-08-21,10.710000038146973,11.0,10.630000114440918,10.869999885559082,10.869999885559082,1874700,USD,NCM,America/New_York,Yahoo Finance
APPS,2026-08-24,10.680000305175781,11.079999923706055,10.539999961853027,10.739999771118164,10.739999771118164,1968800,USD,NCM,America/New_York,Yahoo Finance
APPS,2026-08-25,10.720000267028809,10.890000343322754,10.430000305175781,10.829999923706055,10.829999923706055,1776800,USD,NCM,America/New_York,Yahoo Finance
APPS,2026-08-26,10.579999923706055,11.25,10.579999923706055,10.84000015258789,10.84000015258789,2540000,USD,NCM,America/New_York,Yahoo Finance
APPS,2026-08-27,11.079999923706055,11.619999885559082,11.0,11.4399995803833,11.4399995803833,3339300,USD,NCM,America/New_York,Yahoo Finance
APPS,2026-08-28,11.34000015258789,11.710000038146973,11.020000457763672,11.09000015258789,11.09000015258789,2691900,USD,NCM,America/New_York,Yahoo Finance
APPS,2026-08-31,10.899999618530273,11.1899995803833,10.5,10.760000228881836,10.760000228881836,4041900,USD,NCM,America/New_York,Yahoo Finance
APPS,2026-09-01,10.5,10.5,9.920000076293945,10.0,10.0,2554400,USD,NCM,America/New_York,Yahoo Finance
APPS,2026-09-02,9.949999809265137,10.050000190734863,9.75,9.779999732971191,9.779999732971191,2321500,USD,NCM,America/New_York,Yahoo Finance
APPS,2026-09-03,10.0,10.9399995803833,9.949999809265137,10.880000114440918,10.880000114440918,3124300,USD,NCM,America/New_York,Yahoo Finance
APPS,2026-09-04,10.75,11.0,10.489999771118164,10.710000038146973,10.710000038146973,2002800,USD,NCM,America/New_York,Yahoo Finance
APPS,2026-09-08,10.630000114440918,11.399999618530273,10.449999809265137,11.300000190734863,11.300000190734863,2670300,USD,NCM,America/New_York,Yahoo Finance
APPS,2026-09-09,11.350000381469727,11.609999656677246,10.970000267028809,11.0600004196167,11.0600004196167,2110700,USD,NCM,America/New_York,Yahoo Finance
APPS,2026-09-10,10.859999656677246,11.850000381469727,10.760000228881836,11.800000190734863,11.800000190734863,3093500,USD,NCM,America/New_York,Yahoo Finance
APPS,2026-09-11,11.880000114440918,12.1899995803833,11.699999809265137,11.8100004196167,11.8100004196167,2562400,USD,NCM,America/New_York,Yahoo Finance
APPS,2026-09-14,11.75,11.9399995803833,11.399999618530273,11.729999542236328,11.729999542236328,2495900,USD,NCM,America/New_York,Yahoo Finance
APPS,2026-09-15,11.510000228881836,12.0,11.260000228881836,11.380000114440918,11.380000114440918,2328900,USD,NCM,America/New_York,Yahoo Finance
APPS,2026-09-16,11.300000190734863,11.399999618530273,10.619999885559082,10.84000015258789,10.84000015258789,2217300,USD,NCM,America/New_York,Yahoo Finance
APPS,2026-09-17,11.0,11.40999984741211,10.75,10.960000038146973,10.960000038146973,2588300,USD,NCM,America/New_York,Yahoo Finance
APPS,2026-09-18,10.960000038146973,11.25,10.510000228881836,10.65999984741211,10.65999984741211,3530700,USD,NCM,America/New_York,Yahoo Finance
APPS,2026-09-21,10.770000457763672,12.239999771118164,10.75,12.050000190734863,12.050000190734863,3474200,USD,NCM,America/New_York,Yahoo Finance
APPS,2026-09-22,12.239999771118164,12.300000190734863,11.5,12.1899995803833,12.1899995803833,2340000,USD,NCM,America/New_York,Yahoo Finance
APPS,2026-09-23,12.239999771118164,12.279999732971191,11.5,11.539999961853027,11.539999961853027,2581900,USD,NCM,America/New_York,Yahoo Finance
APPS,2026-09-24,11.329999923706055,11.369999885559082,10.380000114440918,10.880000114440918,10.880000114440918,4267300,USD,NCM,America/New_York,Yahoo Finance
APPS,2026-09-25,10.899999618530273,11.75,10.75,11.109999656677246,11.109999656677246,3595900,USD,NCM,America/New_York,Yahoo Finance
APPS,2026-09-28,11.0,11.369999885559082,10.609999656677246,11.220000267028809,11.220000267028809,2871600,USD,NCM,America/New_York,Yahoo Finance
APYX,2026-08-21,3.049999952316284,3.1700000762939453,3.0399999618530273,3.119999885559082,3.119999885559082,52900,USD,NMS,America/New_York,Yahoo Finance
APYX,2026-08-24,3.130000114440918,3.190000057220459,2.9800000190734863,3.0799999237060547,3.0799999237060547,119600,USD,NMS,America/New_York,Yahoo Finance
APYX,2026-08-25,3.119999885559082,3.240000009536743,3.0899999141693115,3.109999895095825,3.109999895095825,48400,USD,NMS,America/New_York,Yahoo Finance
APYX,2026-08-26,3.119999885559082,3.119999885559082,2.990000009536743,3.049999952316284,3.049999952316284,116700,USD,NMS,America/New_York,Yahoo Finance
APYX,2026-08-27,3.049999952316284,3.049999952316284,2.825000047683716,3.0,3.0,815900,USD,NMS,America/New_York,Yahoo Finance
APYX,2026-08-28,3.009999990463257,3.2200000286102295,3.0,3.0799999237060547,3.0799999237060547,115300,USD,NMS,America/New_York,Yahoo Finance
APYX,2026-08-31,3.049999952316284,3.188999891281128,3.0199999809265137,3.049999952316284,3.049999952316284,46700,USD,NMS,America/New_York,Yahoo Finance
APYX,2026-09-01,3.069999933242798,3.109999895095825,3.009999990463257,3.049999952316284,3.049999952316284,100400,USD,NMS,America/New_York,Yahoo Finance
APYX,2026-09-02,3.069999933242798,3.109999895095825,3.049999952316284,3.0799999237060547,3.0799999237060547,26000,USD,NMS,America/New_York,Yahoo Finance
APYX,2026-09-03,3.0799999237060547,3.0799999237060547,2.9600000381469727,3.059999942779541,3.059999942779541,144000,USD,NMS,America/New_York,Yahoo Finance
APYX,2026-09-04,3.059999942779541,3.0799999237060547,3.0199999809265137,3.049999952316284,3.049999952316284,62100,USD,NMS,America/New_York,Yahoo Finance
APYX,2026-09-08,2.9700000286102295,3.069999933242798,2.9700000286102295,3.049999952316284,3.049999952316284,128500,USD,NMS,America/New_York,Yahoo Finance
APYX,2026-09-09,3.049999952316284,3.055000066757202,3.0,3.049999952316284,3.049999952316284,70400,USD,NMS,America/New_York,Yahoo Finance
APYX,2026-09-10,3.049999952316284,3.069999933242798,2.869999885559082,2.890000104904175,2.890000104904175,90900,USD,NMS,America/New_York,Yahoo Finance
APYX,2026-09-11,2.9000000953674316,3.069999933242798,2.7899999618530273,2.9000000953674316,2.9000000953674316,161300,USD,NMS,America/New_York,Yahoo Finance
APYX,2026-09-14,2.880000114440918,3.0299999713897705,2.875,3.0199999809265137,3.0199999809265137,89100,USD,NMS,America/New_York,Yahoo Finance
APYX,2026-09-15,3.0299999713897705,3.0299999713897705,2.9000000953674316,2.9600000381469727,2.9600000381469727,44100,USD,NMS,America/New_York,Yahoo Finance
APYX,2026-09-16,2.9700000286102295,3.075000047683716,2.9000000953674316,3.009999990463257,3.009999990463257,81000,USD,NMS,America/New_York,Yahoo Finance
APYX,2026-09-17,3.0399999618530273,3.109999895095825,3.0,3.0299999713897705,3.0299999713897705,34200,USD,NMS,America/New_York,Yahoo Finance
APYX,2026-09-18,3.0299999713897705,3.062999963760376,3.0,3.059999942779541,3.059999942779541,152700,USD,NMS,America/New_York,Yahoo Finance
APYX,2026-09-21,3.059999942779541,3.075000047683716,2.859999895095825,2.9100000858306885,2.9100000858306885,169100,USD,NMS,America/New_York,Yahoo Finance
APYX,2026-09-22,2.930000066757202,2.9800000190734863,2.9100000858306885,2.950000047683716,2.950000047683716,73900,USD,NMS,America/New_York,Yahoo Finance
APYX,2026-09-23,2.9200000762939453,2.9619998931884766,2.890000104904175,2.950000047683716,2.950000047683716,86100,USD,NMS,America/New_York,Yahoo Finance
APYX,2026-09-24,2.9600000381469727,2.9600000381469727,2.8299999237060547,2.8299999237060547,2.8299999237060547,73800,USD,NMS,America/New_York,Yahoo Finance
APYX,2026-09-25,2.8499999046325684,2.9700000286102295,2.8499999046325684,2.9600000381469727,2.9600000381469727,131400,USD,NMS,America/New_York,Yahoo Finance
APYX,2026-09-28,2.9000000953674316,2.950000047683716,2.319999933242798,2.5,2.5,362300,USD,NMS,America/New_York,Yahoo Finance
APYX,2026-09-29,2.630000114440918,2.6500000953674316,2.4600000381469727,2.5999999046325684,2.5999999046325684,338500,USD,NMS,America/New_York,Yahoo Finance
APYX,2026-09-30,2.5799999237060547,2.8269999027252197,2.450000047683716,2.450000047683716,2.450000047683716,639600,USD,NMS,America/New_York,Yahoo Finance
APYX,2026-10-01,2.4600000381469727,2.619999885559082,2.4200000762939453,2.5,2.5,294900,USD,NMS,America/New_York,Yahoo Finance
APYX,2026-10-02,2.509999990463257,2.5999999046325684,2.5,2.549999952316284,2.549999952316284,51700,USD,NMS,America/New_York,Yahoo Finance
ARCO,2026-08-17,7.909999847412109,7.929999828338623,7.75,7.860000133514404,7.786932468414307,1403000,USD,NYQ,America/New_York,Yahoo Finance
ARCO,2026-08-18,7.909999847412109,7.909999847412109,7.679999828338623,7.699999809265137,7.628419876098633,1344100,USD,NYQ,America/New_York,Yahoo Finance
ARCO,2026-08-19,7.760000228881836,7.869999885559082,7.71999979019165,7.78000020980835,7.707676410675049,761100,USD,NYQ,America/New_York,Yahoo Finance
ARCO,2026-08-20,7.739999771118164,7.829999923706055,7.71999979019165,7.800000190734863,7.727490425109863,1224100,USD,NYQ,America/New_York,Yahoo Finance
ARCO,2026-08-21,7.809999942779541,7.96999979019165,7.800000190734863,7.960000038146973,7.886003017425537,969100,USD,NYQ,America/New_York,Yahoo Finance
ARCO,2026-08-24,8.140000343322754,8.220000267028809,8.0,8.09000015258789,8.01479434967041,1038000,USD,NYQ,America/New_York,Yahoo Finance
ARCO,2026-08-25,8.069999694824219,8.170000076293945,7.949999809265137,8.130000114440918,8.054422378540039,951200,USD,NYQ,America/New_York,Yahoo Finance
ARCO,2026-08-26,8.119999885559082,8.1899995803833,7.989999771118164,8.010000228881836,7.935538291931152,629500,USD,NYQ,America/New_York,Yahoo Finance
ARCO,2026-08-27,7.940000057220459,7.960000038146973,7.849999904632568,7.940000057220459,7.866189002990723,988300,USD,NYQ,America/New_York,Yahoo Finance
ARCO,2026-08-28,7.980000019073486,8.0600004196167,7.929999828338623,8.0,7.925631046295166,677000,USD,NYQ,America/New_York,Yahoo Finance
ARCO,2026-08-31,7.989999771118164,8.050000190734863,7.840000152587891,7.920000076293945,7.846374988555908,1515900,USD,NYQ,America/New_York,Yahoo Finance
ARCO,2026-09-01,7.860000133514404,8.109999656677246,7.840000152587891,8.0600004196167,7.985073566436768,992400,USD,NYQ,America/New_York,Yahoo Finance
ARCO,2026-09-02,8.0600004196167,8.34000015258789,8.0600004196167,8.210000038146973,8.133678436279297,1521600,USD,NYQ,America/New_York,Yahoo Finance
ARCO,2026-09-03,8.289999961853027,8.34000015258789,8.09000015258789,8.25,8.173307418823242,1304500,USD,NYQ,America/New_York,Yahoo Finance
ARCO,2026-09-04,8.1899995803833,8.329999923706055,8.140000343322754,8.170000076293945,8.094050407409668,540600,USD,NYQ,America/New_York,Yahoo Finance
ARCO,2026-09-08,8.220000267028809,8.220000267028809,8.09000015258789,8.180000305175781,8.103958129882812,821500,USD,NYQ,America/New_York,Yahoo Finance
ARCO,2026-09-09,8.109999656677246,8.149999618530273,8.0,8.09000015258789,8.01479434967041,464200,USD,NYQ,America/New_York,Yahoo Finance
ARCO,2026-09-10,8.069999694824219,8.079999923706055,7.949999809265137,8.0600004196167,7.985073566436768,1408700,USD,NYQ,America/New_York,Yahoo Finance
ARCO,2026-09-11,8.170000076293945,8.170000076293945,7.699999809265137,8.010000228881836,7.935538291931152,870600,USD,NYQ,America/New_York,Yahoo Finance
ARCO,2026-09-14,7.940000057220459,8.010000228881836,7.900000095367432,7.940000057220459,7.866189002990723,681300,USD,NYQ,America/New_York,Yahoo Finance
ARCO,2026-09-15,7.949999809265137,7.949999809265137,7.710000038146973,7.78000020980835,7.707676410675049,1037900,USD,NYQ,America/New_York,Yahoo Finance
ARCO,2026-09-16,7.809999942779541,7.820000171661377,7.599999904632568,7.710000038146973,7.638327121734619,1027100,USD,NYQ,America/New_York,Yahoo Finance
ARCO,2026-09-17,7.769999980926514,7.789999961853027,7.630000114440918,7.639999866485596,7.568977355957031,2028100,USD,NYQ,America/New_York,Yahoo Finance
ARCO,2026-09-18,7.639999866485596,7.639999866485596,7.510000228881836,7.53000020980835,7.460000514984131,1226800,USD,NYQ,America/New_York,Yahoo Finance
ARCO,2026-09-21,7.539999961853027,7.579999923706055,7.46999979019165,7.519999980926514,7.519999980926514,1219200,USD,NYQ,America/New_York,Yahoo Finance
ARCO,2026-09-22,7.630000114440918,7.670000076293945,7.559999942779541,7.619999885559082,7.619999885559082,855600,USD,NYQ,America/New_York,Yahoo Finance
ARCO,2026-09-23,7.590000152587891,7.610000133514404,7.389999866485596,7.409999847412109,7.409999847412109,1090100,USD,NYQ,America/New_York,Yahoo Finance
ARCO,2026-09-24,7.389999866485596,7.429999828338623,7.190000057220459,7.230000019073486,7.230000019073486,1319900,USD,NYQ,America/New_York,Yahoo Finance
ARCO,2026-09-25,7.239999771118164,7.260000228881836,7.150000095367432,7.239999771118164,7.239999771118164,1385200,USD,NYQ,America/New_York,Yahoo Finance
ARCO,2026-09-28,7.230000019073486,7.25,7.099999904632568,7.139999866485596,7.139999866485596,1527500,USD,NYQ,America/New_York,Yahoo Finance
ARES,2026-08-17,143.35000610351562,143.35000610351562,139.57000732421875,141.33999633789062,139.86199951171875,1672100,USD,NYQ,America/New_York,Yahoo Finance
ARES,2026-08-18,140.27999877929688,141.59500122070312,137.52000427246094,140.30999755859375,138.8427734375,1475300,USD,NYQ,America/New_York,Yahoo Finance
ARES,2026-08-19,141.3800048828125,144.8699951171875,140.1300048828125,143.10000610351562,141.60360717773438,2308300,USD,NYQ,America/New_York,Yahoo Finance
ARES,2026-08-20,142.9600067138672,144.07000732421875,139.75999450683594,140.22999572753906,138.76361083984375,2169500,USD,NYQ,America/New_York,Yahoo Finance
ARES,2026-08-21,141.85000610351562,143.5050048828125,140.21499633789062,141.25,139.77294921875,1422700,USD,NYQ,America/New_York,Yahoo Finance
ARES,2026-08-24,141.25,141.6699981689453,139.0800018310547,140.00999450683594,138.5458984375,1573100,USD,NYQ,America/New_York,Yahoo Finance
ARES,2026-08-25,140.6300048828125,143.19000244140625,137.1199951171875,142.75999450683594,141.26715087890625,2863100,USD,NYQ,America/New_York,Yahoo Finance
ARES,2026-08-26,141.9499969482422,144.36000061035156,141.60000610351562,141.97999572753906,140.49530029296875,1686400,USD,NYQ,America/New_York,Yahoo Finance
ARES,2026-08-27,141.6999969482422,145.52999877929688,141.68499755859375,142.41000366210938,140.9208221435547,1985100,USD,NYQ,America/New_York,Yahoo Finance
ARES,2026-08-28,142.6999969482422,144.08999633789062,141.8350067138672,142.52999877929688,141.03955078125,1097000,USD,NYQ,America/New_York,Yahoo Finance
ARES,2026-08-31,141.66000366210938,144.13499450683594,141.2899932861328,143.1699981689453,141.67286682128906,1873300,USD,NYQ,America/New_York,Yahoo Finance
ARES,2026-09-01,140.0,142.75,137.19000244140625,139.08999633789062,137.63552856445312,1529400,USD,NYQ,America/New_York,Yahoo Finance
ARES,2026-09-02,138.0399932861328,141.5749969482422,137.25,138.05999755859375,136.61630249023438,1534700,USD,NYQ,America/New_York,Yahoo Finance
ARES,2026-09-03,139.8000030517578,143.18499755859375,138.27999877929688,141.52000427246094,140.04013061523438,3172900,USD,NYQ,America/New_York,Yahoo Finance
ARES,2026-09-04,138.3699951171875,141.25999450683594,136.1199951171875,140.14999389648438,138.68443298339844,1013800,USD,NYQ,America/New_York,Yahoo Finance
ARES,2026-09-08,139.3800048828125,141.32000732421875,137.0,138.6199951171875,137.17044067382812,1836000,USD,NYQ,America/New_York,Yahoo Finance
ARES,2026-09-09,138.22000122070312,138.25,133.57000732421875,134.3699951171875,132.9648895263672,2301700,USD,NYQ,America/New_York,Yahoo Finance
ARES,2026-09-10,133.1699981689453,133.89999389648438,130.2100067138672,130.6300048828125,129.26400756835938,2679800,USD,NYQ,America/New_York,Yahoo Finance
ARES,2026-09-11,132.94000244140625,134.16000366210938,130.1999969482422,131.63999938964844,130.263427734375,1354400,USD,NYQ,America/New_York,Yahoo Finance
ARES,2026-09-14,130.58999633789062,132.92999267578125,129.89999389648438,131.52000427246094,130.1446990966797,1740300,USD,NYQ,America/New_York,Yahoo Finance
ARES,2026-09-15,131.52000427246094,131.7519989013672,128.08999633789062,129.10000610351562,127.75,1352300,USD,NYQ,America/New_York,Yahoo Finance
ARES,2026-09-16,127.95999908447266,128.61000061035156,121.29000091552734,124.20999908447266,124.20999908447266,1803100,USD,NYQ,America/New_York,Yahoo Finance
ARES,2026-09-17,125.91999816894531,128.5500030517578,124.73500061035156,125.31999969482422,125.31999969482422,1551500,USD,NYQ,America/New_York,Yahoo Finance
ARES,2026-09-18,124.58000183105469,125.95999908447266,122.86000061035156,123.80000305175781,123.80000305175781,7911900,USD,NYQ,America/New_York,Yahoo Finance
ARES,2026-09-21,126.43000030517578,127.94999694824219,125.05000305175781,126.66999816894531,126.66999816894531,1615300,USD,NYQ,America/New_York,Yahoo Finance
ARES,2026-09-22,130.64999389648438,130.64999389648438,124.19999694824219,124.72000122070312,124.72000122070312,2370000,USD,NYQ,America/New_York,Yahoo Finance
ARES,2026-09-23,123.37000274658203,123.95500183105469,121.20999908447266,121.4800033569336,121.4800033569336,1637400,USD,NYQ,America/New_York,Yahoo Finance
ARES,2026-09-24,121.30000305175781,121.3499984741211,116.30000305175781,120.11000061035156,120.11000061035156,3149000,USD,NYQ,America/New_York,Yahoo Finance
ARES,2026-09-25,120.13999938964844,124.02200317382812,119.6500015258789,122.01000213623047,122.01000213623047,1575600,USD,NYQ,America/New_York,Yahoo Finance
ARES,2026-09-28,120.69000244140625,120.69000244140625,117.47000122070312,118.33999633789062,118.33999633789062,2419700,USD,NYQ,America/New_York,Yahoo Finance
ARI,2026-08-17,6.829999923706055,6.909999847412109,6.820000171661377,6.829999923706055,6.829999923706055,3567000,USD,NYQ,America/New_York,Yahoo Finance
ARI,2026-08-18,6.840000152587891,6.880000114440918,6.789999961853027,6.820000171661377,6.820000171661377,4502500,USD,NYQ,America/New_York,Yahoo Finance
ARI,2026-08-19,6.849999904632568,6.980000019073486,6.849999904632568,6.900000095367432,6.900000095367432,3107200,USD,NYQ,America/New_York,Yahoo Finance
ARI,2026-08-20,6.880000114440918,6.949999809265137,6.849999904632568,6.940000057220459,6.940000057220459,3560300,USD,NYQ,America/New_York,Yahoo Finance
ARI,2026-08-21,6.929999828338623,6.960000038146973,6.880000114440918,6.929999828338623,6.929999828338623,1470900,USD,NYQ,America/New_York,Yahoo Finance
ARI,2026-08-24,6.889999866485596,6.940000057220459,6.860000133514404,6.889999866485596,6.889999866485596,2625400,USD,NYQ,America/New_York,Yahoo Finance
ARI,2026-08-25,6.909999847412109,6.909999847412109,6.840000152587891,6.860000133514404,6.860000133514404,2529600,USD,NYQ,America/New_York,Yahoo Finance
ARI,2026-08-26,6.860000133514404,6.880000114440918,6.800000190734863,6.809999942779541,6.809999942779541,1972700,USD,NYQ,America/New_York,Yahoo Finance
ARI,2026-08-27,6.809999942779541,6.929999828338623,6.809999942779541,6.900000095367432,6.900000095367432,3048700,USD,NYQ,America/New_York,Yahoo Finance
ARI,2026-08-28,6.880000114440918,6.909999847412109,6.789999961853027,6.849999904632568,6.849999904632568,2007900,USD,NYQ,America/New_York,Yahoo Finance
ARI,2026-08-31,6.809999942779541,6.929999828338623,6.809999942779541,6.909999847412109,6.909999847412109,2593300,USD,NYQ,America/New_York,Yahoo Finance
ARI,2026-09-01,6.849999904632568,6.880000114440918,6.78000020980835,6.809999942779541,6.809999942779541,2042900,USD,NYQ,America/New_York,Yahoo Finance
ARI,2026-09-02,6.820000171661377,6.880000114440918,6.789999961853027,6.860000133514404,6.860000133514404,1546300,USD,NYQ,America/New_York,Yahoo Finance
ARI,2026-09-03,6.900000095367432,6.900000095367432,6.800000190734863,6.880000114440918,6.880000114440918,1817000,USD,NYQ,America/New_York,Yahoo Finance
ARI,2026-09-04,6.849999904632568,6.909999847412109,6.849999904632568,6.880000114440918,6.880000114440918,1062400,USD,NYQ,America/New_York,Yahoo Finance
ARI,2026-09-08,6.849999904632568,6.860000133514404,6.78000020980835,6.789999961853027,6.789999961853027,2909200,USD,NYQ,America/New_York,Yahoo Finance
ARI,2026-09-09,6.789999961853027,6.820000171661377,6.760000228881836,6.760000228881836,6.760000228881836,1660700,USD,NYQ,America/New_York,Yahoo Finance
ARI,2026-09-10,6.75,6.75,6.639999866485596,6.679999828338623,6.679999828338623,2389400,USD,NYQ,America/New_York,Yahoo Finance
ARI,2026-09-11,6.71999979019165,6.730000019073486,6.630000114440918,6.630000114440918,6.630000114440918,2063000,USD,NYQ,America/New_York,Yahoo Finance
ARI,2026-09-14,6.630000114440918,6.630000114440918,6.539999961853027,6.570000171661377,6.570000171661377,1584500,USD,NYQ,America/New_York,Yahoo Finance
ARI,2026-09-15,6.550000190734863,6.599999904632568,6.5,6.510000228881836,6.510000228881836,1935100,USD,NYQ,America/New_York,Yahoo Finance
ARI,2026-09-16,6.510000228881836,6.579999923706055,6.46999979019165,6.5,6.5,2246400,USD,NYQ,America/New_York,Yahoo Finance
ARI,2026-09-17,6.539999961853027,6.550000190734863,6.449999809265137,6.449999809265137,6.449999809265137,1532400,USD,NYQ,America/New_York,Yahoo Finance
ARI,2026-09-18,6.460000038146973,6.46999979019165,6.360000133514404,6.420000076293945,6.420000076293945,5878500,USD,NYQ,America/New_York,Yahoo Finance
ARI,2026-09-21,6.409999847412109,6.489999771118164,6.400000095367432,6.429999828338623,6.429999828338623,1920600,USD,NYQ,America/New_York,Yahoo Finance
ARI,2026-09-22,6.46999979019165,6.510000228881836,6.409999847412109,6.409999847412109,6.409999847412109,2375600,USD,NYQ,America/New_York,Yahoo Finance
ARI,2026-09-23,6.400000095367432,6.400000095367432,6.25,6.260000228881836,6.260000228881836,3991400,USD,NYQ,America/New_York,Yahoo Finance
ARI,2026-09-24,6.25,6.300000190734863,6.179999828338623,6.260000228881836,6.260000228881836,3347400,USD,NYQ,America/New_York,Yahoo Finance
ARI,2026-09-25,6.28000020980835,6.320000171661377,6.230000019073486,6.239999771118164,6.239999771118164,1882300,USD,NYQ,America/New_York,Yahoo Finance
ARI,2026-09-28,6.21999979019165,6.260000228881836,6.150000095367432,6.199999809265137,6.199999809265137,2698600,USD,NYQ,America/New_York,Yahoo Finance
ARQT,2026-08-17,26.200000762939453,26.340999603271484,25.510000228881836,25.610000610351562,25.610000610351562,1710100,USD,NMS,America/New_York,Yahoo Finance
ARQT,2026-08-18,25.510000228881836,26.709999084472656,25.489999771118164,26.540000915527344,26.540000915527344,1972100,USD,NMS,America/New_York,Yahoo Finance
ARQT,2026-08-19,27.0,27.190000534057617,26.3700008392334,26.459999084472656,26.459999084472656,1025400,USD,NMS,America/New_York,Yahoo Finance
ARQT,2026-08-20,26.5,26.559999465942383,24.530000686645508,25.350000381469727,25.350000381469727,3289300,USD,NMS,America/New_York,Yahoo Finance
ARQT,2026-08-21,25.489999771118164,25.670000076293945,24.732999801635742,25.079999923706055,25.079999923706055,2159300,USD,NMS,America/New_York,Yahoo Finance
ARQT,2026-08-24,24.799999237060547,25.209999084472656,24.489999771118164,24.780000686645508,24.780000686645508,1128400,USD,NMS,America/New_York,Yahoo Finance
ARQT,2026-08-25,25.010000228881836,25.34000015258789,24.7450008392334,24.860000610351562,24.860000610351562,1185600,USD,NMS,America/New_York,Yahoo Finance
ARQT,2026-08-26,24.850000381469727,25.4950008392334,24.450000762939453,25.139999389648438,25.139999389648438,1911300,USD,NMS,America/New_York,Yahoo Finance
ARQT,2026-08-27,24.950000762939453,25.149999618530273,24.600000381469727,24.8700008392334,24.8700008392334,2204600,USD,NMS,America/New_York,Yahoo Finance
ARQT,2026-08-28,24.600000381469727,24.8799991607666,23.739999771118164,23.780000686645508,23.780000686645508,1535900,USD,NMS,America/New_York,Yahoo Finance
ARQT,2026-08-31,23.75,24.06999969482422,23.209999084472656,23.969999313354492,23.969999313354492,1522500,USD,NMS,America/New_York,Yahoo Finance
ARQT,2026-09-01,23.790000915527344,24.110000610351562,23.540000915527344,23.75,23.75,1101600,USD,NMS,America/New_York,Yahoo Finance
ARQT,2026-09-02,23.950000762939453,24.450000762939453,23.399999618530273,23.850000381469727,23.850000381469727,1950700,USD,NMS,America/New_York,Yahoo Finance
ARQT,2026-09-03,24.1299991607666,24.1299991607666,23.469999313354492,23.65999984741211,23.65999984741211,1122300,USD,NMS,America/New_York,Yahoo Finance
ARQT,2026-09-04,23.270000457763672,24.020000457763672,23.270000457763672,23.899999618530273,23.899999618530273,1624400,USD,NMS,America/New_York,Yahoo Finance
ARQT,2026-09-08,24.84000015258789,25.1299991607666,24.09000015258789,24.389999389648438,24.389999389648438,4560100,USD,NMS,America/New_York,Yahoo Finance
ARQT,2026-09-09,24.049999237060547,24.459999084472656,23.739999771118164,23.84000015258789,23.84000015258789,2314300,USD,NMS,America/New_York,Yahoo Finance
ARQT,2026-09-10,23.700000762939453,23.84000015258789,23.25,23.3799991607666,23.3799991607666,1784900,USD,NMS,America/New_York,Yahoo Finance
ARQT,2026-09-11,23.6299991607666,24.18000030517578,23.549999237060547,23.885000228881836,23.885000228881836,2044700,USD,NMS,America/New_York,Yahoo Finance
ARQT,2026-09-14,23.790000915527344,24.75,23.790000915527344,24.270000457763672,24.270000457763672,2031500,USD,NMS,America/New_York,Yahoo Finance
ARQT,2026-09-15,24.229999542236328,24.280000686645508,23.100000381469727,23.510000228881836,23.510000228881836,3459300,USD,NMS,America/New_York,Yahoo Finance
ARQT,2026-09-16,23.6299991607666,26.389999389648438,23.6299991607666,26.139999389648438,26.139999389648438,5155400,USD,NMS,America/New_York,Yahoo Finance
ARQT,2026-09-17,25.950000762939453,26.6200008392334,24.344999313354492,26.459999084472656,26.459999084472656,5862600,USD,NMS,America/New_York,Yahoo Finance
ARQT,2026-09-18,26.139999389648438,26.75,25.1299991607666,25.3799991607666,25.3799991607666,19136900,USD,NMS,America/New_York,Yahoo Finance
ARQT,2026-09-21,25.56999969482422,26.079999923706055,25.190000534057617,25.959999084472656,25.959999084472656,1888200,USD,NMS,America/New_York,Yahoo Finance
ARQT,2026-09-22,25.899999618530273,28.290000915527344,25.690000534057617,27.780000686645508,27.780000686645508,2857800,USD,NMS,America/New_York,Yahoo Finance
ARQT,2026-09-23,27.790000915527344,28.020000457763672,26.06999969482422,26.3799991607666,26.3799991607666,2512200,USD,NMS,America/New_York,Yahoo Finance
ARQT,2026-09-24,26.219999313354492,26.68000030517578,25.190000534057617,26.270000457763672,26.270000457763672,2177400,USD,NMS,America/New_York,Yahoo Finance
ARQT,2026-09-25,26.549999237060547,27.09000015258789,25.799999237060547,26.920000076293945,26.920000076293945,2040000,USD,NMS,America/New_York,Yahoo Finance
ARQT,2026-09-28,26.700000762939453,27.549999237060547,26.43000030517578,27.329999923706055,27.329999923706055,2910200,USD,NMS,America/New_York,Yahoo Finance
ASA,2026-08-17,59.400001525878906,60.630001068115234,58.66999816894531,59.630001068115234,59.630001068115234,57100,USD,NYQ,America/New_York,Yahoo Finance
ASA,2026-08-18,58.56999969482422,59.13999938964844,57.689998626708984,57.720001220703125,57.720001220703125,27800,USD,NYQ,America/New_York,Yahoo Finance
ASA,2026-08-19,60.18000030517578,62.56999969482422,60.18000030517578,62.25,62.25,49000,USD,NYQ,America/New_York,Yahoo Finance
ASA,2026-08-20,61.470001220703125,63.619998931884766,61.470001220703125,62.310001373291016,62.310001373291016,39900,USD,NYQ,America/New_York,Yahoo Finance
ASA,2026-08-21,64.08999633789062,64.08999633789062,62.540000915527344,63.27000045776367,63.27000045776367,55300,USD,NYQ,America/New_York,Yahoo Finance
ASA,2026-08-24,63.720001220703125,64.27999877929688,62.400001525878906,63.470001220703125,63.470001220703125,45400,USD,NYQ,America/New_York,Yahoo Finance
ASA,2026-08-25,63.13999938964844,64.76000213623047,62.220001220703125,64.5999984741211,64.5999984741211,21900,USD,NYQ,America/New_York,Yahoo Finance
ASA,2026-08-26,63.599998474121094,64.9000015258789,63.599998474121094,64.33999633789062,64.33999633789062,50200,USD,NYQ,America/New_York,Yahoo Finance
ASA,2026-08-27,64.80999755859375,65.81999969482422,63.41999816894531,65.29000091552734,65.29000091552734,43300,USD,NYQ,America/New_York,Yahoo Finance
ASA,2026-08-28,65.4800033569336,66.29000091552734,62.959999084472656,63.5099983215332,63.5099983215332,77500,USD,NYQ,America/New_York,Yahoo Finance
ASA,2026-08-31,63.130001068115234,67.98999786376953,63.0,63.79999923706055,63.79999923706055,60400,USD,NYQ,America/New_York,Yahoo Finance
ASA,2026-09-01,62.220001220703125,63.77000045776367,60.369998931884766,61.20000076293945,61.20000076293945,69800,USD,NYQ,America/New_York,Yahoo Finance
ASA,2026-09-02,62.97999954223633,64.1500015258789,62.97999954223633,63.72999954223633,63.72999954223633,48900,USD,NYQ,America/New_York,Yahoo Finance
ASA,2026-09-03,67.25,67.25,64.23999786376953,65.37999725341797,65.37999725341797,45800,USD,NYQ,America/New_York,Yahoo Finance
ASA,2026-09-04,63.619998931884766,67.25,62.45000076293945,63.09000015258789,63.09000015258789,55200,USD,NYQ,America/New_York,Yahoo Finance
ASA,2026-09-08,62.54999923706055,65.79000091552734,62.0,62.150001525878906,62.150001525878906,91400,USD,NYQ,America/New_York,Yahoo Finance
ASA,2026-09-09,63.43000030517578,64.0199966430664,62.380001068115234,62.959999084472656,62.959999084472656,83300,USD,NYQ,America/New_York,Yahoo Finance
ASA,2026-09-10,61.70000076293945,62.18000030517578,60.02000045776367,60.27000045776367,60.27000045776367,50900,USD,NYQ,America/New_York,Yahoo Finance
ASA,2026-09-11,61.619998931884766,62.25,60.650001525878906,60.83000183105469,60.83000183105469,35700,USD,NYQ,America/New_York,Yahoo Finance
ASA,2026-09-14,59.279998779296875,59.810001373291016,57.849998474121094,58.619998931884766,58.619998931884766,38200,USD,NYQ,America/New_York,Yahoo Finance
ASA,2026-09-15,58.939998626708984,59.5,57.41999816894531,57.41999816894531,57.41999816894531,97000,USD,NYQ,America/New_York,Yahoo Finance
ASA,2026-09-16,58.79999923706055,58.84000015258789,55.0,57.25,57.25,106900,USD,NYQ,America/New_York,Yahoo Finance
ASA,2026-09-17,58.61000061035156,59.25,57.58000183105469,58.439998626708984,58.439998626708984,88500,USD,NYQ,America/New_York,Yahoo Finance
ASA,2026-09-18,59.45000076293945,59.45000076293945,57.68000030517578,58.58000183105469,58.58000183105469,103000,USD,NYQ,America/New_York,Yahoo Finance
ASA,2026-09-21,59.2400016784668,59.2400016784668,57.790000915527344,57.959999084472656,57.959999084472656,62600,USD,NYQ,America/New_York,Yahoo Finance
ASA,2026-09-22,57.81999969482422,59.77000045776367,57.81999969482422,59.529998779296875,59.529998779296875,63200,USD,NYQ,America/New_York,Yahoo Finance
ASA,2026-09-23,58.15999984741211,59.70000076293945,56.790000915527344,57.09000015258789,57.09000015258789,31300,USD,NYQ,America/New_York,Yahoo Finance
ASA,2026-09-24,56.72999954223633,57.93000030517578,55.75,56.099998474121094,56.099998474121094,51100,USD,NYQ,America/New_York,Yahoo Finance
ASA,2026-09-25,56.400001525878906,57.25,56.16999816894531,56.68000030517578,56.68000030517578,28400,USD,NYQ,America/New_York,Yahoo Finance
ASA,2026-09-28,54.34000015258789,55.16999816894531,53.349998474121094,54.599998474121094,54.599998474121094,38000,USD,NYQ,America/New_York,Yahoo Finance
ASND,2026-08-17,246.3300018310547,250.6179962158203,242.0,247.39999389648438,247.39999389648438,607700,USD,NMS,America/New_York,Yahoo Finance
ASND,2026-08-18,246.47000122070312,253.5500030517578,245.67999267578125,248.85000610351562,248.85000610351562,452600,USD,NMS,America/New_York,Yahoo Finance
ASND,2026-08-19,255.0,261.6099853515625,251.11000061035156,259.6199951171875,259.6199951171875,541200,USD,NMS,America/New_York,Yahoo Finance
ASND,2026-08-20,256.6499938964844,260.9800109863281,253.2100067138672,254.80999755859375,254.80999755859375,533600,USD,NMS,America/New_York,Yahoo Finance
ASND,2026-08-21,253.6199951171875,257.885009765625,252.8699951171875,253.2899932861328,253.2899932861328,363800,USD,NMS,America/New_York,Yahoo Finance
ASND,2026-08-24,256.3500061035156,256.3500061035156,247.0279998779297,251.9499969482422,251.9499969482422,329900,USD,NMS,America/New_York,Yahoo Finance
ASND,2026-08-25,253.00999450683594,256.6000061035156,251.3249969482422,252.99000549316406,252.99000549316406,333500,USD,NMS,America/New_York,Yahoo Finance
ASND,2026-08-26,252.83999633789062,252.83999633789062,249.16000366210938,250.25,250.25,237400,USD,NMS,America/New_York,Yahoo Finance
ASND,2026-08-27,249.72999572753906,250.69000244140625,248.41000366210938,249.36000061035156,249.36000061035156,189500,USD,NMS,America/New_York,Yahoo Finance
ASND,2026-08-28,248.11000061035156,250.22999572753906,246.3000030517578,247.91000366210938,247.91000366210938,314800,USD,NMS,America/New_York,Yahoo Finance
ASND,2026-08-31,247.64999389648438,268.9800109863281,247.64999389648438,263.0400085449219,263.0400085449219,1025900,USD,NMS,America/New_York,Yahoo Finance
ASND,2026-09-01,261.6499938964844,266.6300048828125,256.2749938964844,260.25,260.25,610600,USD,NMS,America/New_York,Yahoo Finance
ASND,2026-09-02,261.3900146484375,268.7099914550781,257.5199890136719,267.30999755859375,267.30999755859375,418300,USD,NMS,America/New_York,Yahoo Finance
ASND,2026-09-03,266.94000244140625,272.44000244140625,265.79998779296875,271.1199951171875,271.1199951171875,1018500,USD,NMS,America/New_York,Yahoo Finance
ASND,2026-09-04,267.9599914550781,271.1400146484375,265.2200012207031,270.55999755859375,270.55999755859375,723500,USD,NMS,America/New_York,Yahoo Finance
ASND,2026-09-08,263.4100036621094,272.4670104980469,262.32000732421875,270.0899963378906,270.0899963378906,653300,USD,NMS,America/New_York,Yahoo Finance
ASND,2026-09-09,270.8900146484375,272.3699951171875,260.75,260.80999755859375,260.80999755859375,497400,USD,NMS,America/New_York,Yahoo Finance
ASND,2026-09-10,260.0,262.1700134277344,258.010009765625,261.2300109863281,261.2300109863281,504900,USD,NMS,America/New_York,Yahoo Finance
ASND,2026-09-11,263.3399963378906,266.3399963378906,259.4800109863281,263.5150146484375,263.5150146484375,443600,USD,NMS,America/New_York,Yahoo Finance
ASND,2026-09-14,265.0,265.5,260.0,264.9200134277344,264.9200134277344,416300,USD,NMS,America/New_York,Yahoo Finance
ASND,2026-09-15,257.1700134277344,257.5299987792969,228.55999755859375,239.77000427246094,239.77000427246094,2961200,USD,NMS,America/New_York,Yahoo Finance
ASND,2026-09-16,239.6999969482422,249.0050048828125,237.22500610351562,247.69000244140625,247.69000244140625,1260000,USD,NMS,America/New_York,Yahoo Finance
ASND,2026-09-17,249.22999572753906,249.22999572753906,237.1300048828125,239.0399932861328,239.0399932861328,1099500,USD,NMS,America/New_York,Yahoo Finance
ASND,2026-09-18,238.14999389648438,243.67999267578125,236.02000427246094,236.72000122070312,236.72000122070312,1558800,USD,NMS,America/New_York,Yahoo Finance
ASND,2026-09-21,238.66000366210938,241.5050048828125,237.0,237.58999633789062,237.58999633789062,823000,USD,NMS,America/New_York,Yahoo Finance
ASND,2026-09-22,239.08999633789062,240.69000244140625,234.6699981689453,237.57000732421875,237.57000732421875,548300,USD,NMS,America/New_York,Yahoo Finance
ASND,2026-09-23,236.8300018310547,237.97999572753906,220.59500122070312,223.1300048828125,223.1300048828125,1218200,USD,NMS,America/New_York,Yahoo Finance
ASND,2026-09-24,223.0,231.1300048828125,220.22999572753906,230.6999969482422,230.6999969482422,1165600,USD,NMS,America/New_York,Yahoo Finance
ASND,2026-09-25,230.1300048828125,230.42999267578125,224.26400756835938,225.60000610351562,225.60000610351562,420000,USD,NMS,America/New_York,Yahoo Finance
ASND,2026-09-28,226.0,231.13999938964844,224.80499267578125,230.0500030517578,230.0500030517578,747500,USD,NMS,America/New_York,Yahoo Finance
AUBN,2026-08-21,26.559999465942383,26.920000076293945,26.559999465942383,26.920000076293945,26.646236419677734,900,USD,NGM,America/New_York,Yahoo Finance
AUBN,2026-08-24,26.530000686645508,26.530000686645508,26.139999389648438,26.139999389648438,25.874168395996094,900,USD,NGM,America/New_York,Yahoo Finance
AUBN,2026-08-25,26.149999618530273,26.18000030517578,26.149999618530273,26.18000030517578,25.91376304626465,800,USD,NGM,America/New_York,Yahoo Finance
AUBN,2026-08-26,26.25,26.610000610351562,26.25,26.610000610351562,26.33938980102539,1000,USD,NGM,America/New_York,Yahoo Finance
AUBN,2026-08-27,26.549999237060547,26.549999237060547,26.31999969482422,26.31999969482422,26.052337646484375,800,USD,NGM,America/New_York,Yahoo Finance
AUBN,2026-08-28,26.31999969482422,26.31999969482422,26.31999969482422,26.31999969482422,26.052337646484375,0,USD,NGM,America/New_York,Yahoo Finance
AUBN,2026-08-31,26.299999237060547,26.299999237060547,26.299999237060547,26.299999237060547,26.032541275024414,800,USD,NGM,America/New_York,Yahoo Finance
AUBN,2026-09-01,26.280000686645508,26.5,26.280000686645508,26.5,26.23050880432129,700,USD,NGM,America/New_York,Yahoo Finance
AUBN,2026-09-02,26.440000534057617,26.5,26.399999618530273,26.5,26.23050880432129,2400,USD,NGM,America/New_York,Yahoo Finance
AUBN,2026-09-03,26.739999771118164,26.739999771118164,26.25,26.549999237060547,26.279998779296875,8300,USD,NGM,America/New_York,Yahoo Finance
AUBN,2026-09-04,26.540000915527344,26.540000915527344,26.440000534057617,26.540000915527344,26.27010154724121,1500,USD,NGM,America/New_York,Yahoo Finance
AUBN,2026-09-08,26.329999923706055,26.549999237060547,26.329999923706055,26.549999237060547,26.279998779296875,1100,USD,NGM,America/New_York,Yahoo Finance
AUBN,2026-09-09,26.549999237060547,26.549999237060547,26.549999237060547,26.549999237060547,26.279998779296875,0,USD,NGM,America/New_York,Yahoo Finance
AUBN,2026-09-10,26.829999923706055,26.829999923706055,26.829999923706055,26.829999923706055,26.829999923706055,500,USD,NGM,America/New_York,Yahoo Finance
AUBN,2026-09-11,26.31999969482422,26.540000915527344,26.31999969482422,26.540000915527344,26.540000915527344,1300,USD,NGM,America/New_York,Yahoo Finance
AUBN,2026-09-14,26.540000915527344,27.489999771118164,26.399999618530273,26.399999618530273,26.399999618530273,2600,USD,NGM,America/New_York,Yahoo Finance
AUBN,2026-09-15,26.979999542236328,26.979999542236328,26.510000228881836,26.549999237060547,26.549999237060547,1800,USD,NGM,America/New_York,Yahoo Finance
AUBN,2026-09-16,26.75,26.780000686645508,26.25,26.25,26.25,2300,USD,NGM,America/New_York,Yahoo Finance
AUBN,2026-09-17,26.899999618530273,26.899999618530273,26.5,26.5,26.5,1600,USD,NGM,America/New_York,Yahoo Finance
AUBN,2026-09-18,26.850000381469727,27.5,26.299999237060547,27.5,27.5,3400,USD,NGM,America/New_York,Yahoo Finance
AUBN,2026-09-21,27.5,27.5,27.5,27.5,27.5,0,USD,NGM,America/New_York,Yahoo Finance
AUBN,2026-09-22,27.299999237060547,27.299999237060547,26.90999984741211,26.90999984741211,26.90999984741211,800,USD,NGM,America/New_York,Yahoo Finance
AUBN,2026-09-23,26.8799991607666,26.8799991607666,26.280000686645508,26.280000686645508,26.280000686645508,700,USD,NGM,America/New_York,Yahoo Finance
AUBN,2026-09-24,27.190000534057617,27.190000534057617,27.190000534057617,27.190000534057617,27.190000534057617,1700,USD,NGM,America/New_York,Yahoo Finance
AUBN,2026-09-25,27.290000915527344,28.229999542236328,26.899999618530273,27.229999542236328,27.229999542236328,9700,USD,NGM,America/New_York,Yahoo Finance
AUBN,2026-09-28,26.600000381469727,27.40999984741211,26.600000381469727,26.809999465942383,26.809999465942383,2200,USD,NGM,America/New_York,Yahoo Finance
AUBN,2026-09-29,26.59000015258789,26.799999237060547,26.3799991607666,26.510000228881836,26.510000228881836,9500,USD,NGM,America/New_York,Yahoo Finance
AUBN,2026-09-30,26.700000762939453,26.700000762939453,26.25,26.25,26.25,4600,USD,NGM,America/New_York,Yahoo Finance
AUBN,2026-10-01,26.299999237060547,26.299999237060547,26.299999237060547,26.299999237060547,26.299999237060547,300,USD,NGM,America/New_York,Yahoo Finance
AUBN,2026-10-02,27.149999618530273,27.149999618530273,26.700000762939453,26.979999542236328,26.979999542236328,1900,USD,NGM,America/New_York,Yahoo Finance
AUNA,2026-08-21,5.239999771118164,5.329999923706055,5.190000057220459,5.260000228881836,5.260000228881836,95400,USD,NYQ,America/New_York,Yahoo Finance
AUNA,2026-08-24,5.289999961853027,5.320000171661377,5.199999809265137,5.309999942779541,5.309999942779541,151900,USD,NYQ,America/New_York,Yahoo Finance
AUNA,2026-08-25,5.320000171661377,5.355000019073486,5.21999979019165,5.28000020980835,5.28000020980835,80300,USD,NYQ,America/New_York,Yahoo Finance
AUNA,2026-08-26,5.260000228881836,5.349999904632568,5.230000019073486,5.230000019073486,5.230000019073486,86000,USD,NYQ,America/New_York,Yahoo Finance
AUNA,2026-08-27,5.21999979019165,5.25,5.110000133514404,5.110000133514404,5.110000133514404,189100,USD,NYQ,America/New_York,Yahoo Finance
AUNA,2026-08-28,5.159999847412109,5.267000198364258,5.110000133514404,5.179999828338623,5.179999828338623,103100,USD,NYQ,America/New_York,Yahoo Finance
AUNA,2026-08-31,5.139999866485596,5.199999809265137,5.110000133514404,5.170000076293945,5.170000076293945,151000,USD,NYQ,America/New_York,Yahoo Finance
AUNA,2026-09-01,5.119999885559082,5.235000133514404,5.119999885559082,5.150000095367432,5.150000095367432,58700,USD,NYQ,America/New_York,Yahoo Finance
AUNA,2026-09-02,5.190000057220459,5.309999942779541,5.179999828338623,5.21999979019165,5.21999979019165,80800,USD,NYQ,America/New_York,Yahoo Finance
AUNA,2026-09-03,5.230000019073486,5.425000190734863,5.224999904632568,5.389999866485596,5.389999866485596,115200,USD,NYQ,America/New_York,Yahoo Finance
AUNA,2026-09-04,5.360000133514404,5.360000133514404,5.25,5.28000020980835,5.28000020980835,85300,USD,NYQ,America/New_York,Yahoo Finance
AUNA,2026-09-08,5.289999961853027,5.309999942779541,5.179999828338623,5.239999771118164,5.239999771118164,149300,USD,NYQ,America/New_York,Yahoo Finance
AUNA,2026-09-09,5.21999979019165,5.25,5.159999847412109,5.170000076293945,5.170000076293945,83500,USD,NYQ,America/New_York,Yahoo Finance
AUNA,2026-09-10,5.170000076293945,5.239999771118164,5.170000076293945,5.179999828338623,5.179999828338623,93900,USD,NYQ,America/New_York,Yahoo Finance
AUNA,2026-09-11,5.199999809265137,5.239999771118164,5.170000076293945,5.170000076293945,5.170000076293945,62800,USD,NYQ,America/New_York,Yahoo Finance
AUNA,2026-09-14,5.159999847412109,5.195000171661377,5.074999809265137,5.090000152587891,5.090000152587891,104100,USD,NYQ,America/New_York,Yahoo Finance
AUNA,2026-09-15,5.079999923706055,5.190000057220459,5.010000228881836,5.159999847412109,5.159999847412109,131500,USD,NYQ,America/New_York,Yahoo Finance
AUNA,2026-09-16,5.210000038146973,5.260000228881836,5.1529998779296875,5.230000019073486,5.230000019073486,81300,USD,NYQ,America/New_York,Yahoo Finance
AUNA,2026-09-17,5.260000228881836,5.380000114440918,5.139999866485596,5.139999866485596,5.139999866485596,193200,USD,NYQ,America/New_York,Yahoo Finance
AUNA,2026-09-18,5.110000133514404,5.199999809265137,5.090000152587891,5.099999904632568,5.099999904632568,153000,USD,NYQ,America/New_York,Yahoo Finance
AUNA,2026-09-21,5.119999885559082,5.199999809265137,5.019999980926514,5.179999828338623,5.179999828338623,131500,USD,NYQ,America/New_York,Yahoo Finance
AUNA,2026-09-22,5.230000019073486,5.264999866485596,5.130000114440918,5.21999979019165,5.21999979019165,157700,USD,NYQ,America/New_York,Yahoo Finance
AUNA,2026-09-23,5.21999979019165,5.230000019073486,5.110000133514404,5.150000095367432,5.150000095367432,154100,USD,NYQ,America/New_York,Yahoo Finance
AUNA,2026-09-24,5.139999866485596,5.15500020980835,5.070000171661377,5.090000152587891,5.090000152587891,63100,USD,NYQ,America/New_York,Yahoo Finance
AUNA,2026-09-25,5.090000152587891,5.218999862670898,5.074999809265137,5.099999904632568,5.099999904632568,75400,USD,NYQ,America/New_York,Yahoo Finance
AUNA,2026-09-28,5.059999942779541,5.130000114440918,4.949999809265137,5.019999980926514,5.019999980926514,195500,USD,NYQ,America/New_York,Yahoo Finance
AUNA,2026-09-29,5.039999961853027,5.090000152587891,4.989999771118164,5.070000171661377,5.070000171661377,94000,USD,NYQ,America/New_York,Yahoo Finance
AUNA,2026-09-30,5.050000190734863,5.050000190734863,4.980000019073486,4.980000019073486,4.980000019073486,78800,USD,NYQ,America/New_York,Yahoo Finance
AUNA,2026-10-01,4.980000019073486,5.050000190734863,4.980000019073486,4.980000019073486,4.980000019073486,76700,USD,NYQ,America/New_York,Yahoo Finance
AUNA,2026-10-02,5.070000171661377,5.130000114440918,5.0,5.059999942779541,5.059999942779541,266300,USD,NYQ,America/New_York,Yahoo Finance
AUXX,2026-09-08,7.869999885559082,8.140000343322754,7.489999771118164,7.489999771118164,7.489999771118164,149100,USD,ASE,America/New_York,Yahoo Finance
AUXX,2026-09-09,7.409999847412109,7.789999961853027,7.03000020980835,7.039999961853027,7.039999961853027,115800,USD,ASE,America/New_York,Yahoo Finance
AUXX,2026-09-10,6.949999809265137,7.099999904632568,6.769999980926514,6.809999942779541,6.809999942779541,29300,USD,ASE,America/New_York,Yahoo Finance
AUXX,2026-09-11,6.800000190734863,6.829999923706055,6.360000133514404,6.480000019073486,6.480000019073486,20400,USD,ASE,America/New_York,Yahoo Finance
AUXX,2026-09-14,6.349999904632568,6.659999847412109,6.340000152587891,6.369999885559082,6.369999885559082,63200,USD,ASE,America/New_York,Yahoo Finance
AUXX,2026-09-15,6.170000076293945,6.25,5.670000076293945,5.809999942779541,5.809999942779541,38200,USD,ASE,America/New_York,Yahoo Finance
AUXX,2026-09-16,5.980000019073486,6.0,5.579999923706055,5.78000020980835,5.78000020980835,32900,USD,ASE,America/New_York,Yahoo Finance
AUXX,2026-09-17,5.800000190734863,6.019999980926514,5.699999809265137,6.0,6.0,47400,USD,ASE,America/New_York,Yahoo Finance
AUXX,2026-09-18,5.909999847412109,6.159999847412109,5.599999904632568,6.039999961853027,6.039999961853027,228600,USD,ASE,America/New_York,Yahoo Finance
AUXX,2026-09-21,5.940000057220459,5.940000057220459,5.690000057220459,5.829999923706055,5.829999923706055,12400,USD,ASE,America/New_York,Yahoo Finance
AUXX,2026-09-22,5.920000076293945,5.949999809265137,5.730000019073486,5.829999923706055,5.829999923706055,17900,USD,ASE,America/New_York,Yahoo Finance
AUXX,2026-09-23,5.829999923706055,5.829999923706055,5.449999809265137,5.53000020980835,5.53000020980835,15600,USD,ASE,America/New_York,Yahoo Finance
AUXX,2026-09-24,5.449999809265137,5.5,5.320000171661377,5.340000152587891,5.340000152587891,15900,USD,ASE,America/New_York,Yahoo Finance
AUXX,2026-09-25,5.409999847412109,5.449999809265137,5.230000019073486,5.320000171661377,5.320000171661377,16000,USD,ASE,America/New_York,Yahoo Finance
AUXX,2026-09-28,5.210000038146973,5.21999979019165,4.929999828338623,5.059999942779541,5.059999942779541,34300,USD,ASE,America/New_York,Yahoo Finance
AUXX,2026-09-29,5.059999942779541,5.170000076293945,5.0,5.070000171661377,5.070000171661377,26200,USD,ASE,America/New_York,Yahoo Finance
AUXX,2026-09-30,5.130000114440918,5.130000114440918,4.869999885559082,4.869999885559082,4.869999885559082,20800,USD,ASE,America/New_York,Yahoo Finance
AUXX,2026-10-01,4.900000095367432,4.949999809265137,4.710000038146973,4.710000038146973,4.710000038146973,11600,USD,ASE,America/New_York,Yahoo Finance
AUXX,2026-10-02,4.920000076293945,4.920000076293945,4.619999885559082,4.71999979019165,4.71999979019165,18100,USD,ASE,America/New_York,Yahoo Finance
AVGO,2026-08-17,397.260009765625,399.3599853515625,391.30999755859375,392.42999267578125,391.7167053222656,20042600,USD,NMS,America/New_York,Yahoo Finance
AVGO,2026-08-18,384.32000732421875,385.7799987792969,377.010009765625,380.0,379.3092956542969,22878200,USD,NMS,America/New_York,Yahoo Finance
AVGO,2026-08-19,372.3999938964844,373.9100036621094,357.6099853515625,362.4800109863281,361.8211364746094,35091400,USD,NMS,America/New_York,Yahoo Finance
AVGO,2026-08-20,364.3900146484375,367.1199951171875,362.25,364.0299987792969,363.3683166503906,19729800,USD,NMS,America/New_York,Yahoo Finance
AVGO,2026-08-21,370.69000244140625,375.1300048828125,365.04998779296875,368.45001220703125,367.7803039550781,19037100,USD,NMS,America/New_York,Yahoo Finance
AVGO,2026-08-24,364.9700012207031,366.1700134277344,358.7099914550781,358.760009765625,358.10791015625,18717200,USD,NMS,America/New_York,Yahoo Finance
AVGO,2026-08-25,361.1000061035156,362.989990234375,355.30999755859375,356.739990234375,356.091552734375,18014900,USD,NMS,America/New_York,Yahoo Finance
AVGO,2026-08-26,357.1199951171875,359.4700012207031,350.05999755859375,355.5899963378906,354.94366455078125,19196300,USD,NMS,America/New_York,Yahoo Finance
AVGO,2026-08-27,361.7900085449219,371.7200012207031,360.6099853515625,371.5400085449219,370.86468505859375,21330000,USD,NMS,America/New_York,Yahoo Finance
AVGO,2026-08-28,373.6000061035156,376.5899963378906,365.3500061035156,368.7900085449219,368.11968994140625,16596100,USD,NMS,America/New_York,Yahoo Finance
AVGO,2026-08-31,369.5199890136719,372.75,366.29998779296875,370.3399963378906,369.6668395996094,21948000,USD,NMS,America/New_York,Yahoo Finance
AVGO,2026-09-01,364.25,371.3999938964844,362.0,369.67999267578125,369.008056640625,19288900,USD,NMS,America/New_York,Yahoo Finance
AVGO,2026-09-02,369.67999267578125,371.0899963378906,364.6499938964844,367.239990234375,366.5724792480469,38874600,USD,NMS,America/New_York,Yahoo Finance
AVGO,2026-09-03,351.739990234375,359.3999938964844,342.3299865722656,357.1600036621094,356.51080322265625,60242600,USD,NMS,America/New_York,Yahoo Finance
AVGO,2026-09-04,359.70001220703125,360.1600036621094,353.70001220703125,357.8999938964844,357.24945068359375,32863300,USD,NMS,America/New_York,Yahoo Finance
AVGO,2026-09-08,363.67999267578125,372.70001220703125,362.739990234375,368.55999755859375,367.89007568359375,30464900,USD,NMS,America/New_York,Yahoo Finance
AVGO,2026-09-09,366.2300109863281,368.010009765625,359.25,364.3800048828125,363.7176818847656,25918200,USD,NMS,America/New_York,Yahoo Finance
AVGO,2026-09-10,360.0299987792969,365.2699890136719,357.75,360.8299865722656,360.17413330078125,23994300,USD,NMS,America/New_York,Yahoo Finance
AVGO,2026-09-11,364.8500061035156,366.7799987792969,361.6400146484375,361.989990234375,361.33203125,21166900,USD,NMS,America/New_York,Yahoo Finance
AVGO,2026-09-14,349.6300048828125,350.25,343.9100036621094,344.7200012207031,344.0934143066406,32662800,USD,NMS,America/New_York,Yahoo Finance
AVGO,2026-09-15,346.0400085449219,347.260009765625,337.8999938964844,339.2699890136719,338.6533203125,24783900,USD,NMS,America/New_York,Yahoo Finance
AVGO,2026-09-16,342.3699951171875,344.1499938964844,335.80999755859375,339.510009765625,338.8929138183594,23152500,USD,NMS,America/New_York,Yahoo Finance
AVGO,2026-09-17,346.6199951171875,350.94000244140625,345.30999755859375,347.29998779296875,346.6687316894531,24389600,USD,NMS,America/New_York,Yahoo Finance
AVGO,2026-09-18,352.0799865722656,363.2799987792969,351.3299865722656,357.6099853515625,356.9599914550781,44032800,USD,NMS,America/New_York,Yahoo Finance
AVGO,2026-09-21,358.6600036621094,363.9700012207031,353.5,362.6600036621094,362.6600036621094,26498600,USD,NMS,America/New_York,Yahoo Finance
AVGO,2026-09-22,363.2300109863281,366.54998779296875,359.2900085449219,364.5400085449219,364.5400085449219,20570800,USD,NMS,America/New_York,Yahoo Finance
AVGO,2026-09-23,362.20001220703125,362.8999938964844,354.010009765625,354.989990234375,354.989990234375,23387700,USD,NMS,America/New_York,Yahoo Finance
AVGO,2026-09-24,349.2099914550781,351.44000244140625,346.8900146484375,350.3599853515625,350.3599853515625,20930400,USD,NMS,America/New_York,Yahoo Finance
AVGO,2026-09-25,352.6199951171875,354.42999267578125,349.42999267578125,352.80999755859375,352.80999755859375,16255500,USD,NMS,America/New_York,Yahoo Finance
AVGO,2026-09-28,352.8699951171875,355.8599853515625,347.32000732421875,349.57000732421875,349.57000732421875,21413300,USD,NMS,America/New_York,Yahoo Finance
AVTR,2026-08-17,13.539999961853027,13.720000267028809,13.449999809265137,13.5,13.5,4537100,USD,NYQ,America/New_York,Yahoo Finance
AVTR,2026-08-18,13.609999656677246,13.723999977111816,13.324999809265137,13.329999923706055,13.329999923706055,6310300,USD,NYQ,America/New_York,Yahoo Finance
AVTR,2026-08-19,13.5600004196167,14.109999656677246,13.505000114440918,13.960000038146973,13.960000038146973,6421200,USD,NYQ,America/New_York,Yahoo Finance
AVTR,2026-08-20,13.789999961853027,14.479999542236328,13.755000114440918,14.25,14.25,7130600,USD,NYQ,America/New_York,Yahoo Finance
AVTR,2026-08-21,14.3100004196167,14.484999656677246,14.15999984741211,14.460000038146973,14.460000038146973,6063700,USD,NYQ,America/New_York,Yahoo Finance
AVTR,2026-08-24,14.289999961853027,14.359999656677246,14.050000190734863,14.260000228881836,14.260000228881836,5192700,USD,NYQ,America/New_York,Yahoo Finance
AVTR,2026-08-25,14.260000228881836,14.5,14.050000190734863,14.420000076293945,14.420000076293945,5555200,USD,NYQ,America/New_York,Yahoo Finance
AVTR,2026-08-26,14.229999542236328,14.625,14.199999809265137,14.5,14.5,4772300,USD,NYQ,America/New_York,Yahoo Finance
AVTR,2026-08-27,14.510000228881836,14.699999809265137,14.430000305175781,14.609999656677246,14.609999656677246,5996900,USD,NYQ,America/New_York,Yahoo Finance
AVTR,2026-08-28,14.5,14.649999618530273,14.449999809265137,14.579999923706055,14.579999923706055,5301600,USD,NYQ,America/New_York,Yahoo Finance
AVTR,2026-08-31,14.539999961853027,14.59000015258789,14.34000015258789,14.539999961853027,14.539999961853027,6535600,USD,NYQ,America/New_York,Yahoo Finance
AVTR,2026-09-01,14.550000190734863,14.630000114440918,14.1899995803833,14.199999809265137,14.199999809265137,5670200,USD,NYQ,America/New_York,Yahoo Finance
AVTR,2026-09-02,14.220000267028809,14.835000038146973,14.220000267028809,14.649999618530273,14.649999618530273,8921300,USD,NYQ,America/New_York,Yahoo Finance
AVTR,2026-09-03,14.779999732971191,15.199999809265137,14.59000015258789,15.1899995803833,15.1899995803833,9319100,USD,NYQ,America/New_York,Yahoo Finance
AVTR,2026-09-04,15.130000114440918,15.180000305175781,14.850000381469727,14.970000267028809,14.970000267028809,7654000,USD,NYQ,America/New_York,Yahoo Finance
AVTR,2026-09-08,14.829999923706055,15.460000038146973,14.666999816894531,15.25,15.25,12503700,USD,NYQ,America/New_York,Yahoo Finance
AVTR,2026-09-09,15.079999923706055,15.154999732971191,14.720000267028809,14.880000114440918,14.880000114440918,7845600,USD,NYQ,America/New_York,Yahoo Finance
AVTR,2026-09-10,14.720000267028809,14.9399995803833,14.595000267028809,14.880000114440918,14.880000114440918,7537900,USD,NYQ,America/New_York,Yahoo Finance
AVTR,2026-09-11,15.010000228881836,15.045000076293945,14.699999809265137,14.8100004196167,14.8100004196167,6179000,USD,NYQ,America/New_York,Yahoo Finance
AVTR,2026-09-14,14.869999885559082,15.170000076293945,14.699999809265137,15.15999984741211,15.15999984741211,9136100,USD,NYQ,America/New_York,Yahoo Finance
AVTR,2026-09-15,15.220000267028809,15.645000457763672,15.1899995803833,15.4399995803833,15.4399995803833,8185300,USD,NYQ,America/New_York,Yahoo Finance
AVTR,2026-09-16,15.529999732971191,15.819999694824219,15.414999961853027,15.609999656677246,15.609999656677246,10554300,USD,NYQ,America/New_York,Yahoo Finance
AVTR,2026-09-17,15.8100004196167,16.049999237060547,15.635000228881836,15.859999656677246,15.859999656677246,9832700,USD,NYQ,America/New_York,Yahoo Finance
AVTR,2026-09-18,15.869999885559082,15.899999618530273,15.4399995803833,15.520000457763672,15.520000457763672,14825100,USD,NYQ,America/New_York,Yahoo Finance
AVTR,2026-09-21,15.390000343322754,15.59000015258789,15.039999961853027,15.100000381469727,15.100000381469727,9194200,USD,NYQ,America/New_York,Yahoo Finance
AVTR,2026-09-22,15.130000114440918,15.319999694824219,14.90999984741211,14.9399995803833,14.9399995803833,11164200,USD,NYQ,America/New_York,Yahoo Finance
AVTR,2026-09-23,14.949999809265137,15.140000343322754,14.720000267028809,14.760000228881836,14.760000228881836,10569300,USD,NYQ,America/New_York,Yahoo Finance
AVTR,2026-09-24,14.720000267028809,15.430000305175781,14.670000076293945,15.380000114440918,15.380000114440918,7719600,USD,NYQ,America/New_York,Yahoo Finance
AVTR,2026-09-25,15.329999923706055,15.359999656677246,15.074999809265137,15.25,15.25,6529500,USD,NYQ,America/New_York,Yahoo Finance
AVTR,2026-09-28,15.100000381469727,15.40999984741211,15.069999694824219,15.289999961853027,15.289999961853027,9436700,USD,NYQ,America/New_York,Yahoo Finance
AXP,2026-08-17,340.6600036621094,343.0,336.07000732421875,336.2099914550781,336.2099914550781,2533200,USD,NYQ,America/New_York,Yahoo Finance
AXP,2026-08-18,336.6700134277344,339.4100036621094,335.2200012207031,338.5199890136719,338.5199890136719,2875400,USD,NYQ,America/New_York,Yahoo Finance
AXP,2026-08-19,340.0799865722656,345.20001220703125,338.4100036621094,339.8999938964844,339.8999938964844,2539400,USD,NYQ,America/New_York,Yahoo Finance
AXP,2026-08-20,337.29998779296875,338.0,331.1499938964844,331.1499938964844,331.1499938964844,3884300,USD,NYQ,America/New_York,Yahoo Finance
AXP,2026-08-21,334.25,337.1600036621094,333.4200134277344,336.0,336.0,2616300,USD,NYQ,America/New_York,Yahoo Finance
AXP,2026-08-24,337.2200012207031,344.0,337.1199951171875,337.3299865722656,337.3299865722656,2403400,USD,NYQ,America/New_York,Yahoo Finance
AXP,2026-08-25,338.1600036621094,338.739990234375,333.92999267578125,335.95001220703125,335.95001220703125,2016800,USD,NYQ,America/New_York,Yahoo Finance
AXP,2026-08-26,336.260009765625,337.5,334.20001220703125,336.1499938964844,336.1499938964844,1650100,USD,NYQ,America/New_York,Yahoo Finance
AXP,2026-08-27,334.3800048828125,336.0799865722656,331.94000244140625,334.1600036621094,334.1600036621094,2026000,USD,NYQ,America/New_York,Yahoo Finance
AXP,2026-08-28,334.3699951171875,336.55999755859375,332.8500061035156,333.20001220703125,333.20001220703125,1945200,USD,NYQ,America/New_York,Yahoo Finance
AXP,2026-08-31,331.9800109863281,332.8299865722656,329.6300048828125,330.1700134277344,330.1700134277344,2512700,USD,NYQ,America/New_York,Yahoo Finance
AXP,2026-09-01,326.9599914550781,329.8800048828125,323.9200134277344,324.19000244140625,324.19000244140625,2560700,USD,NYQ,America/New_York,Yahoo Finance
AXP,2026-09-02,326.05999755859375,332.7099914550781,325.489990234375,329.9800109863281,329.9800109863281,2288400,USD,NYQ,America/New_York,Yahoo Finance
AXP,2026-09-03,332.9800109863281,335.0,328.3299865722656,329.82000732421875,329.82000732421875,2165500,USD,NYQ,America/New_York,Yahoo Finance
AXP,2026-09-04,327.42999267578125,328.5400085449219,325.67999267578125,326.1600036621094,326.1600036621094,2034000,USD,NYQ,America/New_York,Yahoo Finance
AXP,2026-09-08,324.44000244140625,328.0400085449219,322.6499938964844,326.1000061035156,326.1000061035156,2587400,USD,NYQ,America/New_York,Yahoo Finance
AXP,2026-09-09,323.79998779296875,324.8699951171875,320.92999267578125,321.79998779296875,321.79998779296875,2702300,USD,NYQ,America/New_York,Yahoo Finance
AXP,2026-09-10,320.6199951171875,321.95001220703125,318.3500061035156,320.7099914550781,320.7099914550781,2427600,USD,NYQ,America/New_York,Yahoo Finance
AXP,2026-09-11,324.9700012207031,326.260009765625,322.2099914550781,324.69000244140625,324.69000244140625,1929300,USD,NYQ,America/New_York,Yahoo Finance
AXP,2026-09-14,323.9100036621094,328.30999755859375,323.6700134277344,327.7799987792969,327.7799987792969,2437600,USD,NYQ,America/New_York,Yahoo Finance
AXP,2026-09-15,326.6600036621094,327.0,322.010009765625,324.42999267578125,324.42999267578125,2059000,USD,NYQ,America/New_York,Yahoo Finance
AXP,2026-09-16,322.32000732421875,322.32000732421875,309.5899963378906,312.42999267578125,312.42999267578125,4634700,USD,NYQ,America/New_York,Yahoo Finance
AXP,2026-09-17,316.0899963378906,316.739990234375,310.9700012207031,311.1700134277344,311.1700134277344,4517300,USD,NYQ,America/New_York,Yahoo Finance
AXP,2026-09-18,309.8599853515625,313.55999755859375,308.6700134277344,311.55999755859375,311.55999755859375,5715200,USD,NYQ,America/New_York,Yahoo Finance
AXP,2026-09-21,315.17999267578125,315.30999755859375,310.739990234375,313.5899963378906,313.5899963378906,2489900,USD,NYQ,America/New_York,Yahoo Finance
AXP,2026-09-22,316.1199951171875,316.739990234375,305.07000732421875,305.07000732421875,305.07000732421875,5099100,USD,NYQ,America/New_York,Yahoo Finance
AXP,2026-09-23,304.8999938964844,305.6700134277344,301.2900085449219,301.9599914550781,301.9599914550781,3633500,USD,NYQ,America/New_York,Yahoo Finance
AXP,2026-09-24,302.2799987792969,305.8900146484375,299.9100036621094,305.6600036621094,305.6600036621094,3951600,USD,NYQ,America/New_York,Yahoo Finance
AXP,2026-09-25,307.0,310.0,304.489990234375,308.8900146484375,308.8900146484375,3123700,USD,NYQ,America/New_York,Yahoo Finance
AXP,2026-09-28,307.70001220703125,308.8800048828125,304.19000244140625,306.3299865722656,306.3299865722656,3354600,USD,NYQ,America/New_York,Yahoo Finance
BACC,2026-08-21,10.489999771118164,10.529999732971191,10.449999809265137,10.529999732971191,10.529999732971191,800,USD,NGM,America/New_York,Yahoo Finance
BACC,2026-08-24,10.479999542236328,10.529999732971191,10.460000038146973,10.529999732971191,10.529999732971191,755700,USD,NGM,America/New_York,Yahoo Finance
BACC,2026-08-25,10.479999542236328,10.479999542236328,10.479999542236328,10.479999542236328,10.479999542236328,100,USD,NGM,America/New_York,Yahoo Finance
BACC,2026-08-26,10.479999542236328,10.479999542236328,10.479999542236328,10.479999542236328,10.479999542236328,6500,USD,NGM,America/New_York,Yahoo Finance
BACC,2026-08-27,10.479999542236328,10.479999542236328,10.479999542236328,10.479999542236328,10.479999542236328,400,USD,NGM,America/New_York,Yahoo Finance
BACC,2026-08-28,10.479999542236328,10.479999542236328,10.479999542236328,10.479999542236328,10.479999542236328,5700,USD,NGM,America/New_York,Yahoo Finance
BACC,2026-08-31,10.449999809265137,10.5,10.449999809265137,10.479999542236328,10.479999542236328,11500,USD,NGM,America/New_York,Yahoo Finance
BACC,2026-09-01,10.479999542236328,10.526000022888184,10.479999542236328,10.526000022888184,10.526000022888184,800,USD,NGM,America/New_York,Yahoo Finance
BACC,2026-09-02,10.489999771118164,10.489999771118164,10.479999542236328,10.489999771118164,10.489999771118164,34500,USD,NGM,America/New_York,Yahoo Finance
BACC,2026-09-03,10.489999771118164,10.489999771118164,10.489999771118164,10.489999771118164,10.489999771118164,0,USD,NGM,America/New_York,Yahoo Finance
BACC,2026-09-04,10.486000061035156,10.486000061035156,10.479999542236328,10.479999542236328,10.479999542236328,700,USD,NGM,America/New_York,Yahoo Finance
BACC,2026-09-08,10.479999542236328,10.479999542236328,10.479999542236328,10.479999542236328,10.479999542236328,0,USD,NGM,America/New_York,Yahoo Finance
BACC,2026-09-09,10.449999809265137,10.529999732971191,10.449999809265137,10.529999732971191,10.529999732971191,500,USD,NGM,America/New_York,Yahoo Finance
BACC,2026-09-10,10.449999809265137,10.529999732971191,10.449999809265137,10.529999732971191,10.529999732971191,600,USD,NGM,America/New_York,Yahoo Finance
BACC,2026-09-11,10.5,10.5,10.5,10.5,10.5,100,USD,NGM,America/New_York,Yahoo Finance
BACC,2026-09-14,10.479999542236328,10.479999542236328,10.479999542236328,10.479999542236328,10.479999542236328,200,USD,NGM,America/New_York,Yahoo Finance
BACC,2026-09-15,10.479999542236328,10.479999542236328,10.479999542236328,10.479999542236328,10.479999542236328,0,USD,NGM,America/New_York,Yahoo Finance
BACC,2026-09-16,10.649999618530273,10.670000076293945,10.524999618530273,10.609999656677246,10.609999656677246,758300,USD,NGM,America/New_York,Yahoo Finance
BACC,2026-09-17,10.600000381469727,10.619999885559082,10.595000267028809,10.600000381469727,10.600000381469727,188100,USD,NGM,America/New_York,Yahoo Finance
BACC,2026-09-18,10.520000457763672,10.600000381469727,10.520000457763672,10.579999923706055,10.579999923706055,3500,USD,NGM,America/New_York,Yahoo Finance
BACC,2026-09-21,10.550000190734863,10.550000190734863,10.479999542236328,10.5,10.5,3900,USD,NGM,America/New_York,Yahoo Finance
BACC,2026-09-22,10.5,10.5,10.479999542236328,10.5,10.5,64600,USD,NGM,America/New_York,Yahoo Finance
BACC,2026-09-23,10.5,10.520000457763672,10.489999771118164,10.5,10.5,113300,USD,NGM,America/New_York,Yahoo Finance
BACC,2026-09-24,10.489999771118164,10.5,10.489999771118164,10.5,10.5,44200,USD,NGM,America/New_York,Yahoo Finance
BACC,2026-09-25,10.5,10.515000343322754,10.479999542236328,10.494999885559082,10.494999885559082,671300,USD,NGM,America/New_York,Yahoo Finance
BACC,2026-09-28,10.479999542236328,10.5,10.479999542236328,10.479999542236328,10.479999542236328,437400,USD,NGM,America/New_York,Yahoo Finance
BACC,2026-09-29,10.5,10.5,10.479999542236328,10.479999542236328,10.479999542236328,300,USD,NGM,America/New_York,Yahoo Finance
BACC,2026-09-30,10.479999542236328,10.515000343322754,10.479999542236328,10.5,10.5,700,USD,NGM,America/New_York,Yahoo Finance
BACC,2026-10-01,10.5,10.5,10.5,10.5,10.5,0,USD,NGM,America/New_York,Yahoo Finance
BACC,2026-10-02,10.489999771118164,10.489999771118164,10.489999771118164,10.489999771118164,10.489999771118164,300,USD,NGM,America/New_York,Yahoo Finance
BALY,2026-08-21,9.859999656677246,10.489999771118164,9.770000457763672,10.229999542236328,10.229999542236328,118000,USD,NYQ,America/New_York,Yahoo Finance
BALY,2026-08-24,10.25,10.989999771118164,9.170000076293945,9.260000228881836,9.260000228881836,182200,USD,NYQ,America/New_York,Yahoo Finance
BALY,2026-08-25,9.430000305175781,9.770000457763672,9.199999809265137,9.489999771118164,9.489999771118164,75600,USD,NYQ,America/New_York,Yahoo Finance
BALY,2026-08-26,9.399999618530273,9.449999809265137,8.866000175476074,9.09000015258789,9.09000015258789,104700,USD,NYQ,America/New_York,Yahoo Finance
BALY,2026-08-27,9.029999732971191,9.444999694824219,9.0,9.100000381469727,9.100000381469727,110400,USD,NYQ,America/New_York,Yahoo Finance
BALY,2026-08-28,9.010000228881836,9.744999885559082,9.010000228881836,9.430000305175781,9.430000305175781,100400,USD,NYQ,America/New_York,Yahoo Finance
BALY,2026-08-31,9.489999771118164,9.489999771118164,8.75,8.960000038146973,8.960000038146973,147500,USD,NYQ,America/New_York,Yahoo Finance
BALY,2026-09-01,8.899999618530273,9.324999809265137,8.880000114440918,9.09000015258789,9.09000015258789,79800,USD,NYQ,America/New_York,Yahoo Finance
BALY,2026-09-02,9.149999618530273,10.140000343322754,9.149999618530273,9.880000114440918,9.880000114440918,122500,USD,NYQ,America/New_York,Yahoo Finance
BALY,2026-09-03,9.930000305175781,10.369999885559082,9.875,10.239999771118164,10.239999771118164,96600,USD,NYQ,America/New_York,Yahoo Finance
BALY,2026-09-04,9.510000228881836,9.800000190734863,8.850000381469727,9.140000343322754,9.140000343322754,178500,USD,NYQ,America/New_York,Yahoo Finance
BALY,2026-09-08,9.210000038146973,9.319999694824219,8.75,9.0,9.0,117700,USD,NYQ,America/New_York,Yahoo Finance
BALY,2026-09-09,9.199999809265137,9.199999809265137,8.770000457763672,8.869999885559082,8.869999885559082,115300,USD,NYQ,America/New_York,Yahoo Finance
BALY,2026-09-10,8.75,9.149999618530273,8.600000381469727,9.069999694824219,9.069999694824219,101400,USD,NYQ,America/New_York,Yahoo Finance
BALY,2026-09-11,9.130000114440918,9.4399995803833,8.954999923706055,9.170000076293945,9.170000076293945,91600,USD,NYQ,America/New_York,Yahoo Finance
BALY,2026-09-14,9.069999694824219,10.079999923706055,9.069999694824219,9.84000015258789,9.84000015258789,104600,USD,NYQ,America/New_York,Yahoo Finance
BALY,2026-09-15,9.710000038146973,9.930000305175781,9.5,9.649999618530273,9.649999618530273,77900,USD,NYQ,America/New_York,Yahoo Finance
BALY,2026-09-16,9.710000038146973,10.680000305175781,9.710000038146973,10.550000190734863,10.550000190734863,127400,USD,NYQ,America/New_York,Yahoo Finance
BALY,2026-09-17,10.539999961853027,10.739999771118164,9.90999984741211,10.380000114440918,10.380000114440918,92300,USD,NYQ,America/New_York,Yahoo Finance
BALY,2026-09-18,10.5600004196167,10.890000343322754,10.15999984741211,10.40999984741211,10.40999984741211,383800,USD,NYQ,America/New_York,Yahoo Finance
BALY,2026-09-21,10.470000267028809,10.739999771118164,10.180000305175781,10.5600004196167,10.5600004196167,76000,USD,NYQ,America/New_York,Yahoo Finance
BALY,2026-09-22,10.640000343322754,12.720000267028809,10.420000076293945,12.3100004196167,12.3100004196167,184700,USD,NYQ,America/New_York,Yahoo Finance
BALY,2026-09-23,12.489999771118164,12.819999694824219,11.640000343322754,12.210000038146973,12.210000038146973,185200,USD,NYQ,America/New_York,Yahoo Finance
BALY,2026-09-24,12.199999809265137,14.079999923706055,12.199999809265137,14.050000190734863,14.050000190734863,130600,USD,NYQ,America/New_York,Yahoo Finance
BALY,2026-09-25,14.0,14.380000114440918,13.390000343322754,14.0,14.0,169200,USD,NYQ,America/New_York,Yahoo Finance
BALY,2026-09-28,14.0,14.109999656677246,13.420000076293945,14.0,14.0,147200,USD,NYQ,America/New_York,Yahoo Finance
BALY,2026-09-29,14.0,14.25,13.890000343322754,13.960000038146973,13.960000038146973,126600,USD,NYQ,America/New_York,Yahoo Finance
BALY,2026-09-30,14.0,14.329999923706055,13.699999809265137,13.720000267028809,13.720000267028809,103100,USD,NYQ,America/New_York,Yahoo Finance
BALY,2026-10-01,13.649999618530273,14.008999824523926,13.579999923706055,13.949999809265137,13.949999809265137,41600,USD,NYQ,America/New_York,Yahoo Finance
BALY,2026-10-02,14.140000343322754,14.510000228881836,13.949999809265137,14.09000015258789,14.09000015258789,253400,USD,NYQ,America/New_York,Yahoo Finance
BANX,2026-08-21,20.799999237060547,20.799999237060547,20.610000610351562,20.709999084472656,20.41466522216797,27400,USD,NGM,America/New_York,Yahoo Finance
BANX,2026-08-24,20.75,20.75,20.549999237060547,20.670000076293945,20.523887634277344,42000,USD,NGM,America/New_York,Yahoo Finance
BANX,2026-08-25,20.739999771118164,20.739999771118164,20.350000381469727,20.56999969482422,20.42459487915039,30700,USD,NGM,America/New_York,Yahoo Finance
BANX,2026-08-26,20.579999923706055,20.639999389648438,20.469999313354492,20.559999465942383,20.41466522216797,9400,USD,NGM,America/New_York,Yahoo Finance
BANX,2026-08-27,20.799999237060547,20.799999237060547,20.600000381469727,20.649999618530273,20.5040283203125,20500,USD,NGM,America/New_York,Yahoo Finance
BANX,2026-08-28,20.68000030517578,20.780000686645508,20.579999923706055,20.649999618530273,20.5040283203125,35300,USD,NGM,America/New_York,Yahoo Finance
BANX,2026-08-31,20.799999237060547,20.940000534057617,20.610000610351562,20.889999389648438,20.742332458496094,79600,USD,NGM,America/New_York,Yahoo Finance
BANX,2026-09-01,20.940000534057617,21.290000915527344,20.899999618530273,21.149999618530273,21.0004940032959,138700,USD,NGM,America/New_York,Yahoo Finance
BANX,2026-09-02,21.25,21.25,20.959999084472656,21.030000686645508,20.881343841552734,54600,USD,NGM,America/New_York,Yahoo Finance
BANX,2026-09-03,21.020000457763672,21.020000457763672,20.649999618530273,20.68000030517578,20.533817291259766,59800,USD,NGM,America/New_York,Yahoo Finance
BANX,2026-09-04,20.68000030517578,20.81999969482422,20.670000076293945,20.799999237060547,20.65296745300293,33800,USD,NGM,America/New_York,Yahoo Finance
BANX,2026-09-08,20.799999237060547,21.040000915527344,20.780000686645508,21.0,20.85155487060547,38600,USD,NGM,America/New_York,Yahoo Finance
BANX,2026-09-09,20.959999084472656,21.100000381469727,20.959999084472656,21.06999969482422,20.92106056213379,20600,USD,NGM,America/New_York,Yahoo Finance
BANX,2026-09-10,21.049999237060547,21.059999465942383,20.799999237060547,20.959999084472656,20.81183624267578,23000,USD,NGM,America/New_York,Yahoo Finance
BANX,2026-09-11,21.030000686645508,21.079999923706055,20.829999923706055,20.969999313354492,20.821765899658203,18900,USD,NGM,America/New_York,Yahoo Finance
BANX,2026-09-14,20.8700008392334,21.100000381469727,20.8700008392334,21.059999465942383,20.911130905151367,32900,USD,NGM,America/New_York,Yahoo Finance
BANX,2026-09-15,21.059999465942383,21.15999984741211,20.8799991607666,20.920000076293945,20.77212142944336,29500,USD,NGM,America/New_York,Yahoo Finance
BANX,2026-09-16,20.920000076293945,21.100000381469727,20.84000015258789,20.8700008392334,20.722475051879883,35700,USD,NGM,America/New_York,Yahoo Finance
BANX,2026-09-17,20.850000381469727,21.079999923706055,20.81999969482422,20.8700008392334,20.722475051879883,32500,USD,NGM,America/New_York,Yahoo Finance
BANX,2026-09-18,20.989999771118164,21.059999465942383,20.860000610351562,20.899999618530273,20.752262115478516,13700,USD,NGM,America/New_York,Yahoo Finance
BANX,2026-09-21,20.950000762939453,21.239999771118164,20.950000762939453,21.079999923706055,20.93099021911621,45100,USD,NGM,America/New_York,Yahoo Finance
BANX,2026-09-22,21.040000915527344,21.290000915527344,21.030000686645508,21.219999313354492,21.06999969482422,51600,USD,NGM,America/New_York,Yahoo Finance
BANX,2026-09-23,21.149999618530273,21.149999618530273,20.790000915527344,21.020000457763672,21.020000457763672,37800,USD,NGM,America/New_York,Yahoo Finance
BANX,2026-09-24,20.889999389648438,20.989999771118164,20.450000762939453,20.549999237060547,20.549999237060547,44900,USD,NGM,America/New_York,Yahoo Finance
BANX,2026-09-25,20.489999771118164,20.5,19.399999618530273,19.920000076293945,19.920000076293945,120800,USD,NGM,America/New_York,Yahoo Finance
BANX,2026-09-28,19.899999618530273,20.149999618530273,19.25,19.739999771118164,19.739999771118164,65800,USD,NGM,America/New_York,Yahoo Finance
BANX,2026-09-29,19.760000228881836,20.43000030517578,19.510000228881836,20.350000381469727,20.350000381469727,36600,USD,NGM,America/New_York,Yahoo Finance
BANX,2026-09-30,20.420000076293945,20.420000076293945,19.81999969482422,19.860000610351562,19.860000610351562,47800,USD,NGM,America/New_York,Yahoo Finance
BANX,2026-10-01,19.790000915527344,20.25,19.399999618530273,19.809999465942383,19.809999465942383,46700,USD,NGM,America/New_York,Yahoo Finance
BANX,2026-10-02,19.889999389648438,20.229999542236328,19.760000228881836,20.0,20.0,30100,USD,NGM,America/New_York,Yahoo Finance
BBSI,2026-08-17,32.0099983215332,32.27000045776367,31.200000762939453,31.329999923706055,31.254573822021484,159900,USD,NMS,America/New_York,Yahoo Finance
BBSI,2026-08-18,31.6299991607666,33.09000015258789,31.6299991607666,32.95000076293945,32.87067413330078,405200,USD,NMS,America/New_York,Yahoo Finance
BBSI,2026-08-19,32.95000076293945,33.790000915527344,32.70000076293945,33.09000015258789,33.010337829589844,201000,USD,NMS,America/New_York,Yahoo Finance
BBSI,2026-08-20,32.93000030517578,33.34000015258789,32.68000030517578,33.22999954223633,33.14999771118164,151600,USD,NMS,America/New_York,Yahoo Finance
BBSI,2026-08-21,33.290000915527344,33.630001068115234,32.689998626708984,33.54999923706055,33.54999923706055,172800,USD,NMS,America/New_York,Yahoo Finance
BBSI,2026-08-24,33.650001525878906,33.9900016784668,33.06999969482422,33.41999816894531,33.41999816894531,181600,USD,NMS,America/New_York,Yahoo Finance
BBSI,2026-08-25,33.2400016784668,33.900001525878906,32.88999938964844,33.79999923706055,33.79999923706055,237800,USD,NMS,America/New_York,Yahoo Finance
BBSI,2026-08-26,33.849998474121094,34.13999938964844,33.66999816894531,33.970001220703125,33.970001220703125,196500,USD,NMS,America/New_York,Yahoo Finance
BBSI,2026-08-27,33.70000076293945,34.40999984741211,33.36000061035156,34.150001525878906,34.150001525878906,176100,USD,NMS,America/New_York,Yahoo Finance
BBSI,2026-08-28,34.11000061035156,34.790000915527344,33.34000015258789,34.369998931884766,34.369998931884766,170200,USD,NMS,America/New_York,Yahoo Finance
BBSI,2026-08-31,34.349998474121094,34.75,33.52000045776367,34.400001525878906,34.400001525878906,155500,USD,NMS,America/New_York,Yahoo Finance
BBSI,2026-09-01,34.279998779296875,34.56999969482422,33.709999084472656,33.790000915527344,33.790000915527344,154800,USD,NMS,America/New_York,Yahoo Finance
BBSI,2026-09-02,33.97999954223633,34.529998779296875,33.470001220703125,33.709999084472656,33.709999084472656,160100,USD,NMS,America/New_York,Yahoo Finance
BBSI,2026-09-03,34.029998779296875,34.40999984741211,33.619998931884766,33.83000183105469,33.83000183105469,269500,USD,NMS,America/New_York,Yahoo Finance
BBSI,2026-09-04,33.43000030517578,34.099998474121094,32.93000030517578,33.90999984741211,33.90999984741211,153200,USD,NMS,America/New_York,Yahoo Finance
BBSI,2026-09-08,33.59000015258789,33.599998474121094,32.08000183105469,32.54999923706055,32.54999923706055,150300,USD,NMS,America/New_York,Yahoo Finance
BBSI,2026-09-09,32.400001525878906,32.619998931884766,31.670000076293945,32.529998779296875,32.529998779296875,195800,USD,NMS,America/New_York,Yahoo Finance
BBSI,2026-09-10,32.70000076293945,32.93000030517578,32.36000061035156,32.86000061035156,32.86000061035156,153400,USD,NMS,America/New_York,Yahoo Finance
BBSI,2026-09-11,32.95000076293945,33.400001525878906,32.58000183105469,33.349998474121094,33.349998474121094,126500,USD,NMS,America/New_York,Yahoo Finance
BBSI,2026-09-14,33.400001525878906,34.15999984741211,33.04999923706055,33.220001220703125,33.220001220703125,160300,USD,NMS,America/New_York,Yahoo Finance
BBSI,2026-09-15,33.13999938964844,33.86000061035156,32.79999923706055,33.84000015258789,33.84000015258789,153600,USD,NMS,America/New_York,Yahoo Finance
BBSI,2026-09-16,33.66999816894531,34.349998474121094,33.400001525878906,34.29999923706055,34.29999923706055,147400,USD,NMS,America/New_York,Yahoo Finance
BBSI,2026-09-17,33.959999084472656,34.20000076293945,33.040000915527344,33.279998779296875,33.279998779296875,161200,USD,NMS,America/New_York,Yahoo Finance
BBSI,2026-09-18,32.849998474121094,32.93000030517578,32.459999084472656,32.79999923706055,32.79999923706055,255800,USD,NMS,America/New_York,Yahoo Finance
BBSI,2026-09-21,32.779998779296875,33.09000015258789,32.529998779296875,32.86000061035156,32.86000061035156,130100,USD,NMS,America/New_York,Yahoo Finance
BBSI,2026-09-22,33.130001068115234,33.279998779296875,32.58000183105469,33.2599983215332,33.2599983215332,126000,USD,NMS,America/New_York,Yahoo Finance
BBSI,2026-09-23,33.11000061035156,33.349998474121094,32.56999969482422,32.61000061035156,32.61000061035156,80200,USD,NMS,America/New_York,Yahoo Finance
BBSI,2026-09-24,32.779998779296875,33.209999084472656,30.989999771118164,31.600000381469727,31.600000381469727,589200,USD,NMS,America/New_York,Yahoo Finance
BBSI,2026-09-25,31.68000030517578,31.75,30.979999542236328,31.139999389648438,31.139999389648438,378000,USD,NMS,America/New_York,Yahoo Finance
BBSI,2026-09-28,31.200000762939453,31.200000762939453,30.510000228881836,30.850000381469727,30.850000381469727,513100,USD,NMS,America/New_York,Yahoo Finance
BBY,2026-08-17,86.0199966430664,87.55000305175781,85.12999725341797,85.44000244140625,84.55279541015625,2380500,USD,NYQ,America/New_York,Yahoo Finance
BBY,2026-08-18,86.4000015258789,88.0199966430664,85.98999786376953,87.2699966430664,86.36378479003906,4262700,USD,NYQ,America/New_York,Yahoo Finance
BBY,2026-08-19,87.61000061035156,90.26000213623047,87.61000061035156,89.20999908447266,88.28364562988281,3004200,USD,NYQ,America/New_York,Yahoo Finance
BBY,2026-08-20,87.5,87.93000030517578,85.29000091552734,85.7300033569336,84.83978271484375,2743200,USD,NYQ,America/New_York,Yahoo Finance
BBY,2026-08-21,86.5,88.0,85.87000274658203,85.88999938964844,84.99812316894531,2574300,USD,NYQ,America/New_York,Yahoo Finance
BBY,2026-08-24,86.94999694824219,88.87000274658203,86.72000122070312,87.4800033569336,86.57161712646484,2768200,USD,NYQ,America/New_York,Yahoo Finance
BBY,2026-08-25,86.52999877929688,87.83000183105469,84.73999786376953,85.29000091552734,84.40435028076172,4192100,USD,NYQ,America/New_York,Yahoo Finance
BBY,2026-08-26,85.19000244140625,88.38999938964844,84.37999725341797,87.44000244140625,86.53202819824219,6809700,USD,NYQ,America/New_York,Yahoo Finance
BBY,2026-08-27,80.5999984741211,84.94999694824219,76.69999694824219,83.55999755859375,82.69231414794922,8969300,USD,NYQ,America/New_York,Yahoo Finance
BBY,2026-08-28,83.8499984741211,84.0,80.81999969482422,82.44000244140625,81.58394622802734,5154300,USD,NYQ,America/New_York,Yahoo Finance
BBY,2026-08-31,81.94000244140625,82.08000183105469,79.29000091552734,80.1500015258789,79.3177261352539,5780900,USD,NYQ,America/New_York,Yahoo Finance
BBY,2026-09-01,79.83000183105469,82.76000213623047,79.0199966430664,82.62999725341797,81.77197265625,4614800,USD,NYQ,America/New_York,Yahoo Finance
BBY,2026-09-02,82.86000061035156,88.44000244140625,82.8499984741211,87.0,86.09659576416016,7453200,USD,NYQ,America/New_York,Yahoo Finance
BBY,2026-09-03,87.55999755859375,88.27999877929688,86.94999694824219,87.48999786376953,86.58150482177734,3363700,USD,NYQ,America/New_York,Yahoo Finance
BBY,2026-09-04,87.4800033569336,90.81999969482422,87.12999725341797,90.2699966430664,89.33263397216797,3954700,USD,NYQ,America/New_York,Yahoo Finance
BBY,2026-09-08,89.80000305175781,90.51000213623047,87.9000015258789,89.33000183105469,88.40240478515625,3130400,USD,NYQ,America/New_York,Yahoo Finance
BBY,2026-09-09,89.5,90.73999786376953,87.91999816894531,88.02999877929688,87.11589813232422,3490500,USD,NYQ,America/New_York,Yahoo Finance
BBY,2026-09-10,87.19000244140625,89.66000366210938,86.7699966430664,88.08999633789062,87.1752700805664,2731500,USD,NYQ,America/New_York,Yahoo Finance
BBY,2026-09-11,89.04000091552734,91.37000274658203,88.06999969482422,90.80000305175781,89.85713958740234,3002500,USD,NYQ,America/New_York,Yahoo Finance
BBY,2026-09-14,90.6500015258789,94.91999816894531,90.52999877929688,94.83000183105469,93.84529113769531,4890200,USD,NYQ,America/New_York,Yahoo Finance
BBY,2026-09-15,95.0,95.80999755859375,92.9800033569336,93.23999786376953,92.27179718017578,3680100,USD,NYQ,America/New_York,Yahoo Finance
BBY,2026-09-16,93.23999786376953,93.41000366210938,91.37999725341797,92.44999694824219,91.48999786376953,4015000,USD,NYQ,America/New_York,Yahoo Finance
BBY,2026-09-17,92.73999786376953,95.8499984741211,92.58999633789062,94.55999755859375,94.55999755859375,3816300,USD,NYQ,America/New_York,Yahoo Finance
BBY,2026-09-18,94.19000244140625,94.52999877929688,92.80000305175781,92.8499984741211,92.8499984741211,5108800,USD,NYQ,America/New_York,Yahoo Finance
BBY,2026-09-21,92.76000213623047,94.33999633789062,92.58000183105469,93.22000122070312,93.22000122070312,2630700,USD,NYQ,America/New_York,Yahoo Finance
BBY,2026-09-22,94.41999816894531,95.66000366210938,94.38999938964844,94.81999969482422,94.81999969482422,2577500,USD,NYQ,America/New_York,Yahoo Finance
BBY,2026-09-23,95.2699966430664,96.52999877929688,90.12000274658203,90.80000305175781,90.80000305175781,4863000,USD,NYQ,America/New_York,Yahoo Finance
BBY,2026-09-24,91.66999816894531,92.80000305175781,89.94999694824219,91.0,91.0,3374700,USD,NYQ,America/New_York,Yahoo Finance
BBY,2026-09-25,89.70999908447266,91.19999694824219,88.62999725341797,90.51000213623047,90.51000213623047,2486100,USD,NYQ,America/New_York,Yahoo Finance
BBY,2026-09-28,89.05999755859375,90.44999694824219,88.12000274658203,89.91000366210938,89.91000366210938,2665200,USD,NYQ,America/New_York,Yahoo Finance
BCIC,2026-08-21,7.650000095367432,7.670000076293945,7.619999885559082,7.639999866485596,7.543831825256348,25800,USD,NMS,America/New_York,Yahoo Finance
BCIC,2026-08-24,7.619999885559082,7.690000057220459,7.619999885559082,7.659999847412109,7.56358003616333,36000,USD,NMS,America/New_York,Yahoo Finance
BCIC,2026-08-25,7.659999847412109,7.75,7.659999847412109,7.730000019073486,7.632699012756348,34300,USD,NMS,America/New_York,Yahoo Finance
BCIC,2026-08-26,7.730000019073486,7.739999771118164,7.659999847412109,7.670000076293945,7.5734543800354,54200,USD,NMS,America/New_York,Yahoo Finance
BCIC,2026-08-27,7.630000114440918,7.670000076293945,7.630000114440918,7.670000076293945,7.5734543800354,59500,USD,NMS,America/New_York,Yahoo Finance
BCIC,2026-08-28,7.679999828338623,7.820000171661377,7.670000076293945,7.78000020980835,7.682069778442383,107300,USD,NMS,America/New_York,Yahoo Finance
BCIC,2026-08-31,7.75,7.829999923706055,7.690000057220459,7.78000020980835,7.682069778442383,89900,USD,NMS,America/New_York,Yahoo Finance
BCIC,2026-09-01,7.690000057220459,7.730000019073486,7.619999885559082,7.619999885559082,7.524083614349365,52900,USD,NMS,America/New_York,Yahoo Finance
BCIC,2026-09-02,7.630000114440918,7.650000095367432,7.519999980926514,7.550000190734863,7.454965114593506,56700,USD,NMS,America/New_York,Yahoo Finance
BCIC,2026-09-03,7.539999961853027,7.639999866485596,7.300000190734863,7.300000190734863,7.208111763000488,178400,USD,NMS,America/New_York,Yahoo Finance
BCIC,2026-09-04,7.289999961853027,7.340000152587891,7.099999904632568,7.340000152587891,7.247608661651611,72400,USD,NMS,America/New_York,Yahoo Finance
BCIC,2026-09-08,7.340000152587891,7.380000114440918,7.199999809265137,7.25,7.158740997314453,69900,USD,NMS,America/New_York,Yahoo Finance
BCIC,2026-09-09,7.21999979019165,7.230000019073486,7.059999942779541,7.099999904632568,7.010629177093506,138900,USD,NMS,America/New_York,Yahoo Finance
BCIC,2026-09-10,7.119999885559082,7.199999809265137,7.059999942779541,7.090000152587891,7.000755310058594,30000,USD,NMS,America/New_York,Yahoo Finance
BCIC,2026-09-11,7.150000095367432,7.159999847412109,7.099999904632568,7.130000114440918,7.040251731872559,17100,USD,NMS,America/New_York,Yahoo Finance
BCIC,2026-09-14,7.110000133514404,7.199999809265137,7.090000152587891,7.150000095367432,7.059999942779541,45700,USD,NMS,America/New_York,Yahoo Finance
BCIC,2026-09-15,7.079999923706055,7.079999923706055,7.0,7.019999980926514,7.019999980926514,34000,USD,NMS,America/New_York,Yahoo Finance
BCIC,2026-09-16,7.050000190734863,7.070000171661377,7.019999980926514,7.019999980926514,7.019999980926514,57800,USD,NMS,America/New_York,Yahoo Finance
BCIC,2026-09-17,7.039999961853027,7.130000114440918,7.039999961853027,7.070000171661377,7.070000171661377,46800,USD,NMS,America/New_York,Yahoo Finance
BCIC,2026-09-18,7.050000190734863,7.159999847412109,7.019999980926514,7.03000020980835,7.03000020980835,29600,USD,NMS,America/New_York,Yahoo Finance
BCIC,2026-09-21,7.090000152587891,7.130000114440918,7.050000190734863,7.110000133514404,7.110000133514404,28900,USD,NMS,America/New_York,Yahoo Finance
BCIC,2026-09-22,7.150000095367432,7.150000095367432,7.050000190734863,7.090000152587891,7.090000152587891,19900,USD,NMS,America/New_York,Yahoo Finance
BCIC,2026-09-23,7.070000171661377,7.150000095367432,7.050000190734863,7.099999904632568,7.099999904632568,20800,USD,NMS,America/New_York,Yahoo Finance
BCIC,2026-09-24,7.099999904632568,7.130000114440918,6.960000038146973,7.0,7.0,39300,USD,NMS,America/New_York,Yahoo Finance
BCIC,2026-09-25,7.019999980926514,7.070000171661377,6.900000095367432,6.940000057220459,6.940000057220459,59700,USD,NMS,America/New_York,Yahoo Finance
BCIC,2026-09-28,6.929999828338623,6.949999809265137,6.760000228881836,6.789999961853027,6.789999961853027,34700,USD,NMS,America/New_York,Yahoo Finance
BCIC,2026-09-29,6.949999809265137,6.960000038146973,6.78000020980835,6.849999904632568,6.849999904632568,29800,USD,NMS,America/New_York,Yahoo Finance
BCIC,2026-09-30,6.880000114440918,6.960000038146973,6.78000020980835,6.789999961853027,6.789999961853027,28400,USD,NMS,America/New_York,Yahoo Finance
BCIC,2026-10-01,6.75,6.900000095367432,6.730000019073486,6.789999961853027,6.789999961853027,38400,USD,NMS,America/New_York,Yahoo Finance
BCIC,2026-10-02,6.829999923706055,6.949999809265137,6.78000020980835,6.889999866485596,6.889999866485596,54600,USD,NMS,America/New_York,Yahoo Finance
BDC,2026-08-17,136.00999450683594,139.27000427246094,135.0500030517578,137.58999633789062,137.5281982421875,337900,USD,NYQ,America/New_York,Yahoo Finance
BDC,2026-08-18,135.5800018310547,137.44000244140625,129.14999389648438,129.39999389648438,129.3418731689453,314400,USD,NYQ,America/New_York,Yahoo Finance
BDC,2026-08-19,131.38999938964844,131.38999938964844,126.58999633789062,128.42999267578125,128.372314453125,343200,USD,NYQ,America/New_York,Yahoo Finance
BDC,2026-08-20,126.80999755859375,127.54000091552734,123.80999755859375,123.88999938964844,123.83435821533203,307000,USD,NYQ,America/New_York,Yahoo Finance
BDC,2026-08-21,125.27999877929688,125.27999877929688,121.69000244140625,122.45999908447266,122.40499877929688,364600,USD,NYQ,America/New_York,Yahoo Finance
BDC,2026-08-24,121.73999786376953,121.73999786376953,116.08000183105469,116.76000213623047,116.70756530761719,366400,USD,NYQ,America/New_York,Yahoo Finance
BDC,2026-08-25,118.76000213623047,118.76000213623047,115.81999969482422,116.95999908447266,116.907470703125,318500,USD,NYQ,America/New_York,Yahoo Finance
BDC,2026-08-26,117.52999877929688,120.58000183105469,117.22000122070312,118.08999633789062,118.03695678710938,292700,USD,NYQ,America/New_York,Yahoo Finance
BDC,2026-08-27,118.05999755859375,120.41000366210938,117.6500015258789,119.94999694824219,119.89612579345703,307000,USD,NYQ,America/New_York,Yahoo Finance
BDC,2026-08-28,120.0,121.56999969482422,113.87999725341797,115.20999908447266,115.15825653076172,382900,USD,NYQ,America/New_York,Yahoo Finance
BDC,2026-08-31,115.20999908447266,116.79000091552734,113.8499984741211,114.45999908447266,114.4085922241211,510800,USD,NYQ,America/New_York,Yahoo Finance
BDC,2026-09-01,112.9800033569336,114.0,109.80000305175781,112.05999755859375,112.0096664428711,425000,USD,NYQ,America/New_York,Yahoo Finance
BDC,2026-09-02,111.80000305175781,116.26000213623047,110.11000061035156,115.76000213623047,115.70801544189453,506600,USD,NYQ,America/New_York,Yahoo Finance
BDC,2026-09-03,115.2300033569336,119.58999633789062,114.94999694824219,118.91999816894531,118.86659240722656,447200,USD,NYQ,America/New_York,Yahoo Finance
BDC,2026-09-04,119.5999984741211,122.58999633789062,119.01000213623047,122.27999877929688,122.22508239746094,316100,USD,NYQ,America/New_York,Yahoo Finance
BDC,2026-09-08,123.06999969482422,123.51000213623047,121.12000274658203,122.05000305175781,121.99518585205078,413100,USD,NYQ,America/New_York,Yahoo Finance
BDC,2026-09-09,121.19999694824219,122.5,117.69000244140625,117.77999877929688,117.72710418701172,424700,USD,NYQ,America/New_York,Yahoo Finance
BDC,2026-09-10,116.08999633789062,117.47000122070312,114.38999938964844,115.16000366210938,115.10828399658203,378100,USD,NYQ,America/New_York,Yahoo Finance
BDC,2026-09-11,117.45999908447266,122.69000244140625,116.80000305175781,122.26000213623047,122.20509338378906,285700,USD,NYQ,America/New_York,Yahoo Finance
BDC,2026-09-14,117.25,117.52999877929688,112.5999984741211,113.41000366210938,113.35906982421875,735900,USD,NYQ,America/New_York,Yahoo Finance
BDC,2026-09-15,114.38999938964844,116.54000091552734,110.83000183105469,111.33000183105469,111.27999877929688,668300,USD,NYQ,America/New_York,Yahoo Finance
BDC,2026-09-16,112.83000183105469,115.08000183105469,111.26000213623047,112.5199966430664,112.5199966430664,549600,USD,NYQ,America/New_York,Yahoo Finance
BDC,2026-09-17,115.02999877929688,115.02999877929688,111.30999755859375,111.94000244140625,111.94000244140625,368000,USD,NYQ,America/New_York,Yahoo Finance
BDC,2026-09-18,112.05000305175781,112.97000122070312,110.87999725341797,110.91999816894531,110.91999816894531,611100,USD,NYQ,America/New_York,Yahoo Finance
BDC,2026-09-21,112.58000183105469,112.58000183105469,110.27999877929688,110.55000305175781,110.55000305175781,329400,USD,NYQ,America/New_York,Yahoo Finance
BDC,2026-09-22,112.2300033569336,114.62000274658203,111.37999725341797,113.0199966430664,113.0199966430664,466500,USD,NYQ,America/New_York,Yahoo Finance
BDC,2026-09-23,115.19000244140625,116.23999786376953,113.0,114.12999725341797,114.12999725341797,395000,USD,NYQ,America/New_York,Yahoo Finance
BDC,2026-09-24,112.63999938964844,113.7300033569336,110.5999984741211,110.80000305175781,110.80000305175781,345300,USD,NYQ,America/New_York,Yahoo Finance
BDC,2026-09-25,111.83999633789062,113.9000015258789,111.5999984741211,112.44999694824219,112.44999694824219,334400,USD,NYQ,America/New_York,Yahoo Finance
BDC,2026-09-28,111.80999755859375,112.18000030517578,106.37000274658203,109.81999969482422,109.81999969482422,397100,USD,NYQ,America/New_York,Yahoo Finance
BLDR,2026-08-17,72.0999984741211,72.0999984741211,69.37999725341797,70.20999908447266,70.20999908447266,1633100,USD,NYQ,America/New_York,Yahoo Finance
BLDR,2026-08-18,69.9000015258789,70.47000122070312,67.5199966430664,67.62000274658203,67.62000274658203,1280200,USD,NYQ,America/New_York,Yahoo Finance
BLDR,2026-08-19,70.19999694824219,73.04000091552734,69.37999725341797,72.55000305175781,72.55000305175781,2005500,USD,NYQ,America/New_York,Yahoo Finance
BLDR,2026-08-20,70.8499984741211,70.91999816894531,69.12999725341797,70.31999969482422,70.31999969482422,1595100,USD,NYQ,America/New_York,Yahoo Finance
BLDR,2026-08-21,70.12000274658203,71.36000061035156,69.4800033569336,70.20999908447266,70.20999908447266,1629000,USD,NYQ,America/New_York,Yahoo Finance
BLDR,2026-08-24,70.77999877929688,72.72000122070312,70.19000244140625,70.22000122070312,70.22000122070312,2075100,USD,NYQ,America/New_York,Yahoo Finance
BLDR,2026-08-25,71.55999755859375,71.61000061035156,68.62000274658203,69.36000061035156,69.36000061035156,1967900,USD,NYQ,America/New_York,Yahoo Finance
BLDR,2026-08-26,69.70999908447266,70.41999816894531,68.4000015258789,68.66999816894531,68.66999816894531,1193600,USD,NYQ,America/New_York,Yahoo Finance
BLDR,2026-08-27,68.0999984741211,68.58000183105469,66.61000061035156,67.20999908447266,67.20999908447266,1717200,USD,NYQ,America/New_York,Yahoo Finance
BLDR,2026-08-28,67.81999969482422,69.41000366210938,66.16999816894531,67.72000122070312,67.72000122070312,1652000,USD,NYQ,America/New_York,Yahoo Finance
BLDR,2026-08-31,66.98999786376953,67.37000274658203,65.77999877929688,66.4000015258789,66.4000015258789,2928900,USD,NYQ,America/New_York,Yahoo Finance
BLDR,2026-09-01,65.43000030517578,65.9800033569336,62.310001373291016,62.790000915527344,62.790000915527344,3768400,USD,NYQ,America/New_York,Yahoo Finance
BLDR,2026-09-02,63.0,64.7699966430664,62.900001525878906,63.09000015258789,63.09000015258789,2257100,USD,NYQ,America/New_York,Yahoo Finance
BLDR,2026-09-03,64.9800033569336,65.72000122070312,62.5099983215332,64.18000030517578,64.18000030517578,1573200,USD,NYQ,America/New_York,Yahoo Finance
BLDR,2026-09-04,64.04000091552734,66.69000244140625,63.790000915527344,65.79000091552734,65.79000091552734,2439800,USD,NYQ,America/New_York,Yahoo Finance
BLDR,2026-09-08,65.5999984741211,65.80000305175781,62.54999923706055,62.58000183105469,62.58000183105469,2782800,USD,NYQ,America/New_York,Yahoo Finance
BLDR,2026-09-09,62.0,63.09000015258789,61.189998626708984,61.38999938964844,61.38999938964844,2387500,USD,NYQ,America/New_York,Yahoo Finance
BLDR,2026-09-10,61.2599983215332,61.2599983215332,58.130001068115234,58.970001220703125,58.970001220703125,3423400,USD,NYQ,America/New_York,Yahoo Finance
BLDR,2026-09-11,59.27000045776367,61.02000045776367,58.40999984741211,60.369998931884766,60.369998931884766,2029400,USD,NYQ,America/New_York,Yahoo Finance
BLDR,2026-09-14,59.540000915527344,61.47999954223633,59.470001220703125,60.2400016784668,60.2400016784668,2566300,USD,NYQ,America/New_York,Yahoo Finance
BLDR,2026-09-15,60.22999954223633,60.630001068115234,59.04999923706055,60.20000076293945,60.20000076293945,3189900,USD,NYQ,America/New_York,Yahoo Finance
BLDR,2026-09-16,60.66999816894531,61.63999938964844,59.150001525878906,59.650001525878906,59.650001525878906,2680500,USD,NYQ,America/New_York,Yahoo Finance
BLDR,2026-09-17,61.45000076293945,61.81999969482422,57.310001373291016,57.68000030517578,57.68000030517578,3389800,USD,NYQ,America/New_York,Yahoo Finance
BLDR,2026-09-18,57.27000045776367,58.90999984741211,56.560001373291016,58.119998931884766,58.119998931884766,27089800,USD,NYQ,America/New_York,Yahoo Finance
BLDR,2026-09-21,58.540000915527344,59.20000076293945,57.02000045776367,58.52000045776367,58.52000045776367,3748600,USD,NYQ,America/New_York,Yahoo Finance
BLDR,2026-09-22,59.939998626708984,61.31999969482422,59.630001068115234,60.869998931884766,60.869998931884766,3286700,USD,NYQ,America/New_York,Yahoo Finance
BLDR,2026-09-23,59.900001525878906,60.72999954223633,59.130001068115234,59.15999984741211,59.15999984741211,1813200,USD,NYQ,America/New_York,Yahoo Finance
BLDR,2026-09-24,58.79999923706055,59.4900016784668,57.7599983215332,58.279998779296875,58.279998779296875,2650400,USD,NYQ,America/New_York,Yahoo Finance
BLDR,2026-09-25,58.27000045776367,59.9900016784668,57.41999816894531,59.16999816894531,59.16999816894531,1488300,USD,NYQ,America/New_York,Yahoo Finance
BLDR,2026-09-28,58.060001373291016,58.65999984741211,56.79999923706055,58.0099983215332,58.0099983215332,1916100,USD,NYQ,America/New_York,Yahoo Finance
BRW,2026-08-21,6.409999847412109,6.460000038146973,6.400000095367432,6.429999828338623,6.346173286437988,112400,USD,NYQ,America/New_York,Yahoo Finance
BRW,2026-08-24,6.420000076293945,6.480000019073486,6.420000076293945,6.460000038146973,6.375782489776611,117500,USD,NYQ,America/New_York,Yahoo Finance
BRW,2026-08-25,6.5,6.53000020980835,6.449999809265137,6.519999980926514,6.434999942779541,136300,USD,NYQ,America/New_York,Yahoo Finance
BRW,2026-08-26,6.510000228881836,6.519999980926514,6.449999809265137,6.46999979019165,6.385651588439941,114600,USD,NYQ,America/New_York,Yahoo Finance
BRW,2026-08-27,6.449999809265137,6.5,6.440000057220459,6.46999979019165,6.385651588439941,212000,USD,NYQ,America/New_York,Yahoo Finance
BRW,2026-08-28,6.489999771118164,6.550000190734863,6.460000038146973,6.519999980926514,6.434999942779541,281900,USD,NYQ,America/New_York,Yahoo Finance
BRW,2026-08-31,6.579999923706055,6.579999923706055,6.5,6.559999942779541,6.474478721618652,326600,USD,NYQ,America/New_York,Yahoo Finance
BRW,2026-09-01,6.510000228881836,6.579999923706055,6.489999771118164,6.5,6.4152607917785645,241000,USD,NYQ,America/New_York,Yahoo Finance
BRW,2026-09-02,6.46999979019165,6.550000190734863,6.460000038146973,6.519999980926514,6.434999942779541,243300,USD,NYQ,America/New_York,Yahoo Finance
BRW,2026-09-03,6.519999980926514,6.53000020980835,6.460000038146973,6.460000038146973,6.375782489776611,121400,USD,NYQ,America/New_York,Yahoo Finance
BRW,2026-09-04,6.5,6.53000020980835,6.460000038146973,6.519999980926514,6.434999942779541,200500,USD,NYQ,America/New_York,Yahoo Finance
BRW,2026-09-08,6.53000020980835,6.539999961853027,6.5,6.519999980926514,6.434999942779541,136900,USD,NYQ,America/New_York,Yahoo Finance
BRW,2026-09-09,6.460000038146973,6.460000038146973,6.360000133514404,6.369999885559082,6.369999885559082,301800,USD,NYQ,America/New_York,Yahoo Finance
BRW,2026-09-10,6.380000114440918,6.400000095367432,6.340000152587891,6.360000133514404,6.360000133514404,159900,USD,NYQ,America/New_York,Yahoo Finance
BRW,2026-09-11,6.349999904632568,6.409999847412109,6.349999904632568,6.400000095367432,6.400000095367432,131100,USD,NYQ,America/New_York,Yahoo Finance
BRW,2026-09-14,6.380000114440918,6.380000114440918,6.269999980926514,6.269999980926514,6.269999980926514,219900,USD,NYQ,America/New_York,Yahoo Finance
BRW,2026-09-15,6.300000190734863,6.320000171661377,6.25,6.289999961853027,6.289999961853027,199000,USD,NYQ,America/New_York,Yahoo Finance
BRW,2026-09-16,6.300000190734863,6.300000190734863,6.239999771118164,6.25,6.25,152400,USD,NYQ,America/New_York,Yahoo Finance
BRW,2026-09-17,6.230000019073486,6.300000190734863,6.230000019073486,6.239999771118164,6.239999771118164,190300,USD,NYQ,America/New_York,Yahoo Finance
BRW,2026-09-18,6.230000019073486,6.25,6.170000076293945,6.170000076293945,6.170000076293945,247000,USD,NYQ,America/New_York,Yahoo Finance
BRW,2026-09-21,6.170000076293945,6.199999809265137,6.150000095367432,6.159999847412109,6.159999847412109,192500,USD,NYQ,America/New_York,Yahoo Finance
BRW,2026-09-22,6.159999847412109,6.199999809265137,6.110000133514404,6.159999847412109,6.159999847412109,218200,USD,NYQ,America/New_York,Yahoo Finance
BRW,2026-09-23,6.150000095367432,6.159999847412109,6.070000171661377,6.130000114440918,6.130000114440918,271000,USD,NYQ,America/New_York,Yahoo Finance
BRW,2026-09-24,6.110000133514404,6.110000133514404,6.03000020980835,6.03000020980835,6.03000020980835,240500,USD,NYQ,America/New_York,Yahoo Finance
BRW,2026-09-25,6.059999942779541,6.150000095367432,6.03000020980835,6.079999923706055,6.079999923706055,166100,USD,NYQ,America/New_York,Yahoo Finance
BRW,2026-09-28,6.099999904632568,6.099999904632568,5.989999771118164,6.0,6.0,354200,USD,NYQ,America/New_York,Yahoo Finance
BRW,2026-09-29,6.0,6.090000152587891,6.0,6.079999923706055,6.079999923706055,243600,USD,NYQ,America/New_York,Yahoo Finance
BRW,2026-09-30,6.130000114440918,6.150000095367432,6.0,6.010000228881836,6.010000228881836,578400,USD,NYQ,America/New_York,Yahoo Finance
BRW,2026-10-01,6.03000020980835,6.099999904632568,6.0,6.079999923706055,6.079999923706055,443400,USD,NYQ,America/New_York,Yahoo Finance
BRW,2026-10-02,6.099999904632568,6.119999885559082,6.059999942779541,6.070000171661377,6.070000171661377,208000,USD,NYQ,America/New_York,Yahoo Finance
BSY,2026-08-17,35.540000915527344,35.779998779296875,34.630001068115234,34.7400016784668,34.66391372680664,1829400,USD,NMS,America/New_York,Yahoo Finance
BSY,2026-08-18,35.189998626708984,35.560001373291016,34.560001373291016,34.63999938964844,34.56412887573242,1564400,USD,NMS,America/New_York,Yahoo Finance
BSY,2026-08-19,34.709999084472656,36.349998474121094,34.595001220703125,35.91999816894531,35.84132385253906,2483500,USD,NMS,America/New_York,Yahoo Finance
BSY,2026-08-20,35.939998626708984,36.51499938964844,35.189998626708984,36.400001525878906,36.32027816772461,2343400,USD,NMS,America/New_York,Yahoo Finance
BSY,2026-08-21,36.400001525878906,37.33000183105469,35.79499816894531,37.08000183105469,36.99878692626953,1658700,USD,NMS,America/New_York,Yahoo Finance
BSY,2026-08-24,37.150001525878906,37.95000076293945,36.81999969482422,37.68000030517578,37.59747314453125,2091300,USD,NMS,America/New_York,Yahoo Finance
BSY,2026-08-25,37.08000183105469,37.790000915527344,36.56999969482422,36.900001525878906,36.819183349609375,2055300,USD,NMS,America/New_York,Yahoo Finance
BSY,2026-08-26,36.2400016784668,37.310001373291016,36.2400016784668,36.939998626708984,36.859092712402344,1656400,USD,NMS,America/New_York,Yahoo Finance
BSY,2026-08-27,37.48500061035156,38.43000030517578,37.36000061035156,37.61000061035156,37.527626037597656,2502300,USD,NMS,America/New_York,Yahoo Finance
BSY,2026-08-28,37.47999954223633,38.0,36.94900131225586,37.29999923706055,37.21830368041992,2429800,USD,NMS,America/New_York,Yahoo Finance
BSY,2026-08-31,37.099998474121094,37.415000915527344,36.724998474121094,36.75,36.66950988769531,2119500,USD,NMS,America/New_York,Yahoo Finance
BSY,2026-09-01,36.310001373291016,36.66999816894531,35.51499938964844,35.619998931884766,35.54198455810547,1590100,USD,NMS,America/New_York,Yahoo Finance
BSY,2026-09-02,35.564998626708984,35.84000015258789,34.97999954223633,35.119998931884766,35.0430793762207,1151900,USD,NMS,America/New_York,Yahoo Finance
BSY,2026-09-03,35.70000076293945,36.494998931884766,35.45000076293945,35.59000015258789,35.51205062866211,1544700,USD,NMS,America/New_York,Yahoo Finance
BSY,2026-09-04,35.2400016784668,35.275001525878906,33.060001373291016,33.709999084472656,33.636165618896484,2634800,USD,NMS,America/New_York,Yahoo Finance
BSY,2026-09-08,33.31999969482422,33.68000030517578,32.5,32.84000015258789,32.76807403564453,2468700,USD,NMS,America/New_York,Yahoo Finance
BSY,2026-09-09,32.72999954223633,32.86000061035156,31.610000610351562,32.0099983215332,31.939889907836914,2310000,USD,NMS,America/New_York,Yahoo Finance
BSY,2026-09-10,32.0099983215332,32.310001373291016,30.8700008392334,31.0,30.93210220336914,2551800,USD,NMS,America/New_York,Yahoo Finance
BSY,2026-09-11,30.969999313354492,31.274999618530273,30.610000610351562,30.969999313354492,30.90216827392578,1829800,USD,NMS,America/New_York,Yahoo Finance
BSY,2026-09-14,31.8799991607666,32.345001220703125,31.5049991607666,31.700000762939453,31.630569458007812,2423900,USD,NMS,America/New_York,Yahoo Finance
BSY,2026-09-15,31.649999618530273,32.099998474121094,31.239999771118164,31.8799991607666,31.8101749420166,4187500,USD,NMS,America/New_York,Yahoo Finance
BSY,2026-09-16,31.649999618530273,31.739999771118164,30.655000686645508,31.100000381469727,31.031883239746094,2832800,USD,NMS,America/New_York,Yahoo Finance
BSY,2026-09-17,31.010000228881836,31.440000534057617,30.700000762939453,31.40999984741211,31.341205596923828,1779000,USD,NMS,America/New_York,Yahoo Finance
BSY,2026-09-18,31.5,32.81999969482422,31.190000534057617,32.58000183105469,32.508644104003906,9465600,USD,NMS,America/New_York,Yahoo Finance
BSY,2026-09-21,32.52000045776367,32.880001068115234,31.8700008392334,31.959999084472656,31.889999389648438,3017100,USD,NMS,America/New_York,Yahoo Finance
BSY,2026-09-22,32.5099983215332,32.69499969482422,31.399999618530273,31.860000610351562,31.860000610351562,2650500,USD,NMS,America/New_York,Yahoo Finance
BSY,2026-09-23,31.889999389648438,33.04999923706055,31.6299991607666,32.720001220703125,32.720001220703125,3108300,USD,NMS,America/New_York,Yahoo Finance
BSY,2026-09-24,32.79999923706055,32.79999923706055,31.71500015258789,31.899999618530273,31.899999618530273,1678000,USD,NMS,America/New_York,Yahoo Finance
BSY,2026-09-25,31.719999313354492,32.18000030517578,31.3799991607666,31.440000534057617,31.440000534057617,1889200,USD,NMS,America/New_York,Yahoo Finance
BSY,2026-09-28,31.0,31.31999969482422,30.360000610351562,31.290000915527344,31.290000915527344,2217100,USD,NMS,America/New_York,Yahoo Finance
BTG,2026-08-17,5.159999847412109,5.25,5.130000114440918,5.199999809265137,5.181227207183838,12939300,USD,ASE,America/New_York,Yahoo Finance
BTG,2026-08-18,5.139999866485596,5.139999866485596,4.96999979019165,4.980000019073486,4.962021350860596,19580700,USD,ASE,America/New_York,Yahoo Finance
BTG,2026-08-19,5.25,5.420000076293945,5.210000038146973,5.269999980926514,5.250974655151367,26545600,USD,ASE,America/New_York,Yahoo Finance
BTG,2026-08-20,5.150000095367432,5.389999866485596,5.139999866485596,5.380000114440918,5.360577583312988,26093900,USD,ASE,America/New_York,Yahoo Finance
BTG,2026-08-21,5.5,5.559999942779541,5.420000076293945,5.519999980926514,5.500072002410889,28119000,USD,ASE,America/New_York,Yahoo Finance
BTG,2026-08-24,5.599999904632568,5.739999771118164,5.579999923706055,5.71999979019165,5.699349880218506,41016800,USD,ASE,America/New_York,Yahoo Finance
BTG,2026-08-25,5.619999885559082,5.900000095367432,5.579999923706055,5.869999885559082,5.848808288574219,40811500,USD,ASE,America/New_York,Yahoo Finance
BTG,2026-08-26,5.75,5.829999923706055,5.71999979019165,5.739999771118164,5.719277381896973,23619100,USD,ASE,America/New_York,Yahoo Finance
BTG,2026-08-27,5.730000019073486,5.840000152587891,5.659999847412109,5.829999923706055,5.808952808380127,33898900,USD,ASE,America/New_York,Yahoo Finance
BTG,2026-08-28,5.860000133514404,5.880000114440918,5.579999923706055,5.659999847412109,5.639566421508789,39263300,USD,ASE,America/New_York,Yahoo Finance
BTG,2026-08-31,5.630000114440918,5.639999866485596,5.440000057220459,5.480000019073486,5.460216522216797,34769900,USD,ASE,America/New_York,Yahoo Finance
BTG,2026-09-01,5.329999923706055,5.400000095367432,5.190000057220459,5.199999809265137,5.181227207183838,44022100,USD,ASE,America/New_York,Yahoo Finance
BTG,2026-09-02,5.320000171661377,5.46999979019165,5.300000190734863,5.409999847412109,5.390469074249268,36509700,USD,ASE,America/New_York,Yahoo Finance
BTG,2026-09-03,5.610000133514404,5.690000057220459,5.519999980926514,5.690000057220459,5.669458389282227,53078300,USD,ASE,America/New_York,Yahoo Finance
BTG,2026-09-04,5.53000020980835,5.630000114440918,5.480000019073486,5.610000133514404,5.589747428894043,26022700,USD,ASE,America/New_York,Yahoo Finance
BTG,2026-09-08,5.579999923706055,5.690000057220459,5.440000057220459,5.449999809265137,5.430324554443359,23191900,USD,ASE,America/New_York,Yahoo Finance
BTG,2026-09-09,5.570000171661377,5.619999885559082,5.460000038146973,5.539999961853027,5.519999980926514,23816200,USD,ASE,America/New_York,Yahoo Finance
BTG,2026-09-10,5.320000171661377,5.449999809265137,5.289999961853027,5.360000133514404,5.360000133514404,21062300,USD,ASE,America/New_York,Yahoo Finance
BTG,2026-09-11,5.46999979019165,5.53000020980835,5.320000171661377,5.380000114440918,5.380000114440918,16506600,USD,ASE,America/New_York,Yahoo Finance
BTG,2026-09-14,5.210000038146973,5.260000228881836,5.119999885559082,5.21999979019165,5.21999979019165,14137200,USD,ASE,America/New_York,Yahoo Finance
BTG,2026-09-15,5.239999771118164,5.260000228881836,5.159999847412109,5.21999979019165,5.21999979019165,20922200,USD,ASE,America/New_York,Yahoo Finance
BTG,2026-09-16,5.320000171661377,5.380000114440918,5.070000171661377,5.139999866485596,5.139999866485596,24486800,USD,ASE,America/New_York,Yahoo Finance
BTG,2026-09-17,5.320000171661377,5.420000076293945,5.25,5.400000095367432,5.400000095367432,18269500,USD,ASE,America/New_York,Yahoo Finance
BTG,2026-09-18,5.420000076293945,5.510000228881836,5.349999904632568,5.489999771118164,5.489999771118164,27111200,USD,ASE,America/New_York,Yahoo Finance
BTG,2026-09-21,5.480000019073486,5.510000228881836,5.269999980926514,5.360000133514404,5.360000133514404,19683800,USD,ASE,America/New_York,Yahoo Finance
BTG,2026-09-22,5.389999866485596,5.639999866485596,5.369999885559082,5.579999923706055,5.579999923706055,17783800,USD,ASE,America/New_York,Yahoo Finance
BTG,2026-09-23,5.429999828338623,5.449999809265137,5.320000171661377,5.349999904632568,5.349999904632568,14126200,USD,ASE,America/New_York,Yahoo Finance
BTG,2026-09-24,5.300000190734863,5.340000152587891,5.159999847412109,5.320000171661377,5.320000171661377,22014700,USD,ASE,America/New_York,Yahoo Finance
BTG,2026-09-25,5.320000171661377,5.510000228881836,5.300000190734863,5.480000019073486,5.480000019073486,19646400,USD,ASE,America/New_York,Yahoo Finance
BTG,2026-09-28,5.190000057220459,5.420000076293945,5.190000057220459,5.28000020980835,5.28000020980835,24569900,USD,ASE,America/New_York,Yahoo Finance
BXP,2026-08-17,67.8499984741211,68.12000274658203,66.63999938964844,66.69000244140625,66.69000244140625,1397100,USD,NYQ,America/New_York,Yahoo Finance
BXP,2026-08-18,66.91999816894531,67.13999938964844,66.16999816894531,66.19000244140625,66.19000244140625,1084600,USD,NYQ,America/New_York,Yahoo Finance
BXP,2026-08-19,66.91999816894531,68.7699966430664,66.69000244140625,67.22000122070312,67.22000122070312,1082800,USD,NYQ,America/New_York,Yahoo Finance
BXP,2026-08-20,67.05999755859375,68.16000366210938,66.75,67.77999877929688,67.77999877929688,872800,USD,NYQ,America/New_York,Yahoo Finance
BXP,2026-08-21,68.13999938964844,68.16999816894531,66.97000122070312,67.66999816894531,67.66999816894531,1670500,USD,NYQ,America/New_York,Yahoo Finance
BXP,2026-08-24,68.04000091552734,70.08999633789062,67.79000091552734,69.98999786376953,69.98999786376953,1520900,USD,NYQ,America/New_York,Yahoo Finance
BXP,2026-08-25,70.63999938964844,72.16000366210938,69.98999786376953,72.12999725341797,72.12999725341797,1330000,USD,NYQ,America/New_York,Yahoo Finance
BXP,2026-08-26,71.80000305175781,72.25,70.25,70.30000305175781,70.30000305175781,1301400,USD,NYQ,America/New_York,Yahoo Finance
BXP,2026-08-27,69.80000305175781,70.72000122070312,69.51000213623047,69.97000122070312,69.97000122070312,821000,USD,NYQ,America/New_York,Yahoo Finance
BXP,2026-08-28,70.43000030517578,70.72000122070312,69.29000091552734,69.31999969482422,69.31999969482422,858000,USD,NYQ,America/New_York,Yahoo Finance
BXP,2026-08-31,69.22000122070312,69.69999694824219,67.94000244140625,67.98999786376953,67.98999786376953,1319900,USD,NYQ,America/New_York,Yahoo Finance
BXP,2026-09-01,67.77999877929688,68.58999633789062,66.68000030517578,67.05999755859375,67.05999755859375,1358400,USD,NYQ,America/New_York,Yahoo Finance
BXP,2026-09-02,67.12999725341797,67.87000274658203,66.55000305175781,67.0999984741211,67.0999984741211,1147000,USD,NYQ,America/New_York,Yahoo Finance
BXP,2026-09-03,67.93000030517578,68.43000030517578,67.22000122070312,68.2300033569336,68.2300033569336,1037100,USD,NYQ,America/New_York,Yahoo Finance
BXP,2026-09-04,67.80000305175781,68.44999694824219,67.5999984741211,67.69000244140625,67.69000244140625,848400,USD,NYQ,America/New_York,Yahoo Finance
BXP,2026-09-08,67.30000305175781,68.0199966430664,65.68000030517578,65.73999786376953,65.73999786376953,1276400,USD,NYQ,America/New_York,Yahoo Finance
BXP,2026-09-09,65.80999755859375,65.87999725341797,64.05000305175781,64.29000091552734,64.29000091552734,1436900,USD,NYQ,America/New_York,Yahoo Finance
BXP,2026-09-10,64.2300033569336,64.52999877929688,63.189998626708984,63.720001220703125,63.720001220703125,1217800,USD,NYQ,America/New_York,Yahoo Finance
BXP,2026-09-11,64.26000213623047,64.98999786376953,63.86000061035156,64.69999694824219,64.69999694824219,992600,USD,NYQ,America/New_York,Yahoo Finance
BXP,2026-09-14,64.01000213623047,65.55000305175781,64.01000213623047,64.5,64.5,1085100,USD,NYQ,America/New_York,Yahoo Finance
BXP,2026-09-15,64.29000091552734,64.62999725341797,63.779998779296875,63.84000015258789,63.84000015258789,910900,USD,NYQ,America/New_York,Yahoo Finance
BXP,2026-09-16,63.97999954223633,64.52999877929688,62.939998626708984,64.04000091552734,64.04000091552734,1657500,USD,NYQ,America/New_York,Yahoo Finance
BXP,2026-09-17,64.62999725341797,64.83000183105469,63.560001373291016,63.93000030517578,63.93000030517578,1407900,USD,NYQ,America/New_York,Yahoo Finance
BXP,2026-09-18,63.70000076293945,63.959999084472656,63.16999816894531,63.16999816894531,63.16999816894531,4821100,USD,NYQ,America/New_York,Yahoo Finance
BXP,2026-09-21,63.63999938964844,64.31999969482422,63.29999923706055,64.12999725341797,64.12999725341797,1305200,USD,NYQ,America/New_York,Yahoo Finance
BXP,2026-09-22,64.44999694824219,64.6500015258789,63.380001068115234,64.30999755859375,64.30999755859375,1588300,USD,NYQ,America/New_York,Yahoo Finance
BXP,2026-09-23,64.06999969482422,64.19000244140625,62.27000045776367,62.36000061035156,62.36000061035156,1379200,USD,NYQ,America/New_York,Yahoo Finance
BXP,2026-09-24,62.40999984741211,62.619998931884766,61.720001220703125,62.27000045776367,62.27000045776367,1256700,USD,NYQ,America/New_York,Yahoo Finance
BXP,2026-09-25,62.27000045776367,63.59000015258789,61.9900016784668,63.400001525878906,63.400001525878906,1022100,USD,NYQ,America/New_York,Yahoo Finance
BXP,2026-09-28,63.25,63.400001525878906,61.849998474121094,62.43000030517578,62.43000030517578,1345100,USD,NYQ,America/New_York,Yahoo Finance
CAL,2026-08-21,13.079999923706055,13.729999542236328,13.039999961853027,13.619999885559082,13.53974723815918,502100,USD,NYQ,America/New_York,Yahoo Finance
CAL,2026-08-24,13.670000076293945,14.15999984741211,13.539999961853027,13.649999618530273,13.56956958770752,523900,USD,NYQ,America/New_York,Yahoo Finance
CAL,2026-08-25,13.539999961853027,13.600000381469727,12.989999771118164,13.050000190734863,12.973106384277344,421900,USD,NYQ,America/New_York,Yahoo Finance
CAL,2026-08-26,13.140000343322754,13.510000228881836,12.960000038146973,13.09000015258789,13.012869834899902,468600,USD,NYQ,America/New_York,Yahoo Finance
CAL,2026-08-27,12.90999984741211,13.020000457763672,12.430000305175781,12.539999961853027,12.466111183166504,410900,USD,NYQ,America/New_York,Yahoo Finance
CAL,2026-08-28,12.579999923706055,12.819999694824219,12.449999809265137,12.479999542236328,12.406463623046875,388800,USD,NYQ,America/New_York,Yahoo Finance
CAL,2026-08-31,12.470000267028809,12.470000267028809,11.90999984741211,12.180000305175781,12.108232498168945,665000,USD,NYQ,America/New_York,Yahoo Finance
CAL,2026-09-01,12.149999618530273,12.260000228881836,11.680000305175781,11.739999771118164,11.67082405090332,552700,USD,NYQ,America/New_York,Yahoo Finance
CAL,2026-09-02,11.899999618530273,12.479999542236328,11.8100004196167,12.229999542236328,12.157937049865723,714100,USD,NYQ,America/New_York,Yahoo Finance
CAL,2026-09-03,12.40999984741211,12.529999732971191,11.789999961853027,12.109999656677246,12.038643836975098,472200,USD,NYQ,America/New_York,Yahoo Finance
CAL,2026-09-04,11.869999885559082,12.479999542236328,11.869999885559082,12.430000305175781,12.356759071350098,405600,USD,NYQ,America/New_York,Yahoo Finance
CAL,2026-09-08,12.5,12.619999885559082,12.010000228881836,12.029999732971191,11.959115982055664,765900,USD,NYQ,America/New_York,Yahoo Finance
CAL,2026-09-09,13.020000457763672,13.949999809265137,12.119999885559082,12.149999618530273,12.078408241271973,1303900,USD,NYQ,America/New_York,Yahoo Finance
CAL,2026-09-10,11.920000076293945,12.109999656677246,11.289999961853027,11.880000114440918,11.809999465942383,895800,USD,NYQ,America/New_York,Yahoo Finance
CAL,2026-09-11,12.119999885559082,12.84000015258789,12.119999885559082,12.510000228881836,12.510000228881836,743800,USD,NYQ,America/New_York,Yahoo Finance
CAL,2026-09-14,12.300000190734863,13.09000015258789,12.300000190734863,12.539999961853027,12.539999961853027,580000,USD,NYQ,America/New_York,Yahoo Finance
CAL,2026-09-15,12.449999809265137,12.600000381469727,12.25,12.3100004196167,12.3100004196167,571700,USD,NYQ,America/New_York,Yahoo Finance
CAL,2026-09-16,12.359999656677246,12.520000457763672,12.0,12.020000457763672,12.020000457763672,485000,USD,NYQ,America/New_York,Yahoo Finance
CAL,2026-09-17,12.3100004196167,12.3100004196167,11.949999809265137,12.079999923706055,12.079999923706055,524700,USD,NYQ,America/New_York,Yahoo Finance
CAL,2026-09-18,12.010000228881836,12.180000305175781,11.649999618530273,11.739999771118164,11.739999771118164,1061000,USD,NYQ,America/New_York,Yahoo Finance
CAL,2026-09-21,11.789999961853027,12.100000381469727,11.579999923706055,11.90999984741211,11.90999984741211,473600,USD,NYQ,America/New_York,Yahoo Finance
CAL,2026-09-22,12.270000457763672,12.8100004196167,12.270000457763672,12.789999961853027,12.789999961853027,616100,USD,NYQ,America/New_York,Yahoo Finance
CAL,2026-09-23,12.569999694824219,12.779999732971191,12.180000305175781,12.359999656677246,12.359999656677246,481600,USD,NYQ,America/New_York,Yahoo Finance
CAL,2026-09-24,12.40999984741211,12.550000190734863,12.220000267028809,12.489999771118164,12.489999771118164,388800,USD,NYQ,America/New_York,Yahoo Finance
CAL,2026-09-25,12.479999542236328,12.729999542236328,12.239999771118164,12.520000457763672,12.520000457763672,366100,USD,NYQ,America/New_York,Yahoo Finance
CAL,2026-09-28,12.380000114440918,12.770000457763672,12.279999732971191,12.529999732971191,12.529999732971191,438400,USD,NYQ,America/New_York,Yahoo Finance
CAL,2026-09-29,12.619999885559082,12.670000076293945,12.25,12.449999809265137,12.449999809265137,332800,USD,NYQ,America/New_York,Yahoo Finance
CAL,2026-09-30,12.630000114440918,12.630000114440918,11.930000305175781,12.180000305175781,12.180000305175781,626200,USD,NYQ,America/New_York,Yahoo Finance
CAL,2026-10-01,12.149999618530273,12.470000267028809,12.039999961853027,12.300000190734863,12.300000190734863,482500,USD,NYQ,America/New_York,Yahoo Finance
CAL,2026-10-02,12.5,12.5,11.869999885559082,12.220000267028809,12.220000267028809,416200,USD,NYQ,America/New_York,Yahoo Finance
CBSH,2026-08-17,60.11000061035156,60.47999954223633,59.630001068115234,59.709999084472656,59.42868423461914,858400,USD,NMS,America/New_York,Yahoo Finance
CBSH,2026-08-18,60.09000015258789,60.09000015258789,59.470001220703125,59.560001373291016,59.279396057128906,1092200,USD,NMS,America/New_York,Yahoo Finance
CBSH,2026-08-19,59.61000061035156,59.970001220703125,58.779998779296875,58.869998931884766,58.59264373779297,1031800,USD,NMS,America/New_York,Yahoo Finance
CBSH,2026-08-20,58.709999084472656,59.349998474121094,58.459999084472656,58.79999923706055,58.522972106933594,827800,USD,NMS,America/New_York,Yahoo Finance
CBSH,2026-08-21,59.040000915527344,59.38999938964844,58.310001373291016,58.380001068115234,58.10495376586914,1085300,USD,NMS,America/New_York,Yahoo Finance
CBSH,2026-08-24,58.45000076293945,59.34000015258789,57.5099983215332,58.630001068115234,58.35377502441406,848300,USD,NMS,America/New_York,Yahoo Finance
CBSH,2026-08-25,58.630001068115234,58.70000076293945,57.970001220703125,58.22999954223633,57.955657958984375,706300,USD,NMS,America/New_York,Yahoo Finance
CBSH,2026-08-26,58.40999984741211,58.75,58.13999938964844,58.5,58.224388122558594,769600,USD,NMS,America/New_York,Yahoo Finance
CBSH,2026-08-27,58.119998931884766,58.349998474121094,57.599998474121094,58.04999923706055,57.77650833129883,660900,USD,NMS,America/New_York,Yahoo Finance
CBSH,2026-08-28,58.189998626708984,58.45000076293945,57.900001525878906,58.040000915527344,57.76655578613281,846200,USD,NMS,America/New_York,Yahoo Finance
CBSH,2026-08-31,58.029998779296875,58.040000915527344,57.5,57.709999084472656,57.438106536865234,929200,USD,NMS,America/New_York,Yahoo Finance
CBSH,2026-09-01,57.709999084472656,58.040000915527344,57.06999969482422,57.13999938964844,56.870792388916016,736000,USD,NMS,America/New_York,Yahoo Finance
CBSH,2026-09-02,57.22999954223633,58.43000030517578,57.22999954223633,57.959999084472656,57.68693161010742,995500,USD,NMS,America/New_York,Yahoo Finance
CBSH,2026-09-03,57.959999084472656,58.79999923706055,57.959999084472656,58.369998931884766,58.09499740600586,1103000,USD,NMS,America/New_York,Yahoo Finance
CBSH,2026-09-04,58.029998779296875,58.56999969482422,57.95000076293945,58.369998931884766,58.369998931884766,631700,USD,NMS,America/New_York,Yahoo Finance
CBSH,2026-09-08,58.84000015258789,59.09000015258789,58.220001220703125,58.27000045776367,58.27000045776367,1151000,USD,NMS,America/New_York,Yahoo Finance
CBSH,2026-09-09,57.95000076293945,58.349998474121094,57.560001373291016,58.09000015258789,58.09000015258789,813900,USD,NMS,America/New_York,Yahoo Finance
CBSH,2026-09-10,58.27000045776367,58.310001373291016,57.65999984741211,58.290000915527344,58.290000915527344,1326000,USD,NMS,America/New_York,Yahoo Finance
CBSH,2026-09-11,58.470001220703125,58.849998474121094,57.93000030517578,58.25,58.25,786000,USD,NMS,America/New_York,Yahoo Finance
CBSH,2026-09-14,58.34000015258789,59.099998474121094,58.34000015258789,58.650001525878906,58.650001525878906,980400,USD,NMS,America/New_York,Yahoo Finance
CBSH,2026-09-15,58.77000045776367,59.02000045776367,58.459999084472656,58.5099983215332,58.5099983215332,919700,USD,NMS,America/New_York,Yahoo Finance
CBSH,2026-09-16,58.279998779296875,58.5,56.650001525878906,57.279998779296875,57.279998779296875,1336600,USD,NMS,America/New_York,Yahoo Finance
CBSH,2026-09-17,57.70000076293945,57.939998626708984,57.04999923706055,57.45000076293945,57.45000076293945,969600,USD,NMS,America/New_York,Yahoo Finance
CBSH,2026-09-18,57.40999984741211,57.47999954223633,56.68000030517578,57.09000015258789,57.09000015258789,2651000,USD,NMS,America/New_York,Yahoo Finance
CBSH,2026-09-21,57.380001068115234,57.38999938964844,56.540000915527344,56.54999923706055,56.54999923706055,1130000,USD,NMS,America/New_York,Yahoo Finance
CBSH,2026-09-22,56.650001525878906,56.880001068115234,55.66999816894531,55.68000030517578,55.68000030517578,1216800,USD,NMS,America/New_York,Yahoo Finance
CBSH,2026-09-23,55.4900016784668,56.040000915527344,55.439998626708984,55.59000015258789,55.59000015258789,969800,USD,NMS,America/New_York,Yahoo Finance
CBSH,2026-09-24,55.900001525878906,56.11000061035156,55.279998779296875,55.7599983215332,55.7599983215332,1300300,USD,NMS,America/New_York,Yahoo Finance
CBSH,2026-09-25,55.93000030517578,56.52000045776367,55.810001373291016,56.439998626708984,56.439998626708984,828200,USD,NMS,America/New_York,Yahoo Finance
CBSH,2026-09-28,56.56999969482422,56.56999969482422,55.70000076293945,55.880001068115234,55.880001068115234,659500,USD,NMS,America/New_York,Yahoo Finance
CDLR,2026-08-17,23.260000228881836,23.415000915527344,23.219999313354492,23.3799991607666,23.3799991607666,29400,USD,NYQ,America/New_York,Yahoo Finance
CDLR,2026-08-18,23.3799991607666,23.53499984741211,23.239999771118164,23.31999969482422,23.31999969482422,51500,USD,NYQ,America/New_York,Yahoo Finance
CDLR,2026-08-19,23.700000762939453,23.719999313354492,23.479999542236328,23.649999618530273,23.649999618530273,59800,USD,NYQ,America/New_York,Yahoo Finance
CDLR,2026-08-20,23.969999313354492,24.149999618530273,23.790000915527344,24.09000015258789,24.09000015258789,89200,USD,NYQ,America/New_York,Yahoo Finance
CDLR,2026-08-21,24.3799991607666,24.530000686645508,23.920000076293945,23.920000076293945,23.920000076293945,72900,USD,NYQ,America/New_York,Yahoo Finance
CDLR,2026-08-24,24.549999237060547,24.549999237060547,23.969999313354492,23.969999313354492,23.969999313354492,102700,USD,NYQ,America/New_York,Yahoo Finance
CDLR,2026-08-25,26.0,26.200000762939453,25.489999771118164,26.040000915527344,26.040000915527344,136700,USD,NYQ,America/New_York,Yahoo Finance
CDLR,2026-08-26,25.600000381469727,25.690000534057617,25.059999465942383,25.200000762939453,25.200000762939453,109300,USD,NYQ,America/New_York,Yahoo Finance
CDLR,2026-08-27,25.43000030517578,25.739999771118164,25.360000610351562,25.59000015258789,25.59000015258789,61200,USD,NYQ,America/New_York,Yahoo Finance
CDLR,2026-08-28,25.579999923706055,25.610000610351562,25.040000915527344,25.049999237060547,25.049999237060547,92800,USD,NYQ,America/New_York,Yahoo Finance
CDLR,2026-08-31,24.739999771118164,25.030000686645508,24.639999389648438,24.940000534057617,24.940000534057617,71700,USD,NYQ,America/New_York,Yahoo Finance
CDLR,2026-09-01,25.459999084472656,25.530000686645508,25.200000762939453,25.200000762939453,25.200000762939453,76800,USD,NYQ,America/New_York,Yahoo Finance
CDLR,2026-09-02,25.25,25.25,24.81999969482422,24.8700008392334,24.8700008392334,57800,USD,NYQ,America/New_York,Yahoo Finance
CDLR,2026-09-03,25.100000381469727,25.299999237060547,24.739999771118164,25.290000915527344,25.290000915527344,60300,USD,NYQ,America/New_York,Yahoo Finance
CDLR,2026-09-04,24.68000030517578,25.010000228881836,24.68000030517578,24.93000030517578,24.93000030517578,39400,USD,NYQ,America/New_York,Yahoo Finance
CDLR,2026-09-08,25.3700008392334,25.6299991607666,25.280000686645508,25.280000686645508,25.280000686645508,83300,USD,NYQ,America/New_York,Yahoo Finance
CDLR,2026-09-09,25.979999542236328,26.030000686645508,25.75,25.790000915527344,25.790000915527344,86600,USD,NYQ,America/New_York,Yahoo Finance
CDLR,2026-09-10,26.06999969482422,26.06999969482422,25.25,25.489999771118164,25.489999771118164,67300,USD,NYQ,America/New_York,Yahoo Finance
CDLR,2026-09-11,25.510000228881836,25.889999389648438,25.510000228881836,25.84000015258789,25.84000015258789,41900,USD,NYQ,America/New_York,Yahoo Finance
CDLR,2026-09-14,25.110000610351562,25.450000762939453,25.059999465942383,25.15999984741211,25.15999984741211,53100,USD,NYQ,America/New_York,Yahoo Finance
CDLR,2026-09-15,24.690000534057617,24.780000686645508,24.56999969482422,24.649999618530273,24.649999618530273,33300,USD,NYQ,America/New_York,Yahoo Finance
CDLR,2026-09-16,25.280000686645508,25.520000457763672,24.93000030517578,25.1299991607666,25.1299991607666,50000,USD,NYQ,America/New_York,Yahoo Finance
CDLR,2026-09-17,25.34000015258789,25.5,25.260000228881836,25.31999969482422,25.31999969482422,34000,USD,NYQ,America/New_York,Yahoo Finance
CDLR,2026-09-18,25.260000228881836,25.600000381469727,25.239999771118164,25.5,25.5,99000,USD,NYQ,America/New_York,Yahoo Finance
CDLR,2026-09-21,26.059999465942383,26.059999465942383,25.799999237060547,25.969999313354492,25.969999313354492,19900,USD,NYQ,America/New_York,Yahoo Finance
CDLR,2026-09-22,25.200000762939453,25.729999542236328,25.200000762939453,25.520000457763672,25.520000457763672,41000,USD,NYQ,America/New_York,Yahoo Finance
CDLR,2026-09-23,24.889999389648438,24.9950008392334,24.549999237060547,24.579999923706055,24.579999923706055,42100,USD,NYQ,America/New_York,Yahoo Finance
CDLR,2026-09-24,23.989999771118164,23.989999771118164,23.200000762939453,23.450000762939453,23.450000762939453,113500,USD,NYQ,America/New_York,Yahoo Finance
CDLR,2026-09-25,23.420000076293945,23.6200008392334,23.209999084472656,23.510000228881836,23.510000228881836,88800,USD,NYQ,America/New_York,Yahoo Finance
CDLR,2026-09-28,23.18000030517578,23.219999313354492,22.84000015258789,22.899999618530273,22.899999618530273,58100,USD,NYQ,America/New_York,Yahoo Finance
CEPO,2026-08-21,10.8100004196167,10.8100004196167,10.800000190734863,10.800000190734863,10.800000190734863,980000,USD,NGM,America/New_York,Yahoo Finance
CEPO,2026-08-24,10.779999732971191,10.819999694824219,10.779999732971191,10.800000190734863,10.800000190734863,1498800,USD,NGM,America/New_York,Yahoo Finance
CEPO,2026-08-25,10.800000190734863,10.805000305175781,10.779999732971191,10.779999732971191,10.779999732971191,986700,USD,NGM,America/New_York,Yahoo Finance
CEPO,2026-08-26,10.779999732971191,10.800000190734863,10.75,10.760000228881836,10.760000228881836,406000,USD,NGM,America/New_York,Yahoo Finance
CEPO,2026-08-27,10.75,10.770000457763672,10.75,10.760000228881836,10.760000228881836,430700,USD,NGM,America/New_York,Yahoo Finance
CEPO,2026-08-28,10.760000228881836,10.770000457763672,10.760000228881836,10.770000457763672,10.770000457763672,235100,USD,NGM,America/New_York,Yahoo Finance
CEPO,2026-08-31,10.760000228881836,10.770000457763672,10.75,10.75,10.75,418000,USD,NGM,America/New_York,Yahoo Finance
CEPO,2026-09-01,10.75,10.760000228881836,10.75,10.760000228881836,10.760000228881836,34300,USD,NGM,America/New_York,Yahoo Finance
CEPO,2026-09-02,10.760000228881836,10.760000228881836,10.75,10.760000228881836,10.760000228881836,7600,USD,NGM,America/New_York,Yahoo Finance
CEPO,2026-09-03,10.760000228881836,10.760000228881836,10.75,10.75,10.75,24500,USD,NGM,America/New_York,Yahoo Finance
CEPO,2026-09-04,10.75,10.760000228881836,10.75,10.755000114440918,10.755000114440918,54600,USD,NGM,America/New_York,Yahoo Finance
CEPO,2026-09-08,10.760000228881836,10.760000228881836,10.75,10.75,10.75,167900,USD,NGM,America/New_York,Yahoo Finance
CEPO,2026-09-09,10.760000228881836,10.760000228881836,10.75,10.75,10.75,74300,USD,NGM,America/New_York,Yahoo Finance
CEPO,2026-09-10,10.760000228881836,10.760000228881836,10.75,10.760000228881836,10.760000228881836,73300,USD,NGM,America/New_York,Yahoo Finance
CEPO,2026-09-11,10.770000457763672,10.779999732971191,10.75,10.755000114440918,10.755000114440918,130500,USD,NGM,America/New_York,Yahoo Finance
CEPO,2026-09-14,10.760000228881836,10.770000457763672,10.75,10.75,10.75,43000,USD,NGM,America/New_York,Yahoo Finance
CEPO,2026-09-15,10.75,10.760000228881836,10.75,10.760000228881836,10.760000228881836,12700,USD,NGM,America/New_York,Yahoo Finance
CEPO,2026-09-16,10.75100040435791,10.760000228881836,10.75,10.75,10.75,20500,USD,NGM,America/New_York,Yahoo Finance
CEPO,2026-09-17,10.770000457763672,10.779999732971191,10.75,10.779999732971191,10.779999732971191,221800,USD,NGM,America/New_York,Yahoo Finance
CEPO,2026-09-18,10.75,10.770000457763672,10.75,10.770000457763672,10.770000457763672,200800,USD,NGM,America/New_York,Yahoo Finance
CEPO,2026-09-21,10.760000228881836,10.779999732971191,10.760000228881836,10.779999732971191,10.779999732971191,71300,USD,NGM,America/New_York,Yahoo Finance
CEPO,2026-09-22,10.770000457763672,10.800000190734863,10.760000228881836,10.789999961853027,10.789999961853027,82400,USD,NGM,America/New_York,Yahoo Finance
CEPO,2026-09-23,10.779999732971191,10.784000396728516,10.760000228881836,10.760000228881836,10.760000228881836,22500,USD,NGM,America/New_York,Yahoo Finance
CEPO,2026-09-24,10.765000343322754,10.770000457763672,10.760000228881836,10.765000343322754,10.765000343322754,125800,USD,NGM,America/New_York,Yahoo Finance
CEPO,2026-09-25,10.770000457763672,10.770000457763672,10.760000228881836,10.765000343322754,10.765000343322754,1300,USD,NGM,America/New_York,Yahoo Finance
CEPO,2026-09-28,10.760000228881836,10.779999732971191,10.760000228881836,10.760000228881836,10.760000228881836,78000,USD,NGM,America/New_York,Yahoo Finance
CEPO,2026-09-29,10.76099967956543,10.774999618530273,10.760000228881836,10.774999618530273,10.774999618530273,15000,USD,NGM,America/New_York,Yahoo Finance
CEPO,2026-09-30,10.770000457763672,10.8100004196167,10.770000457763672,10.770000457763672,10.770000457763672,348100,USD,NGM,America/New_York,Yahoo Finance
CEPO,2026-10-01,10.770000457763672,10.795000076293945,10.760000228881836,10.760000228881836,10.760000228881836,604300,USD,NGM,America/New_York,Yahoo Finance
CEPO,2026-10-02,10.760000228881836,10.765000343322754,10.75,10.75,10.75,639100,USD,NGM,America/New_York,Yahoo Finance
CEPS,2026-08-21,10.399999618530273,10.399999618530273,10.399999618530273,10.399999618530273,10.399999618530273,0,USD,NGM,America/New_York,Yahoo Finance
CEPS,2026-08-24,10.34000015258789,10.34000015258789,10.34000015258789,10.34000015258789,10.34000015258789,396700,USD,NGM,America/New_York,Yahoo Finance
CEPS,2026-08-25,10.34000015258789,10.34000015258789,10.34000015258789,10.34000015258789,10.34000015258789,0,USD,NGM,America/New_York,Yahoo Finance
CEPS,2026-08-26,10.34000015258789,10.34000015258789,10.34000015258789,10.34000015258789,10.34000015258789,0,USD,NGM,America/New_York,Yahoo Finance
CEPS,2026-08-27,10.34000015258789,10.34000015258789,10.34000015258789,10.34000015258789,10.34000015258789,1600,USD,NGM,America/New_York,Yahoo Finance
CEPS,2026-08-28,10.390000343322754,10.399999618530273,10.390000343322754,10.399999618530273,10.399999618530273,600,USD,NGM,America/New_York,Yahoo Finance
CEPS,2026-08-31,10.34000015258789,10.350000381469727,10.34000015258789,10.350000381469727,10.350000381469727,38300,USD,NGM,America/New_York,Yahoo Finance
CEPS,2026-09-01,10.390000343322754,10.390000343322754,10.34000015258789,10.359999656677246,10.359999656677246,1900,USD,NGM,America/New_York,Yahoo Finance
CEPS,2026-09-02,10.359999656677246,10.359999656677246,10.359999656677246,10.359999656677246,10.359999656677246,0,USD,NGM,America/New_York,Yahoo Finance
CEPS,2026-09-03,10.359999656677246,10.359999656677246,10.359999656677246,10.359999656677246,10.359999656677246,0,USD,NGM,America/New_York,Yahoo Finance
CEPS,2026-09-04,10.359999656677246,10.359999656677246,10.359999656677246,10.359999656677246,10.359999656677246,0,USD,NGM,America/New_York,Yahoo Finance
CEPS,2026-09-08,10.359999656677246,10.359999656677246,10.359999656677246,10.359999656677246,10.359999656677246,0,USD,NGM,America/New_York,Yahoo Finance
CEPS,2026-09-09,10.350000381469727,10.350000381469727,10.350000381469727,10.350000381469727,10.350000381469727,52000,USD,NGM,America/New_York,Yahoo Finance
CEPS,2026-09-10,10.350000381469727,10.350000381469727,10.350000381469727,10.350000381469727,10.350000381469727,0,USD,NGM,America/New_York,Yahoo Finance
CEPS,2026-09-11,10.350000381469727,10.350000381469727,10.350000381469727,10.350000381469727,10.350000381469727,0,USD,NGM,America/New_York,Yahoo Finance
CEPS,2026-09-14,10.350000381469727,10.350000381469727,10.350000381469727,10.350000381469727,10.350000381469727,0,USD,NGM,America/New_York,Yahoo Finance
CEPS,2026-09-15,10.350000381469727,10.350000381469727,10.350000381469727,10.350000381469727,10.350000381469727,0,USD,NGM,America/New_York,Yahoo Finance
CEPS,2026-09-16,10.350000381469727,10.350000381469727,10.350000381469727,10.350000381469727,10.350000381469727,0,USD,NGM,America/New_York,Yahoo Finance
CEPS,2026-09-17,10.350000381469727,10.350000381469727,10.350000381469727,10.350000381469727,10.350000381469727,0,USD,NGM,America/New_York,Yahoo Finance
CEPS,2026-09-18,10.239999771118164,10.380000114440918,10.199999809265137,10.319999694824219,10.319999694824219,1200,USD,NGM,America/New_York,Yahoo Finance
CEPS,2026-09-21,10.319999694824219,10.319999694824219,10.300000190734863,10.300000190734863,10.300000190734863,25000,USD,NGM,America/New_York,Yahoo Finance
CEPS,2026-09-22,10.300000190734863,10.300000190734863,10.300000190734863,10.300000190734863,10.300000190734863,0,USD,NGM,America/New_York,Yahoo Finance
CEPS,2026-09-23,10.300000190734863,10.300000190734863,10.300000190734863,10.300000190734863,10.300000190734863,0,USD,NGM,America/New_York,Yahoo Finance
CEPS,2026-09-24,10.229999542236328,10.300000190734863,10.199999809265137,10.300000190734863,10.300000190734863,2100,USD,NGM,America/New_York,Yahoo Finance
CEPS,2026-09-25,10.300000190734863,10.300000190734863,10.300000190734863,10.300000190734863,10.300000190734863,0,USD,NGM,America/New_York,Yahoo Finance
CEPS,2026-09-28,10.300000190734863,10.300000190734863,10.300000190734863,10.300000190734863,10.300000190734863,0,USD,NGM,America/New_York,Yahoo Finance
CEPS,2026-09-29,10.300000190734863,10.300000190734863,10.300000190734863,10.300000190734863,10.300000190734863,0,USD,NGM,America/New_York,Yahoo Finance
CEPS,2026-09-30,10.300000190734863,10.300000190734863,10.300000190734863,10.300000190734863,10.300000190734863,0,USD,NGM,America/New_York,Yahoo Finance
CEPS,2026-10-01,10.279999732971191,10.279999732971191,10.270000457763672,10.279999732971191,10.279999732971191,600,USD,NGM,America/New_York,Yahoo Finance
CEPS,2026-10-02,10.279999732971191,10.279999732971191,10.279999732971191,10.279999732971191,10.279999732971191,14800,USD,NGM,America/New_York,Yahoo Finance
CHTR,2026-08-17,152.0,152.8300018310547,143.97000122070312,144.10000610351562,144.10000610351562,2044200,USD,NMS,America/New_York,Yahoo Finance
CHTR,2026-08-18,147.14999389648438,152.1699981689453,145.0399932861328,148.35000610351562,148.35000610351562,2481300,USD,NMS,America/New_York,Yahoo Finance
CHTR,2026-08-19,149.0,159.2899932861328,148.6199951171875,152.47000122070312,152.47000122070312,11032100,USD,NMS,America/New_York,Yahoo Finance
CHTR,2026-08-20,152.0,153.97000122070312,144.82000732421875,147.75999450683594,147.75999450683594,3606100,USD,NMS,America/New_York,Yahoo Finance
CHTR,2026-08-21,149.08999633789062,151.97999572753906,145.74000549316406,150.1699981689453,150.1699981689453,2028600,USD,NMS,America/New_York,Yahoo Finance
CHTR,2026-08-24,149.11000061035156,153.77000427246094,146.5800018310547,150.3000030517578,150.3000030517578,3633400,USD,NMS,America/New_York,Yahoo Finance
CHTR,2026-08-25,148.6300048828125,156.13999938964844,145.19000244140625,155.13999938964844,155.13999938964844,2149000,USD,NMS,America/New_York,Yahoo Finance
CHTR,2026-08-26,155.13999938964844,156.05999755859375,152.39999389648438,153.88999938964844,153.88999938964844,1503500,USD,NMS,America/New_York,Yahoo Finance
CHTR,2026-08-27,151.66000366210938,152.47999572753906,148.27999877929688,148.32000732421875,148.32000732421875,2007800,USD,NMS,America/New_York,Yahoo Finance
CHTR,2026-08-28,149.02000427246094,154.4600067138672,148.63999938964844,153.6199951171875,153.6199951171875,1697700,USD,NMS,America/New_York,Yahoo Finance
CHTR,2026-08-31,151.9600067138672,153.75,149.66000366210938,152.44000244140625,152.44000244140625,2831600,USD,NMS,America/New_York,Yahoo Finance
CHTR,2026-09-01,146.08999633789062,150.49000549316406,144.8300018310547,146.19000244140625,146.19000244140625,2557300,USD,NMS,America/New_York,Yahoo Finance
CHTR,2026-09-02,147.6699981689453,159.8699951171875,147.6699981689453,158.97000122070312,158.97000122070312,2903300,USD,NMS,America/New_York,Yahoo Finance
CHTR,2026-09-03,160.24000549316406,160.6999969482422,149.5,151.3800048828125,151.3800048828125,3664700,USD,NMS,America/New_York,Yahoo Finance
CHTR,2026-09-04,150.6999969482422,153.66000366210938,149.47000122070312,151.99000549316406,151.99000549316406,1952100,USD,NMS,America/New_York,Yahoo Finance
CHTR,2026-09-08,151.94000244140625,151.9600067138672,144.7899932861328,145.74000549316406,145.74000549316406,2008400,USD,NMS,America/New_York,Yahoo Finance
CHTR,2026-09-09,145.7899932861328,145.80999755859375,133.3300018310547,133.88999938964844,133.88999938964844,4057400,USD,NMS,America/New_York,Yahoo Finance
CHTR,2026-09-10,133.97999572753906,141.25999450683594,133.49000549316406,140.55999755859375,140.55999755859375,3507900,USD,NMS,America/New_York,Yahoo Finance
CHTR,2026-09-11,142.0399932861328,146.17999267578125,139.1699981689453,145.77000427246094,145.77000427246094,2051100,USD,NMS,America/New_York,Yahoo Finance
CHTR,2026-09-14,145.77000427246094,148.33999633789062,143.22000122070312,143.35000610351562,143.35000610351562,2294900,USD,NMS,America/New_York,Yahoo Finance
CHTR,2026-09-15,141.80999755859375,144.0,139.13999938964844,141.1999969482422,141.1999969482422,2690900,USD,NMS,America/New_York,Yahoo Finance
CHTR,2026-09-16,139.82000732421875,141.0,134.5399932861328,135.0,135.0,2060300,USD,NMS,America/New_York,Yahoo Finance
CHTR,2026-09-17,135.72000122070312,136.22999572753906,132.4199981689453,133.3699951171875,133.3699951171875,1926900,USD,NMS,America/New_York,Yahoo Finance
CHTR,2026-09-18,131.22999572753906,132.14999389648438,128.0500030517578,128.1699981689453,128.1699981689453,6372400,USD,NMS,America/New_York,Yahoo Finance
CHTR,2026-09-21,128.83999633789062,129.3699951171875,123.25,123.3499984741211,123.3499984741211,2686100,USD,NMS,America/New_York,Yahoo Finance
CHTR,2026-09-22,125.94999694824219,126.5,117.05999755859375,117.26000213623047,117.26000213623047,4704700,USD,NMS,America/New_York,Yahoo Finance
CHTR,2026-09-23,116.75,120.6500015258789,112.6500015258789,116.61000061035156,116.61000061035156,4392400,USD,NMS,America/New_York,Yahoo Finance
CHTR,2026-09-24,117.0199966430664,118.52999877929688,115.01000213623047,117.55000305175781,117.55000305175781,3621300,USD,NMS,America/New_York,Yahoo Finance
CHTR,2026-09-25,116.02999877929688,116.76000213623047,112.5,112.91000366210938,112.91000366210938,2942900,USD,NMS,America/New_York,Yahoo Finance
CHTR,2026-09-28,112.75,114.62000274658203,110.3499984741211,111.4000015258789,111.4000015258789,2898100,USD,NMS,America/New_York,Yahoo Finance
CIG-C,2026-08-17,2.9000000953674316,2.9000000953674316,2.799999952316284,2.858799934387207,2.847106456756592,3826,USD,NYQ,America/New_York,Yahoo Finance
CIG-C,2026-08-18,2.9700000286102295,2.9700000286102295,2.799999952316284,2.865000009536743,2.853281259536743,11558,USD,NYQ,America/New_York,Yahoo Finance
CIG-C,2026-08-19,2.869999885559082,2.890000104904175,2.869999885559082,2.890000104904175,2.8781790733337402,2096,USD,NYQ,America/New_York,Yahoo Finance
CIG-C,2026-08-20,2.880000114440918,2.880000114440918,2.880000114440918,2.880000114440918,2.868220090866089,530,USD,NYQ,America/New_York,Yahoo Finance
CIG-C,2026-08-21,2.940000057220459,2.940000057220459,2.9100000858306885,2.930000066757202,2.918015480041504,1257,USD,NYQ,America/New_York,Yahoo Finance
CIG-C,2026-08-24,2.890000104904175,3.0,2.890000104904175,2.9800000190734863,2.967810869216919,7352,USD,NYQ,America/New_York,Yahoo Finance
CIG-C,2026-08-25,2.990000009536743,3.0999999046325684,2.990000009536743,3.069999933242798,3.0574426651000977,1819,USD,NYQ,America/New_York,Yahoo Finance
CIG-C,2026-08-26,3.1500000953674316,3.1500000953674316,3.0701000690460205,3.130000114440918,3.1171975135803223,792,USD,NYQ,America/New_York,Yahoo Finance
CIG-C,2026-08-27,3.1198999881744385,3.1198999881744385,3.109999895095825,3.109999895095825,3.0972790718078613,662,USD,NYQ,America/New_York,Yahoo Finance
CIG-C,2026-08-28,3.049999952316284,3.049999952316284,2.990000009536743,2.990000009536743,2.9777700901031494,2066,USD,NYQ,America/New_York,Yahoo Finance
CIG-C,2026-08-31,2.990000009536743,3.1219000816345215,2.9800000190734863,3.115000009536743,3.1022586822509766,6303,USD,NYQ,America/New_York,Yahoo Finance
CIG-C,2026-09-01,3.140000104904175,3.25,3.140000104904175,3.1705000400543213,3.15753173828125,1891,USD,NYQ,America/New_York,Yahoo Finance
CIG-C,2026-09-02,3.109999895095825,3.251699924468994,3.109999895095825,3.240000009536743,3.226747512817383,1862,USD,NYQ,America/New_York,Yahoo Finance
CIG-C,2026-09-03,3.1500000953674316,3.2904999256134033,3.1500000953674316,3.2799999713897705,3.2665836811065674,1238,USD,NYQ,America/New_York,Yahoo Finance
CIG-C,2026-09-04,3.2799999713897705,3.2799999713897705,3.2799999713897705,3.2799999713897705,3.2665836811065674,0,USD,NYQ,America/New_York,Yahoo Finance
CIG-C,2026-09-08,3.380000114440918,3.440000057220459,3.380000114440918,3.4100000858306885,3.396052122116089,9687,USD,NYQ,America/New_York,Yahoo Finance
CIG-C,2026-09-09,3.4100000858306885,3.4100000858306885,3.4100000858306885,3.4100000858306885,3.396052122116089,0,USD,NYQ,America/New_York,Yahoo Finance
CIG-C,2026-09-10,3.369999885559082,3.3949999809265137,3.3399999141693115,3.359999895095825,3.3462564945220947,3301,USD,NYQ,America/New_York,Yahoo Finance
CIG-C,2026-09-11,3.359999895095825,3.359999895095825,3.359999895095825,3.359999895095825,3.3462564945220947,0,USD,NYQ,America/New_York,Yahoo Finance
CIG-C,2026-09-14,3.299999952316284,3.3499999046325684,3.299999952316284,3.3399999141693115,3.326338291168213,3389,USD,NYQ,America/New_York,Yahoo Finance
CIG-C,2026-09-15,3.3499999046325684,3.3499999046325684,3.200000047683716,3.2558999061584473,3.242582321166992,4539,USD,NYQ,America/New_York,Yahoo Finance
CIG-C,2026-09-16,3.299999952316284,3.319999933242798,3.299999952316284,3.319999933242798,3.306420087814331,590,USD,NYQ,America/New_York,Yahoo Finance
CIG-C,2026-09-17,3.299999952316284,3.319999933242798,3.259999990463257,3.319999933242798,3.306420087814331,542,USD,NYQ,America/New_York,Yahoo Finance
CIG-C,2026-09-18,3.3499999046325684,3.3499999046325684,3.3499999046325684,3.3499999046325684,3.3362972736358643,262,USD,NYQ,America/New_York,Yahoo Finance
CIG-C,2026-09-21,3.430000066757202,3.4583001136779785,3.318700075149536,3.318700075149536,3.3051254749298096,1083,USD,NYQ,America/New_York,Yahoo Finance
CIG-C,2026-09-22,3.318700075149536,3.318700075149536,3.318700075149536,3.318700075149536,3.3051254749298096,0,USD,NYQ,America/New_York,Yahoo Finance
CIG-C,2026-09-23,3.194999933242798,3.194999933242798,3.194999933242798,3.194999933242798,3.181931495666504,650,USD,NYQ,America/New_York,Yahoo Finance
CIG-C,2026-09-24,3.190000057220459,3.200000047683716,3.190000057220459,3.200000047683716,3.186911106109619,518,USD,NYQ,America/New_York,Yahoo Finance
CIG-C,2026-09-25,3.130000114440918,3.309999942779541,3.130000114440918,3.309999942779541,3.2964611053466797,1153,USD,NYQ,America/New_York,Yahoo Finance
CIG-C,2026-09-28,3.1500000953674316,3.180000066757202,3.1500000953674316,3.180000066757202,3.180000066757202,1364,USD,NYQ,America/New_York,Yahoo Finance
CIGL,2026-08-21,0.4300000071525574,0.4399999976158142,0.41999998688697815,0.4300000071525574,0.4300000071525574,72800,USD,NCM,America/New_York,Yahoo Finance
CIGL,2026-08-24,0.4399999976158142,0.4399999976158142,0.4099999964237213,0.4099999964237213,0.4099999964237213,91300,USD,NCM,America/New_York,Yahoo Finance
CIGL,2026-08-25,0.4099999964237213,0.4300000071525574,0.4099999964237213,0.4300000071525574,0.4300000071525574,61100,USD,NCM,America/New_York,Yahoo Finance
CIGL,2026-08-26,0.41999998688697815,0.44999998807907104,0.41999998688697815,0.4300000071525574,0.4300000071525574,42300,USD,NCM,America/New_York,Yahoo Finance
CIGL,2026-08-27,0.4399999976158142,0.4699999988079071,0.4399999976158142,0.44999998807907104,0.44999998807907104,41000,USD,NCM,America/New_York,Yahoo Finance
CIGL,2026-08-28,0.44999998807907104,0.46000000834465027,0.4300000071525574,0.4300000071525574,0.4300000071525574,43800,USD,NCM,America/New_York,Yahoo Finance
CIGL,2026-08-31,0.4399999976158142,0.44999998807907104,0.41999998688697815,0.4300000071525574,0.4300000071525574,79800,USD,NCM,America/New_York,Yahoo Finance
CIGL,2026-09-01,0.41999998688697815,0.4300000071525574,0.41999998688697815,0.41999998688697815,0.41999998688697815,54700,USD,NCM,America/New_York,Yahoo Finance
CIGL,2026-09-02,0.4300000071525574,0.4300000071525574,0.4000000059604645,0.4099999964237213,0.4099999964237213,77800,USD,NCM,America/New_York,Yahoo Finance
CIGL,2026-09-03,0.4099999964237213,0.4099999964237213,0.4000000059604645,0.4000000059604645,0.4000000059604645,37600,USD,NCM,America/New_York,Yahoo Finance
CIGL,2026-09-04,0.4000000059604645,0.4099999964237213,0.4000000059604645,0.4099999964237213,0.4099999964237213,32800,USD,NCM,America/New_York,Yahoo Finance
CIGL,2026-09-08,0.4099999964237213,0.4099999964237213,0.4000000059604645,0.4099999964237213,0.4099999964237213,67700,USD,NCM,America/New_York,Yahoo Finance
CIGL,2026-09-09,0.4099999964237213,0.41999998688697815,0.4000000059604645,0.41999998688697815,0.41999998688697815,32100,USD,NCM,America/New_York,Yahoo Finance
CIGL,2026-09-10,0.4099999964237213,0.44999998807907104,0.4099999964237213,0.4399999976158142,0.4399999976158142,186400,USD,NCM,America/New_York,Yahoo Finance
CIGL,2026-09-11,0.4300000071525574,0.4699999988079071,0.41999998688697815,0.4399999976158142,0.4399999976158142,138800,USD,NCM,America/New_York,Yahoo Finance
CIGL,2026-09-14,0.4300000071525574,0.4399999976158142,0.4300000071525574,0.4300000071525574,0.4300000071525574,26800,USD,NCM,America/New_York,Yahoo Finance
CIGL,2026-09-15,0.4300000071525574,0.4399999976158142,0.41999998688697815,0.41999998688697815,0.41999998688697815,49300,USD,NCM,America/New_York,Yahoo Finance
CIGL,2026-09-16,0.41999998688697815,0.4300000071525574,0.41999998688697815,0.41999998688697815,0.41999998688697815,39200,USD,NCM,America/New_York,Yahoo Finance
CIGL,2026-09-17,0.4300000071525574,0.4300000071525574,0.41999998688697815,0.41999998688697815,0.41999998688697815,27100,USD,NCM,America/New_York,Yahoo Finance
CIGL,2026-09-18,0.41999998688697815,0.41999998688697815,0.41999998688697815,0.41999998688697815,0.41999998688697815,32000,USD,NCM,America/New_York,Yahoo Finance
CIGL,2026-09-21,0.4399999976158142,0.4399999976158142,0.41999998688697815,0.4300000071525574,0.4300000071525574,60900,USD,NCM,America/New_York,Yahoo Finance
CIGL,2026-09-22,0.41999998688697815,0.4300000071525574,0.41999998688697815,0.41999998688697815,0.41999998688697815,49200,USD,NCM,America/New_York,Yahoo Finance
CIGL,2026-09-23,0.4300000071525574,0.4300000071525574,0.4099999964237213,0.41999998688697815,0.41999998688697815,53600,USD,NCM,America/New_York,Yahoo Finance
CIGL,2026-09-24,0.4099999964237213,0.41999998688697815,0.4000000059604645,0.4099999964237213,0.4099999964237213,54200,USD,NCM,America/New_York,Yahoo Finance
CIGL,2026-09-25,0.4000000059604645,0.4099999964237213,0.4000000059604645,0.4000000059604645,0.4000000059604645,23400,USD,NCM,America/New_York,Yahoo Finance
CIGL,2026-09-28,0.41999998688697815,0.41999998688697815,0.38999998569488525,0.38999998569488525,0.38999998569488525,61500,USD,NCM,America/New_York,Yahoo Finance
CIGL,2026-09-29,0.38999998569488525,0.38999998569488525,0.3799999952316284,0.38999998569488525,0.38999998569488525,25900,USD,NCM,America/New_York,Yahoo Finance
CIGL,2026-09-30,0.38999998569488525,0.4099999964237213,0.3799999952316284,0.3799999952316284,0.3799999952316284,48900,USD,NCM,America/New_York,Yahoo Finance
CIGL,2026-10-01,0.38999998569488525,0.38999998569488525,0.3799999952316284,0.3799999952316284,0.3799999952316284,44300,USD,NCM,America/New_York,Yahoo Finance
CIGL,2026-10-02,0.38999998569488525,0.38999998569488525,0.3700000047683716,0.3700000047683716,0.3700000047683716,16000,USD,NCM,America/New_York,Yahoo Finance
CIK,2026-08-21,2.440000057220459,2.440000057220459,2.4200000762939453,2.430000066757202,2.4095799922943115,512200,USD,ASE,America/New_York,Yahoo Finance
CIK,2026-08-24,2.430000066757202,2.440000057220459,2.4200000762939453,2.430000066757202,2.4095799922943115,285500,USD,ASE,America/New_York,Yahoo Finance
CIK,2026-08-25,2.440000057220459,2.450000047683716,2.430000066757202,2.440000057220459,2.4194958209991455,585500,USD,ASE,America/New_York,Yahoo Finance
CIK,2026-08-26,2.430000066757202,2.450000047683716,2.430000066757202,2.430000066757202,2.4095799922943115,208800,USD,ASE,America/New_York,Yahoo Finance
CIK,2026-08-27,2.440000057220459,2.450000047683716,2.430000066757202,2.440000057220459,2.4194958209991455,469800,USD,ASE,America/New_York,Yahoo Finance
CIK,2026-08-28,2.440000057220459,2.450000047683716,2.430000066757202,2.430000066757202,2.4095799922943115,188800,USD,ASE,America/New_York,Yahoo Finance
CIK,2026-08-31,2.440000057220459,2.440000057220459,2.430000066757202,2.430000066757202,2.4095799922943115,194700,USD,ASE,America/New_York,Yahoo Finance
CIK,2026-09-01,2.430000066757202,2.440000057220459,2.4200000762939453,2.4200000762939453,2.3996639251708984,186400,USD,ASE,America/New_York,Yahoo Finance
CIK,2026-09-02,2.440000057220459,2.440000057220459,2.4200000762939453,2.430000066757202,2.4095799922943115,329300,USD,ASE,America/New_York,Yahoo Finance
CIK,2026-09-03,2.430000066757202,2.440000057220459,2.430000066757202,2.430000066757202,2.4095799922943115,160100,USD,ASE,America/New_York,Yahoo Finance
CIK,2026-09-04,2.4200000762939453,2.440000057220459,2.4100000858306885,2.430000066757202,2.4095799922943115,231300,USD,ASE,America/New_York,Yahoo Finance
CIK,2026-09-08,2.440000057220459,2.440000057220459,2.4200000762939453,2.430000066757202,2.4095799922943115,533700,USD,ASE,America/New_York,Yahoo Finance
CIK,2026-09-09,2.4200000762939453,2.430000066757202,2.4200000762939453,2.4200000762939453,2.3996639251708984,441900,USD,ASE,America/New_York,Yahoo Finance
CIK,2026-09-10,2.4100000858306885,2.430000066757202,2.4100000858306885,2.4100000858306885,2.3897480964660645,474000,USD,ASE,America/New_York,Yahoo Finance
CIK,2026-09-11,2.4200000762939453,2.4200000762939453,2.4000000953674316,2.4100000858306885,2.3897480964660645,1011800,USD,ASE,America/New_York,Yahoo Finance
CIK,2026-09-14,2.4100000858306885,2.4200000762939453,2.380000114440918,2.380000114440918,2.3600001335144043,454300,USD,ASE,America/New_York,Yahoo Finance
CIK,2026-09-15,2.369999885559082,2.380000114440918,2.359999895095825,2.380000114440918,2.3600001335144043,1223000,USD,ASE,America/New_York,Yahoo Finance
CIK,2026-09-16,2.359999895095825,2.369999885559082,2.3499999046325684,2.359999895095825,2.359999895095825,532100,USD,ASE,America/New_York,Yahoo Finance
CIK,2026-09-17,2.369999885559082,2.380000114440918,2.359999895095825,2.369999885559082,2.369999885559082,916500,USD,ASE,America/New_York,Yahoo Finance
CIK,2026-09-18,2.3499999046325684,2.380000114440918,2.3399999141693115,2.380000114440918,2.380000114440918,1425700,USD,ASE,America/New_York,Yahoo Finance
CIK,2026-09-21,2.380000114440918,2.390000104904175,2.369999885559082,2.390000104904175,2.390000104904175,364600,USD,ASE,America/New_York,Yahoo Finance
CIK,2026-09-22,2.4000000953674316,2.4000000953674316,2.3499999046325684,2.359999895095825,2.359999895095825,295700,USD,ASE,America/New_York,Yahoo Finance
CIK,2026-09-23,2.380000114440918,2.380000114440918,2.3299999237060547,2.3399999141693115,2.3399999141693115,630100,USD,ASE,America/New_York,Yahoo Finance
CIK,2026-09-24,2.3499999046325684,2.369999885559082,2.3299999237060547,2.3299999237060547,2.3299999237060547,443000,USD,ASE,America/New_York,Yahoo Finance
CIK,2026-09-25,2.3299999237060547,2.3499999046325684,2.309999942779541,2.3299999237060547,2.3299999237060547,1038400,USD,ASE,America/New_York,Yahoo Finance
CIK,2026-09-28,2.319999933242798,2.3299999237060547,2.299999952316284,2.309999942779541,2.309999942779541,779500,USD,ASE,America/New_York,Yahoo Finance
CIK,2026-09-29,2.319999933242798,2.3299999237060547,2.299999952316284,2.319999933242798,2.319999933242798,687900,USD,ASE,America/New_York,Yahoo Finance
CIK,2026-09-30,2.3299999237060547,2.3399999141693115,2.299999952316284,2.3399999141693115,2.3399999141693115,683100,USD,ASE,America/New_York,Yahoo Finance
CIK,2026-10-01,2.3399999141693115,2.3499999046325684,2.299999952316284,2.319999933242798,2.319999933242798,616400,USD,ASE,America/New_York,Yahoo Finance
CIK,2026-10-02,2.3299999237060547,2.3399999141693115,2.319999933242798,2.319999933242798,2.319999933242798,572800,USD,ASE,America/New_York,Yahoo Finance
CLMB,2026-08-21,28.31999969482422,28.670000076293945,28.040000915527344,28.280000686645508,28.280000686645508,163000,USD,NGM,America/New_York,Yahoo Finance
CLMB,2026-08-24,28.079999923706055,28.469999313354492,27.350000381469727,27.459999084472656,27.459999084472656,207200,USD,NGM,America/New_York,Yahoo Finance
CLMB,2026-08-25,27.469999313354492,28.350000381469727,27.010000228881836,27.25,27.25,124400,USD,NGM,America/New_York,Yahoo Finance
CLMB,2026-08-26,27.299999237060547,27.860000610351562,26.5,27.670000076293945,27.670000076293945,210800,USD,NGM,America/New_York,Yahoo Finance
CLMB,2026-08-27,27.809999465942383,29.3799991607666,27.649999618530273,29.049999237060547,29.049999237060547,235300,USD,NGM,America/New_York,Yahoo Finance
CLMB,2026-08-28,28.950000762939453,29.170000076293945,28.139999389648438,28.299999237060547,28.299999237060547,95900,USD,NGM,America/New_York,Yahoo Finance
CLMB,2026-08-31,28.3799991607666,28.709999084472656,27.989999771118164,28.530000686645508,28.530000686645508,143100,USD,NGM,America/New_York,Yahoo Finance
CLMB,2026-09-01,28.309999465942383,28.959999084472656,27.84000015258789,27.989999771118164,27.989999771118164,187300,USD,NGM,America/New_York,Yahoo Finance
CLMB,2026-09-02,28.049999237060547,28.15999984741211,27.1200008392334,27.40999984741211,27.40999984741211,156400,USD,NGM,America/New_York,Yahoo Finance
CLMB,2026-09-03,27.780000686645508,28.450000762939453,27.399999618530273,28.18000030517578,28.18000030517578,88300,USD,NGM,America/New_York,Yahoo Finance
CLMB,2026-09-04,28.299999237060547,29.229999542236328,27.940000534057617,29.170000076293945,29.170000076293945,86600,USD,NGM,America/New_York,Yahoo Finance
CLMB,2026-09-08,28.860000610351562,28.860000610351562,27.540000915527344,27.84000015258789,27.84000015258789,72000,USD,NGM,America/New_York,Yahoo Finance
CLMB,2026-09-09,27.690000534057617,28.0,26.989999771118164,27.309999465942383,27.309999465942383,117300,USD,NGM,America/New_York,Yahoo Finance
CLMB,2026-09-10,27.350000381469727,27.899999618530273,26.639999389648438,26.8700008392334,26.8700008392334,80100,USD,NGM,America/New_York,Yahoo Finance
CLMB,2026-09-11,27.18000030517578,27.760000228881836,26.690000534057617,27.5,27.5,112400,USD,NGM,America/New_York,Yahoo Finance
CLMB,2026-09-14,27.520000457763672,28.469999313354492,27.329999923706055,28.329999923706055,28.329999923706055,96500,USD,NGM,America/New_York,Yahoo Finance
CLMB,2026-09-15,28.3700008392334,28.6200008392334,28.09000015258789,28.389999389648438,28.389999389648438,84000,USD,NGM,America/New_York,Yahoo Finance
CLMB,2026-09-16,28.239999771118164,28.649999618530273,27.979999542236328,28.239999771118164,28.239999771118164,78800,USD,NGM,America/New_York,Yahoo Finance
CLMB,2026-09-17,28.389999389648438,28.760000228881836,27.65999984741211,27.84000015258789,27.84000015258789,72600,USD,NGM,America/New_York,Yahoo Finance
CLMB,2026-09-18,27.610000610351562,28.100000381469727,27.200000762939453,27.899999618530273,27.899999618530273,198600,USD,NGM,America/New_York,Yahoo Finance
CLMB,2026-09-21,27.899999618530273,28.770000457763672,27.399999618530273,28.559999465942383,28.559999465942383,126900,USD,NGM,America/New_York,Yahoo Finance
CLMB,2026-09-22,28.920000076293945,30.8799991607666,28.75,30.799999237060547,30.799999237060547,226300,USD,NGM,America/New_York,Yahoo Finance
CLMB,2026-09-23,30.799999237060547,31.09000015258789,29.360000610351562,30.6299991607666,30.6299991607666,221500,USD,NGM,America/New_York,Yahoo Finance
CLMB,2026-09-24,30.399999618530273,31.3799991607666,29.799999237060547,31.15999984741211,31.15999984741211,253200,USD,NGM,America/New_York,Yahoo Finance
CLMB,2026-09-25,31.110000610351562,32.599998474121094,31.020000457763672,31.649999618530273,31.649999618530273,264100,USD,NGM,America/New_York,Yahoo Finance
CLMB,2026-09-28,31.350000381469727,32.880001068115234,30.209999084472656,32.61000061035156,32.61000061035156,331600,USD,NGM,America/New_York,Yahoo Finance
CLMB,2026-09-29,32.630001068115234,32.79999923706055,30.829999923706055,32.7400016784668,32.7400016784668,189400,USD,NGM,America/New_York,Yahoo Finance
CLMB,2026-09-30,32.7599983215332,33.22999954223633,31.709999084472656,32.130001068115234,32.130001068115234,197300,USD,NGM,America/New_York,Yahoo Finance
CLMB,2026-10-01,32.33000183105469,33.18000030517578,32.02000045776367,33.060001373291016,33.060001373291016,136200,USD,NGM,America/New_York,Yahoo Finance
CLMB,2026-10-02,33.40999984741211,33.619998931884766,32.720001220703125,32.79999923706055,32.79999923706055,130300,USD,NGM,America/New_York,Yahoo Finance
CMBT,2026-08-17,17.450000762939453,17.540000915527344,17.290000915527344,17.3700008392334,17.3700008392334,668100,USD,NYQ,America/New_York,Yahoo Finance
CMBT,2026-08-18,17.399999618530273,17.579999923706055,17.15999984741211,17.489999771118164,17.489999771118164,704200,USD,NYQ,America/New_York,Yahoo Finance
CMBT,2026-08-19,17.81999969482422,17.989999771118164,17.739999771118164,17.860000610351562,17.860000610351562,1108100,USD,NYQ,America/New_York,Yahoo Finance
CMBT,2026-08-20,17.850000381469727,17.850000381469727,17.489999771118164,17.6200008392334,17.6200008392334,743100,USD,NYQ,America/New_York,Yahoo Finance
CMBT,2026-08-21,18.0,18.520000457763672,17.989999771118164,18.049999237060547,18.049999237060547,1202500,USD,NYQ,America/New_York,Yahoo Finance
CMBT,2026-08-24,17.950000762939453,18.19499969482422,17.940000534057617,18.170000076293945,18.170000076293945,817900,USD,NYQ,America/New_York,Yahoo Finance
CMBT,2026-08-25,18.100000381469727,18.260000228881836,17.950000762939453,18.170000076293945,18.170000076293945,867400,USD,NYQ,America/New_York,Yahoo Finance
CMBT,2026-08-26,17.90999984741211,18.045000076293945,17.514999389648438,17.649999618530273,17.649999618530273,1610700,USD,NYQ,America/New_York,Yahoo Finance
CMBT,2026-08-27,17.780000686645508,18.415000915527344,17.780000686645508,18.280000686645508,18.280000686645508,1656200,USD,NYQ,America/New_York,Yahoo Finance
CMBT,2026-08-28,18.579999923706055,18.850000381469727,18.270000457763672,18.350000381469727,18.350000381469727,874100,USD,NYQ,America/New_York,Yahoo Finance
CMBT,2026-08-31,18.81999969482422,18.850000381469727,18.100000381469727,18.280000686645508,18.280000686645508,1044300,USD,NYQ,America/New_York,Yahoo Finance
CMBT,2026-09-01,18.280000686645508,18.549999237060547,18.110000610351562,18.270000457763672,18.270000457763672,964200,USD,NYQ,America/New_York,Yahoo Finance
CMBT,2026-09-02,18.5,18.795000076293945,18.399999618530273,18.75,18.75,2228200,USD,NYQ,America/New_York,Yahoo Finance
CMBT,2026-09-03,18.90999984741211,19.040000915527344,18.5,18.700000762939453,18.700000762939453,1149600,USD,NYQ,America/New_York,Yahoo Finance
CMBT,2026-09-04,19.299999237060547,19.610000610351562,19.299999237060547,19.489999771118164,19.489999771118164,1587400,USD,NYQ,America/New_York,Yahoo Finance
CMBT,2026-09-08,19.81999969482422,19.905000686645508,19.219999313354492,19.229999542236328,19.229999542236328,1448300,USD,NYQ,America/New_York,Yahoo Finance
CMBT,2026-09-09,19.489999771118164,19.4950008392334,19.059999465942383,19.350000381469727,19.350000381469727,1009300,USD,NYQ,America/New_York,Yahoo Finance
CMBT,2026-09-10,19.25,19.43000030517578,19.200000762939453,19.3799991607666,19.3799991607666,1231800,USD,NYQ,America/New_York,Yahoo Finance
CMBT,2026-09-11,19.25,19.610000610351562,19.200000762939453,19.479999542236328,19.479999542236328,1057500,USD,NYQ,America/New_York,Yahoo Finance
CMBT,2026-09-14,19.34000015258789,19.4950008392334,19.06999969482422,19.420000076293945,19.420000076293945,1048200,USD,NYQ,America/New_York,Yahoo Finance
CMBT,2026-09-15,19.360000610351562,19.670000076293945,19.219999313354492,19.559999465942383,19.559999465942383,1061700,USD,NYQ,America/New_York,Yahoo Finance
CMBT,2026-09-16,19.520000457763672,19.969999313354492,19.479999542236328,19.65999984741211,19.65999984741211,673400,USD,NYQ,America/New_York,Yahoo Finance
CMBT,2026-09-17,20.3799991607666,20.81999969482422,20.309999465942383,20.40999984741211,20.40999984741211,1543500,USD,NYQ,America/New_York,Yahoo Finance
CMBT,2026-09-18,20.209999084472656,20.375,20.06999969482422,20.290000915527344,20.290000915527344,601900,USD,NYQ,America/New_York,Yahoo Finance
CMBT,2026-09-21,19.75,20.270000457763672,19.6200008392334,19.65999984741211,19.65999984741211,994000,USD,NYQ,America/New_York,Yahoo Finance
CMBT,2026-09-22,19.270000457763672,19.600000381469727,19.1200008392334,19.34000015258789,19.34000015258789,1150100,USD,NYQ,America/New_York,Yahoo Finance
CMBT,2026-09-23,19.399999618530273,19.450000762939453,18.959999084472656,19.15999984741211,19.15999984741211,715300,USD,NYQ,America/New_York,Yahoo Finance
CMBT,2026-09-24,19.0,19.3700008392334,18.92300033569336,19.040000915527344,19.040000915527344,1244000,USD,NYQ,America/New_York,Yahoo Finance
CMBT,2026-09-25,18.790000915527344,19.190000534057617,18.690000534057617,19.010000228881836,19.010000228881836,857700,USD,NYQ,America/New_York,Yahoo Finance
CMBT,2026-09-28,19.290000915527344,19.360000610351562,19.014999389648438,19.049999237060547,19.049999237060547,705400,USD,NYQ,America/New_York,Yahoo Finance
CMPR,2026-08-17,92.22000122070312,92.62999725341797,90.81999969482422,91.75,91.75,250400,USD,NMS,America/New_York,Yahoo Finance
CMPR,2026-08-18,91.62000274658203,92.27999877929688,88.05000305175781,89.68000030517578,89.68000030517578,276700,USD,NMS,America/New_York,Yahoo Finance
CMPR,2026-08-19,90.0,91.61000061035156,88.7699966430664,90.12999725341797,90.12999725341797,432700,USD,NMS,America/New_York,Yahoo Finance
CMPR,2026-08-20,88.86000061035156,90.0999984741211,87.73999786376953,88.86000061035156,88.86000061035156,151400,USD,NMS,America/New_York,Yahoo Finance
CMPR,2026-08-21,89.22000122070312,90.12000274658203,86.38999938964844,87.66999816894531,87.66999816894531,161500,USD,NMS,America/New_York,Yahoo Finance
CMPR,2026-08-24,87.26000213623047,88.52999877929688,85.7699966430664,87.5199966430664,87.5199966430664,115200,USD,NMS,America/New_York,Yahoo Finance
CMPR,2026-08-25,88.01000213623047,88.86000061035156,85.5999984741211,87.87999725341797,87.87999725341797,153100,USD,NMS,America/New_York,Yahoo Finance
CMPR,2026-08-26,88.45999908447266,88.5,86.37000274658203,87.25,87.25,118300,USD,NMS,America/New_York,Yahoo Finance
CMPR,2026-08-27,87.33999633789062,89.58999633789062,87.27999877929688,89.0,89.0,172600,USD,NMS,America/New_York,Yahoo Finance
CMPR,2026-08-28,89.0,90.0,88.45999908447266,89.27999877929688,89.27999877929688,136400,USD,NMS,America/New_York,Yahoo Finance
CMPR,2026-08-31,89.4000015258789,89.98999786376953,87.4000015258789,89.11000061035156,89.11000061035156,195300,USD,NMS,America/New_York,Yahoo Finance
CMPR,2026-09-01,89.11000061035156,89.5,87.29000091552734,88.02999877929688,88.02999877929688,153100,USD,NMS,America/New_York,Yahoo Finance
CMPR,2026-09-02,87.76000213623047,91.33000183105469,87.76000213623047,90.77999877929688,90.77999877929688,140000,USD,NMS,America/New_York,Yahoo Finance
CMPR,2026-09-03,91.16000366210938,92.0999984741211,86.45999908447266,88.4000015258789,88.4000015258789,269600,USD,NMS,America/New_York,Yahoo Finance
CMPR,2026-09-04,87.30999755859375,89.2699966430664,86.05999755859375,87.44999694824219,87.44999694824219,364500,USD,NMS,America/New_York,Yahoo Finance
CMPR,2026-09-08,86.88999938964844,88.38999938964844,84.44000244140625,84.9000015258789,84.9000015258789,239900,USD,NMS,America/New_York,Yahoo Finance
CMPR,2026-09-09,84.9000015258789,87.69000244140625,84.2699966430664,85.30000305175781,85.30000305175781,143900,USD,NMS,America/New_York,Yahoo Finance
CMPR,2026-09-10,84.95999908447266,85.69999694824219,83.55000305175781,84.06999969482422,84.06999969482422,126500,USD,NMS,America/New_York,Yahoo Finance
CMPR,2026-09-11,84.62999725341797,86.55000305175781,84.22000122070312,84.7699966430664,84.7699966430664,151300,USD,NMS,America/New_York,Yahoo Finance
CMPR,2026-09-14,84.88999938964844,85.70999908447266,83.69000244140625,84.1500015258789,84.1500015258789,92400,USD,NMS,America/New_York,Yahoo Finance
CMPR,2026-09-15,84.29000091552734,84.63999938964844,83.11000061035156,83.4000015258789,83.4000015258789,115400,USD,NMS,America/New_York,Yahoo Finance
CMPR,2026-09-16,82.91999816894531,84.30999755859375,80.66000366210938,81.5,81.5,138700,USD,NMS,America/New_York,Yahoo Finance
CMPR,2026-09-17,82.55999755859375,82.73999786376953,81.12999725341797,81.5199966430664,81.5199966430664,161600,USD,NMS,America/New_York,Yahoo Finance
CMPR,2026-09-18,81.66999816894531,82.0,79.02999877929688,80.11000061035156,80.11000061035156,460400,USD,NMS,America/New_York,Yahoo Finance
CMPR,2026-09-21,80.66000366210938,81.7699966430664,79.06999969482422,79.75,79.75,178200,USD,NMS,America/New_York,Yahoo Finance
CMPR,2026-09-22,80.81999969482422,81.75,79.08000183105469,79.44999694824219,79.44999694824219,155200,USD,NMS,America/New_York,Yahoo Finance
CMPR,2026-09-23,79.12999725341797,79.51000213623047,76.69000244140625,77.98999786376953,77.98999786376953,188000,USD,NMS,America/New_York,Yahoo Finance
CMPR,2026-09-24,77.95999908447266,78.68000030517578,76.26000213623047,78.61000061035156,78.61000061035156,144600,USD,NMS,America/New_York,Yahoo Finance
CMPR,2026-09-25,78.58000183105469,80.18000030517578,78.58000183105469,79.79000091552734,79.79000091552734,168200,USD,NMS,America/New_York,Yahoo Finance
CMPR,2026-09-28,79.5999984741211,81.31999969482422,78.88999938964844,80.05000305175781,80.05000305175781,159800,USD,NMS,America/New_York,Yahoo Finance
CNH,2026-08-17,10.399999618530273,10.479999542236328,10.289999961853027,10.289999961853027,10.289999961853027,8915100,USD,NYQ,America/New_York,Yahoo Finance
CNH,2026-08-18,10.279999732971191,10.300000190734863,10.029999732971191,10.029999732971191,10.029999732971191,10346900,USD,NYQ,America/New_York,Yahoo Finance
CNH,2026-08-19,10.119999885559082,10.449999809265137,10.09000015258789,10.289999961853027,10.289999961853027,15169400,USD,NYQ,America/New_York,Yahoo Finance
CNH,2026-08-20,10.1899995803833,10.960000038146973,10.1899995803833,10.949999809265137,10.949999809265137,33063300,USD,NYQ,America/New_York,Yahoo Finance
CNH,2026-08-21,11.039999961853027,11.90999984741211,10.8100004196167,11.869999885559082,11.869999885559082,23940800,USD,NYQ,America/New_York,Yahoo Finance
CNH,2026-08-24,11.899999618530273,12.079999923706055,11.699999809265137,11.760000228881836,11.760000228881836,20688800,USD,NYQ,America/New_York,Yahoo Finance
CNH,2026-08-25,11.899999618530273,11.920000076293945,11.479999542236328,11.5600004196167,11.5600004196167,17082200,USD,NYQ,America/New_York,Yahoo Finance
CNH,2026-08-26,11.539999961853027,11.850000381469727,11.479999542236328,11.619999885559082,11.619999885559082,12678800,USD,NYQ,America/New_York,Yahoo Finance
CNH,2026-08-27,11.619999885559082,11.640000343322754,11.380000114440918,11.430000305175781,11.430000305175781,11619100,USD,NYQ,America/New_York,Yahoo Finance
CNH,2026-08-28,11.550000190734863,11.75,11.34000015258789,11.680000305175781,11.680000305175781,12221800,USD,NYQ,America/New_York,Yahoo Finance
CNH,2026-08-31,12.109999656677246,12.25,11.6899995803833,11.829999923706055,11.829999923706055,103167800,USD,NYQ,America/New_York,Yahoo Finance
CNH,2026-09-01,11.800000190734863,12.59000015258789,11.789999961853027,12.5,12.5,30933800,USD,NYQ,America/New_York,Yahoo Finance
CNH,2026-09-02,12.460000038146973,13.890000343322754,12.390000343322754,13.649999618530273,13.649999618530273,53803500,USD,NYQ,America/New_York,Yahoo Finance
CNH,2026-09-03,13.710000038146973,13.890000343322754,13.380000114440918,13.84000015258789,13.84000015258789,37561200,USD,NYQ,America/New_York,Yahoo Finance
CNH,2026-09-04,13.890000343322754,14.460000038146973,13.869999885559082,14.399999618530273,14.399999618530273,26022700,USD,NYQ,America/New_York,Yahoo Finance
CNH,2026-09-08,14.3100004196167,14.3100004196167,13.550000190734863,13.600000381469727,13.600000381469727,17421100,USD,NYQ,America/New_York,Yahoo Finance
CNH,2026-09-09,13.640000343322754,13.930000305175781,13.510000228881836,13.899999618530273,13.899999618530273,22637800,USD,NYQ,America/New_York,Yahoo Finance
CNH,2026-09-10,13.729999542236328,13.899999618530273,13.369999885559082,13.5,13.5,19273900,USD,NYQ,America/New_York,Yahoo Finance
CNH,2026-09-11,13.760000228881836,14.020000457763672,13.529999732971191,13.579999923706055,13.579999923706055,16282400,USD,NYQ,America/New_York,Yahoo Finance
CNH,2026-09-14,13.359999656677246,13.979999542236328,13.279999732971191,13.75,13.75,14832400,USD,NYQ,America/New_York,Yahoo Finance
CNH,2026-09-15,13.760000228881836,14.359999656677246,13.6899995803833,14.0,14.0,21037000,USD,NYQ,America/New_York,Yahoo Finance
CNH,2026-09-16,13.989999771118164,14.069999694824219,13.380000114440918,13.520000457763672,13.520000457763672,13941700,USD,NYQ,America/New_York,Yahoo Finance
CNH,2026-09-17,13.789999961853027,13.869999885559082,13.4399995803833,13.550000190734863,13.550000190734863,15003300,USD,NYQ,America/New_York,Yahoo Finance
CNH,2026-09-18,13.520000457763672,13.720000267028809,13.399999618530273,13.449999809265137,13.449999809265137,25528100,USD,NYQ,America/New_York,Yahoo Finance
CNH,2026-09-21,13.609999656677246,13.75,13.4399995803833,13.479999542236328,13.479999542236328,15848400,USD,NYQ,America/New_York,Yahoo Finance
CNH,2026-09-22,13.529999732971191,13.949999809265137,13.529999732971191,13.670000076293945,13.670000076293945,16797400,USD,NYQ,America/New_York,Yahoo Finance
CNH,2026-09-23,13.630000114440918,14.109999656677246,13.630000114440918,13.75,13.75,17129800,USD,NYQ,America/New_York,Yahoo Finance
CNH,2026-09-24,13.680000305175781,13.770000457763672,13.140000343322754,13.279999732971191,13.279999732971191,14975800,USD,NYQ,America/New_York,Yahoo Finance
CNH,2026-09-25,13.180000305175781,13.289999961853027,12.949999809265137,13.09000015258789,13.09000015258789,13306300,USD,NYQ,America/New_York,Yahoo Finance
CNH,2026-09-28,13.050000190734863,13.279999732971191,12.960000038146973,13.260000228881836,13.260000228881836,11046300,USD,NYQ,America/New_York,Yahoo Finance
CORZ,2026-08-17,20.219999313354492,20.5,19.709999084472656,20.1299991607666,20.1299991607666,11367600,USD,NMS,America/New_York,Yahoo Finance
CORZ,2026-08-18,19.5,19.780000686645508,18.514999389648438,18.850000381469727,18.850000381469727,13780900,USD,NMS,America/New_York,Yahoo Finance
CORZ,2026-08-19,18.905000686645508,19.34000015258789,18.149999618530273,18.719999313354492,18.719999313354492,9751300,USD,NMS,America/New_York,Yahoo Finance
CORZ,2026-08-20,18.889999389648438,19.145000457763672,17.885000228881836,18.389999389648438,18.389999389648438,11534500,USD,NMS,America/New_York,Yahoo Finance
CORZ,2026-08-21,18.780000686645508,19.260000228881836,17.709999084472656,17.809999465942383,17.809999465942383,12908200,USD,NMS,America/New_York,Yahoo Finance
CORZ,2026-08-24,17.469999313354492,17.81999969482422,17.145000457763672,17.270000457763672,17.270000457763672,10408900,USD,NMS,America/New_York,Yahoo Finance
CORZ,2026-08-25,17.78499984741211,18.204999923706055,17.520000457763672,18.030000686645508,18.030000686645508,8649700,USD,NMS,America/New_York,Yahoo Finance
CORZ,2026-08-26,17.770000457763672,17.93000030517578,17.264999389648438,17.420000076293945,17.420000076293945,6978600,USD,NMS,America/New_York,Yahoo Finance
CORZ,2026-08-27,17.959999084472656,18.520000457763672,17.489999771118164,17.6200008392334,17.6200008392334,15052800,USD,NMS,America/New_York,Yahoo Finance
CORZ,2026-08-28,17.3700008392334,17.450000762939453,16.204999923706055,16.510000228881836,16.510000228881836,12016300,USD,NMS,America/New_York,Yahoo Finance
CORZ,2026-08-31,16.610000610351562,16.610000610351562,16.010000228881836,16.299999237060547,16.299999237060547,10815100,USD,NMS,America/New_York,Yahoo Finance
CORZ,2026-09-01,15.779999732971191,16.34000015258789,15.609999656677246,16.06999969482422,16.06999969482422,11733600,USD,NMS,America/New_York,Yahoo Finance
CORZ,2026-09-02,15.880000114440918,16.850000381469727,15.71500015258789,16.809999465942383,16.809999465942383,12976700,USD,NMS,America/New_York,Yahoo Finance
CORZ,2026-09-03,16.809999465942383,17.90999984741211,16.53499984741211,17.899999618530273,17.899999618530273,13689600,USD,NMS,America/New_York,Yahoo Finance
CORZ,2026-09-04,17.639999389648438,18.264999389648438,17.600000381469727,17.889999389648438,17.889999389648438,8485900,USD,NMS,America/New_York,Yahoo Finance
CORZ,2026-09-08,18.148000717163086,19.100000381469727,18.049999237060547,18.729999542236328,18.729999542236328,13384200,USD,NMS,America/New_York,Yahoo Finance
CORZ,2026-09-09,18.75,18.94499969482422,17.850000381469727,18.09000015258789,18.09000015258789,10062600,USD,NMS,America/New_York,Yahoo Finance
CORZ,2026-09-10,17.61199951171875,18.104999542236328,17.239999771118164,17.3700008392334,17.3700008392334,9096600,USD,NMS,America/New_York,Yahoo Finance
CORZ,2026-09-11,17.56999969482422,18.3799991607666,17.540000915527344,17.940000534057617,17.940000534057617,8982100,USD,NMS,America/New_York,Yahoo Finance
CORZ,2026-09-14,17.049999237060547,17.565000534057617,16.8700008392334,16.959999084472656,16.959999084472656,10017600,USD,NMS,America/New_York,Yahoo Finance
CORZ,2026-09-15,16.84000015258789,16.950000762939453,16.010000228881836,16.040000915527344,16.040000915527344,11334300,USD,NMS,America/New_York,Yahoo Finance
CORZ,2026-09-16,16.3799991607666,17.385000228881836,16.3799991607666,16.8799991607666,16.8799991607666,12349300,USD,NMS,America/New_York,Yahoo Finance
CORZ,2026-09-17,17.988000869750977,17.989999771118164,16.860000610351562,17.139999389648438,17.139999389648438,16107000,USD,NMS,America/New_York,Yahoo Finance
CORZ,2026-09-18,17.770000457763672,18.030000686645508,17.110000610351562,17.989999771118164,17.989999771118164,13996500,USD,NMS,America/New_York,Yahoo Finance
CORZ,2026-09-21,17.920000076293945,18.645000457763672,17.6299991607666,18.360000610351562,18.360000610351562,11364800,USD,NMS,America/New_York,Yahoo Finance
CORZ,2026-09-22,18.360000610351562,18.950000762939453,18.110000610351562,18.790000915527344,18.790000915527344,10045900,USD,NMS,America/New_York,Yahoo Finance
CORZ,2026-09-23,18.719999313354492,19.114999771118164,18.030000686645508,18.100000381469727,18.100000381469727,9101400,USD,NMS,America/New_York,Yahoo Finance
CORZ,2026-09-24,17.84000015258789,18.655000686645508,17.700000762939453,18.1200008392334,18.1200008392334,12999300,USD,NMS,America/New_York,Yahoo Finance
CORZ,2026-09-25,18.299999237060547,18.43000030517578,17.290000915527344,17.34000015258789,17.34000015258789,8818600,USD,NMS,America/New_York,Yahoo Finance
CORZ,2026-09-28,17.09000015258789,17.309999465942383,16.434999465942383,16.520000457763672,16.520000457763672,9134300,USD,NMS,America/New_York,Yahoo Finance
CPHC,2026-08-21,16.0,16.0,15.800000190734863,15.989999771118164,15.918888092041016,3700,USD,NGM,America/New_York,Yahoo Finance
CPHC,2026-08-24,15.850000381469727,15.850000381469727,15.640000343322754,15.640000343322754,15.57044506072998,600,USD,NGM,America/New_York,Yahoo Finance
CPHC,2026-08-25,15.699999809265137,15.850000381469727,15.699999809265137,15.75,15.67995548248291,5100,USD,NGM,America/New_York,Yahoo Finance
CPHC,2026-08-26,15.779999732971191,15.890000343322754,15.779999732971191,15.869999885559082,15.799421310424805,800,USD,NGM,America/New_York,Yahoo Finance
CPHC,2026-08-27,15.869999885559082,15.869999885559082,15.869999885559082,15.869999885559082,15.799421310424805,0,USD,NGM,America/New_York,Yahoo Finance
CPHC,2026-08-28,15.75,15.90999984741211,15.75,15.90999984741211,15.83924388885498,1200,USD,NGM,America/New_York,Yahoo Finance
CPHC,2026-08-31,15.90999984741211,15.90999984741211,15.90999984741211,15.90999984741211,15.83924388885498,0,USD,NGM,America/New_York,Yahoo Finance
CPHC,2026-09-01,16.0,16.0,15.899999618530273,15.899999618530273,15.8292875289917,3000,USD,NGM,America/New_York,Yahoo Finance
CPHC,2026-09-02,15.90999984741211,15.90999984741211,15.90999984741211,15.90999984741211,15.83924388885498,800,USD,NGM,America/New_York,Yahoo Finance
CPHC,2026-09-03,15.90999984741211,15.949999809265137,15.850000381469727,15.859999656677246,15.78946590423584,2400,USD,NGM,America/New_York,Yahoo Finance
CPHC,2026-09-04,15.850000381469727,15.960000038146973,15.850000381469727,15.960000038146973,15.889021873474121,1100,USD,NGM,America/New_York,Yahoo Finance
CPHC,2026-09-08,15.850000381469727,15.930000305175781,15.850000381469727,15.850000381469727,15.779510498046875,900,USD,NGM,America/New_York,Yahoo Finance
CPHC,2026-09-09,15.850000381469727,15.949999809265137,15.850000381469727,15.850000381469727,15.779510498046875,500,USD,NGM,America/New_York,Yahoo Finance
CPHC,2026-09-10,15.850000381469727,15.989999771118164,15.850000381469727,15.989999771118164,15.918888092041016,900,USD,NGM,America/New_York,Yahoo Finance
CPHC,2026-09-11,15.829999923706055,15.90999984741211,15.8100004196167,15.84000015258789,15.76955509185791,1200,USD,NGM,America/New_York,Yahoo Finance
CPHC,2026-09-14,15.859999656677246,15.880000114440918,15.859999656677246,15.880000114440918,15.809377670288086,500,USD,NGM,America/New_York,Yahoo Finance
CPHC,2026-09-15,15.880000114440918,15.880000114440918,15.880000114440918,15.880000114440918,15.809377670288086,0,USD,NGM,America/New_York,Yahoo Finance
CPHC,2026-09-16,15.640000343322754,15.800000190734863,15.4399995803833,15.609999656677246,15.54057788848877,2800,USD,NGM,America/New_York,Yahoo Finance
CPHC,2026-09-17,15.4399995803833,15.779999732971191,15.4399995803833,15.779999732971191,15.709821701049805,1200,USD,NGM,America/New_York,Yahoo Finance
CPHC,2026-09-18,15.470000267028809,15.800000190734863,15.470000267028809,15.600000381469727,15.530622482299805,8000,USD,NGM,America/New_York,Yahoo Finance
CPHC,2026-09-21,15.600000381469727,15.649999618530273,15.600000381469727,15.630000114440918,15.5604887008667,2700,USD,NGM,America/New_York,Yahoo Finance
CPHC,2026-09-22,15.5,15.649999618530273,15.5,15.649999618530273,15.580399513244629,2400,USD,NGM,America/New_York,Yahoo Finance
CPHC,2026-09-23,15.0600004196167,15.779999732971191,15.0600004196167,15.779999732971191,15.709821701049805,800,USD,NGM,America/New_York,Yahoo Finance
CPHC,2026-09-24,15.0600004196167,15.779999732971191,15.0600004196167,15.779999732971191,15.709821701049805,2000,USD,NGM,America/New_York,Yahoo Finance
CPHC,2026-09-25,15.779999732971191,15.779999732971191,15.779999732971191,15.779999732971191,15.709821701049805,0,USD,NGM,America/New_York,Yahoo Finance
CPHC,2026-09-28,15.40999984741211,15.739999771118164,15.40999984741211,15.739999771118164,15.669999122619629,500,USD,NGM,America/New_York,Yahoo Finance
CPHC,2026-09-29,15.739999771118164,15.739999771118164,15.739999771118164,15.739999771118164,15.669999122619629,0,USD,NGM,America/New_York,Yahoo Finance
CPHC,2026-09-30,15.699999809265137,15.699999809265137,15.600000381469727,15.600000381469727,15.600000381469727,900,USD,NGM,America/New_York,Yahoo Finance
CPHC,2026-10-01,15.600000381469727,15.600000381469727,15.600000381469727,15.600000381469727,15.600000381469727,0,USD,NGM,America/New_York,Yahoo Finance
CPHC,2026-10-02,15.75,15.75,15.75,15.75,15.75,800,USD,NGM,America/New_York,Yahoo Finance
CPT,2026-08-17,110.0199966430664,110.0199966430664,108.0199966430664,108.26000213623047,108.26000213623047,617400,USD,NYQ,America/New_York,Yahoo Finance
CPT,2026-08-18,109.30999755859375,109.3499984741211,107.2300033569336,107.27999877929688,107.27999877929688,619400,USD,NYQ,America/New_York,Yahoo Finance
CPT,2026-08-19,108.62999725341797,109.19999694824219,107.5199966430664,108.4000015258789,108.4000015258789,709500,USD,NYQ,America/New_York,Yahoo Finance
CPT,2026-08-20,108.48999786376953,109.33000183105469,107.83999633789062,107.91999816894531,107.91999816894531,1055600,USD,NYQ,America/New_York,Yahoo Finance
CPT,2026-08-21,108.08000183105469,108.5,107.25,107.58999633789062,107.58999633789062,1246200,USD,NYQ,America/New_York,Yahoo Finance
CPT,2026-08-24,107.95999908447266,109.38999938964844,107.69000244140625,109.1500015258789,109.1500015258789,744200,USD,NYQ,America/New_York,Yahoo Finance
CPT,2026-08-25,108.5,109.0999984741211,107.76000213623047,108.27999877929688,108.27999877929688,798000,USD,NYQ,America/New_York,Yahoo Finance
CPT,2026-08-26,107.55999755859375,108.61000061035156,107.19999694824219,107.61000061035156,107.61000061035156,558800,USD,NYQ,America/New_York,Yahoo Finance
CPT,2026-08-27,106.93000030517578,107.44000244140625,105.63999938964844,105.79000091552734,105.79000091552734,659200,USD,NYQ,America/New_York,Yahoo Finance
CPT,2026-08-28,106.33999633789062,106.55999755859375,105.79000091552734,106.3499984741211,106.3499984741211,868800,USD,NYQ,America/New_York,Yahoo Finance
CPT,2026-08-31,106.08000183105469,106.26000213623047,104.97000122070312,105.80000305175781,105.80000305175781,1300500,USD,NYQ,America/New_York,Yahoo Finance
CPT,2026-09-01,106.0999984741211,106.5199966430664,105.47000122070312,105.95999908447266,105.95999908447266,864400,USD,NYQ,America/New_York,Yahoo Finance
CPT,2026-09-02,106.44000244140625,106.44000244140625,104.93000030517578,105.54000091552734,105.54000091552734,785900,USD,NYQ,America/New_York,Yahoo Finance
CPT,2026-09-03,106.16999816894531,106.2300033569336,105.33999633789062,105.5999984741211,105.5999984741211,1040400,USD,NYQ,America/New_York,Yahoo Finance
CPT,2026-09-04,104.77999877929688,106.16000366210938,104.69999694824219,105.69000244140625,105.69000244140625,811100,USD,NYQ,America/New_York,Yahoo Finance
CPT,2026-09-08,105.69000244140625,106.54000091552734,104.62999725341797,104.70999908447266,104.70999908447266,1277900,USD,NYQ,America/New_York,Yahoo Finance
CPT,2026-09-09,105.04000091552734,105.62000274658203,103.45999908447266,104.11000061035156,104.11000061035156,1097600,USD,NYQ,America/New_York,Yahoo Finance
CPT,2026-09-10,104.5,104.70999908447266,102.20999908447266,102.5,102.5,782500,USD,NYQ,America/New_York,Yahoo Finance
CPT,2026-09-11,102.91999816894531,103.69000244140625,102.08999633789062,103.01000213623047,103.01000213623047,987500,USD,NYQ,America/New_York,Yahoo Finance
CPT,2026-09-14,103.23999786376953,103.83000183105469,101.98999786376953,103.83000183105469,103.83000183105469,686200,USD,NYQ,America/New_York,Yahoo Finance
CPT,2026-09-15,103.54000091552734,103.97000122070312,102.55000305175781,102.83999633789062,102.83999633789062,804300,USD,NYQ,America/New_York,Yahoo Finance
CPT,2026-09-16,102.77999877929688,103.26000213623047,100.43000030517578,101.30000305175781,101.30000305175781,967300,USD,NYQ,America/New_York,Yahoo Finance
CPT,2026-09-17,101.83000183105469,101.87000274658203,100.8499984741211,100.93000030517578,100.93000030517578,962900,USD,NYQ,America/New_York,Yahoo Finance
CPT,2026-09-18,100.55999755859375,101.02999877929688,99.0999984741211,99.12000274658203,99.12000274658203,2100300,USD,NYQ,America/New_York,Yahoo Finance
CPT,2026-09-21,99.19999694824219,99.44999694824219,98.27999877929688,98.81999969482422,98.81999969482422,1513400,USD,NYQ,America/New_York,Yahoo Finance
CPT,2026-09-22,99.0999984741211,100.16000366210938,98.69999694824219,99.30999755859375,99.30999755859375,873800,USD,NYQ,America/New_York,Yahoo Finance
CPT,2026-09-23,98.7300033569336,99.69000244140625,97.62000274658203,97.68000030517578,97.68000030517578,1369100,USD,NYQ,America/New_York,Yahoo Finance
CPT,2026-09-24,97.6500015258789,99.16999816894531,96.9000015258789,97.41000366210938,97.41000366210938,1877600,USD,NYQ,America/New_York,Yahoo Finance
CPT,2026-09-25,97.33000183105469,98.51000213623047,96.88999938964844,98.12000274658203,98.12000274658203,1550600,USD,NYQ,America/New_York,Yahoo Finance
CPT,2026-09-28,98.16000366210938,98.69000244140625,97.0,98.4000015258789,98.4000015258789,1450500,USD,NYQ,America/New_York,Yahoo Finance
CRV-USD,2026-09-04,0.36470699310302734,0.38086599111557007,0.3513000011444092,0.35176700353622437,0.35176700353622437,70945686,USD,CCC,UTC,Yahoo Finance
CRV-USD,2026-09-05,0.3517630100250244,0.3862990140914917,0.3483780026435852,0.3791379928588867,0.3791379928588867,54519077,USD,CCC,UTC,Yahoo Finance
CRV-USD,2026-09-06,0.3791410028934479,0.3901189863681793,0.36267900466918945,0.3818320035934448,0.3818320035934448,67237050,USD,CCC,UTC,Yahoo Finance
CRV-USD,2026-09-07,0.3818329870700836,0.4043309986591339,0.365092009305954,0.36967599391937256,0.36967599391937256,68075475,USD,CCC,UTC,Yahoo Finance
CRV-USD,2026-09-08,0.36967599391937256,0.37181299924850464,0.3566330075263977,0.36304599046707153,0.36304599046707153,40336320,USD,CCC,UTC,Yahoo Finance
CRV-USD,2026-09-09,0.36304599046707153,0.36650198698043823,0.351485013961792,0.3560369908809662,0.3560369908809662,36741229,USD,CCC,UTC,Yahoo Finance
CRV-USD,2026-09-10,0.3560369908809662,0.3581419885158539,0.33469799160957336,0.3358759880065918,0.3358759880065918,50413030,USD,CCC,UTC,Yahoo Finance
CRV-USD,2026-09-11,0.3358609974384308,0.35708001255989075,0.3317970037460327,0.3350830078125,0.3350830078125,44436203,USD,CCC,UTC,Yahoo Finance
CRV-USD,2026-09-12,0.335114985704422,0.34198200702667236,0.3312849998474121,0.3331649899482727,0.3331649899482727,25176034,USD,CCC,UTC,Yahoo Finance
CRV-USD,2026-09-13,0.3331640064716339,0.3546200096607208,0.331045001745224,0.3455449938774109,0.3455449938774109,43707435,USD,CCC,UTC,Yahoo Finance
CRV-USD,2026-09-14,0.3455429971218109,0.3625360131263733,0.3446980118751526,0.34701699018478394,0.34701699018478394,36203993,USD,CCC,UTC,Yahoo Finance
CRV-USD,2026-09-15,0.34701600670814514,0.3548629879951477,0.3130449950695038,0.32028698921203613,0.32028698921203613,57145608,USD,CCC,UTC,Yahoo Finance
CRV-USD,2026-09-16,0.3202880024909973,0.3210909962654114,0.30153200030326843,0.3203969895839691,0.3203969895839691,50279459,USD,CCC,UTC,Yahoo Finance
CRV-USD,2026-09-17,0.32040199637413025,0.3371720016002655,0.3096959888935089,0.3275890052318573,0.3275890052318573,56994637,USD,CCC,UTC,Yahoo Finance
CRV-USD,2026-09-18,0.3276140093803406,0.346109002828598,0.3273339867591858,0.34367600083351135,0.34367600083351135,65222092,USD,CCC,UTC,Yahoo Finance
CRV-USD,2026-09-19,0.3436799943447113,0.34721699357032776,0.33495500683784485,0.34417399764060974,0.34417399764060974,49053163,USD,CCC,UTC,Yahoo Finance
CRV-USD,2026-09-20,0.3441709876060486,0.36497798562049866,0.32701900601387024,0.3546459972858429,0.3546459972858429,61993970,USD,CCC,UTC,Yahoo Finance
CRV-USD,2026-09-21,0.35464000701904297,0.3715110123157501,0.3425709903240204,0.36678001284599304,0.36678001284599304,94987716,USD,CCC,UTC,Yahoo Finance
CRV-USD,2026-09-22,0.36680299043655396,0.36932098865509033,0.3492630124092102,0.36256900429725647,0.36256900429725647,65363554,USD,CCC,UTC,Yahoo Finance
CRV-USD,2026-09-23,0.36256900429725647,0.36826398968696594,0.32141798734664917,0.32490798830986023,0.32490798830986023,82400693,USD,CCC,UTC,Yahoo Finance
CRV-USD,2026-09-24,0.3249039947986603,0.35432499647140503,0.3249039947986603,0.34599798917770386,0.34599798917770386,63488020,USD,CCC,UTC,Yahoo Finance
CRV-USD,2026-09-25,0.34599900245666504,0.3553830087184906,0.33661800622940063,0.3550350069999695,0.3550350069999695,53526915,USD,CCC,UTC,Yahoo Finance
CRV-USD,2026-09-26,0.3550359904766083,0.3589709997177124,0.3383199870586395,0.34797099232673645,0.34797099232673645,42103750,USD,CCC,UTC,Yahoo Finance
CRV-USD,2026-09-27,0.3479610085487366,0.35423898696899414,0.34141701459884644,0.35398998856544495,0.35398998856544495,40080747,USD,CCC,UTC,Yahoo Finance
CRV-USD,2026-09-28,0.35398200154304504,0.3830049932003021,0.3236069977283478,0.3804439902305603,0.3804439902305603,116522007,USD,CCC,UTC,Yahoo Finance
CRV-USD,2026-09-29,0.38043901324272156,0.4126250147819519,0.36957401037216187,0.3812110126018524,0.3812110126018524,202568274,USD,CCC,UTC,Yahoo Finance
CRV-USD,2026-09-30,0.3812110126018524,0.410304993391037,0.3754970133304596,0.3934969902038574,0.3934969902038574,94014548,USD,CCC,UTC,Yahoo Finance
CRV-USD,2026-10-01,0.39352598786354065,0.3994840085506439,0.3730210065841675,0.37393099069595337,0.37393099069595337,56979323,USD,CCC,UTC,Yahoo Finance
CRV-USD,2026-10-02,0.37393099069595337,0.3887290060520172,0.3556410074234009,0.36798998713493347,0.36798998713493347,72164674,USD,CCC,UTC,Yahoo Finance
CRV-USD,2026-10-03,0.36805298924446106,0.3845280110836029,0.367931991815567,0.3813140094280243,0.3813140094280243,43485946,USD,CCC,UTC,Yahoo Finance
CSIQ,2026-08-17,15.170000076293945,15.270000457763672,14.739999771118164,14.789999961853027,14.789999961853027,1226000,USD,NMS,America/New_York,Yahoo Finance
CSIQ,2026-08-18,14.300000190734863,14.890000343322754,14.279999732971191,14.739999771118164,14.739999771118164,1450700,USD,NMS,America/New_York,Yahoo Finance
CSIQ,2026-08-19,14.979999542236328,15.920000076293945,14.800000190734863,15.779999732971191,15.779999732971191,1586200,USD,NMS,America/New_York,Yahoo Finance
CSIQ,2026-08-20,15.6899995803833,15.930000305175781,14.489999771118164,14.729999542236328,14.729999542236328,2441400,USD,NMS,America/New_York,Yahoo Finance
CSIQ,2026-08-21,15.0,15.149999618530273,14.180000305175781,14.550000190734863,14.550000190734863,1839300,USD,NMS,America/New_York,Yahoo Finance
CSIQ,2026-08-24,14.449999809265137,14.579999923706055,14.15999984741211,14.319999694824219,14.319999694824219,1183500,USD,NMS,America/New_York,Yahoo Finance
CSIQ,2026-08-25,14.609999656677246,14.680000305175781,14.029999732971191,14.279999732971191,14.279999732971191,1541600,USD,NMS,America/New_York,Yahoo Finance
CSIQ,2026-08-26,14.25,14.3100004196167,13.579999923706055,13.869999885559082,13.869999885559082,1627200,USD,NMS,America/New_York,Yahoo Finance
CSIQ,2026-08-27,13.40999984741211,14.3100004196167,12.920000076293945,13.979999542236328,13.979999542236328,3414400,USD,NMS,America/New_York,Yahoo Finance
CSIQ,2026-08-28,13.649999618530273,13.779999732971191,12.90999984741211,13.140000343322754,13.140000343322754,3093300,USD,NMS,America/New_York,Yahoo Finance
CSIQ,2026-08-31,13.100000381469727,13.119999885559082,12.239999771118164,12.329999923706055,12.329999923706055,3386100,USD,NMS,America/New_York,Yahoo Finance
CSIQ,2026-09-01,12.180000305175781,12.819999694824219,12.130000114440918,12.65999984741211,12.65999984741211,2291600,USD,NMS,America/New_York,Yahoo Finance
CSIQ,2026-09-02,12.670000076293945,13.399999618530273,12.619999885559082,13.359999656677246,13.359999656677246,2545000,USD,NMS,America/New_York,Yahoo Finance
CSIQ,2026-09-03,13.3100004196167,13.6899995803833,13.289999961853027,13.529999732971191,13.529999732971191,1574100,USD,NMS,America/New_York,Yahoo Finance
CSIQ,2026-09-04,13.5,13.65999984741211,13.199999809265137,13.220000267028809,13.220000267028809,1430600,USD,NMS,America/New_York,Yahoo Finance
CSIQ,2026-09-08,13.40999984741211,14.229999542236328,13.260000228881836,13.869999885559082,13.869999885559082,2431100,USD,NMS,America/New_York,Yahoo Finance
CSIQ,2026-09-09,13.779999732971191,14.1899995803833,13.260000228881836,13.460000038146973,13.460000038146973,1696700,USD,NMS,America/New_York,Yahoo Finance
CSIQ,2026-09-10,13.109999656677246,13.40999984741211,12.75,13.029999732971191,13.029999732971191,1633900,USD,NMS,America/New_York,Yahoo Finance
CSIQ,2026-09-11,13.0600004196167,13.260000228881836,12.699999809265137,12.760000228881836,12.760000228881836,1700900,USD,NMS,America/New_York,Yahoo Finance
CSIQ,2026-09-14,12.550000190734863,12.989999771118164,12.420000076293945,12.949999809265137,12.949999809265137,1114700,USD,NMS,America/New_York,Yahoo Finance
CSIQ,2026-09-15,12.789999961853027,12.9399995803833,12.15999984741211,12.239999771118164,12.239999771118164,1397300,USD,NMS,America/New_York,Yahoo Finance
CSIQ,2026-09-16,12.399999618530273,12.4399995803833,11.100000381469727,11.34000015258789,11.34000015258789,2925000,USD,NMS,America/New_York,Yahoo Finance
CSIQ,2026-09-17,11.529999732971191,12.020000457763672,11.529999732971191,11.75,11.75,2099700,USD,NMS,America/New_York,Yahoo Finance
CSIQ,2026-09-18,11.859999656677246,11.90999984741211,11.140000343322754,11.399999618530273,11.399999618530273,2313100,USD,NMS,America/New_York,Yahoo Finance
CSIQ,2026-09-21,11.65999984741211,11.800000190734863,11.270000457763672,11.770000457763672,11.770000457763672,1453700,USD,NMS,America/New_York,Yahoo Finance
CSIQ,2026-09-22,11.770000457763672,11.829999923706055,11.619999885559082,11.770000457763672,11.770000457763672,1248000,USD,NMS,America/New_York,Yahoo Finance
CSIQ,2026-09-23,11.65999984741211,11.710000038146973,11.170000076293945,11.34000015258789,11.34000015258789,1594000,USD,NMS,America/New_York,Yahoo Finance
CSIQ,2026-09-24,11.170000076293945,11.170000076293945,10.699999809265137,10.949999809265137,10.949999809265137,2763800,USD,NMS,America/New_York,Yahoo Finance
CSIQ,2026-09-25,11.09000015258789,11.15999984741211,10.710000038146973,10.800000190734863,10.800000190734863,2005100,USD,NMS,America/New_York,Yahoo Finance
CSIQ,2026-09-28,10.699999809265137,10.789999961853027,10.34000015258789,10.420000076293945,10.420000076293945,1676100,USD,NMS,America/New_York,Yahoo Finance
CSQ,2026-08-17,21.079999923706055,21.079999923706055,20.8700008392334,20.899999618530273,20.764545440673828,144500,USD,NGM,America/New_York,Yahoo Finance
CSQ,2026-08-18,20.790000915527344,20.860000610351562,20.719999313354492,20.790000915527344,20.65526008605957,133400,USD,NGM,America/New_York,Yahoo Finance
CSQ,2026-08-19,20.829999923706055,21.049999237060547,20.729999542236328,20.81999969482422,20.6850643157959,176600,USD,NGM,America/New_York,Yahoo Finance
CSQ,2026-08-20,20.709999084472656,20.799999237060547,20.6200008392334,20.68000030517578,20.54597282409668,215000,USD,NGM,America/New_York,Yahoo Finance
CSQ,2026-08-21,20.8700008392334,20.8700008392334,20.690000534057617,20.739999771118164,20.60558319091797,331900,USD,NGM,America/New_York,Yahoo Finance
CSQ,2026-08-24,20.639999389648438,20.709999084472656,20.479999542236328,20.6299991607666,20.496295928955078,243000,USD,NGM,America/New_York,Yahoo Finance
CSQ,2026-08-25,20.829999923706055,20.850000381469727,20.600000381469727,20.829999923706055,20.69499969482422,128300,USD,NGM,America/New_York,Yahoo Finance
CSQ,2026-08-26,20.639999389648438,20.8700008392334,20.600000381469727,20.84000015258789,20.70493507385254,126800,USD,NGM,America/New_York,Yahoo Finance
CSQ,2026-08-27,20.950000762939453,21.030000686645508,20.889999389648438,20.969999313354492,20.834091186523438,119700,USD,NGM,America/New_York,Yahoo Finance
CSQ,2026-08-28,20.969999313354492,21.1200008392334,20.899999618530273,20.959999084472656,20.824155807495117,118200,USD,NGM,America/New_York,Yahoo Finance
CSQ,2026-08-31,20.93000030517578,21.100000381469727,20.790000915527344,20.940000534057617,20.80428695678711,172900,USD,NGM,America/New_York,Yahoo Finance
CSQ,2026-09-01,20.81999969482422,20.81999969482422,20.670000076293945,20.729999542236328,20.59564781188965,152900,USD,NGM,America/New_York,Yahoo Finance
CSQ,2026-09-02,20.8799991607666,20.950000762939453,20.799999237060547,20.889999389648438,20.754610061645508,133100,USD,NGM,America/New_York,Yahoo Finance
CSQ,2026-09-03,20.889999389648438,21.100000381469727,20.790000915527344,21.059999465942383,20.923507690429688,133800,USD,NGM,America/New_York,Yahoo Finance
CSQ,2026-09-04,21.110000610351562,21.170000076293945,21.0,21.09000015258789,20.95331382751465,180300,USD,NGM,America/New_York,Yahoo Finance
CSQ,2026-09-08,21.1299991607666,21.139999389648438,20.8700008392334,20.979999542236328,20.844026565551758,179800,USD,NGM,America/New_York,Yahoo Finance
CSQ,2026-09-09,20.850000381469727,20.969999313354492,20.809999465942383,20.850000381469727,20.71487045288086,183000,USD,NGM,America/New_York,Yahoo Finance
CSQ,2026-09-10,20.780000686645508,20.860000610351562,20.600000381469727,20.600000381469727,20.466489791870117,98300,USD,NGM,America/New_York,Yahoo Finance
CSQ,2026-09-11,20.780000686645508,20.950000762939453,20.639999389648438,20.829999923706055,20.69499969482422,155100,USD,NGM,America/New_York,Yahoo Finance
CSQ,2026-09-14,20.520000457763672,20.579999923706055,20.399999618530273,20.43000030517578,20.43000030517578,147500,USD,NGM,America/New_York,Yahoo Finance
CSQ,2026-09-15,20.3799991607666,20.389999389648438,20.18000030517578,20.280000686645508,20.280000686645508,163700,USD,NGM,America/New_York,Yahoo Finance
CSQ,2026-09-16,20.280000686645508,20.5,20.010000228881836,20.15999984741211,20.15999984741211,156700,USD,NGM,America/New_York,Yahoo Finance
CSQ,2026-09-17,20.3799991607666,20.540000915527344,20.209999084472656,20.459999084472656,20.459999084472656,185900,USD,NGM,America/New_York,Yahoo Finance
CSQ,2026-09-18,20.520000457763672,20.709999084472656,20.31999969482422,20.510000228881836,20.510000228881836,203800,USD,NGM,America/New_York,Yahoo Finance
CSQ,2026-09-21,20.84000015258789,20.969999313354492,20.670000076293945,20.920000076293945,20.920000076293945,356700,USD,NGM,America/New_York,Yahoo Finance
CSQ,2026-09-22,20.780000686645508,21.100000381469727,20.770000457763672,21.059999465942383,21.059999465942383,258600,USD,NGM,America/New_York,Yahoo Finance
CSQ,2026-09-23,20.850000381469727,20.899999618530273,20.6200008392334,20.75,20.75,161900,USD,NGM,America/New_York,Yahoo Finance
CSQ,2026-09-24,20.6200008392334,20.75,20.510000228881836,20.670000076293945,20.670000076293945,122800,USD,NGM,America/New_York,Yahoo Finance
CSQ,2026-09-25,20.850000381469727,20.8700008392334,20.540000915527344,20.75,20.75,210500,USD,NGM,America/New_York,Yahoo Finance
CSQ,2026-09-28,20.56999969482422,20.709999084472656,20.40999984741211,20.440000534057617,20.440000534057617,181600,USD,NGM,America/New_York,Yahoo Finance
CTKB,2026-08-17,4.659999847412109,4.760000228881836,4.570000171661377,4.739999771118164,4.739999771118164,497800,USD,NMS,America/New_York,Yahoo Finance
CTKB,2026-08-18,4.769999980926514,4.769999980926514,4.599999904632568,4.670000076293945,4.670000076293945,713300,USD,NMS,America/New_York,Yahoo Finance
CTKB,2026-08-19,4.670000076293945,4.920000076293945,4.670000076293945,4.699999809265137,4.699999809265137,1038800,USD,NMS,America/New_York,Yahoo Finance
CTKB,2026-08-20,4.630000114440918,4.78000020980835,4.614999771118164,4.659999847412109,4.659999847412109,800600,USD,NMS,America/New_York,Yahoo Finance
CTKB,2026-08-21,4.690000057220459,4.829999923706055,4.590000152587891,4.809999942779541,4.809999942779541,820000,USD,NMS,America/New_York,Yahoo Finance
CTKB,2026-08-24,4.800000190734863,4.840000152587891,4.289999961853027,4.440000057220459,4.440000057220459,943500,USD,NMS,America/New_York,Yahoo Finance
CTKB,2026-08-25,4.449999809265137,4.579999923706055,4.360000133514404,4.579999923706055,4.579999923706055,605100,USD,NMS,America/New_York,Yahoo Finance
CTKB,2026-08-26,4.53000020980835,4.579999923706055,4.508999824523926,4.570000171661377,4.570000171661377,437700,USD,NMS,America/New_York,Yahoo Finance
CTKB,2026-08-27,4.570000171661377,4.735000133514404,4.559999942779541,4.619999885559082,4.619999885559082,651400,USD,NMS,America/New_York,Yahoo Finance
CTKB,2026-08-28,4.619999885559082,4.710000038146973,4.480000019073486,4.679999828338623,4.679999828338623,796300,USD,NMS,America/New_York,Yahoo Finance
CTKB,2026-08-31,4.630000114440918,4.804999828338623,4.480000019073486,4.78000020980835,4.78000020980835,958600,USD,NMS,America/New_York,Yahoo Finance
CTKB,2026-09-01,4.775000095367432,4.804999828338623,4.550000190734863,4.619999885559082,4.619999885559082,629400,USD,NMS,America/New_York,Yahoo Finance
CTKB,2026-09-02,4.659999847412109,4.78000020980835,4.579999923706055,4.690000057220459,4.690000057220459,564600,USD,NMS,America/New_York,Yahoo Finance
CTKB,2026-09-03,4.699999809265137,4.769999980926514,4.514999866485596,4.699999809265137,4.699999809265137,485300,USD,NMS,America/New_York,Yahoo Finance
CTKB,2026-09-04,4.670000076293945,4.729000091552734,4.619999885559082,4.699999809265137,4.699999809265137,478200,USD,NMS,America/New_York,Yahoo Finance
CTKB,2026-09-08,4.639999866485596,4.679999828338623,4.539999961853027,4.619999885559082,4.619999885559082,649700,USD,NMS,America/New_York,Yahoo Finance
CTKB,2026-09-09,4.590000152587891,4.75,4.550000190734863,4.730000019073486,4.730000019073486,810200,USD,NMS,America/New_York,Yahoo Finance
CTKB,2026-09-10,4.690000057220459,4.699999809265137,4.510000228881836,4.53000020980835,4.53000020980835,2417100,USD,NMS,America/New_York,Yahoo Finance
CTKB,2026-09-11,4.610000133514404,4.639999866485596,4.485000133514404,4.610000133514404,4.610000133514404,897700,USD,NMS,America/New_York,Yahoo Finance
CTKB,2026-09-14,4.619999885559082,4.860000133514404,4.570000171661377,4.829999923706055,4.829999923706055,1165800,USD,NMS,America/New_York,Yahoo Finance
CTKB,2026-09-15,4.809999942779541,5.019999980926514,4.800000190734863,4.889999866485596,4.889999866485596,1119700,USD,NMS,America/New_York,Yahoo Finance
CTKB,2026-09-16,4.889999866485596,5.005000114440918,4.769999980926514,4.929999828338623,4.929999828338623,1555300,USD,NMS,America/New_York,Yahoo Finance
CTKB,2026-09-17,4.989999771118164,5.295000076293945,4.909999847412109,5.210000038146973,5.210000038146973,2231800,USD,NMS,America/New_York,Yahoo Finance
CTKB,2026-09-18,5.090000152587891,5.315000057220459,5.090000152587891,5.300000190734863,5.300000190734863,2085900,USD,NMS,America/New_York,Yahoo Finance
CTKB,2026-09-21,5.320000171661377,5.320000171661377,5.199999809265137,5.28000020980835,5.28000020980835,1254800,USD,NMS,America/New_York,Yahoo Finance
CTKB,2026-09-22,5.289999961853027,5.840000152587891,5.260000228881836,5.710000038146973,5.710000038146973,3778800,USD,NMS,America/New_York,Yahoo Finance
CTKB,2026-09-23,5.730000019073486,5.849999904632568,5.630000114440918,5.679999828338623,5.679999828338623,1261200,USD,NMS,America/New_York,Yahoo Finance
CTKB,2026-09-24,5.639999866485596,5.829999923706055,5.480000019073486,5.730000019073486,5.730000019073486,1595500,USD,NMS,America/New_York,Yahoo Finance
CTKB,2026-09-25,5.710000038146973,5.75,5.570000171661377,5.650000095367432,5.650000095367432,1494800,USD,NMS,America/New_York,Yahoo Finance
CTKB,2026-09-28,5.619999885559082,5.78000020980835,5.53000020980835,5.739999771118164,5.739999771118164,1085800,USD,NMS,America/New_York,Yahoo Finance
CTO,2026-08-17,21.979999542236328,22.0,21.799999237060547,21.90999984741211,21.520944595336914,261300,USD,NYQ,America/New_York,Yahoo Finance
CTO,2026-08-18,22.06999969482422,22.139999389648438,21.829999923706055,21.860000610351562,21.471832275390625,289100,USD,NYQ,America/New_York,Yahoo Finance
CTO,2026-08-19,21.969999313354492,22.030000686645508,21.84000015258789,22.030000686645508,21.63881492614746,469500,USD,NYQ,America/New_York,Yahoo Finance
CTO,2026-08-20,22.0,22.049999237060547,21.84000015258789,21.979999542236328,21.58970069885254,378700,USD,NYQ,America/New_York,Yahoo Finance
CTO,2026-08-21,22.0,22.0,21.75,21.799999237060547,21.41289710998535,728500,USD,NYQ,America/New_York,Yahoo Finance
CTO,2026-08-24,21.850000381469727,22.100000381469727,21.809999465942383,22.0,21.609346389770508,314900,USD,NYQ,America/New_York,Yahoo Finance
CTO,2026-08-25,22.020000457763672,22.040000915527344,21.829999923706055,21.950000762939453,21.56023406982422,322000,USD,NYQ,America/New_York,Yahoo Finance
CTO,2026-08-26,21.90999984741211,21.90999984741211,21.65999984741211,21.709999084472656,21.324495315551758,415600,USD,NYQ,America/New_York,Yahoo Finance
CTO,2026-08-27,21.56999969482422,21.610000610351562,21.40999984741211,21.440000534057617,21.059289932250977,296500,USD,NYQ,America/New_York,Yahoo Finance
CTO,2026-08-28,21.540000915527344,21.739999771118164,21.440000534057617,21.56999969482422,21.186981201171875,310600,USD,NYQ,America/New_York,Yahoo Finance
CTO,2026-08-31,21.450000762939453,21.5,21.270000457763672,21.34000015258789,20.9610652923584,440900,USD,NYQ,America/New_York,Yahoo Finance
CTO,2026-09-01,21.350000381469727,21.5,21.34000015258789,21.5,21.11822509765625,271500,USD,NYQ,America/New_York,Yahoo Finance
CTO,2026-09-02,21.649999618530273,21.649999618530273,21.31999969482422,21.43000030517578,21.049467086791992,291200,USD,NYQ,America/New_York,Yahoo Finance
CTO,2026-09-03,21.6200008392334,21.6200008392334,21.350000381469727,21.420000076293945,21.039644241333008,225600,USD,NYQ,America/New_York,Yahoo Finance
CTO,2026-09-04,21.350000381469727,21.639999389648438,21.350000381469727,21.489999771118164,21.108402252197266,198900,USD,NYQ,America/New_York,Yahoo Finance
CTO,2026-09-08,21.43000030517578,21.68000030517578,21.3799991607666,21.489999771118164,21.108402252197266,390500,USD,NYQ,America/New_York,Yahoo Finance
CTO,2026-09-09,21.489999771118164,21.520000457763672,21.260000228881836,21.399999618530273,21.020000457763672,357900,USD,NYQ,America/New_York,Yahoo Finance
CTO,2026-09-10,21.010000228881836,21.139999389648438,20.760000228881836,20.829999923706055,20.829999923706055,362800,USD,NYQ,America/New_York,Yahoo Finance
CTO,2026-09-11,20.84000015258789,20.989999771118164,20.649999618530273,20.709999084472656,20.709999084472656,328900,USD,NYQ,America/New_York,Yahoo Finance
CTO,2026-09-14,20.889999389648438,21.030000686645508,20.700000762939453,20.860000610351562,20.860000610351562,273600,USD,NYQ,America/New_York,Yahoo Finance
CTO,2026-09-15,20.809999465942383,20.90999984741211,20.65999984741211,20.75,20.75,315100,USD,NYQ,America/New_York,Yahoo Finance
CTO,2026-09-16,20.770000457763672,20.940000534057617,20.479999542236328,20.700000762939453,20.700000762939453,481000,USD,NYQ,America/New_York,Yahoo Finance
CTO,2026-09-17,20.850000381469727,20.940000534057617,20.3700008392334,20.399999618530273,20.399999618530273,403900,USD,NYQ,America/New_York,Yahoo Finance
CTO,2026-09-18,20.309999465942383,20.440000534057617,20.15999984741211,20.280000686645508,20.280000686645508,1548300,USD,NYQ,America/New_York,Yahoo Finance
CTO,2026-09-21,20.3700008392334,20.530000686645508,20.260000228881836,20.329999923706055,20.329999923706055,346400,USD,NYQ,America/New_York,Yahoo Finance
CTO,2026-09-22,20.450000762939453,20.540000915527344,20.290000915527344,20.3799991607666,20.3799991607666,369300,USD,NYQ,America/New_York,Yahoo Finance
CTO,2026-09-23,20.299999237060547,20.399999618530273,20.079999923706055,20.25,20.25,485500,USD,NYQ,America/New_York,Yahoo Finance
CTO,2026-09-24,20.309999465942383,20.65999984741211,20.290000915527344,20.549999237060547,20.549999237060547,495600,USD,NYQ,America/New_York,Yahoo Finance
CTO,2026-09-25,20.5,20.81999969482422,20.270000457763672,20.719999313354492,20.719999313354492,532400,USD,NYQ,America/New_York,Yahoo Finance
CTO,2026-09-28,20.75,20.940000534057617,20.440000534057617,20.479999542236328,20.479999542236328,305600,USD,NYQ,America/New_York,Yahoo Finance
CWST,2026-08-17,89.29000091552734,90.72000122070312,88.38999938964844,89.30999755859375,89.30999755859375,403500,USD,NMS,America/New_York,Yahoo Finance
CWST,2026-08-18,90.13999938964844,90.8499984741211,89.58000183105469,89.91000366210938,89.91000366210938,445100,USD,NMS,America/New_York,Yahoo Finance
CWST,2026-08-19,90.33000183105469,94.77999877929688,89.30000305175781,92.8499984741211,92.8499984741211,466500,USD,NMS,America/New_York,Yahoo Finance
CWST,2026-08-20,91.91999816894531,93.54000091552734,91.76000213623047,93.05000305175781,93.05000305175781,267600,USD,NMS,America/New_York,Yahoo Finance
CWST,2026-08-21,93.62000274658203,93.95999908447266,91.91999816894531,92.01000213623047,92.01000213623047,279800,USD,NMS,America/New_York,Yahoo Finance
CWST,2026-08-24,92.91000366210938,95.1500015258789,92.44999694824219,94.77999877929688,94.77999877929688,745800,USD,NMS,America/New_York,Yahoo Finance
CWST,2026-08-25,94.5,94.7699966430664,92.0,93.43000030517578,93.43000030517578,478600,USD,NMS,America/New_York,Yahoo Finance
CWST,2026-08-26,93.55999755859375,94.16000366210938,92.7699966430664,93.73999786376953,93.73999786376953,250100,USD,NMS,America/New_York,Yahoo Finance
CWST,2026-08-27,92.37999725341797,93.7300033569336,91.58999633789062,93.0,93.0,290600,USD,NMS,America/New_York,Yahoo Finance
CWST,2026-08-28,94.16000366210938,94.2300033569336,92.38999938964844,93.68000030517578,93.68000030517578,361900,USD,NMS,America/New_York,Yahoo Finance
CWST,2026-08-31,92.80999755859375,93.6500015258789,91.75,92.25,92.25,442200,USD,NMS,America/New_York,Yahoo Finance
CWST,2026-09-01,92.25,94.31999969482422,91.61000061035156,92.6500015258789,92.6500015258789,403400,USD,NMS,America/New_York,Yahoo Finance
CWST,2026-09-02,92.66000366210938,94.9000015258789,91.91000366210938,93.4000015258789,93.4000015258789,458300,USD,NMS,America/New_York,Yahoo Finance
CWST,2026-09-03,94.69999694824219,97.16000366210938,93.27999877929688,95.95999908447266,95.95999908447266,517100,USD,NMS,America/New_York,Yahoo Finance
CWST,2026-09-04,93.83999633789062,94.97000122070312,92.22000122070312,93.52999877929688,93.52999877929688,356700,USD,NMS,America/New_York,Yahoo Finance
CWST,2026-09-08,92.44000244140625,93.13999938964844,91.44999694824219,92.06999969482422,92.06999969482422,398600,USD,NMS,America/New_York,Yahoo Finance
CWST,2026-09-09,91.66000366210938,91.66000366210938,89.43000030517578,91.16000366210938,91.16000366210938,526300,USD,NMS,America/New_York,Yahoo Finance
CWST,2026-09-10,91.26000213623047,92.33999633789062,89.11000061035156,89.94000244140625,89.94000244140625,517300,USD,NMS,America/New_York,Yahoo Finance
CWST,2026-09-11,90.8499984741211,90.8499984741211,88.5199966430664,89.91000366210938,89.91000366210938,517700,USD,NMS,America/New_York,Yahoo Finance
CWST,2026-09-14,90.44000244140625,92.55000305175781,89.47000122070312,90.94999694824219,90.94999694824219,387200,USD,NMS,America/New_York,Yahoo Finance
CWST,2026-09-15,90.30999755859375,91.55000305175781,88.69000244140625,90.33999633789062,90.33999633789062,416300,USD,NMS,America/New_York,Yahoo Finance
CWST,2026-09-16,90.16999816894531,92.19000244140625,89.2699966430664,90.05999755859375,90.05999755859375,472000,USD,NMS,America/New_York,Yahoo Finance
CWST,2026-09-17,91.11000061035156,91.11000061035156,88.58999633789062,88.70999908447266,88.70999908447266,384200,USD,NMS,America/New_York,Yahoo Finance
CWST,2026-09-18,89.02999877929688,89.7699966430664,88.31999969482422,89.06999969482422,89.06999969482422,1264400,USD,NMS,America/New_York,Yahoo Finance
CWST,2026-09-21,88.68000030517578,89.27999877929688,86.80000305175781,87.05000305175781,87.05000305175781,509300,USD,NMS,America/New_York,Yahoo Finance
CWST,2026-09-22,87.75,87.75,84.54000091552734,85.76000213623047,85.76000213623047,701300,USD,NMS,America/New_York,Yahoo Finance
CWST,2026-09-23,85.02999877929688,85.55000305175781,83.47000122070312,84.80000305175781,84.80000305175781,557400,USD,NMS,America/New_York,Yahoo Finance
CWST,2026-09-24,85.4000015258789,86.0199966430664,83.69999694824219,83.83000183105469,83.83000183105469,383100,USD,NMS,America/New_York,Yahoo Finance
CWST,2026-09-25,83.06999969482422,83.73999786376953,82.18000030517578,82.23999786376953,82.23999786376953,429200,USD,NMS,America/New_York,Yahoo Finance
CWST,2026-09-28,82.2300033569336,83.01000213623047,81.0,81.5999984741211,81.5999984741211,557200,USD,NMS,America/New_York,Yahoo Finance
DCO,2026-08-17,207.0,209.27000427246094,204.0800018310547,205.22999572753906,205.22999572753906,157700,USD,NYQ,America/New_York,Yahoo Finance
DCO,2026-08-18,203.0,206.0,201.1699981689453,204.27000427246094,204.27000427246094,162300,USD,NYQ,America/New_York,Yahoo Finance
DCO,2026-08-19,205.1999969482422,205.1999969482422,198.8000030517578,200.16000366210938,200.16000366210938,172600,USD,NYQ,America/New_York,Yahoo Finance
DCO,2026-08-20,199.08999633789062,200.25,188.07000732421875,189.0800018310547,189.0800018310547,228000,USD,NYQ,America/New_York,Yahoo Finance
DCO,2026-08-21,191.8000030517578,193.0,187.50999450683594,191.64999389648438,191.64999389648438,162600,USD,NYQ,America/New_York,Yahoo Finance
DCO,2026-08-24,191.47000122070312,193.99000549316406,182.9600067138672,183.9600067138672,183.9600067138672,140900,USD,NYQ,America/New_York,Yahoo Finance
DCO,2026-08-25,187.77999877929688,188.22000122070312,180.05999755859375,181.36000061035156,181.36000061035156,166300,USD,NYQ,America/New_York,Yahoo Finance
DCO,2026-08-26,182.8800048828125,186.4600067138672,182.47999572753906,185.36000061035156,185.36000061035156,161200,USD,NYQ,America/New_York,Yahoo Finance
DCO,2026-08-27,186.1300048828125,188.25999450683594,182.22000122070312,183.92999267578125,183.92999267578125,206700,USD,NYQ,America/New_York,Yahoo Finance
DCO,2026-08-28,183.74000549316406,185.0,174.5399932861328,176.3000030517578,176.3000030517578,219300,USD,NYQ,America/New_York,Yahoo Finance
DCO,2026-08-31,176.83999633789062,177.8800048828125,169.75999450683594,171.4199981689453,171.4199981689453,372000,USD,NYQ,America/New_York,Yahoo Finance
DCO,2026-09-01,171.24000549316406,173.05999755859375,168.08999633789062,168.75,168.75,185600,USD,NYQ,America/New_York,Yahoo Finance
DCO,2026-09-02,170.38999938964844,170.38999938964844,164.33999633789062,165.60000610351562,165.60000610351562,208500,USD,NYQ,America/New_York,Yahoo Finance
DCO,2026-09-03,167.08999633789062,167.42999267578125,161.17999267578125,166.52000427246094,166.52000427246094,173100,USD,NYQ,America/New_York,Yahoo Finance
DCO,2026-09-04,166.35000610351562,169.8800048828125,166.35000610351562,168.32000732421875,168.32000732421875,136000,USD,NYQ,America/New_York,Yahoo Finance
DCO,2026-09-08,167.99000549316406,170.50999450683594,166.0800018310547,168.3300018310547,168.3300018310547,149100,USD,NYQ,America/New_York,Yahoo Finance
DCO,2026-09-09,167.85000610351562,168.75999450683594,166.22000122070312,166.3800048828125,166.3800048828125,158300,USD,NYQ,America/New_York,Yahoo Finance
DCO,2026-09-10,164.9600067138672,168.77999877929688,164.0800018310547,167.13999938964844,167.13999938964844,218600,USD,NYQ,America/New_York,Yahoo Finance
DCO,2026-09-11,169.64999389648438,173.07000732421875,166.61000061035156,172.72999572753906,172.72999572753906,424600,USD,NYQ,America/New_York,Yahoo Finance
DCO,2026-09-14,170.13999938964844,170.77999877929688,164.2899932861328,164.5,164.5,222800,USD,NYQ,America/New_York,Yahoo Finance
DCO,2026-09-15,166.97000122070312,169.85000610351562,156.30999755859375,166.32000732421875,166.32000732421875,322700,USD,NYQ,America/New_York,Yahoo Finance
DCO,2026-09-16,166.49000549316406,174.0,164.39999389648438,171.52000427246094,171.52000427246094,362200,USD,NYQ,America/New_York,Yahoo Finance
DCO,2026-09-17,176.38999938964844,176.38999938964844,162.6699981689453,166.55999755859375,166.55999755859375,214300,USD,NYQ,America/New_York,Yahoo Finance
DCO,2026-09-18,168.1699981689453,168.75999450683594,165.3300018310547,166.25,166.25,543800,USD,NYQ,America/New_York,Yahoo Finance
DCO,2026-09-21,168.00999450683594,170.22000122070312,165.3800048828125,168.08999633789062,168.08999633789062,223500,USD,NYQ,America/New_York,Yahoo Finance
DCO,2026-09-22,168.74000549316406,170.74000549316406,164.10000610351562,166.4499969482422,166.4499969482422,255500,USD,NYQ,America/New_York,Yahoo Finance
DCO,2026-09-23,167.88999938964844,172.92999267578125,164.60000610351562,172.50999450683594,172.50999450683594,243300,USD,NYQ,America/New_York,Yahoo Finance
DCO,2026-09-24,173.64999389648438,175.32000732421875,170.50999450683594,174.57000732421875,174.57000732421875,249100,USD,NYQ,America/New_York,Yahoo Finance
DCO,2026-09-25,175.13999938964844,177.22000122070312,172.14999389648438,172.14999389648438,172.14999389648438,290900,USD,NYQ,America/New_York,Yahoo Finance
DCO,2026-09-28,170.7100067138672,170.7100067138672,167.47000122070312,169.0399932861328,169.0399932861328,134900,USD,NYQ,America/New_York,Yahoo Finance
DCTH,2026-08-21,16.84000015258789,17.149999618530273,16.600000381469727,17.139999389648438,17.139999389648438,509100,USD,NCM,America/New_York,Yahoo Finance
DCTH,2026-08-24,17.110000610351562,17.139999389648438,16.68000030517578,16.75,16.75,417000,USD,NCM,America/New_York,Yahoo Finance
DCTH,2026-08-25,16.899999618530273,17.125,16.799999237060547,16.920000076293945,16.920000076293945,503700,USD,NCM,America/New_York,Yahoo Finance
DCTH,2026-08-26,16.899999618530273,16.940000534057617,16.350000381469727,16.399999618530273,16.399999618530273,367200,USD,NCM,America/New_York,Yahoo Finance
DCTH,2026-08-27,16.3799991607666,16.540000915527344,16.229999542236328,16.389999389648438,16.389999389648438,402600,USD,NCM,America/New_York,Yahoo Finance
DCTH,2026-08-28,16.31999969482422,16.489999771118164,16.149999618530273,16.34000015258789,16.34000015258789,491000,USD,NCM,America/New_York,Yahoo Finance
DCTH,2026-08-31,16.270000457763672,16.479999542236328,16.100000381469727,16.459999084472656,16.459999084472656,402700,USD,NCM,America/New_York,Yahoo Finance
DCTH,2026-09-01,16.479999542236328,16.549999237060547,16.235000610351562,16.399999618530273,16.399999618530273,360400,USD,NCM,America/New_York,Yahoo Finance
DCTH,2026-09-02,16.389999389648438,16.7810001373291,16.315000534057617,16.579999923706055,16.579999923706055,448600,USD,NCM,America/New_York,Yahoo Finance
DCTH,2026-09-03,16.690000534057617,16.690000534057617,16.280000686645508,16.479999542236328,16.479999542236328,268600,USD,NCM,America/New_York,Yahoo Finance
DCTH,2026-09-04,16.31999969482422,16.489999771118164,16.25,16.479999542236328,16.479999542236328,180800,USD,NCM,America/New_York,Yahoo Finance
DCTH,2026-09-08,16.260000228881836,16.3700008392334,15.920000076293945,16.079999923706055,16.079999923706055,259200,USD,NCM,America/New_York,Yahoo Finance
DCTH,2026-09-09,16.079999923706055,16.270000457763672,15.899999618530273,15.979999542236328,15.979999542236328,384700,USD,NCM,America/New_York,Yahoo Finance
DCTH,2026-09-10,16.1200008392334,16.1200008392334,15.680000305175781,15.800000190734863,15.800000190734863,303600,USD,NCM,America/New_York,Yahoo Finance
DCTH,2026-09-11,15.989999771118164,16.0,15.729999542236328,15.90999984741211,15.90999984741211,347100,USD,NCM,America/New_York,Yahoo Finance
DCTH,2026-09-14,15.949999809265137,16.510000228881836,15.949999809265137,16.440000534057617,16.440000534057617,503400,USD,NCM,America/New_York,Yahoo Finance
DCTH,2026-09-15,16.489999771118164,16.489999771118164,15.880000114440918,16.170000076293945,16.170000076293945,322200,USD,NCM,America/New_York,Yahoo Finance
DCTH,2026-09-16,16.15999984741211,16.485000610351562,16.059999465942383,16.219999313354492,16.219999313354492,463200,USD,NCM,America/New_York,Yahoo Finance
DCTH,2026-09-17,16.469999313354492,16.5,16.1200008392334,16.25,16.25,437200,USD,NCM,America/New_York,Yahoo Finance
DCTH,2026-09-18,16.25,16.260000228881836,16.0,16.110000610351562,16.110000610351562,703100,USD,NCM,America/New_York,Yahoo Finance
DCTH,2026-09-21,16.25,16.25,15.869999885559082,16.110000610351562,16.110000610351562,365500,USD,NCM,America/New_York,Yahoo Finance
DCTH,2026-09-22,16.200000762939453,16.43000030517578,16.049999237060547,16.399999618530273,16.399999618530273,368600,USD,NCM,America/New_York,Yahoo Finance
DCTH,2026-09-23,16.299999237060547,16.3799991607666,15.680000305175781,15.960000038146973,15.960000038146973,279500,USD,NCM,America/New_York,Yahoo Finance
DCTH,2026-09-24,15.90999984741211,16.100000381469727,15.520000457763672,16.079999923706055,16.079999923706055,276500,USD,NCM,America/New_York,Yahoo Finance
DCTH,2026-09-25,16.09000015258789,16.149999618530273,15.5600004196167,15.600000381469727,15.600000381469727,262300,USD,NCM,America/New_York,Yahoo Finance
DCTH,2026-09-28,15.75,15.84000015258789,15.380000114440918,15.8100004196167,15.8100004196167,304200,USD,NCM,America/New_York,Yahoo Finance
DCTH,2026-09-29,15.800000190734863,15.9399995803833,15.65999984741211,15.850000381469727,15.850000381469727,263700,USD,NCM,America/New_York,Yahoo Finance
DCTH,2026-09-30,15.880000114440918,16.020000457763672,15.699999809265137,15.970000267028809,15.970000267028809,300700,USD,NCM,America/New_York,Yahoo Finance
DCTH,2026-10-01,15.899999618530273,15.930000305175781,15.350000381469727,15.40999984741211,15.40999984741211,468100,USD,NCM,America/New_York,Yahoo Finance
DCTH,2026-10-02,15.569999694824219,15.600000381469727,15.0600004196167,15.130000114440918,15.130000114440918,436600,USD,NCM,America/New_York,Yahoo Finance
DGXX,2026-08-21,3.990000009536743,4.179999828338623,3.825000047683716,4.070000171661377,4.070000171661377,3652900,USD,NCM,America/New_York,Yahoo Finance
DGXX,2026-08-24,4.038000106811523,4.195000171661377,3.9200000762939453,4.0,4.0,1915500,USD,NCM,America/New_York,Yahoo Finance
DGXX,2026-08-25,4.0,4.139999866485596,3.934999942779541,4.050000190734863,4.050000190734863,2121300,USD,NCM,America/New_York,Yahoo Finance
DGXX,2026-08-26,3.9700000286102295,4.039999961853027,3.8499999046325684,3.9000000953674316,3.9000000953674316,1759600,USD,NCM,America/New_York,Yahoo Finance
DGXX,2026-08-27,4.0,4.269999980926514,3.9800000190734863,4.03000020980835,4.03000020980835,2346600,USD,NCM,America/New_York,Yahoo Finance
DGXX,2026-08-28,3.994999885559082,3.994999885559082,3.680000066757202,3.7300000190734863,3.7300000190734863,2917300,USD,NCM,America/New_York,Yahoo Finance
DGXX,2026-08-31,3.7300000190734863,3.7799999713897705,3.5850000381469727,3.5999999046325684,3.5999999046325684,2685600,USD,NCM,America/New_York,Yahoo Finance
DGXX,2026-09-01,3.5199999809265137,3.569999933242798,3.4000000953674316,3.4200000762939453,3.4200000762939453,1542600,USD,NCM,America/New_York,Yahoo Finance
DGXX,2026-09-02,3.440000057220459,3.4649999141693115,3.3399999141693115,3.430000066757202,3.430000066757202,1382900,USD,NCM,America/New_York,Yahoo Finance
DGXX,2026-09-03,3.5,3.7899999618530273,3.4600000381469727,3.7200000286102295,3.7200000286102295,2238000,USD,NCM,America/New_York,Yahoo Finance
DGXX,2026-09-04,3.6700000762939453,3.7899999618530273,3.6700000762939453,3.75,3.75,1149700,USD,NCM,America/New_York,Yahoo Finance
DGXX,2026-09-08,3.75,4.079999923706055,3.734999895095825,3.9100000858306885,3.9100000858306885,2628500,USD,NCM,America/New_York,Yahoo Finance
DGXX,2026-09-09,3.9000000953674316,4.0,3.7899999618530273,3.799999952316284,3.799999952316284,1192100,USD,NCM,America/New_York,Yahoo Finance
DGXX,2026-09-10,3.6600000858306885,3.799999952316284,3.609999895095825,3.700000047683716,3.700000047683716,1325200,USD,NCM,America/New_York,Yahoo Finance
DGXX,2026-09-11,3.809999942779541,3.9049999713897705,3.7200000286102295,3.809999942779541,3.809999942779541,938800,USD,NCM,America/New_York,Yahoo Finance
DGXX,2026-09-14,3.630000114440918,3.7699999809265137,3.559999942779541,3.7300000190734863,3.7300000190734863,1474200,USD,NCM,America/New_York,Yahoo Finance
DGXX,2026-09-15,3.700000047683716,3.744999885559082,3.5799999237060547,3.6050000190734863,3.6050000190734863,1542400,USD,NCM,America/New_York,Yahoo Finance
DGXX,2026-09-16,3.5999999046325684,3.7149999141693115,3.569999933242798,3.6600000858306885,3.6600000858306885,1193300,USD,NCM,America/New_York,Yahoo Finance
DGXX,2026-09-17,3.799999952316284,3.9600000381469727,3.75,3.8399999141693115,3.8399999141693115,2072900,USD,NCM,America/New_York,Yahoo Finance
DGXX,2026-09-18,3.9200000762939453,4.110000133514404,3.7799999713897705,4.090000152587891,4.090000152587891,6691300,USD,NCM,America/New_York,Yahoo Finance
DGXX,2026-09-21,4.170000076293945,4.380000114440918,4.090000152587891,4.360000133514404,4.360000133514404,3062100,USD,NCM,America/New_York,Yahoo Finance
DGXX,2026-09-22,4.28000020980835,4.5,4.256999969482422,4.360000133514404,4.360000133514404,3071600,USD,NCM,America/New_York,Yahoo Finance
DGXX,2026-09-23,4.300000190734863,4.321000099182129,4.179999828338623,4.21999979019165,4.21999979019165,1568700,USD,NCM,America/New_York,Yahoo Finance
DGXX,2026-09-24,4.139999866485596,4.639999866485596,4.050000190734863,4.53000020980835,4.53000020980835,3891400,USD,NCM,America/New_York,Yahoo Finance
DGXX,2026-09-25,4.769999980926514,4.783999919891357,4.394999980926514,4.590000152587891,4.590000152587891,3605800,USD,NCM,America/New_York,Yahoo Finance
DGXX,2026-09-28,4.510000228881836,4.610000133514404,4.190000057220459,4.21999979019165,4.21999979019165,3158800,USD,NCM,America/New_York,Yahoo Finance
DGXX,2026-09-29,4.230000019073486,4.429999828338623,4.099999904632568,4.25,4.25,1676800,USD,NCM,America/New_York,Yahoo Finance
DGXX,2026-09-30,4.260000228881836,4.389999866485596,4.090000152587891,4.099999904632568,4.099999904632568,1651400,USD,NCM,America/New_York,Yahoo Finance
DGXX,2026-10-01,4.119999885559082,4.150000095367432,3.880000114440918,3.9700000286102295,3.9700000286102295,2457700,USD,NCM,America/New_York,Yahoo Finance
DGXX,2026-10-02,4.119999885559082,4.21999979019165,3.819999933242798,3.8399999141693115,3.8399999141693115,2954400,USD,NCM,America/New_York,Yahoo Finance
DLR,2026-08-17,199.61000061035156,199.85000610351562,197.88999938964844,197.91000366210938,196.5621795654297,1881400,USD,NYQ,America/New_York,Yahoo Finance
DLR,2026-08-18,198.8300018310547,199.2100067138672,195.1300048828125,195.25,193.9202880859375,1466100,USD,NYQ,America/New_York,Yahoo Finance
DLR,2026-08-19,197.17999267578125,197.17999267578125,188.4499969482422,192.35000610351562,191.0400390625,2353900,USD,NYQ,America/New_York,Yahoo Finance
DLR,2026-08-20,192.35000610351562,195.13999938964844,191.27000427246094,194.3000030517578,192.9767608642578,1367100,USD,NYQ,America/New_York,Yahoo Finance
DLR,2026-08-21,195.52999877929688,196.83999633789062,190.50999450683594,190.6199951171875,189.32180786132812,1633500,USD,NYQ,America/New_York,Yahoo Finance
DLR,2026-08-24,190.50999450683594,190.50999450683594,184.22000122070312,188.5500030517578,187.2659149169922,1739800,USD,NYQ,America/New_York,Yahoo Finance
DLR,2026-08-25,189.32000732421875,193.1699981689453,189.32000732421875,192.32000732421875,191.01025390625,1909700,USD,NYQ,America/New_York,Yahoo Finance
DLR,2026-08-26,191.94000244140625,194.36000061035156,191.49000549316406,193.42999267578125,192.1126708984375,1607500,USD,NYQ,America/New_York,Yahoo Finance
DLR,2026-08-27,193.9600067138672,196.8300018310547,191.47999572753906,192.10000610351562,190.791748046875,1154000,USD,NYQ,America/New_York,Yahoo Finance
DLR,2026-08-28,192.47000122070312,192.99000549316406,184.3000030517578,185.47000122070312,184.20689392089844,1699500,USD,NYQ,America/New_York,Yahoo Finance
DLR,2026-08-31,184.6199951171875,187.14999389648438,181.97999572753906,185.58999633789062,184.32606506347656,6409300,USD,NYQ,America/New_York,Yahoo Finance
DLR,2026-09-01,185.6699981689453,186.97000122070312,181.9199981689453,183.27000427246094,182.02188110351562,2188800,USD,NYQ,America/New_York,Yahoo Finance
DLR,2026-09-02,182.8699951171875,183.82000732421875,179.74000549316406,183.75999450683594,182.50852966308594,2045200,USD,NYQ,America/New_York,Yahoo Finance
DLR,2026-09-03,184.36000061035156,187.8800048828125,181.64999389648438,187.7899932861328,186.51109313964844,1453900,USD,NYQ,America/New_York,Yahoo Finance
DLR,2026-09-04,187.02000427246094,190.14999389648438,186.0399932861328,188.38999938964844,187.1070098876953,2079000,USD,NYQ,America/New_York,Yahoo Finance
DLR,2026-09-08,187.64999389648438,192.08999633789062,187.4499969482422,189.5,188.20944213867188,1573600,USD,NYQ,America/New_York,Yahoo Finance
DLR,2026-09-09,189.05999755859375,191.14999389648438,188.3800048828125,189.0800018310547,187.7923126220703,1503200,USD,NYQ,America/New_York,Yahoo Finance
DLR,2026-09-10,189.3000030517578,190.6699981689453,185.2899932861328,185.3699951171875,184.10757446289062,1534200,USD,NYQ,America/New_York,Yahoo Finance
DLR,2026-09-11,186.6699981689453,189.58999633789062,185.67999267578125,188.5800018310547,187.29571533203125,1339800,USD,NYQ,America/New_York,Yahoo Finance
DLR,2026-09-14,186.1300048828125,186.1300048828125,178.80999755859375,179.13999938964844,177.9199981689453,2044900,USD,NYQ,America/New_York,Yahoo Finance
DLR,2026-09-15,178.52999877929688,179.3699951171875,175.47000122070312,179.27000427246094,179.27000427246094,2253100,USD,NYQ,America/New_York,Yahoo Finance
DLR,2026-09-16,180.6699981689453,183.6199951171875,179.6999969482422,181.07000732421875,181.07000732421875,2634700,USD,NYQ,America/New_York,Yahoo Finance
DLR,2026-09-17,183.22000122070312,185.02000427246094,182.75999450683594,184.25999450683594,184.25999450683594,1695600,USD,NYQ,America/New_York,Yahoo Finance
DLR,2026-09-18,183.19000244140625,184.55999755859375,181.41000366210938,182.1199951171875,182.1199951171875,4556100,USD,NYQ,America/New_York,Yahoo Finance
DLR,2026-09-21,185.0500030517578,188.3699951171875,184.2100067138672,186.3300018310547,186.3300018310547,1679700,USD,NYQ,America/New_York,Yahoo Finance
DLR,2026-09-22,185.57000732421875,186.88999938964844,184.64999389648438,185.64999389648438,185.64999389648438,1537700,USD,NYQ,America/New_York,Yahoo Finance
DLR,2026-09-23,184.2899932861328,187.0,181.02999877929688,181.4499969482422,181.4499969482422,1604000,USD,NYQ,America/New_York,Yahoo Finance
DLR,2026-09-24,180.97000122070312,183.0500030517578,178.6300048828125,181.0,181.0,1289100,USD,NYQ,America/New_York,Yahoo Finance
DLR,2026-09-25,182.44000244140625,183.1300048828125,178.35000610351562,178.61000061035156,178.61000061035156,1483300,USD,NYQ,America/New_York,Yahoo Finance
DLR,2026-09-28,178.74000549316406,181.02000427246094,176.8699951171875,177.17999267578125,177.17999267578125,1363300,USD,NYQ,America/New_York,Yahoo Finance
DRH,2026-08-17,12.25,12.420000076293945,12.140000343322754,12.359999656677246,12.359999656677246,2326200,USD,NMS,America/New_York,Yahoo Finance
DRH,2026-08-18,12.369999885559082,12.539999961853027,12.3100004196167,12.489999771118164,12.489999771118164,1857000,USD,NMS,America/New_York,Yahoo Finance
DRH,2026-08-19,12.899999618530273,12.899999618530273,12.489999771118164,12.720000267028809,12.720000267028809,2317800,USD,NMS,America/New_York,Yahoo Finance
DRH,2026-08-20,12.649999618530273,12.8100004196167,12.59000015258789,12.770000457763672,12.770000457763672,1869100,USD,NMS,America/New_York,Yahoo Finance
DRH,2026-08-21,12.880000114440918,12.920000076293945,12.600000381469727,12.819999694824219,12.819999694824219,1831800,USD,NMS,America/New_York,Yahoo Finance
DRH,2026-08-24,12.859999656677246,12.970000267028809,12.619999885559082,12.739999771118164,12.739999771118164,4301700,USD,NMS,America/New_York,Yahoo Finance
DRH,2026-08-25,12.84000015258789,12.949999809265137,12.75,12.869999885559082,12.869999885559082,2055200,USD,NMS,America/New_York,Yahoo Finance
DRH,2026-08-26,12.880000114440918,12.880000114440918,12.609999656677246,12.619999885559082,12.619999885559082,2982100,USD,NMS,America/New_York,Yahoo Finance
DRH,2026-08-27,12.640000343322754,12.770000457763672,12.5,12.6899995803833,12.6899995803833,2013900,USD,NMS,America/New_York,Yahoo Finance
DRH,2026-08-28,12.710000038146973,12.760000228881836,12.609999656677246,12.699999809265137,12.699999809265137,2083400,USD,NMS,America/New_York,Yahoo Finance
DRH,2026-08-31,12.649999618530273,12.729999542236328,12.229999542236328,12.3100004196167,12.3100004196167,2388600,USD,NMS,America/New_York,Yahoo Finance
DRH,2026-09-01,12.319999694824219,12.369999885559082,11.930000305175781,12.0,12.0,2909900,USD,NMS,America/New_York,Yahoo Finance
DRH,2026-09-02,12.109999656677246,12.359999656677246,12.0600004196167,12.289999961853027,12.289999961853027,2956200,USD,NMS,America/New_York,Yahoo Finance
DRH,2026-09-03,12.380000114440918,12.420000076293945,12.039999961853027,12.0600004196167,12.0600004196167,2033200,USD,NMS,America/New_York,Yahoo Finance
DRH,2026-09-04,12.079999923706055,12.140000343322754,12.0,12.079999923706055,12.079999923706055,2182900,USD,NMS,America/New_York,Yahoo Finance
DRH,2026-09-08,12.039999961853027,12.229999542236328,11.960000038146973,11.970000267028809,11.970000267028809,2247300,USD,NMS,America/New_York,Yahoo Finance
DRH,2026-09-09,11.869999885559082,12.079999923706055,11.850000381469727,12.069999694824219,12.069999694824219,1852400,USD,NMS,America/New_York,Yahoo Finance
DRH,2026-09-10,12.15999984741211,12.229999542236328,12.039999961853027,12.180000305175781,12.180000305175781,2660400,USD,NMS,America/New_York,Yahoo Finance
DRH,2026-09-11,12.319999694824219,12.489999771118164,12.170000076293945,12.199999809265137,12.199999809265137,4857700,USD,NMS,America/New_York,Yahoo Finance
DRH,2026-09-14,12.119999885559082,12.420000076293945,12.0,12.319999694824219,12.319999694824219,2740300,USD,NMS,America/New_York,Yahoo Finance
DRH,2026-09-15,12.329999923706055,12.460000038146973,12.260000228881836,12.390000343322754,12.390000343322754,3256100,USD,NMS,America/New_York,Yahoo Finance
DRH,2026-09-16,12.390000343322754,12.539999961853027,12.050000190734863,12.270000457763672,12.270000457763672,4269800,USD,NMS,America/New_York,Yahoo Finance
DRH,2026-09-17,12.380000114440918,12.420000076293945,12.229999542236328,12.25,12.25,2315400,USD,NMS,America/New_York,Yahoo Finance
DRH,2026-09-18,12.1899995803833,12.270000457763672,12.100000381469727,12.239999771118164,12.239999771118164,5774600,USD,NMS,America/New_York,Yahoo Finance
DRH,2026-09-21,12.260000228881836,12.359999656677246,12.170000076293945,12.270000457763672,12.270000457763672,2882500,USD,NMS,America/New_York,Yahoo Finance
DRH,2026-09-22,12.399999618530273,12.520000457763672,12.229999542236328,12.3100004196167,12.3100004196167,2270800,USD,NMS,America/New_York,Yahoo Finance
DRH,2026-09-23,12.210000038146973,12.3100004196167,12.119999885559082,12.239999771118164,12.239999771118164,4342200,USD,NMS,America/New_York,Yahoo Finance
DRH,2026-09-24,12.25,12.529999732971191,12.210000038146973,12.420000076293945,12.420000076293945,2373300,USD,NMS,America/New_York,Yahoo Finance
DRH,2026-09-25,12.489999771118164,12.529999732971191,12.260000228881836,12.489999771118164,12.489999771118164,1985900,USD,NMS,America/New_York,Yahoo Finance
DRH,2026-09-28,12.489999771118164,12.699999809265137,12.4399995803833,12.640000343322754,12.640000343322754,2217700,USD,NMS,America/New_York,Yahoo Finance
DVN,2026-08-17,46.18000030517578,47.790000915527344,46.040000915527344,47.56999969482422,47.26390075683594,14835300,USD,NYQ,America/New_York,Yahoo Finance
DVN,2026-08-18,48.0,48.43000030517578,47.72999954223633,47.83000183105469,47.5222282409668,17761000,USD,NYQ,America/New_York,Yahoo Finance
DVN,2026-08-19,48.220001220703125,48.90999984741211,47.93000030517578,48.189998626708984,47.87990951538086,15097500,USD,NYQ,America/New_York,Yahoo Finance
DVN,2026-08-20,49.02000045776367,49.720001220703125,48.93000030517578,49.29999923706055,48.982765197753906,10357900,USD,NYQ,America/New_York,Yahoo Finance
DVN,2026-08-21,49.45000076293945,49.70000076293945,48.88999938964844,49.099998474121094,48.784053802490234,9005500,USD,NYQ,America/New_York,Yahoo Finance
DVN,2026-08-24,48.88999938964844,49.119998931884766,47.58000183105469,48.22999954223633,47.91965103149414,7617700,USD,NYQ,America/New_York,Yahoo Finance
DVN,2026-08-25,47.130001068115234,47.560001373291016,46.84000015258789,46.90999984741211,46.60814666748047,7305400,USD,NYQ,America/New_York,Yahoo Finance
DVN,2026-08-26,46.209999084472656,47.400001525878906,46.15999984741211,46.83000183105469,46.528663635253906,6339300,USD,NYQ,America/New_York,Yahoo Finance
DVN,2026-08-27,46.66999816894531,47.349998474121094,46.31999969482422,47.119998931884766,46.816795349121094,6443000,USD,NYQ,America/New_York,Yahoo Finance
DVN,2026-08-28,47.29999923706055,47.630001068115234,46.650001525878906,47.349998474121094,47.04531478881836,8783600,USD,NYQ,America/New_York,Yahoo Finance
DVN,2026-08-31,48.459999084472656,49.0099983215332,47.650001525878906,48.5099983215332,48.19784927368164,12617800,USD,NYQ,America/New_York,Yahoo Finance
DVN,2026-09-01,49.22999954223633,49.290000915527344,48.43000030517578,49.04999923706055,48.734375,10284400,USD,NYQ,America/New_York,Yahoo Finance
DVN,2026-09-02,48.41999816894531,49.279998779296875,48.25,49.029998779296875,48.71450424194336,8496300,USD,NYQ,America/New_York,Yahoo Finance
DVN,2026-09-03,49.13999938964844,49.459999084472656,48.689998626708984,48.790000915527344,48.476051330566406,11100500,USD,NYQ,America/New_York,Yahoo Finance
DVN,2026-09-04,48.400001525878906,48.439998626708984,47.45000076293945,48.060001373291016,47.75074768066406,8853200,USD,NYQ,America/New_York,Yahoo Finance
DVN,2026-09-08,48.650001525878906,49.08000183105469,48.130001068115234,48.400001525878906,48.08856201171875,10772400,USD,NYQ,America/New_York,Yahoo Finance
DVN,2026-09-09,49.20000076293945,49.45000076293945,48.630001068115234,48.97999954223633,48.664825439453125,9445600,USD,NYQ,America/New_York,Yahoo Finance
DVN,2026-09-10,50.0,50.04999923706055,48.5,50.02000045776367,49.69813537597656,16676800,USD,NYQ,America/New_York,Yahoo Finance
DVN,2026-09-11,49.650001525878906,50.2400016784668,49.22999954223633,50.22999954223633,49.90678405761719,10404100,USD,NYQ,America/New_York,Yahoo Finance
DVN,2026-09-14,51.18000030517578,51.70000076293945,49.599998474121094,49.72999954223633,49.40999984741211,14676300,USD,NYQ,America/New_York,Yahoo Finance
DVN,2026-09-15,50.040000915527344,51.560001373291016,49.93000030517578,51.33000183105469,51.33000183105469,11508100,USD,NYQ,America/New_York,Yahoo Finance
DVN,2026-09-16,50.470001220703125,50.470001220703125,48.2599983215332,48.439998626708984,48.439998626708984,14993000,USD,NYQ,America/New_York,Yahoo Finance
DVN,2026-09-17,48.02000045776367,48.72999954223633,47.75,48.720001220703125,48.720001220703125,12154100,USD,NYQ,America/New_York,Yahoo Finance
DVN,2026-09-18,48.56999969482422,49.0,48.18000030517578,48.61000061035156,48.61000061035156,39682700,USD,NYQ,America/New_York,Yahoo Finance
DVN,2026-09-21,47.79999923706055,48.15999984741211,47.08000183105469,47.59000015258789,47.59000015258789,13036900,USD,NYQ,America/New_York,Yahoo Finance
DVN,2026-09-22,46.79999923706055,47.810001373291016,46.4900016784668,46.93000030517578,46.93000030517578,9276700,USD,NYQ,America/New_York,Yahoo Finance
DVN,2026-09-23,47.380001068115234,48.79999923706055,47.0,48.040000915527344,48.040000915527344,14715300,USD,NYQ,America/New_York,Yahoo Finance
DVN,2026-09-24,48.54999923706055,49.709999084472656,48.220001220703125,48.900001525878906,48.900001525878906,17587300,USD,NYQ,America/New_York,Yahoo Finance
DVN,2026-09-25,47.84000015258789,48.130001068115234,47.0099983215332,47.04999923706055,47.04999923706055,10757700,USD,NYQ,America/New_York,Yahoo Finance
DVN,2026-09-28,47.779998779296875,48.0,46.56999969482422,46.72999954223633,46.72999954223633,9408700,USD,NYQ,America/New_York,Yahoo Finance
DXYZ,2026-08-17,32.43000030517578,34.27000045776367,31.149999618530273,34.0,34.0,1837700,USD,NYQ,America/New_York,Yahoo Finance
DXYZ,2026-08-18,32.25,33.790000915527344,31.329999923706055,33.150001525878906,33.150001525878906,1624700,USD,NYQ,America/New_York,Yahoo Finance
DXYZ,2026-08-19,32.689998626708984,33.4900016784668,31.209999084472656,33.43000030517578,33.43000030517578,1375700,USD,NYQ,America/New_York,Yahoo Finance
DXYZ,2026-08-20,31.799999237060547,34.68000030517578,31.799999237060547,34.650001525878906,34.650001525878906,1294500,USD,NYQ,America/New_York,Yahoo Finance
DXYZ,2026-08-21,34.88999938964844,34.88999938964844,33.09000015258789,34.43000030517578,34.43000030517578,1252100,USD,NYQ,America/New_York,Yahoo Finance
DXYZ,2026-08-24,33.099998474121094,33.25,31.549999237060547,32.400001525878906,32.400001525878906,1435700,USD,NYQ,America/New_York,Yahoo Finance
DXYZ,2026-08-25,32.59000015258789,34.650001525878906,32.58000183105469,34.650001525878906,34.650001525878906,1256200,USD,NYQ,America/New_York,Yahoo Finance
DXYZ,2026-08-26,33.95000076293945,35.72999954223633,33.540000915527344,34.54999923706055,34.54999923706055,762700,USD,NYQ,America/New_York,Yahoo Finance
DXYZ,2026-08-27,34.189998626708984,35.5,34.0099983215332,35.400001525878906,35.400001525878906,716900,USD,NYQ,America/New_York,Yahoo Finance
DXYZ,2026-08-28,35.02000045776367,36.08000183105469,33.880001068115234,34.7400016784668,34.7400016784668,1466100,USD,NYQ,America/New_York,Yahoo Finance
DXYZ,2026-08-31,33.16999816894531,33.189998626708984,31.219999313354492,32.130001068115234,32.130001068115234,1674400,USD,NYQ,America/New_York,Yahoo Finance
DXYZ,2026-09-01,31.360000610351562,31.790000915527344,30.190000534057617,31.600000381469727,31.600000381469727,1113800,USD,NYQ,America/New_York,Yahoo Finance
DXYZ,2026-09-02,31.399999618530273,33.0,30.860000610351562,32.70000076293945,32.70000076293945,670700,USD,NYQ,America/New_York,Yahoo Finance
DXYZ,2026-09-03,32.90999984741211,32.90999984741211,31.81999969482422,32.25,32.25,722700,USD,NYQ,America/New_York,Yahoo Finance
DXYZ,2026-09-04,31.709999084472656,32.95000076293945,31.527999877929688,32.70000076293945,32.70000076293945,718000,USD,NYQ,America/New_York,Yahoo Finance
DXYZ,2026-09-08,32.810001373291016,34.33000183105469,32.79999923706055,34.2400016784668,34.2400016784668,1373600,USD,NYQ,America/New_York,Yahoo Finance
DXYZ,2026-09-09,33.65999984741211,34.5,32.41999816894531,32.599998474121094,32.599998474121094,910500,USD,NYQ,America/New_York,Yahoo Finance
DXYZ,2026-09-10,31.610000610351562,33.380001068115234,31.200000762939453,32.04999923706055,32.04999923706055,639200,USD,NYQ,America/New_York,Yahoo Finance
DXYZ,2026-09-11,32.36000061035156,32.869998931884766,32.0,32.11000061035156,32.11000061035156,523600,USD,NYQ,America/New_York,Yahoo Finance
DXYZ,2026-09-14,30.399999618530273,31.65999984741211,30.239999771118164,31.56999969482422,31.56999969482422,853200,USD,NYQ,America/New_York,Yahoo Finance
DXYZ,2026-09-15,31.299999237060547,31.3700008392334,30.100000381469727,30.260000228881836,30.260000228881836,648100,USD,NYQ,America/New_York,Yahoo Finance
DXYZ,2026-09-16,30.270000457763672,31.200000762939453,30.139999389648438,30.75,30.75,685300,USD,NYQ,America/New_York,Yahoo Finance
DXYZ,2026-09-17,31.299999237060547,31.579999923706055,30.770000457763672,31.149999618530273,31.149999618530273,586500,USD,NYQ,America/New_York,Yahoo Finance
DXYZ,2026-09-18,31.549999237060547,32.099998474121094,30.649999618530273,31.309999465942383,31.309999465942383,1081900,USD,NYQ,America/New_York,Yahoo Finance
DXYZ,2026-09-21,31.850000381469727,31.944000244140625,30.81999969482422,30.989999771118164,30.989999771118164,940900,USD,NYQ,America/New_York,Yahoo Finance
DXYZ,2026-09-22,30.8799991607666,30.979999542236328,30.200000762939453,30.350000381469727,30.350000381469727,811200,USD,NYQ,America/New_York,Yahoo Finance
DXYZ,2026-09-23,30.389999389648438,30.530000686645508,29.329999923706055,29.729999542236328,29.729999542236328,898900,USD,NYQ,America/New_York,Yahoo Finance
DXYZ,2026-09-24,29.260000228881836,29.5,29.0,29.139999389648438,29.139999389648438,941400,USD,NYQ,America/New_York,Yahoo Finance
DXYZ,2026-09-25,29.100000381469727,30.719999313354492,29.020000457763672,30.6200008392334,30.6200008392334,797400,USD,NYQ,America/New_York,Yahoo Finance
DXYZ,2026-09-28,29.90999984741211,30.270000457763672,29.75,29.860000610351562,29.860000610351562,432400,USD,NYQ,America/New_York,Yahoo Finance
DYN,2026-08-17,25.898000717163086,26.43000030517578,25.299999237060547,26.149999618530273,26.149999618530273,1317600,USD,NMS,America/New_York,Yahoo Finance
DYN,2026-08-18,25.875,26.309999465942383,25.459999084472656,26.0,26.0,1900700,USD,NMS,America/New_York,Yahoo Finance
DYN,2026-08-19,26.5,26.940000534057617,25.979999542236328,26.780000686645508,26.780000686645508,1952000,USD,NMS,America/New_York,Yahoo Finance
DYN,2026-08-20,26.329999923706055,26.43000030517578,25.674999237060547,25.979999542236328,25.979999542236328,1484300,USD,NMS,America/New_York,Yahoo Finance
DYN,2026-08-21,26.21500015258789,26.8700008392334,26.020000457763672,26.100000381469727,26.100000381469727,1181800,USD,NMS,America/New_York,Yahoo Finance
DYN,2026-08-24,26.1299991607666,26.135000228881836,25.139999389648438,25.989999771118164,25.989999771118164,1370100,USD,NMS,America/New_York,Yahoo Finance
DYN,2026-08-25,26.280000686645508,26.690000534057617,25.96500015258789,26.34000015258789,26.34000015258789,1459200,USD,NMS,America/New_York,Yahoo Finance
DYN,2026-08-26,26.31999969482422,26.474000930786133,25.780000686645508,26.360000610351562,26.360000610351562,1527800,USD,NMS,America/New_York,Yahoo Finance
DYN,2026-08-27,26.290000915527344,26.489999771118164,25.975000381469727,26.09000015258789,26.09000015258789,1018700,USD,NMS,America/New_York,Yahoo Finance
DYN,2026-08-28,25.81999969482422,25.979999542236328,24.829999923706055,25.06999969482422,25.06999969482422,1186900,USD,NMS,America/New_York,Yahoo Finance
DYN,2026-08-31,24.920000076293945,25.649999618530273,24.579999923706055,25.43000030517578,25.43000030517578,2769300,USD,NMS,America/New_York,Yahoo Finance
DYN,2026-09-01,24.989999771118164,25.399999618530273,24.719999313354492,25.100000381469727,25.100000381469727,1629400,USD,NMS,America/New_York,Yahoo Finance
DYN,2026-09-02,25.549999237060547,26.18000030517578,24.920000076293945,25.139999389648438,25.139999389648438,2180600,USD,NMS,America/New_York,Yahoo Finance
DYN,2026-09-03,25.260000228881836,25.389999389648438,24.600000381469727,24.950000762939453,24.950000762939453,1453500,USD,NMS,America/New_York,Yahoo Finance
DYN,2026-09-04,24.59000015258789,24.700000762939453,24.139999389648438,24.280000686645508,24.280000686645508,1588000,USD,NMS,America/New_York,Yahoo Finance
DYN,2026-09-08,17.079999923706055,20.90999984741211,17.00200080871582,20.309999465942383,20.309999465942383,17173100,USD,NMS,America/New_York,Yahoo Finance
DYN,2026-09-09,19.3799991607666,20.15999984741211,18.969999313354492,19.190000534057617,19.190000534057617,5143000,USD,NMS,America/New_York,Yahoo Finance
DYN,2026-09-10,19.024999618530273,19.024999618530273,17.93000030517578,18.420000076293945,18.420000076293945,4709500,USD,NMS,America/New_York,Yahoo Finance
DYN,2026-09-11,18.59000015258789,18.739999771118164,17.940000534057617,18.209999084472656,18.209999084472656,3774300,USD,NMS,America/New_York,Yahoo Finance
DYN,2026-09-14,18.399999618530273,19.145000457763672,18.264999389648438,18.520000457763672,18.520000457763672,3196900,USD,NMS,America/New_York,Yahoo Finance
DYN,2026-09-15,18.520000457763672,18.6200008392334,17.8700008392334,17.899999618530273,17.899999618530273,3029200,USD,NMS,America/New_York,Yahoo Finance
DYN,2026-09-16,18.3700008392334,18.3700008392334,17.09000015258789,17.30500030517578,17.30500030517578,2156000,USD,NMS,America/New_York,Yahoo Finance
DYN,2026-09-17,17.899999618530273,18.104999542236328,17.6200008392334,18.059999465942383,18.059999465942383,2846800,USD,NMS,America/New_York,Yahoo Finance
DYN,2026-09-18,18.06999969482422,18.149999618530273,16.959999084472656,17.110000610351562,17.110000610351562,4849100,USD,NMS,America/New_York,Yahoo Finance
DYN,2026-09-21,17.309999465942383,17.59000015258789,16.75,17.1200008392334,17.1200008392334,3219800,USD,NMS,America/New_York,Yahoo Finance
DYN,2026-09-22,17.389999389648438,17.59000015258789,17.059999465942383,17.139999389648438,17.139999389648438,2627000,USD,NMS,America/New_York,Yahoo Finance
DYN,2026-09-23,17.079999923706055,17.08099937438965,16.18000030517578,16.229999542236328,16.229999542236328,2636200,USD,NMS,America/New_York,Yahoo Finance
DYN,2026-09-24,16.09000015258789,16.645000457763672,15.880000114440918,16.510000228881836,16.510000228881836,3197700,USD,NMS,America/New_York,Yahoo Finance
DYN,2026-09-25,16.6200008392334,16.7549991607666,16.020000457763672,16.030000686645508,16.030000686645508,1612100,USD,NMS,America/New_York,Yahoo Finance
DYN,2026-09-28,15.859999656677246,16.43000030517578,15.630000114440918,16.34000015258789,16.34000015258789,2305800,USD,NMS,America/New_York,Yahoo Finance
EHC,2026-08-17,122.58000183105469,123.55000305175781,121.83999633789062,121.98999786376953,121.98999786376953,877100,USD,NYQ,America/New_York,Yahoo Finance
EHC,2026-08-18,123.44999694824219,123.94999694824219,121.79000091552734,122.0999984741211,122.0999984741211,1087700,USD,NYQ,America/New_York,Yahoo Finance
EHC,2026-08-19,122.62999725341797,123.29000091552734,121.06999969482422,121.73999786376953,121.73999786376953,825600,USD,NYQ,America/New_York,Yahoo Finance
EHC,2026-08-20,120.98999786376953,123.18000030517578,120.52999877929688,120.91000366210938,120.91000366210938,766200,USD,NYQ,America/New_York,Yahoo Finance
EHC,2026-08-21,120.93000030517578,122.31999969482422,120.0999984741211,120.30999755859375,120.30999755859375,690500,USD,NYQ,America/New_York,Yahoo Finance
EHC,2026-08-24,120.70999908447266,122.31999969482422,120.27999877929688,120.91999816894531,120.91999816894531,689500,USD,NYQ,America/New_York,Yahoo Finance
EHC,2026-08-25,120.63999938964844,121.12000274658203,119.31999969482422,120.13999938964844,120.13999938964844,523500,USD,NYQ,America/New_York,Yahoo Finance
EHC,2026-08-26,120.19000244140625,122.02999877929688,119.05999755859375,120.77999877929688,120.77999877929688,1679300,USD,NYQ,America/New_York,Yahoo Finance
EHC,2026-08-27,120.05999755859375,120.88999938964844,118.7699966430664,119.56999969482422,119.56999969482422,858100,USD,NYQ,America/New_York,Yahoo Finance
EHC,2026-08-28,120.43000030517578,121.66000366210938,118.98999786376953,120.8499984741211,120.8499984741211,887900,USD,NYQ,America/New_York,Yahoo Finance
EHC,2026-08-31,120.44000244140625,122.13999938964844,119.0999984741211,120.20999908447266,120.20999908447266,720700,USD,NYQ,America/New_York,Yahoo Finance
EHC,2026-09-01,121.33999633789062,122.58999633789062,120.12999725341797,122.05000305175781,122.05000305175781,1034800,USD,NYQ,America/New_York,Yahoo Finance
EHC,2026-09-02,121.87000274658203,122.79000091552734,120.62999725341797,121.18000030517578,121.18000030517578,650800,USD,NYQ,America/New_York,Yahoo Finance
EHC,2026-09-03,121.98999786376953,123.1500015258789,121.05999755859375,122.58999633789062,122.58999633789062,759700,USD,NYQ,America/New_York,Yahoo Finance
EHC,2026-09-04,121.52999877929688,122.62000274658203,121.52999877929688,121.79000091552734,121.79000091552734,517700,USD,NYQ,America/New_York,Yahoo Finance
EHC,2026-09-08,120.68000030517578,122.02999877929688,120.01000213623047,120.47000122070312,120.47000122070312,805100,USD,NYQ,America/New_York,Yahoo Finance
EHC,2026-09-09,120.0,121.62999725341797,119.0,121.5199966430664,121.5199966430664,621000,USD,NYQ,America/New_York,Yahoo Finance
EHC,2026-09-10,122.48999786376953,124.25,120.41999816894531,121.04000091552734,121.04000091552734,710800,USD,NYQ,America/New_York,Yahoo Finance
EHC,2026-09-11,122.0199966430664,122.5999984741211,120.69000244140625,121.70999908447266,121.70999908447266,649300,USD,NYQ,America/New_York,Yahoo Finance
EHC,2026-09-14,123.05000305175781,123.95999908447266,122.4800033569336,122.52999877929688,122.52999877929688,747900,USD,NYQ,America/New_York,Yahoo Finance
EHC,2026-09-15,121.88999938964844,122.9800033569336,119.69999694824219,122.0,122.0,791800,USD,NYQ,America/New_York,Yahoo Finance
EHC,2026-09-16,121.88999938964844,124.77999877929688,121.41000366210938,123.91000366210938,123.91000366210938,879200,USD,NYQ,America/New_York,Yahoo Finance
EHC,2026-09-17,124.08000183105469,124.38999938964844,122.73999786376953,123.13999938964844,123.13999938964844,751700,USD,NYQ,America/New_York,Yahoo Finance
EHC,2026-09-18,123.27999877929688,123.44000244140625,120.91999816894531,121.75,121.75,1439600,USD,NYQ,America/New_York,Yahoo Finance
EHC,2026-09-21,121.73999786376953,123.66999816894531,120.06999969482422,121.55999755859375,121.55999755859375,801500,USD,NYQ,America/New_York,Yahoo Finance
EHC,2026-09-22,122.05999755859375,125.08000183105469,119.4800033569336,122.76000213623047,122.76000213623047,1138000,USD,NYQ,America/New_York,Yahoo Finance
EHC,2026-09-23,122.7300033569336,124.83999633789062,121.91000366210938,122.20999908447266,122.20999908447266,954400,USD,NYQ,America/New_York,Yahoo Finance
EHC,2026-09-24,122.86000061035156,124.54000091552734,121.37000274658203,122.01000213623047,122.01000213623047,849600,USD,NYQ,America/New_York,Yahoo Finance
EHC,2026-09-25,121.80999755859375,124.51000213623047,121.72000122070312,123.47000122070312,123.47000122070312,1223300,USD,NYQ,America/New_York,Yahoo Finance
EHC,2026-09-28,123.38999938964844,125.27999877929688,123.12999725341797,124.0199966430664,124.0199966430664,991100,USD,NYQ,America/New_York,Yahoo Finance
EPRT,2026-08-17,30.989999771118164,31.149999618530273,30.795000076293945,31.139999389648438,31.139999389648438,1299500,USD,NYQ,America/New_York,Yahoo Finance
EPRT,2026-08-18,31.329999923706055,31.399999618530273,30.6200008392334,30.799999237060547,30.799999237060547,1767200,USD,NYQ,America/New_York,Yahoo Finance
EPRT,2026-08-19,31.06999969482422,31.3799991607666,30.825000762939453,31.100000381469727,31.100000381469727,6939400,USD,NYQ,America/New_York,Yahoo Finance
EPRT,2026-08-20,31.209999084472656,31.399999618530273,30.940000534057617,31.170000076293945,31.170000076293945,1174300,USD,NYQ,America/New_York,Yahoo Finance
EPRT,2026-08-21,31.170000076293945,31.170000076293945,30.770000457763672,30.84000015258789,30.84000015258789,1157100,USD,NYQ,America/New_York,Yahoo Finance
EPRT,2026-08-24,30.979999542236328,31.225000381469727,30.850000381469727,30.979999542236328,30.979999542236328,1007100,USD,NYQ,America/New_York,Yahoo Finance
EPRT,2026-08-25,30.950000762939453,30.950000762939453,30.69499969482422,30.799999237060547,30.799999237060547,1541000,USD,NYQ,America/New_York,Yahoo Finance
EPRT,2026-08-26,30.90999984741211,30.90999984741211,30.545000076293945,30.709999084472656,30.709999084472656,1282500,USD,NYQ,America/New_York,Yahoo Finance
EPRT,2026-08-27,30.59000015258789,30.639999389648438,30.360000610351562,30.360000610351562,30.360000610351562,1101800,USD,NYQ,America/New_York,Yahoo Finance
EPRT,2026-08-28,30.559999465942383,30.575000762939453,30.299999237060547,30.3700008392334,30.3700008392334,734800,USD,NYQ,America/New_York,Yahoo Finance
EPRT,2026-08-31,30.299999237060547,30.299999237060547,29.954999923706055,30.0,30.0,1605000,USD,NYQ,America/New_York,Yahoo Finance
EPRT,2026-09-01,30.100000381469727,30.31999969482422,29.950000762939453,30.1200008392334,30.1200008392334,1458000,USD,NYQ,America/New_York,Yahoo Finance
EPRT,2026-09-02,30.229999542236328,30.264999389648438,29.774999618530273,29.969999313354492,29.969999313354492,1413400,USD,NYQ,America/New_York,Yahoo Finance
EPRT,2026-09-03,30.15999984741211,30.18000030517578,29.600000381469727,29.700000762939453,29.700000762939453,1407300,USD,NYQ,America/New_York,Yahoo Finance
EPRT,2026-09-04,29.6200008392334,29.969999313354492,29.56999969482422,29.639999389648438,29.639999389648438,1023800,USD,NYQ,America/New_York,Yahoo Finance
EPRT,2026-09-08,29.639999389648438,29.90999984741211,29.6200008392334,29.889999389648438,29.889999389648438,1174800,USD,NYQ,America/New_York,Yahoo Finance
EPRT,2026-09-09,29.979999542236328,29.979999542236328,29.375,29.579999923706055,29.579999923706055,1223700,USD,NYQ,America/New_York,Yahoo Finance
EPRT,2026-09-10,29.520000457763672,29.666000366210938,29.049999237060547,29.100000381469727,29.100000381469727,1371400,USD,NYQ,America/New_York,Yahoo Finance
EPRT,2026-09-11,29.170000076293945,29.440000534057617,28.75,28.790000915527344,28.790000915527344,1391800,USD,NYQ,America/New_York,Yahoo Finance
EPRT,2026-09-14,28.84000015258789,29.219999313354492,28.610000610351562,28.770000457763672,28.770000457763672,2105700,USD,NYQ,America/New_York,Yahoo Finance
EPRT,2026-09-15,28.700000762939453,28.780000686645508,27.969999313354492,27.989999771118164,27.989999771118164,4784300,USD,NYQ,America/New_York,Yahoo Finance
EPRT,2026-09-16,28.0,28.190000534057617,26.684999465942383,26.790000915527344,26.790000915527344,4893500,USD,NYQ,America/New_York,Yahoo Finance
EPRT,2026-09-17,26.969999313354492,27.049999237060547,26.559999465942383,26.799999237060547,26.799999237060547,3662700,USD,NYQ,America/New_York,Yahoo Finance
EPRT,2026-09-18,26.549999237060547,27.09000015258789,26.4689998626709,26.75,26.75,5283200,USD,NYQ,America/New_York,Yahoo Finance
EPRT,2026-09-21,26.860000610351562,27.09000015258789,26.729999542236328,26.760000228881836,26.760000228881836,3933700,USD,NYQ,America/New_York,Yahoo Finance
EPRT,2026-09-22,26.959999084472656,27.290000915527344,26.75,27.049999237060547,27.049999237060547,2300800,USD,NYQ,America/New_York,Yahoo Finance
EPRT,2026-09-23,26.8700008392334,27.020000457763672,26.559999465942383,26.8700008392334,26.8700008392334,2275900,USD,NYQ,America/New_York,Yahoo Finance
EPRT,2026-09-24,26.920000076293945,27.030000686645508,26.364999771118164,26.469999313354492,26.469999313354492,2322000,USD,NYQ,America/New_York,Yahoo Finance
EPRT,2026-09-25,26.329999923706055,26.55500030517578,26.209999084472656,26.530000686645508,26.530000686645508,1897900,USD,NYQ,America/New_York,Yahoo Finance
EPRT,2026-09-28,26.559999465942383,26.610000610351562,26.190000534057617,26.399999618530273,26.399999618530273,2005200,USD,NYQ,America/New_York,Yahoo Finance
ESAB,2026-08-17,84.5,84.62000274658203,81.88999938964844,82.12999725341797,82.12999725341797,961500,USD,NYQ,America/New_York,Yahoo Finance
ESAB,2026-08-18,82.67500305175781,82.67500305175781,78.8949966430664,78.97000122070312,78.97000122070312,890700,USD,NYQ,America/New_York,Yahoo Finance
ESAB,2026-08-19,80.33000183105469,80.81300354003906,77.69499969482422,78.88999938964844,78.88999938964844,1419800,USD,NYQ,America/New_York,Yahoo Finance
ESAB,2026-08-20,77.48999786376953,79.31600189208984,77.33999633789062,78.58000183105469,78.58000183105469,1129000,USD,NYQ,America/New_York,Yahoo Finance
ESAB,2026-08-21,79.3499984741211,81.79000091552734,77.69999694824219,81.4000015258789,81.4000015258789,863600,USD,NYQ,America/New_York,Yahoo Finance
ESAB,2026-08-24,81.44999694824219,82.84300231933594,78.66999816894531,79.25,79.25,710800,USD,NYQ,America/New_York,Yahoo Finance
ESAB,2026-08-25,80.51000213623047,81.20999908447266,79.04000091552734,80.45999908447266,80.45999908447266,506900,USD,NYQ,America/New_York,Yahoo Finance
ESAB,2026-08-26,81.2699966430664,83.19999694824219,81.2699966430664,82.2300033569336,82.2300033569336,478500,USD,NYQ,America/New_York,Yahoo Finance
ESAB,2026-08-27,81.94999694824219,82.21499633789062,78.5999984741211,78.98999786376953,78.98999786376953,553300,USD,NYQ,America/New_York,Yahoo Finance
ESAB,2026-08-28,79.27999877929688,79.4000015258789,75.83000183105469,76.43000030517578,76.43000030517578,858900,USD,NYQ,America/New_York,Yahoo Finance
ESAB,2026-08-31,75.75,76.9000015258789,74.69000244140625,75.37999725341797,75.37999725341797,924600,USD,NYQ,America/New_York,Yahoo Finance
ESAB,2026-09-01,74.81500244140625,75.94000244140625,73.77999877929688,74.04000091552734,74.04000091552734,904200,USD,NYQ,America/New_York,Yahoo Finance
ESAB,2026-09-02,74.45999908447266,75.12999725341797,73.30999755859375,73.97000122070312,73.97000122070312,652300,USD,NYQ,America/New_York,Yahoo Finance
ESAB,2026-09-03,75.08000183105469,75.63999938964844,73.20500183105469,74.69999694824219,74.69999694824219,902600,USD,NYQ,America/New_York,Yahoo Finance
ESAB,2026-09-04,74.69999694824219,76.05999755859375,74.28900146484375,75.0199966430664,75.0199966430664,644300,USD,NYQ,America/New_York,Yahoo Finance
ESAB,2026-09-08,75.16000366210938,75.48500061035156,73.73600006103516,74.73999786376953,74.73999786376953,526900,USD,NYQ,America/New_York,Yahoo Finance
ESAB,2026-09-09,73.62000274658203,74.47000122070312,72.76000213623047,72.80999755859375,72.80999755859375,676100,USD,NYQ,America/New_York,Yahoo Finance
ESAB,2026-09-10,70.91999816894531,72.0999984741211,68.22000122070312,69.2699966430664,69.2699966430664,1153800,USD,NYQ,America/New_York,Yahoo Finance
ESAB,2026-09-11,70.94000244140625,71.37000274658203,70.08999633789062,70.69000244140625,70.69000244140625,791800,USD,NYQ,America/New_York,Yahoo Finance
ESAB,2026-09-14,68.44000244140625,69.02999877929688,67.20999908447266,67.5199966430664,67.5199966430664,1241000,USD,NYQ,America/New_York,Yahoo Finance
ESAB,2026-09-15,68.25,68.4000015258789,66.66999816894531,67.20999908447266,67.20999908447266,935600,USD,NYQ,America/New_York,Yahoo Finance
ESAB,2026-09-16,67.69000244140625,69.06999969482422,66.18000030517578,66.4800033569336,66.4800033569336,913200,USD,NYQ,America/New_York,Yahoo Finance
ESAB,2026-09-17,68.31999969482422,70.0,66.2300033569336,66.66999816894531,66.66999816894531,1066600,USD,NYQ,America/New_York,Yahoo Finance
ESAB,2026-09-18,66.81999969482422,67.0999984741211,64.83000183105469,64.94000244140625,64.94000244140625,1034800,USD,NYQ,America/New_York,Yahoo Finance
ESAB,2026-09-21,65.98999786376953,67.8499984741211,64.86000061035156,67.01000213623047,67.01000213623047,1489800,USD,NYQ,America/New_York,Yahoo Finance
ESAB,2026-09-22,68.6500015258789,69.16500091552734,67.38500213623047,68.44000244140625,68.44000244140625,944500,USD,NYQ,America/New_York,Yahoo Finance
ESAB,2026-09-23,67.68000030517578,70.06500244140625,66.98500061035156,67.33000183105469,67.33000183105469,1209900,USD,NYQ,America/New_York,Yahoo Finance
ESAB,2026-09-24,66.48999786376953,68.37999725341797,66.16999816894531,67.88999938964844,67.88999938964844,1069600,USD,NYQ,America/New_York,Yahoo Finance
ESAB,2026-09-25,68.41999816894531,71.98999786376953,67.88999938964844,71.91000366210938,71.91000366210938,1070400,USD,NYQ,America/New_York,Yahoo Finance
ESAB,2026-09-28,70.97000122070312,71.68000030517578,66.30000305175781,67.25,67.25,1182100,USD,NYQ,America/New_York,Yahoo Finance
ETC-USD,2026-09-02,7.244042873382568,7.316290855407715,7.132475852966309,7.267474174499512,7.267474174499512,26859397,USD,CCC,UTC,Yahoo Finance
ETC-USD,2026-09-03,7.267547130584717,7.681906223297119,7.246511936187744,7.588479995727539,7.588479995727539,36632086,USD,CCC,UTC,Yahoo Finance
ETC-USD,2026-09-04,7.588527202606201,7.686483860015869,7.316212177276611,7.445583820343018,7.445583820343018,36387658,USD,CCC,UTC,Yahoo Finance
ETC-USD,2026-09-05,7.445528984069824,7.839899063110352,7.431653022766113,7.739307880401611,7.739307880401611,37813391,USD,CCC,UTC,Yahoo Finance
ETC-USD,2026-09-06,7.739389896392822,7.864855766296387,7.637221813201904,7.858616828918457,7.858616828918457,34833373,USD,CCC,UTC,Yahoo Finance
ETC-USD,2026-09-07,7.858549118041992,8.029256820678711,7.662349224090576,7.907286167144775,7.907286167144775,42064354,USD,CCC,UTC,Yahoo Finance
ETC-USD,2026-09-08,7.907286167144775,8.847732543945312,7.898839950561523,8.59830379486084,8.59830379486084,93457133,USD,CCC,UTC,Yahoo Finance
ETC-USD,2026-09-09,8.598230361938477,8.99344253540039,7.943210124969482,8.019214630126953,8.019214630126953,90231021,USD,CCC,UTC,Yahoo Finance
ETC-USD,2026-09-10,8.019094467163086,8.022239685058594,7.576234817504883,7.576234817504883,7.576234817504883,45592306,USD,CCC,UTC,Yahoo Finance
ETC-USD,2026-09-11,7.576234817504883,8.0206937789917,7.4375200271606445,7.625316143035889,7.625316143035889,50178090,USD,CCC,UTC,Yahoo Finance
ETC-USD,2026-09-12,7.625360012054443,7.783595085144043,7.5950608253479,7.613162994384766,7.613162994384766,25920449,USD,CCC,UTC,Yahoo Finance
ETC-USD,2026-09-13,7.613164901733398,7.689947128295898,7.405409812927246,7.427154064178467,7.427154064178467,33369667,USD,CCC,UTC,Yahoo Finance
ETC-USD,2026-09-14,7.427163124084473,7.756535053253174,7.426971912384033,7.564201831817627,7.564201831817627,34216919,USD,CCC,UTC,Yahoo Finance
ETC-USD,2026-09-15,7.563939094543457,7.573456764221191,7.128567218780518,7.192347049713135,7.192347049713135,41983947,USD,CCC,UTC,Yahoo Finance
ETC-USD,2026-09-16,7.192485809326172,7.376254081726074,7.093453884124756,7.37233304977417,7.37233304977417,33909944,USD,CCC,UTC,Yahoo Finance
ETC-USD,2026-09-17,7.372217178344727,7.520748138427734,7.3208208084106445,7.508953094482422,7.508953094482422,36504549,USD,CCC,UTC,Yahoo Finance
ETC-USD,2026-09-18,7.508714199066162,8.224410057067871,7.467000961303711,8.147627830505371,8.147627830505371,57494200,USD,CCC,UTC,Yahoo Finance
ETC-USD,2026-09-19,8.147627830505371,8.580751419067383,8.139559745788574,8.565478324890137,8.565478324890137,54477278,USD,CCC,UTC,Yahoo Finance
ETC-USD,2026-09-20,8.565400123596191,8.748885154724121,8.224175453186035,8.52561092376709,8.52561092376709,51100321,USD,CCC,UTC,Yahoo Finance
ETC-USD,2026-09-21,8.52553939819336,8.969395637512207,8.433356285095215,8.87777328491211,8.87777328491211,74439454,USD,CCC,UTC,Yahoo Finance
ETC-USD,2026-09-22,8.877660751342773,9.477895736694336,8.569955825805664,9.421465873718262,9.421465873718262,102052873,USD,CCC,UTC,Yahoo Finance
ETC-USD,2026-09-23,9.421470642089844,9.648822784423828,8.675369262695312,8.731962203979492,8.731962203979492,108657268,USD,CCC,UTC,Yahoo Finance
ETC-USD,2026-09-24,8.731954574584961,10.379558563232422,8.671793937683105,9.38499641418457,9.38499641418457,224573345,USD,CCC,UTC,Yahoo Finance
ETC-USD,2026-09-25,9.384867668151855,9.681059837341309,9.293669700622559,9.493788719177246,9.493788719177246,82810555,USD,CCC,UTC,Yahoo Finance
ETC-USD,2026-09-26,9.493788719177246,9.625480651855469,9.29308795928955,9.43583869934082,9.43583869934082,62071858,USD,CCC,UTC,Yahoo Finance
ETC-USD,2026-09-27,9.435880661010742,9.615409851074219,9.319842338562012,9.600054740905762,9.600054740905762,46493484,USD,CCC,UTC,Yahoo Finance
ETC-USD,2026-09-28,9.600114822387695,9.626190185546875,8.980420112609863,9.280425071716309,9.280425071716309,74019226,USD,CCC,UTC,Yahoo Finance
ETC-USD,2026-09-29,9.280425071716309,9.336747169494629,8.83812141418457,9.088566780090332,9.088566780090332,70315906,USD,CCC,UTC,Yahoo Finance
ETC-USD,2026-09-30,9.088720321655273,9.273609161376953,8.79470157623291,8.888999938964844,8.888999938964844,75471886,USD,CCC,UTC,Yahoo Finance
ETC-USD,2026-10-01,8.888999938964844,9.061347961425781,8.7719087600708,8.869794845581055,8.869794845581055,54884277,USD,CCC,UTC,Yahoo Finance
ETRA,2026-09-18,15.0,15.5,13.25,13.25,13.25,5124300,USD,NMS,America/New_York,Yahoo Finance
ETRA,2026-09-21,13.9399995803833,14.479999542236328,13.479999542236328,13.920000076293945,13.920000076293945,813200,USD,NMS,America/New_York,Yahoo Finance
ETRA,2026-09-22,13.880000114440918,14.119999885559082,13.109999656677246,13.619999885559082,13.619999885559082,439700,USD,NMS,America/New_York,Yahoo Finance
ETRA,2026-09-23,13.5600004196167,14.180000305175781,12.5,12.670000076293945,12.670000076293945,875400,USD,NMS,America/New_York,Yahoo Finance
ETRA,2026-09-24,12.539999961853027,13.5600004196167,11.710000038146973,11.819999694824219,11.819999694824219,445200,USD,NMS,America/New_York,Yahoo Finance
ETRA,2026-09-25,11.699999809265137,12.75,11.270000457763672,11.550000190734863,11.550000190734863,438400,USD,NMS,America/New_York,Yahoo Finance
ETRA,2026-09-28,11.520000457763672,11.90999984741211,11.140000343322754,11.319999694824219,11.319999694824219,537100,USD,NMS,America/New_York,Yahoo Finance
FA,2026-08-17,21.350000381469727,21.670000076293945,20.100000381469727,20.299999237060547,20.299999237060547,2600100,USD,NMS,America/New_York,Yahoo Finance
FA,2026-08-18,20.389999389648438,21.040000915527344,20.381000518798828,20.950000762939453,20.950000762939453,1470900,USD,NMS,America/New_York,Yahoo Finance
FA,2026-08-19,20.950000762939453,21.729999542236328,20.950000762939453,21.139999389648438,21.139999389648438,1517100,USD,NMS,America/New_York,Yahoo Finance
FA,2026-08-20,20.950000762939453,21.360000610351562,20.950000762939453,21.229999542236328,21.229999542236328,1149500,USD,NMS,America/New_York,Yahoo Finance
FA,2026-08-21,21.280000686645508,21.360000610351562,20.739999771118164,20.899999618530273,20.899999618530273,1561000,USD,NMS,America/New_York,Yahoo Finance
FA,2026-08-24,20.920000076293945,21.329999923706055,20.55500030517578,20.690000534057617,20.690000534057617,1186000,USD,NMS,America/New_York,Yahoo Finance
FA,2026-08-25,20.489999771118164,20.729999542236328,20.209999084472656,20.31999969482422,20.31999969482422,844200,USD,NMS,America/New_York,Yahoo Finance
FA,2026-08-26,20.18000030517578,20.610000610351562,20.1299991607666,20.520000457763672,20.520000457763672,1682700,USD,NMS,America/New_York,Yahoo Finance
FA,2026-08-27,20.389999389648438,20.979999542236328,20.1299991607666,20.93000030517578,20.93000030517578,1070200,USD,NMS,America/New_York,Yahoo Finance
FA,2026-08-28,20.309999465942383,21.44499969482422,20.309999465942383,21.040000915527344,21.040000915527344,1146700,USD,NMS,America/New_York,Yahoo Finance
FA,2026-08-31,20.889999389648438,21.077999114990234,20.68000030517578,21.020000457763672,21.020000457763672,1410100,USD,NMS,America/New_York,Yahoo Finance
FA,2026-09-01,20.899999618530273,21.084999084472656,19.920000076293945,20.170000076293945,20.170000076293945,1762400,USD,NMS,America/New_York,Yahoo Finance
FA,2026-09-02,20.139999389648438,20.475000381469727,19.895000457763672,20.06999969482422,20.06999969482422,1095100,USD,NMS,America/New_York,Yahoo Finance
FA,2026-09-03,20.329999923706055,21.049999237060547,20.325000762939453,21.020000457763672,21.020000457763672,1110600,USD,NMS,America/New_York,Yahoo Finance
FA,2026-09-04,20.639999389648438,21.40999984741211,20.450000762939453,21.3799991607666,21.3799991607666,1499800,USD,NMS,America/New_York,Yahoo Finance
FA,2026-09-08,21.190000534057617,21.3799991607666,20.420000076293945,20.6299991607666,20.6299991607666,1384800,USD,NMS,America/New_York,Yahoo Finance
FA,2026-09-09,20.559999465942383,20.760000228881836,20.139999389648438,20.549999237060547,20.549999237060547,1814300,USD,NMS,America/New_York,Yahoo Finance
FA,2026-09-10,20.809999465942383,20.875,20.3700008392334,20.420000076293945,20.420000076293945,1328100,USD,NMS,America/New_York,Yahoo Finance
FA,2026-09-11,20.670000076293945,21.25,20.579999923706055,21.219999313354492,21.219999313354492,1079500,USD,NMS,America/New_York,Yahoo Finance
FA,2026-09-14,21.6299991607666,22.354999542236328,21.545000076293945,22.280000686645508,22.280000686645508,1323700,USD,NMS,America/New_York,Yahoo Finance
FA,2026-09-15,22.049999237060547,22.3700008392334,21.6299991607666,21.649999618530273,21.649999618530273,1195300,USD,NMS,America/New_York,Yahoo Finance
FA,2026-09-16,21.59000015258789,21.950000762939453,21.399999618530273,21.559999465942383,21.559999465942383,1068800,USD,NMS,America/New_York,Yahoo Finance
FA,2026-09-17,21.610000610351562,21.610000610351562,20.850000381469727,21.059999465942383,21.059999465942383,1549300,USD,NMS,America/New_York,Yahoo Finance
FA,2026-09-18,20.799999237060547,20.889999389648438,20.440000534057617,20.719999313354492,20.719999313354492,2247200,USD,NMS,America/New_York,Yahoo Finance
FA,2026-09-21,21.0,21.209999084472656,20.309999465942383,20.489999771118164,20.489999771118164,1298300,USD,NMS,America/New_York,Yahoo Finance
FA,2026-09-22,20.649999618530273,20.722999572753906,20.094999313354492,20.34000015258789,20.34000015258789,907600,USD,NMS,America/New_York,Yahoo Finance
FA,2026-09-23,20.209999084472656,20.270000457763672,19.729999542236328,20.0,20.0,640100,USD,NMS,America/New_York,Yahoo Finance
FA,2026-09-24,19.979999542236328,20.309999465942383,19.420000076293945,19.920000076293945,19.920000076293945,1559600,USD,NMS,America/New_York,Yahoo Finance
FA,2026-09-25,19.81999969482422,20.030000686645508,19.530000686645508,19.600000381469727,19.600000381469727,1128300,USD,NMS,America/New_York,Yahoo Finance
FA,2026-09-28,19.360000610351562,19.479999542236328,18.584999084472656,18.610000610351562,18.610000610351562,2232900,USD,NMS,America/New_York,Yahoo Finance
FDMT,2026-08-17,12.199999809265137,15.024999618530273,12.100000381469727,14.545000076293945,14.545000076293945,3452900,USD,NMS,America/New_York,Yahoo Finance
FDMT,2026-08-18,14.25,15.039999961853027,13.90999984741211,14.720000267028809,14.720000267028809,2320100,USD,NMS,America/New_York,Yahoo Finance
FDMT,2026-08-19,15.210000038146973,16.93000030517578,14.890000343322754,16.760000228881836,16.760000228881836,1965000,USD,NMS,America/New_York,Yahoo Finance
FDMT,2026-08-20,16.5,16.709999084472656,15.630000114440918,16.100000381469727,16.100000381469727,1630800,USD,NMS,America/New_York,Yahoo Finance
FDMT,2026-08-21,16.31999969482422,16.90999984741211,15.329999923706055,15.829999923706055,15.829999923706055,918700,USD,NMS,America/New_York,Yahoo Finance
FDMT,2026-08-24,15.680000305175781,15.829999923706055,14.350000381469727,15.390000343322754,15.390000343322754,1474700,USD,NMS,America/New_York,Yahoo Finance
FDMT,2026-08-25,15.6899995803833,16.34000015258789,15.414999961853027,15.720000267028809,15.720000267028809,919100,USD,NMS,America/New_York,Yahoo Finance
FDMT,2026-08-26,15.5,15.670000076293945,15.039999961853027,15.5600004196167,15.5600004196167,717900,USD,NMS,America/New_York,Yahoo Finance
FDMT,2026-08-27,15.4399995803833,15.770000457763672,14.819999694824219,14.90999984741211,14.90999984741211,717600,USD,NMS,America/New_York,Yahoo Finance
FDMT,2026-08-28,14.914999961853027,15.0,14.199999809265137,14.670000076293945,14.670000076293945,1101300,USD,NMS,America/New_York,Yahoo Finance
FDMT,2026-08-31,14.489999771118164,14.600000381469727,13.664999961853027,14.109999656677246,14.109999656677246,1404200,USD,NMS,America/New_York,Yahoo Finance
FDMT,2026-09-01,13.9399995803833,14.850000381469727,13.800000190734863,14.350000381469727,14.350000381469727,708000,USD,NMS,America/New_York,Yahoo Finance
FDMT,2026-09-02,14.399999618530273,15.130000114440918,14.079999923706055,14.9399995803833,14.9399995803833,1035900,USD,NMS,America/New_York,Yahoo Finance
FDMT,2026-09-03,14.9399995803833,14.9399995803833,14.274999618530273,14.699999809265137,14.699999809265137,782400,USD,NMS,America/New_York,Yahoo Finance
FDMT,2026-09-04,14.5,15.0,14.329999923706055,14.970000267028809,14.970000267028809,420600,USD,NMS,America/New_York,Yahoo Finance
FDMT,2026-09-08,14.569999694824219,15.289999961853027,14.133000373840332,14.630000114440918,14.630000114440918,542000,USD,NMS,America/New_York,Yahoo Finance
FDMT,2026-09-09,14.4399995803833,14.5,14.085000038146973,14.180000305175781,14.180000305175781,493800,USD,NMS,America/New_York,Yahoo Finance
FDMT,2026-09-10,13.880000114440918,14.020000457763672,13.395000457763672,13.489999771118164,13.489999771118164,566100,USD,NMS,America/New_York,Yahoo Finance
FDMT,2026-09-11,13.6899995803833,14.020000457763672,12.9399995803833,13.170000076293945,13.170000076293945,481100,USD,NMS,America/New_York,Yahoo Finance
FDMT,2026-09-14,13.640000343322754,14.1850004196167,13.430000305175781,13.760000228881836,13.760000228881836,977200,USD,NMS,America/New_York,Yahoo Finance
FDMT,2026-09-15,13.949999809265137,13.949999809265137,13.180000305175781,13.630000114440918,13.630000114440918,552000,USD,NMS,America/New_York,Yahoo Finance
FDMT,2026-09-16,13.649999618530273,14.199999809265137,13.545000076293945,13.760000228881836,13.760000228881836,819600,USD,NMS,America/New_York,Yahoo Finance
FDMT,2026-09-17,13.930000305175781,14.869999885559082,13.930000305175781,14.680000305175781,14.680000305175781,930600,USD,NMS,America/New_York,Yahoo Finance
FDMT,2026-09-18,15.119999885559082,15.6899995803833,14.782999992370605,15.220000267028809,15.220000267028809,1787500,USD,NMS,America/New_York,Yahoo Finance
FDMT,2026-09-21,15.569999694824219,15.699999809265137,14.680999755859375,15.239999771118164,15.239999771118164,699100,USD,NMS,America/New_York,Yahoo Finance
FDMT,2026-09-22,15.210000038146973,16.229999542236328,15.130000114440918,15.880000114440918,15.880000114440918,936600,USD,NMS,America/New_York,Yahoo Finance
FDMT,2026-09-23,15.970000267028809,15.970000267028809,14.680000305175781,15.0,15.0,1465500,USD,NMS,America/New_York,Yahoo Finance
FDMT,2026-09-24,14.8100004196167,14.979999542236328,13.5600004196167,14.710000038146973,14.710000038146973,1767900,USD,NMS,America/New_York,Yahoo Finance
FDMT,2026-09-25,14.774999618530273,14.819999694824219,14.029999732971191,14.470000267028809,14.470000267028809,1018000,USD,NMS,America/New_York,Yahoo Finance
FDMT,2026-09-28,14.354999542236328,14.819999694824219,13.920000076293945,14.5600004196167,14.5600004196167,1557400,USD,NMS,America/New_York,Yahoo Finance
FFIN,2026-08-17,35.099998474121094,35.33000183105469,34.810001373291016,34.86000061035156,34.62872314453125,762300,USD,NMS,America/New_York,Yahoo Finance
FFIN,2026-08-18,34.93000030517578,34.93000030517578,34.470001220703125,34.630001068115234,34.40024948120117,580900,USD,NMS,America/New_York,Yahoo Finance
FFIN,2026-08-19,34.779998779296875,34.779998779296875,33.970001220703125,34.119998931884766,33.89363098144531,721800,USD,NMS,America/New_York,Yahoo Finance
FFIN,2026-08-20,34.040000915527344,34.400001525878906,33.869998931884766,34.22999954223633,34.00290298461914,789500,USD,NMS,America/New_York,Yahoo Finance
FFIN,2026-08-21,34.470001220703125,34.689998626708984,33.97999954223633,34.130001068115234,33.903568267822266,760500,USD,NMS,America/New_York,Yahoo Finance
FFIN,2026-08-24,34.209999084472656,34.5099983215332,33.90999984741211,33.959999084472656,33.73469161987305,521800,USD,NMS,America/New_York,Yahoo Finance
FFIN,2026-08-25,33.970001220703125,34.08000183105469,33.529998779296875,33.709999084472656,33.486351013183594,543000,USD,NMS,America/New_York,Yahoo Finance
FFIN,2026-08-26,33.849998474121094,33.97999954223633,33.56999969482422,33.66999816894531,33.446617126464844,499700,USD,NMS,America/New_York,Yahoo Finance
FFIN,2026-08-27,33.34000015258789,33.650001525878906,32.84000015258789,33.06999969482422,32.8505973815918,567300,USD,NMS,America/New_York,Yahoo Finance
FFIN,2026-08-28,33.189998626708984,33.5,33.08000183105469,33.38999938964844,33.16847610473633,635200,USD,NMS,America/New_York,Yahoo Finance
FFIN,2026-08-31,33.36000061035156,33.36000061035156,33.060001373291016,33.22999954223633,33.00953674316406,605700,USD,NMS,America/New_York,Yahoo Finance
FFIN,2026-09-01,33.189998626708984,33.29999923706055,32.560001373291016,32.599998474121094,32.38371276855469,545600,USD,NMS,America/New_York,Yahoo Finance
FFIN,2026-09-02,32.77000045776367,33.52000045776367,32.77000045776367,33.220001220703125,32.999603271484375,776300,USD,NMS,America/New_York,Yahoo Finance
FFIN,2026-09-03,33.36000061035156,33.66999816894531,33.189998626708984,33.34000015258789,33.118804931640625,501800,USD,NMS,America/New_York,Yahoo Finance
FFIN,2026-09-04,33.11000061035156,33.650001525878906,33.11000061035156,33.439998626708984,33.218143463134766,431000,USD,NMS,America/New_York,Yahoo Finance
FFIN,2026-09-08,33.220001220703125,33.40999984741211,33.04999923706055,33.11000061035156,32.89033508300781,589800,USD,NMS,America/New_York,Yahoo Finance
FFIN,2026-09-09,32.65999984741211,32.97999954223633,32.52000045776367,32.689998626708984,32.47311782836914,641300,USD,NMS,America/New_York,Yahoo Finance
FFIN,2026-09-10,32.68000030517578,33.08000183105469,32.31999969482422,33.060001373291016,32.84066390991211,620600,USD,NMS,America/New_York,Yahoo Finance
FFIN,2026-09-11,33.380001068115234,33.45000076293945,32.83000183105469,33.15999984741211,32.94000244140625,675300,USD,NMS,America/New_York,Yahoo Finance
FFIN,2026-09-14,32.970001220703125,33.439998626708984,32.849998474121094,33.2599983215332,33.2599983215332,827500,USD,NMS,America/New_York,Yahoo Finance
FFIN,2026-09-15,33.25,33.650001525878906,33.25,33.630001068115234,33.630001068115234,931300,USD,NMS,America/New_York,Yahoo Finance
FFIN,2026-09-16,33.5099983215332,33.720001220703125,32.630001068115234,33.31999969482422,33.31999969482422,1256400,USD,NMS,America/New_York,Yahoo Finance
FFIN,2026-09-17,33.65999984741211,33.65999984741211,32.84000015258789,32.84000015258789,32.84000015258789,631000,USD,NMS,America/New_York,Yahoo Finance
FFIN,2026-09-18,32.84000015258789,32.93000030517578,32.52000045776367,32.810001373291016,32.810001373291016,1543100,USD,NMS,America/New_York,Yahoo Finance
FFIN,2026-09-21,32.880001068115234,33.11000061035156,32.689998626708984,32.7400016784668,32.7400016784668,508500,USD,NMS,America/New_York,Yahoo Finance
FFIN,2026-09-22,33.27000045776367,33.27000045776367,32.2599983215332,32.310001373291016,32.310001373291016,1158400,USD,NMS,America/New_York,Yahoo Finance
FFIN,2026-09-23,32.310001373291016,32.43000030517578,31.920000076293945,31.920000076293945,31.920000076293945,772800,USD,NMS,America/New_York,Yahoo Finance
FFIN,2026-09-24,32.13999938964844,32.22999954223633,31.670000076293945,32.16999816894531,32.16999816894531,836700,USD,NMS,America/New_York,Yahoo Finance
FFIN,2026-09-25,32.18000030517578,32.59000015258789,32.18000030517578,32.45000076293945,32.45000076293945,844800,USD,NMS,America/New_York,Yahoo Finance
FFIN,2026-09-28,32.310001373291016,32.36000061035156,31.93000030517578,32.04999923706055,32.04999923706055,764500,USD,NMS,America/New_York,Yahoo Finance
FIS,2026-08-17,42.54999923706055,42.75,41.13999938964844,41.16999816894531,40.699729919433594,4166900,USD,NYQ,America/New_York,Yahoo Finance
FIS,2026-08-18,41.72999954223633,42.2400016784668,40.95000076293945,40.95000076293945,40.482242584228516,4956800,USD,NYQ,America/New_York,Yahoo Finance
FIS,2026-08-19,41.18000030517578,42.209999084472656,40.63999938964844,40.65999984741211,40.195556640625,5184800,USD,NYQ,America/New_York,Yahoo Finance
FIS,2026-08-20,40.79999923706055,41.13999938964844,40.20000076293945,40.58000183105469,40.11647033691406,4065500,USD,NYQ,America/New_York,Yahoo Finance
FIS,2026-08-21,40.7400016784668,42.0,40.529998779296875,41.34000015258789,40.86779022216797,6539800,USD,NYQ,America/New_York,Yahoo Finance
FIS,2026-08-24,41.47999954223633,42.20000076293945,41.27000045776367,41.400001525878906,40.92710494995117,4969100,USD,NYQ,America/New_York,Yahoo Finance
FIS,2026-08-25,40.65999984741211,40.97999954223633,40.09000015258789,40.470001220703125,40.007728576660156,5715100,USD,NYQ,America/New_York,Yahoo Finance
FIS,2026-08-26,40.16999816894531,40.790000915527344,40.099998474121094,40.63999938964844,40.175785064697266,7513900,USD,NYQ,America/New_York,Yahoo Finance
FIS,2026-08-27,40.65999984741211,40.959999084472656,40.150001525878906,40.54999923706055,40.08681106567383,4138600,USD,NYQ,America/New_York,Yahoo Finance
FIS,2026-08-28,40.810001373291016,41.7599983215332,40.58000183105469,41.439998626708984,40.966644287109375,3747400,USD,NYQ,America/New_York,Yahoo Finance
FIS,2026-08-31,41.06999969482422,41.36000061035156,40.7400016784668,40.77000045776367,40.304298400878906,6669700,USD,NYQ,America/New_York,Yahoo Finance
FIS,2026-09-01,40.65999984741211,41.130001068115234,40.209999084472656,40.83000183105469,40.363616943359375,5264600,USD,NYQ,America/New_York,Yahoo Finance
FIS,2026-09-02,41.060001373291016,42.34000015258789,40.86000061035156,41.869998931884766,41.3917350769043,6727300,USD,NYQ,America/New_York,Yahoo Finance
FIS,2026-09-03,42.33000183105469,42.83000183105469,41.38999938964844,42.279998779296875,41.79705047607422,6782500,USD,NYQ,America/New_York,Yahoo Finance
FIS,2026-09-04,41.599998474121094,42.04999923706055,40.95000076293945,41.88999938964844,41.41150665283203,6658700,USD,NYQ,America/New_York,Yahoo Finance
FIS,2026-09-08,41.439998626708984,41.52000045776367,39.369998931884766,39.41999816894531,38.96971893310547,6636600,USD,NYQ,America/New_York,Yahoo Finance
FIS,2026-09-09,39.45000076293945,39.5,38.06999969482422,38.06999969482422,37.63513946533203,5907800,USD,NYQ,America/New_York,Yahoo Finance
FIS,2026-09-10,38.13999938964844,38.619998931884766,37.880001068115234,38.52000045776367,38.08000183105469,5695100,USD,NYQ,America/New_York,Yahoo Finance
FIS,2026-09-11,38.29999923706055,38.47999954223633,37.59000015258789,38.13999938964844,38.13999938964844,5204000,USD,NYQ,America/New_York,Yahoo Finance
FIS,2026-09-14,39.0,40.18000030517578,37.52000045776367,38.18000030517578,38.18000030517578,8620900,USD,NYQ,America/New_York,Yahoo Finance
FIS,2026-09-15,38.029998779296875,38.22999954223633,37.290000915527344,37.34000015258789,37.34000015258789,5516800,USD,NYQ,America/New_York,Yahoo Finance
FIS,2026-09-16,37.20000076293945,37.56999969482422,36.66999816894531,36.849998474121094,36.849998474121094,5129600,USD,NYQ,America/New_York,Yahoo Finance
FIS,2026-09-17,37.0099983215332,37.0099983215332,36.22999954223633,36.43000030517578,36.43000030517578,4815800,USD,NYQ,America/New_York,Yahoo Finance
FIS,2026-09-18,36.150001525878906,36.45000076293945,35.529998779296875,35.619998931884766,35.619998931884766,9216100,USD,NYQ,America/New_York,Yahoo Finance
FIS,2026-09-21,35.81999969482422,36.16999816894531,35.189998626708984,35.189998626708984,35.189998626708984,6090100,USD,NYQ,America/New_York,Yahoo Finance
FIS,2026-09-22,35.619998931884766,35.689998626708984,34.81999969482422,34.959999084472656,34.959999084472656,4746100,USD,NYQ,America/New_York,Yahoo Finance
FIS,2026-09-23,35.0099983215332,35.150001525878906,34.220001220703125,34.66999816894531,34.66999816894531,7204000,USD,NYQ,America/New_York,Yahoo Finance
FIS,2026-09-24,35.16999816894531,35.540000915527344,34.459999084472656,34.9900016784668,34.9900016784668,5669300,USD,NYQ,America/New_York,Yahoo Finance
FIS,2026-09-25,35.06999969482422,35.61000061035156,34.90999984741211,35.40999984741211,35.40999984741211,6238600,USD,NYQ,America/New_York,Yahoo Finance
FIS,2026-09-28,35.15999984741211,35.15999984741211,34.27000045776367,34.310001373291016,34.310001373291016,8891500,USD,NYQ,America/New_York,Yahoo Finance
FLO,2026-08-17,7.489999771118164,7.559999942779541,7.289999961853027,7.309999942779541,7.160449981689453,5173200,USD,NYQ,America/New_York,Yahoo Finance
FLO,2026-08-18,7.360000133514404,7.599999904632568,7.269999980926514,7.380000114440918,7.229018211364746,4241600,USD,NYQ,America/New_York,Yahoo Finance
FLO,2026-08-19,7.429999828338623,7.53000020980835,7.369999885559082,7.460000038146973,7.3073811531066895,4484800,USD,NYQ,America/New_York,Yahoo Finance
FLO,2026-08-20,7.429999828338623,7.480000019073486,7.039999961853027,7.099999904632568,6.954746246337891,9802000,USD,NYQ,America/New_York,Yahoo Finance
FLO,2026-08-21,6.900000095367432,7.309999942779541,6.809999942779541,6.949999809265137,6.807814598083496,15566700,USD,NYQ,America/New_York,Yahoo Finance
FLO,2026-08-24,6.960000038146973,7.309999942779541,6.820000171661377,7.28000020980835,7.131063938140869,8436800,USD,NYQ,America/New_York,Yahoo Finance
FLO,2026-08-25,7.25,7.360000133514404,7.0,7.110000133514404,6.964541912078857,6505000,USD,NYQ,America/New_York,Yahoo Finance
FLO,2026-08-26,7.130000114440918,7.360000133514404,7.099999904632568,7.170000076293945,7.023313999176025,5450700,USD,NYQ,America/New_York,Yahoo Finance
FLO,2026-08-27,7.130000114440918,7.130000114440918,6.909999847412109,6.980000019073486,6.837201118469238,6649800,USD,NYQ,America/New_York,Yahoo Finance
FLO,2026-08-28,6.989999771118164,7.130000114440918,6.96999979019165,7.099999904632568,6.954746246337891,5176000,USD,NYQ,America/New_York,Yahoo Finance
FLO,2026-08-31,7.050000190734863,7.130000114440918,6.900000095367432,6.920000076293945,6.778428554534912,9905000,USD,NYQ,America/New_York,Yahoo Finance
FLO,2026-09-01,6.920000076293945,6.989999771118164,6.619999885559082,6.690000057220459,6.553133964538574,9644500,USD,NYQ,America/New_York,Yahoo Finance
FLO,2026-09-02,6.75,6.869999885559082,6.670000076293945,6.679999828338623,6.543338298797607,7301500,USD,NYQ,America/New_York,Yahoo Finance
FLO,2026-09-03,6.650000095367432,6.699999809265137,6.329999923706055,6.449999809265137,6.3180437088012695,12123100,USD,NYQ,America/New_York,Yahoo Finance
FLO,2026-09-04,6.360000133514404,6.449999809265137,6.269999980926514,6.269999980926514,6.141726493835449,5666100,USD,NYQ,America/New_York,Yahoo Finance
FLO,2026-09-08,6.260000228881836,6.360000133514404,6.099999904632568,6.320000171661377,6.190703868865967,8528100,USD,NYQ,America/New_York,Yahoo Finance
FLO,2026-09-09,6.320000171661377,6.320000171661377,6.130000114440918,6.210000038146973,6.082953929901123,8239600,USD,NYQ,America/New_York,Yahoo Finance
FLO,2026-09-10,6.199999809265137,6.230000019073486,6.099999904632568,6.110000133514404,5.985000133514404,7808100,USD,NYQ,America/New_York,Yahoo Finance
FLO,2026-09-11,6.03000020980835,6.170000076293945,6.010000228881836,6.090000152587891,6.090000152587891,6309100,USD,NYQ,America/New_York,Yahoo Finance
FLO,2026-09-14,6.130000114440918,6.269999980926514,5.949999809265137,6.0,6.0,7756900,USD,NYQ,America/New_York,Yahoo Finance
FLO,2026-09-15,5.960000038146973,6.159999847412109,5.920000076293945,6.139999866485596,6.139999866485596,9058200,USD,NYQ,America/New_York,Yahoo Finance
FLO,2026-09-16,6.179999828338623,6.320000171661377,6.150000095367432,6.150000095367432,6.150000095367432,8797700,USD,NYQ,America/New_York,Yahoo Finance
FLO,2026-09-17,6.239999771118164,6.300000190734863,6.059999942779541,6.090000152587891,6.090000152587891,7432700,USD,NYQ,America/New_York,Yahoo Finance
FLO,2026-09-18,6.070000171661377,6.070000171661377,5.860000133514404,5.940000057220459,5.940000057220459,13240600,USD,NYQ,America/New_York,Yahoo Finance
FLO,2026-09-21,5.900000095367432,6.070000171661377,5.849999904632568,5.960000038146973,5.960000038146973,7904900,USD,NYQ,America/New_York,Yahoo Finance
FLO,2026-09-22,6.050000190734863,6.079999923706055,5.869999885559082,5.880000114440918,5.880000114440918,8585100,USD,NYQ,America/New_York,Yahoo Finance
FLO,2026-09-23,5.909999847412109,5.96999979019165,5.739999771118164,5.809999942779541,5.809999942779541,8508200,USD,NYQ,America/New_York,Yahoo Finance
FLO,2026-09-24,5.889999866485596,5.900000095367432,5.730000019073486,5.809999942779541,5.809999942779541,8325000,USD,NYQ,America/New_York,Yahoo Finance
FLO,2026-09-25,5.809999942779541,5.869999885559082,5.619999885559082,5.739999771118164,5.739999771118164,8244700,USD,NYQ,America/New_York,Yahoo Finance
FLO,2026-09-28,5.75,5.75,5.610000133514404,5.650000095367432,5.650000095367432,7009900,USD,NYQ,America/New_York,Yahoo Finance
FSLR,2026-08-17,225.36000061035156,226.38999938964844,216.89999389648438,217.85000610351562,217.85000610351562,1902100,USD,NMS,America/New_York,Yahoo Finance
FSLR,2026-08-18,219.5,221.5,217.0,220.00999450683594,220.00999450683594,1902100,USD,NMS,America/New_York,Yahoo Finance
FSLR,2026-08-19,222.0,224.0,218.66000366210938,222.39999389648438,222.39999389648438,1657600,USD,NMS,America/New_York,Yahoo Finance
FSLR,2026-08-20,220.25,225.0,213.02000427246094,214.05999755859375,214.05999755859375,1619800,USD,NMS,America/New_York,Yahoo Finance
FSLR,2026-08-21,214.99000549316406,221.39999389648438,211.52999877929688,214.27999877929688,214.27999877929688,1502400,USD,NMS,America/New_York,Yahoo Finance
FSLR,2026-08-24,212.82000732421875,212.8800048828125,208.1199951171875,208.30999755859375,208.30999755859375,1611100,USD,NMS,America/New_York,Yahoo Finance
FSLR,2026-08-25,211.60000610351562,211.99000549316406,205.39999389648438,206.82000732421875,206.82000732421875,1523300,USD,NMS,America/New_York,Yahoo Finance
FSLR,2026-08-26,207.4199981689453,209.89999389648438,204.2100067138672,205.92999267578125,205.92999267578125,1465400,USD,NMS,America/New_York,Yahoo Finance
FSLR,2026-08-27,212.92999267578125,213.1999969482422,207.00999450683594,210.10000610351562,210.10000610351562,1467200,USD,NMS,America/New_York,Yahoo Finance
FSLR,2026-08-28,209.6199951171875,211.14999389648438,202.10000610351562,204.4600067138672,204.4600067138672,1447600,USD,NMS,America/New_York,Yahoo Finance
FSLR,2026-08-31,203.41000366210938,205.24000549316406,200.35000610351562,201.89999389648438,201.89999389648438,2790200,USD,NMS,America/New_York,Yahoo Finance
FSLR,2026-09-01,199.0,202.61000061035156,198.1999969482422,199.64999389648438,199.64999389648438,1690700,USD,NMS,America/New_York,Yahoo Finance
FSLR,2026-09-02,199.35000610351562,204.35000610351562,197.80999755859375,202.60000610351562,202.60000610351562,1729600,USD,NMS,America/New_York,Yahoo Finance
FSLR,2026-09-03,202.1699981689453,207.6999969482422,201.75,207.4199981689453,207.4199981689453,1873700,USD,NMS,America/New_York,Yahoo Finance
FSLR,2026-09-04,208.24000549316406,209.67999267578125,203.47999572753906,204.4499969482422,204.4499969482422,1520700,USD,NMS,America/New_York,Yahoo Finance
FSLR,2026-09-08,206.4499969482422,215.5,205.9499969482422,213.25,213.25,2886500,USD,NMS,America/New_York,Yahoo Finance
FSLR,2026-09-09,214.82000732421875,220.97999572753906,202.49000549316406,203.10000610351562,203.10000610351562,3463700,USD,NMS,America/New_York,Yahoo Finance
FSLR,2026-09-10,197.55999755859375,208.75,197.10000610351562,207.1699981689453,207.1699981689453,2189100,USD,NMS,America/New_York,Yahoo Finance
FSLR,2026-09-11,209.83999633789062,214.17999267578125,207.0800018310547,209.02999877929688,209.02999877929688,2068300,USD,NMS,America/New_York,Yahoo Finance
FSLR,2026-09-14,203.7100067138672,211.6699981689453,203.7100067138672,207.0399932861328,207.0399932861328,1351000,USD,NMS,America/New_York,Yahoo Finance
FSLR,2026-09-15,209.47999572753906,210.3000030517578,202.19000244140625,202.33999633789062,202.33999633789062,1446100,USD,NMS,America/New_York,Yahoo Finance
FSLR,2026-09-16,205.52000427246094,205.72999572753906,189.39999389648438,191.07000732421875,191.07000732421875,3090200,USD,NMS,America/New_York,Yahoo Finance
FSLR,2026-09-17,193.14999389648438,203.52000427246094,192.72000122070312,201.16000366210938,201.16000366210938,2660000,USD,NMS,America/New_York,Yahoo Finance
FSLR,2026-09-18,202.11000061035156,202.41000366210938,192.4199981689453,195.9600067138672,195.9600067138672,2760900,USD,NMS,America/New_York,Yahoo Finance
FSLR,2026-09-21,198.22000122070312,201.16000366210938,193.72999572753906,199.83999633789062,199.83999633789062,1835500,USD,NMS,America/New_York,Yahoo Finance
FSLR,2026-09-22,200.88999938964844,202.4600067138672,198.52999877929688,200.77999877929688,200.77999877929688,2043000,USD,NMS,America/New_York,Yahoo Finance
FSLR,2026-09-23,200.38999938964844,201.49000549316406,191.14999389648438,191.97000122070312,191.97000122070312,2116500,USD,NMS,America/New_York,Yahoo Finance
FSLR,2026-09-24,190.0,190.0,170.8000030517578,172.16000366210938,172.16000366210938,6370100,USD,NMS,America/New_York,Yahoo Finance
FSLR,2026-09-25,174.08999633789062,180.9199981689453,173.44000244140625,177.7100067138672,177.7100067138672,3153300,USD,NMS,America/New_York,Yahoo Finance
FSLR,2026-09-28,178.1300048828125,178.22999572753906,172.1999969482422,172.97000122070312,172.97000122070312,2243100,USD,NMS,America/New_York,Yahoo Finance
FTV,2026-08-17,61.31999969482422,61.599998474121094,60.5,60.63999938964844,60.56626510620117,1609700,USD,NYQ,America/New_York,Yahoo Finance
FTV,2026-08-18,60.779998779296875,61.150001525878906,59.400001525878906,59.45000076293945,59.37771224975586,1882600,USD,NYQ,America/New_York,Yahoo Finance
FTV,2026-08-19,59.59000015258789,60.345001220703125,58.869998931884766,58.900001525878906,58.82838439941406,1947400,USD,NYQ,America/New_York,Yahoo Finance
FTV,2026-08-20,58.56999969482422,59.599998474121094,58.56999969482422,59.400001525878906,59.32777404785156,2344900,USD,NYQ,America/New_York,Yahoo Finance
FTV,2026-08-21,59.84000015258789,60.26499938964844,59.61000061035156,60.08000183105469,60.0069465637207,1755400,USD,NYQ,America/New_York,Yahoo Finance
FTV,2026-08-24,60.290000915527344,60.68000030517578,60.150001525878906,60.459999084472656,60.38648223876953,1915100,USD,NYQ,America/New_York,Yahoo Finance
FTV,2026-08-25,60.52000045776367,60.52000045776367,59.41999816894531,59.5,59.427650451660156,2220800,USD,NYQ,America/New_York,Yahoo Finance
FTV,2026-08-26,59.70000076293945,60.79999923706055,59.70000076293945,60.25,60.17673873901367,1681300,USD,NYQ,America/New_York,Yahoo Finance
FTV,2026-08-27,59.959999084472656,60.36000061035156,59.6349983215332,59.91999816894531,59.84714126586914,1876100,USD,NYQ,America/New_York,Yahoo Finance
FTV,2026-08-28,60.22999954223633,60.6349983215332,59.189998626708984,59.689998626708984,59.6174201965332,1545800,USD,NYQ,America/New_York,Yahoo Finance
FTV,2026-08-31,59.38999938964844,59.630001068115234,58.75,58.84000015258789,58.768455505371094,3015100,USD,NYQ,America/New_York,Yahoo Finance
FTV,2026-09-01,58.66999816894531,59.0099983215332,56.689998626708984,56.79999923706055,56.730934143066406,4225700,USD,NYQ,America/New_York,Yahoo Finance
FTV,2026-09-02,57.41999816894531,57.529998779296875,56.119998931884766,56.599998474121094,56.53117752075195,2544100,USD,NYQ,America/New_York,Yahoo Finance
FTV,2026-09-03,57.099998474121094,57.65999984741211,56.709999084472656,57.56999969482422,57.5,2963800,USD,NYQ,America/New_York,Yahoo Finance
FTV,2026-09-04,57.18000030517578,57.459999084472656,56.83000183105469,56.939998626708984,56.939998626708984,2249900,USD,NYQ,America/New_York,Yahoo Finance
FTV,2026-09-08,56.52000045776367,57.040000915527344,56.2400016784668,56.5099983215332,56.5099983215332,2206100,USD,NYQ,America/New_York,Yahoo Finance
FTV,2026-09-09,56.189998626708984,56.61000061035156,55.77000045776367,55.810001373291016,55.810001373291016,2191700,USD,NYQ,America/New_York,Yahoo Finance
FTV,2026-09-10,55.45000076293945,55.46500015258789,54.132999420166016,54.5099983215332,54.5099983215332,1497100,USD,NYQ,America/New_York,Yahoo Finance
FTV,2026-09-11,55.15999984741211,55.19499969482422,54.59000015258789,54.689998626708984,54.689998626708984,1253800,USD,NYQ,America/New_York,Yahoo Finance
FTV,2026-09-14,55.34000015258789,55.34000015258789,54.26499938964844,55.189998626708984,55.189998626708984,1826000,USD,NYQ,America/New_York,Yahoo Finance
FTV,2026-09-15,55.189998626708984,56.82500076293945,54.9900016784668,56.45000076293945,56.45000076293945,2979700,USD,NYQ,America/New_York,Yahoo Finance
FTV,2026-09-16,56.47999954223633,56.47999954223633,54.7400016784668,55.29999923706055,55.29999923706055,2395100,USD,NYQ,America/New_York,Yahoo Finance
FTV,2026-09-17,55.77000045776367,55.77000045776367,54.810001373291016,55.06999969482422,55.06999969482422,2344000,USD,NYQ,America/New_York,Yahoo Finance
FTV,2026-09-18,55.099998474121094,55.099998474121094,54.380001068115234,55.0,55.0,4818900,USD,NYQ,America/New_York,Yahoo Finance
FTV,2026-09-21,55.18000030517578,55.560001373291016,54.849998474121094,55.09000015258789,55.09000015258789,1616200,USD,NYQ,America/New_York,Yahoo Finance
FTV,2026-09-22,55.810001373291016,56.11000061035156,55.31999969482422,55.95000076293945,55.95000076293945,1655400,USD,NYQ,America/New_York,Yahoo Finance
FTV,2026-09-23,55.68000030517578,56.404998779296875,55.59000015258789,56.2599983215332,56.2599983215332,1647100,USD,NYQ,America/New_York,Yahoo Finance
FTV,2026-09-24,56.13999938964844,56.28499984741211,55.31999969482422,55.439998626708984,55.439998626708984,2209900,USD,NYQ,America/New_York,Yahoo Finance
FTV,2026-09-25,55.45000076293945,56.439998626708984,55.40999984741211,56.09000015258789,56.09000015258789,1702800,USD,NYQ,America/New_York,Yahoo Finance
FTV,2026-09-28,55.599998474121094,55.88999938964844,55.119998931884766,55.7599983215332,55.7599983215332,1829500,USD,NYQ,America/New_York,Yahoo Finance
GBX,2026-08-17,45.380001068115234,46.029998779296875,45.22999954223633,45.779998779296875,45.779998779296875,269100,USD,NYQ,America/New_York,Yahoo Finance
GBX,2026-08-18,45.84000015258789,46.16999816894531,44.66999816894531,45.09000015258789,45.09000015258789,644500,USD,NYQ,America/New_York,Yahoo Finance
GBX,2026-08-19,45.470001220703125,45.900001525878906,45.09000015258789,45.5,45.5,254800,USD,NYQ,America/New_York,Yahoo Finance
GBX,2026-08-20,45.18000030517578,45.939998626708984,45.0,45.810001373291016,45.810001373291016,203900,USD,NYQ,America/New_York,Yahoo Finance
GBX,2026-08-21,45.22999954223633,46.2599983215332,45.22999954223633,46.04999923706055,46.04999923706055,249000,USD,NYQ,America/New_York,Yahoo Finance
GBX,2026-08-24,46.45000076293945,46.45000076293945,45.59000015258789,46.08000183105469,46.08000183105469,180500,USD,NYQ,America/New_York,Yahoo Finance
GBX,2026-08-25,46.18000030517578,46.369998931884766,45.599998474121094,46.15999984741211,46.15999984741211,183300,USD,NYQ,America/New_York,Yahoo Finance
GBX,2026-08-26,46.189998626708984,46.68000030517578,46.060001373291016,46.2400016784668,46.2400016784668,210000,USD,NYQ,America/New_York,Yahoo Finance
GBX,2026-08-27,45.720001220703125,46.2400016784668,45.06999969482422,46.119998931884766,46.119998931884766,249700,USD,NYQ,America/New_York,Yahoo Finance
GBX,2026-08-28,46.34000015258789,46.61000061035156,45.58000183105469,45.90999984741211,45.90999984741211,286600,USD,NYQ,America/New_York,Yahoo Finance
GBX,2026-08-31,45.880001068115234,45.959999084472656,44.900001525878906,45.06999969482422,45.06999969482422,261800,USD,NYQ,America/New_York,Yahoo Finance
GBX,2026-09-01,42.97999954223633,43.58000183105469,41.27000045776367,42.0,42.0,942700,USD,NYQ,America/New_York,Yahoo Finance
GBX,2026-09-02,42.439998626708984,43.27000045776367,42.0099983215332,42.75,42.75,533400,USD,NYQ,America/New_York,Yahoo Finance
GBX,2026-09-03,43.060001373291016,43.18000030517578,42.13999938964844,42.790000915527344,42.790000915527344,352500,USD,NYQ,America/New_York,Yahoo Finance
GBX,2026-09-04,42.560001373291016,43.29999923706055,42.560001373291016,43.2599983215332,43.2599983215332,253500,USD,NYQ,America/New_York,Yahoo Finance
GBX,2026-09-08,42.95000076293945,43.400001525878906,42.72999954223633,42.7599983215332,42.7599983215332,365800,USD,NYQ,America/New_York,Yahoo Finance
GBX,2026-09-09,42.650001525878906,43.099998474121094,42.400001525878906,42.7599983215332,42.7599983215332,310000,USD,NYQ,America/New_York,Yahoo Finance
GBX,2026-09-10,42.709999084472656,42.83000183105469,42.279998779296875,42.65999984741211,42.65999984741211,283300,USD,NYQ,America/New_York,Yahoo Finance
GBX,2026-09-11,43.209999084472656,43.529998779296875,42.45000076293945,43.09000015258789,43.09000015258789,351800,USD,NYQ,America/New_York,Yahoo Finance
GBX,2026-09-14,43.279998779296875,43.599998474121094,42.58000183105469,43.08000183105469,43.08000183105469,373900,USD,NYQ,America/New_York,Yahoo Finance
GBX,2026-09-15,43.16999816894531,43.18000030517578,42.689998626708984,42.720001220703125,42.720001220703125,286100,USD,NYQ,America/New_York,Yahoo Finance
GBX,2026-09-16,43.0,43.40999984741211,42.560001373291016,42.630001068115234,42.630001068115234,793900,USD,NYQ,America/New_York,Yahoo Finance
GBX,2026-09-17,43.0,43.0,41.88999938964844,42.65999984741211,42.65999984741211,282300,USD,NYQ,America/New_York,Yahoo Finance
GBX,2026-09-18,42.59000015258789,42.59000015258789,41.77000045776367,41.81999969482422,41.81999969482422,841200,USD,NYQ,America/New_York,Yahoo Finance
GBX,2026-09-21,41.959999084472656,42.220001220703125,41.560001373291016,41.959999084472656,41.959999084472656,268200,USD,NYQ,America/New_York,Yahoo Finance
GBX,2026-09-22,43.0099983215332,44.20000076293945,42.54999923706055,43.040000915527344,43.040000915527344,539800,USD,NYQ,America/New_York,Yahoo Finance
GBX,2026-09-23,42.720001220703125,43.15999984741211,42.2599983215332,43.040000915527344,43.040000915527344,635800,USD,NYQ,America/New_York,Yahoo Finance
GBX,2026-09-24,42.79999923706055,42.83000183105469,41.63999938964844,42.68000030517578,42.68000030517578,378700,USD,NYQ,America/New_York,Yahoo Finance
GBX,2026-09-25,42.93000030517578,43.029998779296875,42.400001525878906,42.540000915527344,42.540000915527344,307600,USD,NYQ,America/New_York,Yahoo Finance
GBX,2026-09-28,42.56999969482422,42.880001068115234,41.939998626708984,42.09000015258789,42.09000015258789,287900,USD,NYQ,America/New_York,Yahoo Finance
GDOT,2026-08-17,13.4399995803833,13.520000457763672,13.399999618530273,13.449999809265137,13.449999809265137,403300,USD,NYQ,America/New_York,Yahoo Finance
GDOT,2026-08-18,13.539999961853027,13.579999923706055,13.489999771118164,13.510000228881836,13.510000228881836,372800,USD,NYQ,America/New_York,Yahoo Finance
GDOT,2026-08-19,13.510000228881836,13.59000015258789,13.460000038146973,13.470000267028809,13.470000267028809,357400,USD,NYQ,America/New_York,Yahoo Finance
GDOT,2026-08-20,13.399999618530273,13.470000267028809,13.34000015258789,13.34000015258789,13.34000015258789,314000,USD,NYQ,America/New_York,Yahoo Finance
GDOT,2026-08-21,13.399999618530273,13.479999542236328,13.300000190734863,13.4399995803833,13.4399995803833,383700,USD,NYQ,America/New_York,Yahoo Finance
GDOT,2026-08-24,13.489999771118164,13.5,13.369999885559082,13.420000076293945,13.420000076293945,279400,USD,NYQ,America/New_York,Yahoo Finance
GDOT,2026-08-25,13.369999885559082,13.460000038146973,13.369999885559082,13.40999984741211,13.40999984741211,184000,USD,NYQ,America/New_York,Yahoo Finance
GDOT,2026-08-26,13.399999618530273,13.399999618530273,13.3100004196167,13.359999656677246,13.359999656677246,206100,USD,NYQ,America/New_York,Yahoo Finance
GDOT,2026-08-27,13.260000228881836,13.399999618530273,13.020000457763672,13.369999885559082,13.369999885559082,170600,USD,NYQ,America/New_York,Yahoo Finance
GDOT,2026-08-28,13.4399995803833,13.479999542236328,13.329999923706055,13.34000015258789,13.34000015258789,162700,USD,NYQ,America/New_York,Yahoo Finance
GDOT,2026-08-31,13.3100004196167,13.380000114440918,13.260000228881836,13.289999961853027,13.289999961853027,174600,USD,NYQ,America/New_York,Yahoo Finance
GDOT,2026-09-01,13.25,13.369999885559082,13.109999656677246,13.109999656677246,13.109999656677246,204300,USD,NYQ,America/New_York,Yahoo Finance
GDOT,2026-09-02,13.199999809265137,13.420000076293945,13.199999809265137,13.300000190734863,13.300000190734863,249700,USD,NYQ,America/New_York,Yahoo Finance
GDOT,2026-09-03,13.399999618530273,13.479999542236328,13.270000457763672,13.300000190734863,13.300000190734863,170900,USD,NYQ,America/New_York,Yahoo Finance
GDOT,2026-09-04,13.229999542236328,13.399999618530273,13.229999542236328,13.329999923706055,13.329999923706055,329100,USD,NYQ,America/New_York,Yahoo Finance
GDOT,2026-09-08,13.270000457763672,13.369999885559082,13.25,13.25,13.25,213500,USD,NYQ,America/New_York,Yahoo Finance
GDOT,2026-09-09,13.260000228881836,13.319999694824219,13.0,13.010000228881836,13.010000228881836,462500,USD,NYQ,America/New_York,Yahoo Finance
GDOT,2026-09-10,13.069999694824219,13.279999732971191,13.020000457763672,13.270000457763672,13.270000457763672,328600,USD,NYQ,America/New_York,Yahoo Finance
GDOT,2026-09-11,13.3100004196167,13.369999885559082,13.25,13.260000228881836,13.260000228881836,214900,USD,NYQ,America/New_York,Yahoo Finance
GDOT,2026-09-14,13.319999694824219,13.359999656677246,13.210000038146973,13.319999694824219,13.319999694824219,390900,USD,NYQ,America/New_York,Yahoo Finance
GDOT,2026-09-15,13.220000267028809,13.270000457763672,13.119999885559082,13.1899995803833,13.1899995803833,337500,USD,NYQ,America/New_York,Yahoo Finance
GDOT,2026-09-16,13.25,13.279999732971191,13.149999618530273,13.260000228881836,13.260000228881836,357500,USD,NYQ,America/New_York,Yahoo Finance
GDOT,2026-09-17,13.300000190734863,13.300000190734863,13.170000076293945,13.180000305175781,13.180000305175781,212200,USD,NYQ,America/New_York,Yahoo Finance
GDOT,2026-09-18,13.170000076293945,13.229999542236328,13.149999618530273,13.170000076293945,13.170000076293945,865000,USD,NYQ,America/New_York,Yahoo Finance
GDOT,2026-09-21,13.220000267028809,13.270000457763672,13.09000015258789,13.149999618530273,13.149999618530273,411300,USD,NYQ,America/New_York,Yahoo Finance
GDOT,2026-09-22,13.239999771118164,13.279999732971191,13.199999809265137,13.210000038146973,13.210000038146973,251400,USD,NYQ,America/New_York,Yahoo Finance
GDOT,2026-09-23,13.220000267028809,13.239999771118164,13.020000457763672,13.020000457763672,13.020000457763672,238900,USD,NYQ,America/New_York,Yahoo Finance
GDOT,2026-09-24,13.069999694824219,13.079999923706055,12.710000038146973,12.789999961853027,12.789999961853027,471400,USD,NYQ,America/New_York,Yahoo Finance
GDOT,2026-09-25,12.789999961853027,12.829999923706055,11.579999923706055,12.25,12.25,1393100,USD,NYQ,America/New_York,Yahoo Finance
GDOT,2026-09-28,12.210000038146973,12.520000457763672,12.1899995803833,12.3100004196167,12.3100004196167,496600,USD,NYQ,America/New_York,Yahoo Finance
GGB,2026-08-17,4.760000228881836,4.809999942779541,4.730000019073486,4.800000190734863,4.750115871429443,5935500,USD,NYQ,America/New_York,Yahoo Finance
GGB,2026-08-18,4.800000190734863,4.840000152587891,4.650000095367432,4.670000076293945,4.621466636657715,8471200,USD,NYQ,America/New_York,Yahoo Finance
GGB,2026-08-19,4.760000228881836,4.789999961853027,4.429999828338623,4.460000038146973,4.413649082183838,18726400,USD,NYQ,America/New_York,Yahoo Finance
GGB,2026-08-20,4.289999961853027,4.400000095367432,4.179999828338623,4.329999923706055,4.284999847412109,16052300,USD,NYQ,America/New_York,Yahoo Finance
GGB,2026-08-21,4.360000133514404,4.440000057220459,4.320000171661377,4.329999923706055,4.329999923706055,8847100,USD,NYQ,America/New_York,Yahoo Finance
GGB,2026-08-24,4.349999904632568,4.539999961853027,4.309999942779541,4.329999923706055,4.329999923706055,15052900,USD,NYQ,America/New_York,Yahoo Finance
GGB,2026-08-25,4.300000190734863,4.369999885559082,4.239999771118164,4.360000133514404,4.360000133514404,8863000,USD,NYQ,America/New_York,Yahoo Finance
GGB,2026-08-26,4.420000076293945,4.480000019073486,4.389999866485596,4.460000038146973,4.460000038146973,7598500,USD,NYQ,America/New_York,Yahoo Finance
GGB,2026-08-27,4.570000171661377,4.699999809265137,4.559999942779541,4.699999809265137,4.699999809265137,16785500,USD,NYQ,America/New_York,Yahoo Finance
GGB,2026-08-28,4.670000076293945,4.710000038146973,4.550000190734863,4.590000152587891,4.590000152587891,10865400,USD,NYQ,America/New_York,Yahoo Finance
GGB,2026-08-31,4.670000076293945,4.739999771118164,4.590000152587891,4.610000133514404,4.610000133514404,9415000,USD,NYQ,America/New_York,Yahoo Finance
GGB,2026-09-01,4.570000171661377,4.75,4.570000171661377,4.690000057220459,4.690000057220459,10836500,USD,NYQ,America/New_York,Yahoo Finance
GGB,2026-09-02,4.809999942779541,5.010000228881836,4.78000020980835,4.96999979019165,4.96999979019165,11691800,USD,NYQ,America/New_York,Yahoo Finance
GGB,2026-09-03,5.050000190734863,5.070000171661377,4.880000114440918,4.949999809265137,4.949999809265137,12794300,USD,NYQ,America/New_York,Yahoo Finance
GGB,2026-09-04,4.989999771118164,5.03000020980835,4.949999809265137,4.96999979019165,4.96999979019165,7659700,USD,NYQ,America/New_York,Yahoo Finance
GGB,2026-09-08,5.03000020980835,5.110000133514404,5.03000020980835,5.059999942779541,5.059999942779541,9613800,USD,NYQ,America/New_York,Yahoo Finance
GGB,2026-09-09,5.03000020980835,5.079999923706055,4.960000038146973,5.010000228881836,5.010000228881836,10265400,USD,NYQ,America/New_York,Yahoo Finance
GGB,2026-09-10,4.909999847412109,5.119999885559082,4.900000095367432,5.099999904632568,5.099999904632568,11392900,USD,NYQ,America/New_York,Yahoo Finance
GGB,2026-09-11,5.099999904632568,5.170000076293945,5.03000020980835,5.150000095367432,5.150000095367432,13864900,USD,NYQ,America/New_York,Yahoo Finance
GGB,2026-09-14,4.920000076293945,5.010000228881836,4.860000133514404,4.889999866485596,4.889999866485596,11605300,USD,NYQ,America/New_York,Yahoo Finance
GGB,2026-09-15,4.900000095367432,5.070000171661377,4.880000114440918,5.059999942779541,5.059999942779541,13090400,USD,NYQ,America/New_York,Yahoo Finance
GGB,2026-09-16,5.050000190734863,5.099999904632568,4.909999847412109,4.989999771118164,4.989999771118164,12044900,USD,NYQ,America/New_York,Yahoo Finance
GGB,2026-09-17,5.03000020980835,5.130000114440918,4.920000076293945,5.099999904632568,5.099999904632568,9587300,USD,NYQ,America/New_York,Yahoo Finance
GGB,2026-09-18,5.059999942779541,5.070000171661377,4.889999866485596,4.940000057220459,4.940000057220459,15852500,USD,NYQ,America/New_York,Yahoo Finance
GGB,2026-09-21,5.070000171661377,5.070000171661377,4.980000019073486,5.0,5.0,9194600,USD,NYQ,America/New_York,Yahoo Finance
GGB,2026-09-22,4.920000076293945,5.050000190734863,4.920000076293945,5.019999980926514,5.019999980926514,10250000,USD,NYQ,America/New_York,Yahoo Finance
GGB,2026-09-23,5.010000228881836,5.03000020980835,4.869999885559082,4.880000114440918,4.880000114440918,13312200,USD,NYQ,America/New_York,Yahoo Finance
GGB,2026-09-24,4.869999885559082,4.900000095367432,4.78000020980835,4.789999961853027,4.789999961853027,10577100,USD,NYQ,America/New_York,Yahoo Finance
GGB,2026-09-25,4.789999961853027,4.849999904632568,4.730000019073486,4.849999904632568,4.849999904632568,8744000,USD,NYQ,America/New_York,Yahoo Finance
GGB,2026-09-28,4.75,4.840000152587891,4.75,4.78000020980835,4.78000020980835,9775700,USD,NYQ,America/New_York,Yahoo Finance
GH,2026-08-17,156.4499969482422,162.9600067138672,155.0,161.6699981689453,161.6699981689453,4858400,USD,NMS,America/New_York,Yahoo Finance
GH,2026-08-18,160.72000122070312,164.25999450683594,158.80999755859375,160.1199951171875,160.1199951171875,1202100,USD,NMS,America/New_York,Yahoo Finance
GH,2026-08-19,165.50999450683594,168.72999572753906,159.4600067138672,163.33999633789062,163.33999633789062,2386700,USD,NMS,America/New_York,Yahoo Finance
GH,2026-08-20,161.5500030517578,171.74000549316406,161.5500030517578,167.8800048828125,167.8800048828125,2549000,USD,NMS,America/New_York,Yahoo Finance
GH,2026-08-21,167.25,170.85000610351562,165.00999450683594,170.69000244140625,170.69000244140625,1914100,USD,NMS,America/New_York,Yahoo Finance
GH,2026-08-24,164.6199951171875,167.47999572753906,162.0,163.17999267578125,163.17999267578125,2211300,USD,NMS,America/New_York,Yahoo Finance
GH,2026-08-25,164.5399932861328,167.89999389648438,161.22000122070312,164.9199981689453,164.9199981689453,1188300,USD,NMS,America/New_York,Yahoo Finance
GH,2026-08-26,164.7100067138672,173.1699981689453,164.2899932861328,170.9199981689453,170.9199981689453,2010600,USD,NMS,America/New_York,Yahoo Finance
GH,2026-08-27,170.94000244140625,173.10000610351562,168.19000244140625,168.52000427246094,168.52000427246094,1517500,USD,NMS,America/New_York,Yahoo Finance
GH,2026-08-28,166.35000610351562,169.60000610351562,160.22999572753906,161.5,161.5,1820800,USD,NMS,America/New_York,Yahoo Finance
GH,2026-08-31,160.00999450683594,162.13999938964844,155.6300048828125,159.02000427246094,159.02000427246094,1857100,USD,NMS,America/New_York,Yahoo Finance
GH,2026-09-01,158.5,165.6300048828125,156.32000732421875,164.41000366210938,164.41000366210938,2437400,USD,NMS,America/New_York,Yahoo Finance
GH,2026-09-02,163.7899932861328,168.97000122070312,157.35000610351562,163.05999755859375,163.05999755859375,1757200,USD,NMS,America/New_York,Yahoo Finance
GH,2026-09-03,164.08999633789062,166.4199981689453,159.58999633789062,161.0399932861328,161.0399932861328,1190800,USD,NMS,America/New_York,Yahoo Finance
GH,2026-09-04,160.0,164.83999633789062,154.0,161.41000366210938,161.41000366210938,2397700,USD,NMS,America/New_York,Yahoo Finance
GH,2026-09-08,166.11000061035156,166.69000244140625,160.25,160.97999572753906,160.97999572753906,2038100,USD,NMS,America/New_York,Yahoo Finance
GH,2026-09-09,161.25999450683594,167.97999572753906,159.94000244140625,162.77999877929688,162.77999877929688,1115700,USD,NMS,America/New_York,Yahoo Finance
GH,2026-09-10,159.52000427246094,164.1699981689453,156.32000732421875,159.02999877929688,159.02999877929688,1055700,USD,NMS,America/New_York,Yahoo Finance
GH,2026-09-11,160.13999938964844,161.39999389648438,156.27999877929688,157.3800048828125,157.3800048828125,695500,USD,NMS,America/New_York,Yahoo Finance
GH,2026-09-14,156.5500030517578,168.14999389648438,155.77999877929688,167.83999633789062,167.83999633789062,1493100,USD,NMS,America/New_York,Yahoo Finance
GH,2026-09-15,168.25,179.3000030517578,167.0,175.64999389648438,175.64999389648438,2851800,USD,NMS,America/New_York,Yahoo Finance
GH,2026-09-16,175.0,179.38999938964844,173.82000732421875,174.89999389648438,174.89999389648438,1523500,USD,NMS,America/New_York,Yahoo Finance
GH,2026-09-17,177.49000549316406,183.50999450683594,175.4499969482422,183.10000610351562,183.10000610351562,1858400,USD,NMS,America/New_York,Yahoo Finance
GH,2026-09-18,183.0,183.5,175.6199951171875,179.3800048828125,179.3800048828125,3080700,USD,NMS,America/New_York,Yahoo Finance
GH,2026-09-21,181.3699951171875,181.3699951171875,172.86000061035156,173.8699951171875,173.8699951171875,2623900,USD,NMS,America/New_York,Yahoo Finance
GH,2026-09-22,172.39999389648438,179.42999267578125,170.5,177.16000366210938,177.16000366210938,2226400,USD,NMS,America/New_York,Yahoo Finance
GH,2026-09-23,176.2100067138672,179.35000610351562,174.1699981689453,176.30999755859375,176.30999755859375,1431300,USD,NMS,America/New_York,Yahoo Finance
GH,2026-09-24,174.0500030517578,181.7899932861328,173.5,176.4499969482422,176.4499969482422,2571700,USD,NMS,America/New_York,Yahoo Finance
GH,2026-09-25,178.5,179.97000122070312,174.5,177.25,177.25,1578400,USD,NMS,America/New_York,Yahoo Finance
GH,2026-09-28,174.85000610351562,180.0500030517578,174.69000244140625,177.3300018310547,177.3300018310547,1318500,USD,NMS,America/New_York,Yahoo Finance
GOLF,2026-08-17,89.30999755859375,91.01499938964844,89.12999725341797,90.66000366210938,90.39302062988281,299700,USD,NYQ,America/New_York,Yahoo Finance
GOLF,2026-08-18,90.47000122070312,91.6050033569336,89.16000366210938,89.58000183105469,89.31620025634766,427200,USD,NYQ,America/New_York,Yahoo Finance
GOLF,2026-08-19,90.83999633789062,92.33499908447266,89.41000366210938,89.55999755859375,89.29625701904297,362000,USD,NYQ,America/New_York,Yahoo Finance
GOLF,2026-08-20,88.38999938964844,89.27999877929688,86.86499786376953,89.25,88.98716735839844,450200,USD,NYQ,America/New_York,Yahoo Finance
GOLF,2026-08-21,89.52999877929688,90.44499969482422,88.33999633789062,88.81999969482422,88.55843353271484,475600,USD,NYQ,America/New_York,Yahoo Finance
GOLF,2026-08-24,89.19000244140625,90.08499908447266,89.19000244140625,89.66999816894531,89.40592956542969,335300,USD,NYQ,America/New_York,Yahoo Finance
GOLF,2026-08-25,89.41000366210938,89.99800109863281,86.12000274658203,86.20999908447266,85.95612335205078,749800,USD,NYQ,America/New_York,Yahoo Finance
GOLF,2026-08-26,86.79000091552734,88.16999816894531,85.81999969482422,86.80000305175781,86.54438781738281,331300,USD,NYQ,America/New_York,Yahoo Finance
GOLF,2026-08-27,86.4800033569336,88.13999938964844,84.55999755859375,84.94999694824219,84.6998291015625,367400,USD,NYQ,America/New_York,Yahoo Finance
GOLF,2026-08-28,85.83000183105469,87.4000015258789,85.79000091552734,86.91000366210938,86.65406036376953,311100,USD,NYQ,America/New_York,Yahoo Finance
GOLF,2026-08-31,87.27999877929688,87.27999877929688,85.9000015258789,86.38999938964844,86.13558959960938,337200,USD,NYQ,America/New_York,Yahoo Finance
GOLF,2026-09-01,85.75,87.2249984741211,85.73999786376953,85.88999938964844,85.6370620727539,253700,USD,NYQ,America/New_York,Yahoo Finance
GOLF,2026-09-02,86.33000183105469,87.38500213623047,85.6449966430664,86.87000274658203,86.61418151855469,367400,USD,NYQ,America/New_York,Yahoo Finance
GOLF,2026-09-03,87.52999877929688,87.55500030517578,85.3550033569336,86.58999633789062,86.33499908447266,244500,USD,NYQ,America/New_York,Yahoo Finance
GOLF,2026-09-04,86.73999786376953,87.61000061035156,86.37999725341797,86.87999725341797,86.87999725341797,263400,USD,NYQ,America/New_York,Yahoo Finance
GOLF,2026-09-08,86.62999725341797,86.62999725341797,85.66999816894531,85.79000091552734,85.79000091552734,322800,USD,NYQ,America/New_York,Yahoo Finance
GOLF,2026-09-09,85.2699966430664,86.375,84.8499984741211,85.55000305175781,85.55000305175781,302800,USD,NYQ,America/New_York,Yahoo Finance
GOLF,2026-09-10,85.02999877929688,86.30000305175781,83.97000122070312,85.2699966430664,85.2699966430664,294200,USD,NYQ,America/New_York,Yahoo Finance
GOLF,2026-09-11,86.68000030517578,86.68000030517578,85.08999633789062,85.16000366210938,85.16000366210938,272300,USD,NYQ,America/New_York,Yahoo Finance
GOLF,2026-09-14,85.16000366210938,85.2699966430664,83.73999786376953,84.58999633789062,84.58999633789062,273800,USD,NYQ,America/New_York,Yahoo Finance
GOLF,2026-09-15,84.68000030517578,84.68000030517578,82.93000030517578,83.0999984741211,83.0999984741211,289000,USD,NYQ,America/New_York,Yahoo Finance
GOLF,2026-09-16,82.83999633789062,84.30999755859375,82.0199966430664,82.70999908447266,82.70999908447266,329500,USD,NYQ,America/New_York,Yahoo Finance
GOLF,2026-09-17,83.88999938964844,84.0999984741211,81.47000122070312,81.55000305175781,81.55000305175781,332100,USD,NYQ,America/New_York,Yahoo Finance
GOLF,2026-09-18,81.41999816894531,81.62000274658203,80.5199966430664,80.55000305175781,80.55000305175781,955800,USD,NYQ,America/New_York,Yahoo Finance
GOLF,2026-09-21,80.9800033569336,82.61499786376953,80.18000030517578,81.91999816894531,81.91999816894531,322200,USD,NYQ,America/New_York,Yahoo Finance
GOLF,2026-09-22,83.13999938964844,84.12000274658203,82.41000366210938,83.19999694824219,83.19999694824219,459600,USD,NYQ,America/New_York,Yahoo Finance
GOLF,2026-09-23,82.69000244140625,84.44000244140625,81.30999755859375,82.94999694824219,82.94999694824219,298100,USD,NYQ,America/New_York,Yahoo Finance
GOLF,2026-09-24,82.4800033569336,83.54000091552734,82.03900146484375,82.36000061035156,82.36000061035156,335700,USD,NYQ,America/New_York,Yahoo Finance
GOLF,2026-09-25,82.56999969482422,84.04499816894531,81.93499755859375,83.0199966430664,83.0199966430664,321200,USD,NYQ,America/New_York,Yahoo Finance
GOLF,2026-09-28,82.97000122070312,84.13999938964844,82.49500274658203,83.79000091552734,83.79000091552734,299500,USD,NYQ,America/New_York,Yahoo Finance
GPK,2026-08-17,11.229999542236328,11.319999694824219,10.9399995803833,11.0,10.872899055480957,4465300,USD,NYQ,America/New_York,Yahoo Finance
GPK,2026-08-18,11.109999656677246,11.229999542236328,10.960000038146973,10.970000267028809,10.843246459960938,2881800,USD,NYQ,America/New_York,Yahoo Finance
GPK,2026-08-19,11.130000114440918,11.510000228881836,11.050000190734863,11.399999618530273,11.268277168273926,5705500,USD,NYQ,America/New_York,Yahoo Finance
GPK,2026-08-20,11.260000228881836,11.649999618530273,11.239999771118164,11.630000114440918,11.495619773864746,4254600,USD,NYQ,America/New_York,Yahoo Finance
GPK,2026-08-21,11.710000038146973,12.130000114440918,11.550000190734863,11.960000038146973,11.821806907653809,4464100,USD,NYQ,America/New_York,Yahoo Finance
GPK,2026-08-24,11.9399995803833,11.979999542236328,11.390000343322754,11.449999809265137,11.317699432373047,4018500,USD,NYQ,America/New_York,Yahoo Finance
GPK,2026-08-25,11.5,11.569999694824219,11.260000228881836,11.420000076293945,11.288046836853027,3672300,USD,NYQ,America/New_York,Yahoo Finance
GPK,2026-08-26,11.430000305175781,11.6899995803833,11.399999618530273,11.449999809265137,11.317699432373047,2904500,USD,NYQ,America/New_York,Yahoo Finance
GPK,2026-08-27,11.3100004196167,11.5600004196167,11.279999732971191,11.329999923706055,11.19908618927002,5190000,USD,NYQ,America/New_York,Yahoo Finance
GPK,2026-08-28,11.420000076293945,11.569999694824219,11.300000190734863,11.5600004196167,11.42642879486084,4012300,USD,NYQ,America/New_York,Yahoo Finance
GPK,2026-08-31,11.510000228881836,11.529999732971191,11.170000076293945,11.199999809265137,11.070588111877441,4878100,USD,NYQ,America/New_York,Yahoo Finance
GPK,2026-09-01,11.130000114440918,11.180000305175781,10.779999732971191,10.850000381469727,10.72463321685791,3605100,USD,NYQ,America/New_York,Yahoo Finance
GPK,2026-09-02,10.880000114440918,11.199999809265137,10.819999694824219,10.979999542236328,10.853130340576172,4068600,USD,NYQ,America/New_York,Yahoo Finance
GPK,2026-09-03,11.029999732971191,11.09000015258789,10.460000038146973,10.699999809265137,10.57636547088623,3607600,USD,NYQ,America/New_York,Yahoo Finance
GPK,2026-09-04,10.539999961853027,10.630000114440918,10.399999618530273,10.430000305175781,10.30948543548584,6206600,USD,NYQ,America/New_York,Yahoo Finance
GPK,2026-09-08,10.319999694824219,10.329999923706055,9.890000343322754,9.890000343322754,9.775725364685059,6304700,USD,NYQ,America/New_York,Yahoo Finance
GPK,2026-09-09,9.84000015258789,9.979999542236328,9.489999771118164,9.510000228881836,9.400115966796875,9675900,USD,NYQ,America/New_York,Yahoo Finance
GPK,2026-09-10,9.479999542236328,9.729999542236328,9.300000190734863,9.390000343322754,9.281502723693848,8595500,USD,NYQ,America/New_York,Yahoo Finance
GPK,2026-09-11,9.539999961853027,9.670000076293945,9.369999885559082,9.5,9.390231132507324,6312900,USD,NYQ,America/New_York,Yahoo Finance
GPK,2026-09-14,9.539999961853027,9.770000457763672,9.5,9.520000457763672,9.410000801086426,6107800,USD,NYQ,America/New_York,Yahoo Finance
GPK,2026-09-15,9.399999618530273,9.720000267028809,9.300000190734863,9.65999984741211,9.65999984741211,9014600,USD,NYQ,America/New_York,Yahoo Finance
GPK,2026-09-16,9.800000190734863,9.90999984741211,9.59000015258789,9.65999984741211,9.65999984741211,6633600,USD,NYQ,America/New_York,Yahoo Finance
GPK,2026-09-17,9.819999694824219,9.920000076293945,9.619999885559082,9.84000015258789,9.84000015258789,5765100,USD,NYQ,America/New_York,Yahoo Finance
GPK,2026-09-18,9.800000190734863,9.800000190734863,9.260000228881836,9.3100004196167,9.3100004196167,11839200,USD,NYQ,America/New_York,Yahoo Finance
GPK,2026-09-21,9.359999656677246,9.550000190734863,9.25,9.25,9.25,10538100,USD,NYQ,America/New_York,Yahoo Finance
GPK,2026-09-22,9.510000228881836,9.65999984741211,9.359999656677246,9.569999694824219,9.569999694824219,8171200,USD,NYQ,America/New_York,Yahoo Finance
GPK,2026-09-23,9.800000190734863,10.079999923706055,9.649999618530273,9.65999984741211,9.65999984741211,6431000,USD,NYQ,America/New_York,Yahoo Finance
GPK,2026-09-24,9.640000343322754,9.75,9.079999923706055,9.34000015258789,9.34000015258789,5966200,USD,NYQ,America/New_York,Yahoo Finance
GPK,2026-09-25,9.399999618530273,9.4399995803833,9.239999771118164,9.380000114440918,9.380000114440918,4222600,USD,NYQ,America/New_York,Yahoo Finance
GPK,2026-09-28,9.229999542236328,9.34000015258789,9.100000381469727,9.25,9.25,4851100,USD,NYQ,America/New_York,Yahoo Finance
GRAL,2026-08-17,67.30000305175781,71.19499969482422,66.98999786376953,69.94999694824219,69.94999694824219,776300,USD,NMS,America/New_York,Yahoo Finance
GRAL,2026-08-18,69.88999938964844,73.0,68.01000213623047,70.88999938964844,70.88999938964844,533100,USD,NMS,America/New_York,Yahoo Finance
GRAL,2026-08-19,73.55999755859375,77.125,72.19999694824219,73.95999908447266,73.95999908447266,1097800,USD,NMS,America/New_York,Yahoo Finance
GRAL,2026-08-20,73.7699966430664,81.85099792480469,73.7699966430664,77.97000122070312,77.97000122070312,1349600,USD,NMS,America/New_York,Yahoo Finance
GRAL,2026-08-21,78.87999725341797,80.76000213623047,76.1500015258789,79.54000091552734,79.54000091552734,604500,USD,NMS,America/New_York,Yahoo Finance
GRAL,2026-08-24,81.87000274658203,81.87000274658203,75.61000061035156,76.58000183105469,76.58000183105469,380900,USD,NMS,America/New_York,Yahoo Finance
GRAL,2026-08-25,78.23999786376953,84.48999786376953,76.62999725341797,82.54000091552734,82.54000091552734,658400,USD,NMS,America/New_York,Yahoo Finance
GRAL,2026-08-26,80.87999725341797,82.25,78.33499908447266,79.58999633789062,79.58999633789062,396500,USD,NMS,America/New_York,Yahoo Finance
GRAL,2026-08-27,79.0,85.48999786376953,78.0,82.5,82.5,742900,USD,NMS,America/New_York,Yahoo Finance
GRAL,2026-08-28,80.18000030517578,82.31999969482422,77.69999694824219,80.0,80.0,658500,USD,NMS,America/New_York,Yahoo Finance
GRAL,2026-08-31,79.0,80.16999816894531,76.5999984741211,79.37000274658203,79.37000274658203,555900,USD,NMS,America/New_York,Yahoo Finance
GRAL,2026-09-01,79.0,80.79000091552734,77.73500061035156,79.79000091552734,79.79000091552734,467200,USD,NMS,America/New_York,Yahoo Finance
GRAL,2026-09-02,80.0,83.0,78.9800033569336,80.55999755859375,80.55999755859375,449200,USD,NMS,America/New_York,Yahoo Finance
GRAL,2026-09-03,81.33000183105469,82.61000061035156,79.20999908447266,80.62000274658203,80.62000274658203,320400,USD,NMS,America/New_York,Yahoo Finance
GRAL,2026-09-04,79.91999816894531,80.51000213623047,78.5,80.33999633789062,80.33999633789062,434400,USD,NMS,America/New_York,Yahoo Finance
GRAL,2026-09-08,80.19000244140625,81.70999908447266,78.85099792480469,79.0999984741211,79.0999984741211,693500,USD,NMS,America/New_York,Yahoo Finance
GRAL,2026-09-09,78.95999908447266,81.17500305175781,76.98999786376953,77.4800033569336,77.4800033569336,590400,USD,NMS,America/New_York,Yahoo Finance
GRAL,2026-09-10,75.93000030517578,79.0,75.08999633789062,77.55999755859375,77.55999755859375,897000,USD,NMS,America/New_York,Yahoo Finance
GRAL,2026-09-11,77.61000061035156,79.19000244140625,76.13999938964844,76.2300033569336,76.2300033569336,360900,USD,NMS,America/New_York,Yahoo Finance
GRAL,2026-09-14,74.68000030517578,76.55999755859375,73.45999908447266,75.52999877929688,75.52999877929688,1145700,USD,NMS,America/New_York,Yahoo Finance
GRAL,2026-09-15,75.44000244140625,77.93000030517578,74.2699966430664,75.88999938964844,75.88999938964844,1514700,USD,NMS,America/New_York,Yahoo Finance
GRAL,2026-09-16,75.94999694824219,78.86000061035156,74.12000274658203,75.11000061035156,75.11000061035156,1615100,USD,NMS,America/New_York,Yahoo Finance
GRAL,2026-09-17,75.29000091552734,81.76000213623047,75.29000091552734,79.94999694824219,79.94999694824219,1529200,USD,NMS,America/New_York,Yahoo Finance
GRAL,2026-09-18,81.4800033569336,82.8499984741211,78.19999694824219,80.7699966430664,80.7699966430664,3002200,USD,NMS,America/New_York,Yahoo Finance
GRAL,2026-09-21,93.73999786376953,111.5,92.0,107.97000122070312,107.97000122070312,3521100,USD,NMS,America/New_York,Yahoo Finance
GRAL,2026-09-22,106.75,112.58000183105469,104.0,108.5199966430664,108.5199966430664,3259800,USD,NMS,America/New_York,Yahoo Finance
GRAL,2026-09-23,108.5199966430664,108.5199966430664,108.5199966430664,108.5199966430664,108.5199966430664,0,USD,NMS,America/New_York,Yahoo Finance
GRAL,2026-09-24,105.5,126.80999755859375,101.9800033569336,125.20999908447266,125.20999908447266,3442900,USD,NMS,America/New_York,Yahoo Finance
GRAL,2026-09-25,123.5,127.66999816894531,118.44999694824219,126.88999938964844,126.88999938964844,1290700,USD,NMS,America/New_York,Yahoo Finance
GRAL,2026-09-28,128.89999389648438,134.4199981689453,126.73999786376953,132.6300048828125,132.6300048828125,1109300,USD,NMS,America/New_York,Yahoo Finance
GTX,2026-08-17,28.799999237060547,29.25,28.53499984741211,28.579999923706055,28.495162963867188,1982700,USD,NMS,America/New_York,Yahoo Finance
GTX,2026-08-18,28.030000686645508,28.479999542236328,27.549999237060547,27.90999984741211,27.827150344848633,2716100,USD,NMS,America/New_York,Yahoo Finance
GTX,2026-08-19,28.329999923706055,28.329999923706055,27.010000228881836,27.149999618530273,27.069406509399414,2817000,USD,NMS,America/New_York,Yahoo Finance
GTX,2026-08-20,26.8799991607666,26.979999542236328,26.299999237060547,26.399999618530273,26.321632385253906,1869500,USD,NMS,America/New_York,Yahoo Finance
GTX,2026-08-21,26.440000534057617,27.059999465942383,26.16699981689453,26.6200008392334,26.54098129272461,3131400,USD,NMS,America/New_York,Yahoo Finance
GTX,2026-08-24,26.450000762939453,26.770000457763672,25.670000076293945,25.84000015258789,25.763296127319336,2468500,USD,NMS,America/New_York,Yahoo Finance
GTX,2026-08-25,26.229999542236328,26.3799991607666,25.940000534057617,26.270000457763672,26.192020416259766,3420500,USD,NMS,America/New_York,Yahoo Finance
GTX,2026-08-26,26.489999771118164,27.135000228881836,26.299999237060547,27.059999465942383,26.979673385620117,4306700,USD,NMS,America/New_York,Yahoo Finance
GTX,2026-08-27,26.84000015258789,27.489999771118164,26.395000457763672,27.43000030517578,27.348575592041016,2740400,USD,NMS,America/New_York,Yahoo Finance
GTX,2026-08-28,27.649999618530273,27.899999618530273,26.639999389648438,26.65999984741211,26.580862045288086,2364800,USD,NMS,America/New_York,Yahoo Finance
GTX,2026-08-31,26.940000534057617,27.010000228881836,26.610000610351562,26.950000762939453,26.8700008392334,3091700,USD,NMS,America/New_York,Yahoo Finance
GTX,2026-09-01,26.81999969482422,27.049999237060547,26.360000610351562,26.600000381469727,26.600000381469727,4497500,USD,NMS,America/New_York,Yahoo Finance
GTX,2026-09-02,26.559999465942383,27.1299991607666,26.53499984741211,27.010000228881836,27.010000228881836,3097800,USD,NMS,America/New_York,Yahoo Finance
GTX,2026-09-03,27.170000076293945,27.6200008392334,26.889999389648438,27.329999923706055,27.329999923706055,2843700,USD,NMS,America/New_York,Yahoo Finance
GTX,2026-09-04,27.43000030517578,28.059999465942383,27.19499969482422,27.969999313354492,27.969999313354492,2684100,USD,NMS,America/New_York,Yahoo Finance
GTX,2026-09-08,27.959999084472656,28.3799991607666,27.684999465942383,27.989999771118164,27.989999771118164,5052800,USD,NMS,America/New_York,Yahoo Finance
GTX,2026-09-09,27.829999923706055,28.15999984741211,27.3700008392334,27.489999771118164,27.489999771118164,2168200,USD,NMS,America/New_York,Yahoo Finance
GTX,2026-09-10,27.079999923706055,27.709999084472656,26.979999542236328,27.190000534057617,27.190000534057617,2976400,USD,NMS,America/New_York,Yahoo Finance
GTX,2026-09-11,27.190000534057617,28.0,27.190000534057617,27.6200008392334,27.6200008392334,1887500,USD,NMS,America/New_York,Yahoo Finance
GTX,2026-09-14,26.84000015258789,27.024999618530273,26.1200008392334,26.204999923706055,26.204999923706055,2237500,USD,NMS,America/New_York,Yahoo Finance
GTX,2026-09-15,26.399999618530273,26.600000381469727,25.43000030517578,25.6299991607666,25.6299991607666,2207700,USD,NMS,America/New_York,Yahoo Finance
GTX,2026-09-16,25.979999542236328,26.375,25.719999313354492,26.1299991607666,26.1299991607666,1884700,USD,NMS,America/New_York,Yahoo Finance
GTX,2026-09-17,26.809999465942383,27.190000534057617,26.209999084472656,26.260000228881836,26.260000228881836,1611800,USD,NMS,America/New_York,Yahoo Finance
GTX,2026-09-18,26.34000015258789,26.575000762939453,25.940000534057617,26.270000457763672,26.270000457763672,7483900,USD,NMS,America/New_York,Yahoo Finance
GTX,2026-09-21,26.65999984741211,26.93000030517578,26.229999542236328,26.399999618530273,26.399999618530273,2005800,USD,NMS,America/New_York,Yahoo Finance
GTX,2026-09-22,26.68000030517578,26.780000686645508,25.889999389648438,25.950000762939453,25.950000762939453,1914500,USD,NMS,America/New_York,Yahoo Finance
GTX,2026-09-23,25.770000457763672,25.770000457763672,25.25,25.5,25.5,1906900,USD,NMS,America/New_York,Yahoo Finance
GTX,2026-09-24,25.149999618530273,25.4950008392334,25.049999237060547,25.299999237060547,25.299999237060547,1369400,USD,NMS,America/New_York,Yahoo Finance
GTX,2026-09-25,25.329999923706055,25.81999969482422,25.010000228881836,25.719999313354492,25.719999313354492,1472100,USD,NMS,America/New_York,Yahoo Finance
GTX,2026-09-28,25.610000610351562,25.93000030517578,25.40999984741211,25.860000610351562,25.860000610351562,1908500,USD,NMS,America/New_York,Yahoo Finance
GWW,2026-08-17,1318.1500244140625,1327.93994140625,1315.550048828125,1317.6800537109375,1317.6800537109375,177700,USD,NYQ,America/New_York,Yahoo Finance
GWW,2026-08-18,1323.3900146484375,1323.47998046875,1310.0400390625,1314.1199951171875,1314.1199951171875,218700,USD,NYQ,America/New_York,Yahoo Finance
GWW,2026-08-19,1319.93994140625,1331.56005859375,1302.6800537109375,1306.949951171875,1306.949951171875,176000,USD,NYQ,America/New_York,Yahoo Finance
GWW,2026-08-20,1301.47998046875,1313.1600341796875,1293.8699951171875,1300.3399658203125,1300.3399658203125,238300,USD,NYQ,America/New_York,Yahoo Finance
GWW,2026-08-21,1305.4300537109375,1316.989990234375,1300.260009765625,1312.239990234375,1312.239990234375,233900,USD,NYQ,America/New_York,Yahoo Finance
GWW,2026-08-24,1313.0999755859375,1333.3499755859375,1301.4200439453125,1321.9000244140625,1321.9000244140625,157000,USD,NYQ,America/New_York,Yahoo Finance
GWW,2026-08-25,1329.9000244140625,1330.9599609375,1297.550048828125,1301.6800537109375,1301.6800537109375,173300,USD,NYQ,America/New_York,Yahoo Finance
GWW,2026-08-26,1309.5,1337.9599609375,1309.5,1335.3900146484375,1335.3900146484375,153500,USD,NYQ,America/New_York,Yahoo Finance
GWW,2026-08-27,1327.02001953125,1327.6099853515625,1311.93994140625,1321.0799560546875,1321.0799560546875,168100,USD,NYQ,America/New_York,Yahoo Finance
GWW,2026-08-28,1334.2900390625,1335.31005859375,1294.050048828125,1306.300048828125,1306.300048828125,150200,USD,NYQ,America/New_York,Yahoo Finance
GWW,2026-08-31,1304.1700439453125,1312.8599853515625,1300.1300048828125,1309.489990234375,1309.489990234375,427000,USD,NYQ,America/New_York,Yahoo Finance
GWW,2026-09-01,1312.1600341796875,1317.75,1297.93994140625,1309.2099609375,1309.2099609375,192900,USD,NYQ,America/New_York,Yahoo Finance
GWW,2026-09-02,1306.3800048828125,1311.75,1283.969970703125,1284.8499755859375,1284.8499755859375,292200,USD,NYQ,America/New_York,Yahoo Finance
GWW,2026-09-03,1290.449951171875,1312.989990234375,1283.47998046875,1312.8399658203125,1312.8399658203125,147300,USD,NYQ,America/New_York,Yahoo Finance
GWW,2026-09-04,1312.6600341796875,1330.6199951171875,1312.52001953125,1324.489990234375,1324.489990234375,175400,USD,NYQ,America/New_York,Yahoo Finance
GWW,2026-09-08,1319.6500244140625,1319.8599853515625,1271.7900390625,1289.1700439453125,1289.1700439453125,352300,USD,NYQ,America/New_York,Yahoo Finance
GWW,2026-09-09,1282.3699951171875,1292.6700439453125,1274.280029296875,1278.8299560546875,1278.8299560546875,225400,USD,NYQ,America/New_York,Yahoo Finance
GWW,2026-09-10,1277.43994140625,1283.3499755859375,1263.5699462890625,1271.489990234375,1271.489990234375,229900,USD,NYQ,America/New_York,Yahoo Finance
GWW,2026-09-11,1289.0,1296.6800537109375,1274.199951171875,1280.0,1280.0,252800,USD,NYQ,America/New_York,Yahoo Finance
GWW,2026-09-14,1280.1500244140625,1291.9200439453125,1271.6400146484375,1277.510009765625,1277.510009765625,241100,USD,NYQ,America/New_York,Yahoo Finance
GWW,2026-09-15,1269.5799560546875,1280.030029296875,1258.699951171875,1269.530029296875,1269.530029296875,334700,USD,NYQ,America/New_York,Yahoo Finance
GWW,2026-09-16,1274.3900146484375,1274.510009765625,1252.9300537109375,1258.260009765625,1258.260009765625,263500,USD,NYQ,America/New_York,Yahoo Finance
GWW,2026-09-17,1275.0,1278.25,1250.5999755859375,1262.6099853515625,1262.6099853515625,236100,USD,NYQ,America/New_York,Yahoo Finance
GWW,2026-09-18,1260.1500244140625,1270.6400146484375,1252.0999755859375,1266.6099853515625,1266.6099853515625,355000,USD,NYQ,America/New_York,Yahoo Finance
GWW,2026-09-21,1269.949951171875,1279.1600341796875,1252.969970703125,1277.7900390625,1277.7900390625,212900,USD,NYQ,America/New_York,Yahoo Finance
GWW,2026-09-22,1283.8599853515625,1289.93994140625,1260.3199462890625,1268.6199951171875,1268.6199951171875,298300,USD,NYQ,America/New_York,Yahoo Finance
GWW,2026-09-23,1266.5999755859375,1276.4200439453125,1262.260009765625,1270.6700439453125,1270.6700439453125,316700,USD,NYQ,America/New_York,Yahoo Finance
GWW,2026-09-24,1271.6199951171875,1296.3399658203125,1269.449951171875,1279.469970703125,1279.469970703125,229700,USD,NYQ,America/New_York,Yahoo Finance
GWW,2026-09-25,1260.0,1265.1099853515625,1237.469970703125,1243.0699462890625,1243.0699462890625,389900,USD,NYQ,America/New_York,Yahoo Finance
GWW,2026-09-28,1240.97998046875,1257.81005859375,1236.2900390625,1255.68994140625,1255.68994140625,365500,USD,NYQ,America/New_York,Yahoo Finance
HAWK,2026-08-17,22.989999771118164,23.700000762939453,22.299999237060547,23.15999984741211,23.15999984741211,1242700,USD,NYQ,America/New_York,Yahoo Finance
HAWK,2026-08-18,22.8700008392334,23.719999313354492,21.799999237060547,21.889999389648438,21.889999389648438,852400,USD,NYQ,America/New_York,Yahoo Finance
HAWK,2026-08-19,22.329999923706055,22.329999923706055,21.200000762939453,21.90999984741211,21.90999984741211,1037000,USD,NYQ,America/New_York,Yahoo Finance
HAWK,2026-08-20,21.780000686645508,21.8799991607666,20.90999984741211,21.610000610351562,21.610000610351562,636300,USD,NYQ,America/New_York,Yahoo Finance
HAWK,2026-08-21,21.8799991607666,22.450000762939453,21.3799991607666,21.450000762939453,21.450000762939453,871600,USD,NYQ,America/New_York,Yahoo Finance
HAWK,2026-08-24,21.450000762939453,21.510000228881836,20.229999542236328,20.34000015258789,20.34000015258789,757500,USD,NYQ,America/New_York,Yahoo Finance
HAWK,2026-08-25,20.65999984741211,21.760000228881836,20.5,21.489999771118164,21.489999771118164,681300,USD,NYQ,America/New_York,Yahoo Finance
HAWK,2026-08-26,21.5,22.25,21.139999389648438,21.350000381469727,21.350000381469727,598200,USD,NYQ,America/New_York,Yahoo Finance
HAWK,2026-08-27,21.520000457763672,21.690000534057617,20.020000457763672,20.469999313354492,20.469999313354492,986700,USD,NYQ,America/New_York,Yahoo Finance
HAWK,2026-08-28,20.469999313354492,20.709999084472656,19.3700008392334,19.3799991607666,19.3799991607666,768700,USD,NYQ,America/New_York,Yahoo Finance
HAWK,2026-08-31,19.15999984741211,19.8799991607666,18.719999313354492,18.959999084472656,18.959999084472656,1264500,USD,NYQ,America/New_York,Yahoo Finance
HAWK,2026-09-01,18.729999542236328,19.0,18.010000228881836,18.360000610351562,18.360000610351562,1325000,USD,NYQ,America/New_York,Yahoo Finance
HAWK,2026-09-02,18.25,18.25,17.100000381469727,17.649999618530273,17.649999618530273,2606400,USD,NYQ,America/New_York,Yahoo Finance
HAWK,2026-09-03,18.0,18.0,17.059999465942383,17.31999969482422,17.31999969482422,1582800,USD,NYQ,America/New_York,Yahoo Finance
HAWK,2026-09-04,17.209999084472656,17.520000457763672,17.010000228881836,17.360000610351562,17.360000610351562,1209400,USD,NYQ,America/New_York,Yahoo Finance
HAWK,2026-09-08,17.510000228881836,17.8700008392334,16.90999984741211,17.829999923706055,17.829999923706055,2052300,USD,NYQ,America/New_York,Yahoo Finance
HAWK,2026-09-09,17.540000915527344,17.68000030517578,16.239999771118164,16.450000762939453,16.450000762939453,1907900,USD,NYQ,America/New_York,Yahoo Finance
HAWK,2026-09-10,16.170000076293945,17.200000762939453,16.040000915527344,16.420000076293945,16.420000076293945,1185800,USD,NYQ,America/New_York,Yahoo Finance
HAWK,2026-09-11,16.520000457763672,16.770000457763672,16.149999618530273,16.299999237060547,16.299999237060547,1023700,USD,NYQ,America/New_York,Yahoo Finance
HAWK,2026-09-14,16.049999237060547,16.920000076293945,15.710000038146973,16.3799991607666,16.3799991607666,1465100,USD,NYQ,America/New_York,Yahoo Finance
HAWK,2026-09-15,16.469999313354492,16.770000457763672,16.010000228881836,16.489999771118164,16.489999771118164,932500,USD,NYQ,America/New_York,Yahoo Finance
HAWK,2026-09-16,16.469999313354492,16.530000686645508,16.010000228881836,16.170000076293945,16.170000076293945,1023000,USD,NYQ,America/New_York,Yahoo Finance
HAWK,2026-09-17,17.0,17.420000076293945,16.799999237060547,17.280000686645508,17.280000686645508,1582300,USD,NYQ,America/New_York,Yahoo Finance
HAWK,2026-09-18,17.25,17.290000915527344,16.059999465942383,16.270000457763672,16.270000457763672,3629200,USD,NYQ,America/New_York,Yahoo Finance
HAWK,2026-09-21,16.309999465942383,16.489999771118164,16.1299991607666,16.260000228881836,16.260000228881836,1062100,USD,NYQ,America/New_York,Yahoo Finance
HAWK,2026-09-22,16.469999313354492,16.600000381469727,15.449999809265137,15.970000267028809,15.970000267028809,2271500,USD,NYQ,America/New_York,Yahoo Finance
HAWK,2026-09-23,15.819999694824219,16.1299991607666,15.640000343322754,15.829999923706055,15.829999923706055,1087400,USD,NYQ,America/New_York,Yahoo Finance
HAWK,2026-09-24,15.8100004196167,16.329999923706055,15.529999732971191,16.0,16.0,1348800,USD,NYQ,America/New_York,Yahoo Finance
HAWK,2026-09-25,16.059999465942383,16.469999313354492,15.859999656677246,16.100000381469727,16.100000381469727,901800,USD,NYQ,America/New_York,Yahoo Finance
HAWK,2026-09-28,15.949999809265137,16.049999237060547,15.460000038146973,15.510000228881836,15.510000228881836,681800,USD,NYQ,America/New_York,Yahoo Finance
HEI,2026-08-17,372.7200012207031,374.5,368.2099914550781,371.2799987792969,371.2799987792969,355600,USD,NYQ,America/New_York,Yahoo Finance
HEI,2026-08-18,367.6700134277344,369.6199951171875,365.4800109863281,368.010009765625,368.010009765625,369000,USD,NYQ,America/New_York,Yahoo Finance
HEI,2026-08-19,370.260009765625,370.260009765625,363.0,363.4200134277344,363.4200134277344,379000,USD,NYQ,America/New_York,Yahoo Finance
HEI,2026-08-20,359.05999755859375,363.0400085449219,350.45001220703125,350.5799865722656,350.5799865722656,548600,USD,NYQ,America/New_York,Yahoo Finance
HEI,2026-08-21,352.92999267578125,356.42999267578125,351.0199890136719,355.0400085449219,355.0400085449219,353900,USD,NYQ,America/New_York,Yahoo Finance
HEI,2026-08-24,353.75,360.04998779296875,350.82000732421875,352.6700134277344,352.6700134277344,605800,USD,NYQ,America/New_York,Yahoo Finance
HEI,2026-08-25,357.1499938964844,358.5899963378906,350.5400085449219,351.04998779296875,351.04998779296875,556000,USD,NYQ,America/New_York,Yahoo Finance
HEI,2026-08-26,370.0,370.0,337.6000061035156,346.1499938964844,346.1499938964844,1371700,USD,NYQ,America/New_York,Yahoo Finance
HEI,2026-08-27,346.19000244140625,347.3800048828125,332.8699951171875,337.010009765625,337.010009765625,720400,USD,NYQ,America/New_York,Yahoo Finance
HEI,2026-08-28,339.95001220703125,340.2300109863281,331.0,336.5299987792969,336.5299987792969,448300,USD,NYQ,America/New_York,Yahoo Finance
HEI,2026-08-31,334.8800048828125,334.9800109863281,329.20001220703125,331.1499938964844,331.1499938964844,636200,USD,NYQ,America/New_York,Yahoo Finance
HEI,2026-09-01,329.6499938964844,332.0400085449219,324.3699951171875,325.1499938964844,325.1499938964844,367500,USD,NYQ,America/New_York,Yahoo Finance
HEI,2026-09-02,325.55999755859375,326.32000732421875,321.0799865722656,322.8999938964844,322.8999938964844,439100,USD,NYQ,America/New_York,Yahoo Finance
HEI,2026-09-03,325.54998779296875,327.4200134277344,320.2200012207031,325.70001220703125,325.70001220703125,447600,USD,NYQ,America/New_York,Yahoo Finance
HEI,2026-09-04,323.239990234375,327.510009765625,322.0,325.4800109863281,325.4800109863281,477500,USD,NYQ,America/New_York,Yahoo Finance
HEI,2026-09-08,324.1300048828125,324.1300048828125,315.7699890136719,316.1000061035156,316.1000061035156,534600,USD,NYQ,America/New_York,Yahoo Finance
HEI,2026-09-09,312.8299865722656,316.3900146484375,310.30999755859375,312.32000732421875,312.32000732421875,431000,USD,NYQ,America/New_York,Yahoo Finance
HEI,2026-09-10,312.32000732421875,314.94000244140625,307.69000244140625,312.489990234375,312.489990234375,595500,USD,NYQ,America/New_York,Yahoo Finance
HEI,2026-09-11,316.4800109863281,317.1700134277344,312.0400085449219,316.0,316.0,326800,USD,NYQ,America/New_York,Yahoo Finance
HEI,2026-09-14,309.760009765625,311.1400146484375,302.239990234375,303.75,303.75,480400,USD,NYQ,America/New_York,Yahoo Finance
HEI,2026-09-15,304.25,305.1199951171875,295.1700134277344,296.8500061035156,296.8500061035156,464200,USD,NYQ,America/New_York,Yahoo Finance
HEI,2026-09-16,296.8800048828125,304.1199951171875,295.04998779296875,299.42999267578125,299.42999267578125,388300,USD,NYQ,America/New_York,Yahoo Finance
HEI,2026-09-17,303.19000244140625,303.5,294.5,296.4800109863281,296.4800109863281,373900,USD,NYQ,America/New_York,Yahoo Finance
HEI,2026-09-18,294.989990234375,298.4200134277344,293.57000732421875,298.2200012207031,298.2200012207031,735400,USD,NYQ,America/New_York,Yahoo Finance
HEI,2026-09-21,300.44000244140625,304.760009765625,298.5799865722656,303.0299987792969,303.0299987792969,403300,USD,NYQ,America/New_York,Yahoo Finance
HEI,2026-09-22,306.0,309.3900146484375,301.010009765625,307.7699890136719,307.7699890136719,630100,USD,NYQ,America/New_York,Yahoo Finance
HEI,2026-09-23,305.29998779296875,312.6199951171875,301.1199951171875,310.57000732421875,310.57000732421875,577300,USD,NYQ,America/New_York,Yahoo Finance
HEI,2026-09-24,308.2699890136719,310.9100036621094,305.3800048828125,306.3299865722656,306.3299865722656,419200,USD,NYQ,America/New_York,Yahoo Finance
HEI,2026-09-25,306.82000732421875,311.7200012207031,305.95001220703125,308.5299987792969,308.5299987792969,615900,USD,NYQ,America/New_York,Yahoo Finance
HEI,2026-09-28,304.7099914550781,309.010009765625,301.1000061035156,304.6099853515625,304.6099853515625,579600,USD,NYQ,America/New_York,Yahoo Finance
HELP,2026-08-17,11.920000076293945,12.050000190734863,11.5,11.569999694824219,11.569999694824219,1298400,USD,NGM,America/New_York,Yahoo Finance
HELP,2026-08-18,11.5600004196167,11.765000343322754,11.170000076293945,11.670000076293945,11.670000076293945,994100,USD,NGM,America/New_York,Yahoo Finance
HELP,2026-08-19,11.880000114440918,12.050000190734863,11.619999885559082,11.779999732971191,11.779999732971191,734600,USD,NGM,America/New_York,Yahoo Finance
HELP,2026-08-20,12.079999923706055,12.71500015258789,12.020000457763672,12.470000267028809,12.470000267028809,1822300,USD,NGM,America/New_York,Yahoo Finance
HELP,2026-08-21,12.579999923706055,12.949999809265137,12.470000267028809,12.59000015258789,12.59000015258789,2161000,USD,NGM,America/New_York,Yahoo Finance
HELP,2026-08-24,12.699999809265137,13.239999771118164,11.9399995803833,13.020000457763672,13.020000457763672,1864000,USD,NGM,America/New_York,Yahoo Finance
HELP,2026-08-25,13.15999984741211,14.350000381469727,13.039999961853027,13.984999656677246,13.984999656677246,2998800,USD,NGM,America/New_York,Yahoo Finance
HELP,2026-08-26,14.1899995803833,14.279999732971191,13.59000015258789,13.630000114440918,13.630000114440918,1559200,USD,NGM,America/New_York,Yahoo Finance
HELP,2026-08-27,13.699999809265137,13.84000015258789,13.109999656677246,13.239999771118164,13.239999771118164,857200,USD,NGM,America/New_York,Yahoo Finance
HELP,2026-08-28,13.3100004196167,13.3100004196167,12.130000114440918,12.180000305175781,12.180000305175781,1453500,USD,NGM,America/New_York,Yahoo Finance
HELP,2026-08-31,11.970000267028809,12.190999984741211,11.255000114440918,11.760000228881836,11.760000228881836,1477800,USD,NGM,America/New_York,Yahoo Finance
HELP,2026-09-01,11.760000228881836,12.164999961853027,11.5,11.600000381469727,11.600000381469727,1140700,USD,NGM,America/New_York,Yahoo Finance
HELP,2026-09-02,11.539999961853027,12.039999961853027,11.420000076293945,11.949999809265137,11.949999809265137,2116200,USD,NGM,America/New_York,Yahoo Finance
HELP,2026-09-03,11.979999542236328,12.005000114440918,11.390000343322754,11.770000457763672,11.770000457763672,820700,USD,NGM,America/New_York,Yahoo Finance
HELP,2026-09-04,11.8100004196167,12.260000228881836,11.4399995803833,12.220000267028809,12.220000267028809,1024600,USD,NGM,America/New_York,Yahoo Finance
HELP,2026-09-08,12.199999809265137,12.729999542236328,11.920000076293945,12.390000343322754,12.390000343322754,1634400,USD,NGM,America/New_York,Yahoo Finance
HELP,2026-09-09,12.3100004196167,13.880000114440918,12.180000305175781,13.680000305175781,13.680000305175781,1736400,USD,NGM,America/New_York,Yahoo Finance
HELP,2026-09-10,13.760000228881836,13.920000076293945,12.779999732971191,12.84000015258789,12.84000015258789,1749000,USD,NGM,America/New_York,Yahoo Finance
HELP,2026-09-11,13.270000457763672,13.520000457763672,12.609999656677246,12.970000267028809,12.970000267028809,1149400,USD,NGM,America/New_York,Yahoo Finance
HELP,2026-09-14,12.869999885559082,13.720000267028809,12.772000312805176,13.609999656677246,13.609999656677246,1615100,USD,NGM,America/New_York,Yahoo Finance
HELP,2026-09-15,13.623000144958496,13.640000343322754,12.989999771118164,13.119999885559082,13.119999885559082,1194900,USD,NGM,America/New_York,Yahoo Finance
HELP,2026-09-16,13.300000190734863,13.6899995803833,13.161999702453613,13.470000267028809,13.470000267028809,927800,USD,NGM,America/New_York,Yahoo Finance
HELP,2026-09-17,13.675000190734863,14.170000076293945,13.119999885559082,14.020000457763672,14.020000457763672,3344300,USD,NGM,America/New_York,Yahoo Finance
HELP,2026-09-18,15.149999618530273,15.149999618530273,12.095000267028809,12.369999885559082,12.369999885559082,5666900,USD,NGM,America/New_York,Yahoo Finance
HELP,2026-09-21,12.649999618530273,14.050000190734863,12.649999618530273,13.65999984741211,13.65999984741211,2865600,USD,NGM,America/New_York,Yahoo Finance
HELP,2026-09-22,14.010000228881836,14.239999771118164,13.399999618530273,13.710000038146973,13.710000038146973,2418800,USD,NGM,America/New_York,Yahoo Finance
HELP,2026-09-23,13.600000381469727,13.609999656677246,12.8149995803833,13.020000457763672,13.020000457763672,1846800,USD,NGM,America/New_York,Yahoo Finance
HELP,2026-09-24,12.800000190734863,12.880000114440918,12.279999732971191,12.59000015258789,12.59000015258789,1458000,USD,NGM,America/New_York,Yahoo Finance
HELP,2026-09-25,12.760000228881836,12.864999771118164,12.539999961853027,12.609999656677246,12.609999656677246,805600,USD,NGM,America/New_York,Yahoo Finance
HELP,2026-09-28,12.5,12.779999732971191,12.09000015258789,12.59000015258789,12.59000015258789,985900,USD,NGM,America/New_York,Yahoo Finance
HII,2026-08-17,325.739990234375,327.25,317.510009765625,318.3399963378906,316.8622741699219,422400,USD,NYQ,America/New_York,Yahoo Finance
HII,2026-08-18,319.44000244140625,322.4800109863281,317.30999755859375,317.6099853515625,316.1356506347656,592900,USD,NYQ,America/New_York,Yahoo Finance
HII,2026-08-19,316.8900146484375,317.0,310.55999755859375,311.760009765625,310.3128356933594,407300,USD,NYQ,America/New_York,Yahoo Finance
HII,2026-08-20,310.32000732421875,310.760009765625,300.260009765625,301.3999938964844,300.00091552734375,400900,USD,NYQ,America/New_York,Yahoo Finance
HII,2026-08-21,303.4200134277344,305.25,296.8900146484375,298.20001220703125,296.8157958984375,491300,USD,NYQ,America/New_York,Yahoo Finance
HII,2026-08-24,297.17999267578125,298.04998779296875,291.1499938964844,294.6300048828125,293.2623596191406,335500,USD,NYQ,America/New_York,Yahoo Finance
HII,2026-08-25,294.260009765625,295.8699951171875,286.5,291.1499938964844,289.7984924316406,364500,USD,NYQ,America/New_York,Yahoo Finance
HII,2026-08-26,291.1499938964844,298.989990234375,291.0,296.3999938964844,295.02410888671875,367800,USD,NYQ,America/New_York,Yahoo Finance
HII,2026-08-27,296.989990234375,298.8299865722656,293.0199890136719,297.2900085449219,295.9100036621094,325200,USD,NYQ,America/New_York,Yahoo Finance
HII,2026-08-28,296.4200134277344,297.3800048828125,290.5,294.2099914550781,294.2099914550781,442500,USD,NYQ,America/New_York,Yahoo Finance
HII,2026-08-31,291.510009765625,297.4599914550781,288.2799987792969,291.20001220703125,291.20001220703125,444900,USD,NYQ,America/New_York,Yahoo Finance
HII,2026-09-01,290.8800048828125,294.5199890136719,290.70001220703125,292.4200134277344,292.4200134277344,385100,USD,NYQ,America/New_York,Yahoo Finance
HII,2026-09-02,292.239990234375,292.7200012207031,287.2200012207031,288.7200012207031,288.7200012207031,354400,USD,NYQ,America/New_York,Yahoo Finance
HII,2026-09-03,291.1300048828125,295.5,286.20001220703125,290.7300109863281,290.7300109863281,287800,USD,NYQ,America/New_York,Yahoo Finance
HII,2026-09-04,288.1400146484375,290.1499938964844,284.05999755859375,285.92999267578125,285.92999267578125,311300,USD,NYQ,America/New_York,Yahoo Finance
HII,2026-09-08,286.989990234375,293.0,286.45001220703125,287.6700134277344,287.6700134277344,328800,USD,NYQ,America/New_York,Yahoo Finance
HII,2026-09-09,288.25,290.5899963378906,280.7699890136719,280.8500061035156,280.8500061035156,356700,USD,NYQ,America/New_York,Yahoo Finance
HII,2026-09-10,280.0,285.1600036621094,279.6199951171875,281.6700134277344,281.6700134277344,410000,USD,NYQ,America/New_York,Yahoo Finance
HII,2026-09-11,283.7900085449219,284.8699951171875,278.1700134277344,279.69000244140625,279.69000244140625,445800,USD,NYQ,America/New_York,Yahoo Finance
HII,2026-09-14,277.7699890136719,282.19000244140625,277.1600036621094,280.010009765625,280.010009765625,329900,USD,NYQ,America/New_York,Yahoo Finance
HII,2026-09-15,280.9800109863281,280.9800109863281,272.8800048828125,279.4599914550781,279.4599914550781,416100,USD,NYQ,America/New_York,Yahoo Finance
HII,2026-09-16,279.2099914550781,280.510009765625,275.0400085449219,278.0899963378906,278.0899963378906,467200,USD,NYQ,America/New_York,Yahoo Finance
HII,2026-09-17,279.7200012207031,283.25,275.5199890136719,277.1400146484375,277.1400146484375,421700,USD,NYQ,America/New_York,Yahoo Finance
HII,2026-09-18,277.1300048828125,277.1400146484375,270.1499938964844,272.8599853515625,272.8599853515625,1455100,USD,NYQ,America/New_York,Yahoo Finance
HII,2026-09-21,273.3900146484375,276.7799987792969,272.2300109863281,276.1000061035156,276.1000061035156,425100,USD,NYQ,America/New_York,Yahoo Finance
HII,2026-09-22,278.0,278.7799987792969,268.0899963378906,270.95001220703125,270.95001220703125,541600,USD,NYQ,America/New_York,Yahoo Finance
HII,2026-09-23,269.989990234375,274.3500061035156,268.07000732421875,269.79998779296875,269.79998779296875,476600,USD,NYQ,America/New_York,Yahoo Finance
HII,2026-09-24,270.0,271.989990234375,265.5799865722656,266.0,266.0,375600,USD,NYQ,America/New_York,Yahoo Finance
HII,2026-09-25,265.0,266.04998779296875,261.7099914550781,264.0199890136719,264.0199890136719,305700,USD,NYQ,America/New_York,Yahoo Finance
HII,2026-09-28,261.69000244140625,262.510009765625,256.80999755859375,257.04998779296875,257.04998779296875,593800,USD,NYQ,America/New_York,Yahoo Finance
HLIO,2026-08-17,81.31999969482422,82.62000274658203,81.22000122070312,82.0,82.0,206000,USD,NYQ,America/New_York,Yahoo Finance
HLIO,2026-08-18,80.9800033569336,81.05000305175781,78.91000366210938,79.43000030517578,79.43000030517578,263500,USD,NYQ,America/New_York,Yahoo Finance
HLIO,2026-08-19,80.5199966430664,80.69000244140625,76.02999877929688,76.18000030517578,76.18000030517578,301200,USD,NYQ,America/New_York,Yahoo Finance
HLIO,2026-08-20,75.66999816894531,76.8499984741211,74.83999633789062,76.30999755859375,76.30999755859375,326800,USD,NYQ,America/New_York,Yahoo Finance
HLIO,2026-08-21,77.0999984741211,77.48999786376953,75.0,76.18000030517578,76.18000030517578,217000,USD,NYQ,America/New_York,Yahoo Finance
HLIO,2026-08-24,76.22000122070312,77.0,73.94000244140625,73.9800033569336,73.9800033569336,385800,USD,NYQ,America/New_York,Yahoo Finance
HLIO,2026-08-25,74.9800033569336,75.77999877929688,73.69999694824219,74.2699966430664,74.2699966430664,223100,USD,NYQ,America/New_York,Yahoo Finance
HLIO,2026-08-26,74.70999908447266,76.0,73.97000122070312,74.93000030517578,74.93000030517578,171100,USD,NYQ,America/New_York,Yahoo Finance
HLIO,2026-08-27,74.88999938964844,75.30999755859375,73.97000122070312,74.43000030517578,74.43000030517578,212400,USD,NYQ,America/New_York,Yahoo Finance
HLIO,2026-08-28,74.62000274658203,74.94999694824219,72.43000030517578,73.08000183105469,73.08000183105469,219400,USD,NYQ,America/New_York,Yahoo Finance
HLIO,2026-08-31,73.08999633789062,73.41000366210938,72.1500015258789,73.0199966430664,73.0199966430664,328700,USD,NYQ,America/New_York,Yahoo Finance
HLIO,2026-09-01,73.25,73.25,70.23999786376953,70.44999694824219,70.44999694824219,292600,USD,NYQ,America/New_York,Yahoo Finance
HLIO,2026-09-02,71.04000091552734,72.30000305175781,70.2699966430664,70.51000213623047,70.51000213623047,317900,USD,NYQ,America/New_York,Yahoo Finance
HLIO,2026-09-03,70.97000122070312,72.1500015258789,69.4800033569336,72.11000061035156,72.11000061035156,401000,USD,NYQ,America/New_York,Yahoo Finance
HLIO,2026-09-04,71.9000015258789,73.31999969482422,71.20999908447266,71.62000274658203,71.62000274658203,421800,USD,NYQ,America/New_York,Yahoo Finance
HLIO,2026-09-08,72.2300033569336,72.47000122070312,71.0199966430664,71.41999816894531,71.41999816894531,257900,USD,NYQ,America/New_York,Yahoo Finance
HLIO,2026-09-09,71.1500015258789,72.1500015258789,70.44000244140625,70.7300033569336,70.7300033569336,280400,USD,NYQ,America/New_York,Yahoo Finance
HLIO,2026-09-10,70.0199966430664,70.06999969482422,67.58999633789062,68.05999755859375,68.05999755859375,380300,USD,NYQ,America/New_York,Yahoo Finance
HLIO,2026-09-11,69.4000015258789,70.79000091552734,68.80999755859375,70.66000366210938,70.66000366210938,280000,USD,NYQ,America/New_York,Yahoo Finance
HLIO,2026-09-14,68.8499984741211,69.72000122070312,66.93000030517578,67.25,67.25,278500,USD,NYQ,America/New_York,Yahoo Finance
HLIO,2026-09-15,67.94000244140625,68.26000213623047,66.22000122070312,66.5,66.5,332600,USD,NYQ,America/New_York,Yahoo Finance
HLIO,2026-09-16,67.30000305175781,68.30000305175781,66.19000244140625,67.05999755859375,67.05999755859375,436600,USD,NYQ,America/New_York,Yahoo Finance
HLIO,2026-09-17,68.7300033569336,69.12000274658203,67.27999877929688,67.98999786376953,67.98999786376953,299400,USD,NYQ,America/New_York,Yahoo Finance
HLIO,2026-09-18,68.12000274658203,69.29000091552734,67.06999969482422,69.29000091552734,69.29000091552734,621900,USD,NYQ,America/New_York,Yahoo Finance
HLIO,2026-09-21,69.4800033569336,69.4800033569336,67.97000122070312,68.26000213623047,68.26000213623047,289700,USD,NYQ,America/New_York,Yahoo Finance
HLIO,2026-09-22,69.19000244140625,69.5,68.31999969482422,68.66000366210938,68.66000366210938,335500,USD,NYQ,America/New_York,Yahoo Finance
HLIO,2026-09-23,68.44999694824219,70.48999786376953,68.16000366210938,69.5199966430664,69.5199966430664,323800,USD,NYQ,America/New_York,Yahoo Finance
HLIO,2026-09-24,68.68000030517578,69.18000030517578,67.8499984741211,68.37999725341797,68.37999725341797,586600,USD,NYQ,America/New_York,Yahoo Finance
HLIO,2026-09-25,68.76000213623047,69.41999816894531,68.0999984741211,68.63999938964844,68.63999938964844,534300,USD,NYQ,America/New_York,Yahoo Finance
HLIO,2026-09-28,68.4800033569336,70.29000091552734,67.62000274658203,68.91000366210938,68.91000366210938,359200,USD,NYQ,America/New_York,Yahoo Finance
HLT,2026-08-17,327.45001220703125,330.0,326.010009765625,326.1199951171875,325.9715881347656,2701600,USD,NYQ,America/New_York,Yahoo Finance
HLT,2026-08-18,326.29998779296875,332.7200012207031,325.0799865722656,327.739990234375,327.5908508300781,1881800,USD,NYQ,America/New_York,Yahoo Finance
HLT,2026-08-19,329.92999267578125,335.79998779296875,328.3399963378906,334.7300109863281,334.5776672363281,2696600,USD,NYQ,America/New_York,Yahoo Finance
HLT,2026-08-20,333.0799865722656,333.5400085449219,327.44000244140625,329.6099853515625,329.4599914550781,2119500,USD,NYQ,America/New_York,Yahoo Finance
HLT,2026-08-21,330.4200134277344,331.989990234375,325.260009765625,326.6300048828125,326.6300048828125,1719800,USD,NYQ,America/New_York,Yahoo Finance
HLT,2026-08-24,327.9200134277344,332.79998779296875,327.510009765625,330.07000732421875,330.07000732421875,995700,USD,NYQ,America/New_York,Yahoo Finance
HLT,2026-08-25,333.9200134277344,334.4200134277344,328.69000244140625,329.30999755859375,329.30999755859375,1248100,USD,NYQ,America/New_York,Yahoo Finance
HLT,2026-08-26,330.3399963378906,333.0899963378906,327.3699951171875,332.55999755859375,332.55999755859375,1731500,USD,NYQ,America/New_York,Yahoo Finance
HLT,2026-08-27,330.45001220703125,332.1499938964844,325.3699951171875,325.67999267578125,325.67999267578125,1367400,USD,NYQ,America/New_York,Yahoo Finance
HLT,2026-08-28,327.7799987792969,327.7900085449219,321.7200012207031,321.8500061035156,321.8500061035156,1220100,USD,NYQ,America/New_York,Yahoo Finance
HLT,2026-08-31,320.0199890136719,320.760009765625,314.95001220703125,316.2799987792969,316.2799987792969,2467000,USD,NYQ,America/New_York,Yahoo Finance
HLT,2026-09-01,317.260009765625,319.0,310.92999267578125,311.989990234375,311.989990234375,1072400,USD,NYQ,America/New_York,Yahoo Finance
HLT,2026-09-02,313.25,315.5899963378906,311.42999267578125,311.510009765625,311.510009765625,1276100,USD,NYQ,America/New_York,Yahoo Finance
HLT,2026-09-03,312.19000244140625,316.1099853515625,309.07000732421875,314.3500061035156,314.3500061035156,1731400,USD,NYQ,America/New_York,Yahoo Finance
HLT,2026-09-04,312.5,315.3699951171875,310.6600036621094,311.17999267578125,311.17999267578125,1572300,USD,NYQ,America/New_York,Yahoo Finance
HLT,2026-09-08,308.0299987792969,313.04998779296875,304.3699951171875,304.4700012207031,304.4700012207031,1663000,USD,NYQ,America/New_York,Yahoo Finance
HLT,2026-09-09,301.8800048828125,308.489990234375,300.0,306.989990234375,306.989990234375,1740500,USD,NYQ,America/New_York,Yahoo Finance
HLT,2026-09-10,308.2799987792969,310.760009765625,305.3999938964844,306.239990234375,306.239990234375,1460100,USD,NYQ,America/New_York,Yahoo Finance
HLT,2026-09-11,309.489990234375,309.8999938964844,305.3999938964844,306.19000244140625,306.19000244140625,1637100,USD,NYQ,America/New_York,Yahoo Finance
HLT,2026-09-14,306.20001220703125,311.3900146484375,305.8599853515625,310.6000061035156,310.6000061035156,1711900,USD,NYQ,America/New_York,Yahoo Finance
HLT,2026-09-15,310.4200134277344,311.45001220703125,305.8599853515625,307.7900085449219,307.7900085449219,1289500,USD,NYQ,America/New_York,Yahoo Finance
HLT,2026-09-16,309.0,310.0,303.5400085449219,305.6300048828125,305.6300048828125,1844500,USD,NYQ,America/New_York,Yahoo Finance
HLT,2026-09-17,308.6000061035156,308.6000061035156,302.5299987792969,302.5400085449219,302.5400085449219,1724300,USD,NYQ,America/New_York,Yahoo Finance
HLT,2026-09-18,302.19000244140625,305.7900085449219,302.1099853515625,305.7300109863281,305.7300109863281,2945200,USD,NYQ,America/New_York,Yahoo Finance
HLT,2026-09-21,306.0299987792969,309.1600036621094,304.1099853515625,307.0799865722656,307.0799865722656,2128300,USD,NYQ,America/New_York,Yahoo Finance
HLT,2026-09-22,311.6400146484375,314.0,307.20001220703125,308.44000244140625,308.44000244140625,1766100,USD,NYQ,America/New_York,Yahoo Finance
HLT,2026-09-23,307.25,310.4700012207031,305.82000732421875,307.2200012207031,307.2200012207031,1565500,USD,NYQ,America/New_York,Yahoo Finance
HLT,2026-09-24,307.57000732421875,314.0400085449219,306.8999938964844,312.1300048828125,312.1300048828125,1683400,USD,NYQ,America/New_York,Yahoo Finance
HLT,2026-09-25,313.04998779296875,315.2799987792969,310.3500061035156,313.9599914550781,313.9599914550781,1532700,USD,NYQ,America/New_York,Yahoo Finance
HLT,2026-09-28,312.6000061035156,321.7200012207031,311.239990234375,320.2799987792969,320.2799987792969,1913000,USD,NYQ,America/New_York,Yahoo Finance
HSBC,2026-08-17,104.26000213623047,104.66000366210938,103.7699966430664,103.80000305175781,103.80000305175781,1017100,USD,NYQ,America/New_York,Yahoo Finance
HSBC,2026-08-18,103.83999633789062,104.19999694824219,102.80999755859375,103.18000030517578,103.18000030517578,883500,USD,NYQ,America/New_York,Yahoo Finance
HSBC,2026-08-19,103.83000183105469,103.8499984741211,102.04000091552734,102.30000305175781,102.30000305175781,1251600,USD,NYQ,America/New_York,Yahoo Finance
HSBC,2026-08-20,103.01000213623047,103.5,102.18000030517578,102.33000183105469,102.33000183105469,876400,USD,NYQ,America/New_York,Yahoo Finance
HSBC,2026-08-21,103.94999694824219,104.44999694824219,103.55999755859375,104.1500015258789,104.1500015258789,743300,USD,NYQ,America/New_York,Yahoo Finance
HSBC,2026-08-24,104.13999938964844,104.62999725341797,102.98999786376953,104.08999633789062,104.08999633789062,1354300,USD,NYQ,America/New_York,Yahoo Finance
HSBC,2026-08-25,103.41000366210938,104.54000091552734,102.9000015258789,104.37999725341797,104.37999725341797,923700,USD,NYQ,America/New_York,Yahoo Finance
HSBC,2026-08-26,104.19000244140625,104.30999755859375,103.61000061035156,103.6500015258789,103.6500015258789,1396600,USD,NYQ,America/New_York,Yahoo Finance
HSBC,2026-08-27,103.33000183105469,103.55000305175781,102.2699966430664,102.8499984741211,102.8499984741211,1033200,USD,NYQ,America/New_York,Yahoo Finance
HSBC,2026-08-28,103.63999938964844,104.16999816894531,103.2300033569336,103.52999877929688,103.52999877929688,1268700,USD,NYQ,America/New_York,Yahoo Finance
HSBC,2026-08-31,102.95999908447266,103.83999633789062,102.91000366210938,103.13999938964844,103.13999938964844,697500,USD,NYQ,America/New_York,Yahoo Finance
HSBC,2026-09-01,103.70999908447266,104.3499984741211,103.13999938964844,103.4000015258789,103.4000015258789,1180900,USD,NYQ,America/New_York,Yahoo Finance
HSBC,2026-09-02,104.01000213623047,104.95999908447266,103.87999725341797,104.94000244140625,104.94000244140625,1387400,USD,NYQ,America/New_York,Yahoo Finance
HSBC,2026-09-03,105.9800033569336,106.47000122070312,105.5999984741211,106.45999908447266,106.45999908447266,1333100,USD,NYQ,America/New_York,Yahoo Finance
HSBC,2026-09-04,106.47000122070312,107.43000030517578,106.37000274658203,107.11000061035156,107.11000061035156,1208700,USD,NYQ,America/New_York,Yahoo Finance
HSBC,2026-09-08,106.69999694824219,107.16000366210938,106.25,106.26000213623047,106.26000213623047,827900,USD,NYQ,America/New_York,Yahoo Finance
HSBC,2026-09-09,105.01000213623047,105.58000183105469,104.5999984741211,105.11000061035156,105.11000061035156,1270700,USD,NYQ,America/New_York,Yahoo Finance
HSBC,2026-09-10,103.55999755859375,104.19999694824219,103.33999633789062,103.69999694824219,103.69999694824219,1345100,USD,NYQ,America/New_York,Yahoo Finance
HSBC,2026-09-11,105.7300033569336,105.80000305175781,104.66000366210938,105.30000305175781,105.30000305175781,955500,USD,NYQ,America/New_York,Yahoo Finance
HSBC,2026-09-14,104.0999984741211,105.0,103.37999725341797,103.94000244140625,103.94000244140625,1651700,USD,NYQ,America/New_York,Yahoo Finance
HSBC,2026-09-15,103.31999969482422,103.58000183105469,101.3499984741211,102.22000122070312,102.22000122070312,2296400,USD,NYQ,America/New_York,Yahoo Finance
HSBC,2026-09-16,102.5999984741211,102.61000061035156,99.87000274658203,100.83999633789062,100.83999633789062,1786500,USD,NYQ,America/New_York,Yahoo Finance
HSBC,2026-09-17,102.37999725341797,103.1500015258789,101.62000274658203,102.83999633789062,102.83999633789062,1134000,USD,NYQ,America/New_York,Yahoo Finance
HSBC,2026-09-18,101.66000366210938,101.91999816894531,101.12000274658203,101.83000183105469,101.83000183105469,1750600,USD,NYQ,America/New_York,Yahoo Finance
HSBC,2026-09-21,103.62000274658203,103.76000213623047,102.62000274658203,103.20999908447266,103.20999908447266,1134200,USD,NYQ,America/New_York,Yahoo Finance
HSBC,2026-09-22,102.44999694824219,102.73999786376953,100.91999816894531,101.58999633789062,101.58999633789062,1253900,USD,NYQ,America/New_York,Yahoo Finance
HSBC,2026-09-23,101.0199966430664,101.51000213623047,100.16000366210938,100.25,100.25,1462200,USD,NYQ,America/New_York,Yahoo Finance
HSBC,2026-09-24,100.02999877929688,100.38999938964844,99.33000183105469,100.16999816894531,100.16999816894531,1403600,USD,NYQ,America/New_York,Yahoo Finance
HSBC,2026-09-25,100.93000030517578,101.18000030517578,100.05999755859375,100.94999694824219,100.94999694824219,1326800,USD,NYQ,America/New_York,Yahoo Finance
HSBC,2026-09-28,101.52999877929688,101.8499984741211,100.62999725341797,101.18000030517578,101.18000030517578,1336300,USD,NYQ,America/New_York,Yahoo Finance
HSTM,2026-08-17,28.829999923706055,28.940000534057617,27.989999771118164,28.020000457763672,28.020000457763672,158500,USD,NMS,America/New_York,Yahoo Finance
HSTM,2026-08-18,28.239999771118164,28.760000228881836,28.209999084472656,28.510000228881836,28.510000228881836,173500,USD,NMS,America/New_York,Yahoo Finance
HSTM,2026-08-19,28.6299991607666,29.06999969482422,28.489999771118164,28.549999237060547,28.549999237060547,229200,USD,NMS,America/New_York,Yahoo Finance
HSTM,2026-08-20,28.329999923706055,28.979999542236328,28.139999389648438,28.59000015258789,28.59000015258789,202600,USD,NMS,America/New_York,Yahoo Finance
HSTM,2026-08-21,28.530000686645508,28.920000076293945,28.139999389648438,28.8700008392334,28.8700008392334,374500,USD,NMS,America/New_York,Yahoo Finance
HSTM,2026-08-24,28.8700008392334,29.690000534057617,28.440000534057617,28.780000686645508,28.780000686645508,200100,USD,NMS,America/New_York,Yahoo Finance
HSTM,2026-08-25,28.780000686645508,29.299999237060547,28.520000457763672,28.8700008392334,28.8700008392334,135300,USD,NMS,America/New_York,Yahoo Finance
HSTM,2026-08-26,28.81999969482422,28.940000534057617,28.65999984741211,28.760000228881836,28.760000228881836,147300,USD,NMS,America/New_York,Yahoo Finance
HSTM,2026-08-27,28.739999771118164,29.209999084472656,28.65999984741211,28.829999923706055,28.829999923706055,118400,USD,NMS,America/New_York,Yahoo Finance
HSTM,2026-08-28,28.860000610351562,29.549999237060547,28.65999984741211,29.3799991607666,29.3799991607666,172400,USD,NMS,America/New_York,Yahoo Finance
HSTM,2026-08-31,29.299999237060547,29.31999969482422,28.770000457763672,29.049999237060547,29.049999237060547,178200,USD,NMS,America/New_York,Yahoo Finance
HSTM,2026-09-01,28.940000534057617,29.700000762939453,28.84000015258789,29.670000076293945,29.670000076293945,226500,USD,NMS,America/New_York,Yahoo Finance
HSTM,2026-09-02,29.639999389648438,30.06999969482422,29.389999389648438,29.770000457763672,29.770000457763672,173600,USD,NMS,America/New_York,Yahoo Finance
HSTM,2026-09-03,29.989999771118164,30.299999237060547,29.290000915527344,29.739999771118164,29.739999771118164,240000,USD,NMS,America/New_York,Yahoo Finance
HSTM,2026-09-04,29.479999542236328,29.6299991607666,29.0,29.200000762939453,29.200000762939453,203500,USD,NMS,America/New_York,Yahoo Finance
HSTM,2026-09-08,29.280000686645508,29.280000686645508,28.299999237060547,28.719999313354492,28.719999313354492,283600,USD,NMS,America/New_York,Yahoo Finance
HSTM,2026-09-09,28.610000610351562,28.84000015258789,28.149999618530273,28.670000076293945,28.670000076293945,222100,USD,NMS,America/New_York,Yahoo Finance
HSTM,2026-09-10,28.56999969482422,28.979999542236328,28.510000228881836,28.8799991607666,28.8799991607666,195600,USD,NMS,America/New_York,Yahoo Finance
HSTM,2026-09-11,29.100000381469727,29.420000076293945,28.549999237060547,29.110000610351562,29.110000610351562,150200,USD,NMS,America/New_York,Yahoo Finance
HSTM,2026-09-14,29.34000015258789,29.799999237060547,29.110000610351562,29.6299991607666,29.6299991607666,174000,USD,NMS,America/New_York,Yahoo Finance
HSTM,2026-09-15,29.940000534057617,29.940000534057617,29.270000457763672,29.649999618530273,29.649999618530273,202600,USD,NMS,America/New_York,Yahoo Finance
HSTM,2026-09-16,29.219999313354492,29.68000030517578,29.219999313354492,29.420000076293945,29.420000076293945,181000,USD,NMS,America/New_York,Yahoo Finance
HSTM,2026-09-17,29.559999465942383,29.850000381469727,29.040000915527344,29.190000534057617,29.190000534057617,180100,USD,NMS,America/New_York,Yahoo Finance
HSTM,2026-09-18,28.959999084472656,29.350000381469727,28.549999237060547,29.229999542236328,29.229999542236328,413200,USD,NMS,America/New_York,Yahoo Finance
HSTM,2026-09-21,29.389999389648438,29.719999313354492,28.790000915527344,29.079999923706055,29.079999923706055,176400,USD,NMS,America/New_York,Yahoo Finance
HSTM,2026-09-22,29.34000015258789,29.40999984741211,28.940000534057617,29.010000228881836,29.010000228881836,128200,USD,NMS,America/New_York,Yahoo Finance
HSTM,2026-09-23,29.010000228881836,29.110000610351562,28.6200008392334,28.760000228881836,28.760000228881836,143600,USD,NMS,America/New_York,Yahoo Finance
HSTM,2026-09-24,28.760000228881836,28.989999771118164,28.600000381469727,28.8700008392334,28.8700008392334,144700,USD,NMS,America/New_York,Yahoo Finance
HSTM,2026-09-25,28.790000915527344,29.309999465942383,28.559999465942383,29.100000381469727,29.100000381469727,196400,USD,NMS,America/New_York,Yahoo Finance
HSTM,2026-09-28,29.0,29.260000228881836,28.829999923706055,29.139999389648438,29.139999389648438,144600,USD,NMS,America/New_York,Yahoo Finance
HTO,2026-08-17,63.2400016784668,63.63999938964844,62.41999816894531,63.209999084472656,63.209999084472656,399500,USD,NMS,America/New_York,Yahoo Finance
HTO,2026-08-18,64.11000061035156,64.1500015258789,63.209999084472656,63.29999923706055,63.29999923706055,336300,USD,NMS,America/New_York,Yahoo Finance
HTO,2026-08-19,63.560001373291016,63.900001525878906,62.869998931884766,63.529998779296875,63.529998779296875,361700,USD,NMS,America/New_York,Yahoo Finance
HTO,2026-08-20,63.029998779296875,64.55000305175781,62.81999969482422,64.25,64.25,266600,USD,NMS,America/New_York,Yahoo Finance
HTO,2026-08-21,64.43000030517578,64.43000030517578,63.40999984741211,63.47999954223633,63.47999954223633,238500,USD,NMS,America/New_York,Yahoo Finance
HTO,2026-08-24,63.47999954223633,64.55999755859375,63.0099983215332,64.48999786376953,64.48999786376953,311000,USD,NMS,America/New_York,Yahoo Finance
HTO,2026-08-25,64.27999877929688,64.52999877929688,63.650001525878906,63.88999938964844,63.88999938964844,250700,USD,NMS,America/New_York,Yahoo Finance
HTO,2026-08-26,64.01000213623047,64.16000366210938,63.31999969482422,63.68000030517578,63.68000030517578,252000,USD,NMS,America/New_York,Yahoo Finance
HTO,2026-08-27,62.900001525878906,63.25,62.130001068115234,63.099998474121094,63.099998474121094,331800,USD,NMS,America/New_York,Yahoo Finance
HTO,2026-08-28,63.36000061035156,63.779998779296875,62.83000183105469,63.54999923706055,63.54999923706055,414800,USD,NMS,America/New_York,Yahoo Finance
HTO,2026-08-31,63.13999938964844,63.75,62.61000061035156,63.369998931884766,63.369998931884766,452000,USD,NMS,America/New_York,Yahoo Finance
HTO,2026-09-01,63.599998474121094,63.95000076293945,62.91999816894531,63.79999923706055,63.79999923706055,376000,USD,NMS,America/New_York,Yahoo Finance
HTO,2026-09-02,63.5,63.619998931884766,62.290000915527344,63.45000076293945,63.45000076293945,513900,USD,NMS,America/New_York,Yahoo Finance
HTO,2026-09-03,63.959999084472656,65.16000366210938,63.709999084472656,64.55999755859375,64.55999755859375,473600,USD,NMS,America/New_York,Yahoo Finance
HTO,2026-09-04,63.93000030517578,65.19000244140625,63.93000030517578,64.31999969482422,64.31999969482422,372400,USD,NMS,America/New_York,Yahoo Finance
HTO,2026-09-08,64.30000305175781,65.1500015258789,64.01000213623047,64.80999755859375,64.80999755859375,333400,USD,NMS,America/New_York,Yahoo Finance
HTO,2026-09-09,64.75,64.98999786376953,63.720001220703125,64.29000091552734,64.29000091552734,321400,USD,NMS,America/New_York,Yahoo Finance
HTO,2026-09-10,64.62000274658203,64.73999786376953,62.90999984741211,63.029998779296875,63.029998779296875,479400,USD,NMS,America/New_York,Yahoo Finance
HTO,2026-09-11,63.630001068115234,63.849998474121094,62.08000183105469,62.65999984741211,62.65999984741211,428900,USD,NMS,America/New_York,Yahoo Finance
HTO,2026-09-14,63.27000045776367,63.540000915527344,62.0099983215332,62.380001068115234,62.380001068115234,358300,USD,NMS,America/New_York,Yahoo Finance
HTO,2026-09-15,62.380001068115234,62.900001525878906,61.86000061035156,62.470001220703125,62.470001220703125,405300,USD,NMS,America/New_York,Yahoo Finance
HTO,2026-09-16,62.470001220703125,63.459999084472656,62.470001220703125,63.13999938964844,63.13999938964844,324000,USD,NMS,America/New_York,Yahoo Finance
HTO,2026-09-17,63.0,63.40999984741211,62.59000015258789,63.08000183105469,63.08000183105469,302000,USD,NMS,America/New_York,Yahoo Finance
HTO,2026-09-18,62.70000076293945,62.9900016784668,61.630001068115234,62.66999816894531,62.66999816894531,1668500,USD,NMS,America/New_York,Yahoo Finance
HTO,2026-09-21,62.59000015258789,63.25,62.40999984741211,62.61000061035156,62.61000061035156,424100,USD,NMS,America/New_York,Yahoo Finance
HTO,2026-09-22,62.61000061035156,63.41999816894531,62.04999923706055,62.91999816894531,62.91999816894531,462600,USD,NMS,America/New_York,Yahoo Finance
HTO,2026-09-23,62.869998931884766,63.279998779296875,61.619998931884766,62.20000076293945,62.20000076293945,484300,USD,NMS,America/New_York,Yahoo Finance
HTO,2026-09-24,62.52000045776367,62.83000183105469,62.06999969482422,62.18000030517578,62.18000030517578,356500,USD,NMS,America/New_York,Yahoo Finance
HTO,2026-09-25,62.02000045776367,62.33000183105469,61.40999984741211,62.27000045776367,62.27000045776367,433100,USD,NMS,America/New_York,Yahoo Finance
HTO,2026-09-28,62.0,62.31999969482422,60.91999816894531,61.369998931884766,61.369998931884766,278100,USD,NMS,America/New_York,Yahoo Finance
HYMC,2026-08-17,26.829999923706055,27.049999237060547,26.1200008392334,26.31999969482422,26.31999969482422,1665600,USD,NCM,America/New_York,Yahoo Finance
HYMC,2026-08-18,25.18000030517578,26.06999969482422,23.924999237060547,24.190000534057617,24.190000534057617,2043100,USD,NCM,America/New_York,Yahoo Finance
HYMC,2026-08-19,26.139999389648438,28.06999969482422,26.06999969482422,27.899999618530273,27.899999618530273,3083200,USD,NCM,America/New_York,Yahoo Finance
HYMC,2026-08-20,27.25,28.170000076293945,25.924999237060547,26.139999389648438,26.139999389648438,2905400,USD,NCM,America/New_York,Yahoo Finance
HYMC,2026-08-21,27.399999618530273,27.601999282836914,26.049999237060547,27.06999969482422,27.06999969482422,2743500,USD,NCM,America/New_York,Yahoo Finance
HYMC,2026-08-24,27.219999313354492,27.729999542236328,25.65999984741211,25.739999771118164,25.739999771118164,1822100,USD,NCM,America/New_York,Yahoo Finance
HYMC,2026-08-25,24.905000686645508,26.079999923706055,24.5,26.079999923706055,26.079999923706055,1535400,USD,NCM,America/New_York,Yahoo Finance
HYMC,2026-08-26,25.219999313354492,26.59000015258789,24.906999588012695,25.459999084472656,25.459999084472656,1765700,USD,NCM,America/New_York,Yahoo Finance
HYMC,2026-08-27,25.290000915527344,26.972000122070312,25.270000457763672,25.959999084472656,25.959999084472656,1715100,USD,NCM,America/New_York,Yahoo Finance
HYMC,2026-08-28,26.0,26.290000915527344,23.309999465942383,23.825000762939453,23.825000762939453,2472800,USD,NCM,America/New_York,Yahoo Finance
HYMC,2026-08-31,23.81999969482422,24.136999130249023,23.209999084472656,23.43000030517578,23.43000030517578,1565500,USD,NCM,America/New_York,Yahoo Finance
HYMC,2026-09-01,22.125,22.78499984741211,21.510000228881836,21.6299991607666,21.6299991607666,2017300,USD,NCM,America/New_York,Yahoo Finance
HYMC,2026-09-02,22.21500015258789,24.049999237060547,22.149999618530273,23.209999084472656,23.209999084472656,2111200,USD,NCM,America/New_York,Yahoo Finance
HYMC,2026-09-03,24.15999984741211,24.200000762939453,22.510000228881836,23.299999237060547,23.299999237060547,1942400,USD,NCM,America/New_York,Yahoo Finance
HYMC,2026-09-04,22.399999618530273,23.260000228881836,22.270000457763672,22.690000534057617,22.690000534057617,1698800,USD,NCM,America/New_York,Yahoo Finance
HYMC,2026-09-08,22.450000762939453,23.420000076293945,22.200000762939453,22.959999084472656,22.959999084472656,1595200,USD,NCM,America/New_York,Yahoo Finance
HYMC,2026-09-09,23.399999618530273,23.649999618530273,22.405000686645508,22.809999465942383,22.809999465942383,1939500,USD,NCM,America/New_York,Yahoo Finance
HYMC,2026-09-10,21.579999923706055,22.010000228881836,21.1200008392334,21.389999389648438,21.389999389648438,1598300,USD,NCM,America/New_York,Yahoo Finance
HYMC,2026-09-11,21.989999771118164,22.56999969482422,20.975000381469727,21.18000030517578,21.18000030517578,2157800,USD,NCM,America/New_York,Yahoo Finance
HYMC,2026-09-14,20.139999389648438,20.975000381469727,19.829999923706055,20.549999237060547,20.549999237060547,1902300,USD,NCM,America/New_York,Yahoo Finance
HYMC,2026-09-15,20.5,20.709999084472656,19.6299991607666,20.700000762939453,20.700000762939453,1868200,USD,NCM,America/New_York,Yahoo Finance
HYMC,2026-09-16,21.18000030517578,21.264999389648438,19.6200008392334,20.049999237060547,20.049999237060547,2297500,USD,NCM,America/New_York,Yahoo Finance
HYMC,2026-09-17,21.354999542236328,21.700000762939453,20.729999542236328,21.510000228881836,21.510000228881836,2309400,USD,NCM,America/New_York,Yahoo Finance
HYMC,2026-09-18,22.1200008392334,22.139999389648438,20.969999313354492,21.399999618530273,21.399999618530273,6274600,USD,NCM,America/New_York,Yahoo Finance
HYMC,2026-09-21,21.5,21.549999237060547,20.389999389648438,20.530000686645508,20.530000686645508,1416100,USD,NCM,America/New_York,Yahoo Finance
HYMC,2026-09-22,20.700000762939453,22.774999618530273,20.450000762939453,22.690000534057617,22.690000534057617,2546100,USD,NCM,America/New_York,Yahoo Finance
HYMC,2026-09-23,21.770000457763672,21.780000686645508,20.795000076293945,21.260000228881836,21.260000228881836,1868700,USD,NCM,America/New_York,Yahoo Finance
HYMC,2026-09-24,20.93000030517578,21.15999984741211,20.22100067138672,20.889999389648438,20.889999389648438,1510100,USD,NCM,America/New_York,Yahoo Finance
HYMC,2026-09-25,20.8799991607666,21.725000381469727,20.40999984741211,21.479999542236328,21.479999542236328,1770600,USD,NCM,America/New_York,Yahoo Finance
HYMC,2026-09-28,20.260000228881836,20.78700065612793,19.549999237060547,19.600000381469727,19.600000381469727,2274700,USD,NCM,America/New_York,Yahoo Finance
IBM,2026-08-17,231.58999633789062,233.64999389648438,227.39999389648438,228.85000610351562,228.85000610351562,7564300,USD,NYQ,America/New_York,Yahoo Finance
IBM,2026-08-18,229.72999572753906,234.4499969482422,229.4199981689453,232.6699981689453,232.6699981689453,4650100,USD,NYQ,America/New_York,Yahoo Finance
IBM,2026-08-19,232.25999450683594,238.6199951171875,230.50999450683594,237.16000366210938,237.16000366210938,5342600,USD,NYQ,America/New_York,Yahoo Finance
IBM,2026-08-20,236.0,237.5,233.02999877929688,233.69000244140625,233.69000244140625,4986900,USD,NYQ,America/New_York,Yahoo Finance
IBM,2026-08-21,233.7100067138672,238.72000122070312,233.1199951171875,235.67999267578125,235.67999267578125,3888700,USD,NYQ,America/New_York,Yahoo Finance
IBM,2026-08-24,234.3699951171875,234.49000549316406,230.47000122070312,231.0399932861328,231.0399932861328,4078300,USD,NYQ,America/New_York,Yahoo Finance
IBM,2026-08-25,230.0,234.44000244140625,229.50999450683594,234.19000244140625,234.19000244140625,3022800,USD,NYQ,America/New_York,Yahoo Finance
IBM,2026-08-26,230.6999969482422,234.22999572753906,228.9600067138672,229.8699951171875,229.8699951171875,4632000,USD,NYQ,America/New_York,Yahoo Finance
IBM,2026-08-27,232.8000030517578,240.80999755859375,231.4499969482422,238.7899932861328,238.7899932861328,5501300,USD,NYQ,America/New_York,Yahoo Finance
IBM,2026-08-28,238.3000030517578,239.0800018310547,235.08999633789062,235.58999633789062,235.58999633789062,3943300,USD,NYQ,America/New_York,Yahoo Finance
IBM,2026-08-31,232.72999572753906,235.94000244140625,232.17999267578125,233.8699951171875,233.8699951171875,6096600,USD,NYQ,America/New_York,Yahoo Finance
IBM,2026-09-01,231.0,233.08999633789062,229.89999389648438,231.39999389648438,231.39999389648438,3236800,USD,NYQ,America/New_York,Yahoo Finance
IBM,2026-09-02,230.5500030517578,232.8800048828125,229.10000610351562,231.6999969482422,231.6999969482422,4653600,USD,NYQ,America/New_York,Yahoo Finance
IBM,2026-09-03,234.3800048828125,238.2899932861328,232.82000732421875,234.7100067138672,234.7100067138672,4371500,USD,NYQ,America/New_York,Yahoo Finance
IBM,2026-09-04,233.3300018310547,236.1699981689453,231.67999267578125,234.88999938964844,234.88999938964844,3721100,USD,NYQ,America/New_York,Yahoo Finance
IBM,2026-09-08,232.9499969482422,233.39999389648438,230.1999969482422,232.08999633789062,232.08999633789062,4785300,USD,NYQ,America/New_York,Yahoo Finance
IBM,2026-09-09,232.64999389648438,241.5,230.36000061035156,239.94000244140625,239.94000244140625,6397500,USD,NYQ,America/New_York,Yahoo Finance
IBM,2026-09-10,238.17999267578125,242.30999755859375,231.8300018310547,234.02000427246094,234.02000427246094,5817600,USD,NYQ,America/New_York,Yahoo Finance
IBM,2026-09-11,235.77999877929688,243.6300048828125,235.0,243.2899932861328,243.2899932861328,4914700,USD,NYQ,America/New_York,Yahoo Finance
IBM,2026-09-14,249.41000366210938,251.3699951171875,244.1199951171875,249.08999633789062,249.08999633789062,6959400,USD,NYQ,America/New_York,Yahoo Finance
IBM,2026-09-15,246.19000244140625,251.82000732421875,246.14999389648438,248.3699951171875,248.3699951171875,4516800,USD,NYQ,America/New_York,Yahoo Finance
IBM,2026-09-16,240.5,243.33999633789062,235.41000366210938,237.49000549316406,237.49000549316406,6181800,USD,NYQ,America/New_York,Yahoo Finance
IBM,2026-09-17,238.5800018310547,243.3699951171875,237.35000610351562,237.75,237.75,5901300,USD,NYQ,America/New_York,Yahoo Finance
IBM,2026-09-18,237.85000610351562,237.88999938964844,229.3800048828125,229.5500030517578,229.5500030517578,13413800,USD,NYQ,America/New_York,Yahoo Finance
IBM,2026-09-21,231.99000549316406,234.6999969482422,228.35000610351562,231.92999267578125,231.92999267578125,8200100,USD,NYQ,America/New_York,Yahoo Finance
IBM,2026-09-22,234.47000122070312,236.1999969482422,230.0800018310547,231.3800048828125,231.3800048828125,4801500,USD,NYQ,America/New_York,Yahoo Finance
IBM,2026-09-23,233.47000122070312,237.86000061035156,232.52999877929688,232.75999450683594,232.75999450683594,4536600,USD,NYQ,America/New_York,Yahoo Finance
IBM,2026-09-24,232.0,232.6199951171875,226.00999450683594,227.05999755859375,227.05999755859375,4142400,USD,NYQ,America/New_York,Yahoo Finance
IBM,2026-09-25,226.14999389648438,228.99000549316406,225.19000244140625,225.50999450683594,225.50999450683594,4143500,USD,NYQ,America/New_York,Yahoo Finance
IBM,2026-09-28,222.5,223.13999938964844,219.22999572753906,220.6699981689453,220.6699981689453,5285800,USD,NYQ,America/New_York,Yahoo Finance
IBP,2026-08-17,236.3300018310547,244.91000366210938,232.5500030517578,243.5399932861328,243.0657958984375,270000,USD,NYQ,America/New_York,Yahoo Finance
IBP,2026-08-18,244.5500030517578,244.9499969482422,238.02999877929688,238.58999633789062,238.1254425048828,247100,USD,NYQ,America/New_York,Yahoo Finance
IBP,2026-08-19,246.00999450683594,253.49000549316406,246.00999450683594,249.6999969482422,249.21380615234375,279200,USD,NYQ,America/New_York,Yahoo Finance
IBP,2026-08-20,241.82000732421875,245.75,234.11000061035156,244.61000061035156,244.1337127685547,216600,USD,NYQ,America/New_York,Yahoo Finance
IBP,2026-08-21,245.97000122070312,250.2100067138672,243.64999389648438,246.80999755859375,246.32943725585938,229400,USD,NYQ,America/New_York,Yahoo Finance
IBP,2026-08-24,247.5800018310547,250.97999572753906,242.2899932861328,244.88999938964844,244.41317749023438,159500,USD,NYQ,America/New_York,Yahoo Finance
IBP,2026-08-25,247.72000122070312,249.25999450683594,243.19000244140625,246.97999572753906,246.4990997314453,229500,USD,NYQ,America/New_York,Yahoo Finance
IBP,2026-08-26,247.30999755859375,247.33999633789062,242.7100067138672,246.0,245.52101135253906,213900,USD,NYQ,America/New_York,Yahoo Finance
IBP,2026-08-27,243.8800048828125,245.60000610351562,240.02999877929688,240.86000061035156,240.39102172851562,189700,USD,NYQ,America/New_York,Yahoo Finance
IBP,2026-08-28,242.33999633789062,247.32000732421875,241.02999877929688,245.55999755859375,245.0818634033203,338400,USD,NYQ,America/New_York,Yahoo Finance
IBP,2026-08-31,246.11000061035156,247.33999633789062,240.47999572753906,242.8300018310547,242.35719299316406,528600,USD,NYQ,America/New_York,Yahoo Finance
IBP,2026-09-01,239.16000366210938,247.08999633789062,233.89999389648438,234.13999938964844,233.68409729003906,338600,USD,NYQ,America/New_York,Yahoo Finance
IBP,2026-09-02,233.88999938964844,238.27000427246094,228.52000427246094,235.52000427246094,235.06141662597656,311800,USD,NYQ,America/New_York,Yahoo Finance
IBP,2026-09-03,239.5,244.08999633789062,235.88999938964844,237.6999969482422,237.23716735839844,210300,USD,NYQ,America/New_York,Yahoo Finance
IBP,2026-09-04,237.6999969482422,243.58999633789062,235.9499969482422,238.57000732421875,238.10548400878906,225000,USD,NYQ,America/New_York,Yahoo Finance
IBP,2026-09-08,237.7100067138672,237.7100067138672,227.14999389648438,228.0399932861328,227.59597778320312,298400,USD,NYQ,America/New_York,Yahoo Finance
IBP,2026-09-09,227.88999938964844,230.3699951171875,209.5500030517578,210.5399932861328,210.1300506591797,677500,USD,NYQ,America/New_York,Yahoo Finance
IBP,2026-09-10,205.77999877929688,210.0500030517578,199.52999877929688,201.72000122070312,201.3272247314453,652200,USD,NYQ,America/New_York,Yahoo Finance
IBP,2026-09-11,202.99000549316406,209.4199981689453,196.0399932861328,204.27999877929688,203.8822479248047,498800,USD,NYQ,America/New_York,Yahoo Finance
IBP,2026-09-14,200.0,202.4499969482422,197.27999877929688,200.3000030517578,199.91000366210938,743900,USD,NYQ,America/New_York,Yahoo Finance
IBP,2026-09-15,201.6999969482422,211.89999389648438,199.0,199.63999938964844,199.63999938964844,590100,USD,NYQ,America/New_York,Yahoo Finance
IBP,2026-09-16,201.4499969482422,206.16000366210938,198.97999572753906,199.52000427246094,199.52000427246094,544300,USD,NYQ,America/New_York,Yahoo Finance
IBP,2026-09-17,204.8300018310547,206.9199981689453,197.6199951171875,199.0500030517578,199.0500030517578,454500,USD,NYQ,America/New_York,Yahoo Finance
IBP,2026-09-18,196.7899932861328,199.3699951171875,195.1199951171875,197.6300048828125,197.6300048828125,806900,USD,NYQ,America/New_York,Yahoo Finance
IBP,2026-09-21,200.6300048828125,204.39999389648438,196.74000549316406,202.47999572753906,202.47999572753906,289800,USD,NYQ,America/New_York,Yahoo Finance
IBP,2026-09-22,207.6199951171875,213.25,206.2100067138672,211.94000244140625,211.94000244140625,587200,USD,NYQ,America/New_York,Yahoo Finance
IBP,2026-09-23,208.14999389648438,210.50999450683594,202.1699981689453,202.7899932861328,202.7899932861328,335500,USD,NYQ,America/New_York,Yahoo Finance
IBP,2026-09-24,203.41000366210938,204.5500030517578,196.0,196.2899932861328,196.2899932861328,505600,USD,NYQ,America/New_York,Yahoo Finance
IBP,2026-09-25,195.86000061035156,202.63999938964844,192.64999389648438,200.22999572753906,200.22999572753906,415800,USD,NYQ,America/New_York,Yahoo Finance
IBP,2026-09-28,202.5800018310547,202.5800018310547,194.67999267578125,196.08999633789062,196.08999633789062,276200,USD,NYQ,America/New_York,Yahoo Finance
IDA,2026-08-17,141.9499969482422,142.25,141.27000427246094,141.47000122070312,141.47000122070312,529800,USD,NYQ,America/New_York,Yahoo Finance
IDA,2026-08-18,143.0399932861328,143.8800048828125,141.9600067138672,142.02999877929688,142.02999877929688,370700,USD,NYQ,America/New_York,Yahoo Finance
IDA,2026-08-19,143.0,143.39999389648438,140.30999755859375,140.75999450683594,140.75999450683594,404100,USD,NYQ,America/New_York,Yahoo Finance
IDA,2026-08-20,140.13999938964844,141.8699951171875,140.0500030517578,140.11000061035156,140.11000061035156,381900,USD,NYQ,America/New_York,Yahoo Finance
IDA,2026-08-21,140.85000610351562,141.0,137.10000610351562,137.1999969482422,137.1999969482422,419600,USD,NYQ,America/New_York,Yahoo Finance
IDA,2026-08-24,137.25999450683594,138.24000549316406,136.27000427246094,138.22999572753906,138.22999572753906,444500,USD,NYQ,America/New_York,Yahoo Finance
IDA,2026-08-25,138.89999389648438,139.17999267578125,137.1699981689453,137.66000366210938,137.66000366210938,426600,USD,NYQ,America/New_York,Yahoo Finance
IDA,2026-08-26,138.22999572753906,139.1199951171875,137.49000549316406,138.1300048828125,138.1300048828125,502600,USD,NYQ,America/New_York,Yahoo Finance
IDA,2026-08-27,136.80999755859375,137.9199981689453,136.16000366210938,137.74000549316406,137.74000549316406,429000,USD,NYQ,America/New_York,Yahoo Finance
IDA,2026-08-28,138.69000244140625,138.69000244140625,135.3800048828125,135.77999877929688,135.77999877929688,370600,USD,NYQ,America/New_York,Yahoo Finance
IDA,2026-08-31,134.8800048828125,136.63999938964844,133.4199981689453,136.16000366210938,136.16000366210938,500300,USD,NYQ,America/New_York,Yahoo Finance
IDA,2026-09-01,136.47999572753906,137.19000244140625,135.5800018310547,136.38999938964844,136.38999938964844,381100,USD,NYQ,America/New_York,Yahoo Finance
IDA,2026-09-02,136.25999450683594,136.8800048828125,134.33999633789062,135.1300048828125,135.1300048828125,478400,USD,NYQ,America/New_York,Yahoo Finance
IDA,2026-09-03,135.6199951171875,137.24000549316406,134.00999450683594,136.1199951171875,136.1199951171875,418900,USD,NYQ,America/New_York,Yahoo Finance
IDA,2026-09-04,135.25999450683594,136.91000366210938,135.25999450683594,135.6999969482422,135.6999969482422,274500,USD,NYQ,America/New_York,Yahoo Finance
IDA,2026-09-08,135.72000122070312,138.5,135.72000122070312,137.88999938964844,137.88999938964844,857000,USD,NYQ,America/New_York,Yahoo Finance
IDA,2026-09-09,138.27000427246094,138.5500030517578,135.52000427246094,136.25,136.25,425100,USD,NYQ,America/New_York,Yahoo Finance
IDA,2026-09-10,136.75,137.07000732421875,135.44000244140625,135.4499969482422,135.4499969482422,487600,USD,NYQ,America/New_York,Yahoo Finance
IDA,2026-09-11,136.61000061035156,137.17999267578125,134.89999389648438,135.5399932861328,135.5399932861328,562400,USD,NYQ,America/New_York,Yahoo Finance
IDA,2026-09-14,135.9199981689453,136.52999877929688,133.77000427246094,133.94000244140625,133.94000244140625,624200,USD,NYQ,America/New_York,Yahoo Finance
IDA,2026-09-15,134.10000610351562,134.14999389648438,132.25,132.67999267578125,132.67999267578125,795300,USD,NYQ,America/New_York,Yahoo Finance
IDA,2026-09-16,133.77000427246094,134.0500030517578,131.72000122070312,132.69000244140625,132.69000244140625,516800,USD,NYQ,America/New_York,Yahoo Finance
IDA,2026-09-17,133.38999938964844,134.1999969482422,132.97000122070312,133.24000549316406,133.24000549316406,494900,USD,NYQ,America/New_York,Yahoo Finance
IDA,2026-09-18,132.89999389648438,132.89999389648438,131.36000061035156,131.5800018310547,131.5800018310547,1369600,USD,NYQ,America/New_York,Yahoo Finance
IDA,2026-09-21,132.0800018310547,132.0800018310547,130.3300018310547,130.47000122070312,130.47000122070312,526200,USD,NYQ,America/New_York,Yahoo Finance
IDA,2026-09-22,130.75999450683594,131.33999633789062,129.99000549316406,130.3300018310547,130.3300018310547,385500,USD,NYQ,America/New_York,Yahoo Finance
IDA,2026-09-23,129.8300018310547,130.0500030517578,128.17999267578125,128.66000366210938,128.66000366210938,623000,USD,NYQ,America/New_York,Yahoo Finance
IDA,2026-09-24,128.72999572753906,129.22000122070312,127.36000061035156,127.69000244140625,127.69000244140625,418100,USD,NYQ,America/New_York,Yahoo Finance
IDA,2026-09-25,127.20999908447266,129.97000122070312,126.05999755859375,129.77999877929688,129.77999877929688,658800,USD,NYQ,America/New_York,Yahoo Finance
IDA,2026-09-28,129.6999969482422,130.47999572753906,128.1300048828125,128.80999755859375,128.80999755859375,625100,USD,NYQ,America/New_York,Yahoo Finance
IIPR,2026-08-17,55.58000183105469,55.869998931884766,55.279998779296875,55.79999923706055,55.79999923706055,349800,USD,NYQ,America/New_York,Yahoo Finance
IIPR,2026-08-18,55.81999969482422,56.11000061035156,54.619998931884766,55.119998931884766,55.119998931884766,396900,USD,NYQ,America/New_York,Yahoo Finance
IIPR,2026-08-19,55.349998474121094,56.20000076293945,55.349998474121094,56.20000076293945,56.20000076293945,225700,USD,NYQ,America/New_York,Yahoo Finance
IIPR,2026-08-20,56.27000045776367,56.79999923706055,55.720001220703125,56.72999954223633,56.72999954223633,167800,USD,NYQ,America/New_York,Yahoo Finance
IIPR,2026-08-21,56.9900016784668,57.42399978637695,56.369998931884766,56.709999084472656,56.709999084472656,199200,USD,NYQ,America/New_York,Yahoo Finance
IIPR,2026-08-24,56.779998779296875,57.70000076293945,55.880001068115234,56.79999923706055,56.79999923706055,418800,USD,NYQ,America/New_York,Yahoo Finance
IIPR,2026-08-25,57.130001068115234,57.66999816894531,56.68000030517578,57.630001068115234,57.630001068115234,472900,USD,NYQ,America/New_York,Yahoo Finance
IIPR,2026-08-26,57.61000061035156,57.959999084472656,56.90999984741211,57.040000915527344,57.040000915527344,180100,USD,NYQ,America/New_York,Yahoo Finance
IIPR,2026-08-27,57.0,57.33000183105469,56.36000061035156,56.41999816894531,56.41999816894531,312200,USD,NYQ,America/New_York,Yahoo Finance
IIPR,2026-08-28,56.720001220703125,57.12799835205078,56.310001373291016,56.310001373291016,56.310001373291016,324200,USD,NYQ,America/New_York,Yahoo Finance
IIPR,2026-08-31,56.18000030517578,57.349998474121094,55.95000076293945,56.91999816894531,56.91999816894531,550600,USD,NYQ,America/New_York,Yahoo Finance
IIPR,2026-09-01,56.34000015258789,57.29999923706055,55.849998474121094,56.16999816894531,56.16999816894531,412700,USD,NYQ,America/New_York,Yahoo Finance
IIPR,2026-09-02,56.400001525878906,57.10499954223633,56.0,56.83000183105469,56.83000183105469,270600,USD,NYQ,America/New_York,Yahoo Finance
IIPR,2026-09-03,57.59000015258789,57.720001220703125,56.61000061035156,56.79999923706055,56.79999923706055,272800,USD,NYQ,America/New_York,Yahoo Finance
IIPR,2026-09-04,56.400001525878906,57.5,56.279998779296875,57.20000076293945,57.20000076293945,333200,USD,NYQ,America/New_York,Yahoo Finance
IIPR,2026-09-08,57.25,57.5,56.849998474121094,57.209999084472656,57.209999084472656,301400,USD,NYQ,America/New_York,Yahoo Finance
IIPR,2026-09-09,57.150001525878906,57.33000183105469,56.66999816894531,56.970001220703125,56.970001220703125,220800,USD,NYQ,America/New_York,Yahoo Finance
IIPR,2026-09-10,56.970001220703125,57.5,55.400001525878906,55.599998474121094,55.599998474121094,271700,USD,NYQ,America/New_York,Yahoo Finance
IIPR,2026-09-11,55.810001373291016,56.49700164794922,55.599998474121094,56.25,56.25,181900,USD,NYQ,America/New_York,Yahoo Finance
IIPR,2026-09-14,56.0099983215332,57.0,56.0,56.439998626708984,56.439998626708984,199000,USD,NYQ,America/New_York,Yahoo Finance
IIPR,2026-09-15,56.36000061035156,56.54999923706055,55.880001068115234,56.40999984741211,56.40999984741211,242300,USD,NYQ,America/New_York,Yahoo Finance
IIPR,2026-09-16,56.529998779296875,57.11000061035156,55.61000061035156,55.90999984741211,55.90999984741211,260200,USD,NYQ,America/New_York,Yahoo Finance
IIPR,2026-09-17,56.43000030517578,56.650001525878906,56.0,56.43000030517578,56.43000030517578,250300,USD,NYQ,America/New_York,Yahoo Finance
IIPR,2026-09-18,56.18000030517578,56.43000030517578,55.20000076293945,55.619998931884766,55.619998931884766,989300,USD,NYQ,America/New_York,Yahoo Finance
IIPR,2026-09-21,55.619998931884766,56.310001373291016,55.435001373291016,56.15999984741211,56.15999984741211,439700,USD,NYQ,America/New_York,Yahoo Finance
IIPR,2026-09-22,56.619998931884766,56.9900016784668,55.900001525878906,56.7400016784668,56.7400016784668,347900,USD,NYQ,America/New_York,Yahoo Finance
IIPR,2026-09-23,56.75,56.75,55.209999084472656,55.279998779296875,55.279998779296875,417700,USD,NYQ,America/New_York,Yahoo Finance
IIPR,2026-09-24,55.310001373291016,55.915000915527344,55.04999923706055,55.59000015258789,55.59000015258789,370100,USD,NYQ,America/New_York,Yahoo Finance
IIPR,2026-09-25,55.59000015258789,56.060001373291016,55.255001068115234,55.52000045776367,55.52000045776367,322900,USD,NYQ,America/New_York,Yahoo Finance
IIPR,2026-09-28,55.13999938964844,55.45000076293945,54.59000015258789,55.209999084472656,55.209999084472656,348800,USD,NYQ,America/New_York,Yahoo Finance
ILMN,2026-08-17,191.00999450683594,193.85000610351562,188.94000244140625,193.13999938964844,193.13999938964844,995800,USD,NMS,America/New_York,Yahoo Finance
ILMN,2026-08-18,192.1300048828125,192.8300018310547,187.5399932861328,188.2899932861328,188.2899932861328,1192800,USD,NMS,America/New_York,Yahoo Finance
ILMN,2026-08-19,193.50999450683594,205.16000366210938,192.67999267578125,205.0,205.0,2090900,USD,NMS,America/New_York,Yahoo Finance
ILMN,2026-08-20,200.3000030517578,220.32000732421875,200.3000030517578,213.24000549316406,213.24000549316406,3284400,USD,NMS,America/New_York,Yahoo Finance
ILMN,2026-08-21,212.39999389648438,220.42999267578125,208.5,219.39999389648438,219.39999389648438,1917100,USD,NMS,America/New_York,Yahoo Finance
ILMN,2026-08-24,215.97999572753906,223.97000122070312,212.3699951171875,223.22000122070312,223.22000122070312,2250400,USD,NMS,America/New_York,Yahoo Finance
ILMN,2026-08-25,224.0,226.83999633789062,217.38999938964844,224.99000549316406,224.99000549316406,1917700,USD,NMS,America/New_York,Yahoo Finance
ILMN,2026-08-26,220.77999877929688,227.6999969482422,220.0,224.83999633789062,224.83999633789062,1714100,USD,NMS,America/New_York,Yahoo Finance
ILMN,2026-08-27,225.49000549316406,231.80999755859375,224.02999877929688,227.69000244140625,227.69000244140625,1937200,USD,NMS,America/New_York,Yahoo Finance
ILMN,2026-08-28,224.72999572753906,225.10000610351562,214.61000061035156,215.58999633789062,215.58999633789062,1791700,USD,NMS,America/New_York,Yahoo Finance
ILMN,2026-08-31,213.74000549316406,214.89999389648438,208.97999572753906,213.6300048828125,213.6300048828125,2017600,USD,NMS,America/New_York,Yahoo Finance
ILMN,2026-09-01,212.36000061035156,213.38999938964844,206.82000732421875,207.1300048828125,207.1300048828125,1500800,USD,NMS,America/New_York,Yahoo Finance
ILMN,2026-09-02,208.6199951171875,214.97999572753906,207.1300048828125,213.25,213.25,1771400,USD,NMS,America/New_York,Yahoo Finance
ILMN,2026-09-03,213.24000549316406,221.75999450683594,210.94000244140625,221.66000366210938,221.66000366210938,1715200,USD,NMS,America/New_York,Yahoo Finance
ILMN,2026-09-04,216.74000549316406,219.5800018310547,213.9499969482422,218.22000122070312,218.22000122070312,1748200,USD,NMS,America/New_York,Yahoo Finance
ILMN,2026-09-08,218.64999389648438,219.4499969482422,210.14999389648438,211.05999755859375,211.05999755859375,1819700,USD,NMS,America/New_York,Yahoo Finance
ILMN,2026-09-09,211.6300048828125,212.17999267578125,203.60000610351562,205.0,205.0,1707400,USD,NMS,America/New_York,Yahoo Finance
ILMN,2026-09-10,203.69000244140625,206.07000732421875,200.55999755859375,201.27000427246094,201.27000427246094,1294600,USD,NMS,America/New_York,Yahoo Finance
ILMN,2026-09-11,201.80999755859375,208.38999938964844,200.00999450683594,206.4499969482422,206.4499969482422,2412100,USD,NMS,America/New_York,Yahoo Finance
ILMN,2026-09-14,206.74000549316406,208.92999267578125,202.82000732421875,208.2100067138672,208.2100067138672,2060400,USD,NMS,America/New_York,Yahoo Finance
ILMN,2026-09-15,208.9499969482422,226.75999450683594,207.89999389648438,222.2899932861328,222.2899932861328,3144700,USD,NMS,America/New_York,Yahoo Finance
ILMN,2026-09-16,224.49000549316406,236.0,223.6999969482422,228.92999267578125,228.92999267578125,3373800,USD,NMS,America/New_York,Yahoo Finance
ILMN,2026-09-17,233.85000610351562,246.75999450683594,232.99000549316406,245.17999267578125,245.17999267578125,3676500,USD,NMS,America/New_York,Yahoo Finance
ILMN,2026-09-18,249.1300048828125,250.05999755859375,236.4199981689453,239.6199951171875,239.6199951171875,32586500,USD,NMS,America/New_York,Yahoo Finance
ILMN,2026-09-21,241.50999450683594,248.30999755859375,238.25999450683594,238.82000732421875,238.82000732421875,3187100,USD,NMS,America/New_York,Yahoo Finance
ILMN,2026-09-22,237.08999633789062,248.16000366210938,234.57000732421875,247.4600067138672,247.4600067138672,2642300,USD,NMS,America/New_York,Yahoo Finance
ILMN,2026-09-23,248.7899932861328,256.1700134277344,247.0,255.3800048828125,255.3800048828125,2299200,USD,NMS,America/New_York,Yahoo Finance
ILMN,2026-09-24,253.7899932861328,277.95001220703125,250.9199981689453,273.8999938964844,273.8999938964844,3479400,USD,NMS,America/New_York,Yahoo Finance
ILMN,2026-09-25,272.1600036621094,276.9700012207031,267.6600036621094,270.0,270.0,5031600,USD,NMS,America/New_York,Yahoo Finance
ILMN,2026-09-28,265.95001220703125,275.69000244140625,262.8900146484375,271.8999938964844,271.8999938964844,2979300,USD,NMS,America/New_York,Yahoo Finance
IMTX,2026-08-17,9.369999885559082,9.5600004196167,9.199999809265137,9.25,9.25,1067800,USD,NCM,America/New_York,Yahoo Finance
IMTX,2026-08-18,9.0600004196167,9.289999961853027,8.829999923706055,9.09000015258789,9.09000015258789,995000,USD,NCM,America/New_York,Yahoo Finance
IMTX,2026-08-19,9.279999732971191,9.3100004196167,9.020000457763672,9.25,9.25,593300,USD,NCM,America/New_York,Yahoo Finance
IMTX,2026-08-20,9.119999885559082,9.130000114440918,8.399999618530273,8.550000190734863,8.550000190734863,474800,USD,NCM,America/New_York,Yahoo Finance
IMTX,2026-08-21,8.600000381469727,9.050000190734863,8.600000381469727,8.930000305175781,8.930000305175781,611200,USD,NCM,America/New_York,Yahoo Finance
IMTX,2026-08-24,8.859999656677246,8.904999732971191,8.5600004196167,8.6899995803833,8.6899995803833,338100,USD,NCM,America/New_York,Yahoo Finance
IMTX,2026-08-25,9.59000015258789,9.75,9.039999961853027,9.239999771118164,9.239999771118164,1062400,USD,NCM,America/New_York,Yahoo Finance
IMTX,2026-08-26,9.220000267028809,9.46500015258789,8.970000267028809,9.430000305175781,9.430000305175781,778000,USD,NCM,America/New_York,Yahoo Finance
IMTX,2026-08-27,9.359999656677246,9.479999542236328,9.177000045776367,9.359999656677246,9.359999656677246,742200,USD,NCM,America/New_York,Yahoo Finance
IMTX,2026-08-28,9.680000305175781,9.890000343322754,9.319999694824219,9.449999809265137,9.449999809265137,1094200,USD,NCM,America/New_York,Yahoo Finance
IMTX,2026-08-31,9.359999656677246,9.550000190734863,9.230999946594238,9.529999732971191,9.529999732971191,725000,USD,NCM,America/New_York,Yahoo Finance
IMTX,2026-09-01,9.380000114440918,9.600000381469727,9.229999542236328,9.430000305175781,9.430000305175781,607100,USD,NCM,America/New_York,Yahoo Finance
IMTX,2026-09-02,9.470000267028809,9.722999572753906,9.295000076293945,9.5,9.5,761100,USD,NCM,America/New_York,Yahoo Finance
IMTX,2026-09-03,9.529999732971191,9.6899995803833,9.260000228881836,9.460000038146973,9.460000038146973,494300,USD,NCM,America/New_York,Yahoo Finance
IMTX,2026-09-04,9.34000015258789,9.569999694824219,9.300000190734863,9.5600004196167,9.5600004196167,497200,USD,NCM,America/New_York,Yahoo Finance
IMTX,2026-09-08,9.369999885559082,9.515000343322754,9.3100004196167,9.4399995803833,9.4399995803833,699500,USD,NCM,America/New_York,Yahoo Finance
IMTX,2026-09-09,9.380000114440918,9.555000305175781,9.085000038146973,9.109999656677246,9.109999656677246,326100,USD,NCM,America/New_York,Yahoo Finance
IMTX,2026-09-10,9.020000457763672,9.09000015258789,8.654999732971191,8.75,8.75,798800,USD,NCM,America/New_York,Yahoo Finance
IMTX,2026-09-11,8.84000015258789,8.920999526977539,8.53499984741211,8.789999961853027,8.789999961853027,527200,USD,NCM,America/New_York,Yahoo Finance
IMTX,2026-09-14,8.800000190734863,8.805999755859375,8.59000015258789,8.619999885559082,8.619999885559082,378600,USD,NCM,America/New_York,Yahoo Finance
IMTX,2026-09-15,8.59000015258789,8.770000457763672,8.335000038146973,8.600000381469727,8.600000381469727,355800,USD,NCM,America/New_York,Yahoo Finance
IMTX,2026-09-16,8.649999618530273,8.880000114440918,8.545000076293945,8.640000343322754,8.640000343322754,711900,USD,NCM,America/New_York,Yahoo Finance
IMTX,2026-09-17,8.970000267028809,9.039999961853027,8.739999771118164,8.819999694824219,8.819999694824219,427700,USD,NCM,America/New_York,Yahoo Finance
IMTX,2026-09-18,8.760000228881836,8.854999542236328,8.479999542236328,8.619999885559082,8.619999885559082,759900,USD,NCM,America/New_York,Yahoo Finance
IMTX,2026-09-21,8.760000228881836,8.869999885559082,8.579999923706055,8.720000267028809,8.720000267028809,305300,USD,NCM,America/New_York,Yahoo Finance
IMTX,2026-09-22,8.770000457763672,8.890000343322754,8.710000038146973,8.869999885559082,8.869999885559082,501600,USD,NCM,America/New_York,Yahoo Finance
IMTX,2026-09-23,8.800000190734863,8.890000343322754,8.574999809265137,8.600000381469727,8.600000381469727,384200,USD,NCM,America/New_York,Yahoo Finance
IMTX,2026-09-24,8.520000457763672,8.571000099182129,8.0600004196167,8.329999923706055,8.329999923706055,2372900,USD,NCM,America/New_York,Yahoo Finance
IMTX,2026-09-25,8.390000343322754,8.5,8.25,8.369999885559082,8.369999885559082,378800,USD,NCM,America/New_York,Yahoo Finance
IMTX,2026-09-28,8.350000381469727,8.59000015258789,8.199999809265137,8.5,8.5,1408500,USD,NCM,America/New_York,Yahoo Finance
INSM,2026-08-17,124.70999908447266,128.4600067138672,124.69999694824219,128.32000732421875,128.32000732421875,1899500,USD,NMS,America/New_York,Yahoo Finance
INSM,2026-08-18,128.07000732421875,128.92999267578125,126.38999938964844,128.4600067138672,128.4600067138672,1274100,USD,NMS,America/New_York,Yahoo Finance
INSM,2026-08-19,129.85000610351562,131.10000610351562,127.41999816894531,130.66000366210938,130.66000366210938,1493700,USD,NMS,America/New_York,Yahoo Finance
INSM,2026-08-20,128.36000061035156,130.27000427246094,124.5999984741211,125.08000183105469,125.08000183105469,1761700,USD,NMS,America/New_York,Yahoo Finance
INSM,2026-08-21,125.22000122070312,127.19999694824219,124.81999969482422,125.7699966430664,125.7699966430664,1124500,USD,NMS,America/New_York,Yahoo Finance
INSM,2026-08-24,125.02999877929688,126.11000061035156,122.83000183105469,123.9800033569336,123.9800033569336,1340900,USD,NMS,America/New_York,Yahoo Finance
INSM,2026-08-25,124.6500015258789,127.18000030517578,122.87000274658203,123.88999938964844,123.88999938964844,2373100,USD,NMS,America/New_York,Yahoo Finance
INSM,2026-08-26,122.88999938964844,125.58999633789062,121.63999938964844,124.38999938964844,124.38999938964844,1979900,USD,NMS,America/New_York,Yahoo Finance
INSM,2026-08-27,124.66999816894531,126.0999984741211,121.20999908447266,121.38999938964844,121.38999938964844,1056100,USD,NMS,America/New_York,Yahoo Finance
INSM,2026-08-28,120.11000061035156,120.66000366210938,117.1500015258789,118.54000091552734,118.54000091552734,1977500,USD,NMS,America/New_York,Yahoo Finance
INSM,2026-08-31,118.68000030517578,122.70999908447266,117.51000213623047,121.81999969482422,121.81999969482422,2389700,USD,NMS,America/New_York,Yahoo Finance
INSM,2026-09-01,121.94999694824219,122.19000244140625,119.5199966430664,121.51000213623047,121.51000213623047,1419300,USD,NMS,America/New_York,Yahoo Finance
INSM,2026-09-02,121.11000061035156,126.79000091552734,121.11000061035156,126.62999725341797,126.62999725341797,1998200,USD,NMS,America/New_York,Yahoo Finance
INSM,2026-09-03,126.69999694824219,127.08999633789062,124.05000305175781,126.68000030517578,126.68000030517578,1885200,USD,NMS,America/New_York,Yahoo Finance
INSM,2026-09-04,126.0,128.24000549316406,125.62000274658203,126.29000091552734,126.29000091552734,1802700,USD,NMS,America/New_York,Yahoo Finance
INSM,2026-09-08,124.77999877929688,127.41999816894531,121.37999725341797,124.88999938964844,124.88999938964844,1604100,USD,NMS,America/New_York,Yahoo Finance
INSM,2026-09-09,124.0,130.8300018310547,121.04000091552734,128.8000030517578,128.8000030517578,2841800,USD,NMS,America/New_York,Yahoo Finance
INSM,2026-09-10,127.22000122070312,128.85000610351562,124.29000091552734,127.27999877929688,127.27999877929688,2594500,USD,NMS,America/New_York,Yahoo Finance
INSM,2026-09-11,127.9800033569336,130.25,126.5199966430664,129.41000366210938,129.41000366210938,1698200,USD,NMS,America/New_York,Yahoo Finance
INSM,2026-09-14,129.5,130.77999877929688,124.58000183105469,125.30000305175781,125.30000305175781,1610500,USD,NMS,America/New_York,Yahoo Finance
INSM,2026-09-15,126.0999984741211,126.0999984741211,118.33999633789062,119.91999816894531,119.91999816894531,3364300,USD,NMS,America/New_York,Yahoo Finance
INSM,2026-09-16,120.0,124.41000366210938,119.55000305175781,122.58000183105469,122.58000183105469,1433800,USD,NMS,America/New_York,Yahoo Finance
INSM,2026-09-17,124.16000366210938,127.4000015258789,122.87999725341797,123.9800033569336,123.9800033569336,1591800,USD,NMS,America/New_York,Yahoo Finance
INSM,2026-09-18,123.88999938964844,124.11000061035156,119.31999969482422,120.0,120.0,3443200,USD,NMS,America/New_York,Yahoo Finance
INSM,2026-09-21,123.05999755859375,124.4800033569336,120.91999816894531,121.0,121.0,1811900,USD,NMS,America/New_York,Yahoo Finance
INSM,2026-09-22,121.0,122.4800033569336,119.08999633789062,120.81999969482422,120.81999969482422,2405300,USD,NMS,America/New_York,Yahoo Finance
INSM,2026-09-23,121.58000183105469,122.6500015258789,116.73999786376953,118.33999633789062,118.33999633789062,1921600,USD,NMS,America/New_York,Yahoo Finance
INSM,2026-09-24,119.26000213623047,121.69000244140625,118.37999725341797,121.55000305175781,121.55000305175781,2233600,USD,NMS,America/New_York,Yahoo Finance
INSM,2026-09-25,121.87000274658203,122.9000015258789,115.87000274658203,117.83000183105469,117.83000183105469,2672700,USD,NMS,America/New_York,Yahoo Finance
INSM,2026-09-28,116.83000183105469,119.31999969482422,116.30999755859375,117.66999816894531,117.66999816894531,1744400,USD,NMS,America/New_York,Yahoo Finance
IOT,2026-08-17,39.310001373291016,39.91999816894531,38.040000915527344,39.0,39.0,5651900,USD,NYQ,America/New_York,Yahoo Finance
IOT,2026-08-18,39.5,40.790000915527344,39.290000915527344,39.58000183105469,39.58000183105469,4128100,USD,NYQ,America/New_York,Yahoo Finance
IOT,2026-08-19,39.7400016784668,40.75,39.154998779296875,39.20000076293945,39.20000076293945,3665100,USD,NYQ,America/New_York,Yahoo Finance
IOT,2026-08-20,39.25,40.16999816894531,38.90999984741211,38.97999954223633,38.97999954223633,5690700,USD,NYQ,America/New_York,Yahoo Finance
IOT,2026-08-21,39.0,40.00899887084961,38.0099983215332,39.939998626708984,39.939998626708984,3132000,USD,NYQ,America/New_York,Yahoo Finance
IOT,2026-08-24,39.400001525878906,41.2400016784668,39.400001525878906,40.33000183105469,40.33000183105469,5714100,USD,NYQ,America/New_York,Yahoo Finance
IOT,2026-08-25,39.81999969482422,40.84000015258789,38.58000183105469,39.13999938964844,39.13999938964844,4054200,USD,NYQ,America/New_York,Yahoo Finance
IOT,2026-08-26,38.06999969482422,40.220001220703125,37.83599853515625,39.84000015258789,39.84000015258789,3710500,USD,NYQ,America/New_York,Yahoo Finance
IOT,2026-08-27,40.880001068115234,42.68000030517578,40.56999969482422,41.869998931884766,41.869998931884766,5186500,USD,NYQ,America/New_York,Yahoo Finance
IOT,2026-08-28,41.7400016784668,42.630001068115234,41.04999923706055,41.15999984741211,41.15999984741211,4636800,USD,NYQ,America/New_York,Yahoo Finance
IOT,2026-08-31,40.779998779296875,42.099998474121094,40.54999923706055,40.849998474121094,40.849998474121094,8059300,USD,NYQ,America/New_York,Yahoo Finance
IOT,2026-09-01,40.25,40.439998626708984,38.7599983215332,39.060001373291016,39.060001373291016,5296500,USD,NYQ,America/New_York,Yahoo Finance
IOT,2026-09-02,38.915000915527344,38.915000915527344,36.665000915527344,36.790000915527344,36.790000915527344,5259300,USD,NYQ,America/New_York,Yahoo Finance
IOT,2026-09-03,37.689998626708984,38.85499954223633,37.314998626708984,38.75,38.75,16391600,USD,NYQ,America/New_York,Yahoo Finance
IOT,2026-09-04,44.900001525878906,45.119998931884766,39.31999969482422,40.20000076293945,40.20000076293945,25608900,USD,NYQ,America/New_York,Yahoo Finance
IOT,2026-09-08,39.560001373291016,40.790000915527344,38.7400016784668,40.150001525878906,40.150001525878906,10735000,USD,NYQ,America/New_York,Yahoo Finance
IOT,2026-09-09,39.599998474121094,39.599998474121094,37.310001373291016,38.650001525878906,38.650001525878906,10757500,USD,NYQ,America/New_York,Yahoo Finance
IOT,2026-09-10,38.224998474121094,39.75,37.900001525878906,38.439998626708984,38.439998626708984,6168700,USD,NYQ,America/New_York,Yahoo Finance
IOT,2026-09-11,38.5,39.380001068115234,37.7599983215332,38.380001068115234,38.380001068115234,6748200,USD,NYQ,America/New_York,Yahoo Finance
IOT,2026-09-14,39.25,43.185001373291016,38.970001220703125,42.90999984741211,42.90999984741211,10095200,USD,NYQ,America/New_York,Yahoo Finance
IOT,2026-09-15,42.70000076293945,43.18000030517578,41.459999084472656,41.650001525878906,41.650001525878906,8173500,USD,NYQ,America/New_York,Yahoo Finance
IOT,2026-09-16,40.779998779296875,42.84000015258789,40.5,40.65999984741211,40.65999984741211,5388400,USD,NYQ,America/New_York,Yahoo Finance
IOT,2026-09-17,40.474998474121094,41.060001373291016,39.72999954223633,40.0,40.0,3605600,USD,NYQ,America/New_York,Yahoo Finance
IOT,2026-09-18,40.41999816894531,40.435001373291016,38.970001220703125,39.54999923706055,39.54999923706055,7592700,USD,NYQ,America/New_York,Yahoo Finance
IOT,2026-09-21,39.88999938964844,40.0,38.029998779296875,38.04999923706055,38.04999923706055,5795600,USD,NYQ,America/New_York,Yahoo Finance
IOT,2026-09-22,38.88999938964844,39.849998474121094,37.744998931884766,38.2599983215332,38.2599983215332,5128900,USD,NYQ,America/New_York,Yahoo Finance
IOT,2026-09-23,38.560001373291016,39.380001068115234,38.119998931884766,39.08000183105469,39.08000183105469,3770100,USD,NYQ,America/New_York,Yahoo Finance
IOT,2026-09-24,38.9900016784668,39.459999084472656,38.0,39.31999969482422,39.31999969482422,5122200,USD,NYQ,America/New_York,Yahoo Finance
IOT,2026-09-25,39.209999084472656,40.04999923706055,37.91999816894531,37.959999084472656,37.959999084472656,5204600,USD,NYQ,America/New_York,Yahoo Finance
IOT,2026-09-28,37.150001525878906,38.369998931884766,36.400001525878906,37.93000030517578,37.93000030517578,4458500,USD,NYQ,America/New_York,Yahoo Finance
IQMX,2026-08-17,9.899999618530273,10.140000343322754,9.65999984741211,9.920000076293945,9.920000076293945,173200,USD,NMS,America/New_York,Yahoo Finance
IQMX,2026-08-18,9.729999542236328,10.210000038146973,9.640000343322754,9.800000190734863,9.800000190734863,181300,USD,NMS,America/New_York,Yahoo Finance
IQMX,2026-08-19,10.5600004196167,10.600000381469727,9.78600025177002,10.069999694824219,10.069999694824219,220200,USD,NMS,America/New_York,Yahoo Finance
IQMX,2026-08-20,9.970000267028809,10.079999923706055,9.649999618530273,9.680000305175781,9.680000305175781,98200,USD,NMS,America/New_York,Yahoo Finance
IQMX,2026-08-21,10.399999618530273,12.430000305175781,9.925000190734863,11.109999656677246,11.109999656677246,2664500,USD,NMS,America/New_York,Yahoo Finance
IQMX,2026-08-24,11.1899995803833,11.493000030517578,10.3100004196167,10.4399995803833,10.4399995803833,467100,USD,NMS,America/New_York,Yahoo Finance
IQMX,2026-08-25,10.470000267028809,10.970000267028809,10.260000228881836,10.699999809265137,10.699999809265137,156500,USD,NMS,America/New_York,Yahoo Finance
IQMX,2026-08-26,10.880000114440918,11.5,10.699999809265137,10.989999771118164,10.989999771118164,301400,USD,NMS,America/New_York,Yahoo Finance
IQMX,2026-08-27,11.5,11.5,10.609999656677246,10.8100004196167,10.8100004196167,448300,USD,NMS,America/New_York,Yahoo Finance
IQMX,2026-08-28,11.300000190734863,11.300000190734863,10.491000175476074,10.59000015258789,10.59000015258789,580600,USD,NMS,America/New_York,Yahoo Finance
IQMX,2026-08-31,10.489999771118164,10.600000381469727,10.149999618530273,10.489999771118164,10.489999771118164,434100,USD,NMS,America/New_York,Yahoo Finance
IQMX,2026-09-01,10.279999732971191,10.5,10.15999984741211,10.479999542236328,10.479999542236328,95300,USD,NMS,America/New_York,Yahoo Finance
IQMX,2026-09-02,10.449999809265137,11.25,10.163999557495117,10.9399995803833,10.9399995803833,915100,USD,NMS,America/New_York,Yahoo Finance
IQMX,2026-09-03,10.970000267028809,11.0,10.694999694824219,10.800000190734863,10.800000190734863,272300,USD,NMS,America/New_York,Yahoo Finance
IQMX,2026-09-04,10.800000190734863,10.880000114440918,10.640000343322754,10.800000190734863,10.800000190734863,121100,USD,NMS,America/New_York,Yahoo Finance
IQMX,2026-09-08,10.930000305175781,10.930000305175781,10.359999656677246,10.489999771118164,10.489999771118164,262400,USD,NMS,America/New_York,Yahoo Finance
IQMX,2026-09-09,10.510000228881836,10.550000190734863,10.319999694824219,10.399999618530273,10.399999618530273,126700,USD,NMS,America/New_York,Yahoo Finance
IQMX,2026-09-10,10.25,10.510000228881836,10.199999809265137,10.229999542236328,10.229999542236328,184900,USD,NMS,America/New_York,Yahoo Finance
IQMX,2026-09-11,10.279999732971191,10.59000015258789,10.210000038146973,10.319999694824219,10.319999694824219,276200,USD,NMS,America/New_York,Yahoo Finance
IQMX,2026-09-14,10.239999771118164,10.265000343322754,9.8100004196167,9.819999694824219,9.819999694824219,402900,USD,NMS,America/New_York,Yahoo Finance
IQMX,2026-09-15,9.979999542236328,10.055000305175781,9.25,9.3100004196167,9.3100004196167,323400,USD,NMS,America/New_York,Yahoo Finance
IQMX,2026-09-16,9.729999542236328,9.9399995803833,9.260000228881836,9.329999923706055,9.329999923706055,447100,USD,NMS,America/New_York,Yahoo Finance
IQMX,2026-09-17,9.539999961853027,9.694999694824219,8.739999771118164,8.84000015258789,8.84000015258789,768300,USD,NMS,America/New_York,Yahoo Finance
IQMX,2026-09-18,9.149999618530273,9.770000457763672,9.119999885559082,9.539999961853027,9.539999961853027,1326800,USD,NMS,America/New_York,Yahoo Finance
IQMX,2026-09-21,9.850000381469727,10.385000228881836,9.59000015258789,10.260000228881836,10.260000228881836,362300,USD,NMS,America/New_York,Yahoo Finance
IQMX,2026-09-22,10.40999984741211,11.0,10.40999984741211,10.710000038146973,10.710000038146973,407500,USD,NMS,America/New_York,Yahoo Finance
IQMX,2026-09-23,11.0,11.154999732971191,10.220000267028809,10.289999961853027,10.289999961853027,493500,USD,NMS,America/New_York,Yahoo Finance
IQMX,2026-09-24,10.109999656677246,10.5,10.069999694824219,10.449999809265137,10.449999809265137,253800,USD,NMS,America/New_York,Yahoo Finance
IQMX,2026-09-25,10.59000015258789,10.739999771118164,10.354999542236328,10.609999656677246,10.609999656677246,240900,USD,NMS,America/New_York,Yahoo Finance
IQMX,2026-09-28,10.449999809265137,10.59000015258789,10.119999885559082,10.25,10.25,160700,USD,NMS,America/New_York,Yahoo Finance
JD,2026-08-17,28.860000610351562,28.989999771118164,28.43000030517578,28.5,28.5,8923500,USD,NMS,America/New_York,Yahoo Finance
JD,2026-08-18,28.440000534057617,28.81999969482422,28.334999084472656,28.81999969482422,28.81999969482422,7977600,USD,NMS,America/New_York,Yahoo Finance
JD,2026-08-19,28.84000015258789,29.3799991607666,28.809999465942383,29.350000381469727,29.350000381469727,8696200,USD,NMS,America/New_York,Yahoo Finance
JD,2026-08-20,29.139999389648438,29.5,28.915000915527344,29.40999984741211,29.40999984741211,6291300,USD,NMS,America/New_York,Yahoo Finance
JD,2026-08-21,29.583999633789062,29.583999633789062,29.170000076293945,29.3700008392334,29.3700008392334,5216100,USD,NMS,America/New_York,Yahoo Finance
JD,2026-08-24,29.059999465942383,29.360000610351562,28.985000610351562,29.200000762939453,29.200000762939453,5472400,USD,NMS,America/New_York,Yahoo Finance
JD,2026-08-25,28.934999465942383,29.385000228881836,28.8799991607666,29.360000610351562,29.360000610351562,5213600,USD,NMS,America/New_York,Yahoo Finance
JD,2026-08-26,28.989999771118164,29.1200008392334,28.739999771118164,28.770000457763672,28.770000457763672,4705100,USD,NMS,America/New_York,Yahoo Finance
JD,2026-08-27,28.510000228881836,28.55500030517578,28.31999969482422,28.489999771118164,28.489999771118164,4364300,USD,NMS,America/New_York,Yahoo Finance
JD,2026-08-28,28.489999771118164,28.75,28.459999084472656,28.739999771118164,28.739999771118164,4784000,USD,NMS,America/New_York,Yahoo Finance
JD,2026-08-31,28.56999969482422,28.709999084472656,28.204999923706055,28.239999771118164,28.239999771118164,7338900,USD,NMS,America/New_York,Yahoo Finance
JD,2026-09-01,27.864999771118164,28.110000610351562,27.709999084472656,27.899999618530273,27.899999618530273,6635900,USD,NMS,America/New_York,Yahoo Finance
JD,2026-09-02,27.704999923706055,28.024999618530273,27.700000762939453,27.829999923706055,27.829999923706055,6763000,USD,NMS,America/New_York,Yahoo Finance
JD,2026-09-03,27.44499969482422,27.81999969482422,27.354999542236328,27.739999771118164,27.739999771118164,6928500,USD,NMS,America/New_York,Yahoo Finance
JD,2026-09-04,28.15999984741211,28.290000915527344,28.024999618530273,28.260000228881836,28.260000228881836,4886900,USD,NMS,America/New_York,Yahoo Finance
JD,2026-09-08,27.75200080871582,27.899999618530273,27.434999465942383,27.68000030517578,27.68000030517578,6345900,USD,NMS,America/New_York,Yahoo Finance
JD,2026-09-09,27.1200008392334,27.270000457763672,26.850000381469727,27.0,27.0,8996500,USD,NMS,America/New_York,Yahoo Finance
JD,2026-09-10,26.75,27.075000762939453,26.75,27.020000457763672,27.020000457763672,6815800,USD,NMS,America/New_York,Yahoo Finance
JD,2026-09-11,27.260000228881836,27.395000457763672,27.030000686645508,27.059999465942383,27.059999465942383,4179900,USD,NMS,America/New_York,Yahoo Finance
JD,2026-09-14,27.09000015258789,27.4950008392334,26.985000610351562,27.260000228881836,27.260000228881836,4815700,USD,NMS,America/New_York,Yahoo Finance
JD,2026-09-15,27.2549991607666,27.40999984741211,27.049999237060547,27.09000015258789,27.09000015258789,4385000,USD,NMS,America/New_York,Yahoo Finance
JD,2026-09-16,26.992000579833984,27.030000686645508,26.760000228881836,26.899999618530273,26.899999618530273,6416800,USD,NMS,America/New_York,Yahoo Finance
JD,2026-09-17,26.899999618530273,26.940000534057617,26.6299991607666,26.639999389648438,26.639999389648438,5703500,USD,NMS,America/New_York,Yahoo Finance
JD,2026-09-18,26.764999389648438,27.014999389648438,26.735000610351562,26.920000076293945,26.920000076293945,6384100,USD,NMS,America/New_York,Yahoo Finance
JD,2026-09-21,26.959999084472656,27.290000915527344,26.700000762939453,27.280000686645508,27.280000686645508,6457400,USD,NMS,America/New_York,Yahoo Finance
JD,2026-09-22,27.549999237060547,27.71500015258789,27.270000457763672,27.3799991607666,27.3799991607666,5078100,USD,NMS,America/New_York,Yahoo Finance
JD,2026-09-23,27.049999237060547,27.239999771118164,26.861000061035156,27.15999984741211,27.15999984741211,4729200,USD,NMS,America/New_York,Yahoo Finance
JD,2026-09-24,27.03499984741211,27.09000015258789,26.665000915527344,26.75,26.75,6908800,USD,NMS,America/New_York,Yahoo Finance
JD,2026-09-25,26.579999923706055,26.600000381469727,26.389999389648438,26.510000228881836,26.510000228881836,5159300,USD,NMS,America/New_York,Yahoo Finance
JD,2026-09-28,26.68000030517578,26.799999237060547,26.575000762939453,26.610000610351562,26.610000610351562,5599000,USD,NMS,America/New_York,Yahoo Finance
JOYY,2026-08-17,73.04000091552734,74.1500015258789,73.04000091552734,73.62000274658203,73.62000274658203,214600,USD,NMS,America/New_York,Yahoo Finance
JOYY,2026-08-18,74.2300033569336,74.5999984741211,73.41000366210938,73.73999786376953,73.73999786376953,214200,USD,NMS,America/New_York,Yahoo Finance
JOYY,2026-08-19,74.16999816894531,75.12999725341797,73.69000244140625,74.88999938964844,74.88999938964844,321600,USD,NMS,America/New_York,Yahoo Finance
JOYY,2026-08-20,74.88999938964844,75.83000183105469,72.80000305175781,73.7699966430664,73.7699966430664,321400,USD,NMS,America/New_York,Yahoo Finance
JOYY,2026-08-21,73.7699966430664,74.95999908447266,72.80000305175781,73.61000061035156,73.61000061035156,198400,USD,NMS,America/New_York,Yahoo Finance
JOYY,2026-08-24,73.62000274658203,74.31999969482422,73.11000061035156,73.47000122070312,73.47000122070312,251000,USD,NMS,America/New_York,Yahoo Finance
JOYY,2026-08-25,73.87000274658203,75.25,72.86000061035156,75.0,75.0,1028500,USD,NMS,America/New_York,Yahoo Finance
JOYY,2026-08-26,76.19000244140625,80.9000015258789,72.98999786376953,74.80999755859375,74.80999755859375,813800,USD,NMS,America/New_York,Yahoo Finance
JOYY,2026-08-27,74.94000244140625,76.44000244140625,73.19999694824219,74.83000183105469,74.83000183105469,401100,USD,NMS,America/New_York,Yahoo Finance
JOYY,2026-08-28,74.83000183105469,76.37999725341797,73.0,74.52999877929688,74.52999877929688,615400,USD,NMS,America/New_York,Yahoo Finance
JOYY,2026-08-31,74.69000244140625,76.68000030517578,74.0,74.63999938964844,74.63999938964844,544900,USD,NMS,America/New_York,Yahoo Finance
JOYY,2026-09-01,74.5199966430664,75.41999816894531,73.5199966430664,74.04000091552734,74.04000091552734,303100,USD,NMS,America/New_York,Yahoo Finance
JOYY,2026-09-02,73.30999755859375,75.16000366210938,73.30999755859375,74.55999755859375,74.55999755859375,315600,USD,NMS,America/New_York,Yahoo Finance
JOYY,2026-09-03,74.55999755859375,74.83000183105469,73.61000061035156,74.58999633789062,74.58999633789062,207600,USD,NMS,America/New_York,Yahoo Finance
JOYY,2026-09-04,74.47000122070312,75.4800033569336,74.47000122070312,75.0,75.0,175400,USD,NMS,America/New_York,Yahoo Finance
JOYY,2026-09-08,74.58999633789062,75.18000030517578,74.0,74.36000061035156,74.36000061035156,511900,USD,NMS,America/New_York,Yahoo Finance
JOYY,2026-09-09,74.36000061035156,74.43000030517578,73.2699966430664,73.70999908447266,73.70999908447266,182500,USD,NMS,America/New_York,Yahoo Finance
JOYY,2026-09-10,73.88999938964844,75.83999633789062,73.88999938964844,74.83000183105469,74.83000183105469,363400,USD,NMS,America/New_York,Yahoo Finance
JOYY,2026-09-11,75.19999694824219,77.5999984741211,75.04000091552734,77.26000213623047,77.26000213623047,329000,USD,NMS,America/New_York,Yahoo Finance
JOYY,2026-09-14,77.26000213623047,77.98999786376953,77.0,77.18000030517578,77.18000030517578,487200,USD,NMS,America/New_York,Yahoo Finance
JOYY,2026-09-15,76.87000274658203,77.66000366210938,76.52999877929688,77.27999877929688,77.27999877929688,348400,USD,NMS,America/New_York,Yahoo Finance
JOYY,2026-09-16,77.37999725341797,79.16999816894531,77.3499984741211,78.76000213623047,78.76000213623047,585400,USD,NMS,America/New_York,Yahoo Finance
JOYY,2026-09-17,78.5999984741211,79.4000015258789,77.81999969482422,78.87999725341797,78.87999725341797,242100,USD,NMS,America/New_York,Yahoo Finance
JOYY,2026-09-18,79.41000366210938,79.41000366210938,78.12000274658203,78.7300033569336,78.7300033569336,311100,USD,NMS,America/New_York,Yahoo Finance
JOYY,2026-09-21,79.18000030517578,79.62999725341797,77.0199966430664,79.54000091552734,79.54000091552734,416700,USD,NMS,America/New_York,Yahoo Finance
JOYY,2026-09-22,79.87000274658203,81.26000213623047,79.19999694824219,81.05000305175781,81.05000305175781,514000,USD,NMS,America/New_York,Yahoo Finance
JOYY,2026-09-23,78.7300033569336,80.58000183105469,77.19999694824219,80.37999725341797,80.37999725341797,907100,USD,NMS,America/New_York,Yahoo Finance
JOYY,2026-09-24,79.87000274658203,80.38999938964844,79.30000305175781,79.69999694824219,79.69999694824219,359400,USD,NMS,America/New_York,Yahoo Finance
JOYY,2026-09-25,80.12000274658203,80.36000061035156,79.04000091552734,79.7699966430664,79.7699966430664,315500,USD,NMS,America/New_York,Yahoo Finance
JOYY,2026-09-28,79.37000274658203,81.0,79.30999755859375,80.58999633789062,80.58999633789062,228200,USD,NMS,America/New_York,Yahoo Finance
KRYS,2026-08-17,330.30999755859375,337.2049865722656,330.05999755859375,335.7300109863281,335.7300109863281,255100,USD,NMS,America/New_York,Yahoo Finance
KRYS,2026-08-18,332.17999267578125,337.4049987792969,330.30999755859375,332.82000732421875,332.82000732421875,148500,USD,NMS,America/New_York,Yahoo Finance
KRYS,2026-08-19,339.6099853515625,345.55999755859375,335.44000244140625,343.3399963378906,343.3399963378906,162800,USD,NMS,America/New_York,Yahoo Finance
KRYS,2026-08-20,338.32000732421875,343.1400146484375,334.989990234375,337.0199890136719,337.0199890136719,196700,USD,NMS,America/New_York,Yahoo Finance
KRYS,2026-08-21,337.44000244140625,348.0299987792969,335.7200012207031,346.5799865722656,346.5799865722656,407800,USD,NMS,America/New_York,Yahoo Finance
KRYS,2026-08-24,343.510009765625,346.54998779296875,337.0899963378906,341.7200012207031,341.7200012207031,236700,USD,NMS,America/New_York,Yahoo Finance
KRYS,2026-08-25,343.80999755859375,357.9100036621094,343.80999755859375,356.19000244140625,356.19000244140625,205000,USD,NMS,America/New_York,Yahoo Finance
KRYS,2026-08-26,354.3699951171875,363.82000732421875,350.42999267578125,359.760009765625,359.760009765625,281000,USD,NMS,America/New_York,Yahoo Finance
KRYS,2026-08-27,357.6099853515625,362.5,355.0899963378906,357.4599914550781,357.4599914550781,181400,USD,NMS,America/New_York,Yahoo Finance
KRYS,2026-08-28,356.9200134277344,356.9200134277344,348.57000732421875,351.4599914550781,351.4599914550781,143500,USD,NMS,America/New_York,Yahoo Finance
KRYS,2026-08-31,348.6199951171875,363.5199890136719,345.1400146484375,359.3599853515625,359.3599853515625,222700,USD,NMS,America/New_York,Yahoo Finance
KRYS,2026-09-01,360.0,364.44000244140625,358.3800048828125,363.8399963378906,363.8399963378906,197400,USD,NMS,America/New_York,Yahoo Finance
KRYS,2026-09-02,366.0,373.19000244140625,360.8599853515625,369.2300109863281,369.2300109863281,305200,USD,NMS,America/New_York,Yahoo Finance
KRYS,2026-09-03,371.4100036621094,373.30999755859375,365.55499267578125,371.4700012207031,371.4700012207031,226500,USD,NMS,America/New_York,Yahoo Finance
KRYS,2026-09-04,365.45001220703125,371.989990234375,353.7449951171875,358.239990234375,358.239990234375,323000,USD,NMS,America/New_York,Yahoo Finance
KRYS,2026-09-08,350.489990234375,354.68798828125,343.4599914550781,351.260009765625,351.260009765625,255800,USD,NMS,America/New_York,Yahoo Finance
KRYS,2026-09-09,348.8500061035156,353.114990234375,340.17498779296875,348.0899963378906,348.0899963378906,222300,USD,NMS,America/New_York,Yahoo Finance
KRYS,2026-09-10,347.55999755859375,349.6549987792969,344.260009765625,345.54998779296875,345.54998779296875,175800,USD,NMS,America/New_York,Yahoo Finance
KRYS,2026-09-11,349.5899963378906,354.239990234375,346.67999267578125,347.0,347.0,206300,USD,NMS,America/New_York,Yahoo Finance
KRYS,2026-09-14,349.1400146484375,352.5450134277344,339.25,340.0299987792969,340.0299987792969,288500,USD,NMS,America/New_York,Yahoo Finance
KRYS,2026-09-15,339.010009765625,340.0899963378906,331.7950134277344,336.67999267578125,336.67999267578125,225800,USD,NMS,America/New_York,Yahoo Finance
KRYS,2026-09-16,337.5299987792969,346.20001220703125,334.7279968261719,336.6700134277344,336.6700134277344,251800,USD,NMS,America/New_York,Yahoo Finance
KRYS,2026-09-17,340.989990234375,343.3299865722656,335.5,338.75,338.75,280900,USD,NMS,America/New_York,Yahoo Finance
KRYS,2026-09-18,340.0,341.3500061035156,335.5,336.6700134277344,336.6700134277344,1003900,USD,NMS,America/New_York,Yahoo Finance
KRYS,2026-09-21,339.4800109863281,341.1499938964844,332.43499755859375,333.8500061035156,333.8500061035156,210300,USD,NMS,America/New_York,Yahoo Finance
KRYS,2026-09-22,334.760009765625,353.8299865722656,334.30999755859375,350.8800048828125,350.8800048828125,274500,USD,NMS,America/New_York,Yahoo Finance
KRYS,2026-09-23,353.8399963378906,353.8399963378906,337.5799865722656,341.75,341.75,215900,USD,NMS,America/New_York,Yahoo Finance
KRYS,2026-09-24,341.8500061035156,345.4800109863281,336.55999755859375,344.9599914550781,344.9599914550781,222500,USD,NMS,America/New_York,Yahoo Finance
KRYS,2026-09-25,346.3399963378906,347.739990234375,341.8999938964844,345.82000732421875,345.82000732421875,200000,USD,NMS,America/New_York,Yahoo Finance
KRYS,2026-09-28,347.0,350.0,334.010009765625,337.0799865722656,337.0799865722656,298900,USD,NMS,America/New_York,Yahoo Finance
LHX,2026-08-17,283.0,285.95001220703125,277.7699890136719,278.3800048828125,277.0525817871094,2981400,USD,NYQ,America/New_York,Yahoo Finance
LHX,2026-08-18,280.0,284.0,279.3399963378906,279.5400085449219,278.20703125,1811800,USD,NYQ,America/New_York,Yahoo Finance
LHX,2026-08-19,281.0,281.0,276.3500061035156,277.1099853515625,275.7886047363281,1076800,USD,NYQ,America/New_York,Yahoo Finance
LHX,2026-08-20,275.69000244140625,276.6199951171875,269.5899963378906,270.44000244140625,269.1504211425781,1729200,USD,NYQ,America/New_York,Yahoo Finance
LHX,2026-08-21,271.1700134277344,271.75,266.42999267578125,266.7300109863281,265.4581298828125,1970100,USD,NYQ,America/New_York,Yahoo Finance
LHX,2026-08-24,265.69000244140625,265.7799987792969,261.54998779296875,262.8299865722656,261.5766906738281,1576000,USD,NYQ,America/New_York,Yahoo Finance
LHX,2026-08-25,263.239990234375,263.82000732421875,260.95001220703125,262.1700134277344,260.91986083984375,1748700,USD,NYQ,America/New_York,Yahoo Finance
LHX,2026-08-26,259.9800109863281,264.8500061035156,258.5400085449219,262.9599914550781,261.7060852050781,1394800,USD,NYQ,America/New_York,Yahoo Finance
LHX,2026-08-27,262.1499938964844,263.4599914550781,259.6000061035156,261.9800109863281,260.73077392578125,1684600,USD,NYQ,America/New_York,Yahoo Finance
LHX,2026-08-28,264.3299865722656,265.1400146484375,261.45001220703125,262.82000732421875,261.5667724609375,1615000,USD,NYQ,America/New_York,Yahoo Finance
LHX,2026-08-31,263.04998779296875,267.8500061035156,261.3500061035156,266.25,264.98040771484375,2587300,USD,NYQ,America/New_York,Yahoo Finance
LHX,2026-09-01,266.5,269.5,262.17999267578125,263.55999755859375,262.30322265625,1340400,USD,NYQ,America/New_York,Yahoo Finance
LHX,2026-09-02,264.5,266.5,260.1199951171875,261.30999755859375,260.06396484375,1411800,USD,NYQ,America/New_York,Yahoo Finance
LHX,2026-09-03,264.239990234375,265.0,259.1400146484375,262.1400146484375,260.8900146484375,1413700,USD,NYQ,America/New_York,Yahoo Finance
LHX,2026-09-04,259.5199890136719,259.7799987792969,256.04998779296875,256.45001220703125,256.45001220703125,1210600,USD,NYQ,America/New_York,Yahoo Finance
LHX,2026-09-08,253.60000610351562,257.05999755859375,253.3000030517578,255.74000549316406,255.74000549316406,1479700,USD,NYQ,America/New_York,Yahoo Finance
LHX,2026-09-09,256.32000732421875,258.0400085449219,250.27999877929688,250.41000366210938,250.41000366210938,1251300,USD,NYQ,America/New_York,Yahoo Finance
LHX,2026-09-10,250.80999755859375,252.2100067138672,246.50999450683594,248.3699951171875,248.3699951171875,1674300,USD,NYQ,America/New_York,Yahoo Finance
LHX,2026-09-11,250.57000732421875,251.85000610351562,244.75999450683594,245.5399932861328,245.5399932861328,1923900,USD,NYQ,America/New_York,Yahoo Finance
LHX,2026-09-14,247.80999755859375,250.27000427246094,245.77000427246094,248.92999267578125,248.92999267578125,2347000,USD,NYQ,America/New_York,Yahoo Finance
LHX,2026-09-15,251.89999389648438,253.1199951171875,247.8699951171875,249.66000366210938,249.66000366210938,1445200,USD,NYQ,America/New_York,Yahoo Finance
LHX,2026-09-16,250.07000732421875,251.9199981689453,248.13999938964844,250.74000549316406,250.74000549316406,1285300,USD,NYQ,America/New_York,Yahoo Finance
LHX,2026-09-17,251.0,252.08999633789062,246.6300048828125,250.4600067138672,250.4600067138672,1904200,USD,NYQ,America/New_York,Yahoo Finance
LHX,2026-09-18,250.02999877929688,251.5,246.11000061035156,247.2899932861328,247.2899932861328,2844400,USD,NYQ,America/New_York,Yahoo Finance
LHX,2026-09-21,246.61000061035156,248.17999267578125,244.91000366210938,246.92999267578125,246.92999267578125,1461600,USD,NYQ,America/New_York,Yahoo Finance
LHX,2026-09-22,248.50999450683594,248.6199951171875,239.50999450683594,239.88999938964844,239.88999938964844,1714700,USD,NYQ,America/New_York,Yahoo Finance
LHX,2026-09-23,239.99000549316406,243.5,239.0,239.2100067138672,239.2100067138672,1330200,USD,NYQ,America/New_York,Yahoo Finance
LHX,2026-09-24,239.14999389648438,242.1199951171875,237.85000610351562,238.0399932861328,238.0399932861328,1450700,USD,NYQ,America/New_York,Yahoo Finance
LHX,2026-09-25,238.11000061035156,240.97999572753906,236.7899932861328,237.69000244140625,237.69000244140625,1646600,USD,NYQ,America/New_York,Yahoo Finance
LHX,2026-09-28,237.0,240.10000610351562,234.58999633789062,237.6999969482422,237.6999969482422,1985300,USD,NYQ,America/New_York,Yahoo Finance
LIME,2026-08-17,37.09000015258789,38.2599983215332,36.52000045776367,37.43000030517578,37.43000030517578,173700,USD,NMS,America/New_York,Yahoo Finance
LIME,2026-08-18,37.20000076293945,39.75,36.290000915527344,38.779998779296875,38.779998779296875,344900,USD,NMS,America/New_York,Yahoo Finance
LIME,2026-08-19,38.720001220703125,38.90999984741211,37.060001373291016,37.72999954223633,37.72999954223633,135800,USD,NMS,America/New_York,Yahoo Finance
LIME,2026-08-20,37.40999984741211,42.2400016784668,37.099998474121094,42.029998779296875,42.029998779296875,385700,USD,NMS,America/New_York,Yahoo Finance
LIME,2026-08-21,42.52000045776367,42.84000015258789,40.0,41.060001373291016,41.060001373291016,352800,USD,NMS,America/New_York,Yahoo Finance
LIME,2026-08-24,41.470001220703125,41.880001068115234,40.0,41.2599983215332,41.2599983215332,358000,USD,NMS,America/New_York,Yahoo Finance
LIME,2026-08-25,41.689998626708984,43.13999938964844,41.0,42.38999938964844,42.38999938964844,319400,USD,NMS,America/New_York,Yahoo Finance
LIME,2026-08-26,42.63999938964844,43.5,41.060001373291016,43.27000045776367,43.27000045776367,265300,USD,NMS,America/New_York,Yahoo Finance
LIME,2026-08-27,43.70000076293945,44.380001068115234,41.79999923706055,42.31999969482422,42.31999969482422,289800,USD,NMS,America/New_York,Yahoo Finance
LIME,2026-08-28,42.310001373291016,43.91999816894531,41.720001220703125,42.34000015258789,42.34000015258789,350700,USD,NMS,America/New_York,Yahoo Finance
LIME,2026-08-31,42.25,43.150001525878906,40.04999923706055,40.380001068115234,40.380001068115234,236500,USD,NMS,America/New_York,Yahoo Finance
LIME,2026-09-01,40.27000045776367,41.43000030517578,39.0,39.9900016784668,39.9900016784668,252600,USD,NMS,America/New_York,Yahoo Finance
LIME,2026-09-02,40.2400016784668,41.90999984741211,39.970001220703125,41.630001068115234,41.630001068115234,244100,USD,NMS,America/New_York,Yahoo Finance
LIME,2026-09-03,41.880001068115234,43.54999923706055,38.540000915527344,38.83000183105469,38.83000183105469,280800,USD,NMS,America/New_York,Yahoo Finance
LIME,2026-09-04,38.66999816894531,39.29999923706055,36.279998779296875,36.75,36.75,223700,USD,NMS,America/New_York,Yahoo Finance
LIME,2026-09-08,36.7599983215332,38.779998779296875,36.619998931884766,37.59000015258789,37.59000015258789,255600,USD,NMS,America/New_York,Yahoo Finance
LIME,2026-09-09,37.099998474121094,37.91999816894531,33.529998779296875,34.09000015258789,34.09000015258789,241700,USD,NMS,America/New_York,Yahoo Finance
LIME,2026-09-10,33.45000076293945,34.36000061035156,31.770000457763672,32.720001220703125,32.720001220703125,301200,USD,NMS,America/New_York,Yahoo Finance
LIME,2026-09-11,33.04999923706055,33.849998474121094,31.25,31.719999313354492,31.719999313354492,304000,USD,NMS,America/New_York,Yahoo Finance
LIME,2026-09-14,31.719999313354492,33.04999923706055,30.270000457763672,30.729999542236328,30.729999542236328,383900,USD,NMS,America/New_York,Yahoo Finance
LIME,2026-09-15,30.639999389648438,32.560001373291016,29.969999313354492,30.489999771118164,30.489999771118164,518800,USD,NMS,America/New_York,Yahoo Finance
LIME,2026-09-16,30.25,31.15999984741211,29.020000457763672,29.399999618530273,29.399999618530273,386800,USD,NMS,America/New_York,Yahoo Finance
LIME,2026-09-17,29.43000030517578,30.90999984741211,29.299999237060547,30.040000915527344,30.040000915527344,482400,USD,NMS,America/New_York,Yahoo Finance
LIME,2026-09-18,31.1200008392334,31.260000228881836,30.06999969482422,30.940000534057617,30.940000534057617,1928000,USD,NMS,America/New_York,Yahoo Finance
LIME,2026-09-21,30.940000534057617,31.0,28.510000228881836,29.010000228881836,29.010000228881836,368000,USD,NMS,America/New_York,Yahoo Finance
LIME,2026-09-22,29.559999465942383,30.68000030517578,27.600000381469727,28.360000610351562,28.360000610351562,326300,USD,NMS,America/New_York,Yahoo Finance
LIME,2026-09-23,28.290000915527344,29.889999389648438,27.65999984741211,28.600000381469727,28.600000381469727,384400,USD,NMS,America/New_York,Yahoo Finance
LIME,2026-09-24,28.600000381469727,29.420000076293945,27.90999984741211,28.59000015258789,28.59000015258789,291100,USD,NMS,America/New_York,Yahoo Finance
LIME,2026-09-25,28.68000030517578,29.68000030517578,28.3700008392334,29.209999084472656,29.209999084472656,289300,USD,NMS,America/New_York,Yahoo Finance
LIME,2026-09-28,28.93000030517578,29.760000228881836,28.600000381469727,28.920000076293945,28.920000076293945,311100,USD,NMS,America/New_York,Yahoo Finance
LKFT,2026-08-17,27.56999969482422,28.0,27.469999313354492,27.520000457763672,27.520000457763672,425500,USD,NMS,America/New_York,Yahoo Finance
LKFT,2026-08-18,27.540000915527344,28.030000686645508,27.299999237060547,27.989999771118164,27.989999771118164,329200,USD,NMS,America/New_York,Yahoo Finance
LKFT,2026-08-19,28.690000534057617,29.90999984741211,28.670000076293945,29.360000610351562,29.360000610351562,316100,USD,NMS,America/New_York,Yahoo Finance
LKFT,2026-08-20,29.110000610351562,29.110000610351562,28.229999542236328,28.270000457763672,28.270000457763672,244100,USD,NMS,America/New_York,Yahoo Finance
LKFT,2026-08-21,28.270000457763672,29.200000762939453,28.15999984741211,28.799999237060547,28.799999237060547,264400,USD,NMS,America/New_York,Yahoo Finance
LKFT,2026-08-24,28.65999984741211,29.059999465942383,28.329999923706055,29.040000915527344,29.040000915527344,123500,USD,NMS,America/New_York,Yahoo Finance
LKFT,2026-08-25,29.459999084472656,29.829999923706055,29.3700008392334,29.700000762939453,29.700000762939453,333300,USD,NMS,America/New_York,Yahoo Finance
LKFT,2026-08-26,29.549999237060547,29.549999237060547,29.149999618530273,29.15999984741211,29.15999984741211,172500,USD,NMS,America/New_York,Yahoo Finance
LKFT,2026-08-27,29.200000762939453,29.510000228881836,29.06999969482422,29.440000534057617,29.440000534057617,156400,USD,NMS,America/New_York,Yahoo Finance
LKFT,2026-08-28,29.280000686645508,29.420000076293945,28.709999084472656,28.8799991607666,28.8799991607666,143700,USD,NMS,America/New_York,Yahoo Finance
LKFT,2026-08-31,28.59000015258789,28.59000015258789,28.280000686645508,28.5,28.5,133500,USD,NMS,America/New_York,Yahoo Finance
LKFT,2026-09-01,28.40999984741211,28.670000076293945,28.350000381469727,28.549999237060547,28.549999237060547,149000,USD,NMS,America/New_York,Yahoo Finance
LKFT,2026-09-02,28.8799991607666,29.459999084472656,28.719999313354492,28.809999465942383,28.809999465942383,215100,USD,NMS,America/New_York,Yahoo Finance
LKFT,2026-09-03,29.0,29.1299991607666,28.760000228881836,29.020000457763672,29.020000457763672,394300,USD,NMS,America/New_York,Yahoo Finance
LKFT,2026-09-04,28.649999618530273,29.040000915527344,28.3799991607666,28.489999771118164,28.489999771118164,208200,USD,NMS,America/New_York,Yahoo Finance
LKFT,2026-09-08,28.010000228881836,28.100000381469727,27.579999923706055,27.6299991607666,27.6299991607666,158600,USD,NMS,America/New_York,Yahoo Finance
LKFT,2026-09-09,27.59000015258789,27.93000030517578,27.399999618530273,27.43000030517578,27.43000030517578,130800,USD,NMS,America/New_York,Yahoo Finance
LKFT,2026-09-10,27.290000915527344,27.299999237060547,26.799999237060547,26.809999465942383,26.809999465942383,170000,USD,NMS,America/New_York,Yahoo Finance
LKFT,2026-09-11,27.299999237060547,27.299999237060547,26.780000686645508,26.809999465942383,26.809999465942383,245800,USD,NMS,America/New_York,Yahoo Finance
LKFT,2026-09-14,27.020000457763672,27.079999923706055,26.65999984741211,26.709999084472656,26.709999084472656,249400,USD,NMS,America/New_York,Yahoo Finance
LKFT,2026-09-15,26.709999084472656,28.06999969482422,26.6299991607666,27.920000076293945,27.920000076293945,890400,USD,NMS,America/New_York,Yahoo Finance
LKFT,2026-09-16,27.93000030517578,28.0,27.239999771118164,27.530000686645508,27.530000686645508,415600,USD,NMS,America/New_York,Yahoo Finance
LKFT,2026-09-17,27.920000076293945,28.969999313354492,27.920000076293945,28.90999984741211,28.90999984741211,467600,USD,NMS,America/New_York,Yahoo Finance
LKFT,2026-09-18,28.770000457763672,29.110000610351562,28.510000228881836,28.549999237060547,28.549999237060547,459100,USD,NMS,America/New_York,Yahoo Finance
LKFT,2026-09-21,28.670000076293945,29.729999542236328,28.600000381469727,29.59000015258789,29.59000015258789,208100,USD,NMS,America/New_York,Yahoo Finance
LKFT,2026-09-22,29.56999969482422,30.280000686645508,29.56999969482422,30.190000534057617,30.190000534057617,451800,USD,NMS,America/New_York,Yahoo Finance
LKFT,2026-09-23,31.1299991607666,32.40999984741211,30.65999984741211,30.719999313354492,30.719999313354492,635300,USD,NMS,America/New_York,Yahoo Finance
LKFT,2026-09-24,30.09000015258789,30.670000076293945,29.860000610351562,30.360000610351562,30.360000610351562,435300,USD,NMS,America/New_York,Yahoo Finance
LKFT,2026-09-25,30.149999618530273,30.190000534057617,29.299999237060547,29.3799991607666,29.3799991607666,250700,USD,NMS,America/New_York,Yahoo Finance
LKFT,2026-09-28,29.010000228881836,30.030000686645508,28.959999084472656,29.84000015258789,29.84000015258789,206600,USD,NMS,America/New_York,Yahoo Finance
LQDA,2026-08-17,73.26000213623047,77.93000030517578,73.0,77.69999694824219,77.69999694824219,1520200,USD,NCM,America/New_York,Yahoo Finance
LQDA,2026-08-18,76.19999694824219,76.7699966430664,72.83000183105469,74.33000183105469,74.33000183105469,1448600,USD,NCM,America/New_York,Yahoo Finance
LQDA,2026-08-19,74.98999786376953,76.6500015258789,73.29000091552734,75.33000183105469,75.33000183105469,1156500,USD,NCM,America/New_York,Yahoo Finance
LQDA,2026-08-20,73.55000305175781,74.52999877929688,70.8499984741211,71.05000305175781,71.05000305175781,1583500,USD,NCM,America/New_York,Yahoo Finance
LQDA,2026-08-21,70.91000366210938,71.12999725341797,68.05000305175781,68.62000274658203,68.62000274658203,1698900,USD,NCM,America/New_York,Yahoo Finance
LQDA,2026-08-24,67.7699966430664,71.11000061035156,67.25,70.2699966430664,70.2699966430664,1291300,USD,NCM,America/New_York,Yahoo Finance
LQDA,2026-08-25,71.5,73.06999969482422,70.0999984741211,70.48999786376953,70.48999786376953,931000,USD,NCM,America/New_York,Yahoo Finance
LQDA,2026-08-26,70.13999938964844,72.95999908447266,70.0,71.36000061035156,71.36000061035156,846000,USD,NCM,America/New_York,Yahoo Finance
LQDA,2026-08-27,71.01000213623047,71.69999694824219,69.51000213623047,69.94000244140625,69.94000244140625,548700,USD,NCM,America/New_York,Yahoo Finance
LQDA,2026-08-28,69.98999786376953,70.30999755859375,67.56999969482422,67.69000244140625,67.69000244140625,926300,USD,NCM,America/New_York,Yahoo Finance
LQDA,2026-08-31,67.0999984741211,68.2699966430664,66.0999984741211,68.16999816894531,68.16999816894531,1054400,USD,NCM,America/New_York,Yahoo Finance
LQDA,2026-09-01,67.69999694824219,69.0,66.0999984741211,66.91000366210938,66.91000366210938,1410000,USD,NCM,America/New_York,Yahoo Finance
LQDA,2026-09-02,67.4000015258789,70.12999725341797,66.7300033569336,69.68000030517578,69.68000030517578,1282600,USD,NCM,America/New_York,Yahoo Finance
LQDA,2026-09-03,69.2699966430664,70.75,68.1500015258789,68.62999725341797,68.62999725341797,931700,USD,NCM,America/New_York,Yahoo Finance
LQDA,2026-09-04,67.91000366210938,69.47000122070312,67.4000015258789,68.66000366210938,68.66000366210938,900200,USD,NCM,America/New_York,Yahoo Finance
LQDA,2026-09-08,68.0,69.20999908447266,67.06999969482422,67.68000030517578,67.68000030517578,1329000,USD,NCM,America/New_York,Yahoo Finance
LQDA,2026-09-09,67.38999938964844,69.38999938964844,67.3499984741211,69.12000274658203,69.12000274658203,997300,USD,NCM,America/New_York,Yahoo Finance
LQDA,2026-09-10,67.87000274658203,68.3499984741211,66.62000274658203,67.8499984741211,67.8499984741211,955000,USD,NCM,America/New_York,Yahoo Finance
LQDA,2026-09-11,68.66000366210938,69.94000244140625,66.68000030517578,66.73999786376953,66.73999786376953,778500,USD,NCM,America/New_York,Yahoo Finance
LQDA,2026-09-14,66.79000091552734,66.9000015258789,65.12999725341797,65.30999755859375,65.30999755859375,1074400,USD,NCM,America/New_York,Yahoo Finance
LQDA,2026-09-15,65.30999755859375,65.93000030517578,62.86000061035156,65.72000122070312,65.72000122070312,1372100,USD,NCM,America/New_York,Yahoo Finance
LQDA,2026-09-16,65.66999816894531,69.87000274658203,65.33999633789062,68.44999694824219,68.44999694824219,1296400,USD,NCM,America/New_York,Yahoo Finance
LQDA,2026-09-17,69.51000213623047,70.80999755859375,67.41000366210938,68.38999938964844,68.38999938964844,1082300,USD,NCM,America/New_York,Yahoo Finance
LQDA,2026-09-18,68.08000183105469,68.72000122070312,66.56999969482422,66.87999725341797,66.87999725341797,3895700,USD,NCM,America/New_York,Yahoo Finance
LQDA,2026-09-21,67.18000030517578,67.41000366210938,65.73999786376953,66.43000030517578,66.43000030517578,1010200,USD,NCM,America/New_York,Yahoo Finance
LQDA,2026-09-22,66.58999633789062,68.76000213623047,66.0,68.63999938964844,68.63999938964844,1139000,USD,NCM,America/New_York,Yahoo Finance
LQDA,2026-09-23,68.5999984741211,68.5999984741211,67.0999984741211,67.48999786376953,67.48999786376953,765900,USD,NCM,America/New_York,Yahoo Finance
LQDA,2026-09-24,67.04000091552734,71.41000366210938,66.75,70.94999694824219,70.94999694824219,1026100,USD,NCM,America/New_York,Yahoo Finance
LQDA,2026-09-25,71.5999984741211,71.80999755859375,67.55000305175781,68.43000030517578,68.43000030517578,967300,USD,NCM,America/New_York,Yahoo Finance
LQDA,2026-09-28,68.05000305175781,74.73999786376953,67.66000366210938,73.66999816894531,73.66999816894531,1195300,USD,NCM,America/New_York,Yahoo Finance
LSTR,2026-08-17,189.0399932861328,194.02000427246094,189.0399932861328,193.3800048828125,192.94000244140625,527500,USD,NMS,America/New_York,Yahoo Finance
LSTR,2026-08-18,192.1699981689453,192.6199951171875,185.77000427246094,186.16000366210938,186.16000366210938,456700,USD,NMS,America/New_York,Yahoo Finance
LSTR,2026-08-19,186.99000549316406,189.6199951171875,183.25999450683594,185.02000427246094,185.02000427246094,394500,USD,NMS,America/New_York,Yahoo Finance
LSTR,2026-08-20,182.99000549316406,185.02000427246094,181.5500030517578,182.4199981689453,182.4199981689453,268300,USD,NMS,America/New_York,Yahoo Finance
LSTR,2026-08-21,184.10000610351562,186.77000427246094,183.27000427246094,186.5800018310547,186.5800018310547,383000,USD,NMS,America/New_York,Yahoo Finance
LSTR,2026-08-24,187.22999572753906,189.72000122070312,178.3000030517578,179.9199981689453,179.9199981689453,553300,USD,NMS,America/New_York,Yahoo Finance
LSTR,2026-08-25,181.69000244140625,181.69000244140625,178.39999389648438,178.47999572753906,178.47999572753906,341700,USD,NMS,America/New_York,Yahoo Finance
LSTR,2026-08-26,178.41000366210938,181.7899932861328,176.5500030517578,181.6300048828125,181.6300048828125,366900,USD,NMS,America/New_York,Yahoo Finance
LSTR,2026-08-27,181.38999938964844,182.9199981689453,179.8300018310547,181.8000030517578,181.8000030517578,236700,USD,NMS,America/New_York,Yahoo Finance
LSTR,2026-08-28,183.07000732421875,184.99000549316406,179.05999755859375,180.02999877929688,180.02999877929688,300500,USD,NMS,America/New_York,Yahoo Finance
LSTR,2026-08-31,180.25999450683594,181.97000122070312,178.77999877929688,180.6300048828125,180.6300048828125,398900,USD,NMS,America/New_York,Yahoo Finance
LSTR,2026-09-01,178.77000427246094,180.57000732421875,173.8300018310547,175.41000366210938,175.41000366210938,263900,USD,NMS,America/New_York,Yahoo Finance
LSTR,2026-09-02,176.10000610351562,176.69000244140625,172.77999877929688,174.6999969482422,174.6999969482422,270600,USD,NMS,America/New_York,Yahoo Finance
LSTR,2026-09-03,174.72999572753906,176.0,170.39999389648438,174.3300018310547,174.3300018310547,283100,USD,NMS,America/New_York,Yahoo Finance
LSTR,2026-09-04,173.5500030517578,178.47000122070312,173.22000122070312,177.9199981689453,177.9199981689453,290800,USD,NMS,America/New_York,Yahoo Finance
LSTR,2026-09-08,178.0399932861328,180.1999969482422,176.60000610351562,177.4600067138672,177.4600067138672,247300,USD,NMS,America/New_York,Yahoo Finance
LSTR,2026-09-09,177.5800018310547,178.3699951171875,173.27000427246094,173.57000732421875,173.57000732421875,301700,USD,NMS,America/New_York,Yahoo Finance
LSTR,2026-09-10,173.6199951171875,174.94000244140625,172.3000030517578,173.6999969482422,173.6999969482422,242800,USD,NMS,America/New_York,Yahoo Finance
LSTR,2026-09-11,174.50999450683594,174.52000427246094,170.57000732421875,172.77999877929688,172.77999877929688,474400,USD,NMS,America/New_York,Yahoo Finance
LSTR,2026-09-14,172.39999389648438,174.0500030517578,171.1999969482422,172.08999633789062,172.08999633789062,429800,USD,NMS,America/New_York,Yahoo Finance
LSTR,2026-09-15,172.33999633789062,174.57000732421875,171.27999877929688,172.77999877929688,172.77999877929688,299200,USD,NMS,America/New_York,Yahoo Finance
LSTR,2026-09-16,170.25999450683594,174.0,165.05999755859375,169.13999938964844,169.13999938964844,436400,USD,NMS,America/New_York,Yahoo Finance
LSTR,2026-09-17,171.75999450683594,172.74000549316406,169.80999755859375,171.13999938964844,171.13999938964844,375800,USD,NMS,America/New_York,Yahoo Finance
LSTR,2026-09-18,170.7100067138672,171.0500030517578,168.67999267578125,170.2899932861328,170.2899932861328,477200,USD,NMS,America/New_York,Yahoo Finance
LSTR,2026-09-21,171.13999938964844,171.17999267578125,168.08999633789062,170.32000732421875,170.32000732421875,264300,USD,NMS,America/New_York,Yahoo Finance
LSTR,2026-09-22,171.13999938964844,172.3000030517578,167.0,168.67999267578125,168.67999267578125,326600,USD,NMS,America/New_York,Yahoo Finance
LSTR,2026-09-23,168.67999267578125,170.16000366210938,166.9600067138672,166.97999572753906,166.97999572753906,227500,USD,NMS,America/New_York,Yahoo Finance
LSTR,2026-09-24,168.02000427246094,170.66000366210938,164.72999572753906,165.17999267578125,165.17999267578125,352700,USD,NMS,America/New_York,Yahoo Finance
LSTR,2026-09-25,165.33999633789062,165.47999572753906,162.14999389648438,163.77000427246094,163.77000427246094,301600,USD,NMS,America/New_York,Yahoo Finance
LSTR,2026-09-28,163.82000732421875,166.1199951171875,163.24000549316406,165.41000366210938,165.41000366210938,353600,USD,NMS,America/New_York,Yahoo Finance
LYB,2026-08-17,63.709999084472656,65.31999969482422,63.41999816894531,64.7300033569336,64.06861114501953,7705400,USD,NYQ,America/New_York,Yahoo Finance
LYB,2026-08-18,65.23999786376953,65.69999694824219,64.18000030517578,65.33000183105469,64.66248321533203,3379900,USD,NYQ,America/New_York,Yahoo Finance
LYB,2026-08-19,65.70999908447266,67.76000213623047,65.54000091552734,66.05999755859375,65.38501739501953,3887700,USD,NYQ,America/New_York,Yahoo Finance
LYB,2026-08-20,66.69999694824219,68.98999786376953,66.69999694824219,68.0999984741211,67.4041748046875,4403500,USD,NYQ,America/New_York,Yahoo Finance
LYB,2026-08-21,67.91999816894531,69.12999725341797,67.48999786376953,67.52999877929688,66.83999633789062,2838800,USD,NYQ,America/New_York,Yahoo Finance
LYB,2026-08-24,66.37000274658203,66.80000305175781,64.83000183105469,65.19999694824219,65.19999694824219,2897200,USD,NYQ,America/New_York,Yahoo Finance
LYB,2026-08-25,63.84000015258789,64.4000015258789,62.45000076293945,62.54999923706055,62.54999923706055,3660400,USD,NYQ,America/New_York,Yahoo Finance
LYB,2026-08-26,61.90999984741211,62.83000183105469,61.47999954223633,62.619998931884766,62.619998931884766,2743900,USD,NYQ,America/New_York,Yahoo Finance
LYB,2026-08-27,63.0,63.7400016784668,61.88999938964844,63.060001373291016,63.060001373291016,2675900,USD,NYQ,America/New_York,Yahoo Finance
LYB,2026-08-28,64.0,64.36000061035156,62.5,63.66999816894531,63.66999816894531,2171300,USD,NYQ,America/New_York,Yahoo Finance
LYB,2026-08-31,64.58000183105469,65.94999694824219,64.2699966430664,65.08000183105469,65.08000183105469,4146600,USD,NYQ,America/New_York,Yahoo Finance
LYB,2026-09-01,66.05999755859375,66.44999694824219,64.51000213623047,65.16999816894531,65.16999816894531,3052300,USD,NYQ,America/New_York,Yahoo Finance
LYB,2026-09-02,64.62999725341797,67.48999786376953,64.62999725341797,66.56999969482422,66.56999969482422,3052500,USD,NYQ,America/New_York,Yahoo Finance
LYB,2026-09-03,66.91000366210938,67.20999908447266,64.62999725341797,64.76000213623047,64.76000213623047,2073100,USD,NYQ,America/New_York,Yahoo Finance
LYB,2026-09-04,64.45999908447266,65.20999908447266,62.90999984741211,63.52000045776367,63.52000045776367,2589900,USD,NYQ,America/New_York,Yahoo Finance
LYB,2026-09-08,64.4000015258789,65.87999725341797,64.4000015258789,64.58999633789062,64.58999633789062,3267100,USD,NYQ,America/New_York,Yahoo Finance
LYB,2026-09-09,65.55000305175781,65.63999938964844,63.84000015258789,64.51000213623047,64.51000213623047,2566200,USD,NYQ,America/New_York,Yahoo Finance
LYB,2026-09-10,65.63999938964844,66.0999984741211,64.26000213623047,64.30000305175781,64.30000305175781,3303600,USD,NYQ,America/New_York,Yahoo Finance
LYB,2026-09-11,63.7400016784668,65.75,63.439998626708984,63.689998626708984,63.689998626708984,3982500,USD,NYQ,America/New_York,Yahoo Finance
LYB,2026-09-14,64.30000305175781,65.0,62.40999984741211,62.75,62.75,5680900,USD,NYQ,America/New_York,Yahoo Finance
LYB,2026-09-15,63.060001373291016,65.47000122070312,63.0,65.43000030517578,65.43000030517578,3419900,USD,NYQ,America/New_York,Yahoo Finance
LYB,2026-09-16,64.45999908447266,65.51000213623047,63.5099983215332,64.9000015258789,64.9000015258789,4357600,USD,NYQ,America/New_York,Yahoo Finance
LYB,2026-09-17,64.0999984741211,64.69000244140625,63.52000045776367,64.25,64.25,4353800,USD,NYQ,America/New_York,Yahoo Finance
LYB,2026-09-18,63.540000915527344,63.619998931884766,61.689998626708984,61.93000030517578,61.93000030517578,7742600,USD,NYQ,America/New_York,Yahoo Finance
LYB,2026-09-21,61.619998931884766,61.63999938964844,60.20000076293945,60.2400016784668,60.2400016784668,3201400,USD,NYQ,America/New_York,Yahoo Finance
LYB,2026-09-22,59.369998931884766,60.650001525878906,59.040000915527344,59.2400016784668,59.2400016784668,3828800,USD,NYQ,America/New_York,Yahoo Finance
LYB,2026-09-23,59.5099983215332,60.650001525878906,59.31999969482422,59.970001220703125,59.970001220703125,2905900,USD,NYQ,America/New_York,Yahoo Finance
LYB,2026-09-24,60.7400016784668,61.59000015258789,60.130001068115234,60.18000030517578,60.18000030517578,2580900,USD,NYQ,America/New_York,Yahoo Finance
LYB,2026-09-25,59.369998931884766,59.61000061035156,57.63999938964844,58.13999938964844,58.13999938964844,3315700,USD,NYQ,America/New_York,Yahoo Finance
LYB,2026-09-28,58.7400016784668,59.68000030517578,58.15999984741211,58.27000045776367,58.27000045776367,3176200,USD,NYQ,America/New_York,Yahoo Finance
MBLY,2026-08-17,9.260000228881836,9.430000305175781,9.039999961853027,9.229999542236328,9.229999542236328,4040600,USD,NMS,America/New_York,Yahoo Finance
MBLY,2026-08-18,8.989999771118164,9.100000381469727,8.630000114440918,8.869999885559082,8.869999885559082,5371000,USD,NMS,America/New_York,Yahoo Finance
MBLY,2026-08-19,9.039999961853027,9.199999809265137,8.770000457763672,9.100000381469727,9.100000381469727,4723100,USD,NMS,America/New_York,Yahoo Finance
MBLY,2026-08-20,9.020000457763672,9.199999809265137,8.789999961853027,8.880000114440918,8.880000114440918,4569500,USD,NMS,America/New_York,Yahoo Finance
MBLY,2026-08-21,9.100000381469727,9.170000076293945,8.989999771118164,9.029999732971191,9.029999732971191,3161700,USD,NMS,America/New_York,Yahoo Finance
MBLY,2026-08-24,8.930000305175781,8.9399995803833,8.550000190734863,8.640000343322754,8.640000343322754,4899300,USD,NMS,America/New_York,Yahoo Finance
MBLY,2026-08-25,8.640000343322754,8.75,8.579999923706055,8.680000305175781,8.680000305175781,2452400,USD,NMS,America/New_York,Yahoo Finance
MBLY,2026-08-26,8.65999984741211,8.75,8.460000038146973,8.539999961853027,8.539999961853027,2881100,USD,NMS,America/New_York,Yahoo Finance
MBLY,2026-08-27,8.649999618530273,8.829999923706055,8.5600004196167,8.609999656677246,8.609999656677246,3041100,USD,NMS,America/New_York,Yahoo Finance
MBLY,2026-08-28,8.649999618530273,8.829999923706055,8.510000228881836,8.579999923706055,8.579999923706055,3186000,USD,NMS,America/New_York,Yahoo Finance
MBLY,2026-08-31,8.5600004196167,8.630000114440918,8.489999771118164,8.529999732971191,8.529999732971191,3151200,USD,NMS,America/New_York,Yahoo Finance
MBLY,2026-09-01,8.420000076293945,8.4399995803833,8.260000228881836,8.359999656677246,8.359999656677246,2705300,USD,NMS,America/New_York,Yahoo Finance
MBLY,2026-09-02,8.390000343322754,8.59000015258789,8.319999694824219,8.5,8.5,2898500,USD,NMS,America/New_York,Yahoo Finance
MBLY,2026-09-03,8.579999923706055,8.670000076293945,8.260000228881836,8.319999694824219,8.319999694824219,3701200,USD,NMS,America/New_York,Yahoo Finance
MBLY,2026-09-04,8.3100004196167,8.59000015258789,8.229999542236328,8.5600004196167,8.5600004196167,2725300,USD,NMS,America/New_York,Yahoo Finance
MBLY,2026-09-08,8.609999656677246,8.619999885559082,8.430000305175781,8.520000457763672,8.520000457763672,2160400,USD,NMS,America/New_York,Yahoo Finance
MBLY,2026-09-09,8.470000267028809,8.539999961853027,8.09000015258789,8.100000381469727,8.100000381469727,3304400,USD,NMS,America/New_York,Yahoo Finance
MBLY,2026-09-10,8.0,8.34000015258789,7.860000133514404,8.210000038146973,8.210000038146973,4004200,USD,NMS,America/New_York,Yahoo Finance
MBLY,2026-09-11,8.319999694824219,8.430000305175781,8.239999771118164,8.25,8.25,3543400,USD,NMS,America/New_York,Yahoo Finance
MBLY,2026-09-14,8.140000343322754,8.260000228881836,8.039999961853027,8.15999984741211,8.15999984741211,4695400,USD,NMS,America/New_York,Yahoo Finance
MBLY,2026-09-15,8.140000343322754,8.279999732971191,7.829999923706055,7.920000076293945,7.920000076293945,5629300,USD,NMS,America/New_York,Yahoo Finance
MBLY,2026-09-16,7.980000019073486,7.980000019073486,7.739999771118164,7.820000171661377,7.820000171661377,4311900,USD,NMS,America/New_York,Yahoo Finance
MBLY,2026-09-17,8.050000190734863,8.300000190734863,7.909999847412109,8.039999961853027,8.039999961853027,9376300,USD,NMS,America/New_York,Yahoo Finance
MBLY,2026-09-18,8.140000343322754,8.180000305175781,7.880000114440918,8.020000457763672,8.020000457763672,10705800,USD,NMS,America/New_York,Yahoo Finance
MBLY,2026-09-21,8.15999984741211,8.1899995803833,7.929999828338623,7.989999771118164,7.989999771118164,4656400,USD,NMS,America/New_York,Yahoo Finance
MBLY,2026-09-22,8.109999656677246,8.149999618530273,7.670000076293945,7.679999828338623,7.679999828338623,6143500,USD,NMS,America/New_York,Yahoo Finance
MBLY,2026-09-23,7.630000114440918,7.769999980926514,7.449999809265137,7.610000133514404,7.610000133514404,8917400,USD,NMS,America/New_York,Yahoo Finance
MBLY,2026-09-24,7.590000152587891,7.869999885559082,7.559999942779541,7.690000057220459,7.690000057220459,8868000,USD,NMS,America/New_York,Yahoo Finance
MBLY,2026-09-25,7.760000228881836,8.069999694824219,7.670000076293945,8.029999732971191,8.029999732971191,6570500,USD,NMS,America/New_York,Yahoo Finance
MBLY,2026-09-28,8.020000457763672,8.079999923706055,7.730000019073486,7.800000190734863,7.800000190734863,4840400,USD,NMS,America/New_York,Yahoo Finance
MCD,2026-08-17,270.2200012207031,270.82000732421875,265.1400146484375,265.5299987792969,263.6559753417969,4911800,USD,NYQ,America/New_York,Yahoo Finance
MCD,2026-08-18,267.4700012207031,270.2099914550781,266.8399963378906,266.989990234375,265.10565185546875,3089200,USD,NYQ,America/New_York,Yahoo Finance
MCD,2026-08-19,266.3500061035156,271.8699951171875,266.0899963378906,267.45001220703125,265.5624084472656,5351600,USD,NYQ,America/New_York,Yahoo Finance
MCD,2026-08-20,267.57000732421875,271.8800048828125,266.9100036621094,269.1300048828125,267.2305603027344,3526300,USD,NYQ,America/New_York,Yahoo Finance
MCD,2026-08-21,269.29998779296875,271.25,268.1099853515625,270.95001220703125,269.0377197265625,3776000,USD,NYQ,America/New_York,Yahoo Finance
MCD,2026-08-24,272.1499938964844,273.4200134277344,270.5899963378906,272.5400085449219,270.6164855957031,4115900,USD,NYQ,America/New_York,Yahoo Finance
MCD,2026-08-25,272.4599914550781,272.6000061035156,267.9800109863281,268.1000061035156,266.20782470703125,3192700,USD,NYQ,America/New_York,Yahoo Finance
MCD,2026-08-26,268.5,269.05999755859375,266.1099853515625,266.92999267578125,265.04608154296875,4182300,USD,NYQ,America/New_York,Yahoo Finance
MCD,2026-08-27,265.489990234375,265.7300109863281,259.8500061035156,260.05999755859375,258.2245788574219,5980400,USD,NYQ,America/New_York,Yahoo Finance
MCD,2026-08-28,261.3299865722656,265.1000061035156,260.32000732421875,265.0,263.12969970703125,3887300,USD,NYQ,America/New_York,Yahoo Finance
MCD,2026-08-31,265.0,266.07000732421875,263.3900146484375,263.5400085449219,261.6800231933594,5244100,USD,NYQ,America/New_York,Yahoo Finance
MCD,2026-09-01,262.75,264.5,260.739990234375,261.1099853515625,261.1099853515625,3701000,USD,NYQ,America/New_York,Yahoo Finance
MCD,2026-09-02,261.9599914550781,262.7799987792969,260.17999267578125,260.95001220703125,260.95001220703125,5106800,USD,NYQ,America/New_York,Yahoo Finance
MCD,2026-09-03,261.57000732421875,262.0899963378906,256.1199951171875,259.6300048828125,259.6300048828125,4576000,USD,NYQ,America/New_York,Yahoo Finance
MCD,2026-09-04,258.010009765625,258.5,255.49000549316406,255.69000244140625,255.69000244140625,4225500,USD,NYQ,America/New_York,Yahoo Finance
MCD,2026-09-08,254.38999938964844,256.80999755859375,254.27999877929688,255.80999755859375,255.80999755859375,4197600,USD,NYQ,America/New_York,Yahoo Finance
MCD,2026-09-09,255.5,256.5,253.35000610351562,253.47999572753906,253.47999572753906,4434000,USD,NYQ,America/New_York,Yahoo Finance
MCD,2026-09-10,255.0399932861328,255.55999755859375,252.5399932861328,253.0500030517578,253.0500030517578,4345400,USD,NYQ,America/New_York,Yahoo Finance
MCD,2026-09-11,253.97999572753906,254.72999572753906,252.14999389648438,252.52999877929688,252.52999877929688,4096800,USD,NYQ,America/New_York,Yahoo Finance
MCD,2026-09-14,254.27999877929688,258.45001220703125,254.27999877929688,257.489990234375,257.489990234375,4165000,USD,NYQ,America/New_York,Yahoo Finance
MCD,2026-09-15,257.7799987792969,257.7799987792969,252.6999969482422,252.77999877929688,252.77999877929688,4783500,USD,NYQ,America/New_York,Yahoo Finance
MCD,2026-09-16,252.25999450683594,253.16000366210938,247.8300018310547,248.55999755859375,248.55999755859375,7134200,USD,NYQ,America/New_York,Yahoo Finance
MCD,2026-09-17,250.3000030517578,250.60000610351562,248.10000610351562,248.47999572753906,248.47999572753906,4941900,USD,NYQ,America/New_York,Yahoo Finance
MCD,2026-09-18,248.27000427246094,250.4499969482422,247.64999389648438,248.24000549316406,248.24000549316406,9577400,USD,NYQ,America/New_York,Yahoo Finance
MCD,2026-09-21,249.41000366210938,250.3800048828125,246.52000427246094,247.8800048828125,247.8800048828125,6334600,USD,NYQ,America/New_York,Yahoo Finance
MCD,2026-09-22,250.67999267578125,252.05999755859375,249.3699951171875,250.35000610351562,250.35000610351562,5016800,USD,NYQ,America/New_York,Yahoo Finance
MCD,2026-09-23,250.2899932861328,250.32000732421875,234.02999877929688,238.32000732421875,238.32000732421875,16605700,USD,NYQ,America/New_York,Yahoo Finance
MCD,2026-09-24,239.6999969482422,242.55999755859375,237.02000427246094,237.02000427246094,237.02000427246094,7387500,USD,NYQ,America/New_York,Yahoo Finance
MCD,2026-09-25,236.77999877929688,238.0,235.2899932861328,236.5,236.5,6530000,USD,NYQ,America/New_York,Yahoo Finance
MCD,2026-09-28,235.74000549316406,237.47999572753906,233.22999572753906,233.60000610351562,233.60000610351562,5330000,USD,NYQ,America/New_York,Yahoo Finance
MDU,2026-08-17,20.59000015258789,20.65999984741211,20.489999771118164,20.56999969482422,20.41774559020996,962900,USD,NYQ,America/New_York,Yahoo Finance
MDU,2026-08-18,20.760000228881836,20.780000686645508,20.43000030517578,20.440000534057617,20.288707733154297,1788200,USD,NYQ,America/New_York,Yahoo Finance
MDU,2026-08-19,20.56999969482422,20.670000076293945,20.3799991607666,20.5,20.348264694213867,1348300,USD,NYQ,America/New_York,Yahoo Finance
MDU,2026-08-20,20.469999313354492,20.700000762939453,20.270000457763672,20.309999465942383,20.159669876098633,1023400,USD,NYQ,America/New_York,Yahoo Finance
MDU,2026-08-21,20.489999771118164,20.489999771118164,19.8799991607666,19.950000762939453,19.802335739135742,1529200,USD,NYQ,America/New_York,Yahoo Finance
MDU,2026-08-24,19.979999542236328,20.079999923706055,19.90999984741211,19.959999084472656,19.812259674072266,1142300,USD,NYQ,America/New_York,Yahoo Finance
MDU,2026-08-25,19.989999771118164,20.09000015258789,19.809999465942383,19.979999542236328,19.832111358642578,992200,USD,NYQ,America/New_York,Yahoo Finance
MDU,2026-08-26,20.049999237060547,20.299999237060547,20.049999237060547,20.290000915527344,20.13981819152832,1310100,USD,NYQ,America/New_York,Yahoo Finance
MDU,2026-08-27,20.110000610351562,20.280000686645508,19.979999542236328,20.18000030517578,20.03063201904297,1328800,USD,NYQ,America/New_York,Yahoo Finance
MDU,2026-08-28,20.25,20.3700008392334,19.690000534057617,19.790000915527344,19.64352035522461,1181200,USD,NYQ,America/New_York,Yahoo Finance
MDU,2026-08-31,19.719999313354492,20.020000457763672,19.579999923706055,19.920000076293945,19.77255630493164,1910700,USD,NYQ,America/New_York,Yahoo Finance
MDU,2026-09-01,19.979999542236328,20.100000381469727,19.799999237060547,19.950000762939453,19.802335739135742,1356600,USD,NYQ,America/New_York,Yahoo Finance
MDU,2026-09-02,19.950000762939453,19.979999542236328,19.709999084472656,19.809999465942383,19.66337013244629,1334300,USD,NYQ,America/New_York,Yahoo Finance
MDU,2026-09-03,19.829999923706055,19.920000076293945,19.65999984741211,19.729999542236328,19.58396339416504,3190400,USD,NYQ,America/New_York,Yahoo Finance
MDU,2026-09-04,19.6299991607666,19.809999465942383,19.549999237060547,19.56999969482422,19.425148010253906,1883100,USD,NYQ,America/New_York,Yahoo Finance
MDU,2026-09-08,19.59000015258789,19.979999542236328,19.59000015258789,19.84000015258789,19.69314956665039,2066400,USD,NYQ,America/New_York,Yahoo Finance
MDU,2026-09-09,20.040000915527344,20.110000610351562,19.549999237060547,19.59000015258789,19.44499969482422,1362500,USD,NYQ,America/New_York,Yahoo Finance
MDU,2026-09-10,19.5,19.559999465942383,19.15999984741211,19.239999771118164,19.239999771118164,1314900,USD,NYQ,America/New_York,Yahoo Finance
MDU,2026-09-11,19.389999389648438,19.420000076293945,19.09000015258789,19.200000762939453,19.200000762939453,1485700,USD,NYQ,America/New_York,Yahoo Finance
MDU,2026-09-14,19.1200008392334,19.219999313354492,18.68000030517578,18.719999313354492,18.719999313354492,2394200,USD,NYQ,America/New_York,Yahoo Finance
MDU,2026-09-15,19.040000915527344,19.040000915527344,18.469999313354492,18.59000015258789,18.59000015258789,2160000,USD,NYQ,America/New_York,Yahoo Finance
MDU,2026-09-16,18.979999542236328,18.979999542236328,18.549999237060547,18.649999618530273,18.649999618530273,1577400,USD,NYQ,America/New_York,Yahoo Finance
MDU,2026-09-17,18.760000228881836,18.8700008392334,18.59000015258789,18.719999313354492,18.719999313354492,1778100,USD,NYQ,America/New_York,Yahoo Finance
MDU,2026-09-18,18.6299991607666,18.729999542236328,18.520000457763672,18.559999465942383,18.559999465942383,5721900,USD,NYQ,America/New_York,Yahoo Finance
MDU,2026-09-21,18.56999969482422,18.780000686645508,18.530000686645508,18.559999465942383,18.559999465942383,1315300,USD,NYQ,America/New_York,Yahoo Finance
MDU,2026-09-22,18.6299991607666,18.729999542236328,18.479999542236328,18.559999465942383,18.559999465942383,1724300,USD,NYQ,America/New_York,Yahoo Finance
MDU,2026-09-23,18.459999084472656,18.510000228881836,18.25,18.389999389648438,18.389999389648438,1528100,USD,NYQ,America/New_York,Yahoo Finance
MDU,2026-09-24,18.450000762939453,18.690000534057617,18.329999923706055,18.639999389648438,18.639999389648438,2706100,USD,NYQ,America/New_York,Yahoo Finance
MDU,2026-09-25,18.450000762939453,18.8700008392334,18.450000762939453,18.760000228881836,18.760000228881836,1827500,USD,NYQ,America/New_York,Yahoo Finance
MDU,2026-09-28,18.81999969482422,18.81999969482422,18.270000457763672,18.530000686645508,18.530000686645508,2459400,USD,NYQ,America/New_York,Yahoo Finance
MIAX,2026-08-17,43.33000183105469,43.75,42.2400016784668,42.40999984741211,42.40999984741211,843600,USD,NYQ,America/New_York,Yahoo Finance
MIAX,2026-08-18,42.86000061035156,43.040000915527344,41.849998474121094,41.90999984741211,41.90999984741211,697100,USD,NYQ,America/New_York,Yahoo Finance
MIAX,2026-08-19,41.779998779296875,42.65999984741211,38.709999084472656,40.599998474121094,40.599998474121094,2031500,USD,NYQ,America/New_York,Yahoo Finance
MIAX,2026-08-20,41.0,42.38999938964844,40.88999938964844,41.31999969482422,41.31999969482422,1402200,USD,NYQ,America/New_York,Yahoo Finance
MIAX,2026-08-21,41.619998931884766,43.54499816894531,41.29999923706055,42.59000015258789,42.59000015258789,1120800,USD,NYQ,America/New_York,Yahoo Finance
MIAX,2026-08-24,42.599998474121094,44.04999923706055,42.4370002746582,44.029998779296875,44.029998779296875,826800,USD,NYQ,America/New_York,Yahoo Finance
MIAX,2026-08-25,44.560001373291016,44.560001373291016,43.61000061035156,44.34000015258789,44.34000015258789,775400,USD,NYQ,America/New_York,Yahoo Finance
MIAX,2026-08-26,44.119998931884766,44.76499938964844,42.255001068115234,43.38999938964844,43.38999938964844,1349000,USD,NYQ,America/New_York,Yahoo Finance
MIAX,2026-08-27,43.36000061035156,44.15999984741211,43.029998779296875,44.04999923706055,44.04999923706055,964400,USD,NYQ,America/New_York,Yahoo Finance
MIAX,2026-08-28,44.04999923706055,44.2599983215332,42.970001220703125,43.0,43.0,921100,USD,NYQ,America/New_York,Yahoo Finance
MIAX,2026-08-31,42.63999938964844,43.25,42.130001068115234,42.869998931884766,42.869998931884766,2296400,USD,NYQ,America/New_York,Yahoo Finance
MIAX,2026-09-01,41.25,43.150001525878906,41.060001373291016,42.11000061035156,42.11000061035156,1359600,USD,NYQ,America/New_York,Yahoo Finance
MIAX,2026-09-02,42.22999954223633,42.22999954223633,39.65999984741211,40.619998931884766,40.619998931884766,2303500,USD,NYQ,America/New_York,Yahoo Finance
MIAX,2026-09-03,41.279998779296875,43.25,41.150001525878906,42.709999084472656,42.709999084472656,1956700,USD,NYQ,America/New_York,Yahoo Finance
MIAX,2026-09-04,41.779998779296875,42.61000061035156,41.779998779296875,42.38999938964844,42.38999938964844,829500,USD,NYQ,America/New_York,Yahoo Finance
MIAX,2026-09-08,42.31999969482422,44.22999954223633,42.119998931884766,43.459999084472656,43.459999084472656,1483700,USD,NYQ,America/New_York,Yahoo Finance
MIAX,2026-09-09,43.5099983215332,43.814998626708984,42.790000915527344,42.88999938964844,42.88999938964844,1189200,USD,NYQ,America/New_York,Yahoo Finance
MIAX,2026-09-10,43.04999923706055,43.5,42.05500030517578,42.540000915527344,42.540000915527344,801200,USD,NYQ,America/New_York,Yahoo Finance
MIAX,2026-09-11,43.02000045776367,43.02000045776367,40.880001068115234,41.470001220703125,41.470001220703125,1421500,USD,NYQ,America/New_York,Yahoo Finance
MIAX,2026-09-14,41.900001525878906,42.85499954223633,41.4900016784668,41.77000045776367,41.77000045776367,978600,USD,NYQ,America/New_York,Yahoo Finance
MIAX,2026-09-15,41.47999954223633,41.584999084472656,39.189998626708984,39.5099983215332,39.5099983215332,1401200,USD,NYQ,America/New_York,Yahoo Finance
MIAX,2026-09-16,39.40999984741211,39.66999816894531,37.83000183105469,38.040000915527344,38.040000915527344,1901600,USD,NYQ,America/New_York,Yahoo Finance
MIAX,2026-09-17,38.470001220703125,38.470001220703125,37.58000183105469,37.65999984741211,37.65999984741211,1448100,USD,NYQ,America/New_York,Yahoo Finance
MIAX,2026-09-18,37.63999938964844,39.189998626708984,37.400001525878906,38.790000915527344,38.790000915527344,6901200,USD,NYQ,America/New_York,Yahoo Finance
MIAX,2026-09-21,39.72999954223633,39.72999954223633,37.584999084472656,37.84000015258789,37.84000015258789,1152400,USD,NYQ,America/New_York,Yahoo Finance
MIAX,2026-09-22,38.09000015258789,38.224998474121094,36.61000061035156,36.7599983215332,36.7599983215332,1393500,USD,NYQ,America/New_York,Yahoo Finance
MIAX,2026-09-23,36.5,37.08000183105469,35.83000183105469,35.88999938964844,35.88999938964844,1164400,USD,NYQ,America/New_York,Yahoo Finance
MIAX,2026-09-24,36.0099983215332,36.165000915527344,35.33000183105469,35.63999938964844,35.63999938964844,1323000,USD,NYQ,America/New_York,Yahoo Finance
MIAX,2026-09-25,35.56999969482422,35.88999938964844,34.529998779296875,34.900001525878906,34.900001525878906,1589300,USD,NYQ,America/New_York,Yahoo Finance
MIAX,2026-09-28,34.619998931884766,34.650001525878906,33.7400016784668,33.90999984741211,33.90999984741211,1446600,USD,NYQ,America/New_York,Yahoo Finance
MNTN,2026-08-17,12.399999618530273,12.489999771118164,12.0,12.460000038146973,12.460000038146973,993800,USD,NYQ,America/New_York,Yahoo Finance
MNTN,2026-08-18,12.630000114440918,13.300000190734863,12.489999771118164,12.5,12.5,1901000,USD,NYQ,America/New_York,Yahoo Finance
MNTN,2026-08-19,12.5600004196167,12.979999542236328,12.470000267028809,12.819999694824219,12.819999694824219,806500,USD,NYQ,America/New_York,Yahoo Finance
MNTN,2026-08-20,12.90999984741211,12.989999771118164,12.520000457763672,12.670000076293945,12.670000076293945,897000,USD,NYQ,America/New_York,Yahoo Finance
MNTN,2026-08-21,12.699999809265137,12.984999656677246,12.5,12.899999618530273,12.899999618530273,612200,USD,NYQ,America/New_York,Yahoo Finance
MNTN,2026-08-24,12.90999984741211,13.279999732971191,12.649999618530273,12.930000305175781,12.930000305175781,922800,USD,NYQ,America/New_York,Yahoo Finance
MNTN,2026-08-25,12.920000076293945,13.329999923706055,12.8100004196167,13.220000267028809,13.220000267028809,731300,USD,NYQ,America/New_York,Yahoo Finance
MNTN,2026-08-26,13.050000190734863,13.279999732971191,12.399999618530273,13.050000190734863,13.050000190734863,1055300,USD,NYQ,America/New_York,Yahoo Finance
MNTN,2026-08-27,13.270000457763672,13.4399995803833,12.600000381469727,12.600000381469727,12.600000381469727,825700,USD,NYQ,America/New_York,Yahoo Finance
MNTN,2026-08-28,12.819999694824219,13.390000343322754,12.729999542236328,13.229999542236328,13.229999542236328,846000,USD,NYQ,America/New_York,Yahoo Finance
MNTN,2026-08-31,13.09000015258789,13.34000015258789,12.989999771118164,13.149999618530273,13.149999618530273,1134300,USD,NYQ,America/New_York,Yahoo Finance
MNTN,2026-09-01,12.880000114440918,13.100000381469727,12.369999885559082,12.390000343322754,12.390000343322754,530800,USD,NYQ,America/New_York,Yahoo Finance
MNTN,2026-09-02,12.489999771118164,13.369999885559082,12.390000343322754,13.130000114440918,13.130000114440918,904900,USD,NYQ,America/New_York,Yahoo Finance
MNTN,2026-09-03,13.40999984741211,13.65999984741211,13.149999618530273,13.460000038146973,13.460000038146973,658800,USD,NYQ,America/New_York,Yahoo Finance
MNTN,2026-09-04,13.319999694824219,13.319999694824219,12.8100004196167,12.949999809265137,12.949999809265137,445500,USD,NYQ,America/New_York,Yahoo Finance
MNTN,2026-09-08,12.859999656677246,13.069999694824219,12.350000381469727,12.8100004196167,12.8100004196167,652800,USD,NYQ,America/New_York,Yahoo Finance
MNTN,2026-09-09,12.619999885559082,12.71500015258789,11.6899995803833,11.84000015258789,11.84000015258789,775300,USD,NYQ,America/New_York,Yahoo Finance
MNTN,2026-09-10,11.800000190734863,12.140000343322754,11.602999687194824,11.670000076293945,11.670000076293945,657700,USD,NYQ,America/New_York,Yahoo Finance
MNTN,2026-09-11,11.829999923706055,12.0600004196167,11.690999984741211,11.829999923706055,11.829999923706055,1110900,USD,NYQ,America/New_York,Yahoo Finance
MNTN,2026-09-14,11.890000343322754,12.262999534606934,11.890000343322754,11.960000038146973,11.960000038146973,527600,USD,NYQ,America/New_York,Yahoo Finance
MNTN,2026-09-15,11.819999694824219,11.949999809265137,11.6899995803833,11.760000228881836,11.760000228881836,430000,USD,NYQ,America/New_York,Yahoo Finance
MNTN,2026-09-16,11.699999809265137,11.878000259399414,11.380000114440918,11.529999732971191,11.529999732971191,460500,USD,NYQ,America/New_York,Yahoo Finance
MNTN,2026-09-17,11.755000114440918,11.755000114440918,11.319999694824219,11.329999923706055,11.329999923706055,590800,USD,NYQ,America/New_York,Yahoo Finance
MNTN,2026-09-18,11.359999656677246,11.460000038146973,11.07800006866455,11.289999961853027,11.289999961853027,2418200,USD,NYQ,America/New_York,Yahoo Finance
MNTN,2026-09-21,11.430000305175781,11.479999542236328,11.0600004196167,11.359999656677246,11.359999656677246,511800,USD,NYQ,America/New_York,Yahoo Finance
MNTN,2026-09-22,11.609999656677246,11.640000343322754,11.125,11.210000038146973,11.210000038146973,428500,USD,NYQ,America/New_York,Yahoo Finance
MNTN,2026-09-23,11.039999961853027,11.270000457763672,10.520000457763672,10.5600004196167,10.5600004196167,679900,USD,NYQ,America/New_York,Yahoo Finance
MNTN,2026-09-24,10.600000381469727,10.930000305175781,10.59000015258789,10.90999984741211,10.90999984741211,526100,USD,NYQ,America/New_York,Yahoo Finance
MNTN,2026-09-25,10.789999961853027,11.180000305175781,10.75,11.010000228881836,11.010000228881836,370300,USD,NYQ,America/New_York,Yahoo Finance
MNTN,2026-09-28,10.949999809265137,10.949999809265137,10.005000114440918,10.1899995803833,10.1899995803833,1487500,USD,NYQ,America/New_York,Yahoo Finance
MOH,2026-08-17,209.33999633789062,210.52999877929688,202.16000366210938,203.05999755859375,203.05999755859375,617900,USD,NYQ,America/New_York,Yahoo Finance
MOH,2026-08-18,203.16000366210938,207.86000061035156,203.16000366210938,203.61000061035156,203.61000061035156,530700,USD,NYQ,America/New_York,Yahoo Finance
MOH,2026-08-19,204.00999450683594,206.08999633789062,199.6999969482422,201.1699981689453,201.1699981689453,461600,USD,NYQ,America/New_York,Yahoo Finance
MOH,2026-08-20,200.1300048828125,202.47000122070312,196.8000030517578,196.94000244140625,196.94000244140625,553700,USD,NYQ,America/New_York,Yahoo Finance
MOH,2026-08-21,197.49000549316406,203.47000122070312,197.49000549316406,200.2899932861328,200.2899932861328,759300,USD,NYQ,America/New_York,Yahoo Finance
MOH,2026-08-24,200.44000244140625,204.83999633789062,198.1999969482422,198.5,198.5,556000,USD,NYQ,America/New_York,Yahoo Finance
MOH,2026-08-25,198.64999389648438,200.9499969482422,196.5,199.6300048828125,199.6300048828125,563100,USD,NYQ,America/New_York,Yahoo Finance
MOH,2026-08-26,199.33999633789062,207.9199981689453,199.33999633789062,202.42999267578125,202.42999267578125,413400,USD,NYQ,America/New_York,Yahoo Finance
MOH,2026-08-27,200.27999877929688,203.66000366210938,198.0,198.75,198.75,423700,USD,NYQ,America/New_York,Yahoo Finance
MOH,2026-08-28,199.7100067138672,201.97000122070312,196.75,200.0,200.0,967200,USD,NYQ,America/New_York,Yahoo Finance
MOH,2026-08-31,200.1999969482422,203.7100067138672,197.47000122070312,198.77000427246094,198.77000427246094,1035200,USD,NYQ,America/New_York,Yahoo Finance
MOH,2026-09-01,199.5,205.6699981689453,198.35000610351562,203.05999755859375,203.05999755859375,618400,USD,NYQ,America/New_York,Yahoo Finance
MOH,2026-09-02,203.27000427246094,207.0,202.00999450683594,202.6199951171875,202.6199951171875,463800,USD,NYQ,America/New_York,Yahoo Finance
MOH,2026-09-03,203.39999389648438,206.75999450683594,200.60000610351562,202.91000366210938,202.91000366210938,384400,USD,NYQ,America/New_York,Yahoo Finance
MOH,2026-09-04,201.07000732421875,202.47999572753906,199.67999267578125,200.8000030517578,200.8000030517578,258300,USD,NYQ,America/New_York,Yahoo Finance
MOH,2026-09-08,198.47999572753906,198.66000366210938,195.16000366210938,196.3000030517578,196.3000030517578,397100,USD,NYQ,America/New_York,Yahoo Finance
MOH,2026-09-09,196.97000122070312,198.16000366210938,188.39999389648438,194.1300048828125,194.1300048828125,736600,USD,NYQ,America/New_York,Yahoo Finance
MOH,2026-09-10,196.19000244140625,207.5,196.19000244140625,200.27999877929688,200.27999877929688,1006800,USD,NYQ,America/New_York,Yahoo Finance
MOH,2026-09-11,202.32000732421875,204.77000427246094,199.52999877929688,204.22999572753906,204.22999572753906,503000,USD,NYQ,America/New_York,Yahoo Finance
MOH,2026-09-14,206.0,214.36000061035156,206.0,214.07000732421875,214.07000732421875,678200,USD,NYQ,America/New_York,Yahoo Finance
MOH,2026-09-15,211.3300018310547,212.9499969482422,206.72999572753906,206.99000549316406,206.99000549316406,445000,USD,NYQ,America/New_York,Yahoo Finance
MOH,2026-09-16,207.00999450683594,208.0,201.66000366210938,202.22000122070312,202.22000122070312,529000,USD,NYQ,America/New_York,Yahoo Finance
MOH,2026-09-17,203.0,209.42999267578125,202.22000122070312,205.08999633789062,205.08999633789062,508700,USD,NYQ,America/New_York,Yahoo Finance
MOH,2026-09-18,205.4600067138672,205.7899932861328,200.5800018310547,200.7899932861328,200.7899932861328,860000,USD,NYQ,America/New_York,Yahoo Finance
MOH,2026-09-21,201.0,202.7899932861328,197.05999755859375,197.8000030517578,197.8000030517578,640900,USD,NYQ,America/New_York,Yahoo Finance
MOH,2026-09-22,199.3699951171875,199.77000427246094,190.44000244140625,191.19000244140625,191.19000244140625,525500,USD,NYQ,America/New_York,Yahoo Finance
MOH,2026-09-23,190.4499969482422,191.97999572753906,185.8000030517578,189.3699951171875,189.3699951171875,647500,USD,NYQ,America/New_York,Yahoo Finance
MOH,2026-09-24,190.1300048828125,194.74000549316406,188.02000427246094,193.30999755859375,193.30999755859375,559900,USD,NYQ,America/New_York,Yahoo Finance
MOH,2026-09-25,193.58999633789062,195.80999755859375,189.32000732421875,190.86000061035156,190.86000061035156,676400,USD,NYQ,America/New_York,Yahoo Finance
MOH,2026-09-28,191.0,192.0500030517578,187.16000366210938,189.63999938964844,189.63999938964844,555800,USD,NYQ,America/New_York,Yahoo Finance
MPLX,2026-08-17,59.29999923706055,59.7400016784668,59.0,59.08000183105469,59.08000183105469,1105500,USD,NYQ,America/New_York,Yahoo Finance
MPLX,2026-08-18,59.33000183105469,59.88999938964844,59.18000030517578,59.36000061035156,59.36000061035156,1158000,USD,NYQ,America/New_York,Yahoo Finance
MPLX,2026-08-19,59.459999084472656,59.650001525878906,58.59000015258789,58.689998626708984,58.689998626708984,1140900,USD,NYQ,America/New_York,Yahoo Finance
MPLX,2026-08-20,58.79999923706055,59.2599983215332,58.54999923706055,58.599998474121094,58.599998474121094,633600,USD,NYQ,America/New_York,Yahoo Finance
MPLX,2026-08-21,58.4900016784668,58.95000076293945,57.650001525878906,58.40999984741211,58.40999984741211,1713900,USD,NYQ,America/New_York,Yahoo Finance
MPLX,2026-08-24,58.47999954223633,58.75,58.189998626708984,58.459999084472656,58.459999084472656,665500,USD,NYQ,America/New_York,Yahoo Finance
MPLX,2026-08-25,58.470001220703125,58.70000076293945,58.11000061035156,58.36000061035156,58.36000061035156,1282900,USD,NYQ,America/New_York,Yahoo Finance
MPLX,2026-08-26,58.25,59.43000030517578,58.25,59.31999969482422,59.31999969482422,802600,USD,NYQ,America/New_York,Yahoo Finance
MPLX,2026-08-27,59.45000076293945,59.720001220703125,58.59000015258789,59.5099983215332,59.5099983215332,1007100,USD,NYQ,America/New_York,Yahoo Finance
MPLX,2026-08-28,59.25,59.75,59.22999954223633,59.25,59.25,675800,USD,NYQ,America/New_York,Yahoo Finance
MPLX,2026-08-31,59.349998474121094,59.540000915527344,58.959999084472656,59.16999816894531,59.16999816894531,1406000,USD,NYQ,America/New_York,Yahoo Finance
MPLX,2026-09-01,59.220001220703125,59.72999954223633,58.86000061035156,59.09000015258789,59.09000015258789,1268900,USD,NYQ,America/New_York,Yahoo Finance
MPLX,2026-09-02,59.369998931884766,59.650001525878906,58.779998779296875,58.9900016784668,58.9900016784668,1281700,USD,NYQ,America/New_York,Yahoo Finance
MPLX,2026-09-03,59.33000183105469,60.040000915527344,59.040000915527344,59.34000015258789,59.34000015258789,1230500,USD,NYQ,America/New_York,Yahoo Finance
MPLX,2026-09-04,59.279998779296875,59.77000045776367,58.939998626708984,59.66999816894531,59.66999816894531,1007400,USD,NYQ,America/New_York,Yahoo Finance
MPLX,2026-09-08,59.81999969482422,60.290000915527344,59.130001068115234,59.83000183105469,59.83000183105469,1426200,USD,NYQ,America/New_York,Yahoo Finance
MPLX,2026-09-09,60.2400016784668,60.38999938964844,59.90999984741211,60.22999954223633,60.22999954223633,1125300,USD,NYQ,America/New_York,Yahoo Finance
MPLX,2026-09-10,60.150001525878906,60.209999084472656,59.41999816894531,59.630001068115234,59.630001068115234,1079000,USD,NYQ,America/New_York,Yahoo Finance
MPLX,2026-09-11,59.68000030517578,60.209999084472656,59.59000015258789,59.84000015258789,59.84000015258789,666800,USD,NYQ,America/New_York,Yahoo Finance
MPLX,2026-09-14,60.040000915527344,60.09000015258789,58.529998779296875,58.88999938964844,58.88999938964844,1781100,USD,NYQ,America/New_York,Yahoo Finance
MPLX,2026-09-15,58.90999984741211,59.20000076293945,58.31999969482422,58.41999816894531,58.41999816894531,1428800,USD,NYQ,America/New_York,Yahoo Finance
MPLX,2026-09-16,58.7599983215332,58.84000015258789,57.36000061035156,57.93000030517578,57.93000030517578,1762000,USD,NYQ,America/New_York,Yahoo Finance
MPLX,2026-09-17,58.22999954223633,59.0,58.209999084472656,58.619998931884766,58.619998931884766,942100,USD,NYQ,America/New_York,Yahoo Finance
MPLX,2026-09-18,58.689998626708984,59.54999923706055,58.529998779296875,59.439998626708984,59.439998626708984,2487500,USD,NYQ,America/New_York,Yahoo Finance
MPLX,2026-09-21,59.400001525878906,59.599998474121094,58.83000183105469,59.09000015258789,59.09000015258789,1043400,USD,NYQ,America/New_York,Yahoo Finance
MPLX,2026-09-22,58.709999084472656,60.040000915527344,58.70000076293945,59.15999984741211,59.15999984741211,1720200,USD,NYQ,America/New_York,Yahoo Finance
MPLX,2026-09-23,59.25,59.81999969482422,58.33000183105469,58.810001373291016,58.810001373291016,1234100,USD,NYQ,America/New_York,Yahoo Finance
MPLX,2026-09-24,58.9900016784668,59.08000183105469,57.91999816894531,57.97999954223633,57.97999954223633,1190500,USD,NYQ,America/New_York,Yahoo Finance
MPLX,2026-09-25,57.86000061035156,57.95000076293945,56.66999816894531,56.79999923706055,56.79999923706055,2129000,USD,NYQ,America/New_York,Yahoo Finance
MPLX,2026-09-28,56.83000183105469,57.849998474121094,56.02000045776367,57.65999984741211,57.65999984741211,1678200,USD,NYQ,America/New_York,Yahoo Finance
MRK,2026-08-17,134.9499969482422,137.1699981689453,134.5500030517578,135.97000122070312,135.17210388183594,8477300,USD,NYQ,America/New_York,Yahoo Finance
MRK,2026-08-18,137.24000549316406,137.97999572753906,134.8800048828125,135.1699981689453,134.37680053710938,10284200,USD,NYQ,America/New_York,Yahoo Finance
MRK,2026-08-19,146.94000244140625,153.5,144.89999389648438,152.1999969482422,151.30686950683594,32776300,USD,NYQ,America/New_York,Yahoo Finance
MRK,2026-08-20,150.77999877929688,152.52000427246094,148.52000427246094,148.99000549316406,148.11570739746094,16204700,USD,NYQ,America/New_York,Yahoo Finance
MRK,2026-08-21,149.1199951171875,154.49000549316406,148.58999633789062,152.5500030517578,151.65481567382812,15976200,USD,NYQ,America/New_York,Yahoo Finance
MRK,2026-08-24,150.72000122070312,151.52000427246094,149.13999938964844,150.66000366210938,149.77590942382812,15032000,USD,NYQ,America/New_York,Yahoo Finance
MRK,2026-08-25,151.0,156.9199981689453,150.66000366210938,156.4499969482422,155.53192138671875,14005100,USD,NYQ,America/New_York,Yahoo Finance
MRK,2026-08-26,154.35000610351562,155.19000244140625,152.61000061035156,153.10000610351562,152.20159912109375,8627600,USD,NYQ,America/New_York,Yahoo Finance
MRK,2026-08-27,149.52999877929688,152.0800018310547,149.02000427246094,149.5399932861328,148.6624755859375,8522600,USD,NYQ,America/New_York,Yahoo Finance
MRK,2026-08-28,146.72000122070312,149.00999450683594,145.75,148.35000610351562,147.47946166992188,8067000,USD,NYQ,America/New_York,Yahoo Finance
MRK,2026-08-31,147.0,148.69000244140625,145.9499969482422,147.75999450683594,146.89291381835938,11124700,USD,NYQ,America/New_York,Yahoo Finance
MRK,2026-09-01,150.22999572753906,151.67999267578125,148.5500030517578,149.86000061035156,148.98060607910156,9865600,USD,NYQ,America/New_York,Yahoo Finance
MRK,2026-09-02,151.5,152.69000244140625,149.97000122070312,151.63999938964844,150.75015258789062,8969200,USD,NYQ,America/New_York,Yahoo Finance
MRK,2026-09-03,152.8000030517578,152.8000030517578,148.89999389648438,152.33999633789062,151.446044921875,6498300,USD,NYQ,America/New_York,Yahoo Finance
MRK,2026-09-04,150.8300018310547,152.22000122070312,150.08999633789062,150.3300018310547,149.44784545898438,4395400,USD,NYQ,America/New_York,Yahoo Finance
MRK,2026-09-08,148.41000366210938,149.60000610351562,146.27999877929688,148.4600067138672,147.5888214111328,11187000,USD,NYQ,America/New_York,Yahoo Finance
MRK,2026-09-09,148.9600067138672,149.41000366210938,147.17999267578125,147.52999877929688,146.66427612304688,8546000,USD,NYQ,America/New_York,Yahoo Finance
MRK,2026-09-10,147.94000244140625,148.0,144.10000610351562,144.7100067138672,143.86082458496094,7542000,USD,NYQ,America/New_York,Yahoo Finance
MRK,2026-09-11,145.52000427246094,145.89999389648438,143.67999267578125,143.92999267578125,143.08538818359375,8678200,USD,NYQ,America/New_York,Yahoo Finance
MRK,2026-09-14,146.4199981689453,147.08999633789062,144.10000610351562,144.85000610351562,144.0,7412500,USD,NYQ,America/New_York,Yahoo Finance
MRK,2026-09-15,143.85000610351562,144.14999389648438,142.32000732421875,143.7899932861328,143.7899932861328,8291600,USD,NYQ,America/New_York,Yahoo Finance
MRK,2026-09-16,143.9600067138672,144.97000122070312,143.5,144.91000366210938,144.91000366210938,7226900,USD,NYQ,America/New_York,Yahoo Finance
MRK,2026-09-17,145.74000549316406,147.64999389648438,145.32000732421875,147.14999389648438,147.14999389648438,11060600,USD,NYQ,America/New_York,Yahoo Finance
MRK,2026-09-18,147.0800018310547,147.83999633789062,145.74000549316406,146.8699951171875,146.8699951171875,31159700,USD,NYQ,America/New_York,Yahoo Finance
MRK,2026-09-21,146.7899932861328,150.49000549316406,145.60000610351562,149.5,149.5,7992700,USD,NYQ,America/New_York,Yahoo Finance
MRK,2026-09-22,148.69000244140625,153.57000732421875,148.0399932861328,150.91000366210938,150.91000366210938,11172100,USD,NYQ,America/New_York,Yahoo Finance
MRK,2026-09-23,151.32000732421875,152.00999450683594,146.88999938964844,148.0800018310547,148.0800018310547,9699700,USD,NYQ,America/New_York,Yahoo Finance
MRK,2026-09-24,148.1699981689453,151.4600067138672,147.89999389648438,147.97999572753906,147.97999572753906,10312300,USD,NYQ,America/New_York,Yahoo Finance
MRK,2026-09-25,148.05999755859375,149.97999572753906,147.47999572753906,148.77999877929688,148.77999877929688,8288800,USD,NYQ,America/New_York,Yahoo Finance
MRK,2026-09-28,147.64999389648438,149.19000244140625,146.27999877929688,148.69000244140625,148.69000244140625,7624100,USD,NYQ,America/New_York,Yahoo Finance
MSDL,2026-08-17,15.359999656677246,15.449000358581543,15.229999542236328,15.359999656677246,15.359999656677246,697000,USD,NYQ,America/New_York,Yahoo Finance
MSDL,2026-08-18,15.420000076293945,15.484999656677246,15.3100004196167,15.369999885559082,15.369999885559082,349600,USD,NYQ,America/New_York,Yahoo Finance
MSDL,2026-08-19,15.399999618530273,15.520000457763672,15.319999694824219,15.369999885559082,15.369999885559082,343600,USD,NYQ,America/New_York,Yahoo Finance
MSDL,2026-08-20,15.369999885559082,15.449999809265137,15.260000228881836,15.380000114440918,15.380000114440918,244700,USD,NYQ,America/New_York,Yahoo Finance
MSDL,2026-08-21,15.399999618530273,15.470000267028809,15.350000381469727,15.359999656677246,15.359999656677246,242900,USD,NYQ,America/New_York,Yahoo Finance
MSDL,2026-08-24,15.350000381469727,15.420000076293945,15.239999771118164,15.369999885559082,15.369999885559082,570000,USD,NYQ,America/New_York,Yahoo Finance
MSDL,2026-08-25,15.430000305175781,15.444999694824219,15.289999961853027,15.380000114440918,15.380000114440918,571700,USD,NYQ,America/New_York,Yahoo Finance
MSDL,2026-08-26,15.350000381469727,15.399999618530273,15.229999542236328,15.260000228881836,15.260000228881836,274000,USD,NYQ,America/New_York,Yahoo Finance
MSDL,2026-08-27,15.289999961853027,15.430000305175781,15.279999732971191,15.319999694824219,15.319999694824219,444100,USD,NYQ,America/New_York,Yahoo Finance
MSDL,2026-08-28,15.25,15.390000343322754,15.180000305175781,15.180000305175781,15.180000305175781,267300,USD,NYQ,America/New_York,Yahoo Finance
MSDL,2026-08-31,15.149999618530273,15.454999923706055,15.109999656677246,15.350000381469727,15.350000381469727,392000,USD,NYQ,America/New_York,Yahoo Finance
MSDL,2026-09-01,15.34000015258789,15.399999618530273,15.21500015258789,15.25,15.25,339800,USD,NYQ,America/New_York,Yahoo Finance
MSDL,2026-09-02,15.289999961853027,15.359999656677246,15.199999809265137,15.270000457763672,15.270000457763672,395300,USD,NYQ,America/New_York,Yahoo Finance
MSDL,2026-09-03,15.399999618530273,15.399999618530273,15.109999656677246,15.199999809265137,15.199999809265137,315400,USD,NYQ,America/New_York,Yahoo Finance
MSDL,2026-09-04,15.15999984741211,15.319999694824219,15.130000114440918,15.25,15.25,189400,USD,NYQ,America/New_York,Yahoo Finance
MSDL,2026-09-08,15.260000228881836,15.260000228881836,15.010000228881836,15.039999961853027,15.039999961853027,1237400,USD,NYQ,America/New_York,Yahoo Finance
MSDL,2026-09-09,15.0,15.140000343322754,14.75,14.770000457763672,14.770000457763672,395500,USD,NYQ,America/New_York,Yahoo Finance
MSDL,2026-09-10,14.75,14.84000015258789,14.555000305175781,14.640000343322754,14.640000343322754,289600,USD,NYQ,America/New_York,Yahoo Finance
MSDL,2026-09-11,14.75,14.819999694824219,14.619999885559082,14.710000038146973,14.710000038146973,283300,USD,NYQ,America/New_York,Yahoo Finance
MSDL,2026-09-14,14.649999618530273,14.859999656677246,14.649999618530273,14.710000038146973,14.710000038146973,516200,USD,NYQ,America/New_York,Yahoo Finance
MSDL,2026-09-15,14.649999618530273,14.755000114440918,14.550000190734863,14.729999542236328,14.729999542236328,424000,USD,NYQ,America/New_York,Yahoo Finance
MSDL,2026-09-16,14.729999542236328,14.800000190734863,14.524999618530273,14.720000267028809,14.720000267028809,376800,USD,NYQ,America/New_York,Yahoo Finance
MSDL,2026-09-17,14.850000381469727,15.050000190734863,14.8100004196167,14.880000114440918,14.880000114440918,303200,USD,NYQ,America/New_York,Yahoo Finance
MSDL,2026-09-18,14.829999923706055,14.904999732971191,14.609999656677246,14.630000114440918,14.630000114440918,336100,USD,NYQ,America/New_York,Yahoo Finance
MSDL,2026-09-21,14.670000076293945,14.760000228881836,14.600000381469727,14.649999618530273,14.649999618530273,198200,USD,NYQ,America/New_York,Yahoo Finance
MSDL,2026-09-22,14.84000015258789,14.84000015258789,14.600000381469727,14.640000343322754,14.640000343322754,222700,USD,NYQ,America/New_York,Yahoo Finance
MSDL,2026-09-23,14.579999923706055,14.59000015258789,14.399999618530273,14.399999618530273,14.399999618530273,295800,USD,NYQ,America/New_York,Yahoo Finance
MSDL,2026-09-24,14.449999809265137,14.675000190734863,14.279999732971191,14.329999923706055,14.329999923706055,414200,USD,NYQ,America/New_York,Yahoo Finance
MSDL,2026-09-25,14.359999656677246,14.375,14.229999542236328,14.289999961853027,14.289999961853027,516800,USD,NYQ,America/New_York,Yahoo Finance
MSDL,2026-09-28,14.229999542236328,14.25,14.069999694824219,14.15999984741211,14.15999984741211,413200,USD,NYQ,America/New_York,Yahoo Finance
MUFG,2026-08-17,22.889999389648438,23.149999618530273,22.860000610351562,23.030000686645508,23.030000686645508,3075700,USD,NYQ,America/New_York,Yahoo Finance
MUFG,2026-08-18,22.950000762939453,22.969999313354492,22.649999618530273,22.719999313354492,22.719999313354492,2030800,USD,NYQ,America/New_York,Yahoo Finance
MUFG,2026-08-19,22.329999923706055,22.329999923706055,21.489999771118164,21.559999465942383,21.559999465942383,6318200,USD,NYQ,America/New_York,Yahoo Finance
MUFG,2026-08-20,21.579999923706055,21.790000915527344,21.510000228881836,21.559999465942383,21.559999465942383,2533400,USD,NYQ,America/New_York,Yahoo Finance
MUFG,2026-08-21,22.100000381469727,22.190000534057617,21.959999084472656,22.040000915527344,22.040000915527344,1897800,USD,NYQ,America/New_York,Yahoo Finance
MUFG,2026-08-24,21.8700008392334,22.0,21.809999465942383,21.959999084472656,21.959999084472656,2120100,USD,NYQ,America/New_York,Yahoo Finance
MUFG,2026-08-25,22.100000381469727,22.25,22.030000686645508,22.229999542236328,22.229999542236328,1406000,USD,NYQ,America/New_York,Yahoo Finance
MUFG,2026-08-26,22.459999084472656,22.559999465942383,22.399999618530273,22.440000534057617,22.440000534057617,1944500,USD,NYQ,America/New_York,Yahoo Finance
MUFG,2026-08-27,22.649999618530273,22.649999618530273,22.299999237060547,22.440000534057617,22.440000534057617,2117500,USD,NYQ,America/New_York,Yahoo Finance
MUFG,2026-08-28,22.950000762939453,23.010000228881836,22.81999969482422,22.899999618530273,22.899999618530273,2693800,USD,NYQ,America/New_York,Yahoo Finance
MUFG,2026-08-31,22.93000030517578,23.049999237060547,22.719999313354492,22.75,22.75,2480100,USD,NYQ,America/New_York,Yahoo Finance
MUFG,2026-09-01,22.860000610351562,23.100000381469727,22.790000915527344,22.829999923706055,22.829999923706055,2223000,USD,NYQ,America/New_York,Yahoo Finance
MUFG,2026-09-02,23.09000015258789,23.459999084472656,23.06999969482422,23.420000076293945,23.420000076293945,2923700,USD,NYQ,America/New_York,Yahoo Finance
MUFG,2026-09-03,24.030000686645508,24.260000228881836,24.010000228881836,24.1299991607666,24.1299991607666,3725800,USD,NYQ,America/New_York,Yahoo Finance
MUFG,2026-09-04,24.020000457763672,24.190000534057617,24.020000457763672,24.09000015258789,24.09000015258789,3704000,USD,NYQ,America/New_York,Yahoo Finance
MUFG,2026-09-08,23.969999313354492,23.969999313354492,23.600000381469727,23.600000381469727,23.600000381469727,2818900,USD,NYQ,America/New_York,Yahoo Finance
MUFG,2026-09-09,23.389999389648438,23.399999618530273,23.139999389648438,23.139999389648438,23.139999389648438,2620800,USD,NYQ,America/New_York,Yahoo Finance
MUFG,2026-09-10,23.530000686645508,23.549999237060547,23.260000228881836,23.290000915527344,23.290000915527344,2871500,USD,NYQ,America/New_York,Yahoo Finance
MUFG,2026-09-11,23.899999618530273,23.979999542236328,23.739999771118164,23.889999389648438,23.889999389648438,3409700,USD,NYQ,America/New_York,Yahoo Finance
MUFG,2026-09-14,23.90999984741211,23.979999542236328,23.729999542236328,23.889999389648438,23.889999389648438,3875400,USD,NYQ,America/New_York,Yahoo Finance
MUFG,2026-09-15,23.68000030517578,23.729999542236328,23.489999771118164,23.709999084472656,23.709999084472656,2441100,USD,NYQ,America/New_York,Yahoo Finance
MUFG,2026-09-16,23.670000076293945,23.68000030517578,22.90999984741211,23.18000030517578,23.18000030517578,4462700,USD,NYQ,America/New_York,Yahoo Finance
MUFG,2026-09-17,23.540000915527344,23.6299991607666,23.3799991607666,23.5,23.5,2658500,USD,NYQ,America/New_York,Yahoo Finance
MUFG,2026-09-18,22.940000534057617,23.18000030517578,22.790000915527344,23.1299991607666,23.1299991607666,2294100,USD,NYQ,America/New_York,Yahoo Finance
MUFG,2026-09-21,23.360000610351562,23.459999084472656,23.270000457763672,23.420000076293945,23.420000076293945,2039200,USD,NYQ,America/New_York,Yahoo Finance
MUFG,2026-09-22,23.31999969482422,23.3799991607666,23.010000228881836,23.09000015258789,23.09000015258789,3000000,USD,NYQ,America/New_York,Yahoo Finance
MUFG,2026-09-23,22.8799991607666,23.010000228881836,22.770000457763672,22.81999969482422,22.81999969482422,2529000,USD,NYQ,America/New_York,Yahoo Finance
MUFG,2026-09-24,22.479999542236328,22.649999618530273,22.420000076293945,22.56999969482422,22.56999969482422,3032800,USD,NYQ,America/New_York,Yahoo Finance
MUFG,2026-09-25,23.40999984741211,23.56999969482422,23.030000686645508,23.479999542236328,23.479999542236328,2879700,USD,NYQ,America/New_York,Yahoo Finance
MUFG,2026-09-28,23.5,23.59000015258789,23.329999923706055,23.3700008392334,23.3700008392334,2251800,USD,NYQ,America/New_York,Yahoo Finance
MWA,2026-08-17,25.3799991607666,25.760000228881836,25.170000076293945,25.18000030517578,25.18000030517578,1166700,USD,NYQ,America/New_York,Yahoo Finance
MWA,2026-08-18,25.200000762939453,25.200000762939453,24.65999984741211,24.90999984741211,24.90999984741211,812100,USD,NYQ,America/New_York,Yahoo Finance
MWA,2026-08-19,24.969999313354492,25.329999923706055,24.43000030517578,25.290000915527344,25.290000915527344,1143900,USD,NYQ,America/New_York,Yahoo Finance
MWA,2026-08-20,25.020000457763672,25.31999969482422,24.90999984741211,25.1299991607666,25.1299991607666,920200,USD,NYQ,America/New_York,Yahoo Finance
MWA,2026-08-21,25.299999237060547,25.34000015258789,24.920000076293945,24.940000534057617,24.940000534057617,922700,USD,NYQ,America/New_York,Yahoo Finance
MWA,2026-08-24,25.0,25.299999237060547,24.889999389648438,25.149999618530273,25.149999618530273,1562800,USD,NYQ,America/New_York,Yahoo Finance
MWA,2026-08-25,25.399999618530273,25.399999618530273,24.790000915527344,24.940000534057617,24.940000534057617,704800,USD,NYQ,America/New_York,Yahoo Finance
MWA,2026-08-26,25.0,25.280000686645508,24.889999389648438,25.270000457763672,25.270000457763672,804100,USD,NYQ,America/New_York,Yahoo Finance
MWA,2026-08-27,25.0,25.239999771118164,24.59000015258789,24.719999313354492,24.719999313354492,1045300,USD,NYQ,America/New_York,Yahoo Finance
MWA,2026-08-28,24.75,24.90999984741211,24.229999542236328,24.3799991607666,24.3799991607666,648200,USD,NYQ,America/New_York,Yahoo Finance
MWA,2026-08-31,24.25,24.549999237060547,24.040000915527344,24.139999389648438,24.139999389648438,898500,USD,NYQ,America/New_York,Yahoo Finance
MWA,2026-09-01,23.93000030517578,24.100000381469727,23.540000915527344,23.56999969482422,23.56999969482422,896500,USD,NYQ,America/New_York,Yahoo Finance
MWA,2026-09-02,23.59000015258789,24.059999465942383,23.489999771118164,23.81999969482422,23.81999969482422,1134400,USD,NYQ,America/New_York,Yahoo Finance
MWA,2026-09-03,23.979999542236328,24.219999313354492,23.809999465942383,23.899999618530273,23.899999618530273,1045000,USD,NYQ,America/New_York,Yahoo Finance
MWA,2026-09-04,23.93000030517578,24.18000030517578,23.899999618530273,23.950000762939453,23.950000762939453,858700,USD,NYQ,America/New_York,Yahoo Finance
MWA,2026-09-08,23.989999771118164,24.040000915527344,23.75,23.760000228881836,23.760000228881836,865900,USD,NYQ,America/New_York,Yahoo Finance
MWA,2026-09-09,23.6200008392334,24.100000381469727,23.59000015258789,23.989999771118164,23.989999771118164,1547000,USD,NYQ,America/New_York,Yahoo Finance
MWA,2026-09-10,23.780000686645508,23.8799991607666,23.350000381469727,23.690000534057617,23.690000534057617,1214700,USD,NYQ,America/New_York,Yahoo Finance
MWA,2026-09-11,24.020000457763672,24.09000015258789,23.770000457763672,23.940000534057617,23.940000534057617,1249300,USD,NYQ,America/New_York,Yahoo Finance
MWA,2026-09-14,23.739999771118164,23.84000015258789,22.979999542236328,23.079999923706055,23.079999923706055,1462700,USD,NYQ,America/New_York,Yahoo Finance
MWA,2026-09-15,23.229999542236328,23.239999771118164,22.68000030517578,22.809999465942383,22.809999465942383,1602600,USD,NYQ,America/New_York,Yahoo Finance
MWA,2026-09-16,23.020000457763672,23.09000015258789,22.600000381469727,22.739999771118164,22.739999771118164,1440400,USD,NYQ,America/New_York,Yahoo Finance
MWA,2026-09-17,22.389999389648438,22.450000762939453,21.770000457763672,21.850000381469727,21.850000381469727,1578900,USD,NYQ,America/New_York,Yahoo Finance
MWA,2026-09-18,21.850000381469727,21.979999542236328,21.68000030517578,21.899999618530273,21.899999618530273,5011200,USD,NYQ,America/New_York,Yahoo Finance
MWA,2026-09-21,22.010000228881836,22.079999923706055,21.75,21.90999984741211,21.90999984741211,1377500,USD,NYQ,America/New_York,Yahoo Finance
MWA,2026-09-22,22.209999084472656,22.290000915527344,21.920000076293945,22.020000457763672,22.020000457763672,1400600,USD,NYQ,America/New_York,Yahoo Finance
MWA,2026-09-23,21.90999984741211,22.010000228881836,21.709999084472656,21.719999313354492,21.719999313354492,1076200,USD,NYQ,America/New_York,Yahoo Finance
MWA,2026-09-24,21.68000030517578,21.75,21.329999923706055,21.469999313354492,21.469999313354492,1367400,USD,NYQ,America/New_York,Yahoo Finance
MWA,2026-09-25,21.540000915527344,21.719999313354492,21.450000762939453,21.6299991607666,21.6299991607666,1191300,USD,NYQ,America/New_York,Yahoo Finance
MWA,2026-09-28,21.579999923706055,21.739999771118164,21.350000381469727,21.639999389648438,21.639999389648438,1161600,USD,NYQ,America/New_York,Yahoo Finance
NEOG,2026-08-17,11.489999771118164,11.880000114440918,11.430000305175781,11.869999885559082,11.869999885559082,1594100,USD,NMS,America/New_York,Yahoo Finance
NEOG,2026-08-18,11.789999961853027,11.899999618530273,11.489999771118164,11.569999694824219,11.569999694824219,1433200,USD,NMS,America/New_York,Yahoo Finance
NEOG,2026-08-19,11.75,12.260000228881836,11.600000381469727,12.149999618530273,12.149999618530273,2055800,USD,NMS,America/New_York,Yahoo Finance
NEOG,2026-08-20,11.989999771118164,12.149999618530273,11.729999542236328,11.829999923706055,11.829999923706055,1366700,USD,NMS,America/New_York,Yahoo Finance
NEOG,2026-08-21,11.920000076293945,11.989999771118164,11.680000305175781,11.949999809265137,11.949999809265137,1212600,USD,NMS,America/New_York,Yahoo Finance
NEOG,2026-08-24,11.930000305175781,12.0,11.550000190734863,11.600000381469727,11.600000381469727,1432900,USD,NMS,America/New_York,Yahoo Finance
NEOG,2026-08-25,11.65999984741211,11.680000305175781,11.449999809265137,11.640000343322754,11.640000343322754,1047800,USD,NMS,America/New_York,Yahoo Finance
NEOG,2026-08-26,12.180000305175781,12.180000305175781,11.65999984741211,11.699999809265137,11.699999809265137,1415600,USD,NMS,America/New_York,Yahoo Finance
NEOG,2026-08-27,11.600000381469727,11.890000343322754,11.550000190734863,11.739999771118164,11.739999771118164,1372000,USD,NMS,America/New_York,Yahoo Finance
NEOG,2026-08-28,11.739999771118164,11.789999961853027,11.430000305175781,11.65999984741211,11.65999984741211,1307000,USD,NMS,America/New_York,Yahoo Finance
NEOG,2026-08-31,11.59000015258789,11.619999885559082,11.460000038146973,11.5600004196167,11.5600004196167,1666700,USD,NMS,America/New_York,Yahoo Finance
NEOG,2026-09-01,11.699999809265137,11.720000267028809,11.399999618530273,11.640000343322754,11.640000343322754,2019200,USD,NMS,America/New_York,Yahoo Finance
NEOG,2026-09-02,11.710000038146973,12.039999961853027,11.609999656677246,11.8100004196167,11.8100004196167,2179800,USD,NMS,America/New_York,Yahoo Finance
NEOG,2026-09-03,11.970000267028809,12.039999961853027,11.520000457763672,11.640000343322754,11.640000343322754,1492500,USD,NMS,America/New_York,Yahoo Finance
NEOG,2026-09-04,11.470000267028809,11.850000381469727,11.369999885559082,11.829999923706055,11.829999923706055,1263000,USD,NMS,America/New_York,Yahoo Finance
NEOG,2026-09-08,11.9399995803833,12.359999656677246,11.789999961853027,11.890000343322754,11.890000343322754,2922100,USD,NMS,America/New_York,Yahoo Finance
NEOG,2026-09-09,12.09000015258789,12.180000305175781,11.75,11.920000076293945,11.920000076293945,6160600,USD,NMS,America/New_York,Yahoo Finance
NEOG,2026-09-10,11.710000038146973,11.869999885559082,11.579999923706055,11.770000457763672,11.770000457763672,2073000,USD,NMS,America/New_York,Yahoo Finance
NEOG,2026-09-11,11.9399995803833,11.979999542236328,11.680000305175781,11.779999732971191,11.779999732971191,1666300,USD,NMS,America/New_York,Yahoo Finance
NEOG,2026-09-14,11.680000305175781,11.970000267028809,11.670000076293945,11.949999809265137,11.949999809265137,1931200,USD,NMS,America/New_York,Yahoo Finance
NEOG,2026-09-15,11.949999809265137,12.369999885559082,11.850000381469727,12.25,12.25,3282400,USD,NMS,America/New_York,Yahoo Finance
NEOG,2026-09-16,12.300000190734863,12.90999984741211,12.300000190734863,12.550000190734863,12.550000190734863,2837700,USD,NMS,America/New_York,Yahoo Finance
NEOG,2026-09-17,12.75,13.0,12.609999656677246,12.829999923706055,12.829999923706055,3582300,USD,NMS,America/New_York,Yahoo Finance
NEOG,2026-09-18,12.75,13.069999694824219,12.710000038146973,13.0,13.0,7439800,USD,NMS,America/New_York,Yahoo Finance
NEOG,2026-09-21,13.119999885559082,13.720000267028809,12.960000038146973,13.609999656677246,13.609999656677246,4398500,USD,NMS,America/New_York,Yahoo Finance
NEOG,2026-09-22,13.619999885559082,14.180000305175781,13.609999656677246,13.979999542236328,13.979999542236328,4623400,USD,NMS,America/New_York,Yahoo Finance
NEOG,2026-09-23,14.210000038146973,14.260000228881836,13.5,13.569999694824219,13.569999694824219,3676800,USD,NMS,America/New_York,Yahoo Finance
NEOG,2026-09-24,13.479999542236328,14.010000228881836,13.460000038146973,13.65999984741211,13.65999984741211,3827800,USD,NMS,America/New_York,Yahoo Finance
NEOG,2026-09-25,13.680000305175781,13.859999656677246,13.380000114440918,13.760000228881836,13.760000228881836,5218600,USD,NMS,America/New_York,Yahoo Finance
NEOG,2026-09-28,13.75,13.850000381469727,13.420000076293945,13.720000267028809,13.720000267028809,7572600,USD,NMS,America/New_York,Yahoo Finance
NEXO-USD,2026-09-04,0.8514119982719421,0.853725016117096,0.8232390284538269,0.8388339877128601,0.8388339877128601,5085912,USD,CCC,UTC,Yahoo Finance
NEXO-USD,2026-09-05,0.8388389945030212,0.8443650007247925,0.8343459963798523,0.8406890034675598,0.8406890034675598,2994453,USD,CCC,UTC,Yahoo Finance
NEXO-USD,2026-09-06,0.8406059741973877,0.8416550159454346,0.8272309899330139,0.8356890082359314,0.8356890082359314,3499213,USD,CCC,UTC,Yahoo Finance
NEXO-USD,2026-09-07,0.8356990218162537,0.8405290246009827,0.8212350010871887,0.829928994178772,0.829928994178772,3877011,USD,CCC,UTC,Yahoo Finance
NEXO-USD,2026-09-08,0.829928994178772,0.8449059724807739,0.8216040134429932,0.837302029132843,0.837302029132843,3990286,USD,CCC,UTC,Yahoo Finance
NEXO-USD,2026-09-09,0.837302029132843,0.8518930077552795,0.833532989025116,0.8364359736442566,0.8364359736442566,4524045,USD,CCC,UTC,Yahoo Finance
NEXO-USD,2026-09-10,0.8364369869232178,0.848226010799408,0.830702006816864,0.8308860063552856,0.8308860063552856,7273192,USD,CCC,UTC,Yahoo Finance
NEXO-USD,2026-09-11,0.8308820128440857,0.84483402967453,0.820933997631073,0.828944981098175,0.828944981098175,8039311,USD,CCC,UTC,Yahoo Finance
NEXO-USD,2026-09-12,0.828944981098175,0.8412950038909912,0.8233850002288818,0.8267890214920044,0.8267890214920044,3198194,USD,CCC,UTC,Yahoo Finance
NEXO-USD,2026-09-13,0.8267899751663208,0.8355349898338318,0.8211950063705444,0.8234320282936096,0.8234320282936096,5880135,USD,CCC,UTC,Yahoo Finance
NEXO-USD,2026-09-14,0.8234480023384094,0.8375539779663086,0.8191239833831787,0.8213809728622437,0.8213809728622437,6200888,USD,CCC,UTC,Yahoo Finance
NEXO-USD,2026-09-15,0.8213779926300049,0.8215939998626709,0.7867940068244934,0.799219012260437,0.799219012260437,7310138,USD,CCC,UTC,Yahoo Finance
NEXO-USD,2026-09-16,0.7992259860038757,0.8039860129356384,0.7793179750442505,0.794376015663147,0.794376015663147,6579461,USD,CCC,UTC,Yahoo Finance
NEXO-USD,2026-09-17,0.7943729758262634,0.8180559873580933,0.7925770282745361,0.8126789927482605,0.8126789927482605,5647044,USD,CCC,UTC,Yahoo Finance
NEXO-USD,2026-09-18,0.8126800060272217,0.8482270240783691,0.8080509901046753,0.8378919959068298,0.8378919959068298,6418087,USD,CCC,UTC,Yahoo Finance
NEXO-USD,2026-09-19,0.8378919959068298,0.8541380167007446,0.8378900289535522,0.8423150181770325,0.8423150181770325,4817618,USD,CCC,UTC,Yahoo Finance
NEXO-USD,2026-09-20,0.8423110246658325,0.8479700088500977,0.8115990161895752,0.8275840282440186,0.8275840282440186,5510042,USD,CCC,UTC,Yahoo Finance
NEXO-USD,2026-09-21,0.8275930285453796,0.8866469860076904,0.8275930285453796,0.8771269917488098,0.8771269917488098,11987282,USD,CCC,UTC,Yahoo Finance
NEXO-USD,2026-09-22,0.8771269917488098,0.8950780034065247,0.8584049940109253,0.8870620131492615,0.8870620131492615,6992855,USD,CCC,UTC,Yahoo Finance
NEXO-USD,2026-09-23,0.8870620131492615,0.8989610075950623,0.8512780070304871,0.8681079745292664,0.8681079745292664,6485882,USD,CCC,UTC,Yahoo Finance
NEXO-USD,2026-09-24,0.8681060075759888,0.8845080137252808,0.8563669919967651,0.8655499815940857,0.8655499815940857,6405500,USD,CCC,UTC,Yahoo Finance
NEXO-USD,2026-09-25,0.8655499815940857,0.8799480199813843,0.8639360070228577,0.869484007358551,0.869484007358551,7258343,USD,CCC,UTC,Yahoo Finance
NEXO-USD,2026-09-26,0.8694819808006287,0.8727549910545349,0.8592290282249451,0.8686959743499756,0.8686959743499756,4678246,USD,CCC,UTC,Yahoo Finance
NEXO-USD,2026-09-27,0.8686950206756592,0.8887619972229004,0.8660150170326233,0.8775039911270142,0.8775039911270142,6317345,USD,CCC,UTC,Yahoo Finance
NEXO-USD,2026-09-28,0.8775129914283752,0.8830270171165466,0.8259879946708679,0.8269820213317871,0.8269820213317871,9963452,USD,CCC,UTC,Yahoo Finance
NEXO-USD,2026-09-29,0.8269810080528259,0.8518000245094299,0.8247330188751221,0.845058023929596,0.845058023929596,6217389,USD,CCC,UTC,Yahoo Finance
NEXO-USD,2026-09-30,0.845058023929596,0.8560979962348938,0.8357139825820923,0.8466070294380188,0.8466070294380188,6013307,USD,CCC,UTC,Yahoo Finance
NEXO-USD,2026-10-01,0.8466070294380188,0.8514800071716309,0.8274490237236023,0.8454880118370056,0.8454880118370056,6295972,USD,CCC,UTC,Yahoo Finance
NEXO-USD,2026-10-02,0.8454800248146057,0.8769109845161438,0.8388559818267822,0.8448240160942078,0.8448240160942078,8100129,USD,CCC,UTC,Yahoo Finance
NEXO-USD,2026-10-03,0.8446630239486694,0.8620060086250305,0.8408330082893372,0.8529430031776428,0.8529430031776428,4856657,USD,CCC,UTC,Yahoo Finance
NHC,2026-08-17,223.66000366210938,228.89999389648438,223.66000366210938,228.1999969482422,228.1999969482422,93400,USD,ASE,America/New_York,Yahoo Finance
NHC,2026-08-18,229.42999267578125,234.1699981689453,227.75999450683594,234.1699981689453,234.1699981689453,95800,USD,ASE,America/New_York,Yahoo Finance
NHC,2026-08-19,235.57000732421875,239.19000244140625,231.6199951171875,234.0399932861328,234.0399932861328,101800,USD,ASE,America/New_York,Yahoo Finance
NHC,2026-08-20,232.8800048828125,239.2899932861328,232.8800048828125,236.75,236.75,114500,USD,ASE,America/New_York,Yahoo Finance
NHC,2026-08-21,237.0800018310547,237.8000030517578,229.3000030517578,233.39999389648438,233.39999389648438,90800,USD,ASE,America/New_York,Yahoo Finance
NHC,2026-08-24,233.6300048828125,236.0,227.8800048828125,228.3800048828125,228.3800048828125,90600,USD,ASE,America/New_York,Yahoo Finance
NHC,2026-08-25,228.83999633789062,228.83999633789062,223.50999450683594,224.72999572753906,224.72999572753906,94100,USD,ASE,America/New_York,Yahoo Finance
NHC,2026-08-26,224.97999572753906,228.0,222.4600067138672,225.08999633789062,225.08999633789062,89500,USD,ASE,America/New_York,Yahoo Finance
NHC,2026-08-27,223.07000732421875,224.99000549316406,220.47000122070312,222.25999450683594,222.25999450683594,122700,USD,ASE,America/New_York,Yahoo Finance
NHC,2026-08-28,224.4499969482422,224.75,221.27999877929688,222.6999969482422,222.6999969482422,147500,USD,ASE,America/New_York,Yahoo Finance
NHC,2026-08-31,222.8699951171875,222.8699951171875,214.14999389648438,216.52999877929688,216.52999877929688,91300,USD,ASE,America/New_York,Yahoo Finance
NHC,2026-09-01,217.39999389648438,222.67999267578125,215.86000061035156,218.97000122070312,218.97000122070312,129200,USD,ASE,America/New_York,Yahoo Finance
NHC,2026-09-02,220.4199981689453,222.38999938964844,216.0800018310547,217.33999633789062,217.33999633789062,117500,USD,ASE,America/New_York,Yahoo Finance
NHC,2026-09-03,218.57000732421875,221.91000366210938,215.02000427246094,221.63999938964844,221.63999938964844,78300,USD,ASE,America/New_York,Yahoo Finance
NHC,2026-09-04,218.49000549316406,222.77000427246094,215.89999389648438,218.63999938964844,218.63999938964844,61000,USD,ASE,America/New_York,Yahoo Finance
NHC,2026-09-08,217.27999877929688,222.6300048828125,216.25999450683594,220.97000122070312,220.97000122070312,82400,USD,ASE,America/New_York,Yahoo Finance
NHC,2026-09-09,221.3000030517578,229.57000732421875,219.5800018310547,227.24000549316406,227.24000549316406,93800,USD,ASE,America/New_York,Yahoo Finance
NHC,2026-09-10,226.5500030517578,229.9600067138672,222.5,224.9199981689453,224.9199981689453,75500,USD,ASE,America/New_York,Yahoo Finance
NHC,2026-09-11,224.47999572753906,227.88999938964844,222.6300048828125,224.47000122070312,224.47000122070312,52000,USD,ASE,America/New_York,Yahoo Finance
NHC,2026-09-14,223.97999572753906,228.69000244140625,222.49000549316406,227.75999450683594,227.75999450683594,67100,USD,ASE,America/New_York,Yahoo Finance
NHC,2026-09-15,226.85000610351562,227.57000732421875,223.61000061035156,226.61000061035156,226.61000061035156,58200,USD,ASE,America/New_York,Yahoo Finance
NHC,2026-09-16,226.32000732421875,230.08999633789062,224.2100067138672,225.36000061035156,225.36000061035156,72000,USD,ASE,America/New_York,Yahoo Finance
NHC,2026-09-17,226.0800018310547,226.0800018310547,223.74000549316406,224.83999633789062,224.83999633789062,76100,USD,ASE,America/New_York,Yahoo Finance
NHC,2026-09-18,224.2100067138672,229.0500030517578,220.5399932861328,222.11000061035156,222.11000061035156,467800,USD,ASE,America/New_York,Yahoo Finance
NHC,2026-09-21,223.33999633789062,225.2899932861328,221.8000030517578,223.30999755859375,223.30999755859375,103600,USD,ASE,America/New_York,Yahoo Finance
NHC,2026-09-22,224.00999450683594,225.72000122070312,220.7100067138672,222.86000061035156,222.86000061035156,71900,USD,ASE,America/New_York,Yahoo Finance
NHC,2026-09-23,222.6199951171875,227.10000610351562,220.4499969482422,224.8699951171875,224.8699951171875,109800,USD,ASE,America/New_York,Yahoo Finance
NHC,2026-09-24,224.1999969482422,225.16000366210938,219.72000122070312,221.60000610351562,221.60000610351562,84400,USD,ASE,America/New_York,Yahoo Finance
NHC,2026-09-25,221.4199981689453,229.4499969482422,221.4199981689453,227.36000061035156,227.36000061035156,156200,USD,ASE,America/New_York,Yahoo Finance
NHC,2026-09-28,226.1999969482422,228.9600067138672,223.1199951171875,225.97000122070312,225.97000122070312,92600,USD,ASE,America/New_York,Yahoo Finance
NOW,2026-08-17,122.43000030517578,123.36000061035156,117.58999633789062,117.69999694824219,117.69999694824219,20204200,USD,NYQ,America/New_York,Yahoo Finance
NOW,2026-08-18,119.4800033569336,121.83999633789062,117.83999633789062,119.48999786376953,119.48999786376953,17341500,USD,NYQ,America/New_York,Yahoo Finance
NOW,2026-08-19,118.63999938964844,129.60000610351562,118.51000213623047,127.19999694824219,127.19999694824219,22503800,USD,NYQ,America/New_York,Yahoo Finance
NOW,2026-08-20,128.14999389648438,131.14999389648438,127.0999984741211,129.75,129.75,16952300,USD,NYQ,America/New_York,Yahoo Finance
NOW,2026-08-21,130.2899932861328,131.17999267578125,127.47000122070312,128.47999572753906,128.47999572753906,12504600,USD,NYQ,America/New_York,Yahoo Finance
NOW,2026-08-24,128.05999755859375,130.14999389648438,127.58999633789062,128.0500030517578,128.0500030517578,8949300,USD,NYQ,America/New_York,Yahoo Finance
NOW,2026-08-25,125.95999908447266,129.80999755859375,125.25,127.0,127.0,12317500,USD,NYQ,America/New_York,Yahoo Finance
NOW,2026-08-26,122.33000183105469,126.55999755859375,121.87999725341797,125.80000305175781,125.80000305175781,13384900,USD,NYQ,America/New_York,Yahoo Finance
NOW,2026-08-27,130.47999572753906,139.32000732421875,130.25,138.42999267578125,138.42999267578125,27815500,USD,NYQ,America/New_York,Yahoo Finance
NOW,2026-08-28,138.47999572753906,145.72000122070312,137.8000030517578,144.7100067138672,144.7100067138672,29034400,USD,NYQ,America/New_York,Yahoo Finance
NOW,2026-08-31,142.0800018310547,149.60000610351562,141.69000244140625,147.99000549316406,147.99000549316406,26013700,USD,NYQ,America/New_York,Yahoo Finance
NOW,2026-09-01,144.5500030517578,146.9600067138672,142.05999755859375,142.89999389648438,142.89999389648438,16926100,USD,NYQ,America/New_York,Yahoo Finance
NOW,2026-09-02,140.3000030517578,142.60000610351562,136.3800048828125,136.72000122070312,136.72000122070312,14617700,USD,NYQ,America/New_York,Yahoo Finance
NOW,2026-09-03,140.99000549316406,146.97999572753906,140.80999755859375,145.58999633789062,145.58999633789062,18172800,USD,NYQ,America/New_York,Yahoo Finance
NOW,2026-09-04,143.32000732421875,145.25999450683594,138.8000030517578,141.25999450683594,141.25999450683594,12505100,USD,NYQ,America/New_York,Yahoo Finance
NOW,2026-09-08,136.72000122070312,136.97999572753906,132.4600067138672,134.2100067138672,134.2100067138672,14614100,USD,NYQ,America/New_York,Yahoo Finance
NOW,2026-09-09,133.5800018310547,134.60000610351562,130.85000610351562,131.11000061035156,131.11000061035156,10674700,USD,NYQ,America/New_York,Yahoo Finance
NOW,2026-09-10,130.63999938964844,134.6999969482422,130.63999938964844,131.1699981689453,131.1699981689453,13852200,USD,NYQ,America/New_York,Yahoo Finance
NOW,2026-09-11,130.5,134.4499969482422,130.38999938964844,132.52999877929688,132.52999877929688,10730000,USD,NYQ,America/New_York,Yahoo Finance
NOW,2026-09-14,140.0,143.19000244140625,137.24000549316406,142.35000610351562,142.35000610351562,17501800,USD,NYQ,America/New_York,Yahoo Finance
NOW,2026-09-15,139.14999389648438,147.57000732421875,139.0,141.89999389648438,141.89999389648438,14704500,USD,NYQ,America/New_York,Yahoo Finance
NOW,2026-09-16,139.1999969482422,141.6699981689453,138.3300018310547,139.82000732421875,139.82000732421875,9855600,USD,NYQ,America/New_York,Yahoo Finance
NOW,2026-09-17,139.07000732421875,140.5399932861328,136.0,138.47000122070312,138.47000122070312,9857700,USD,NYQ,America/New_York,Yahoo Finance
NOW,2026-09-18,139.7100067138672,139.94000244140625,135.07000732421875,135.47000122070312,135.47000122070312,19250600,USD,NYQ,America/New_York,Yahoo Finance
NOW,2026-09-21,136.82000732421875,140.16000366210938,135.6199951171875,137.67999267578125,137.67999267578125,10893000,USD,NYQ,America/New_York,Yahoo Finance
NOW,2026-09-22,141.8300018310547,142.10000610351562,135.22999572753906,137.0,137.0,12580700,USD,NYQ,America/New_York,Yahoo Finance
NOW,2026-09-23,137.22000122070312,141.5399932861328,136.14999389648438,140.77999877929688,140.77999877929688,11366200,USD,NYQ,America/New_York,Yahoo Finance
NOW,2026-09-24,139.89999389648438,141.0399932861328,137.52999877929688,137.77999877929688,137.77999877929688,9578700,USD,NYQ,America/New_York,Yahoo Finance
NOW,2026-09-25,137.25,139.8300018310547,135.60000610351562,135.6199951171875,135.6199951171875,8239600,USD,NYQ,America/New_York,Yahoo Finance
NOW,2026-09-28,129.8000030517578,131.88999938964844,126.75,131.4499969482422,131.4499969482422,11754300,USD,NYQ,America/New_York,Yahoo Finance
NTSK,2026-08-17,15.0,15.449999809265137,14.729999542236328,15.25,15.25,4224700,USD,NMS,America/New_York,Yahoo Finance
NTSK,2026-08-18,15.0,15.515000343322754,14.90999984741211,15.369999885559082,15.369999885559082,3209600,USD,NMS,America/New_York,Yahoo Finance
NTSK,2026-08-19,15.319999694824219,15.319999694824219,14.335000038146973,14.699999809265137,14.699999809265137,2775900,USD,NMS,America/New_York,Yahoo Finance
NTSK,2026-08-20,14.5600004196167,14.720000267028809,14.145000457763672,14.380000114440918,14.380000114440918,2551000,USD,NMS,America/New_York,Yahoo Finance
NTSK,2026-08-21,14.449999809265137,14.555000305175781,13.920000076293945,14.510000228881836,14.510000228881836,4099100,USD,NMS,America/New_York,Yahoo Finance
NTSK,2026-08-24,14.479999542236328,14.539999961853027,13.975000381469727,14.039999961853027,14.039999961853027,2861400,USD,NMS,America/New_York,Yahoo Finance
NTSK,2026-08-25,14.100000381469727,14.3100004196167,13.335000038146973,13.5,13.5,3102100,USD,NMS,America/New_York,Yahoo Finance
NTSK,2026-08-26,13.199999809265137,13.960000038146973,13.140000343322754,13.920000076293945,13.920000076293945,3002400,USD,NMS,America/New_York,Yahoo Finance
NTSK,2026-08-27,14.449999809265137,15.585000038146973,14.430000305175781,15.119999885559082,15.119999885559082,7620100,USD,NMS,America/New_York,Yahoo Finance
NTSK,2026-08-28,14.890000343322754,15.1899995803833,14.425000190734863,15.09000015258789,15.09000015258789,3823000,USD,NMS,America/New_York,Yahoo Finance
NTSK,2026-08-31,15.0,15.604999542236328,15.0,15.3100004196167,15.3100004196167,5267000,USD,NMS,America/New_York,Yahoo Finance
NTSK,2026-09-01,15.020000457763672,15.239999771118164,13.96500015258789,14.050000190734863,14.050000190734863,6566700,USD,NMS,America/New_York,Yahoo Finance
NTSK,2026-09-02,13.9399995803833,14.032999992370605,13.260000228881836,13.75,13.75,8693400,USD,NMS,America/New_York,Yahoo Finance
NTSK,2026-09-03,15.510000228881836,15.640000343322754,13.720000267028809,14.34000015258789,14.34000015258789,12955400,USD,NMS,America/New_York,Yahoo Finance
NTSK,2026-09-04,14.149999618530273,14.48799991607666,13.744999885559082,13.9399995803833,13.9399995803833,5905600,USD,NMS,America/New_York,Yahoo Finance
NTSK,2026-09-08,13.789999961853027,14.484999656677246,13.3100004196167,14.350000381469727,14.350000381469727,5673300,USD,NMS,America/New_York,Yahoo Finance
NTSK,2026-09-09,14.470000267028809,14.704999923706055,14.079999923706055,14.460000038146973,14.460000038146973,3719100,USD,NMS,America/New_York,Yahoo Finance
NTSK,2026-09-10,14.300000190734863,15.385000228881836,14.204999923706055,15.100000381469727,15.100000381469727,5606600,USD,NMS,America/New_York,Yahoo Finance
NTSK,2026-09-11,14.949999809265137,15.100000381469727,14.220000267028809,14.699999809265137,14.699999809265137,6179100,USD,NMS,America/New_York,Yahoo Finance
NTSK,2026-09-14,15.050000190734863,17.440000534057617,15.050000190734863,17.0,17.0,13697900,USD,NMS,America/New_York,Yahoo Finance
NTSK,2026-09-15,16.6299991607666,17.719999313354492,16.600000381469727,17.469999313354492,17.469999313354492,10936400,USD,NMS,America/New_York,Yahoo Finance
NTSK,2026-09-16,17.1299991607666,17.899999618530273,17.0,17.290000915527344,17.290000915527344,7470600,USD,NMS,America/New_York,Yahoo Finance
NTSK,2026-09-17,17.1200008392334,17.6299991607666,16.81999969482422,17.209999084472656,17.209999084472656,7408000,USD,NMS,America/New_York,Yahoo Finance
NTSK,2026-09-18,17.469999313354492,17.6200008392334,16.8799991607666,17.489999771118164,17.489999771118164,16895600,USD,NMS,America/New_York,Yahoo Finance
NTSK,2026-09-21,17.579999923706055,18.420000076293945,17.450000762939453,18.399999618530273,18.399999618530273,8104100,USD,NMS,America/New_York,Yahoo Finance
NTSK,2026-09-22,18.229999542236328,18.735000610351562,18.135000228881836,18.549999237060547,18.549999237060547,6858500,USD,NMS,America/New_York,Yahoo Finance
NTSK,2026-09-23,18.575000762939453,18.959999084472656,18.329999923706055,18.56999969482422,18.56999969482422,5994100,USD,NMS,America/New_York,Yahoo Finance
NTSK,2026-09-24,18.389999389648438,18.774999618530273,18.21500015258789,18.56999969482422,18.56999969482422,6428800,USD,NMS,America/New_York,Yahoo Finance
NTSK,2026-09-25,18.399999618530273,18.649999618530273,17.639999389648438,17.670000076293945,17.670000076293945,5858800,USD,NMS,America/New_York,Yahoo Finance
NTSK,2026-09-28,17.139999389648438,18.024999618530273,17.100000381469727,17.850000381469727,17.850000381469727,4676200,USD,NMS,America/New_York,Yahoo Finance
NWN,2026-08-17,50.599998474121094,50.900001525878906,50.33000183105469,50.43000030517578,50.43000030517578,219200,USD,NYQ,America/New_York,Yahoo Finance
NWN,2026-08-18,50.97999954223633,51.40999984741211,50.58000183105469,51.02000045776367,51.02000045776367,272400,USD,NYQ,America/New_York,Yahoo Finance
NWN,2026-08-19,51.31999969482422,51.599998474121094,50.58000183105469,50.650001525878906,50.650001525878906,185100,USD,NYQ,America/New_York,Yahoo Finance
NWN,2026-08-20,50.7599983215332,51.08000183105469,50.4900016784668,50.59000015258789,50.59000015258789,193800,USD,NYQ,America/New_York,Yahoo Finance
NWN,2026-08-21,50.68000030517578,50.88999938964844,49.38999938964844,49.41999816894531,49.41999816894531,523200,USD,NYQ,America/New_York,Yahoo Finance
NWN,2026-08-24,49.65999984741211,50.25,49.290000915527344,50.220001220703125,50.220001220703125,190000,USD,NYQ,America/New_York,Yahoo Finance
NWN,2026-08-25,50.36000061035156,50.36000061035156,49.869998931884766,49.95000076293945,49.95000076293945,155700,USD,NYQ,America/New_York,Yahoo Finance
NWN,2026-08-26,49.959999084472656,50.56999969482422,49.72999954223633,50.38999938964844,50.38999938964844,190400,USD,NYQ,America/New_York,Yahoo Finance
NWN,2026-08-27,49.81999969482422,49.83000183105469,49.06999969482422,49.560001373291016,49.560001373291016,107300,USD,NYQ,America/New_York,Yahoo Finance
NWN,2026-08-28,49.970001220703125,50.20000076293945,49.060001373291016,49.5,49.5,162800,USD,NYQ,America/New_York,Yahoo Finance
NWN,2026-08-31,49.09000015258789,49.77000045776367,48.77000045776367,49.06999969482422,49.06999969482422,239200,USD,NYQ,America/New_York,Yahoo Finance
NWN,2026-09-01,49.310001373291016,49.43000030517578,48.77000045776367,49.40999984741211,49.40999984741211,229900,USD,NYQ,America/New_York,Yahoo Finance
NWN,2026-09-02,49.599998474121094,49.599998474121094,48.720001220703125,49.2400016784668,49.2400016784668,165100,USD,NYQ,America/New_York,Yahoo Finance
NWN,2026-09-03,49.540000915527344,49.560001373291016,49.0,49.38999938964844,49.38999938964844,136900,USD,NYQ,America/New_York,Yahoo Finance
NWN,2026-09-04,49.150001525878906,49.70000076293945,49.02000045776367,49.189998626708984,49.189998626708984,174800,USD,NYQ,America/New_York,Yahoo Finance
NWN,2026-09-08,48.97999954223633,50.0,48.97999954223633,49.959999084472656,49.959999084472656,196000,USD,NYQ,America/New_York,Yahoo Finance
NWN,2026-09-09,50.02000045776367,50.02000045776367,48.68000030517578,49.27000045776367,49.27000045776367,255500,USD,NYQ,America/New_York,Yahoo Finance
NWN,2026-09-10,49.5,49.599998474121094,48.790000915527344,49.060001373291016,49.060001373291016,208800,USD,NYQ,America/New_York,Yahoo Finance
NWN,2026-09-11,49.45000076293945,49.5,48.31999969482422,48.439998626708984,48.439998626708984,224000,USD,NYQ,America/New_York,Yahoo Finance
NWN,2026-09-14,48.97999954223633,49.040000915527344,48.27000045776367,48.560001373291016,48.560001373291016,251900,USD,NYQ,America/New_York,Yahoo Finance
NWN,2026-09-15,48.5099983215332,48.599998474121094,47.959999084472656,48.22999954223633,48.22999954223633,333900,USD,NYQ,America/New_York,Yahoo Finance
NWN,2026-09-16,48.59000015258789,48.900001525878906,48.18000030517578,48.66999816894531,48.66999816894531,273500,USD,NYQ,America/New_York,Yahoo Finance
NWN,2026-09-17,48.959999084472656,49.02000045776367,48.459999084472656,48.65999984741211,48.65999984741211,278100,USD,NYQ,America/New_York,Yahoo Finance
NWN,2026-09-18,48.869998931884766,48.869998931884766,47.91999816894531,48.34000015258789,48.34000015258789,998800,USD,NYQ,America/New_York,Yahoo Finance
NWN,2026-09-21,48.400001525878906,48.65999984741211,47.959999084472656,48.06999969482422,48.06999969482422,263400,USD,NYQ,America/New_York,Yahoo Finance
NWN,2026-09-22,48.08000183105469,48.400001525878906,47.75,47.779998779296875,47.779998779296875,249600,USD,NYQ,America/New_York,Yahoo Finance
NWN,2026-09-23,47.58000183105469,47.709999084472656,46.86000061035156,47.22999954223633,47.22999954223633,289700,USD,NYQ,America/New_York,Yahoo Finance
NWN,2026-09-24,47.45000076293945,47.5,46.779998779296875,46.970001220703125,46.970001220703125,265100,USD,NYQ,America/New_York,Yahoo Finance
NWN,2026-09-25,47.0,47.209999084472656,46.439998626708984,47.040000915527344,47.040000915527344,272600,USD,NYQ,America/New_York,Yahoo Finance
NWN,2026-09-28,47.220001220703125,47.25,46.369998931884766,46.79999923706055,46.79999923706055,228700,USD,NYQ,America/New_York,Yahoo Finance
ONDS,2026-08-17,9.069999694824219,9.130000114440918,8.520000457763672,9.0,9.0,69737300,USD,NCM,America/New_York,Yahoo Finance
ONDS,2026-08-18,8.585000038146973,9.3149995803833,8.5649995803833,9.0600004196167,9.0600004196167,79491800,USD,NCM,America/New_York,Yahoo Finance
ONDS,2026-08-19,8.930000305175781,9.0,8.619999885559082,8.899999618530273,8.899999618530273,72041100,USD,NCM,America/New_York,Yahoo Finance
ONDS,2026-08-20,8.890000343322754,8.9399995803833,8.170000076293945,8.380000114440918,8.380000114440918,68546000,USD,NCM,America/New_York,Yahoo Finance
ONDS,2026-08-21,8.390000343322754,8.829999923706055,8.380000114440918,8.710000038146973,8.710000038146973,58792200,USD,NCM,America/New_York,Yahoo Finance
ONDS,2026-08-24,8.524999618530273,8.539999961853027,8.1850004196167,8.239999771118164,8.239999771118164,49325200,USD,NCM,America/New_York,Yahoo Finance
ONDS,2026-08-25,8.300000190734863,8.329999923706055,8.164999961853027,8.239999771118164,8.239999771118164,41611100,USD,NCM,America/New_York,Yahoo Finance
ONDS,2026-08-26,8.100000381469727,8.265000343322754,7.960000038146973,8.220000267028809,8.220000267028809,55499100,USD,NCM,America/New_York,Yahoo Finance
ONDS,2026-08-27,8.350000381469727,8.84000015258789,8.300000190734863,8.75,8.75,85768400,USD,NCM,America/New_York,Yahoo Finance
ONDS,2026-08-28,8.5600004196167,8.710000038146973,7.869999885559082,7.900000095367432,7.900000095367432,69966700,USD,NCM,America/New_York,Yahoo Finance
ONDS,2026-08-31,7.889999866485596,7.929999828338623,7.650000095367432,7.65500020980835,7.65500020980835,29699800,USD,NCM,America/New_York,Yahoo Finance
ONDS,2026-09-01,7.434999942779541,7.445000171661377,7.0,7.039999961853027,7.039999961853027,68793600,USD,NCM,America/New_York,Yahoo Finance
ONDS,2026-09-02,7.059999942779541,7.630000114440918,7.039999961853027,7.610000133514404,7.610000133514404,79858600,USD,NCM,America/New_York,Yahoo Finance
ONDS,2026-09-03,7.690000057220459,7.949999809265137,7.53000020980835,7.630000114440918,7.630000114440918,73062000,USD,NCM,America/New_York,Yahoo Finance
ONDS,2026-09-04,7.610000133514404,7.685999870300293,7.460000038146973,7.619999885559082,7.619999885559082,43240300,USD,NCM,America/New_York,Yahoo Finance
ONDS,2026-09-08,7.610000133514404,7.880000114440918,7.579999923706055,7.619999885559082,7.619999885559082,43007500,USD,NCM,America/New_York,Yahoo Finance
ONDS,2026-09-09,7.579999923706055,7.64900016784668,7.260000228881836,7.289999961853027,7.289999961853027,63851200,USD,NCM,America/New_York,Yahoo Finance
ONDS,2026-09-10,7.170000076293945,7.539999961853027,7.144999980926514,7.25,7.25,52336300,USD,NCM,America/New_York,Yahoo Finance
ONDS,2026-09-11,7.25,7.320000171661377,7.179999828338623,7.230000019073486,7.230000019073486,42170100,USD,NCM,America/New_York,Yahoo Finance
ONDS,2026-09-14,6.994999885559082,7.46999979019165,6.989999771118164,7.230000019073486,7.230000019073486,84277100,USD,NCM,America/New_York,Yahoo Finance
ONDS,2026-09-15,7.140999794006348,7.429999828338623,7.130000114440918,7.239999771118164,7.239999771118164,67788600,USD,NCM,America/New_York,Yahoo Finance
ONDS,2026-09-16,7.264999866485596,7.28000020980835,6.980000019073486,7.199999809265137,7.199999809265137,65246400,USD,NCM,America/New_York,Yahoo Finance
ONDS,2026-09-17,7.46999979019165,7.53000020980835,7.300000190734863,7.389999866485596,7.389999866485596,67049500,USD,NCM,America/New_York,Yahoo Finance
ONDS,2026-09-18,7.510000228881836,7.519999980926514,7.210000038146973,7.389999866485596,7.389999866485596,63908700,USD,NCM,America/New_York,Yahoo Finance
ONDS,2026-09-21,7.505000114440918,7.670000076293945,7.340000152587891,7.380000114440918,7.380000114440918,51627500,USD,NCM,America/New_York,Yahoo Finance
ONDS,2026-09-22,7.46999979019165,7.744999885559082,7.389999866485596,7.71999979019165,7.71999979019165,70109500,USD,NCM,America/New_York,Yahoo Finance
ONDS,2026-09-23,7.739999771118164,7.980000019073486,7.380000114440918,7.400000095367432,7.400000095367432,67796400,USD,NCM,America/New_York,Yahoo Finance
ONDS,2026-09-24,7.260000228881836,7.730000019073486,7.179999828338623,7.599999904632568,7.599999904632568,114567800,USD,NCM,America/New_York,Yahoo Finance
ONDS,2026-09-25,7.724999904632568,7.880000114440918,7.590000152587891,7.639999866485596,7.639999866485596,70949500,USD,NCM,America/New_York,Yahoo Finance
ONDS,2026-09-28,7.53000020980835,7.800000190734863,7.440000057220459,7.679999828338623,7.679999828338623,52785900,USD,NCM,America/New_York,Yahoo Finance
OXLC,2026-08-17,9.520000457763672,9.529999732971191,9.3100004196167,9.399999618530273,9.198929786682129,1084800,USD,NGM,America/New_York,Yahoo Finance
OXLC,2026-08-18,9.350000381469727,9.350000381469727,9.210000038146973,9.270000457763672,9.071711540222168,692000,USD,NGM,America/New_York,Yahoo Finance
OXLC,2026-08-19,9.359999656677246,9.430000305175781,9.25,9.300000190734863,9.101069450378418,1656100,USD,NGM,America/New_York,Yahoo Finance
OXLC,2026-08-20,9.25,9.289999961853027,9.1899995803833,9.260000228881836,9.061924934387207,664900,USD,NGM,America/New_York,Yahoo Finance
OXLC,2026-08-21,9.260000228881836,9.289999961853027,9.210000038146973,9.279999732971191,9.081497192382812,459100,USD,NGM,America/New_York,Yahoo Finance
OXLC,2026-08-24,9.289999961853027,9.550000190734863,9.25,9.529999732971191,9.326148986816406,997100,USD,NGM,America/New_York,Yahoo Finance
OXLC,2026-08-25,9.579999923706055,9.779999732971191,9.479999542236328,9.579999923706055,9.375080108642578,469200,USD,NGM,America/New_York,Yahoo Finance
OXLC,2026-08-26,9.520000457763672,9.649999618530273,9.510000228881836,9.520000457763672,9.316364288330078,550100,USD,NGM,America/New_York,Yahoo Finance
OXLC,2026-08-27,9.600000381469727,9.6899995803833,9.569999694824219,9.670000076293945,9.463154792785645,508900,USD,NGM,America/New_York,Yahoo Finance
OXLC,2026-08-28,9.699999809265137,9.800000190734863,9.649999618530273,9.710000038146973,9.502299308776855,668500,USD,NGM,America/New_York,Yahoo Finance
OXLC,2026-08-31,9.729999542236328,9.869999885559082,9.579999923706055,9.710000038146973,9.502299308776855,1746600,USD,NGM,America/New_York,Yahoo Finance
OXLC,2026-09-01,9.59000015258789,9.710000038146973,9.5600004196167,9.59000015258789,9.384866714477539,901300,USD,NGM,America/New_York,Yahoo Finance
OXLC,2026-09-02,9.600000381469727,9.6899995803833,9.600000381469727,9.65999984741211,9.453369140625,329000,USD,NGM,America/New_York,Yahoo Finance
OXLC,2026-09-03,9.800000190734863,9.84000015258789,9.550000190734863,9.65999984741211,9.453369140625,650900,USD,NGM,America/New_York,Yahoo Finance
OXLC,2026-09-04,9.720000267028809,9.739999771118164,9.649999618530273,9.65999984741211,9.453369140625,415900,USD,NGM,America/New_York,Yahoo Finance
OXLC,2026-09-08,9.75,9.779999732971191,9.600000381469727,9.609999656677246,9.404438018798828,666600,USD,NGM,America/New_York,Yahoo Finance
OXLC,2026-09-09,9.649999618530273,9.699999809265137,9.59000015258789,9.649999618530273,9.443582534790039,577500,USD,NGM,America/New_York,Yahoo Finance
OXLC,2026-09-10,9.649999618530273,9.649999618530273,9.529999732971191,9.539999961853027,9.335935592651367,679600,USD,NGM,America/New_York,Yahoo Finance
OXLC,2026-09-11,9.569999694824219,9.600000381469727,9.5,9.569999694824219,9.365293502807617,499900,USD,NGM,America/New_York,Yahoo Finance
OXLC,2026-09-14,9.5600004196167,9.579999923706055,9.470000267028809,9.539999961853027,9.335935592651367,668500,USD,NGM,America/New_York,Yahoo Finance
OXLC,2026-09-15,9.569999694824219,9.569999694824219,9.180000305175781,9.350000381469727,9.15000057220459,1881300,USD,NGM,America/New_York,Yahoo Finance
OXLC,2026-09-16,9.130000114440918,9.199999809265137,9.050000190734863,9.170000076293945,9.170000076293945,1015200,USD,NGM,America/New_York,Yahoo Finance
OXLC,2026-09-17,9.210000038146973,9.239999771118164,8.989999771118164,9.0,9.0,897600,USD,NGM,America/New_York,Yahoo Finance
OXLC,2026-09-18,9.119999885559082,9.140000343322754,9.039999961853027,9.09000015258789,9.09000015258789,810100,USD,NGM,America/New_York,Yahoo Finance
OXLC,2026-09-21,9.109999656677246,9.140000343322754,8.989999771118164,9.039999961853027,9.039999961853027,583500,USD,NGM,America/New_York,Yahoo Finance
OXLC,2026-09-22,9.039999961853027,9.119999885559082,8.979999542236328,8.989999771118164,8.989999771118164,836200,USD,NGM,America/New_York,Yahoo Finance
OXLC,2026-09-23,8.979999542236328,8.989999771118164,8.789999961853027,8.800000190734863,8.800000190734863,1083500,USD,NGM,America/New_York,Yahoo Finance
OXLC,2026-09-24,8.770000457763672,9.010000228881836,8.729999542236328,8.960000038146973,8.960000038146973,1752600,USD,NGM,America/New_York,Yahoo Finance
OXLC,2026-09-25,8.930000305175781,8.989999771118164,8.84000015258789,8.9399995803833,8.9399995803833,880900,USD,NGM,America/New_York,Yahoo Finance
OXLC,2026-09-28,8.930000305175781,9.010000228881836,8.859999656677246,8.90999984741211,8.90999984741211,1181300,USD,NGM,America/New_York,Yahoo Finance
PD,2026-08-17,11.630000114440918,11.824000358581543,11.430000305175781,11.699999809265137,11.699999809265137,972400,USD,NYQ,America/New_York,Yahoo Finance
PD,2026-08-18,11.800000190734863,12.029999732971191,11.75,11.859999656677246,11.859999656677246,985000,USD,NYQ,America/New_York,Yahoo Finance
PD,2026-08-19,11.770000457763672,12.300000190734863,11.770000457763672,12.170000076293945,12.170000076293945,989600,USD,NYQ,America/New_York,Yahoo Finance
PD,2026-08-20,12.109999656677246,12.380000114440918,12.0,12.119999885559082,12.119999885559082,797600,USD,NYQ,America/New_York,Yahoo Finance
PD,2026-08-21,12.100000381469727,12.5,11.930000305175781,12.319999694824219,12.319999694824219,2195600,USD,NYQ,America/New_York,Yahoo Finance
PD,2026-08-24,12.279999732971191,12.46500015258789,12.1899995803833,12.399999618530273,12.399999618530273,1346700,USD,NYQ,America/New_York,Yahoo Finance
PD,2026-08-25,12.239999771118164,12.40999984741211,12.039999961853027,12.25,12.25,1098600,USD,NYQ,America/New_York,Yahoo Finance
PD,2026-08-26,11.75,12.380000114440918,11.75,12.1899995803833,12.1899995803833,1204200,USD,NYQ,America/New_York,Yahoo Finance
PD,2026-08-27,12.449999809265137,12.819999694824219,12.4399995803833,12.630000114440918,12.630000114440918,1741100,USD,NYQ,America/New_York,Yahoo Finance
PD,2026-08-28,13.09000015258789,14.1899995803833,13.012999534606934,13.829999923706055,13.829999923706055,3674900,USD,NYQ,America/New_York,Yahoo Finance
PD,2026-08-31,13.579999923706055,14.430000305175781,13.550000190734863,14.140000343322754,14.140000343322754,2832100,USD,NYQ,America/New_York,Yahoo Finance
PD,2026-09-01,13.90999984741211,14.170000076293945,13.630000114440918,14.039999961853027,14.039999961853027,1899000,USD,NYQ,America/New_York,Yahoo Finance
PD,2026-09-02,14.0,14.119999885559082,13.479999542236328,13.770000457763672,13.770000457763672,1860500,USD,NYQ,America/New_York,Yahoo Finance
PD,2026-09-03,14.0600004196167,14.3149995803833,13.8100004196167,14.100000381469727,14.100000381469727,1415600,USD,NYQ,America/New_York,Yahoo Finance
PD,2026-09-04,13.880000114440918,13.880000114440918,13.510000228881836,13.619999885559082,13.619999885559082,1593200,USD,NYQ,America/New_York,Yahoo Finance
PD,2026-09-08,13.399999618530273,13.399999618530273,13.010000228881836,13.319999694824219,13.319999694824219,1839000,USD,NYQ,America/New_York,Yahoo Finance
PD,2026-09-09,13.449999809265137,13.579999923706055,13.210000038146973,13.579999923706055,13.579999923706055,1560400,USD,NYQ,America/New_York,Yahoo Finance
PD,2026-09-10,13.510000228881836,13.8100004196167,13.380000114440918,13.75,13.75,1313600,USD,NYQ,America/New_York,Yahoo Finance
PD,2026-09-11,13.630000114440918,14.180000305175781,13.59000015258789,14.09000015258789,14.09000015258789,1307700,USD,NYQ,America/New_York,Yahoo Finance
PD,2026-09-14,14.350000381469727,14.850000381469727,14.180000305175781,14.84000015258789,14.84000015258789,2079400,USD,NYQ,America/New_York,Yahoo Finance
PD,2026-09-15,14.5,14.90999984741211,14.449999809265137,14.510000228881836,14.510000228881836,1229900,USD,NYQ,America/New_York,Yahoo Finance
PD,2026-09-16,14.399999618530273,14.640000343322754,14.270000457763672,14.479999542236328,14.479999542236328,1077300,USD,NYQ,America/New_York,Yahoo Finance
PD,2026-09-17,14.380000114440918,14.734000205993652,14.189000129699707,14.4399995803833,14.4399995803833,1099300,USD,NYQ,America/New_York,Yahoo Finance
PD,2026-09-18,14.300000190734863,14.515000343322754,13.949999809265137,14.0,14.0,3026000,USD,NYQ,America/New_York,Yahoo Finance
PD,2026-09-21,14.220000267028809,14.460000038146973,14.09000015258789,14.460000038146973,14.460000038146973,1129400,USD,NYQ,America/New_York,Yahoo Finance
PD,2026-09-22,14.699999809265137,14.75,14.0600004196167,14.479999542236328,14.479999542236328,1495100,USD,NYQ,America/New_York,Yahoo Finance
PD,2026-09-23,14.300000190734863,14.949999809265137,14.300000190734863,14.829999923706055,14.829999923706055,1763600,USD,NYQ,America/New_York,Yahoo Finance
PD,2026-09-24,14.760000228881836,15.050000190734863,14.479999542236328,14.949999809265137,14.949999809265137,1930300,USD,NYQ,America/New_York,Yahoo Finance
PD,2026-09-25,14.819999694824219,14.854999542236328,14.345000267028809,14.380000114440918,14.380000114440918,1670600,USD,NYQ,America/New_York,Yahoo Finance
PD,2026-09-28,14.039999961853027,14.600000381469727,13.880000114440918,14.479999542236328,14.479999542236328,1301100,USD,NYQ,America/New_York,Yahoo Finance
PLMR,2026-08-17,128.0,129.625,123.5999984741211,123.91999816894531,123.49002075195312,244300,USD,NMS,America/New_York,Yahoo Finance
PLMR,2026-08-18,127.02999877929688,130.88999938964844,124.83899688720703,129.69000244140625,129.24000549316406,250300,USD,NMS,America/New_York,Yahoo Finance
PLMR,2026-08-19,127.73999786376953,130.7050018310547,126.66000366210938,126.87999725341797,126.87999725341797,157500,USD,NMS,America/New_York,Yahoo Finance
PLMR,2026-08-20,125.95999908447266,128.88999938964844,124.9800033569336,128.8699951171875,128.8699951171875,180100,USD,NMS,America/New_York,Yahoo Finance
PLMR,2026-08-21,129.10000610351562,131.89199829101562,127.82499694824219,130.08999633789062,130.08999633789062,362800,USD,NMS,America/New_York,Yahoo Finance
PLMR,2026-08-24,130.39999389648438,134.89999389648438,130.39999389648438,133.02999877929688,133.02999877929688,147500,USD,NMS,America/New_York,Yahoo Finance
PLMR,2026-08-25,132.74000549316406,132.9199981689453,130.41000366210938,131.7550048828125,131.7550048828125,99100,USD,NMS,America/New_York,Yahoo Finance
PLMR,2026-08-26,131.86000061035156,132.7899932861328,131.13999938964844,131.82000732421875,131.82000732421875,90400,USD,NMS,America/New_York,Yahoo Finance
PLMR,2026-08-27,130.02000427246094,131.31500244140625,128.10000610351562,129.5500030517578,129.5500030517578,145300,USD,NMS,America/New_York,Yahoo Finance
PLMR,2026-08-28,129.5800018310547,131.8300018310547,129.24000549316406,131.6300048828125,131.6300048828125,134900,USD,NMS,America/New_York,Yahoo Finance
PLMR,2026-08-31,130.32000732421875,132.6199951171875,130.32000732421875,132.57000732421875,132.57000732421875,190500,USD,NMS,America/New_York,Yahoo Finance
PLMR,2026-09-01,132.8800048828125,134.41000366210938,131.0399932861328,131.86000061035156,131.86000061035156,176800,USD,NMS,America/New_York,Yahoo Finance
PLMR,2026-09-02,131.86000061035156,133.89999389648438,131.65499877929688,132.1199951171875,132.1199951171875,162800,USD,NMS,America/New_York,Yahoo Finance
PLMR,2026-09-03,133.22000122070312,136.42999267578125,133.22000122070312,136.1199951171875,136.1199951171875,136700,USD,NMS,America/New_York,Yahoo Finance
PLMR,2026-09-04,134.25999450683594,137.39999389648438,133.5399932861328,136.5800018310547,136.5800018310547,214200,USD,NMS,America/New_York,Yahoo Finance
PLMR,2026-09-08,134.39999389648438,135.33999633789062,133.11000061035156,134.02999877929688,134.02999877929688,250300,USD,NMS,America/New_York,Yahoo Finance
PLMR,2026-09-09,133.1300048828125,134.3249969482422,130.0800018310547,133.11000061035156,133.11000061035156,164800,USD,NMS,America/New_York,Yahoo Finance
PLMR,2026-09-10,134.4499969482422,136.82000732421875,130.66000366210938,132.9199981689453,132.9199981689453,218900,USD,NMS,America/New_York,Yahoo Finance
PLMR,2026-09-11,134.83999633789062,134.9600067138672,131.09500122070312,133.66000366210938,133.66000366210938,160100,USD,NMS,America/New_York,Yahoo Finance
PLMR,2026-09-14,136.42999267578125,137.64999389648438,134.59500122070312,137.55999755859375,137.55999755859375,140900,USD,NMS,America/New_York,Yahoo Finance
PLMR,2026-09-15,137.14999389648438,138.61000061035156,134.88999938964844,138.44000244140625,138.44000244140625,237100,USD,NMS,America/New_York,Yahoo Finance
PLMR,2026-09-16,136.5500030517578,141.17999267578125,135.93499755859375,140.77999877929688,140.77999877929688,438600,USD,NMS,America/New_York,Yahoo Finance
PLMR,2026-09-17,142.3699951171875,142.57000732421875,136.3699951171875,137.36000061035156,137.36000061035156,235900,USD,NMS,America/New_York,Yahoo Finance
PLMR,2026-09-18,135.77000427246094,136.8800048828125,135.1199951171875,136.0,136.0,427700,USD,NMS,America/New_York,Yahoo Finance
PLMR,2026-09-21,135.67999267578125,136.05499267578125,133.9499969482422,134.08999633789062,134.08999633789062,172000,USD,NMS,America/New_York,Yahoo Finance
PLMR,2026-09-22,133.91000366210938,134.58999633789062,129.61000061035156,131.5399932861328,131.5399932861328,265600,USD,NMS,America/New_York,Yahoo Finance
PLMR,2026-09-23,131.13999938964844,131.88999938964844,126.80000305175781,127.20999908447266,127.20999908447266,281900,USD,NMS,America/New_York,Yahoo Finance
PLMR,2026-09-24,127.41999816894531,129.2899932861328,125.44999694824219,125.62999725341797,125.62999725341797,241300,USD,NMS,America/New_York,Yahoo Finance
PLMR,2026-09-25,125.6500015258789,125.83999633789062,123.91000366210938,123.98999786376953,123.98999786376953,202000,USD,NMS,America/New_York,Yahoo Finance
PLMR,2026-09-28,124.16999816894531,125.0199966430664,121.12999725341797,123.04000091552734,123.04000091552734,234200,USD,NMS,America/New_York,Yahoo Finance
PODD,2026-08-17,141.32000732421875,142.1300048828125,138.27999877929688,139.6999969482422,139.6999969482422,1949000,USD,NMS,America/New_York,Yahoo Finance
PODD,2026-08-18,139.91000366210938,149.33999633789062,139.4499969482422,148.02999877929688,148.02999877929688,1622300,USD,NMS,America/New_York,Yahoo Finance
PODD,2026-08-19,148.0,155.1699981689453,147.9600067138672,151.50999450683594,151.50999450683594,1311300,USD,NMS,America/New_York,Yahoo Finance
PODD,2026-08-20,151.74000549316406,152.69000244140625,146.6699981689453,146.8699951171875,146.8699951171875,1212700,USD,NMS,America/New_York,Yahoo Finance
PODD,2026-08-21,146.8699951171875,150.1999969482422,145.0399932861328,148.16000366210938,148.16000366210938,903600,USD,NMS,America/New_York,Yahoo Finance
PODD,2026-08-24,151.1699981689453,151.75,145.14999389648438,145.4199981689453,145.4199981689453,1568500,USD,NMS,America/New_York,Yahoo Finance
PODD,2026-08-25,145.27999877929688,146.10000610351562,141.77999877929688,143.0500030517578,143.0500030517578,1925300,USD,NMS,America/New_York,Yahoo Finance
PODD,2026-08-26,141.27000427246094,144.63999938964844,141.22999572753906,143.3800048828125,143.3800048828125,1424000,USD,NMS,America/New_York,Yahoo Finance
PODD,2026-08-27,142.9600067138672,144.60000610351562,140.97999572753906,143.41000366210938,143.41000366210938,1338200,USD,NMS,America/New_York,Yahoo Finance
PODD,2026-08-28,144.1999969482422,146.6699981689453,143.80999755859375,145.1300048828125,145.1300048828125,1043300,USD,NMS,America/New_York,Yahoo Finance
PODD,2026-08-31,142.92999267578125,149.67999267578125,142.00999450683594,148.66000366210938,148.66000366210938,6634900,USD,NMS,America/New_York,Yahoo Finance
PODD,2026-09-01,149.7899932861328,151.16000366210938,146.80999755859375,148.3800048828125,148.3800048828125,1288000,USD,NMS,America/New_York,Yahoo Finance
PODD,2026-09-02,148.0,151.5,147.2100067138672,148.13999938964844,148.13999938964844,1113900,USD,NMS,America/New_York,Yahoo Finance
PODD,2026-09-03,148.13999938964844,150.99000549316406,145.16000366210938,150.5800018310547,150.5800018310547,1157600,USD,NMS,America/New_York,Yahoo Finance
PODD,2026-09-04,149.32000732421875,150.55999755859375,145.4199981689453,147.47999572753906,147.47999572753906,1058400,USD,NMS,America/New_York,Yahoo Finance
PODD,2026-09-08,147.38999938964844,147.38999938964844,139.27000427246094,142.27999877929688,142.27999877929688,2232000,USD,NMS,America/New_York,Yahoo Finance
PODD,2026-09-09,140.25999450683594,142.69000244140625,137.25,137.9199981689453,137.9199981689453,2058700,USD,NMS,America/New_York,Yahoo Finance
PODD,2026-09-10,136.74000549316406,138.66000366210938,134.11000061035156,134.67999267578125,134.67999267578125,1866900,USD,NMS,America/New_York,Yahoo Finance
PODD,2026-09-11,135.39999389648438,135.5800018310547,131.24000549316406,131.9600067138672,131.9600067138672,1747900,USD,NMS,America/New_York,Yahoo Finance
PODD,2026-09-14,134.22999572753906,137.97999572753906,131.61000061035156,137.8000030517578,137.8000030517578,2343500,USD,NMS,America/New_York,Yahoo Finance
PODD,2026-09-15,137.58999633789062,140.27999877929688,136.16000366210938,139.24000549316406,139.24000549316406,1495900,USD,NMS,America/New_York,Yahoo Finance
PODD,2026-09-16,138.86000061035156,143.4499969482422,138.11000061035156,140.60000610351562,140.60000610351562,1347100,USD,NMS,America/New_York,Yahoo Finance
PODD,2026-09-17,140.3800048828125,141.8000030517578,138.50999450683594,141.5500030517578,141.5500030517578,1197300,USD,NMS,America/New_York,Yahoo Finance
PODD,2026-09-18,141.25,142.1699981689453,139.9600067138672,140.60000610351562,140.60000610351562,2506200,USD,NMS,America/New_York,Yahoo Finance
PODD,2026-09-21,140.60000610351562,141.49000549316406,138.58999633789062,140.52999877929688,140.52999877929688,1335600,USD,NMS,America/New_York,Yahoo Finance
PODD,2026-09-22,141.92999267578125,142.0399932861328,137.60000610351562,139.3800048828125,139.3800048828125,1246600,USD,NMS,America/New_York,Yahoo Finance
PODD,2026-09-23,139.07000732421875,139.82000732421875,134.72999572753906,136.49000549316406,136.49000549316406,1021300,USD,NMS,America/New_York,Yahoo Finance
PODD,2026-09-24,136.8000030517578,139.35000610351562,134.5500030517578,135.77999877929688,135.77999877929688,1085500,USD,NMS,America/New_York,Yahoo Finance
PODD,2026-09-25,135.77999877929688,138.05999755859375,134.47999572753906,136.1300048828125,136.1300048828125,1056000,USD,NMS,America/New_York,Yahoo Finance
PODD,2026-09-28,134.44000244140625,135.39999389648438,130.38999938964844,133.11000061035156,133.11000061035156,1724700,USD,NMS,America/New_York,Yahoo Finance
PRM,2026-08-17,33.849998474121094,34.25,32.369998931884766,32.59000015258789,32.59000015258789,1086800,USD,NYQ,America/New_York,Yahoo Finance
PRM,2026-08-18,32.2400016784668,32.814998626708984,31.479999542236328,31.799999237060547,31.799999237060547,2019500,USD,NYQ,America/New_York,Yahoo Finance
PRM,2026-08-19,32.33000183105469,33.79999923706055,30.350000381469727,30.450000762939453,30.450000762939453,1477600,USD,NYQ,America/New_York,Yahoo Finance
PRM,2026-08-20,30.1200008392334,31.479999542236328,30.1200008392334,31.06999969482422,31.06999969482422,1257900,USD,NYQ,America/New_York,Yahoo Finance
PRM,2026-08-21,30.989999771118164,31.690000534057617,30.68000030517578,31.440000534057617,31.440000534057617,1096200,USD,NYQ,America/New_York,Yahoo Finance
PRM,2026-08-24,31.389999389648438,31.5,30.59000015258789,30.65999984741211,30.65999984741211,1054000,USD,NYQ,America/New_York,Yahoo Finance
PRM,2026-08-25,30.8700008392334,32.02000045776367,30.670000076293945,31.299999237060547,31.299999237060547,804400,USD,NYQ,America/New_York,Yahoo Finance
PRM,2026-08-26,31.530000686645508,31.799999237060547,30.989999771118164,31.15999984741211,31.15999984741211,885200,USD,NYQ,America/New_York,Yahoo Finance
PRM,2026-08-27,31.350000381469727,32.310001373291016,31.190000534057617,32.029998779296875,32.029998779296875,669000,USD,NYQ,America/New_York,Yahoo Finance
PRM,2026-08-28,32.189998626708984,32.564998626708984,30.59000015258789,30.6200008392334,30.6200008392334,725800,USD,NYQ,America/New_York,Yahoo Finance
PRM,2026-08-31,30.690000534057617,31.299999237060547,30.3700008392334,30.5,30.5,885100,USD,NYQ,America/New_York,Yahoo Finance
PRM,2026-09-01,30.219999313354492,30.5,29.65999984741211,30.34000015258789,30.34000015258789,831200,USD,NYQ,America/New_York,Yahoo Finance
PRM,2026-09-02,30.329999923706055,31.110000610351562,30.299999237060547,30.90999984741211,30.90999984741211,866400,USD,NYQ,America/New_York,Yahoo Finance
PRM,2026-09-03,31.229999542236328,32.060001373291016,30.6299991607666,32.04999923706055,32.04999923706055,1019100,USD,NYQ,America/New_York,Yahoo Finance
PRM,2026-09-04,31.760000228881836,32.209999084472656,31.729999542236328,31.760000228881836,31.760000228881836,1201100,USD,NYQ,America/New_York,Yahoo Finance
PRM,2026-09-08,31.809999465942383,32.5099983215332,31.600000381469727,32.04999923706055,32.04999923706055,899300,USD,NYQ,America/New_York,Yahoo Finance
PRM,2026-09-09,32.150001525878906,32.45000076293945,31.049999237060547,31.229999542236328,31.229999542236328,1000200,USD,NYQ,America/New_York,Yahoo Finance
PRM,2026-09-10,30.790000915527344,31.514999389648438,30.3700008392334,30.540000915527344,30.540000915527344,1193500,USD,NYQ,America/New_York,Yahoo Finance
PRM,2026-09-11,31.100000381469727,32.099998474121094,30.790000915527344,31.559999465942383,31.559999465942383,1142000,USD,NYQ,America/New_York,Yahoo Finance
PRM,2026-09-14,31.010000228881836,31.360000610351562,30.549999237060547,31.209999084472656,31.209999084472656,963600,USD,NYQ,America/New_York,Yahoo Finance
PRM,2026-09-15,31.389999389648438,31.790000915527344,30.8799991607666,31.559999465942383,31.559999465942383,968000,USD,NYQ,America/New_York,Yahoo Finance
PRM,2026-09-16,31.719999313354492,31.940000534057617,31.139999389648438,31.899999618530273,31.899999618530273,1046800,USD,NYQ,America/New_York,Yahoo Finance
PRM,2026-09-17,31.920000076293945,32.59000015258789,31.850000381469727,32.18000030517578,32.18000030517578,1003800,USD,NYQ,America/New_York,Yahoo Finance
PRM,2026-09-18,32.16999816894531,32.650001525878906,31.93000030517578,32.18000030517578,32.18000030517578,2090900,USD,NYQ,America/New_York,Yahoo Finance
PRM,2026-09-21,32.47999954223633,32.47999954223633,31.3700008392334,31.6299991607666,31.6299991607666,1020700,USD,NYQ,America/New_York,Yahoo Finance
PRM,2026-09-22,31.790000915527344,32.20000076293945,29.68000030517578,29.770000457763672,29.770000457763672,1310500,USD,NYQ,America/New_York,Yahoo Finance
PRM,2026-09-23,29.399999618530273,29.6200008392334,28.260000228881836,28.280000686645508,28.280000686645508,1120700,USD,NYQ,America/New_York,Yahoo Finance
PRM,2026-09-24,28.15999984741211,28.18000030517578,27.260000228881836,28.059999465942383,28.059999465942383,2328200,USD,NYQ,America/New_York,Yahoo Finance
PRM,2026-09-25,28.200000762939453,29.43000030517578,28.073999404907227,29.110000610351562,29.110000610351562,1217800,USD,NYQ,America/New_York,Yahoo Finance
PRM,2026-09-28,29.405000686645508,29.920000076293945,27.8700008392334,27.8799991607666,27.8799991607666,754000,USD,NYQ,America/New_York,Yahoo Finance
PRVA,2026-08-17,21.84000015258789,21.979999542236328,21.440000534057617,21.5,21.5,889300,USD,NMS,America/New_York,Yahoo Finance
PRVA,2026-08-18,21.5,21.850000381469727,21.415000915527344,21.520000457763672,21.520000457763672,929900,USD,NMS,America/New_York,Yahoo Finance
PRVA,2026-08-19,21.729999542236328,22.065000534057617,21.450000762939453,21.489999771118164,21.489999771118164,852100,USD,NMS,America/New_York,Yahoo Finance
PRVA,2026-08-20,21.270000457763672,21.709999084472656,21.014999389648438,21.200000762939453,21.200000762939453,766400,USD,NMS,America/New_York,Yahoo Finance
PRVA,2026-08-21,21.219999313354492,21.344999313354492,21.040000915527344,21.1200008392334,21.1200008392334,914500,USD,NMS,America/New_York,Yahoo Finance
PRVA,2026-08-24,21.1200008392334,21.389999389648438,20.94499969482422,21.020000457763672,21.020000457763672,876600,USD,NMS,America/New_York,Yahoo Finance
PRVA,2026-08-25,21.040000915527344,21.229999542236328,20.81999969482422,21.200000762939453,21.200000762939453,984000,USD,NMS,America/New_York,Yahoo Finance
PRVA,2026-08-26,21.149999618530273,21.489999771118164,21.049999237060547,21.06999969482422,21.06999969482422,724800,USD,NMS,America/New_York,Yahoo Finance
PRVA,2026-08-27,21.049999237060547,21.184999465942383,20.81999969482422,20.860000610351562,20.860000610351562,943500,USD,NMS,America/New_York,Yahoo Finance
PRVA,2026-08-28,20.899999618530273,21.25,20.704999923706055,20.790000915527344,20.790000915527344,823700,USD,NMS,America/New_York,Yahoo Finance
PRVA,2026-08-31,20.579999923706055,20.764999389648438,20.34000015258789,20.489999771118164,20.489999771118164,922100,USD,NMS,America/New_York,Yahoo Finance
PRVA,2026-09-01,20.329999923706055,21.030000686645508,20.329999923706055,20.639999389648438,20.639999389648438,1068800,USD,NMS,America/New_York,Yahoo Finance
PRVA,2026-09-02,20.639999389648438,21.0,20.559999465942383,20.719999313354492,20.719999313354492,1200900,USD,NMS,America/New_York,Yahoo Finance
PRVA,2026-09-03,20.920000076293945,21.079999923706055,20.475000381469727,20.670000076293945,20.670000076293945,2266600,USD,NMS,America/New_York,Yahoo Finance
PRVA,2026-09-04,20.670000076293945,20.825000762939453,20.440000534057617,20.65999984741211,20.65999984741211,869300,USD,NMS,America/New_York,Yahoo Finance
PRVA,2026-09-08,20.479999542236328,21.43000030517578,20.399999618530273,20.780000686645508,20.780000686645508,1378500,USD,NMS,America/New_York,Yahoo Finance
PRVA,2026-09-09,20.549999237060547,20.579999923706055,20.165000915527344,20.420000076293945,20.420000076293945,1038100,USD,NMS,America/New_York,Yahoo Finance
PRVA,2026-09-10,20.420000076293945,20.979999542236328,20.229999542236328,20.3700008392334,20.3700008392334,1263400,USD,NMS,America/New_York,Yahoo Finance
PRVA,2026-09-11,20.610000610351562,20.69499969482422,20.280000686645508,20.420000076293945,20.420000076293945,925300,USD,NMS,America/New_York,Yahoo Finance
PRVA,2026-09-14,20.610000610351562,21.09000015258789,20.610000610351562,20.8799991607666,20.8799991607666,1367400,USD,NMS,America/New_York,Yahoo Finance
PRVA,2026-09-15,20.889999389648438,20.889999389648438,20.239999771118164,20.360000610351562,20.360000610351562,1233800,USD,NMS,America/New_York,Yahoo Finance
PRVA,2026-09-16,20.43000030517578,20.649999618530273,20.110000610351562,20.3700008392334,20.3700008392334,1411800,USD,NMS,America/New_York,Yahoo Finance
PRVA,2026-09-17,20.5,20.65999984741211,20.030000686645508,20.09000015258789,20.09000015258789,1142300,USD,NMS,America/New_York,Yahoo Finance
PRVA,2026-09-18,19.950000762939453,20.165000915527344,19.76099967956543,19.850000381469727,19.850000381469727,2759500,USD,NMS,America/New_York,Yahoo Finance
PRVA,2026-09-21,19.860000610351562,20.450000762939453,19.420000076293945,19.540000915527344,19.540000915527344,980200,USD,NMS,America/New_York,Yahoo Finance
PRVA,2026-09-22,19.530000686645508,19.899999618530273,19.424999237060547,19.459999084472656,19.459999084472656,1091100,USD,NMS,America/New_York,Yahoo Finance
PRVA,2026-09-23,19.389999389648438,19.53499984741211,18.975000381469727,19.100000381469727,19.100000381469727,980100,USD,NMS,America/New_York,Yahoo Finance
PRVA,2026-09-24,19.100000381469727,19.399999618530273,18.915000915527344,19.389999389648438,19.389999389648438,1484700,USD,NMS,America/New_York,Yahoo Finance
PRVA,2026-09-25,19.360000610351562,19.8799991607666,19.280000686645508,19.709999084472656,19.709999084472656,1393800,USD,NMS,America/New_York,Yahoo Finance
PRVA,2026-09-28,19.670000076293945,20.1200008392334,19.5,19.8700008392334,19.8700008392334,1378200,USD,NMS,America/New_York,Yahoo Finance
PTRN,2026-08-17,21.270000457763672,21.344999313354492,20.190000534057617,20.670000076293945,20.670000076293945,2561200,USD,NMS,America/New_York,Yahoo Finance
PTRN,2026-08-18,20.299999237060547,21.309999465942383,20.059999465942383,20.649999618530273,20.649999618530273,1846800,USD,NMS,America/New_York,Yahoo Finance
PTRN,2026-08-19,20.84000015258789,21.145000457763672,20.049999237060547,20.719999313354492,20.719999313354492,1188500,USD,NMS,America/New_York,Yahoo Finance
PTRN,2026-08-20,20.489999771118164,20.719999313354492,19.690000534057617,20.040000915527344,20.040000915527344,1682000,USD,NMS,America/New_York,Yahoo Finance
PTRN,2026-08-21,20.34000015258789,20.959999084472656,19.770000457763672,20.8700008392334,20.8700008392334,1667000,USD,NMS,America/New_York,Yahoo Finance
PTRN,2026-08-24,20.950000762939453,21.889999389648438,20.809999465942383,21.479999542236328,21.479999542236328,1559700,USD,NMS,America/New_York,Yahoo Finance
PTRN,2026-08-25,21.799999237060547,21.989999771118164,21.09000015258789,21.399999618530273,21.399999618530273,1039000,USD,NMS,America/New_York,Yahoo Finance
PTRN,2026-08-26,21.399999618530273,21.545000076293945,21.079999923706055,21.100000381469727,21.100000381469727,1325400,USD,NMS,America/New_York,Yahoo Finance
PTRN,2026-08-27,21.149999618530273,22.489999771118164,21.149999618530273,21.8799991607666,21.8799991607666,2001900,USD,NMS,America/New_York,Yahoo Finance
PTRN,2026-08-28,21.81999969482422,21.979999542236328,21.09000015258789,21.170000076293945,21.170000076293945,961200,USD,NMS,America/New_York,Yahoo Finance
PTRN,2026-08-31,21.170000076293945,21.451000213623047,20.579999923706055,20.729999542236328,20.729999542236328,1339400,USD,NMS,America/New_York,Yahoo Finance
PTRN,2026-09-01,20.5,20.6200008392334,19.860000610351562,20.030000686645508,20.030000686645508,1058500,USD,NMS,America/New_York,Yahoo Finance
PTRN,2026-09-02,20.030000686645508,20.469999313354492,19.600000381469727,20.399999618530273,20.399999618530273,1023400,USD,NMS,America/New_York,Yahoo Finance
PTRN,2026-09-03,20.489999771118164,20.770000457763672,20.1200008392334,20.59000015258789,20.59000015258789,783500,USD,NMS,America/New_York,Yahoo Finance
PTRN,2026-09-04,20.450000762939453,20.584999084472656,19.639999389648438,20.200000762939453,20.200000762939453,903400,USD,NMS,America/New_York,Yahoo Finance
PTRN,2026-09-08,20.25,20.25,19.270000457763672,19.65999984741211,19.65999984741211,1347700,USD,NMS,America/New_York,Yahoo Finance
PTRN,2026-09-09,19.670000076293945,19.979999542236328,19.40999984741211,19.649999618530273,19.649999618530273,1428800,USD,NMS,America/New_York,Yahoo Finance
PTRN,2026-09-10,19.260000228881836,19.969999313354492,19.149999618530273,19.860000610351562,19.860000610351562,1735500,USD,NMS,America/New_York,Yahoo Finance
PTRN,2026-09-11,20.15999984741211,20.5,19.889999389648438,20.049999237060547,20.049999237060547,817100,USD,NMS,America/New_York,Yahoo Finance
PTRN,2026-09-14,19.969999313354492,20.375,19.649999618530273,19.969999313354492,19.969999313354492,994700,USD,NMS,America/New_York,Yahoo Finance
PTRN,2026-09-15,19.959999084472656,20.229999542236328,19.059999465942383,19.440000534057617,19.440000534057617,1879300,USD,NMS,America/New_York,Yahoo Finance
PTRN,2026-09-16,19.440000534057617,20.350000381469727,19.209999084472656,19.639999389648438,19.639999389648438,2053900,USD,NMS,America/New_York,Yahoo Finance
PTRN,2026-09-17,20.100000381469727,20.100000381469727,19.260000228881836,19.43000030517578,19.43000030517578,1244100,USD,NMS,America/New_York,Yahoo Finance
PTRN,2026-09-18,19.43000030517578,19.989999771118164,19.399999618530273,19.56999969482422,19.56999969482422,5334700,USD,NMS,America/New_York,Yahoo Finance
PTRN,2026-09-21,19.770000457763672,20.260000228881836,19.5,20.239999771118164,20.239999771118164,1999100,USD,NMS,America/New_York,Yahoo Finance
PTRN,2026-09-22,20.309999465942383,20.73900032043457,19.729999542236328,20.40999984741211,20.40999984741211,1285400,USD,NMS,America/New_York,Yahoo Finance
PTRN,2026-09-23,20.219999313354492,20.3700008392334,19.260000228881836,19.360000610351562,19.360000610351562,1654900,USD,NMS,America/New_York,Yahoo Finance
PTRN,2026-09-24,19.329999923706055,19.690000534057617,17.520000457763672,17.940000534057617,17.940000534057617,2372100,USD,NMS,America/New_York,Yahoo Finance
PTRN,2026-09-25,17.860000610351562,18.079999923706055,16.90999984741211,17.020000457763672,17.020000457763672,2092500,USD,NMS,America/New_York,Yahoo Finance
PTRN,2026-09-28,16.770000457763672,17.010000228881836,16.229999542236328,16.770000457763672,16.770000457763672,1674100,USD,NMS,America/New_York,Yahoo Finance
RARE,2026-08-17,26.260000228881836,26.510000228881836,25.809999465942383,26.1299991607666,26.1299991607666,1315700,USD,NMS,America/New_York,Yahoo Finance
RARE,2026-08-18,25.68000030517578,26.108999252319336,24.969999313354492,25.489999771118164,25.489999771118164,1793100,USD,NMS,America/New_York,Yahoo Finance
RARE,2026-08-19,26.280000686645508,26.68000030517578,26.0,26.239999771118164,26.239999771118164,2846600,USD,NMS,America/New_York,Yahoo Finance
RARE,2026-08-20,28.389999389648438,28.5,25.040000915527344,25.31999969482422,25.31999969482422,3841100,USD,NMS,America/New_York,Yahoo Finance
RARE,2026-08-21,25.760000228881836,26.75,25.690000534057617,25.829999923706055,25.829999923706055,2392300,USD,NMS,America/New_York,Yahoo Finance
RARE,2026-08-24,25.75,26.09000015258789,25.299999237060547,25.719999313354492,25.719999313354492,1536400,USD,NMS,America/New_York,Yahoo Finance
RARE,2026-08-25,26.25,26.915000915527344,26.0,26.459999084472656,26.459999084472656,3807400,USD,NMS,America/New_York,Yahoo Finance
RARE,2026-08-26,26.545000076293945,26.665000915527344,25.613000869750977,26.440000534057617,26.440000534057617,1666100,USD,NMS,America/New_York,Yahoo Finance
RARE,2026-08-27,26.3799991607666,26.559999465942383,25.829999923706055,26.260000228881836,26.260000228881836,1142600,USD,NMS,America/New_York,Yahoo Finance
RARE,2026-08-28,26.540000915527344,26.729999542236328,25.3700008392334,25.610000610351562,25.610000610351562,1612600,USD,NMS,America/New_York,Yahoo Finance
RARE,2026-08-31,25.450000762939453,25.899999618530273,24.731000900268555,25.209999084472656,25.209999084472656,1934100,USD,NMS,America/New_York,Yahoo Finance
RARE,2026-09-01,25.21500015258789,25.850000381469727,25.104999542236328,25.809999465942383,25.809999465942383,1871300,USD,NMS,America/New_York,Yahoo Finance
RARE,2026-09-02,25.959999084472656,26.795000076293945,25.56999969482422,26.530000686645508,26.530000686645508,7170800,USD,NMS,America/New_York,Yahoo Finance
RARE,2026-09-03,14.0,15.0,13.8100004196167,14.850000381469727,14.850000381469727,27159700,USD,NMS,America/New_York,Yahoo Finance
RARE,2026-09-04,15.475000381469727,16.079999923706055,15.229999542236328,15.300000190734863,15.300000190734863,11494500,USD,NMS,America/New_York,Yahoo Finance
RARE,2026-09-08,15.097000122070312,15.25,14.628000259399414,14.880000114440918,14.880000114440918,5926500,USD,NMS,America/New_York,Yahoo Finance
RARE,2026-09-09,14.770000457763672,15.194999694824219,14.270000457763672,14.3100004196167,14.3100004196167,4573600,USD,NMS,America/New_York,Yahoo Finance
RARE,2026-09-10,14.25,14.4399995803833,13.949999809265137,14.399999618530273,14.399999618530273,3659800,USD,NMS,America/New_York,Yahoo Finance
RARE,2026-09-11,14.430000305175781,14.699999809265137,14.130000114440918,14.300000190734863,14.300000190734863,3252100,USD,NMS,America/New_York,Yahoo Finance
RARE,2026-09-14,14.4399995803833,14.444000244140625,13.600000381469727,13.609999656677246,13.609999656677246,5929200,USD,NMS,America/New_York,Yahoo Finance
RARE,2026-09-15,13.5600004196167,13.59000015258789,12.880000114440918,13.069999694824219,13.069999694824219,5655000,USD,NMS,America/New_York,Yahoo Finance
RARE,2026-09-16,13.069999694824219,13.220000267028809,12.729999542236328,12.880000114440918,12.880000114440918,5031200,USD,NMS,America/New_York,Yahoo Finance
RARE,2026-09-17,13.220000267028809,14.574999809265137,13.199999809265137,14.5,14.5,12427800,USD,NMS,America/New_York,Yahoo Finance
RARE,2026-09-18,14.789999961853027,15.069999694824219,14.069999694824219,14.510000228881836,14.510000228881836,13328100,USD,NMS,America/New_York,Yahoo Finance
RARE,2026-09-21,14.579999923706055,15.010000228881836,14.274999618530273,14.649999618530273,14.649999618530273,5269500,USD,NMS,America/New_York,Yahoo Finance
RARE,2026-09-22,14.779999732971191,16.1200008392334,14.475000381469727,15.614999771118164,15.614999771118164,8134200,USD,NMS,America/New_York,Yahoo Finance
RARE,2026-09-23,15.399999618530273,15.498000144958496,14.539999961853027,14.880000114440918,14.880000114440918,5704900,USD,NMS,America/New_York,Yahoo Finance
RARE,2026-09-24,14.729999542236328,14.869999885559082,14.545000076293945,14.770000457763672,14.770000457763672,3488700,USD,NMS,America/New_York,Yahoo Finance
RARE,2026-09-25,14.869999885559082,14.9399995803833,14.151000022888184,14.5,14.5,4303700,USD,NMS,America/New_York,Yahoo Finance
RARE,2026-09-28,14.329999923706055,14.470000267028809,14.109999656677246,14.40999984741211,14.40999984741211,4896400,USD,NMS,America/New_York,Yahoo Finance
RDDT,2026-08-17,177.50999450683594,178.33999633789062,164.17999267578125,164.5,164.5,37846200,USD,NYQ,America/New_York,Yahoo Finance
RDDT,2026-08-18,166.10000610351562,167.5399932861328,157.4499969482422,158.25,158.25,7447300,USD,NYQ,America/New_York,Yahoo Finance
RDDT,2026-08-19,156.66000366210938,158.25,151.36700439453125,151.7100067138672,151.7100067138672,8157200,USD,NYQ,America/New_York,Yahoo Finance
RDDT,2026-08-20,149.61000061035156,150.77000427246094,144.0500030517578,150.30999755859375,150.30999755859375,7672000,USD,NYQ,America/New_York,Yahoo Finance
RDDT,2026-08-21,151.7899932861328,155.3000030517578,150.03799438476562,153.2899932861328,153.2899932861328,4545500,USD,NYQ,America/New_York,Yahoo Finance
RDDT,2026-08-24,150.00999450683594,154.39999389648438,149.1999969482422,152.6999969482422,152.6999969482422,3524500,USD,NYQ,America/New_York,Yahoo Finance
RDDT,2026-08-25,153.49000549316406,162.625,152.77000427246094,162.4499969482422,162.4499969482422,4378800,USD,NYQ,America/New_York,Yahoo Finance
RDDT,2026-08-26,161.0,165.91000366210938,155.27000427246094,155.36000061035156,155.36000061035156,3687200,USD,NYQ,America/New_York,Yahoo Finance
RDDT,2026-08-27,155.75999450683594,158.99000549316406,153.5,153.9499969482422,153.9499969482422,2711000,USD,NYQ,America/New_York,Yahoo Finance
RDDT,2026-08-28,152.25,158.86000061035156,152.0570068359375,153.0,153.0,2749300,USD,NYQ,America/New_York,Yahoo Finance
RDDT,2026-08-31,151.32000732421875,151.94200134277344,146.6199951171875,147.80999755859375,147.80999755859375,3857600,USD,NYQ,America/New_York,Yahoo Finance
RDDT,2026-09-01,144.7899932861328,147.86300659179688,143.8000030517578,144.63999938964844,144.63999938964844,3790100,USD,NYQ,America/New_York,Yahoo Finance
RDDT,2026-09-02,144.02000427246094,158.27000427246094,143.47000122070312,158.10000610351562,158.10000610351562,6230000,USD,NYQ,America/New_York,Yahoo Finance
RDDT,2026-09-03,159.25999450683594,162.5,154.63099670410156,155.99000549316406,155.99000549316406,4029100,USD,NYQ,America/New_York,Yahoo Finance
RDDT,2026-09-04,155.74000549316406,156.49000549316406,152.35000610351562,154.4600067138672,154.4600067138672,2830500,USD,NYQ,America/New_York,Yahoo Finance
RDDT,2026-09-08,155.00999450683594,156.60000610351562,148.4600067138672,149.3800048828125,149.3800048828125,5010300,USD,NYQ,America/New_York,Yahoo Finance
RDDT,2026-09-09,148.63999938964844,149.21499633789062,145.16600036621094,146.44000244140625,146.44000244140625,4820400,USD,NYQ,America/New_York,Yahoo Finance
RDDT,2026-09-10,146.33999633789062,156.9499969482422,144.8000030517578,155.33999633789062,155.33999633789062,5813400,USD,NYQ,America/New_York,Yahoo Finance
RDDT,2026-09-11,157.5500030517578,159.5,154.61000061035156,157.77000427246094,157.77000427246094,3192600,USD,NYQ,America/New_York,Yahoo Finance
RDDT,2026-09-14,160.0,166.17999267578125,157.11000061035156,162.3800048828125,162.3800048828125,4549600,USD,NYQ,America/New_York,Yahoo Finance
RDDT,2026-09-15,157.89999389648438,164.16000366210938,157.30499267578125,159.6300048828125,159.6300048828125,5089400,USD,NYQ,America/New_York,Yahoo Finance
RDDT,2026-09-16,160.6199951171875,162.0399932861328,156.16000366210938,157.60000610351562,157.60000610351562,2898700,USD,NYQ,America/New_York,Yahoo Finance
RDDT,2026-09-17,154.7100067138672,156.52999877929688,149.2100067138672,152.8300018310547,152.8300018310547,5741800,USD,NYQ,America/New_York,Yahoo Finance
RDDT,2026-09-18,152.69000244140625,154.10000610351562,150.1999969482422,150.85000610351562,150.85000610351562,13889200,USD,NYQ,America/New_York,Yahoo Finance
RDDT,2026-09-21,152.6699981689453,160.35000610351562,151.74000549316406,158.72999572753906,158.72999572753906,5457500,USD,NYQ,America/New_York,Yahoo Finance
RDDT,2026-09-22,161.27999877929688,161.6699981689453,152.3300018310547,155.6699981689453,155.6699981689453,4252600,USD,NYQ,America/New_York,Yahoo Finance
RDDT,2026-09-23,154.00999450683594,154.94000244140625,147.77000427246094,151.97999572753906,151.97999572753906,4569700,USD,NYQ,America/New_York,Yahoo Finance
RDDT,2026-09-24,151.5,153.8800048828125,150.1999969482422,152.72000122070312,152.72000122070312,3256700,USD,NYQ,America/New_York,Yahoo Finance
RDDT,2026-09-25,152.72999572753906,154.75999450683594,149.82000732421875,149.83999633789062,149.83999633789062,2869300,USD,NYQ,America/New_York,Yahoo Finance
RDDT,2026-09-28,149.0,149.2899932861328,143.0800018310547,143.0800018310547,143.0800018310547,4312700,USD,NYQ,America/New_York,Yahoo Finance
RDN,2026-08-17,37.060001373291016,37.33000183105469,36.81999969482422,37.04999923706055,36.79179382324219,718500,USD,NYQ,America/New_York,Yahoo Finance
RDN,2026-08-18,37.380001068115234,37.68000030517578,36.84000015258789,36.849998474121094,36.59318923950195,687500,USD,NYQ,America/New_York,Yahoo Finance
RDN,2026-08-19,36.959999084472656,37.099998474121094,36.33000183105469,36.36000061035156,36.106605529785156,1000400,USD,NYQ,America/New_York,Yahoo Finance
RDN,2026-08-20,36.130001068115234,36.72999954223633,36.08000183105469,36.65999984741211,36.40451431274414,866200,USD,NYQ,America/New_York,Yahoo Finance
RDN,2026-08-21,36.810001373291016,36.97999954223633,36.56999969482422,36.59000015258789,36.33500289916992,953100,USD,NYQ,America/New_York,Yahoo Finance
RDN,2026-08-24,36.34000015258789,36.790000915527344,36.34000015258789,36.709999084472656,36.709999084472656,955300,USD,NYQ,America/New_York,Yahoo Finance
RDN,2026-08-25,36.66999816894531,36.95000076293945,36.22999954223633,36.83000183105469,36.83000183105469,937300,USD,NYQ,America/New_York,Yahoo Finance
RDN,2026-08-26,36.83000183105469,36.84000015258789,36.29999923706055,36.810001373291016,36.810001373291016,857200,USD,NYQ,America/New_York,Yahoo Finance
RDN,2026-08-27,37.0,37.0,36.33000183105469,36.52000045776367,36.52000045776367,893600,USD,NYQ,America/New_York,Yahoo Finance
RDN,2026-08-28,36.63999938964844,36.779998779296875,36.380001068115234,36.40999984741211,36.40999984741211,907300,USD,NYQ,America/New_York,Yahoo Finance
RDN,2026-08-31,36.36000061035156,36.5,35.75,35.86000061035156,35.86000061035156,1407300,USD,NYQ,America/New_York,Yahoo Finance
RDN,2026-09-01,36.0,36.38999938964844,35.7400016784668,35.79999923706055,35.79999923706055,704600,USD,NYQ,America/New_York,Yahoo Finance
RDN,2026-09-02,35.9900016784668,36.52000045776367,35.84000015258789,36.4900016784668,36.4900016784668,781100,USD,NYQ,America/New_York,Yahoo Finance
RDN,2026-09-03,36.72999954223633,37.119998931884766,36.630001068115234,36.810001373291016,36.810001373291016,657100,USD,NYQ,America/New_York,Yahoo Finance
RDN,2026-09-04,36.540000915527344,36.779998779296875,36.38999938964844,36.65999984741211,36.65999984741211,830600,USD,NYQ,America/New_York,Yahoo Finance
RDN,2026-09-08,36.41999816894531,36.70000076293945,36.02000045776367,36.04999923706055,36.04999923706055,615000,USD,NYQ,America/New_York,Yahoo Finance
RDN,2026-09-09,36.060001373291016,36.4900016784668,35.83000183105469,36.349998474121094,36.349998474121094,761900,USD,NYQ,America/New_York,Yahoo Finance
RDN,2026-09-10,36.380001068115234,36.380001068115234,35.900001525878906,36.220001220703125,36.220001220703125,678100,USD,NYQ,America/New_York,Yahoo Finance
RDN,2026-09-11,36.45000076293945,36.5,35.529998779296875,35.619998931884766,35.619998931884766,1317800,USD,NYQ,America/New_York,Yahoo Finance
RDN,2026-09-14,36.29999923706055,36.29999923706055,35.66999816894531,35.849998474121094,35.849998474121094,1161200,USD,NYQ,America/New_York,Yahoo Finance
RDN,2026-09-15,35.66999816894531,35.93000030517578,34.27000045776367,35.36000061035156,35.36000061035156,2367100,USD,NYQ,America/New_York,Yahoo Finance
RDN,2026-09-16,35.29999923706055,35.439998626708984,34.900001525878906,35.27000045776367,35.27000045776367,1611900,USD,NYQ,America/New_York,Yahoo Finance
RDN,2026-09-17,35.310001373291016,35.310001373291016,34.77000045776367,34.79999923706055,34.79999923706055,941100,USD,NYQ,America/New_York,Yahoo Finance
RDN,2026-09-18,34.58000183105469,35.06999969482422,34.58000183105469,35.0099983215332,35.0099983215332,2937200,USD,NYQ,America/New_York,Yahoo Finance
RDN,2026-09-21,35.02000045776367,35.119998931884766,34.31999969482422,34.31999969482422,34.31999969482422,863100,USD,NYQ,America/New_York,Yahoo Finance
RDN,2026-09-22,34.70000076293945,35.209999084472656,34.43000030517578,34.689998626708984,34.689998626708984,1421600,USD,NYQ,America/New_York,Yahoo Finance
RDN,2026-09-23,34.560001373291016,34.88999938964844,34.5,34.540000915527344,34.540000915527344,808700,USD,NYQ,America/New_York,Yahoo Finance
RDN,2026-09-24,34.599998474121094,34.970001220703125,33.40999984741211,33.540000915527344,33.540000915527344,1369300,USD,NYQ,America/New_York,Yahoo Finance
RDN,2026-09-25,33.599998474121094,33.599998474121094,32.97999954223633,33.02000045776367,33.02000045776367,1304800,USD,NYQ,America/New_York,Yahoo Finance
RDN,2026-09-28,32.970001220703125,33.099998474121094,32.61000061035156,33.0,33.0,1913200,USD,NYQ,America/New_York,Yahoo Finance
RGC,2026-08-17,5.400000095367432,5.550000190734863,5.099999904632568,5.349999904632568,5.349999904632568,185200,USD,NCM,America/New_York,Yahoo Finance
RGC,2026-08-18,5.320000171661377,5.539999961853027,5.218999862670898,5.460000038146973,5.460000038146973,88800,USD,NCM,America/New_York,Yahoo Finance
RGC,2026-08-19,5.420000076293945,6.135000228881836,5.420000076293945,5.809999942779541,5.809999942779541,256900,USD,NCM,America/New_York,Yahoo Finance
RGC,2026-08-20,5.760000228881836,6.054999828338623,5.369999885559082,5.440000057220459,5.440000057220459,140700,USD,NCM,America/New_York,Yahoo Finance
RGC,2026-08-21,5.440000057220459,5.5,5.21999979019165,5.300000190734863,5.300000190734863,153300,USD,NCM,America/New_York,Yahoo Finance
RGC,2026-08-24,5.300000190734863,5.349999904632568,5.159999847412109,5.289999961853027,5.289999961853027,150300,USD,NCM,America/New_York,Yahoo Finance
RGC,2026-08-25,5.389999866485596,5.550000190734863,5.170000076293945,5.539999961853027,5.539999961853027,79300,USD,NCM,America/New_York,Yahoo Finance
RGC,2026-08-26,5.53000020980835,5.579999923706055,5.400000095367432,5.5,5.5,61300,USD,NCM,America/New_York,Yahoo Finance
RGC,2026-08-27,5.519999980926514,5.630000114440918,5.426000118255615,5.519999980926514,5.519999980926514,73600,USD,NCM,America/New_York,Yahoo Finance
RGC,2026-08-28,5.5,5.699999809265137,5.440000057220459,5.5,5.5,73400,USD,NCM,America/New_York,Yahoo Finance
RGC,2026-08-31,5.5,5.539999961853027,5.429999828338623,5.510000228881836,5.510000228881836,39600,USD,NCM,America/New_York,Yahoo Finance
RGC,2026-09-01,5.380000114440918,5.510000228881836,5.179999828338623,5.5,5.5,102100,USD,NCM,America/New_York,Yahoo Finance
RGC,2026-09-02,5.440000057220459,6.599999904632568,5.440000057220459,6.309999942779541,6.309999942779541,371500,USD,NCM,America/New_York,Yahoo Finance
RGC,2026-09-03,6.320000171661377,6.900000095367432,5.929999828338623,6.480000019073486,6.480000019073486,415900,USD,NCM,America/New_York,Yahoo Finance
RGC,2026-09-04,6.429999828338623,7.650000095367432,6.349999904632568,6.889999866485596,6.889999866485596,656000,USD,NCM,America/New_York,Yahoo Finance
RGC,2026-09-08,6.909999847412109,7.13700008392334,6.420000076293945,6.820000171661377,6.820000171661377,315600,USD,NCM,America/New_York,Yahoo Finance
RGC,2026-09-09,6.71999979019165,6.743000030517578,5.71999979019165,5.849999904632568,5.849999904632568,291700,USD,NCM,America/New_York,Yahoo Finance
RGC,2026-09-10,5.949999809265137,6.199999809265137,5.561999797821045,5.635000228881836,5.635000228881836,203500,USD,NCM,America/New_York,Yahoo Finance
RGC,2026-09-11,5.840000152587891,5.840000152587891,5.550000190734863,5.639999866485596,5.639999866485596,101700,USD,NCM,America/New_York,Yahoo Finance
RGC,2026-09-14,5.630000114440918,5.840000152587891,5.630000114440918,5.739999771118164,5.739999771118164,72700,USD,NCM,America/New_York,Yahoo Finance
RGC,2026-09-15,5.769999980926514,5.769999980926514,5.489999771118164,5.599999904632568,5.599999904632568,71700,USD,NCM,America/New_York,Yahoo Finance
RGC,2026-09-16,5.619999885559082,5.730000019073486,5.480000019073486,5.679999828338623,5.679999828338623,128000,USD,NCM,America/New_York,Yahoo Finance
RGC,2026-09-17,5.75,5.974999904632568,5.599999904632568,5.960000038146973,5.960000038146973,73000,USD,NCM,America/New_York,Yahoo Finance
RGC,2026-09-18,6.0,6.099999904632568,5.75,5.789999961853027,5.789999961853027,94000,USD,NCM,America/New_York,Yahoo Finance
RGC,2026-09-21,5.739999771118164,6.050000190734863,5.659999847412109,5.920000076293945,5.920000076293945,113300,USD,NCM,America/New_York,Yahoo Finance
RGC,2026-09-22,5.900000095367432,6.400000095367432,5.861000061035156,6.230000019073486,6.230000019073486,126300,USD,NCM,America/New_York,Yahoo Finance
RGC,2026-09-23,6.139999866485596,6.159999847412109,5.921999931335449,5.980000019073486,5.980000019073486,134100,USD,NCM,America/New_York,Yahoo Finance
RGC,2026-09-24,6.079999923706055,6.260000228881836,5.909999847412109,6.170000076293945,6.170000076293945,91100,USD,NCM,America/New_York,Yahoo Finance
RGC,2026-09-25,6.25,6.25,6.054999828338623,6.170000076293945,6.170000076293945,51100,USD,NCM,America/New_York,Yahoo Finance
RGC,2026-09-28,6.150000095367432,6.300000190734863,6.050000190734863,6.199999809265137,6.199999809265137,76000,USD,NCM,America/New_York,Yahoo Finance
RLX,2026-08-17,1.9199999570846558,1.9199999570846558,1.815000057220459,1.8700000047683716,1.8700000047683716,7607700,USD,NYQ,America/New_York,Yahoo Finance
RLX,2026-08-18,1.8600000143051147,1.8700000047683716,1.784999966621399,1.8300000429153442,1.8300000429153442,4206400,USD,NYQ,America/New_York,Yahoo Finance
RLX,2026-08-19,1.840000033378601,1.8600000143051147,1.7899999618530273,1.8300000429153442,1.8300000429153442,3695200,USD,NYQ,America/New_York,Yahoo Finance
RLX,2026-08-20,1.850000023841858,1.850000023841858,1.7999999523162842,1.809999942779541,1.809999942779541,2262300,USD,NYQ,America/New_York,Yahoo Finance
RLX,2026-08-21,1.8200000524520874,1.840000033378601,1.7899999618530273,1.809999942779541,1.809999942779541,1864800,USD,NYQ,America/New_York,Yahoo Finance
RLX,2026-08-24,1.7899999618530273,1.8200000524520874,1.774999976158142,1.809999942779541,1.809999942779541,3400300,USD,NYQ,America/New_York,Yahoo Finance
RLX,2026-08-25,1.809999942779541,1.809999942779541,1.7599999904632568,1.7899999618530273,1.7899999618530273,3280300,USD,NYQ,America/New_York,Yahoo Finance
RLX,2026-08-26,1.7899999618530273,1.815000057220459,1.7899999618530273,1.7899999618530273,1.7899999618530273,2715300,USD,NYQ,America/New_York,Yahoo Finance
RLX,2026-08-27,1.8200000524520874,1.8200000524520874,1.7699999809265137,1.7999999523162842,1.7999999523162842,2573700,USD,NYQ,America/New_York,Yahoo Finance
RLX,2026-08-28,1.8200000524520874,1.840000033378601,1.7899999618530273,1.8300000429153442,1.8300000429153442,2765500,USD,NYQ,America/New_York,Yahoo Finance
RLX,2026-08-31,1.8250000476837158,1.840000033378601,1.7949999570846558,1.8300000429153442,1.8300000429153442,3749300,USD,NYQ,America/New_York,Yahoo Finance
RLX,2026-09-01,1.8200000524520874,1.8250000476837158,1.7400000095367432,1.7899999618530273,1.7899999618530273,6177000,USD,NYQ,America/New_York,Yahoo Finance
RLX,2026-09-02,1.7999999523162842,1.840000033378601,1.7799999713897705,1.840000033378601,1.840000033378601,3445700,USD,NYQ,America/New_York,Yahoo Finance
RLX,2026-09-03,1.850000023841858,1.850000023841858,1.7699999809265137,1.7799999713897705,1.7799999713897705,3266700,USD,NYQ,America/New_York,Yahoo Finance
RLX,2026-09-04,1.7799999713897705,1.809999942779541,1.7649999856948853,1.7999999523162842,1.7999999523162842,4415600,USD,NYQ,America/New_York,Yahoo Finance
RLX,2026-09-08,1.7999999523162842,1.809999942779541,1.7799999713897705,1.7899999618530273,1.7899999618530273,3117400,USD,NYQ,America/New_York,Yahoo Finance
RLX,2026-09-09,1.7899999618530273,1.7999999523162842,1.7350000143051147,1.7599999904632568,1.7599999904632568,5025100,USD,NYQ,America/New_York,Yahoo Finance
RLX,2026-09-10,1.75,1.8049999475479126,1.75,1.7799999713897705,1.7799999713897705,4467500,USD,NYQ,America/New_York,Yahoo Finance
RLX,2026-09-11,1.7899999618530273,1.8049999475479126,1.7599999904632568,1.7699999809265137,1.7699999809265137,2078400,USD,NYQ,America/New_York,Yahoo Finance
RLX,2026-09-14,1.7699999809265137,1.7790000438690186,1.7200000286102295,1.75,1.75,2968100,USD,NYQ,America/New_York,Yahoo Finance
RLX,2026-09-15,1.7599999904632568,1.7699999809265137,1.7300000190734863,1.7300000190734863,1.7300000190734863,1377600,USD,NYQ,America/New_York,Yahoo Finance
RLX,2026-09-16,1.7400000095367432,1.7599999904632568,1.7300000190734863,1.7300000190734863,1.7300000190734863,1669900,USD,NYQ,America/New_York,Yahoo Finance
RLX,2026-09-17,1.7400000095367432,1.75,1.7200000286102295,1.7200000286102295,1.7200000286102295,1909800,USD,NYQ,America/New_York,Yahoo Finance
RLX,2026-09-18,1.7200000286102295,1.7300000190734863,1.6699999570846558,1.6799999475479126,1.6799999475479126,44772700,USD,NYQ,America/New_York,Yahoo Finance
RLX,2026-09-21,1.7300000190734863,1.7649999856948853,1.715000033378601,1.7200000286102295,1.7200000286102295,2855300,USD,NYQ,America/New_York,Yahoo Finance
RLX,2026-09-22,1.7300000190734863,1.75,1.7300000190734863,1.75,1.75,1141800,USD,NYQ,America/New_York,Yahoo Finance
RLX,2026-09-23,1.75,1.75,1.7100000381469727,1.7200000286102295,1.7200000286102295,2318300,USD,NYQ,America/New_York,Yahoo Finance
RLX,2026-09-24,1.7200000286102295,1.7300000190734863,1.690000057220459,1.7100000381469727,1.7100000381469727,3957700,USD,NYQ,America/New_York,Yahoo Finance
RLX,2026-09-25,1.7100000381469727,1.7200000286102295,1.6799999475479126,1.6799999475479126,1.6799999475479126,2014000,USD,NYQ,America/New_York,Yahoo Finance
RLX,2026-09-28,1.6799999475479126,1.7000000476837158,1.6449999809265137,1.7000000476837158,1.7000000476837158,2441700,USD,NYQ,America/New_York,Yahoo Finance
RTO,2026-08-17,23.780000686645508,23.8799991607666,23.479999542236328,23.549999237060547,23.549999237060547,1102700,USD,NYQ,America/New_York,Yahoo Finance
RTO,2026-08-18,23.520000457763672,23.670000076293945,23.399999618530273,23.59000015258789,23.59000015258789,1515700,USD,NYQ,America/New_York,Yahoo Finance
RTO,2026-08-19,23.270000457763672,23.829999923706055,23.260000228881836,23.540000915527344,23.540000915527344,1495500,USD,NYQ,America/New_York,Yahoo Finance
RTO,2026-08-20,23.399999618530273,23.520000457763672,23.34000015258789,23.34000015258789,23.34000015258789,1341400,USD,NYQ,America/New_York,Yahoo Finance
RTO,2026-08-21,23.600000381469727,23.75,23.579999923706055,23.649999618530273,23.649999618530273,848300,USD,NYQ,America/New_York,Yahoo Finance
RTO,2026-08-24,23.700000762939453,24.040000915527344,23.700000762939453,23.799999237060547,23.799999237060547,925500,USD,NYQ,America/New_York,Yahoo Finance
RTO,2026-08-25,23.700000762939453,23.850000381469727,23.530000686645508,23.799999237060547,23.799999237060547,1335600,USD,NYQ,America/New_York,Yahoo Finance
RTO,2026-08-26,23.799999237060547,23.84000015258789,23.3799991607666,23.440000534057617,23.440000534057617,997200,USD,NYQ,America/New_York,Yahoo Finance
RTO,2026-08-27,23.399999618530273,23.469999313354492,23.219999313354492,23.469999313354492,23.469999313354492,1318700,USD,NYQ,America/New_York,Yahoo Finance
RTO,2026-08-28,23.520000457763672,23.639999389648438,23.420000076293945,23.530000686645508,23.530000686645508,1105500,USD,NYQ,America/New_York,Yahoo Finance
RTO,2026-08-31,23.40999984741211,23.84000015258789,23.3700008392334,23.790000915527344,23.790000915527344,2053200,USD,NYQ,America/New_York,Yahoo Finance
RTO,2026-09-01,23.799999237060547,24.40999984741211,23.75,24.299999237060547,24.299999237060547,2076400,USD,NYQ,America/New_York,Yahoo Finance
RTO,2026-09-02,23.969999313354492,24.190000534057617,23.860000610351562,24.1299991607666,24.1299991607666,1136500,USD,NYQ,America/New_York,Yahoo Finance
RTO,2026-09-03,24.079999923706055,24.139999389648438,23.719999313354492,24.020000457763672,24.020000457763672,1313300,USD,NYQ,America/New_York,Yahoo Finance
RTO,2026-09-04,23.290000915527344,23.93000030517578,23.260000228881836,23.829999923706055,23.829999923706055,2374000,USD,NYQ,America/New_York,Yahoo Finance
RTO,2026-09-08,23.530000686645508,23.610000610351562,23.06999969482422,23.06999969482422,23.06999969482422,2382600,USD,NYQ,America/New_York,Yahoo Finance
RTO,2026-09-09,23.06999969482422,23.15999984741211,22.729999542236328,22.780000686645508,22.780000686645508,1207100,USD,NYQ,America/New_York,Yahoo Finance
RTO,2026-09-10,22.6200008392334,22.760000228881836,22.3799991607666,22.420000076293945,22.420000076293945,876200,USD,NYQ,America/New_York,Yahoo Finance
RTO,2026-09-11,22.479999542236328,22.479999542236328,22.239999771118164,22.3700008392334,22.3700008392334,938000,USD,NYQ,America/New_York,Yahoo Finance
RTO,2026-09-14,22.579999923706055,22.6299991607666,22.350000381469727,22.549999237060547,22.549999237060547,961100,USD,NYQ,America/New_York,Yahoo Finance
RTO,2026-09-15,22.479999542236328,22.520000457763672,22.1299991607666,22.170000076293945,22.170000076293945,1846900,USD,NYQ,America/New_York,Yahoo Finance
RTO,2026-09-16,22.079999923706055,22.219999313354492,21.850000381469727,21.899999618530273,21.899999618530273,1106200,USD,NYQ,America/New_York,Yahoo Finance
RTO,2026-09-17,22.200000762939453,22.209999084472656,21.700000762939453,21.739999771118164,21.739999771118164,2028700,USD,NYQ,America/New_York,Yahoo Finance
RTO,2026-09-18,21.610000610351562,21.639999389648438,21.309999465942383,21.350000381469727,21.350000381469727,2070300,USD,NYQ,America/New_York,Yahoo Finance
RTO,2026-09-21,21.40999984741211,21.489999771118164,21.06999969482422,21.360000610351562,21.360000610351562,1716500,USD,NYQ,America/New_York,Yahoo Finance
RTO,2026-09-22,21.5,21.700000762939453,21.15999984741211,21.3700008392334,21.3700008392334,4431900,USD,NYQ,America/New_York,Yahoo Finance
RTO,2026-09-23,21.5,21.559999465942383,21.280000686645508,21.40999984741211,21.40999984741211,2649400,USD,NYQ,America/New_York,Yahoo Finance
RTO,2026-09-24,20.739999771118164,20.860000610351562,20.530000686645508,20.549999237060547,20.549999237060547,2288300,USD,NYQ,America/New_York,Yahoo Finance
RTO,2026-09-25,20.510000228881836,20.68000030517578,20.399999618530273,20.639999389648438,20.639999389648438,2032900,USD,NYQ,America/New_York,Yahoo Finance
RTO,2026-09-28,20.1299991607666,20.520000457763672,20.06999969482422,20.5,20.5,2699700,USD,NYQ,America/New_York,Yahoo Finance
SBAC,2026-08-17,185.1999969482422,185.66000366210938,181.9600067138672,182.11000061035156,180.8621826171875,875600,USD,NMS,America/New_York,Yahoo Finance
SBAC,2026-08-18,184.85000610351562,184.85000610351562,181.33999633789062,181.39999389648438,180.15704345703125,788500,USD,NMS,America/New_York,Yahoo Finance
SBAC,2026-08-19,183.2899932861328,184.52999877929688,179.16000366210938,182.42999267578125,181.17999267578125,479900,USD,NMS,America/New_York,Yahoo Finance
SBAC,2026-08-20,180.42999267578125,182.97999572753906,180.22000122070312,180.5399932861328,180.5399932861328,570100,USD,NMS,America/New_York,Yahoo Finance
SBAC,2026-08-21,180.7100067138672,183.72999572753906,180.14999389648438,182.58999633789062,182.58999633789062,891500,USD,NMS,America/New_York,Yahoo Finance
SBAC,2026-08-24,183.32000732421875,185.3300018310547,181.92999267578125,185.07000732421875,185.07000732421875,979000,USD,NMS,America/New_York,Yahoo Finance
SBAC,2026-08-25,185.02999877929688,188.08999633789062,184.1999969482422,187.6199951171875,187.6199951171875,499000,USD,NMS,America/New_York,Yahoo Finance
SBAC,2026-08-26,187.6300048828125,188.5,184.94000244140625,185.97999572753906,185.97999572753906,737000,USD,NMS,America/New_York,Yahoo Finance
SBAC,2026-08-27,183.74000549316406,188.33999633789062,183.47999572753906,186.9600067138672,186.9600067138672,668300,USD,NMS,America/New_York,Yahoo Finance
SBAC,2026-08-28,187.88999938964844,191.5,185.6300048828125,190.9499969482422,190.9499969482422,684300,USD,NMS,America/New_York,Yahoo Finance
SBAC,2026-08-31,189.10000610351562,191.5500030517578,187.92999267578125,189.66000366210938,189.66000366210938,906400,USD,NMS,America/New_York,Yahoo Finance
SBAC,2026-09-01,189.66000366210938,191.07000732421875,187.11000061035156,188.80999755859375,188.80999755859375,749000,USD,NMS,America/New_York,Yahoo Finance
SBAC,2026-09-02,188.25,189.32000732421875,184.0800018310547,186.4199981689453,186.4199981689453,805500,USD,NMS,America/New_York,Yahoo Finance
SBAC,2026-09-03,187.1300048828125,194.22999572753906,187.1300048828125,191.52000427246094,191.52000427246094,793600,USD,NMS,America/New_York,Yahoo Finance
SBAC,2026-09-04,189.83999633789062,192.0,186.64999389648438,189.44000244140625,189.44000244140625,668800,USD,NMS,America/New_York,Yahoo Finance
SBAC,2026-09-08,187.72999572753906,192.1199951171875,185.82000732421875,188.69000244140625,188.69000244140625,951200,USD,NMS,America/New_York,Yahoo Finance
SBAC,2026-09-09,188.19000244140625,189.5500030517578,185.7100067138672,186.74000549316406,186.74000549316406,1247100,USD,NMS,America/New_York,Yahoo Finance
SBAC,2026-09-10,187.36000061035156,188.3000030517578,179.52000427246094,181.4199981689453,181.4199981689453,1444400,USD,NMS,America/New_York,Yahoo Finance
SBAC,2026-09-11,183.17999267578125,186.1300048828125,181.3000030517578,185.47000122070312,185.47000122070312,909500,USD,NMS,America/New_York,Yahoo Finance
SBAC,2026-09-14,185.14999389648438,186.27000427246094,180.97000122070312,183.07000732421875,183.07000732421875,856100,USD,NMS,America/New_York,Yahoo Finance
SBAC,2026-09-15,182.47000122070312,184.57000732421875,180.72999572753906,183.13999938964844,183.13999938964844,879500,USD,NMS,America/New_York,Yahoo Finance
SBAC,2026-09-16,182.77000427246094,185.74000549316406,179.6999969482422,180.02000427246094,180.02000427246094,867100,USD,NMS,America/New_York,Yahoo Finance
SBAC,2026-09-17,182.72000122070312,182.72000122070312,180.4600067138672,181.1300048828125,181.1300048828125,1010600,USD,NMS,America/New_York,Yahoo Finance
SBAC,2026-09-18,180.7100067138672,181.9199981689453,178.27999877929688,178.58999633789062,178.58999633789062,1849500,USD,NMS,America/New_York,Yahoo Finance
SBAC,2026-09-21,178.25999450683594,181.10000610351562,176.0,176.27999877929688,176.27999877929688,870800,USD,NMS,America/New_York,Yahoo Finance
SBAC,2026-09-22,176.38999938964844,179.13999938964844,174.22999572753906,175.83999633789062,175.83999633789062,713900,USD,NMS,America/New_York,Yahoo Finance
SBAC,2026-09-23,174.52000427246094,176.47999572753906,170.32000732421875,170.52999877929688,170.52999877929688,927500,USD,NMS,America/New_York,Yahoo Finance
SBAC,2026-09-24,170.47000122070312,170.67999267578125,164.77999877929688,166.1199951171875,166.1199951171875,1184800,USD,NMS,America/New_York,Yahoo Finance
SBAC,2026-09-25,166.0,168.1300048828125,164.85000610351562,166.14999389648438,166.14999389648438,886400,USD,NMS,America/New_York,Yahoo Finance
SBAC,2026-09-28,166.32000732421875,167.22999572753906,162.2100067138672,163.42999267578125,163.42999267578125,868600,USD,NMS,America/New_York,Yahoo Finance
SBRA,2026-08-17,20.209999084472656,20.34000015258789,20.149999618530273,20.309999465942383,20.309999465942383,1486200,USD,NMS,America/New_York,Yahoo Finance
SBRA,2026-08-18,20.450000762939453,20.59000015258789,20.280000686645508,20.329999923706055,20.329999923706055,1272700,USD,NMS,America/New_York,Yahoo Finance
SBRA,2026-08-19,20.510000228881836,20.559999465942383,20.260000228881836,20.540000915527344,20.540000915527344,6454300,USD,NMS,America/New_York,Yahoo Finance
SBRA,2026-08-20,20.459999084472656,20.760000228881836,20.389999389648438,20.530000686645508,20.530000686645508,1318800,USD,NMS,America/New_York,Yahoo Finance
SBRA,2026-08-21,20.610000610351562,20.610000610351562,20.299999237060547,20.389999389648438,20.389999389648438,1573000,USD,NMS,America/New_York,Yahoo Finance
SBRA,2026-08-24,20.389999389648438,20.6299991607666,20.299999237060547,20.469999313354492,20.469999313354492,892500,USD,NMS,America/New_York,Yahoo Finance
SBRA,2026-08-25,20.469999313354492,20.8799991607666,20.40999984741211,20.81999969482422,20.81999969482422,1602100,USD,NMS,America/New_York,Yahoo Finance
SBRA,2026-08-26,20.969999313354492,21.1200008392334,20.780000686645508,21.010000228881836,21.010000228881836,1638900,USD,NMS,America/New_York,Yahoo Finance
SBRA,2026-08-27,20.799999237060547,20.979999542236328,20.649999618530273,20.700000762939453,20.700000762939453,1077800,USD,NMS,America/New_York,Yahoo Finance
SBRA,2026-08-28,20.770000457763672,20.81999969482422,20.559999465942383,20.610000610351562,20.610000610351562,1607200,USD,NMS,America/New_York,Yahoo Finance
SBRA,2026-08-31,20.530000686645508,20.559999465942383,20.260000228881836,20.389999389648438,20.389999389648438,1923000,USD,NMS,America/New_York,Yahoo Finance
SBRA,2026-09-01,20.559999465942383,20.969999313354492,20.489999771118164,20.940000534057617,20.940000534057617,2175200,USD,NMS,America/New_York,Yahoo Finance
SBRA,2026-09-02,21.010000228881836,21.030000686645508,20.600000381469727,20.860000610351562,20.860000610351562,2430400,USD,NMS,America/New_York,Yahoo Finance
SBRA,2026-09-03,20.959999084472656,20.959999084472656,20.670000076293945,20.93000030517578,20.93000030517578,1981600,USD,NMS,America/New_York,Yahoo Finance
SBRA,2026-09-04,20.780000686645508,21.190000534057617,20.75,20.780000686645508,20.780000686645508,1953500,USD,NMS,America/New_York,Yahoo Finance
SBRA,2026-09-08,20.65999984741211,20.950000762939453,20.59000015258789,20.809999465942383,20.809999465942383,2392800,USD,NMS,America/New_York,Yahoo Finance
SBRA,2026-09-09,20.799999237060547,20.90999984741211,20.6200008392334,20.790000915527344,20.790000915527344,3332300,USD,NMS,America/New_York,Yahoo Finance
SBRA,2026-09-10,20.790000915527344,21.110000610351562,20.639999389648438,20.829999923706055,20.829999923706055,2814200,USD,NMS,America/New_York,Yahoo Finance
SBRA,2026-09-11,20.969999313354492,21.059999465942383,20.489999771118164,20.520000457763672,20.520000457763672,1912300,USD,NMS,America/New_York,Yahoo Finance
SBRA,2026-09-14,20.670000076293945,20.8799991607666,20.479999542236328,20.5,20.5,1707600,USD,NMS,America/New_York,Yahoo Finance
SBRA,2026-09-15,20.469999313354492,20.510000228881836,20.079999923706055,20.270000457763672,20.270000457763672,2747300,USD,NMS,America/New_York,Yahoo Finance
SBRA,2026-09-16,20.239999771118164,20.3799991607666,19.93000030517578,20.09000015258789,20.09000015258789,2474800,USD,NMS,America/New_York,Yahoo Finance
SBRA,2026-09-17,20.15999984741211,20.420000076293945,20.010000228881836,20.149999618530273,20.149999618530273,2011600,USD,NMS,America/New_York,Yahoo Finance
SBRA,2026-09-18,20.06999969482422,20.100000381469727,19.690000534057617,19.739999771118164,19.739999771118164,5474600,USD,NMS,America/New_York,Yahoo Finance
SBRA,2026-09-21,19.780000686645508,20.09000015258789,19.709999084472656,19.8700008392334,19.8700008392334,2014500,USD,NMS,America/New_York,Yahoo Finance
SBRA,2026-09-22,19.950000762939453,19.969999313354492,19.760000228881836,19.809999465942383,19.809999465942383,2247700,USD,NMS,America/New_York,Yahoo Finance
SBRA,2026-09-23,19.780000686645508,19.90999984741211,19.65999984741211,19.690000534057617,19.690000534057617,3032400,USD,NMS,America/New_York,Yahoo Finance
SBRA,2026-09-24,19.770000457763672,20.059999465942383,19.739999771118164,19.770000457763672,19.770000457763672,2139900,USD,NMS,America/New_York,Yahoo Finance
SBRA,2026-09-25,19.75,19.889999389648438,19.59000015258789,19.850000381469727,19.850000381469727,2303200,USD,NMS,America/New_York,Yahoo Finance
SBRA,2026-09-28,19.850000381469727,19.959999084472656,19.690000534057617,19.81999969482422,19.81999969482422,1856100,USD,NMS,America/New_York,Yahoo Finance
SENEA,2026-08-17,189.17999267578125,194.86000061035156,189.0399932861328,189.5,189.5,95100,USD,NMS,America/New_York,Yahoo Finance
SENEA,2026-08-18,190.67999267578125,192.80999755859375,189.00999450683594,192.27000427246094,192.27000427246094,79400,USD,NMS,America/New_York,Yahoo Finance
SENEA,2026-08-19,196.3699951171875,199.5500030517578,191.14999389648438,192.22000122070312,192.22000122070312,74400,USD,NMS,America/New_York,Yahoo Finance
SENEA,2026-08-20,189.6199951171875,194.8000030517578,189.6199951171875,192.6199951171875,192.6199951171875,64300,USD,NMS,America/New_York,Yahoo Finance
SENEA,2026-08-21,192.97999572753906,195.6999969482422,188.0,194.07000732421875,194.07000732421875,75300,USD,NMS,America/New_York,Yahoo Finance
SENEA,2026-08-24,195.63999938964844,196.47999572753906,189.1699981689453,189.66000366210938,189.66000366210938,58600,USD,NMS,America/New_York,Yahoo Finance
SENEA,2026-08-25,191.3000030517578,191.3000030517578,186.0,190.6300048828125,190.6300048828125,55000,USD,NMS,America/New_York,Yahoo Finance
SENEA,2026-08-26,190.22000122070312,193.02999877929688,187.80999755859375,191.7899932861328,191.7899932861328,75600,USD,NMS,America/New_York,Yahoo Finance
SENEA,2026-08-27,191.7899932861328,194.07000732421875,188.49000549316406,192.22000122070312,192.22000122070312,53900,USD,NMS,America/New_York,Yahoo Finance
SENEA,2026-08-28,194.30999755859375,201.92999267578125,194.30999755859375,199.83999633789062,199.83999633789062,109600,USD,NMS,America/New_York,Yahoo Finance
SENEA,2026-08-31,198.1199951171875,199.77999877929688,191.30999755859375,198.2899932861328,198.2899932861328,119200,USD,NMS,America/New_York,Yahoo Finance
SENEA,2026-09-01,198.47999572753906,204.47999572753906,198.2100067138672,204.0399932861328,204.0399932861328,114600,USD,NMS,America/New_York,Yahoo Finance
SENEA,2026-09-02,204.9199981689453,209.05999755859375,204.1199951171875,207.3000030517578,207.3000030517578,90600,USD,NMS,America/New_York,Yahoo Finance
SENEA,2026-09-03,207.5,210.0,203.9199981689453,204.27999877929688,204.27999877929688,67500,USD,NMS,America/New_York,Yahoo Finance
SENEA,2026-09-04,202.99000549316406,204.57000732421875,195.7100067138672,195.7100067138672,195.7100067138672,126600,USD,NMS,America/New_York,Yahoo Finance
SENEA,2026-09-08,194.63999938964844,196.9600067138672,189.49000549316406,195.0,195.0,132200,USD,NMS,America/New_York,Yahoo Finance
SENEA,2026-09-09,192.60000610351562,194.19000244140625,190.00999450683594,191.6300048828125,191.6300048828125,117700,USD,NMS,America/New_York,Yahoo Finance
SENEA,2026-09-10,193.36000061035156,193.60000610351562,184.4600067138672,186.19000244140625,186.19000244140625,89400,USD,NMS,America/New_York,Yahoo Finance
SENEA,2026-09-11,188.38999938964844,194.11000061035156,188.38999938964844,190.6199951171875,190.6199951171875,60400,USD,NMS,America/New_York,Yahoo Finance
SENEA,2026-09-14,191.05999755859375,192.02000427246094,185.64999389648438,186.35000610351562,186.35000610351562,67500,USD,NMS,America/New_York,Yahoo Finance
SENEA,2026-09-15,186.35000610351562,186.35000610351562,177.16000366210938,179.66000366210938,179.66000366210938,89000,USD,NMS,America/New_York,Yahoo Finance
SENEA,2026-09-16,181.00999450683594,187.6199951171875,178.1999969482422,186.30999755859375,186.30999755859375,75800,USD,NMS,America/New_York,Yahoo Finance
SENEA,2026-09-17,187.75999450683594,187.9600067138672,181.8300018310547,183.8699951171875,183.8699951171875,61200,USD,NMS,America/New_York,Yahoo Finance
SENEA,2026-09-18,183.3300018310547,185.27999877929688,181.1199951171875,184.35000610351562,184.35000610351562,149500,USD,NMS,America/New_York,Yahoo Finance
SENEA,2026-09-21,184.1199951171875,185.0500030517578,180.5399932861328,180.86000061035156,180.86000061035156,87700,USD,NMS,America/New_York,Yahoo Finance
SENEA,2026-09-22,182.52000427246094,187.5500030517578,182.32000732421875,183.80999755859375,183.80999755859375,75800,USD,NMS,America/New_York,Yahoo Finance
SENEA,2026-09-23,181.42999267578125,182.36000061035156,178.86000061035156,179.14999389648438,179.14999389648438,106600,USD,NMS,America/New_York,Yahoo Finance
SENEA,2026-09-24,180.7100067138672,186.33999633789062,180.7100067138672,184.0,184.0,121500,USD,NMS,America/New_York,Yahoo Finance
SENEA,2026-09-25,185.25,185.25,179.27000427246094,182.66000366210938,182.66000366210938,89800,USD,NMS,America/New_York,Yahoo Finance
SENEA,2026-09-28,181.50999450683594,186.10000610351562,181.50999450683594,182.52999877929688,182.52999877929688,82600,USD,NMS,America/New_York,Yahoo Finance
SFD,2026-08-17,22.700000762939453,22.809999465942383,22.5049991607666,22.610000610351562,22.610000610351562,1482200,USD,NMS,America/New_York,Yahoo Finance
SFD,2026-08-18,22.795000076293945,22.924999237060547,22.5,22.530000686645508,22.530000686645508,1745400,USD,NMS,America/New_York,Yahoo Finance
SFD,2026-08-19,22.579999923706055,22.829999923706055,22.469999313354492,22.549999237060547,22.549999237060547,1830100,USD,NMS,America/New_York,Yahoo Finance
SFD,2026-08-20,22.469999313354492,22.604999542236328,22.229999542236328,22.280000686645508,22.280000686645508,1232000,USD,NMS,America/New_York,Yahoo Finance
SFD,2026-08-21,22.31999969482422,22.420000076293945,22.135000228881836,22.25,22.25,1098400,USD,NMS,America/New_York,Yahoo Finance
SFD,2026-08-24,22.280000686645508,22.450000762939453,22.2450008392334,22.309999465942383,22.309999465942383,1359100,USD,NMS,America/New_York,Yahoo Finance
SFD,2026-08-25,22.270000457763672,22.391000747680664,21.969999313354492,22.25,22.25,1688700,USD,NMS,America/New_York,Yahoo Finance
SFD,2026-08-26,22.219999313354492,22.399999618530273,22.020000457763672,22.059999465942383,22.059999465942383,1087500,USD,NMS,America/New_York,Yahoo Finance
SFD,2026-08-27,22.100000381469727,22.219999313354492,21.825000762939453,22.110000610351562,22.110000610351562,1268500,USD,NMS,America/New_York,Yahoo Finance
SFD,2026-08-28,22.18000030517578,22.270000457763672,21.8799991607666,21.940000534057617,21.940000534057617,1291100,USD,NMS,America/New_York,Yahoo Finance
SFD,2026-08-31,21.959999084472656,22.0,21.860000610351562,21.90999984741211,21.90999984741211,1438100,USD,NMS,America/New_York,Yahoo Finance
SFD,2026-09-01,22.0,22.09000015258789,21.760000228881836,21.84000015258789,21.84000015258789,1208400,USD,NMS,America/New_York,Yahoo Finance
SFD,2026-09-02,21.950000762939453,22.600000381469727,21.899999618530273,22.399999618530273,22.399999618530273,1592900,USD,NMS,America/New_York,Yahoo Finance
SFD,2026-09-03,22.1200008392334,22.249000549316406,21.780000686645508,22.030000686645508,22.030000686645508,1941800,USD,NMS,America/New_York,Yahoo Finance
SFD,2026-09-04,21.889999389648438,22.270000457763672,21.8700008392334,21.969999313354492,21.969999313354492,1572500,USD,NMS,America/New_York,Yahoo Finance
SFD,2026-09-08,21.969999313354492,22.1299991607666,21.885000228881836,22.010000228881836,22.010000228881836,1908500,USD,NMS,America/New_York,Yahoo Finance
SFD,2026-09-09,20.479999542236328,20.989999771118164,20.360000610351562,20.520000457763672,20.520000457763672,3733500,USD,NMS,America/New_York,Yahoo Finance
SFD,2026-09-10,20.600000381469727,21.020000457763672,20.549999237060547,20.59000015258789,20.59000015258789,1990100,USD,NMS,America/New_York,Yahoo Finance
SFD,2026-09-11,20.764999389648438,20.8799991607666,20.049999237060547,20.260000228881836,20.260000228881836,1953900,USD,NMS,America/New_York,Yahoo Finance
SFD,2026-09-14,20.479999542236328,20.639999389648438,20.19499969482422,20.309999465942383,20.309999465942383,2350800,USD,NMS,America/New_York,Yahoo Finance
SFD,2026-09-15,20.329999923706055,20.329999923706055,19.899999618530273,20.079999923706055,20.079999923706055,2026700,USD,NMS,America/New_York,Yahoo Finance
SFD,2026-09-16,20.079999923706055,20.270000457763672,19.87299919128418,19.950000762939453,19.950000762939453,1658500,USD,NMS,America/New_York,Yahoo Finance
SFD,2026-09-17,20.0,20.1299991607666,19.760000228881836,19.790000915527344,19.790000915527344,1838700,USD,NMS,America/New_York,Yahoo Finance
SFD,2026-09-18,19.6200008392334,19.959999084472656,19.610000610351562,19.81999969482422,19.81999969482422,6805400,USD,NMS,America/New_York,Yahoo Finance
SFD,2026-09-21,19.81999969482422,20.125,19.799999237060547,19.860000610351562,19.860000610351562,2512500,USD,NMS,America/New_York,Yahoo Finance
SFD,2026-09-22,19.950000762939453,19.950000762939453,19.530000686645508,19.559999465942383,19.559999465942383,1497700,USD,NMS,America/New_York,Yahoo Finance
SFD,2026-09-23,19.579999923706055,19.610000610351562,18.905000686645508,18.93000030517578,18.93000030517578,2635500,USD,NMS,America/New_York,Yahoo Finance
SFD,2026-09-24,19.040000915527344,19.1200008392334,18.812000274658203,19.010000228881836,19.010000228881836,1973300,USD,NMS,America/New_York,Yahoo Finance
SFD,2026-09-25,19.0,19.165000915527344,19.0,19.040000915527344,19.040000915527344,1429500,USD,NMS,America/New_York,Yahoo Finance
SFD,2026-09-28,19.040000915527344,19.30500030517578,18.81999969482422,19.139999389648438,19.139999389648438,1881800,USD,NMS,America/New_York,Yahoo Finance
SFL,2026-08-17,12.34000015258789,12.520000457763672,12.300000190734863,12.479999542236328,12.261921882629395,1023300,USD,NYQ,America/New_York,Yahoo Finance
SFL,2026-08-18,12.529999732971191,12.539999961853027,12.34000015258789,12.430000305175781,12.212796211242676,1422200,USD,NYQ,America/New_York,Yahoo Finance
SFL,2026-08-19,12.520000457763672,12.670000076293945,12.520000457763672,12.649999618530273,12.428951263427734,1240000,USD,NYQ,America/New_York,Yahoo Finance
SFL,2026-08-20,12.670000076293945,12.670000076293945,12.40999984741211,12.520000457763672,12.301223754882812,1307800,USD,NYQ,America/New_York,Yahoo Finance
SFL,2026-08-21,12.539999961853027,12.789999961853027,12.390000343322754,12.390000343322754,12.173495292663574,988800,USD,NYQ,America/New_York,Yahoo Finance
SFL,2026-08-24,12.359999656677246,12.420000076293945,12.210000038146973,12.260000228881836,12.045766830444336,1025700,USD,NYQ,America/New_York,Yahoo Finance
SFL,2026-08-25,12.170000076293945,12.319999694824219,12.100000381469727,12.220000267028809,12.006465911865234,1041900,USD,NYQ,America/New_York,Yahoo Finance
SFL,2026-08-26,12.350000381469727,12.75,11.890000343322754,12.029999732971191,11.819785118103027,2339000,USD,NYQ,America/New_York,Yahoo Finance
SFL,2026-08-27,12.029999732971191,12.4399995803833,12.020000457763672,12.350000381469727,12.134194374084473,1364000,USD,NYQ,America/New_York,Yahoo Finance
SFL,2026-08-28,12.369999885559082,12.539999961853027,12.34000015258789,12.369999885559082,12.153843879699707,929000,USD,NYQ,America/New_York,Yahoo Finance
SFL,2026-08-31,12.510000228881836,12.600000381469727,12.300000190734863,12.449999809265137,12.232446670532227,1236200,USD,NYQ,America/New_York,Yahoo Finance
SFL,2026-09-01,12.579999923706055,12.680000305175781,12.350000381469727,12.430000305175781,12.212796211242676,1350300,USD,NYQ,America/New_York,Yahoo Finance
SFL,2026-09-02,12.420000076293945,12.5600004196167,12.329999923706055,12.470000267028809,12.252097129821777,1554900,USD,NYQ,America/New_York,Yahoo Finance
SFL,2026-09-03,12.539999961853027,12.6899995803833,12.470000267028809,12.619999885559082,12.399476051330566,1262100,USD,NYQ,America/New_York,Yahoo Finance
SFL,2026-09-04,12.609999656677246,12.880000114440918,12.550000190734863,12.859999656677246,12.635281562805176,1951000,USD,NYQ,America/New_York,Yahoo Finance
SFL,2026-09-08,12.869999885559082,12.880000114440918,12.539999961853027,12.59000015258789,12.369999885559082,1619700,USD,NYQ,America/New_York,Yahoo Finance
SFL,2026-09-09,12.5,12.619999885559082,12.279999732971191,12.529999732971191,12.529999732971191,1007100,USD,NYQ,America/New_York,Yahoo Finance
SFL,2026-09-10,12.569999694824219,12.720000267028809,12.420000076293945,12.680000305175781,12.680000305175781,1333900,USD,NYQ,America/New_York,Yahoo Finance
SFL,2026-09-11,12.760000228881836,13.1899995803833,12.729999542236328,13.180000305175781,13.180000305175781,2000500,USD,NYQ,America/New_York,Yahoo Finance
SFL,2026-09-14,13.180000305175781,13.220000267028809,12.920000076293945,13.039999961853027,13.039999961853027,1435100,USD,NYQ,America/New_York,Yahoo Finance
SFL,2026-09-15,13.039999961853027,13.329999923706055,12.989999771118164,13.270000457763672,13.270000457763672,1331400,USD,NYQ,America/New_York,Yahoo Finance
SFL,2026-09-16,13.289999961853027,13.739999771118164,13.239999771118164,13.510000228881836,13.510000228881836,2142000,USD,NYQ,America/New_York,Yahoo Finance
SFL,2026-09-17,13.550000190734863,13.979999542236328,13.479999542236328,13.75,13.75,1967800,USD,NYQ,America/New_York,Yahoo Finance
SFL,2026-09-18,13.739999771118164,13.84000015258789,13.539999961853027,13.630000114440918,13.630000114440918,1865500,USD,NYQ,America/New_York,Yahoo Finance
SFL,2026-09-21,13.520000457763672,13.739999771118164,13.3100004196167,13.489999771118164,13.489999771118164,1487700,USD,NYQ,America/New_York,Yahoo Finance
SFL,2026-09-22,13.3100004196167,13.319999694824219,12.789999961853027,12.789999961853027,12.789999961853027,1690400,USD,NYQ,America/New_York,Yahoo Finance
SFL,2026-09-23,12.8100004196167,12.819999694824219,12.460000038146973,12.720000267028809,12.720000267028809,1580600,USD,NYQ,America/New_York,Yahoo Finance
SFL,2026-09-24,12.779999732971191,13.069999694824219,12.600000381469727,12.979999542236328,12.979999542236328,2334400,USD,NYQ,America/New_York,Yahoo Finance
SFL,2026-09-25,12.859999656677246,12.970000267028809,12.680000305175781,12.779999732971191,12.779999732971191,1207500,USD,NYQ,America/New_York,Yahoo Finance
SFL,2026-09-28,12.949999809265137,13.050000190734863,12.710000038146973,12.829999923706055,12.829999923706055,1020800,USD,NYQ,America/New_York,Yahoo Finance
SGHC,2026-08-17,13.279999732971191,13.395000457763672,12.930000305175781,13.029999732971191,12.977962493896484,1866900,USD,NYQ,America/New_York,Yahoo Finance
SGHC,2026-08-18,13.029999732971191,13.055000305175781,12.779999732971191,12.819999694824219,12.76880168914795,1343700,USD,NYQ,America/New_York,Yahoo Finance
SGHC,2026-08-19,12.880000114440918,13.220000267028809,12.789999961853027,13.15999984741211,13.107443809509277,1641500,USD,NYQ,America/New_York,Yahoo Finance
SGHC,2026-08-20,13.239999771118164,13.597000122070312,13.15999984741211,13.220000267028809,13.167204856872559,2499200,USD,NYQ,America/New_York,Yahoo Finance
SGHC,2026-08-21,13.220000267028809,13.3100004196167,13.100000381469727,13.3100004196167,13.256845474243164,2054000,USD,NYQ,America/New_York,Yahoo Finance
SGHC,2026-08-24,13.329999923706055,14.157999992370605,13.319999694824219,13.989999771118164,13.934128761291504,4299300,USD,NYQ,America/New_York,Yahoo Finance
SGHC,2026-08-25,14.020000457763672,14.15999984741211,13.819999694824219,13.949999809265137,13.894289016723633,2007800,USD,NYQ,America/New_York,Yahoo Finance
SGHC,2026-08-26,13.899999618530273,13.954999923706055,13.649999618530273,13.920000076293945,13.864408493041992,2237000,USD,NYQ,America/New_York,Yahoo Finance
SGHC,2026-08-27,13.859999656677246,13.920000076293945,13.670000076293945,13.829999923706055,13.774767875671387,1385700,USD,NYQ,America/New_York,Yahoo Finance
SGHC,2026-08-28,13.920000076293945,14.324999809265137,13.744999885559082,13.819999694824219,13.76480770111084,2592500,USD,NYQ,America/New_York,Yahoo Finance
SGHC,2026-08-31,13.734999656677246,13.960000038146973,13.529999732971191,13.539999961853027,13.485926628112793,2099700,USD,NYQ,America/New_York,Yahoo Finance
SGHC,2026-09-01,13.5,13.770000457763672,13.3100004196167,13.460000038146973,13.406246185302734,2680400,USD,NYQ,America/New_York,Yahoo Finance
SGHC,2026-09-02,13.399999618530273,13.890000343322754,13.399999618530273,13.789999961853027,13.734928131103516,2923900,USD,NYQ,America/New_York,Yahoo Finance
SGHC,2026-09-03,13.970000267028809,14.229999542236328,13.859999656677246,14.170000076293945,14.113409996032715,2503900,USD,NYQ,America/New_York,Yahoo Finance
SGHC,2026-09-04,14.069999694824219,14.1899995803833,13.899999618530273,13.989999771118164,13.934128761291504,2304900,USD,NYQ,America/New_York,Yahoo Finance
SGHC,2026-09-08,13.960000038146973,13.960000038146973,13.609999656677246,13.9399995803833,13.884328842163086,2293300,USD,NYQ,America/New_York,Yahoo Finance
SGHC,2026-09-09,13.9399995803833,14.039999961853027,13.550000190734863,13.949999809265137,13.894289016723633,2226600,USD,NYQ,America/New_York,Yahoo Finance
SGHC,2026-09-10,13.90999984741211,14.149999618530273,13.550000190734863,13.640000343322754,13.585527420043945,1913900,USD,NYQ,America/New_York,Yahoo Finance
SGHC,2026-09-11,13.8100004196167,13.899999618530273,13.670000076293945,13.84000015258789,13.784728050231934,1848200,USD,NYQ,America/New_York,Yahoo Finance
SGHC,2026-09-14,13.880000114440918,13.979999542236328,13.649999618530273,13.890000343322754,13.834528923034668,1640900,USD,NYQ,America/New_York,Yahoo Finance
SGHC,2026-09-15,13.770000457763672,13.880000114440918,13.430000305175781,13.4399995803833,13.386324882507324,2287200,USD,NYQ,America/New_York,Yahoo Finance
SGHC,2026-09-16,13.430000305175781,13.539999961853027,13.289999961853027,13.3100004196167,13.256845474243164,3230600,USD,NYQ,America/New_York,Yahoo Finance
SGHC,2026-09-17,13.460000038146973,13.510000228881836,12.760000228881836,12.800000190734863,12.748881340026855,3114400,USD,NYQ,America/New_York,Yahoo Finance
SGHC,2026-09-18,12.729999542236328,12.829999923706055,12.454999923706055,12.680000305175781,12.629361152648926,3230600,USD,NYQ,America/New_York,Yahoo Finance
SGHC,2026-09-21,12.5,12.680000305175781,12.3100004196167,12.520000457763672,12.470000267028809,3550400,USD,NYQ,America/New_York,Yahoo Finance
SGHC,2026-09-22,12.579999923706055,13.0,12.34000015258789,12.350000381469727,12.350000381469727,2043100,USD,NYQ,America/New_York,Yahoo Finance
SGHC,2026-09-23,12.25,12.270000457763672,11.869999885559082,12.029999732971191,12.029999732971191,2379600,USD,NYQ,America/New_York,Yahoo Finance
SGHC,2026-09-24,11.949999809265137,12.045000076293945,11.470000267028809,11.979999542236328,11.979999542236328,4153100,USD,NYQ,America/New_York,Yahoo Finance
SGHC,2026-09-25,11.989999771118164,12.15999984741211,11.729999542236328,11.970000267028809,11.970000267028809,2025800,USD,NYQ,America/New_York,Yahoo Finance
SGHC,2026-09-28,11.960000038146973,11.994999885559082,11.579999923706055,11.720000267028809,11.720000267028809,2463800,USD,NYQ,America/New_York,Yahoo Finance
SGRY,2026-08-17,14.84000015258789,14.989999771118164,14.09000015258789,14.359999656677246,14.359999656677246,2421800,USD,NMS,America/New_York,Yahoo Finance
SGRY,2026-08-18,14.5,14.800000190734863,14.199999809265137,14.239999771118164,14.239999771118164,1582500,USD,NMS,America/New_York,Yahoo Finance
SGRY,2026-08-19,14.420000076293945,14.529999732971191,13.579999923706055,13.600000381469727,13.600000381469727,2090400,USD,NMS,America/New_York,Yahoo Finance
SGRY,2026-08-20,13.989999771118164,14.170000076293945,13.520000457763672,13.9399995803833,13.9399995803833,6397900,USD,NMS,America/New_York,Yahoo Finance
SGRY,2026-08-21,14.100000381469727,14.550000190734863,13.789999961853027,14.520000457763672,14.520000457763672,3876200,USD,NMS,America/New_York,Yahoo Finance
SGRY,2026-08-24,14.550000190734863,14.803000450134277,13.920000076293945,13.949999809265137,13.949999809265137,2148100,USD,NMS,America/New_York,Yahoo Finance
SGRY,2026-08-25,13.75,14.079999923706055,13.75,14.050000190734863,14.050000190734863,2274300,USD,NMS,America/New_York,Yahoo Finance
SGRY,2026-08-26,14.010000228881836,14.390000343322754,14.0,14.039999961853027,14.039999961853027,3297500,USD,NMS,America/New_York,Yahoo Finance
SGRY,2026-08-27,13.899999618530273,14.100000381469727,13.680000305175781,13.930000305175781,13.930000305175781,1371800,USD,NMS,America/New_York,Yahoo Finance
SGRY,2026-08-28,13.869999885559082,13.979999542236328,13.515000343322754,13.6899995803833,13.6899995803833,2039000,USD,NMS,America/New_York,Yahoo Finance
SGRY,2026-08-31,13.649999618530273,13.930000305175781,13.180000305175781,13.890000343322754,13.890000343322754,3922200,USD,NMS,America/New_York,Yahoo Finance
SGRY,2026-09-01,13.890000343322754,15.079999923706055,13.779999732971191,14.600000381469727,14.600000381469727,3962500,USD,NMS,America/New_York,Yahoo Finance
SGRY,2026-09-02,14.579999923706055,14.720000267028809,13.90999984741211,13.979999542236328,13.979999542236328,2212900,USD,NMS,America/New_York,Yahoo Finance
SGRY,2026-09-03,14.130000114440918,14.369999885559082,13.875,14.170000076293945,14.170000076293945,1634200,USD,NMS,America/New_York,Yahoo Finance
SGRY,2026-09-04,14.170000076293945,14.510000228881836,14.0600004196167,14.260000228881836,14.260000228881836,1106600,USD,NMS,America/New_York,Yahoo Finance
SGRY,2026-09-08,14.1899995803833,14.40999984741211,13.899999618530273,13.960000038146973,13.960000038146973,2046100,USD,NMS,America/New_York,Yahoo Finance
SGRY,2026-09-09,13.869999885559082,14.489999771118164,13.592000007629395,14.119999885559082,14.119999885559082,1680000,USD,NMS,America/New_York,Yahoo Finance
SGRY,2026-09-10,14.100000381469727,14.180000305175781,13.720000267028809,14.119999885559082,14.119999885559082,3275300,USD,NMS,America/New_York,Yahoo Finance
SGRY,2026-09-11,14.229999542236328,14.600000381469727,14.029999732971191,14.380000114440918,14.380000114440918,1288000,USD,NMS,America/New_York,Yahoo Finance
SGRY,2026-09-14,14.4399995803833,14.729999542236328,14.015000343322754,14.039999961853027,14.039999961853027,2162300,USD,NMS,America/New_York,Yahoo Finance
SGRY,2026-09-15,13.970000267028809,14.15999984741211,13.5600004196167,13.649999618530273,13.649999618530273,1911200,USD,NMS,America/New_York,Yahoo Finance
SGRY,2026-09-16,13.710000038146973,14.239999771118164,13.600000381469727,13.930000305175781,13.930000305175781,1477100,USD,NMS,America/New_York,Yahoo Finance
SGRY,2026-09-17,14.100000381469727,14.149999618530273,13.255000114440918,13.350000381469727,13.350000381469727,3806200,USD,NMS,America/New_York,Yahoo Finance
SGRY,2026-09-18,13.119999885559082,13.484999656677246,12.965999603271484,13.25,13.25,2763800,USD,NMS,America/New_York,Yahoo Finance
SGRY,2026-09-21,13.40999984741211,13.739999771118164,13.085000038146973,13.65999984741211,13.65999984741211,2311500,USD,NMS,America/New_York,Yahoo Finance
SGRY,2026-09-22,13.789999961853027,15.899999618530273,13.670000076293945,15.800000190734863,15.800000190734863,8109000,USD,NMS,America/New_York,Yahoo Finance
SGRY,2026-09-23,15.720000267028809,15.84000015258789,14.430000305175781,14.5600004196167,14.5600004196167,3723600,USD,NMS,America/New_York,Yahoo Finance
SGRY,2026-09-24,14.380000114440918,14.515000343322754,13.979999542236328,14.199999809265137,14.199999809265137,2029400,USD,NMS,America/New_York,Yahoo Finance
SGRY,2026-09-25,14.220000267028809,14.670000076293945,14.1899995803833,14.399999618530273,14.399999618530273,1762800,USD,NMS,America/New_York,Yahoo Finance
SGRY,2026-09-28,14.180000305175781,14.710000038146973,14.140000343322754,14.6899995803833,14.6899995803833,1103800,USD,NMS,America/New_York,Yahoo Finance
SHOP.TO,2026-08-20,201.10000610351562,204.75,198.57000732421875,203.3699951171875,203.3699951171875,1756500,CAD,TOR,America/Toronto,Yahoo Finance
SHOP.TO,2026-08-21,203.8300018310547,205.9499969482422,199.60000610351562,205.6300048828125,205.6300048828125,1306000,CAD,TOR,America/Toronto,Yahoo Finance
SHOP.TO,2026-08-24,204.6699981689453,209.75999450683594,203.0,207.6300048828125,207.6300048828125,885100,CAD,TOR,America/Toronto,Yahoo Finance
SHOP.TO,2026-08-25,208.00999450683594,214.0,207.08999633789062,212.83999633789062,212.83999633789062,1677000,CAD,TOR,America/Toronto,Yahoo Finance
SHOP.TO,2026-08-26,211.38999938964844,212.8000030517578,208.5,208.5,208.5,1024100,CAD,TOR,America/Toronto,Yahoo Finance
SHOP.TO,2026-08-27,210.14999389648438,215.69000244140625,208.5,213.6699981689453,213.6699981689453,3813100,CAD,TOR,America/Toronto,Yahoo Finance
SHOP.TO,2026-08-28,214.1300048828125,217.2899932861328,211.97000122070312,212.4199981689453,212.4199981689453,1625400,CAD,TOR,America/Toronto,Yahoo Finance
SHOP.TO,2026-08-31,209.0,209.67999267578125,201.0800018310547,204.27000427246094,204.27000427246094,2161800,CAD,TOR,America/Toronto,Yahoo Finance
SHOP.TO,2026-09-01,200.1300048828125,202.0,193.50999450683594,194.6199951171875,194.6199951171875,2175000,CAD,TOR,America/Toronto,Yahoo Finance
SHOP.TO,2026-09-02,194.74000549316406,196.5500030517578,192.8800048828125,196.50999450683594,196.50999450683594,1663500,CAD,TOR,America/Toronto,Yahoo Finance
SHOP.TO,2026-09-03,198.07000732421875,201.80999755859375,196.16000366210938,200.9600067138672,200.9600067138672,1357700,CAD,TOR,America/Toronto,Yahoo Finance
SHOP.TO,2026-09-04,200.39999389648438,206.91000366210938,200.39999389648438,200.75999450683594,200.75999450683594,1112000,CAD,TOR,America/Toronto,Yahoo Finance
SHOP.TO,2026-09-08,195.1300048828125,195.1300048828125,182.60000610351562,185.02999877929688,185.02999877929688,2217100,CAD,TOR,America/Toronto,Yahoo Finance
SHOP.TO,2026-09-09,188.75,190.0,174.00999450683594,175.1300048828125,175.1300048828125,2289500,CAD,TOR,America/Toronto,Yahoo Finance
SHOP.TO,2026-09-10,171.36000061035156,178.3000030517578,171.35000610351562,175.13999938964844,175.13999938964844,1595700,CAD,TOR,America/Toronto,Yahoo Finance
SHOP.TO,2026-09-11,180.14999389648438,182.94000244140625,178.2100067138672,178.41000366210938,178.41000366210938,1427100,CAD,TOR,America/Toronto,Yahoo Finance
SHOP.TO,2026-09-14,179.3000030517578,187.24000549316406,178.38999938964844,186.17999267578125,186.17999267578125,1365800,CAD,TOR,America/Toronto,Yahoo Finance
SHOP.TO,2026-09-15,184.27000427246094,185.60000610351562,180.42999267578125,180.8000030517578,180.8000030517578,1100100,CAD,TOR,America/Toronto,Yahoo Finance
SHOP.TO,2026-09-16,181.3000030517578,184.89999389648438,179.60000610351562,181.77000427246094,181.77000427246094,1262900,CAD,TOR,America/Toronto,Yahoo Finance
SHOP.TO,2026-09-17,183.0399932861328,183.0399932861328,178.5,180.00999450683594,180.00999450683594,1182500,CAD,TOR,America/Toronto,Yahoo Finance
SHOP.TO,2026-09-18,181.22999572753906,181.24000549316406,177.66000366210938,179.33999633789062,179.33999633789062,5514600,CAD,TOR,America/Toronto,Yahoo Finance
SHOP.TO,2026-09-21,181.05999755859375,193.7100067138672,177.0449981689453,193.3800048828125,193.3800048828125,3003100,CAD,TOR,America/Toronto,Yahoo Finance
SHOP.TO,2026-09-22,203.72999572753906,211.0,203.38999938964844,207.69000244140625,207.69000244140625,2853400,CAD,TOR,America/Toronto,Yahoo Finance
SHOP.TO,2026-09-23,206.4199981689453,213.0800018310547,191.39999389648438,200.4600067138672,200.4600067138672,3253500,CAD,TOR,America/Toronto,Yahoo Finance
SHOP.TO,2026-09-24,197.85000610351562,206.35000610351562,197.85000610351562,205.3000030517578,205.3000030517578,1689900,CAD,TOR,America/Toronto,Yahoo Finance
SHOP.TO,2026-09-25,205.50999450683594,205.50999450683594,199.39999389648438,201.1999969482422,201.1999969482422,1469600,CAD,TOR,America/Toronto,Yahoo Finance
SHOP.TO,2026-09-28,197.14999389648438,204.1999969482422,193.35000610351562,204.1999969482422,204.1999969482422,1742400,CAD,TOR,America/Toronto,Yahoo Finance
SHOP.TO,2026-09-29,204.89999389648438,211.6699981689453,202.02999877929688,210.0399932861328,210.0399932861328,1843500,CAD,TOR,America/Toronto,Yahoo Finance
SHOP.TO,2026-09-30,210.67999267578125,215.1999969482422,208.63999938964844,210.9199981689453,210.9199981689453,2013600,CAD,TOR,America/Toronto,Yahoo Finance
SHOP.TO,2026-10-01,214.61000061035156,217.30999755859375,211.0800018310547,212.10000610351562,212.10000610351562,1690100,CAD,TOR,America/Toronto,Yahoo Finance
SLF,2026-08-17,81.30000305175781,81.88999938964844,80.45999908447266,80.70999908447266,80.0096664428711,551800,USD,NYQ,America/New_York,Yahoo Finance
SLF,2026-08-18,80.97000122070312,80.97000122070312,80.22000122070312,80.41000366210938,79.71227264404297,458500,USD,NYQ,America/New_York,Yahoo Finance
SLF,2026-08-19,80.44000244140625,80.83000183105469,79.2300033569336,79.48999786376953,78.80024719238281,2217700,USD,NYQ,America/New_York,Yahoo Finance
SLF,2026-08-20,79.05000305175781,79.5,78.1500015258789,78.26000213623047,77.58092498779297,922400,USD,NYQ,America/New_York,Yahoo Finance
SLF,2026-08-21,78.2699966430664,79.83999633789062,78.16000366210938,78.9800033569336,78.294677734375,307500,USD,NYQ,America/New_York,Yahoo Finance
SLF,2026-08-24,79.37999725341797,79.48999786376953,78.58999633789062,79.05000305175781,78.36407470703125,510000,USD,NYQ,America/New_York,Yahoo Finance
SLF,2026-08-25,79.48999786376953,79.9800033569336,78.91999816894531,79.9800033569336,79.28600311279297,6232800,USD,NYQ,America/New_York,Yahoo Finance
SLF,2026-08-26,79.19999694824219,79.7300033569336,79.0,79.05000305175781,79.05000305175781,2870400,USD,NYQ,America/New_York,Yahoo Finance
SLF,2026-08-27,78.44999694824219,79.22000122070312,78.13999938964844,78.61000061035156,78.61000061035156,533600,USD,NYQ,America/New_York,Yahoo Finance
SLF,2026-08-28,78.94999694824219,79.19000244140625,78.41000366210938,78.76000213623047,78.76000213623047,436000,USD,NYQ,America/New_York,Yahoo Finance
SLF,2026-08-31,78.69999694824219,78.95999908447266,78.06999969482422,78.37999725341797,78.37999725341797,658000,USD,NYQ,America/New_York,Yahoo Finance
SLF,2026-09-01,78.5999984741211,78.63999938964844,77.25,77.98999786376953,77.98999786376953,677900,USD,NYQ,America/New_York,Yahoo Finance
SLF,2026-09-02,78.20999908447266,79.5199966430664,78.0199966430664,79.45999908447266,79.45999908447266,989200,USD,NYQ,America/New_York,Yahoo Finance
SLF,2026-09-03,79.91999816894531,80.94999694824219,79.91999816894531,80.79000091552734,80.79000091552734,917700,USD,NYQ,America/New_York,Yahoo Finance
SLF,2026-09-04,80.31999969482422,81.37999725341797,80.0199966430664,80.97000122070312,80.97000122070312,586300,USD,NYQ,America/New_York,Yahoo Finance
SLF,2026-09-08,80.80000305175781,80.88999938964844,79.44000244140625,79.55000305175781,79.55000305175781,492200,USD,NYQ,America/New_York,Yahoo Finance
SLF,2026-09-09,79.16999816894531,79.51000213623047,78.18000030517578,78.4800033569336,78.4800033569336,1756200,USD,NYQ,America/New_York,Yahoo Finance
SLF,2026-09-10,78.6500015258789,79.6500015258789,78.51000213623047,79.55999755859375,79.55999755859375,417500,USD,NYQ,America/New_York,Yahoo Finance
SLF,2026-09-11,80.33999633789062,80.48999786376953,78.80999755859375,79.66999816894531,79.66999816894531,346700,USD,NYQ,America/New_York,Yahoo Finance
SLF,2026-09-14,79.66999816894531,80.30999755859375,79.43000030517578,80.2300033569336,80.2300033569336,372200,USD,NYQ,America/New_York,Yahoo Finance
SLF,2026-09-15,80.26000213623047,80.61000061035156,79.80999755859375,80.52999877929688,80.52999877929688,293900,USD,NYQ,America/New_York,Yahoo Finance
SLF,2026-09-16,80.55999755859375,81.16000366210938,79.80000305175781,80.2699966430664,80.2699966430664,396200,USD,NYQ,America/New_York,Yahoo Finance
SLF,2026-09-17,80.80000305175781,81.41000366210938,80.29000091552734,80.9000015258789,80.9000015258789,310700,USD,NYQ,America/New_York,Yahoo Finance
SLF,2026-09-18,80.45999908447266,81.37999725341797,80.02999877929688,81.2699966430664,81.2699966430664,901900,USD,NYQ,America/New_York,Yahoo Finance
SLF,2026-09-21,81.36000061035156,81.68000030517578,81.02999877929688,81.44000244140625,81.44000244140625,592200,USD,NYQ,America/New_York,Yahoo Finance
SLF,2026-09-22,81.66999816894531,81.66999816894531,80.0199966430664,80.70999908447266,80.70999908447266,345800,USD,NYQ,America/New_York,Yahoo Finance
SLF,2026-09-23,80.13999938964844,81.31999969482422,79.9000015258789,79.95999908447266,79.95999908447266,459600,USD,NYQ,America/New_York,Yahoo Finance
SLF,2026-09-24,79.72000122070312,80.13999938964844,79.23999786376953,79.44999694824219,79.44999694824219,723000,USD,NYQ,America/New_York,Yahoo Finance
SLF,2026-09-25,79.68000030517578,80.06999969482422,79.33999633789062,79.91000366210938,79.91000366210938,377700,USD,NYQ,America/New_York,Yahoo Finance
SLF,2026-09-28,79.86000061035156,80.25,79.41000366210938,79.4800033569336,79.4800033569336,300200,USD,NYQ,America/New_York,Yahoo Finance
SLS,2026-08-17,12.779999732971191,13.25,12.390000343322754,13.0,13.0,5433300,USD,NCM,America/New_York,Yahoo Finance
SLS,2026-08-18,12.65999984741211,13.479999542236328,12.529999732971191,13.100000381469727,13.100000381469727,4967800,USD,NCM,America/New_York,Yahoo Finance
SLS,2026-08-19,13.460000038146973,14.289999961853027,13.0,13.850000381469727,13.850000381469727,9123100,USD,NCM,America/New_York,Yahoo Finance
SLS,2026-08-20,13.84000015258789,14.4399995803833,13.010000228881836,13.399999618530273,13.399999618530273,7818900,USD,NCM,America/New_York,Yahoo Finance
SLS,2026-08-21,13.6899995803833,15.670000076293945,13.260000228881836,15.460000038146973,15.460000038146973,15242100,USD,NCM,America/New_York,Yahoo Finance
SLS,2026-08-24,15.479999542236328,15.479999542236328,13.90999984741211,14.329999923706055,14.329999923706055,8823400,USD,NCM,America/New_York,Yahoo Finance
SLS,2026-08-25,14.5600004196167,15.390000343322754,13.90999984741211,14.09000015258789,14.09000015258789,8206800,USD,NCM,America/New_York,Yahoo Finance
SLS,2026-08-26,13.819999694824219,13.920000076293945,13.40999984741211,13.729999542236328,13.729999542236328,4594600,USD,NCM,America/New_York,Yahoo Finance
SLS,2026-08-27,14.079999923706055,15.5600004196167,13.920000076293945,15.210000038146973,15.210000038146973,12117400,USD,NCM,America/New_York,Yahoo Finance
SLS,2026-08-28,14.770000457763672,14.789999961853027,13.149999618530273,13.210000038146973,13.210000038146973,9825400,USD,NCM,America/New_York,Yahoo Finance
SLS,2026-08-31,13.329999923706055,13.670000076293945,12.9399995803833,13.34000015258789,13.34000015258789,7449600,USD,NCM,America/New_York,Yahoo Finance
SLS,2026-09-01,13.020000457763672,13.390000343322754,12.640000343322754,13.220000267028809,13.220000267028809,5911700,USD,NCM,America/New_York,Yahoo Finance
SLS,2026-09-02,13.270000457763672,14.329999923706055,13.229999542236328,14.15999984741211,14.15999984741211,6236300,USD,NCM,America/New_York,Yahoo Finance
SLS,2026-09-03,14.0600004196167,14.539999961853027,13.550000190734863,13.699999809265137,13.699999809265137,5776000,USD,NCM,America/New_York,Yahoo Finance
SLS,2026-09-04,13.510000228881836,14.140000343322754,13.430000305175781,13.859999656677246,13.859999656677246,4526900,USD,NCM,America/New_York,Yahoo Finance
SLS,2026-09-08,13.770000457763672,14.369999885559082,13.319999694824219,13.960000038146973,13.960000038146973,6055000,USD,NCM,America/New_York,Yahoo Finance
SLS,2026-09-09,13.710000038146973,14.329999923706055,13.710000038146973,13.949999809265137,13.949999809265137,5499900,USD,NCM,America/New_York,Yahoo Finance
SLS,2026-09-10,13.65999984741211,13.829999923706055,13.369999885559082,13.489999771118164,13.489999771118164,4820200,USD,NCM,America/New_York,Yahoo Finance
SLS,2026-09-11,13.550000190734863,13.739999771118164,11.380000114440918,11.550000190734863,11.550000190734863,14709900,USD,NCM,America/New_York,Yahoo Finance
SLS,2026-09-14,10.90999984741211,12.279999732971191,10.779999732971191,11.729999542236328,11.729999542236328,10542400,USD,NCM,America/New_York,Yahoo Finance
SLS,2026-09-15,11.600000381469727,11.699999809265137,11.029999732971191,11.289999961853027,11.289999961853027,5244000,USD,NCM,America/New_York,Yahoo Finance
SLS,2026-09-16,11.239999771118164,11.739999771118164,11.239999771118164,11.65999984741211,11.65999984741211,5126200,USD,NCM,America/New_York,Yahoo Finance
SLS,2026-09-17,11.3100004196167,11.800000190734863,11.229999542236328,11.529999732971191,11.529999732971191,4811900,USD,NCM,America/New_York,Yahoo Finance
SLS,2026-09-18,11.600000381469727,11.779999732971191,11.0600004196167,11.489999771118164,11.489999771118164,14607400,USD,NCM,America/New_York,Yahoo Finance
SLS,2026-09-21,11.59000015258789,11.9399995803833,11.130000114440918,11.369999885559082,11.369999885559082,5636400,USD,NCM,America/New_York,Yahoo Finance
SLS,2026-09-22,11.40999984741211,12.069999694824219,11.170000076293945,12.020000457763672,12.020000457763672,5970400,USD,NCM,America/New_York,Yahoo Finance
SLS,2026-09-23,11.920000076293945,12.140000343322754,11.420000076293945,11.520000457763672,11.520000457763672,3888900,USD,NCM,America/New_York,Yahoo Finance
SLS,2026-09-24,11.430000305175781,12.039999961853027,11.100000381469727,11.979999542236328,11.979999542236328,4652600,USD,NCM,America/New_York,Yahoo Finance
SLS,2026-09-25,11.989999771118164,12.149999618530273,11.5,11.609999656677246,11.609999656677246,4452900,USD,NCM,America/New_York,Yahoo Finance
SLS,2026-09-28,11.510000228881836,11.850000381469727,11.3100004196167,11.59000015258789,11.59000015258789,3752700,USD,NCM,America/New_York,Yahoo Finance
SON,2026-08-17,57.75,57.75,56.619998931884766,56.75,56.75,697600,USD,NYQ,America/New_York,Yahoo Finance
SON,2026-08-18,57.27000045776367,57.79999923706055,56.630001068115234,57.20000076293945,57.20000076293945,877100,USD,NYQ,America/New_York,Yahoo Finance
SON,2026-08-19,57.619998931884766,58.09000015258789,57.25,57.900001525878906,57.900001525878906,874600,USD,NYQ,America/New_York,Yahoo Finance
SON,2026-08-20,56.779998779296875,58.709999084472656,56.779998779296875,58.33000183105469,58.33000183105469,577200,USD,NYQ,America/New_York,Yahoo Finance
SON,2026-08-21,58.9900016784668,59.619998931884766,58.619998931884766,59.47999954223633,59.47999954223633,833100,USD,NYQ,America/New_York,Yahoo Finance
SON,2026-08-24,59.470001220703125,59.75,56.560001373291016,57.4900016784668,57.4900016784668,1154000,USD,NYQ,America/New_York,Yahoo Finance
SON,2026-08-25,57.63999938964844,57.970001220703125,56.9900016784668,57.880001068115234,57.880001068115234,1104400,USD,NYQ,America/New_York,Yahoo Finance
SON,2026-08-26,57.2599983215332,58.880001068115234,57.189998626708984,57.54999923706055,57.54999923706055,904100,USD,NYQ,America/New_York,Yahoo Finance
SON,2026-08-27,56.70000076293945,57.459999084472656,56.61000061035156,56.709999084472656,56.709999084472656,767900,USD,NYQ,America/New_York,Yahoo Finance
SON,2026-08-28,57.099998474121094,57.5,56.36000061035156,56.470001220703125,56.470001220703125,722100,USD,NYQ,America/New_York,Yahoo Finance
SON,2026-08-31,56.90999984741211,57.34000015258789,55.029998779296875,55.150001525878906,55.150001525878906,1452000,USD,NYQ,America/New_York,Yahoo Finance
SON,2026-09-01,55.09000015258789,55.380001068115234,53.86000061035156,54.09000015258789,54.09000015258789,822500,USD,NYQ,America/New_York,Yahoo Finance
SON,2026-09-02,54.349998474121094,55.13999938964844,54.04999923706055,54.7400016784668,54.7400016784668,606300,USD,NYQ,America/New_York,Yahoo Finance
SON,2026-09-03,53.79999923706055,53.880001068115234,50.75,52.689998626708984,52.689998626708984,1637600,USD,NYQ,America/New_York,Yahoo Finance
SON,2026-09-04,52.349998474121094,52.70000076293945,51.599998474121094,51.95000076293945,51.95000076293945,1400100,USD,NYQ,America/New_York,Yahoo Finance
SON,2026-09-08,51.88999938964844,51.88999938964844,49.84000015258789,49.869998931884766,49.869998931884766,1814900,USD,NYQ,America/New_York,Yahoo Finance
SON,2026-09-09,49.7400016784668,50.33000183105469,47.7400016784668,48.38999938964844,48.38999938964844,1718000,USD,NYQ,America/New_York,Yahoo Finance
SON,2026-09-10,48.29999923706055,49.02000045776367,47.77000045776367,48.43000030517578,48.43000030517578,1342600,USD,NYQ,America/New_York,Yahoo Finance
SON,2026-09-11,49.099998474121094,49.4900016784668,47.59000015258789,47.84000015258789,47.84000015258789,1557700,USD,NYQ,America/New_York,Yahoo Finance
SON,2026-09-14,47.97999954223633,48.68000030517578,47.83000183105469,48.31999969482422,48.31999969482422,1045900,USD,NYQ,America/New_York,Yahoo Finance
SON,2026-09-15,48.689998626708984,48.70000076293945,47.81999969482422,48.279998779296875,48.279998779296875,1022300,USD,NYQ,America/New_York,Yahoo Finance
SON,2026-09-16,48.599998474121094,49.470001220703125,48.11000061035156,48.40999984741211,48.40999984741211,1472600,USD,NYQ,America/New_York,Yahoo Finance
SON,2026-09-17,49.59000015258789,49.59000015258789,48.43000030517578,48.81999969482422,48.81999969482422,1171800,USD,NYQ,America/New_York,Yahoo Finance
SON,2026-09-18,48.90999984741211,49.25,48.400001525878906,48.84000015258789,48.84000015258789,1835000,USD,NYQ,America/New_York,Yahoo Finance
SON,2026-09-21,49.2599983215332,49.869998931884766,48.79999923706055,49.25,49.25,1150200,USD,NYQ,America/New_York,Yahoo Finance
SON,2026-09-22,50.09000015258789,51.02000045776367,49.650001525878906,50.689998626708984,50.689998626708984,1125100,USD,NYQ,America/New_York,Yahoo Finance
SON,2026-09-23,50.630001068115234,51.15999984741211,50.380001068115234,50.630001068115234,50.630001068115234,1182900,USD,NYQ,America/New_York,Yahoo Finance
SON,2026-09-24,50.7599983215332,50.97999954223633,49.349998474121094,49.959999084472656,49.959999084472656,964600,USD,NYQ,America/New_York,Yahoo Finance
SON,2026-09-25,50.20000076293945,50.34000015258789,49.59000015258789,50.060001373291016,50.060001373291016,780200,USD,NYQ,America/New_York,Yahoo Finance
SON,2026-09-28,49.470001220703125,50.150001525878906,49.06999969482422,49.970001220703125,49.970001220703125,910500,USD,NYQ,America/New_York,Yahoo Finance
SPGI,2026-08-17,416.0899963378906,419.760009765625,409.8500061035156,410.5299987792969,409.6103210449219,1534200,USD,NYQ,America/New_York,Yahoo Finance
SPGI,2026-08-18,414.3399963378906,422.9700012207031,412.0299987792969,418.0400085449219,417.1034851074219,1973600,USD,NYQ,America/New_York,Yahoo Finance
SPGI,2026-08-19,418.9700012207031,433.54998779296875,418.9599914550781,426.6600036621094,425.7041931152344,1519000,USD,NYQ,America/New_York,Yahoo Finance
SPGI,2026-08-20,426.0,433.8299865722656,425.6700134277344,432.1600036621094,431.1918640136719,2288100,USD,NYQ,America/New_York,Yahoo Finance
SPGI,2026-08-21,433.4100036621094,435.260009765625,428.45001220703125,431.2900085449219,430.3238220214844,1827300,USD,NYQ,America/New_York,Yahoo Finance
SPGI,2026-08-24,431.95001220703125,439.0199890136719,431.5,435.4200134277344,434.444580078125,1910400,USD,NYQ,America/New_York,Yahoo Finance
SPGI,2026-08-25,428.4800109863281,434.4100036621094,423.8900146484375,432.989990234375,432.0199890136719,1282900,USD,NYQ,America/New_York,Yahoo Finance
SPGI,2026-08-26,430.6099853515625,439.20001220703125,430.1700134277344,436.489990234375,436.489990234375,1398700,USD,NYQ,America/New_York,Yahoo Finance
SPGI,2026-08-27,436.489990234375,444.82000732421875,435.1099853515625,435.3900146484375,435.3900146484375,1820400,USD,NYQ,America/New_York,Yahoo Finance
SPGI,2026-08-28,436.0,444.55999755859375,436.0,442.8900146484375,442.8900146484375,1288500,USD,NYQ,America/New_York,Yahoo Finance
SPGI,2026-08-31,440.0,442.0199890136719,435.45001220703125,435.8399963378906,435.8399963378906,2030900,USD,NYQ,America/New_York,Yahoo Finance
SPGI,2026-09-01,433.30999755859375,454.9200134277344,428.1499938964844,440.2099914550781,440.2099914550781,3290700,USD,NYQ,America/New_York,Yahoo Finance
SPGI,2026-09-02,438.0,441.6199951171875,431.32000732421875,431.7099914550781,431.7099914550781,2025000,USD,NYQ,America/New_York,Yahoo Finance
SPGI,2026-09-03,438.79998779296875,450.6600036621094,437.67999267578125,450.5799865722656,450.5799865722656,2555000,USD,NYQ,America/New_York,Yahoo Finance
SPGI,2026-09-04,438.4100036621094,444.32000732421875,437.92999267578125,443.510009765625,443.510009765625,1525100,USD,NYQ,America/New_York,Yahoo Finance
SPGI,2026-09-08,440.05999755859375,442.5299987792969,429.07000732421875,429.30999755859375,429.30999755859375,1745500,USD,NYQ,America/New_York,Yahoo Finance
SPGI,2026-09-09,428.0,431.6400146484375,418.25,418.3599853515625,418.3599853515625,1783100,USD,NYQ,America/New_York,Yahoo Finance
SPGI,2026-09-10,416.9700012207031,420.20001220703125,410.260009765625,410.4200134277344,410.4200134277344,1709700,USD,NYQ,America/New_York,Yahoo Finance
SPGI,2026-09-11,413.2799987792969,416.3800048828125,407.44000244140625,410.7099914550781,410.7099914550781,1581600,USD,NYQ,America/New_York,Yahoo Finance
SPGI,2026-09-14,417.0,423.32000732421875,415.75,418.5400085449219,418.5400085449219,2181200,USD,NYQ,America/New_York,Yahoo Finance
SPGI,2026-09-15,415.260009765625,416.6000061035156,411.6400146484375,412.5199890136719,412.5199890136719,1698800,USD,NYQ,America/New_York,Yahoo Finance
SPGI,2026-09-16,413.8999938964844,415.5299987792969,404.80999755859375,406.760009765625,406.760009765625,1486300,USD,NYQ,America/New_York,Yahoo Finance
SPGI,2026-09-17,408.95001220703125,408.989990234375,403.67999267578125,404.1099853515625,404.1099853515625,1477000,USD,NYQ,America/New_York,Yahoo Finance
SPGI,2026-09-18,401.3999938964844,408.0799865722656,400.8299865722656,405.32000732421875,405.32000732421875,2417900,USD,NYQ,America/New_York,Yahoo Finance
SPGI,2026-09-21,408.95001220703125,410.989990234375,403.2200012207031,404.4700012207031,404.4700012207031,1285300,USD,NYQ,America/New_York,Yahoo Finance
SPGI,2026-09-22,408.0,409.989990234375,401.92999267578125,402.44000244140625,402.44000244140625,1555500,USD,NYQ,America/New_York,Yahoo Finance
SPGI,2026-09-23,403.1000061035156,410.0,401.0400085449219,406.5,406.5,1528500,USD,NYQ,America/New_York,Yahoo Finance
SPGI,2026-09-24,406.2200012207031,409.8900146484375,400.6099853515625,403.25,403.25,1475400,USD,NYQ,America/New_York,Yahoo Finance
SPGI,2026-09-25,402.25,405.57000732421875,398.739990234375,403.29998779296875,403.29998779296875,1316700,USD,NYQ,America/New_York,Yahoo Finance
SPGI,2026-09-28,400.0,400.6499938964844,395.1199951171875,395.9200134277344,395.9200134277344,1709500,USD,NYQ,America/New_York,Yahoo Finance
SRAD,2026-08-17,13.75,14.0600004196167,13.050000190734863,13.130000114440918,13.130000114440918,2593700,USD,NMS,America/New_York,Yahoo Finance
SRAD,2026-08-18,13.199999809265137,13.199999809265137,12.859999656677246,12.859999656677246,12.859999656677246,1251400,USD,NMS,America/New_York,Yahoo Finance
SRAD,2026-08-19,12.835000038146973,13.085000038146973,12.744999885559082,13.050000190734863,13.050000190734863,1369200,USD,NMS,America/New_York,Yahoo Finance
SRAD,2026-08-20,13.229999542236328,13.3100004196167,12.59000015258789,12.609999656677246,12.609999656677246,1812500,USD,NMS,America/New_York,Yahoo Finance
SRAD,2026-08-21,12.600000381469727,13.050000190734863,12.600000381469727,13.0,13.0,2961100,USD,NMS,America/New_York,Yahoo Finance
SRAD,2026-08-24,12.979999542236328,13.395000457763672,12.824999809265137,13.100000381469727,13.100000381469727,2228800,USD,NMS,America/New_York,Yahoo Finance
SRAD,2026-08-25,13.079999923706055,13.220000267028809,12.850000381469727,12.90999984741211,12.90999984741211,1411000,USD,NMS,America/New_York,Yahoo Finance
SRAD,2026-08-26,12.880000114440918,13.020000457763672,12.710000038146973,12.949999809265137,12.949999809265137,1527300,USD,NMS,America/New_York,Yahoo Finance
SRAD,2026-08-27,13.119999885559082,13.199999809265137,12.600000381469727,12.779999732971191,12.779999732971191,1188900,USD,NMS,America/New_York,Yahoo Finance
SRAD,2026-08-28,12.960000038146973,13.210000038146973,12.779999732971191,12.9399995803833,12.9399995803833,1968100,USD,NMS,America/New_York,Yahoo Finance
SRAD,2026-08-31,12.925000190734863,13.020000457763672,12.41100025177002,12.430000305175781,12.430000305175781,914900,USD,NMS,America/New_York,Yahoo Finance
SRAD,2026-09-01,12.359999656677246,12.569999694824219,12.140000343322754,12.3100004196167,12.3100004196167,1762800,USD,NMS,America/New_York,Yahoo Finance
SRAD,2026-09-02,12.40999984741211,13.0600004196167,12.335000038146973,12.920000076293945,12.920000076293945,2813500,USD,NMS,America/New_York,Yahoo Finance
SRAD,2026-09-03,13.0,13.199999809265137,12.859999656677246,13.109999656677246,13.109999656677246,2288700,USD,NMS,America/New_York,Yahoo Finance
SRAD,2026-09-04,13.020000457763672,13.095000267028809,12.885000228881836,12.899999618530273,12.899999618530273,1442700,USD,NMS,America/New_York,Yahoo Finance
SRAD,2026-09-08,12.890000343322754,12.890000343322754,12.550000190734863,12.729999542236328,12.729999542236328,1028300,USD,NMS,America/New_York,Yahoo Finance
SRAD,2026-09-09,12.6899995803833,13.135000228881836,12.380000114440918,12.829999923706055,12.829999923706055,2895600,USD,NMS,America/New_York,Yahoo Finance
SRAD,2026-09-10,12.84000015258789,13.456000328063965,12.470000267028809,12.699999809265137,12.699999809265137,4205000,USD,NMS,America/New_York,Yahoo Finance
SRAD,2026-09-11,12.710000038146973,13.020000457763672,12.699999809265137,12.90999984741211,12.90999984741211,1497500,USD,NMS,America/New_York,Yahoo Finance
SRAD,2026-09-14,13.0,13.255000114440918,12.800000190734863,13.199999809265137,13.199999809265137,1474300,USD,NMS,America/New_York,Yahoo Finance
SRAD,2026-09-15,13.119999885559082,13.40999984741211,13.0600004196167,13.3100004196167,13.3100004196167,2769200,USD,NMS,America/New_York,Yahoo Finance
SRAD,2026-09-16,13.300000190734863,13.454999923706055,13.130000114440918,13.229999542236328,13.229999542236328,1860900,USD,NMS,America/New_York,Yahoo Finance
SRAD,2026-09-17,13.25,13.34000015258789,12.300000190734863,12.359999656677246,12.359999656677246,1763700,USD,NMS,America/New_York,Yahoo Finance
SRAD,2026-09-18,12.3100004196167,12.46500015258789,12.100000381469727,12.119999885559082,12.119999885559082,2621500,USD,NMS,America/New_York,Yahoo Finance
SRAD,2026-09-21,12.210000038146973,12.720000267028809,12.0600004196167,12.539999961853027,12.539999961853027,1328800,USD,NMS,America/New_York,Yahoo Finance
SRAD,2026-09-22,12.75,13.944999694824219,12.550000190734863,13.600000381469727,13.600000381469727,6529200,USD,NMS,America/New_York,Yahoo Finance
SRAD,2026-09-23,13.739999771118164,13.739999771118164,13.0,13.170000076293945,13.170000076293945,3366100,USD,NMS,America/New_York,Yahoo Finance
SRAD,2026-09-24,13.130000114440918,13.319999694824219,12.819999694824219,13.09000015258789,13.09000015258789,2288400,USD,NMS,America/New_York,Yahoo Finance
SRAD,2026-09-25,13.010000228881836,13.3100004196167,12.859999656677246,13.239999771118164,13.239999771118164,1303800,USD,NMS,America/New_York,Yahoo Finance
SRAD,2026-09-28,13.210000038146973,13.210000038146973,12.449999809265137,12.479999542236328,12.479999542236328,1921700,USD,NMS,America/New_York,Yahoo Finance
SSL,2026-08-17,11.489999771118164,11.760000228881836,11.470000267028809,11.710000038146973,11.710000038146973,1485800,USD,NYQ,America/New_York,Yahoo Finance
SSL,2026-08-18,12.0,12.09000015258789,11.770000457763672,11.850000381469727,11.850000381469727,1095900,USD,NYQ,America/New_York,Yahoo Finance
SSL,2026-08-19,12.0600004196167,12.3100004196167,12.039999961853027,12.100000381469727,12.100000381469727,1322000,USD,NYQ,America/New_York,Yahoo Finance
SSL,2026-08-20,12.199999809265137,12.399999618530273,12.15999984741211,12.270000457763672,12.270000457763672,903900,USD,NYQ,America/New_York,Yahoo Finance
SSL,2026-08-21,12.350000381469727,12.550000190734863,12.350000381469727,12.489999771118164,12.489999771118164,1231700,USD,NYQ,America/New_York,Yahoo Finance
SSL,2026-08-24,12.4399995803833,12.5,12.229999542236328,12.270000457763672,12.270000457763672,831300,USD,NYQ,America/New_York,Yahoo Finance
SSL,2026-08-25,11.75,11.84000015258789,11.399999618530273,11.449999809265137,11.449999809265137,1382800,USD,NYQ,America/New_York,Yahoo Finance
SSL,2026-08-26,11.239999771118164,11.420000076293945,11.229999542236328,11.359999656677246,11.359999656677246,1217500,USD,NYQ,America/New_York,Yahoo Finance
SSL,2026-08-27,11.489999771118164,11.649999618530273,11.279999732971191,11.609999656677246,11.609999656677246,1426800,USD,NYQ,America/New_York,Yahoo Finance
SSL,2026-08-28,11.75,11.84000015258789,11.640000343322754,11.819999694824219,11.819999694824219,869000,USD,NYQ,America/New_York,Yahoo Finance
SSL,2026-08-31,12.010000228881836,12.210000038146973,11.970000267028809,12.020000457763672,12.020000457763672,820700,USD,NYQ,America/New_York,Yahoo Finance
SSL,2026-09-01,11.890000343322754,12.489999771118164,11.850000381469727,12.449999809265137,12.449999809265137,1994900,USD,NYQ,America/New_York,Yahoo Finance
SSL,2026-09-02,12.1899995803833,12.729999542236328,12.170000076293945,12.680000305175781,12.680000305175781,3648000,USD,NYQ,America/New_York,Yahoo Finance
SSL,2026-09-03,12.520000457763672,12.680000305175781,12.329999923706055,12.350000381469727,12.350000381469727,1437200,USD,NYQ,America/New_York,Yahoo Finance
SSL,2026-09-04,12.319999694824219,12.369999885559082,12.130000114440918,12.270000457763672,12.270000457763672,1953400,USD,NYQ,America/New_York,Yahoo Finance
SSL,2026-09-08,13.079999923706055,13.329999923706055,13.029999732971191,13.300000190734863,13.300000190734863,1380400,USD,NYQ,America/New_York,Yahoo Finance
SSL,2026-09-09,14.119999885559082,14.760000228881836,14.119999885559082,14.579999923706055,14.579999923706055,4952900,USD,NYQ,America/New_York,Yahoo Finance
SSL,2026-09-10,14.640000343322754,14.8100004196167,14.40999984741211,14.649999618530273,14.649999618530273,2669900,USD,NYQ,America/New_York,Yahoo Finance
SSL,2026-09-11,14.350000381469727,14.609999656677246,14.3100004196167,14.59000015258789,14.59000015258789,1610700,USD,NYQ,America/New_York,Yahoo Finance
SSL,2026-09-14,14.6899995803833,14.800000190734863,14.449999809265137,14.5,14.5,1641700,USD,NYQ,America/New_York,Yahoo Finance
SSL,2026-09-15,14.489999771118164,15.180000305175781,14.470000267028809,15.109999656677246,15.109999656677246,1890300,USD,NYQ,America/New_York,Yahoo Finance
SSL,2026-09-16,14.619999885559082,14.6899995803833,14.180000305175781,14.289999961853027,14.289999961853027,2290000,USD,NYQ,America/New_York,Yahoo Finance
SSL,2026-09-17,13.770000457763672,14.180000305175781,13.75,14.140000343322754,14.140000343322754,2056600,USD,NYQ,America/New_York,Yahoo Finance
SSL,2026-09-18,13.930000305175781,13.9399995803833,13.699999809265137,13.720000267028809,13.720000267028809,1124600,USD,NYQ,America/New_York,Yahoo Finance
SSL,2026-09-21,13.869999885559082,13.960000038146973,13.539999961853027,13.5600004196167,13.5600004196167,1312200,USD,NYQ,America/New_York,Yahoo Finance
SSL,2026-09-22,13.3100004196167,13.899999618530273,13.300000190734863,13.789999961853027,13.789999961853027,2323900,USD,NYQ,America/New_York,Yahoo Finance
SSL,2026-09-23,13.970000267028809,14.34000015258789,13.970000267028809,14.289999961853027,14.289999961853027,3110400,USD,NYQ,America/New_York,Yahoo Finance
SSL,2026-09-24,14.460000038146973,14.550000190734863,14.170000076293945,14.300000190734863,14.300000190734863,1639000,USD,NYQ,America/New_York,Yahoo Finance
SSL,2026-09-25,14.109999656677246,14.220000267028809,13.920000076293945,14.029999732971191,14.029999732971191,1468100,USD,NYQ,America/New_York,Yahoo Finance
SSL,2026-09-28,14.140000343322754,14.170000076293945,13.890000343322754,13.930000305175781,13.930000305175781,2336700,USD,NYQ,America/New_York,Yahoo Finance
SSRM,2026-08-17,32.310001373291016,33.22999954223633,32.18000030517578,32.779998779296875,32.779998779296875,1846800,USD,NMS,America/New_York,Yahoo Finance
SSRM,2026-08-18,32.2599983215332,32.650001525878906,31.510000228881836,31.690000534057617,31.690000534057617,1665100,USD,NMS,America/New_York,Yahoo Finance
SSRM,2026-08-19,33.7599983215332,35.439998626708984,33.619998931884766,35.380001068115234,35.380001068115234,3708700,USD,NMS,America/New_York,Yahoo Finance
SSRM,2026-08-20,35.08000183105469,36.97999954223633,35.0,36.83000183105469,36.83000183105469,3845300,USD,NMS,America/New_York,Yahoo Finance
SSRM,2026-08-21,38.400001525878906,38.400001525878906,36.81999969482422,37.77000045776367,37.77000045776367,4121000,USD,NMS,America/New_York,Yahoo Finance
SSRM,2026-08-24,38.31999969482422,38.79999923706055,37.52000045776367,38.61000061035156,38.61000061035156,2568200,USD,NMS,America/New_York,Yahoo Finance
SSRM,2026-08-25,37.75,39.43000030517578,37.470001220703125,39.209999084472656,39.209999084472656,2736500,USD,NMS,America/New_York,Yahoo Finance
SSRM,2026-08-26,38.40999984741211,38.810001373291016,38.0099983215332,38.09000015258789,38.09000015258789,1939400,USD,NMS,America/New_York,Yahoo Finance
SSRM,2026-08-27,37.86000061035156,39.040000915527344,37.77000045776367,39.0099983215332,39.0099983215332,1682700,USD,NMS,America/New_York,Yahoo Finance
SSRM,2026-08-28,39.2599983215332,39.38999938964844,36.86000061035156,37.290000915527344,37.290000915527344,2129300,USD,NMS,America/New_York,Yahoo Finance
SSRM,2026-08-31,37.16999816894531,37.68000030517578,36.540000915527344,37.61000061035156,37.61000061035156,2876100,USD,NMS,America/New_York,Yahoo Finance
SSRM,2026-09-01,36.11000061035156,37.849998474121094,35.689998626708984,35.83000183105469,35.83000183105469,3989600,USD,NMS,America/New_York,Yahoo Finance
SSRM,2026-09-02,36.970001220703125,37.90999984741211,36.86000061035156,37.75,37.75,2170400,USD,NMS,America/New_York,Yahoo Finance
SSRM,2026-09-03,39.439998626708984,39.439998626708984,38.290000915527344,38.88999938964844,38.88999938964844,2314300,USD,NMS,America/New_York,Yahoo Finance
SSRM,2026-09-04,37.65999984741211,38.33000183105469,37.150001525878906,37.150001525878906,37.150001525878906,2533900,USD,NMS,America/New_York,Yahoo Finance
SSRM,2026-09-08,37.040000915527344,37.40999984741211,36.77000045776367,36.939998626708984,36.939998626708984,1837900,USD,NMS,America/New_York,Yahoo Finance
SSRM,2026-09-09,37.689998626708984,38.25,36.869998931884766,37.599998474121094,37.599998474121094,1783000,USD,NMS,America/New_York,Yahoo Finance
SSRM,2026-09-10,36.040000915527344,36.72999954223633,35.75,36.209999084472656,36.209999084472656,1745900,USD,NMS,America/New_York,Yahoo Finance
SSRM,2026-09-11,36.79999923706055,37.41999816894531,35.959999084472656,36.2400016784668,36.2400016784668,1614500,USD,NMS,America/New_York,Yahoo Finance
SSRM,2026-09-14,34.90999984741211,35.310001373291016,34.36000061035156,34.810001373291016,34.810001373291016,2579200,USD,NMS,America/New_York,Yahoo Finance
SSRM,2026-09-15,35.11000061035156,35.29999923706055,34.150001525878906,35.2400016784668,35.2400016784668,1584700,USD,NMS,America/New_York,Yahoo Finance
SSRM,2026-09-16,35.83000183105469,36.18000030517578,34.5099983215332,35.220001220703125,35.220001220703125,3147700,USD,NMS,America/New_York,Yahoo Finance
SSRM,2026-09-17,36.81999969482422,36.939998626708984,35.88999938964844,36.150001525878906,36.150001525878906,1623900,USD,NMS,America/New_York,Yahoo Finance
SSRM,2026-09-18,36.41999816894531,36.45000076293945,35.75,36.33000183105469,36.33000183105469,4773100,USD,NMS,America/New_York,Yahoo Finance
SSRM,2026-09-21,36.65999984741211,36.65999984741211,35.81999969482422,36.61000061035156,36.61000061035156,2474800,USD,NMS,America/New_York,Yahoo Finance
SSRM,2026-09-22,36.52000045776367,38.66999816894531,36.2400016784668,38.29999923706055,38.29999923706055,3119800,USD,NMS,America/New_York,Yahoo Finance
SSRM,2026-09-23,37.099998474121094,37.31999969482422,36.15999984741211,36.29999923706055,36.29999923706055,3196500,USD,NMS,America/New_York,Yahoo Finance
SSRM,2026-09-24,35.70000076293945,35.93000030517578,34.84000015258789,35.81999969482422,35.81999969482422,1915600,USD,NMS,America/New_York,Yahoo Finance
SSRM,2026-09-25,35.790000915527344,35.880001068115234,34.75,35.68000030517578,35.68000030517578,1745700,USD,NMS,America/New_York,Yahoo Finance
SSRM,2026-09-28,33.63999938964844,34.599998474121094,33.45000076293945,33.84000015258789,33.84000015258789,2093500,USD,NMS,America/New_York,Yahoo Finance
STOK,2026-08-17,31.09000015258789,32.51499938964844,31.09000015258789,32.130001068115234,32.130001068115234,444700,USD,NMS,America/New_York,Yahoo Finance
STOK,2026-08-18,31.850000381469727,32.66999816894531,31.399999618530273,32.13999938964844,32.13999938964844,574600,USD,NMS,America/New_York,Yahoo Finance
STOK,2026-08-19,32.75,33.43000030517578,32.52000045776367,33.029998779296875,33.029998779296875,1472200,USD,NMS,America/New_York,Yahoo Finance
STOK,2026-08-20,32.47999954223633,32.59000015258789,29.860000610351562,31.399999618530273,31.399999618530273,1485500,USD,NMS,America/New_York,Yahoo Finance
STOK,2026-08-21,31.760000228881836,32.76499938964844,31.520000457763672,32.290000915527344,32.290000915527344,1274400,USD,NMS,America/New_York,Yahoo Finance
STOK,2026-08-24,32.290000915527344,32.7599983215332,31.15999984741211,32.31999969482422,32.31999969482422,562300,USD,NMS,America/New_York,Yahoo Finance
STOK,2026-08-25,32.70000076293945,33.939998626708984,32.45000076293945,33.459999084472656,33.459999084472656,728600,USD,NMS,America/New_York,Yahoo Finance
STOK,2026-08-26,33.209999084472656,33.54999923706055,32.56999969482422,33.09000015258789,33.09000015258789,1155300,USD,NMS,America/New_York,Yahoo Finance
STOK,2026-08-27,33.0099983215332,33.18000030517578,32.000999450683594,32.59000015258789,32.59000015258789,939300,USD,NMS,America/New_York,Yahoo Finance
STOK,2026-08-28,32.20000076293945,32.54999923706055,31.489999771118164,31.6200008392334,31.6200008392334,754100,USD,NMS,America/New_York,Yahoo Finance
STOK,2026-08-31,31.3700008392334,32.17499923706055,30.579999923706055,31.200000762939453,31.200000762939453,1116100,USD,NMS,America/New_York,Yahoo Finance
STOK,2026-09-01,29.940000534057617,31.3799991607666,29.940000534057617,30.889999389648438,30.889999389648438,727500,USD,NMS,America/New_York,Yahoo Finance
STOK,2026-09-02,31.459999084472656,32.119998931884766,29.979999542236328,30.5,30.5,630800,USD,NMS,America/New_York,Yahoo Finance
STOK,2026-09-03,30.700000762939453,30.700000762939453,29.690000534057617,29.989999771118164,29.989999771118164,510600,USD,NMS,America/New_York,Yahoo Finance
STOK,2026-09-04,29.40999984741211,30.027999877929688,29.145000457763672,29.809999465942383,29.809999465942383,714000,USD,NMS,America/New_York,Yahoo Finance
STOK,2026-09-08,29.1299991607666,30.68000030517578,28.885000228881836,30.049999237060547,30.049999237060547,681000,USD,NMS,America/New_York,Yahoo Finance
STOK,2026-09-09,29.530000686645508,30.530000686645508,29.530000686645508,29.920000076293945,29.920000076293945,666300,USD,NMS,America/New_York,Yahoo Finance
STOK,2026-09-10,29.6200008392334,29.78499984741211,28.959999084472656,29.34000015258789,29.34000015258789,421300,USD,NMS,America/New_York,Yahoo Finance
STOK,2026-09-11,29.81999969482422,30.15999984741211,29.010000228881836,29.030000686645508,29.030000686645508,587500,USD,NMS,America/New_York,Yahoo Finance
STOK,2026-09-14,29.3799991607666,29.700000762939453,29.010000228881836,29.600000381469727,29.600000381469727,500400,USD,NMS,America/New_York,Yahoo Finance
STOK,2026-09-15,29.559999465942383,29.559999465942383,27.81999969482422,28.149999618530273,28.149999618530273,1089900,USD,NMS,America/New_York,Yahoo Finance
STOK,2026-09-16,28.25,28.594999313354492,27.65999984741211,27.90999984741211,27.90999984741211,592000,USD,NMS,America/New_York,Yahoo Finance
STOK,2026-09-17,28.40999984741211,29.1299991607666,28.360000610351562,28.93000030517578,28.93000030517578,960100,USD,NMS,America/New_York,Yahoo Finance
STOK,2026-09-18,28.850000381469727,28.90999984741211,28.010000228881836,28.43000030517578,28.43000030517578,1560300,USD,NMS,America/New_York,Yahoo Finance
STOK,2026-09-21,28.799999237060547,28.799999237060547,27.74799919128418,28.049999237060547,28.049999237060547,720000,USD,NMS,America/New_York,Yahoo Finance
STOK,2026-09-22,28.440000534057617,29.399999618530273,28.238000869750977,29.200000762939453,29.200000762939453,527200,USD,NMS,America/New_York,Yahoo Finance
STOK,2026-09-23,29.219999313354492,29.219999313354492,26.014999389648438,26.110000610351562,26.110000610351562,1201700,USD,NMS,America/New_York,Yahoo Finance
STOK,2026-09-24,26.09000015258789,26.302000045776367,25.0,25.290000915527344,25.290000915527344,1220300,USD,NMS,America/New_York,Yahoo Finance
STOK,2026-09-25,25.469999313354492,25.520000457763672,24.799999237060547,24.799999237060547,24.799999237060547,1218100,USD,NMS,America/New_York,Yahoo Finance
STOK,2026-09-28,24.510000228881836,25.709999084472656,24.204999923706055,25.5,25.5,835000,USD,NMS,America/New_York,Yahoo Finance
STX,2026-08-17,990.3300170898438,1013.989990234375,978.6300048828125,994.7899780273438,993.9931640625,4330500,USD,NMS,America/New_York,Yahoo Finance
STX,2026-08-18,929.5,961.27001953125,898.6799926757812,903.6799926757812,902.9561767578125,4603900,USD,NMS,America/New_York,Yahoo Finance
STX,2026-08-19,911.4000244140625,915.1599731445312,829.1099853515625,832.5599975585938,831.8931274414062,5970300,USD,NMS,America/New_York,Yahoo Finance
STX,2026-08-20,833.6799926757812,869.7100219726562,827.5999755859375,850.239990234375,849.5589599609375,3239600,USD,NMS,America/New_York,Yahoo Finance
STX,2026-08-21,862.6400146484375,869.989990234375,834.5,850.0,849.3191528320312,2843500,USD,NMS,America/New_York,Yahoo Finance
STX,2026-08-24,818.5999755859375,822.739990234375,774.0,794.6500244140625,794.0135498046875,3204200,USD,NMS,America/New_York,Yahoo Finance
STX,2026-08-25,814.5,826.0,800.1199951171875,821.6699829101562,821.0118408203125,2560200,USD,NMS,America/New_York,Yahoo Finance
STX,2026-08-26,825.5999755859375,851.6900024414062,821.6699829101562,846.3699951171875,845.6920776367188,2125500,USD,NMS,America/New_York,Yahoo Finance
STX,2026-08-27,875.75,875.75,812.9400024414062,847.2000122070312,846.5214233398438,4895300,USD,NMS,America/New_York,Yahoo Finance
STX,2026-08-28,831.0900268554688,855.5800170898438,825.5,829.760009765625,829.0953979492188,2802800,USD,NMS,America/New_York,Yahoo Finance
STX,2026-08-31,826.5,830.6799926757812,808.489990234375,828.3800048828125,827.7164916992188,3458600,USD,NMS,America/New_York,Yahoo Finance
STX,2026-09-01,810.260009765625,832.760009765625,802.0499877929688,816.6400146484375,815.9859008789062,2421300,USD,NMS,America/New_York,Yahoo Finance
STX,2026-09-02,805.8599853515625,835.4000244140625,785.6599731445312,808.5399780273438,807.892333984375,2659200,USD,NMS,America/New_York,Yahoo Finance
STX,2026-09-03,796.0,807.0700073242188,763.52001953125,798.6099853515625,797.9703369140625,2968000,USD,NMS,America/New_York,Yahoo Finance
STX,2026-09-04,818.75,852.97998046875,805.010009765625,849.280029296875,848.5997924804688,2557100,USD,NMS,America/New_York,Yahoo Finance
STX,2026-09-08,880.6500244140625,925.4400024414062,860.010009765625,904.3800048828125,903.6556396484375,5181800,USD,NMS,America/New_York,Yahoo Finance
STX,2026-09-09,893.1400146484375,917.3900146484375,885.3900146484375,885.9199829101562,885.2103881835938,3517800,USD,NMS,America/New_York,Yahoo Finance
STX,2026-09-10,860.5599975585938,880.969970703125,848.239990234375,862.3300170898438,861.6393432617188,3235500,USD,NMS,America/New_York,Yahoo Finance
STX,2026-09-11,869.4199829101562,870.6799926757812,817.6900024414062,830.1699829101562,829.5050659179688,3843400,USD,NMS,America/New_York,Yahoo Finance
STX,2026-09-14,778.1199951171875,821.8599853515625,769.0,805.5499877929688,804.90478515625,4147200,USD,NMS,America/New_York,Yahoo Finance
STX,2026-09-15,800.239990234375,801.97998046875,758.3499755859375,771.8099975585938,771.1918334960938,4051600,USD,NMS,America/New_York,Yahoo Finance
STX,2026-09-16,784.7999877929688,798.8800048828125,772.010009765625,783.1799926757812,782.5526733398438,3393200,USD,NMS,America/New_York,Yahoo Finance
STX,2026-09-17,809.030029296875,816.6799926757812,783.010009765625,803.1300048828125,802.4866943359375,5308400,USD,NMS,America/New_York,Yahoo Finance
STX,2026-09-18,814.6900024414062,872.0,807.030029296875,858.7899780273438,858.1021118164062,6966500,USD,NMS,America/New_York,Yahoo Finance
STX,2026-09-21,894.27001953125,914.8200073242188,861.9600219726562,877.3300170898438,876.6273193359375,4190400,USD,NMS,America/New_York,Yahoo Finance
STX,2026-09-22,857.6900024414062,936.9400024414062,856.3900146484375,919.8400268554688,919.103271484375,5268300,USD,NMS,America/New_York,Yahoo Finance
STX,2026-09-23,913.2000122070312,927.0,885.0,923.8599853515625,923.1199951171875,3242800,USD,NMS,America/New_York,Yahoo Finance
STX,2026-09-24,914.6599731445312,926.010009765625,898.7999877929688,905.9199829101562,905.9199829101562,3067100,USD,NMS,America/New_York,Yahoo Finance
STX,2026-09-25,924.3599853515625,924.3599853515625,903.530029296875,916.8300170898438,916.8300170898438,2797000,USD,NMS,America/New_York,Yahoo Finance
STX,2026-09-28,912.0999755859375,932.8699951171875,870.3800048828125,921.510009765625,921.510009765625,3402300,USD,NMS,America/New_York,Yahoo Finance
SUI20947-USD,2026-09-02,0.7216870188713074,0.7483879923820496,0.7057859897613525,0.7451310157775879,0.7451310157775879,404135411,USD,CCC,UTC,Yahoo Finance
SUI20947-USD,2026-09-03,0.7451329827308655,0.796085000038147,0.7397670149803162,0.7833340167999268,0.7833340167999268,664379759,USD,CCC,UTC,Yahoo Finance
SUI20947-USD,2026-09-04,0.7833600044250488,0.7864530086517334,0.7418559789657593,0.7554590106010437,0.7554590106010437,447745761,USD,CCC,UTC,Yahoo Finance
SUI20947-USD,2026-09-05,0.7554640173912048,0.8109220266342163,0.7552670240402222,0.7949280142784119,0.7949280142784119,640728194,USD,CCC,UTC,Yahoo Finance
SUI20947-USD,2026-09-06,0.7949280142784119,0.8150730133056641,0.7866759896278381,0.8095470070838928,0.8095470070838928,522473479,USD,CCC,UTC,Yahoo Finance
SUI20947-USD,2026-09-07,0.8096010088920593,0.8427259922027588,0.7895219922065735,0.819553017616272,0.819553017616272,774316782,USD,CCC,UTC,Yahoo Finance
SUI20947-USD,2026-09-08,0.819595992565155,0.8352910280227661,0.7978379726409912,0.8102070093154907,0.8102070093154907,620570835,USD,CCC,UTC,Yahoo Finance
SUI20947-USD,2026-09-09,0.8101999759674072,0.8277230262756348,0.7645490169525146,0.7720710039138794,0.7720710039138794,587123048,USD,CCC,UTC,Yahoo Finance
SUI20947-USD,2026-09-10,0.7720739841461182,0.7723109722137451,0.7260329723358154,0.7270730137825012,0.7270730137825012,434281068,USD,CCC,UTC,Yahoo Finance
SUI20947-USD,2026-09-11,0.7270339727401733,0.7631080150604248,0.7129390239715576,0.7249050140380859,0.7249050140380859,623546805,USD,CCC,UTC,Yahoo Finance
SUI20947-USD,2026-09-12,0.7249529957771301,0.7298719882965088,0.7199469804763794,0.7248029708862305,0.7248029708862305,246085835,USD,CCC,UTC,Yahoo Finance
SUI20947-USD,2026-09-13,0.7248029708862305,0.7304970026016235,0.6992779970169067,0.7014099955558777,0.7014099955558777,300669207,USD,CCC,UTC,Yahoo Finance
SUI20947-USD,2026-09-14,0.7014240026473999,0.746491014957428,0.6955500245094299,0.7205259799957275,0.7205259799957275,516541143,USD,CCC,UTC,Yahoo Finance
SUI20947-USD,2026-09-15,0.7205150127410889,0.7219859957695007,0.6774100065231323,0.6869170069694519,0.6869170069694519,532427097,USD,CCC,UTC,Yahoo Finance
SUI20947-USD,2026-09-16,0.6869379878044128,0.7156699895858765,0.6787700057029724,0.7138260006904602,0.7138260006904602,503101228,USD,CCC,UTC,Yahoo Finance
SUI20947-USD,2026-09-17,0.7138130068778992,0.7411670088768005,0.7091739773750305,0.7408620119094849,0.7408620119094849,420095965,USD,CCC,UTC,Yahoo Finance
SUI20947-USD,2026-09-18,0.7408660054206848,0.821045994758606,0.7373660206794739,0.8139100074768066,0.8139100074768066,834601501,USD,CCC,UTC,Yahoo Finance
SUI20947-USD,2026-09-19,0.8139029741287231,0.8834840059280396,0.8078349828720093,0.8581879734992981,0.8581879734992981,977805202,USD,CCC,UTC,Yahoo Finance
SUI20947-USD,2026-09-20,0.8581830263137817,0.9152200222015381,0.8106160163879395,0.8971269726753235,0.8971269726753235,1062989038,USD,CCC,UTC,Yahoo Finance
SUI20947-USD,2026-09-21,0.8969740271568298,1.0523489713668823,0.8969740271568298,1.0380589962005615,1.0380589962005615,2040039866,USD,CCC,UTC,Yahoo Finance
SUI20947-USD,2026-09-22,1.038038969039917,1.0757620334625244,0.9900220036506653,1.023717999458313,1.023717999458313,1203058335,USD,CCC,UTC,Yahoo Finance
SUI20947-USD,2026-09-23,1.023695945739746,1.035804033279419,0.9448140263557434,0.9592840075492859,0.9592840075492859,1075551263,USD,CCC,UTC,Yahoo Finance
SUI20947-USD,2026-09-24,0.9592729806900024,1.0271480083465576,0.9384289979934692,1.0118680000305176,1.0118680000305176,796246690,USD,CCC,UTC,Yahoo Finance
SUI20947-USD,2026-09-25,1.0118639469146729,1.2097779512405396,1.0058250427246094,1.1927109956741333,1.1927109956741333,1750926402,USD,CCC,UTC,Yahoo Finance
SUI20947-USD,2026-09-26,1.192620038986206,1.2000329494476318,1.1340370178222656,1.1646260023117065,1.1646260023117065,847233053,USD,CCC,UTC,Yahoo Finance
SUI20947-USD,2026-09-27,1.164566993713379,1.2844990491867065,1.1558539867401123,1.2682290077209473,1.2682290077209473,1253965801,USD,CCC,UTC,Yahoo Finance
SUI20947-USD,2026-09-28,1.267775058746338,1.2886689901351929,1.1349469423294067,1.1667059659957886,1.1667059659957886,1636006754,USD,CCC,UTC,Yahoo Finance
SUI20947-USD,2026-09-29,1.1667560338974,1.185418963432312,1.1035469770431519,1.1508539915084839,1.1508539915084839,1076237590,USD,CCC,UTC,Yahoo Finance
SUI20947-USD,2026-09-30,1.150886058807373,1.2087290287017822,1.1415280103683472,1.162911057472229,1.162911057472229,1124743388,USD,CCC,UTC,Yahoo Finance
SUI20947-USD,2026-10-01,1.1629170179367065,1.1948519945144653,1.131134033203125,1.1755950450897217,1.1755950450897217,827339608,USD,CCC,UTC,Yahoo Finance
SW,2026-08-17,49.529998779296875,49.529998779296875,47.779998779296875,47.810001373291016,47.810001373291016,3986100,USD,NYQ,America/New_York,Yahoo Finance
SW,2026-08-18,47.650001525878906,48.04999923706055,47.22999954223633,47.29999923706055,47.29999923706055,2705400,USD,NYQ,America/New_York,Yahoo Finance
SW,2026-08-19,47.689998626708984,48.77000045776367,47.20500183105469,48.709999084472656,48.709999084472656,5407000,USD,NYQ,America/New_York,Yahoo Finance
SW,2026-08-20,47.88999938964844,49.435001373291016,47.72999954223633,48.189998626708984,48.189998626708984,5625800,USD,NYQ,America/New_York,Yahoo Finance
SW,2026-08-21,48.709999084472656,49.630001068115234,48.25,49.38999938964844,49.38999938964844,3810100,USD,NYQ,America/New_York,Yahoo Finance
SW,2026-08-24,49.59000015258789,50.150001525878906,48.65999984741211,48.689998626708984,48.689998626708984,4692600,USD,NYQ,America/New_York,Yahoo Finance
SW,2026-08-25,49.380001068115234,49.59000015258789,48.20000076293945,49.43000030517578,49.43000030517578,3180600,USD,NYQ,America/New_York,Yahoo Finance
SW,2026-08-26,49.83000183105469,50.52000045776367,49.380001068115234,49.560001373291016,49.560001373291016,3390700,USD,NYQ,America/New_York,Yahoo Finance
SW,2026-08-27,49.08000183105469,49.54999923706055,48.59000015258789,48.630001068115234,48.630001068115234,6380600,USD,NYQ,America/New_York,Yahoo Finance
SW,2026-08-28,49.0099983215332,49.43000030517578,47.76499938964844,48.290000915527344,48.290000915527344,3979700,USD,NYQ,America/New_York,Yahoo Finance
SW,2026-08-31,47.349998474121094,48.0,46.665000915527344,46.900001525878906,46.900001525878906,5529500,USD,NYQ,America/New_York,Yahoo Finance
SW,2026-09-01,46.619998931884766,46.84000015258789,45.345001220703125,45.43000030517578,45.43000030517578,8187600,USD,NYQ,America/New_York,Yahoo Finance
SW,2026-09-02,45.47999954223633,46.68000030517578,45.13999938964844,45.36000061035156,45.36000061035156,3695200,USD,NYQ,America/New_York,Yahoo Finance
SW,2026-09-03,45.70000076293945,46.01499938964844,44.40999984741211,45.2599983215332,45.2599983215332,3014100,USD,NYQ,America/New_York,Yahoo Finance
SW,2026-09-04,45.27000045776367,46.2599983215332,44.959999084472656,45.83000183105469,45.83000183105469,2736900,USD,NYQ,America/New_York,Yahoo Finance
SW,2026-09-08,45.91999816894531,45.91999816894531,44.209999084472656,44.2599983215332,44.2599983215332,3800100,USD,NYQ,America/New_York,Yahoo Finance
SW,2026-09-09,44.189998626708984,44.189998626708984,42.189998626708984,42.20000076293945,42.20000076293945,3153600,USD,NYQ,America/New_York,Yahoo Finance
SW,2026-09-10,41.97999954223633,42.83000183105469,41.70000076293945,42.209999084472656,42.209999084472656,2759900,USD,NYQ,America/New_York,Yahoo Finance
SW,2026-09-11,42.939998626708984,43.38999938964844,42.459999084472656,43.220001220703125,43.220001220703125,3972000,USD,NYQ,America/New_York,Yahoo Finance
SW,2026-09-14,43.650001525878906,44.165000915527344,42.869998931884766,43.75,43.75,4047000,USD,NYQ,America/New_York,Yahoo Finance
SW,2026-09-15,44.060001373291016,44.20000076293945,43.279998779296875,43.709999084472656,43.709999084472656,5051500,USD,NYQ,America/New_York,Yahoo Finance
SW,2026-09-16,44.369998931884766,45.689998626708984,43.900001525878906,44.58000183105469,44.58000183105469,5483000,USD,NYQ,America/New_York,Yahoo Finance
SW,2026-09-17,45.470001220703125,46.040000915527344,44.888999938964844,45.47999954223633,45.47999954223633,4501600,USD,NYQ,America/New_York,Yahoo Finance
SW,2026-09-18,45.20000076293945,45.3849983215332,44.18000030517578,44.33000183105469,44.33000183105469,8939600,USD,NYQ,America/New_York,Yahoo Finance
SW,2026-09-21,45.52000045776367,46.45000076293945,45.400001525878906,45.40999984741211,45.40999984741211,3684500,USD,NYQ,America/New_York,Yahoo Finance
SW,2026-09-22,46.310001373291016,46.689998626708984,45.650001525878906,46.45000076293945,46.45000076293945,3379600,USD,NYQ,America/New_York,Yahoo Finance
SW,2026-09-23,46.88999938964844,47.290000915527344,46.33000183105469,46.4900016784668,46.4900016784668,4530700,USD,NYQ,America/New_York,Yahoo Finance
SW,2026-09-24,46.279998779296875,46.67499923706055,44.93000030517578,46.0,46.0,5054200,USD,NYQ,America/New_York,Yahoo Finance
SW,2026-09-25,46.540000915527344,46.66999816894531,45.900001525878906,46.40999984741211,46.40999984741211,3232900,USD,NYQ,America/New_York,Yahoo Finance
SW,2026-09-28,45.66999816894531,46.20000076293945,44.92499923706055,45.06999969482422,45.06999969482422,5132500,USD,NYQ,America/New_York,Yahoo Finance
SXT,2026-08-17,132.36000061035156,134.0800018310547,131.89999389648438,133.4499969482422,133.4499969482422,427300,USD,NYQ,America/New_York,Yahoo Finance
SXT,2026-08-18,132.89999389648438,136.5800018310547,129.9199981689453,130.13999938964844,130.13999938964844,210100,USD,NYQ,America/New_York,Yahoo Finance
SXT,2026-08-19,133.0,134.35000610351562,130.9499969482422,133.22000122070312,133.22000122070312,299000,USD,NYQ,America/New_York,Yahoo Finance
SXT,2026-08-20,132.22999572753906,135.44000244140625,131.6999969482422,132.5800018310547,132.5800018310547,247000,USD,NYQ,America/New_York,Yahoo Finance
SXT,2026-08-21,133.6999969482422,135.47000122070312,132.83999633789062,134.55999755859375,134.55999755859375,424800,USD,NYQ,America/New_York,Yahoo Finance
SXT,2026-08-24,135.97999572753906,138.24000549316406,135.32000732421875,137.4499969482422,137.4499969482422,620300,USD,NYQ,America/New_York,Yahoo Finance
SXT,2026-08-25,137.58999633789062,138.52000427246094,135.02000427246094,136.83999633789062,136.83999633789062,239500,USD,NYQ,America/New_York,Yahoo Finance
SXT,2026-08-26,137.64999389648438,138.82000732421875,135.94000244140625,136.9600067138672,136.9600067138672,284800,USD,NYQ,America/New_York,Yahoo Finance
SXT,2026-08-27,135.4600067138672,137.25,133.6300048828125,133.63999938964844,133.63999938964844,251800,USD,NYQ,America/New_York,Yahoo Finance
SXT,2026-08-28,134.08999633789062,136.39999389648438,133.82000732421875,135.1199951171875,135.1199951171875,254300,USD,NYQ,America/New_York,Yahoo Finance
SXT,2026-08-31,134.52000427246094,137.47999572753906,134.52000427246094,134.94000244140625,134.94000244140625,309700,USD,NYQ,America/New_York,Yahoo Finance
SXT,2026-09-01,133.94000244140625,135.6199951171875,131.3699951171875,134.8300018310547,134.8300018310547,421400,USD,NYQ,America/New_York,Yahoo Finance
SXT,2026-09-02,135.5399932861328,138.25999450683594,134.77999877929688,135.88999938964844,135.88999938964844,329400,USD,NYQ,America/New_York,Yahoo Finance
SXT,2026-09-03,137.27999877929688,137.67999267578125,134.30999755859375,136.3000030517578,136.3000030517578,373100,USD,NYQ,America/New_York,Yahoo Finance
SXT,2026-09-04,135.22000122070312,136.27000427246094,134.5,134.83999633789062,134.83999633789062,192800,USD,NYQ,America/New_York,Yahoo Finance
SXT,2026-09-08,134.6999969482422,135.47000122070312,132.1300048828125,133.92999267578125,133.92999267578125,221100,USD,NYQ,America/New_York,Yahoo Finance
SXT,2026-09-09,133.6199951171875,133.9199981689453,131.8000030517578,133.07000732421875,133.07000732421875,209800,USD,NYQ,America/New_York,Yahoo Finance
SXT,2026-09-10,131.52999877929688,132.5,129.89999389648438,131.05999755859375,131.05999755859375,249400,USD,NYQ,America/New_York,Yahoo Finance
SXT,2026-09-11,132.49000549316406,133.11000061035156,128.0,128.60000610351562,128.60000610351562,439700,USD,NYQ,America/New_York,Yahoo Finance
SXT,2026-09-14,128.30999755859375,128.33999633789062,126.19000244140625,126.55000305175781,126.55000305175781,416100,USD,NYQ,America/New_York,Yahoo Finance
SXT,2026-09-15,128.4199981689453,128.4199981689453,125.30999755859375,126.63999938964844,126.63999938964844,316900,USD,NYQ,America/New_York,Yahoo Finance
SXT,2026-09-16,129.14999389648438,129.19000244140625,126.94000244140625,128.30999755859375,128.30999755859375,239200,USD,NYQ,America/New_York,Yahoo Finance
SXT,2026-09-17,130.13999938964844,130.5399932861328,127.79000091552734,129.17999267578125,129.17999267578125,284700,USD,NYQ,America/New_York,Yahoo Finance
SXT,2026-09-18,128.6999969482422,129.6999969482422,128.25,129.60000610351562,129.60000610351562,882400,USD,NYQ,America/New_York,Yahoo Finance
SXT,2026-09-21,130.85000610351562,130.85000610351562,128.74000549316406,129.64999389648438,129.64999389648438,186100,USD,NYQ,America/New_York,Yahoo Finance
SXT,2026-09-22,130.66000366210938,133.16000366210938,130.55999755859375,130.80999755859375,130.80999755859375,293000,USD,NYQ,America/New_York,Yahoo Finance
SXT,2026-09-23,128.9499969482422,131.0,128.74000549316406,128.85000610351562,128.85000610351562,309700,USD,NYQ,America/New_York,Yahoo Finance
SXT,2026-09-24,128.8800048828125,129.60000610351562,127.3499984741211,128.22000122070312,128.22000122070312,318000,USD,NYQ,America/New_York,Yahoo Finance
SXT,2026-09-25,128.61000061035156,130.05999755859375,127.62999725341797,129.22000122070312,129.22000122070312,241800,USD,NYQ,America/New_York,Yahoo Finance
SXT,2026-09-28,127.7699966430664,129.25999450683594,127.4000015258789,128.8800048828125,128.8800048828125,250600,USD,NYQ,America/New_York,Yahoo Finance
TDS,2026-08-17,35.029998779296875,35.36000061035156,34.4900016784668,34.52000045776367,34.48338317871094,990300,USD,NYQ,America/New_York,Yahoo Finance
TDS,2026-08-18,34.54999923706055,34.81999969482422,33.97999954223633,34.16999816894531,34.13375473022461,572300,USD,NYQ,America/New_York,Yahoo Finance
TDS,2026-08-19,34.41999816894531,35.02000045776367,34.290000915527344,34.66999816894531,34.63322448730469,660100,USD,NYQ,America/New_York,Yahoo Finance
TDS,2026-08-20,34.279998779296875,35.38999938964844,34.25,34.709999084472656,34.673179626464844,503600,USD,NYQ,America/New_York,Yahoo Finance
TDS,2026-08-21,35.0099983215332,35.310001373291016,33.540000915527344,33.599998474121094,33.56435775756836,1374600,USD,NYQ,America/New_York,Yahoo Finance
TDS,2026-08-24,33.619998931884766,34.040000915527344,32.83000183105469,33.09000015258789,33.054901123046875,1201000,USD,NYQ,America/New_York,Yahoo Finance
TDS,2026-08-25,33.33000183105469,33.869998931884766,32.91999816894531,33.81999969482422,33.78412628173828,884500,USD,NYQ,America/New_York,Yahoo Finance
TDS,2026-08-26,33.66999816894531,34.29999923706055,33.189998626708984,33.279998779296875,33.24469757080078,703900,USD,NYQ,America/New_York,Yahoo Finance
TDS,2026-08-27,32.93000030517578,33.349998474121094,32.63999938964844,33.150001525878906,33.114837646484375,666300,USD,NYQ,America/New_York,Yahoo Finance
TDS,2026-08-28,33.40999984741211,33.720001220703125,33.209999084472656,33.650001525878906,33.61430740356445,545400,USD,NYQ,America/New_York,Yahoo Finance
TDS,2026-08-31,33.630001068115234,34.029998779296875,33.38999938964844,33.68000030517578,33.6442756652832,1532500,USD,NYQ,America/New_York,Yahoo Finance
TDS,2026-09-01,33.529998779296875,34.43000030517578,33.08000183105469,33.619998931884766,33.5843391418457,1065100,USD,NYQ,America/New_York,Yahoo Finance
TDS,2026-09-02,34.119998931884766,36.43000030517578,34.119998931884766,35.869998931884766,35.83195114135742,1895200,USD,NYQ,America/New_York,Yahoo Finance
TDS,2026-09-03,36.27000045776367,38.040000915527344,36.2599983215332,37.81999969482422,37.779884338378906,1767100,USD,NYQ,America/New_York,Yahoo Finance
TDS,2026-09-04,37.439998626708984,38.220001220703125,37.43000030517578,37.83000183105469,37.78987503051758,1310400,USD,NYQ,America/New_York,Yahoo Finance
TDS,2026-09-08,37.75,38.40999984741211,37.599998474121094,37.93000030517578,37.889766693115234,2391900,USD,NYQ,America/New_York,Yahoo Finance
TDS,2026-09-09,38.38999938964844,38.38999938964844,37.38999938964844,37.88999938964844,37.84980773925781,1218500,USD,NYQ,America/New_York,Yahoo Finance
TDS,2026-09-10,37.79999923706055,37.900001525878906,37.02000045776367,37.439998626708984,37.40028381347656,1254600,USD,NYQ,America/New_York,Yahoo Finance
TDS,2026-09-11,37.75,38.029998779296875,37.349998474121094,37.459999084472656,37.420265197753906,1338300,USD,NYQ,America/New_York,Yahoo Finance
TDS,2026-09-14,37.63999938964844,37.970001220703125,37.209999084472656,37.709999084472656,37.66999816894531,1081600,USD,NYQ,America/New_York,Yahoo Finance
TDS,2026-09-15,37.650001525878906,38.040000915527344,37.540000915527344,37.83000183105469,37.83000183105469,1633400,USD,NYQ,America/New_York,Yahoo Finance
TDS,2026-09-16,37.40999984741211,38.040000915527344,36.7599983215332,37.06999969482422,37.06999969482422,1622800,USD,NYQ,America/New_York,Yahoo Finance
TDS,2026-09-17,37.29999923706055,37.630001068115234,36.0,36.06999969482422,36.06999969482422,1650300,USD,NYQ,America/New_York,Yahoo Finance
TDS,2026-09-18,35.88999938964844,36.5,35.790000915527344,35.900001525878906,35.900001525878906,2898200,USD,NYQ,America/New_York,Yahoo Finance
TDS,2026-09-21,35.9900016784668,37.11000061035156,35.650001525878906,36.72999954223633,36.72999954223633,1387000,USD,NYQ,America/New_York,Yahoo Finance
TDS,2026-09-22,36.81999969482422,37.279998779296875,36.630001068115234,36.689998626708984,36.689998626708984,1435300,USD,NYQ,America/New_York,Yahoo Finance
TDS,2026-09-23,36.33000183105469,36.90999984741211,36.31999969482422,36.43000030517578,36.43000030517578,1526000,USD,NYQ,America/New_York,Yahoo Finance
TDS,2026-09-24,36.650001525878906,37.25,36.16999816894531,36.33000183105469,36.33000183105469,1560300,USD,NYQ,America/New_York,Yahoo Finance
TDS,2026-09-25,36.130001068115234,36.560001373291016,35.58000183105469,35.849998474121094,35.849998474121094,1391500,USD,NYQ,America/New_York,Yahoo Finance
TDS,2026-09-28,35.7599983215332,36.0,34.70000076293945,34.75,34.75,1736400,USD,NYQ,America/New_York,Yahoo Finance
TMP,2026-08-17,100.44000244140625,101.1500015258789,99.8499984741211,100.27999877929688,100.27999877929688,70700,USD,ASE,America/New_York,Yahoo Finance
TMP,2026-08-18,100.44000244140625,100.8499984741211,98.66000366210938,100.25,100.25,124000,USD,ASE,America/New_York,Yahoo Finance
TMP,2026-08-19,100.47000122070312,100.95999908447266,96.98999786376953,97.06999969482422,97.06999969482422,75100,USD,ASE,America/New_York,Yahoo Finance
TMP,2026-08-20,97.05000305175781,97.68000030517578,96.1500015258789,97.12000274658203,97.12000274658203,43700,USD,ASE,America/New_York,Yahoo Finance
TMP,2026-08-21,97.6500015258789,98.55000305175781,96.83000183105469,97.91000366210938,97.91000366210938,157800,USD,ASE,America/New_York,Yahoo Finance
TMP,2026-08-24,97.86000061035156,99.55000305175781,97.86000061035156,97.91000366210938,97.91000366210938,94300,USD,ASE,America/New_York,Yahoo Finance
TMP,2026-08-25,98.9000015258789,98.9000015258789,97.0999984741211,97.69999694824219,97.69999694824219,130500,USD,ASE,America/New_York,Yahoo Finance
TMP,2026-08-26,98.47000122070312,98.48999786376953,97.30000305175781,97.54000091552734,97.54000091552734,83900,USD,ASE,America/New_York,Yahoo Finance
TMP,2026-08-27,97.04000091552734,98.18000030517578,95.44999694824219,97.36000061035156,97.36000061035156,177100,USD,ASE,America/New_York,Yahoo Finance
TMP,2026-08-28,97.75,98.33999633789062,97.29000091552734,97.80000305175781,97.80000305175781,91800,USD,ASE,America/New_York,Yahoo Finance
TMP,2026-08-31,97.94000244140625,98.0999984741211,95.58000183105469,97.12000274658203,97.12000274658203,91200,USD,ASE,America/New_York,Yahoo Finance
TMP,2026-09-01,96.19999694824219,97.23999786376953,94.79000091552734,95.55000305175781,95.55000305175781,127300,USD,ASE,America/New_York,Yahoo Finance
TMP,2026-09-02,95.54000091552734,97.91999816894531,95.54000091552734,97.55999755859375,97.55999755859375,111800,USD,ASE,America/New_York,Yahoo Finance
TMP,2026-09-03,98.33000183105469,99.30999755859375,98.05000305175781,98.69000244140625,98.69000244140625,94000,USD,ASE,America/New_York,Yahoo Finance
TMP,2026-09-04,98.05999755859375,100.55000305175781,98.05999755859375,99.56999969482422,99.56999969482422,144600,USD,ASE,America/New_York,Yahoo Finance
TMP,2026-09-08,99.0999984741211,99.19999694824219,97.87999725341797,98.41999816894531,98.41999816894531,116500,USD,ASE,America/New_York,Yahoo Finance
TMP,2026-09-09,97.5999984741211,97.73999786376953,96.05999755859375,96.97000122070312,96.97000122070312,101400,USD,ASE,America/New_York,Yahoo Finance
TMP,2026-09-10,96.62999725341797,98.33000183105469,96.33000183105469,98.30000305175781,98.30000305175781,76400,USD,ASE,America/New_York,Yahoo Finance
TMP,2026-09-11,99.41000366210938,100.20999908447266,97.8499984741211,98.83000183105469,98.83000183105469,77000,USD,ASE,America/New_York,Yahoo Finance
TMP,2026-09-14,99.02999877929688,99.91000366210938,98.27999877929688,98.87999725341797,98.87999725341797,117000,USD,ASE,America/New_York,Yahoo Finance
TMP,2026-09-15,98.80000305175781,99.75,98.23999786376953,99.05999755859375,99.05999755859375,91900,USD,ASE,America/New_York,Yahoo Finance
TMP,2026-09-16,99.33000183105469,99.63999938964844,95.93000030517578,97.5999984741211,97.5999984741211,123500,USD,ASE,America/New_York,Yahoo Finance
TMP,2026-09-17,98.68000030517578,99.7300033569336,98.05000305175781,98.05000305175781,98.05000305175781,87900,USD,ASE,America/New_York,Yahoo Finance
TMP,2026-09-18,98.13999938964844,101.0,96.31999969482422,99.33999633789062,99.33999633789062,452500,USD,ASE,America/New_York,Yahoo Finance
TMP,2026-09-21,99.63999938964844,100.33000183105469,97.81999969482422,98.4800033569336,98.4800033569336,104400,USD,ASE,America/New_York,Yahoo Finance
TMP,2026-09-22,99.45999908447266,99.68000030517578,97.63999938964844,97.81999969482422,97.81999969482422,96900,USD,ASE,America/New_York,Yahoo Finance
TMP,2026-09-23,97.80000305175781,98.5,96.48999786376953,96.69000244140625,96.69000244140625,104200,USD,ASE,America/New_York,Yahoo Finance
TMP,2026-09-24,97.44000244140625,98.47000122070312,97.0,98.13999938964844,98.13999938964844,70200,USD,ASE,America/New_York,Yahoo Finance
TMP,2026-09-25,98.56999969482422,100.12999725341797,98.4000015258789,99.56999969482422,99.56999969482422,136500,USD,ASE,America/New_York,Yahoo Finance
TMP,2026-09-28,99.06999969482422,99.5,97.41999816894531,97.70999908447266,97.70999908447266,106200,USD,ASE,America/New_York,Yahoo Finance
TNGX,2026-08-17,25.639999389648438,25.929000854492188,25.114999771118164,25.290000915527344,25.290000915527344,2228800,USD,NGM,America/New_York,Yahoo Finance
TNGX,2026-08-18,25.0,25.950000762939453,24.969999313354492,25.440000534057617,25.440000534057617,2277900,USD,NGM,America/New_York,Yahoo Finance
TNGX,2026-08-19,26.190000534057617,26.34000015258789,25.010000228881836,25.200000762939453,25.200000762939453,1823700,USD,NGM,America/New_York,Yahoo Finance
TNGX,2026-08-20,25.510000228881836,25.670000076293945,23.145000457763672,23.510000228881836,23.510000228881836,2064600,USD,NGM,America/New_York,Yahoo Finance
TNGX,2026-08-21,23.950000762939453,24.360000610351562,23.479999542236328,23.8799991607666,23.8799991607666,2488700,USD,NGM,America/New_York,Yahoo Finance
TNGX,2026-08-24,23.600000381469727,24.68000030517578,22.90999984741211,24.510000228881836,24.510000228881836,2088600,USD,NGM,America/New_York,Yahoo Finance
TNGX,2026-08-25,25.040000915527344,25.610000610351562,24.350000381469727,24.770000457763672,24.770000457763672,2283200,USD,NGM,America/New_York,Yahoo Finance
TNGX,2026-08-26,24.649999618530273,27.0,24.260000228881836,25.469999313354492,25.469999313354492,3173900,USD,NGM,America/New_York,Yahoo Finance
TNGX,2026-08-27,25.389999389648438,26.850000381469727,25.239999771118164,25.280000686645508,25.280000686645508,2037400,USD,NGM,America/New_York,Yahoo Finance
TNGX,2026-08-28,24.93000030517578,25.084999084472656,23.274999618530273,23.34000015258789,23.34000015258789,1999000,USD,NGM,America/New_York,Yahoo Finance
TNGX,2026-08-31,23.280000686645508,23.5,22.610000610351562,22.84000015258789,22.84000015258789,1850100,USD,NGM,America/New_York,Yahoo Finance
TNGX,2026-09-01,22.600000381469727,23.059999465942383,22.06999969482422,22.350000381469727,22.350000381469727,1544300,USD,NGM,America/New_York,Yahoo Finance
TNGX,2026-09-02,22.6200008392334,23.121999740600586,21.635000228881836,22.31999969482422,22.31999969482422,1916400,USD,NGM,America/New_York,Yahoo Finance
TNGX,2026-09-03,22.5,22.78499984741211,22.1299991607666,22.760000228881836,22.760000228881836,1343700,USD,NGM,America/New_York,Yahoo Finance
TNGX,2026-09-04,22.479999542236328,22.940000534057617,22.290000915527344,22.520000457763672,22.520000457763672,1457400,USD,NGM,America/New_York,Yahoo Finance
TNGX,2026-09-08,22.5,23.079999923706055,22.260000228881836,22.700000762939453,22.700000762939453,2424800,USD,NGM,America/New_York,Yahoo Finance
TNGX,2026-09-09,22.989999771118164,25.520000457763672,22.6299991607666,24.0,24.0,4664500,USD,NGM,America/New_York,Yahoo Finance
TNGX,2026-09-10,23.15999984741211,24.299999237060547,23.15999984741211,23.3700008392334,23.3700008392334,3437300,USD,NGM,America/New_York,Yahoo Finance
TNGX,2026-09-11,23.719999313354492,24.625,23.184999465942383,23.780000686645508,23.780000686645508,2279300,USD,NGM,America/New_York,Yahoo Finance
TNGX,2026-09-14,23.979999542236328,24.989999771118164,23.440000534057617,24.540000915527344,24.540000915527344,2010900,USD,NGM,America/New_York,Yahoo Finance
TNGX,2026-09-15,24.549999237060547,24.549999237060547,23.59000015258789,23.889999389648438,23.889999389648438,1791000,USD,NGM,America/New_York,Yahoo Finance
TNGX,2026-09-16,24.170000076293945,24.389999389648438,23.0,23.350000381469727,23.350000381469727,2835500,USD,NGM,America/New_York,Yahoo Finance
TNGX,2026-09-17,23.790000915527344,24.6299991607666,23.40999984741211,23.489999771118164,23.489999771118164,1721900,USD,NGM,America/New_York,Yahoo Finance
TNGX,2026-09-18,23.329999923706055,23.545000076293945,21.719999313354492,21.75,21.75,6242500,USD,NGM,America/New_York,Yahoo Finance
TNGX,2026-09-21,21.899999618530273,22.739999771118164,21.634000778198242,22.329999923706055,22.329999923706055,2555300,USD,NGM,America/New_York,Yahoo Finance
TNGX,2026-09-22,22.329999923706055,25.75,22.250999450683594,25.530000686645508,25.530000686645508,6968700,USD,NGM,America/New_York,Yahoo Finance
TNGX,2026-09-23,25.399999618530273,25.920000076293945,24.059999465942383,24.450000762939453,24.450000762939453,4957100,USD,NGM,America/New_York,Yahoo Finance
TNGX,2026-09-24,23.989999771118164,24.825000762939453,23.5,24.6299991607666,24.6299991607666,2290600,USD,NGM,America/New_York,Yahoo Finance
TNGX,2026-09-25,24.950000762939453,25.375,24.079999923706055,24.920000076293945,24.920000076293945,3255000,USD,NGM,America/New_York,Yahoo Finance
TNGX,2026-09-28,24.920000076293945,24.920000076293945,23.700000762939453,24.299999237060547,24.299999237060547,2413400,USD,NGM,America/New_York,Yahoo Finance
TOP,2026-08-17,11.0,11.800000190734863,10.800000190734863,11.369999885559082,11.369999885559082,78900,USD,NCM,America/New_York,Yahoo Finance
TOP,2026-08-18,11.40999984741211,12.835000038146973,11.390000343322754,12.460000038146973,12.460000038146973,93900,USD,NCM,America/New_York,Yahoo Finance
TOP,2026-08-19,12.119999885559082,13.079999923706055,12.119999885559082,12.65999984741211,12.65999984741211,79200,USD,NCM,America/New_York,Yahoo Finance
TOP,2026-08-20,12.649999618530273,13.609999656677246,12.649999618530273,13.279999732971191,13.279999732971191,114400,USD,NCM,America/New_York,Yahoo Finance
TOP,2026-08-21,13.279999732971191,14.729999542236328,13.1899995803833,14.130000114440918,14.130000114440918,137500,USD,NCM,America/New_York,Yahoo Finance
TOP,2026-08-24,14.25,16.344999313354492,14.020000457763672,16.239999771118164,16.239999771118164,161300,USD,NCM,America/New_York,Yahoo Finance
TOP,2026-08-25,16.100000381469727,16.200000762939453,14.579999923706055,15.369999885559082,15.369999885559082,144700,USD,NCM,America/New_York,Yahoo Finance
TOP,2026-08-26,15.359999656677246,15.489999771118164,14.40999984741211,14.875,14.875,98900,USD,NCM,America/New_York,Yahoo Finance
TOP,2026-08-27,14.880000114440918,15.800000190734863,14.59000015258789,15.420000076293945,15.420000076293945,78000,USD,NCM,America/New_York,Yahoo Finance
TOP,2026-08-28,15.579999923706055,17.41900062561035,14.5600004196167,16.729999542236328,16.729999542236328,247200,USD,NCM,America/New_York,Yahoo Finance
TOP,2026-08-31,16.59000015258789,17.399999618530273,15.460000038146973,16.6299991607666,16.6299991607666,150700,USD,NCM,America/New_York,Yahoo Finance
TOP,2026-09-01,16.739999771118164,16.940000534057617,14.911999702453613,15.510000228881836,15.510000228881836,221000,USD,NCM,America/New_York,Yahoo Finance
TOP,2026-09-02,15.760000228881836,16.15999984741211,15.130000114440918,15.199999809265137,15.199999809265137,87600,USD,NCM,America/New_York,Yahoo Finance
TOP,2026-09-03,15.359999656677246,15.489999771118164,14.880000114440918,15.1899995803833,15.1899995803833,84600,USD,NCM,America/New_York,Yahoo Finance
TOP,2026-09-04,15.289999961853027,15.550000190734863,14.335000038146973,14.989999771118164,14.989999771118164,97100,USD,NCM,America/New_York,Yahoo Finance
TOP,2026-09-08,15.0,15.989999771118164,14.899999618530273,15.260000228881836,15.260000228881836,130300,USD,NCM,America/New_York,Yahoo Finance
TOP,2026-09-09,15.109999656677246,15.399999618530273,14.520000457763672,14.609999656677246,14.609999656677246,118600,USD,NCM,America/New_York,Yahoo Finance
TOP,2026-09-10,14.5,15.595000267028809,14.5,14.9399995803833,14.9399995803833,83100,USD,NCM,America/New_York,Yahoo Finance
TOP,2026-09-11,14.979999542236328,15.420000076293945,14.619999885559082,14.630000114440918,14.630000114440918,75800,USD,NCM,America/New_York,Yahoo Finance
TOP,2026-09-14,14.630000114440918,15.239999771118164,14.630000114440918,14.880000114440918,14.880000114440918,103200,USD,NCM,America/New_York,Yahoo Finance
TOP,2026-09-15,14.949999809265137,15.5,14.800000190734863,15.279999732971191,15.279999732971191,77600,USD,NCM,America/New_York,Yahoo Finance
TOP,2026-09-16,15.229999542236328,15.5,14.590999603271484,15.0,15.0,76700,USD,NCM,America/New_York,Yahoo Finance
TOP,2026-09-17,15.100000381469727,15.529999732971191,15.010000228881836,15.199999809265137,15.199999809265137,82500,USD,NCM,America/New_York,Yahoo Finance
TOP,2026-09-18,15.100000381469727,16.200000762939453,15.041000366210938,15.210000038146973,15.210000038146973,109000,USD,NCM,America/New_York,Yahoo Finance
TOP,2026-09-21,15.479999542236328,15.920000076293945,15.029999732971191,15.140000343322754,15.140000343322754,94300,USD,NCM,America/New_York,Yahoo Finance
TOP,2026-09-22,15.039999961853027,15.640000343322754,14.859999656677246,15.399999618530273,15.399999618530273,79100,USD,NCM,America/New_York,Yahoo Finance
TOP,2026-09-23,15.40999984741211,15.460000038146973,15.0,15.0,15.0,89500,USD,NCM,America/New_York,Yahoo Finance
TOP,2026-09-24,15.0,15.640000343322754,14.800000190734863,14.989999771118164,14.989999771118164,92300,USD,NCM,America/New_York,Yahoo Finance
TOP,2026-09-25,15.130000114440918,15.569999694824219,14.850000381469727,15.470000267028809,15.470000267028809,80100,USD,NCM,America/New_York,Yahoo Finance
TOP,2026-09-28,15.300000190734863,15.470000267028809,15.0,15.130000114440918,15.130000114440918,77700,USD,NCM,America/New_York,Yahoo Finance
TPC,2026-08-17,96.81999969482422,98.18000030517578,95.38999938964844,97.22000122070312,97.1246109008789,437500,USD,NYQ,America/New_York,Yahoo Finance
TPC,2026-08-18,95.18000030517578,95.72000122070312,91.66999816894531,91.7300033569336,91.63999938964844,284800,USD,NYQ,America/New_York,Yahoo Finance
TPC,2026-08-19,93.11000061035156,93.13999938964844,86.38999938964844,90.33000183105469,90.33000183105469,382000,USD,NYQ,America/New_York,Yahoo Finance
TPC,2026-08-20,90.16000366210938,90.58000183105469,88.23999786376953,90.36000061035156,90.36000061035156,553200,USD,NYQ,America/New_York,Yahoo Finance
TPC,2026-08-21,91.33000183105469,91.62999725341797,89.73999786376953,91.2699966430664,91.2699966430664,463800,USD,NYQ,America/New_York,Yahoo Finance
TPC,2026-08-24,90.93000030517578,91.2699966430664,88.12999725341797,88.31999969482422,88.31999969482422,419100,USD,NYQ,America/New_York,Yahoo Finance
TPC,2026-08-25,90.5999984741211,90.6500015258789,86.47000122070312,87.33000183105469,87.33000183105469,339300,USD,NYQ,America/New_York,Yahoo Finance
TPC,2026-08-26,87.52999877929688,88.76000213623047,86.9800033569336,88.48999786376953,88.48999786376953,541600,USD,NYQ,America/New_York,Yahoo Finance
TPC,2026-08-27,89.5,92.54000091552734,88.98999786376953,91.94999694824219,91.94999694824219,546200,USD,NYQ,America/New_York,Yahoo Finance
TPC,2026-08-28,91.88999938964844,92.4800033569336,88.52999877929688,88.83999633789062,88.83999633789062,410200,USD,NYQ,America/New_York,Yahoo Finance
TPC,2026-08-31,88.83999633789062,90.26000213623047,88.37999725341797,88.5199966430664,88.5199966430664,578900,USD,NYQ,America/New_York,Yahoo Finance
TPC,2026-09-01,88.05000305175781,89.87000274658203,86.08000183105469,86.54000091552734,86.54000091552734,373800,USD,NYQ,America/New_York,Yahoo Finance
TPC,2026-09-02,86.80000305175781,88.37999725341797,86.11000061035156,87.77999877929688,87.77999877929688,394000,USD,NYQ,America/New_York,Yahoo Finance
TPC,2026-09-03,87.87999725341797,88.94999694824219,86.61000061035156,87.31999969482422,87.31999969482422,371400,USD,NYQ,America/New_York,Yahoo Finance
TPC,2026-09-04,87.9000015258789,90.02999877929688,87.11000061035156,88.20999908447266,88.20999908447266,308900,USD,NYQ,America/New_York,Yahoo Finance
TPC,2026-09-08,89.16000366210938,90.3499984741211,86.9800033569336,89.5199966430664,89.5199966430664,299300,USD,NYQ,America/New_York,Yahoo Finance
TPC,2026-09-09,89.16000366210938,90.79000091552734,87.55000305175781,88.08000183105469,88.08000183105469,324900,USD,NYQ,America/New_York,Yahoo Finance
TPC,2026-09-10,87.0,87.97000122070312,85.83999633789062,86.2300033569336,86.2300033569336,483100,USD,NYQ,America/New_York,Yahoo Finance
TPC,2026-09-11,87.5999984741211,89.61000061035156,87.36000061035156,89.12999725341797,89.12999725341797,389800,USD,NYQ,America/New_York,Yahoo Finance
TPC,2026-09-14,86.0,87.23999786376953,84.1500015258789,84.51000213623047,84.51000213623047,438900,USD,NYQ,America/New_York,Yahoo Finance
TPC,2026-09-15,85.48999786376953,86.62000274658203,84.08999633789062,85.1500015258789,85.1500015258789,384900,USD,NYQ,America/New_York,Yahoo Finance
TPC,2026-09-16,86.66999816894531,86.8499984741211,84.7699966430664,85.8499984741211,85.8499984741211,448100,USD,NYQ,America/New_York,Yahoo Finance
TPC,2026-09-17,87.68000030517578,88.01000213623047,84.5,85.66999816894531,85.66999816894531,414500,USD,NYQ,America/New_York,Yahoo Finance
TPC,2026-09-18,86.08000183105469,86.83999633789062,84.72000122070312,85.0,85.0,1736400,USD,NYQ,America/New_York,Yahoo Finance
TPC,2026-09-21,85.58000183105469,86.87000274658203,84.19999694824219,86.0199966430664,86.0199966430664,307900,USD,NYQ,America/New_York,Yahoo Finance
TPC,2026-09-22,85.94000244140625,87.55999755859375,84.1500015258789,85.7699966430664,85.7699966430664,433000,USD,NYQ,America/New_York,Yahoo Finance
TPC,2026-09-23,84.76000213623047,85.3499984741211,83.80000305175781,84.36000061035156,84.36000061035156,200200,USD,NYQ,America/New_York,Yahoo Finance
TPC,2026-09-24,83.19999694824219,84.54000091552734,82.3499984741211,83.31999969482422,83.31999969482422,277100,USD,NYQ,America/New_York,Yahoo Finance
TPC,2026-09-25,83.75,84.72000122070312,83.05000305175781,83.97000122070312,83.97000122070312,224600,USD,NYQ,America/New_York,Yahoo Finance
TPC,2026-09-28,83.87999725341797,85.45999908447266,83.58000183105469,83.9800033569336,83.9800033569336,302700,USD,NYQ,America/New_York,Yahoo Finance
TRMB,2026-08-17,56.709999084472656,57.18000030517578,55.599998474121094,55.689998626708984,55.689998626708984,2605300,USD,NMS,America/New_York,Yahoo Finance
TRMB,2026-08-18,56.0,57.689998626708984,55.9900016784668,56.9900016784668,56.9900016784668,2556900,USD,NMS,America/New_York,Yahoo Finance
TRMB,2026-08-19,57.279998779296875,60.09000015258789,57.20000076293945,59.25,59.25,2744600,USD,NMS,America/New_York,Yahoo Finance
TRMB,2026-08-20,58.84000015258789,59.90999984741211,58.75,59.68000030517578,59.68000030517578,3403000,USD,NMS,America/New_York,Yahoo Finance
TRMB,2026-08-21,59.95000076293945,60.68000030517578,59.45000076293945,60.25,60.25,2760800,USD,NMS,America/New_York,Yahoo Finance
TRMB,2026-08-24,60.400001525878906,61.11000061035156,60.119998931884766,60.66999816894531,60.66999816894531,2534800,USD,NMS,America/New_York,Yahoo Finance
TRMB,2026-08-25,60.599998474121094,60.7400016784668,59.2599983215332,59.43000030517578,59.43000030517578,2303300,USD,NMS,America/New_York,Yahoo Finance
TRMB,2026-08-26,58.84000015258789,60.18000030517578,58.5,59.68000030517578,59.68000030517578,1996700,USD,NMS,America/New_York,Yahoo Finance
TRMB,2026-08-27,60.40999984741211,61.689998626708984,59.970001220703125,61.540000915527344,61.540000915527344,2193000,USD,NMS,America/New_York,Yahoo Finance
TRMB,2026-08-28,61.4900016784668,62.0,60.88999938964844,61.0099983215332,61.0099983215332,2532700,USD,NMS,America/New_York,Yahoo Finance
TRMB,2026-08-31,60.400001525878906,61.31999969482422,59.4900016784668,59.939998626708984,59.939998626708984,25961500,USD,NMS,America/New_York,Yahoo Finance
TRMB,2026-09-01,59.5,60.70000076293945,58.790000915527344,58.939998626708984,58.939998626708984,3728800,USD,NMS,America/New_York,Yahoo Finance
TRMB,2026-09-02,58.59000015258789,59.380001068115234,57.90999984741211,59.11000061035156,59.11000061035156,3280100,USD,NMS,America/New_York,Yahoo Finance
TRMB,2026-09-03,60.09000015258789,61.0,59.099998474121094,60.099998474121094,60.099998474121094,2352400,USD,NMS,America/New_York,Yahoo Finance
TRMB,2026-09-04,59.209999084472656,60.029998779296875,58.0099983215332,59.470001220703125,59.470001220703125,2731700,USD,NMS,America/New_York,Yahoo Finance
TRMB,2026-09-08,59.310001373291016,59.310001373291016,57.560001373291016,58.779998779296875,58.779998779296875,2710800,USD,NMS,America/New_York,Yahoo Finance
TRMB,2026-09-09,58.279998779296875,58.68000030517578,57.2400016784668,57.400001525878906,57.400001525878906,2204000,USD,NMS,America/New_York,Yahoo Finance
TRMB,2026-09-10,57.400001525878906,57.54999923706055,56.619998931884766,56.84000015258789,56.84000015258789,1805800,USD,NMS,America/New_York,Yahoo Finance
TRMB,2026-09-11,57.060001373291016,58.220001220703125,57.0,57.65999984741211,57.65999984741211,1735400,USD,NMS,America/New_York,Yahoo Finance
TRMB,2026-09-14,58.130001068115234,59.09000015258789,57.58000183105469,58.7400016784668,58.7400016784668,1920400,USD,NMS,America/New_York,Yahoo Finance
TRMB,2026-09-15,58.459999084472656,59.45000076293945,58.0099983215332,58.79999923706055,58.79999923706055,2158500,USD,NMS,America/New_York,Yahoo Finance
TRMB,2026-09-16,58.119998931884766,58.709999084472656,57.040000915527344,57.31999969482422,57.31999969482422,2092900,USD,NMS,America/New_York,Yahoo Finance
TRMB,2026-09-17,57.52000045776367,58.15999984741211,56.939998626708984,57.33000183105469,57.33000183105469,2321500,USD,NMS,America/New_York,Yahoo Finance
TRMB,2026-09-18,57.33000183105469,57.970001220703125,57.04999923706055,57.560001373291016,57.560001373291016,5858200,USD,NMS,America/New_York,Yahoo Finance
TRMB,2026-09-21,58.310001373291016,58.45000076293945,56.77000045776367,57.75,57.75,2057100,USD,NMS,America/New_York,Yahoo Finance
TRMB,2026-09-22,58.66999816894531,59.56999969482422,57.93000030517578,59.29999923706055,59.29999923706055,2082300,USD,NMS,America/New_York,Yahoo Finance
TRMB,2026-09-23,59.29999923706055,59.88999938964844,58.70000076293945,59.31999969482422,59.31999969482422,1827800,USD,NMS,America/New_York,Yahoo Finance
TRMB,2026-09-24,59.13999938964844,59.349998474121094,57.58000183105469,57.689998626708984,57.689998626708984,1600000,USD,NMS,America/New_York,Yahoo Finance
TRMB,2026-09-25,57.52000045776367,58.20000076293945,57.29999923706055,57.849998474121094,57.849998474121094,1684800,USD,NMS,America/New_York,Yahoo Finance
TRMB,2026-09-28,56.79999923706055,57.63999938964844,56.0099983215332,57.5099983215332,57.5099983215332,2532100,USD,NMS,America/New_York,Yahoo Finance
TRN,2026-08-17,29.360000610351562,30.31999969482422,29.350000381469727,29.8700008392334,29.8700008392334,668300,USD,NYQ,America/New_York,Yahoo Finance
TRN,2026-08-18,30.030000686645508,30.030000686645508,29.239999771118164,29.670000076293945,29.670000076293945,725000,USD,NYQ,America/New_York,Yahoo Finance
TRN,2026-08-19,29.920000076293945,29.989999771118164,29.209999084472656,29.6200008392334,29.6200008392334,751000,USD,NYQ,America/New_York,Yahoo Finance
TRN,2026-08-20,29.3799991607666,29.850000381469727,29.1299991607666,29.739999771118164,29.739999771118164,745200,USD,NYQ,America/New_York,Yahoo Finance
TRN,2026-08-21,30.0,30.0,29.31999969482422,29.790000915527344,29.790000915527344,510000,USD,NYQ,America/New_York,Yahoo Finance
TRN,2026-08-24,29.989999771118164,30.1200008392334,29.520000457763672,29.690000534057617,29.690000534057617,392000,USD,NYQ,America/New_York,Yahoo Finance
TRN,2026-08-25,29.979999542236328,30.0,29.280000686645508,29.59000015258789,29.59000015258789,339500,USD,NYQ,America/New_York,Yahoo Finance
TRN,2026-08-26,29.59000015258789,29.959999084472656,29.329999923706055,29.510000228881836,29.510000228881836,366100,USD,NYQ,America/New_York,Yahoo Finance
TRN,2026-08-27,29.200000762939453,29.489999771118164,28.8700008392334,29.479999542236328,29.479999542236328,375900,USD,NYQ,America/New_York,Yahoo Finance
TRN,2026-08-28,29.5,29.920000076293945,29.239999771118164,29.270000457763672,29.270000457763672,344300,USD,NYQ,America/New_York,Yahoo Finance
TRN,2026-08-31,29.510000228881836,29.510000228881836,28.690000534057617,28.81999969482422,28.81999969482422,432400,USD,NYQ,America/New_York,Yahoo Finance
TRN,2026-09-01,28.540000915527344,29.020000457763672,27.530000686645508,27.860000610351562,27.860000610351562,554500,USD,NYQ,America/New_York,Yahoo Finance
TRN,2026-09-02,28.1200008392334,28.489999771118164,27.8799991607666,28.0,28.0,543900,USD,NYQ,America/New_York,Yahoo Finance
TRN,2026-09-03,28.43000030517578,28.43000030517578,27.6299991607666,28.110000610351562,28.110000610351562,452200,USD,NYQ,America/New_York,Yahoo Finance
TRN,2026-09-04,28.0,28.34000015258789,27.93000030517578,28.31999969482422,28.31999969482422,413900,USD,NYQ,America/New_York,Yahoo Finance
TRN,2026-09-08,28.170000076293945,28.440000534057617,27.860000610351562,28.010000228881836,28.010000228881836,446700,USD,NYQ,America/New_York,Yahoo Finance
TRN,2026-09-09,28.0,28.469999313354492,27.989999771118164,28.149999618530273,28.149999618530273,541200,USD,NYQ,America/New_York,Yahoo Finance
TRN,2026-09-10,28.0,28.3799991607666,27.770000457763672,28.360000610351562,28.360000610351562,489500,USD,NYQ,America/New_York,Yahoo Finance
TRN,2026-09-11,28.81999969482422,28.81999969482422,28.139999389648438,28.5,28.5,667100,USD,NYQ,America/New_York,Yahoo Finance
TRN,2026-09-14,28.25,28.43000030517578,28.0,28.079999923706055,28.079999923706055,604000,USD,NYQ,America/New_York,Yahoo Finance
TRN,2026-09-15,28.15999984741211,28.280000686645508,27.8700008392334,28.170000076293945,28.170000076293945,588100,USD,NYQ,America/New_York,Yahoo Finance
TRN,2026-09-16,28.40999984741211,28.84000015258789,28.06999969482422,28.329999923706055,28.329999923706055,580900,USD,NYQ,America/New_York,Yahoo Finance
TRN,2026-09-17,28.700000762939453,28.940000534057617,28.25,28.399999618530273,28.399999618530273,625100,USD,NYQ,America/New_York,Yahoo Finance
TRN,2026-09-18,28.270000457763672,28.299999237060547,27.81999969482422,28.0,28.0,1895900,USD,NYQ,America/New_York,Yahoo Finance
TRN,2026-09-21,28.059999465942383,28.239999771118164,27.8799991607666,27.889999389648438,27.889999389648438,540500,USD,NYQ,America/New_York,Yahoo Finance
TRN,2026-09-22,28.309999465942383,28.43000030517578,27.809999465942383,27.81999969482422,27.81999969482422,617700,USD,NYQ,America/New_York,Yahoo Finance
TRN,2026-09-23,27.510000228881836,28.049999237060547,27.299999237060547,28.049999237060547,28.049999237060547,505300,USD,NYQ,America/New_York,Yahoo Finance
TRN,2026-09-24,27.989999771118164,28.0,27.389999389648438,27.84000015258789,27.84000015258789,839000,USD,NYQ,America/New_York,Yahoo Finance
TRN,2026-09-25,27.889999389648438,28.329999923706055,27.860000610351562,27.90999984741211,27.90999984741211,683500,USD,NYQ,America/New_York,Yahoo Finance
TRN,2026-09-28,27.809999465942383,28.459999084472656,27.440000534057617,27.600000381469727,27.600000381469727,798500,USD,NYQ,America/New_York,Yahoo Finance
TSEM,2026-08-17,270.1600036621094,277.8800048828125,263.4200134277344,263.7300109863281,263.7300109863281,1220700,USD,NMS,America/New_York,Yahoo Finance
TSEM,2026-08-18,249.7899932861328,253.44000244140625,234.86000061035156,240.5500030517578,240.5500030517578,1846700,USD,NMS,America/New_York,Yahoo Finance
TSEM,2026-08-19,241.50999450683594,242.02999877929688,225.24000549316406,226.4600067138672,226.4600067138672,1458700,USD,NMS,America/New_York,Yahoo Finance
TSEM,2026-08-20,226.4600067138672,227.67999267578125,220.86000061035156,223.77999877929688,223.77999877929688,978100,USD,NMS,America/New_York,Yahoo Finance
TSEM,2026-08-21,226.9499969482422,229.7899932861328,217.82000732421875,222.58999633789062,222.58999633789062,816700,USD,NMS,America/New_York,Yahoo Finance
TSEM,2026-08-24,219.50999450683594,219.50999450683594,209.39999389648438,211.10000610351562,211.10000610351562,1906000,USD,NMS,America/New_York,Yahoo Finance
TSEM,2026-08-25,217.72000122070312,217.72000122070312,208.60000610351562,212.7100067138672,212.7100067138672,994000,USD,NMS,America/New_York,Yahoo Finance
TSEM,2026-08-26,214.41000366210938,221.5,212.25,221.22999572753906,221.22999572753906,1239200,USD,NMS,America/New_York,Yahoo Finance
TSEM,2026-08-27,226.3000030517578,229.42999267578125,218.5,219.85000610351562,219.85000610351562,1068300,USD,NMS,America/New_York,Yahoo Finance
TSEM,2026-08-28,219.36000061035156,220.57000732421875,206.91000366210938,208.00999450683594,208.00999450683594,1249500,USD,NMS,America/New_York,Yahoo Finance
TSEM,2026-08-31,210.25,211.14999389648438,202.61000061035156,205.0500030517578,205.0500030517578,1195600,USD,NMS,America/New_York,Yahoo Finance
TSEM,2026-09-01,204.07000732421875,205.77999877929688,196.36000061035156,199.05999755859375,199.05999755859375,1754200,USD,NMS,America/New_York,Yahoo Finance
TSEM,2026-09-02,202.91000366210938,209.25999450683594,199.33999633789062,206.80999755859375,206.80999755859375,1204700,USD,NMS,America/New_York,Yahoo Finance
TSEM,2026-09-03,204.22000122070312,208.6300048828125,200.6300048828125,206.16000366210938,206.16000366210938,1101700,USD,NMS,America/New_York,Yahoo Finance
TSEM,2026-09-04,210.64999389648438,223.66000366210938,207.08999633789062,222.33999633789062,222.33999633789062,1724400,USD,NMS,America/New_York,Yahoo Finance
TSEM,2026-09-08,222.32000732421875,226.60000610351562,217.72000122070312,219.82000732421875,219.82000732421875,1540300,USD,NMS,America/New_York,Yahoo Finance
TSEM,2026-09-09,218.3000030517578,225.52000427246094,216.10000610351562,216.57000732421875,216.57000732421875,987700,USD,NMS,America/New_York,Yahoo Finance
TSEM,2026-09-10,210.88999938964844,214.41000366210938,207.52999877929688,208.07000732421875,208.07000732421875,1133900,USD,NMS,America/New_York,Yahoo Finance
TSEM,2026-09-11,213.6300048828125,213.6300048828125,206.66000366210938,211.52000427246094,211.52000427246094,1118600,USD,NMS,America/New_York,Yahoo Finance
TSEM,2026-09-14,197.22000122070312,201.2100067138672,190.5500030517578,191.1199951171875,191.1199951171875,1697600,USD,NMS,America/New_York,Yahoo Finance
TSEM,2026-09-15,194.25999450683594,196.2899932861328,191.3300018310547,195.1199951171875,195.1199951171875,1433700,USD,NMS,America/New_York,Yahoo Finance
TSEM,2026-09-16,201.0500030517578,207.4499969482422,197.85000610351562,202.1999969482422,202.1999969482422,1444800,USD,NMS,America/New_York,Yahoo Finance
TSEM,2026-09-17,215.02000427246094,221.32000732421875,212.00999450683594,219.24000549316406,219.24000549316406,2423600,USD,NMS,America/New_York,Yahoo Finance
TSEM,2026-09-18,225.00999450683594,227.8000030517578,219.38999938964844,223.60000610351562,223.60000610351562,9361700,USD,NMS,America/New_York,Yahoo Finance
TSEM,2026-09-21,227.02999877929688,240.0,224.07000732421875,233.82000732421875,233.82000732421875,2231500,USD,NMS,America/New_York,Yahoo Finance
TSEM,2026-09-22,228.47999572753906,236.8699951171875,227.00999450683594,236.61000061035156,236.61000061035156,1858100,USD,NMS,America/New_York,Yahoo Finance
TSEM,2026-09-23,236.75,236.9600067138672,224.10000610351562,230.5,230.5,1472000,USD,NMS,America/New_York,Yahoo Finance
TSEM,2026-09-24,226.16000366210938,228.1199951171875,217.19000244140625,217.27999877929688,217.27999877929688,1768200,USD,NMS,America/New_York,Yahoo Finance
TSEM,2026-09-25,223.42999267578125,235.6699981689453,220.4499969482422,230.47000122070312,230.47000122070312,2008800,USD,NMS,America/New_York,Yahoo Finance
TSEM,2026-09-28,226.50999450683594,228.64999389648438,218.14999389648438,226.0399932861328,226.0399932861328,1829900,USD,NMS,America/New_York,Yahoo Finance
TT,2026-08-17,480.6700134277344,481.5,473.3999938964844,475.32000732421875,474.1989440917969,605900,USD,NYQ,America/New_York,Yahoo Finance
TT,2026-08-18,470.2200012207031,471.0400085449219,461.2900085449219,463.3699951171875,462.277099609375,740800,USD,NYQ,America/New_York,Yahoo Finance
TT,2026-08-19,465.7799987792969,465.7799987792969,452.7300109863281,455.4800109863281,454.4057312011719,914200,USD,NYQ,America/New_York,Yahoo Finance
TT,2026-08-20,454.5,456.82000732421875,450.3999938964844,451.1000061035156,450.03607177734375,791600,USD,NYQ,America/New_York,Yahoo Finance
TT,2026-08-21,455.4100036621094,457.0899963378906,452.2699890136719,453.42999267578125,452.3605651855469,825700,USD,NYQ,America/New_York,Yahoo Finance
TT,2026-08-24,453.54998779296875,455.20001220703125,444.8699951171875,452.9599914550781,451.89166259765625,1280600,USD,NYQ,America/New_York,Yahoo Finance
TT,2026-08-25,458.3599853515625,460.989990234375,452.1700134277344,455.25,454.17626953125,1349700,USD,NYQ,America/New_York,Yahoo Finance
TT,2026-08-26,458.3299865722656,465.17999267578125,455.3299865722656,463.3999938964844,462.3070373535156,1509800,USD,NYQ,America/New_York,Yahoo Finance
TT,2026-08-27,464.1099853515625,465.55999755859375,453.510009765625,454.30999755859375,453.2384948730469,839400,USD,NYQ,America/New_York,Yahoo Finance
TT,2026-08-28,452.79998779296875,456.989990234375,446.260009765625,448.9599914550781,447.9010925292969,728100,USD,NYQ,America/New_York,Yahoo Finance
TT,2026-08-31,447.760009765625,448.1000061035156,443.3299865722656,444.3999938964844,443.3518371582031,1095300,USD,NYQ,America/New_York,Yahoo Finance
TT,2026-09-01,446.8800048828125,448.8900146484375,438.17999267578125,440.1499938964844,439.11187744140625,821500,USD,NYQ,America/New_York,Yahoo Finance
TT,2026-09-02,441.5299987792969,442.5899963378906,434.0,439.0199890136719,437.9845275878906,820100,USD,NYQ,America/New_York,Yahoo Finance
TT,2026-09-03,441.3599853515625,446.1099853515625,436.8500061035156,445.19000244140625,444.1399841308594,976800,USD,NYQ,America/New_York,Yahoo Finance
TT,2026-09-04,443.1499938964844,449.29998779296875,442.0,447.8999938964844,447.8999938964844,1041800,USD,NYQ,America/New_York,Yahoo Finance
TT,2026-09-08,448.29998779296875,450.0,445.2900085449219,446.0,446.0,954800,USD,NYQ,America/New_York,Yahoo Finance
TT,2026-09-09,444.1499938964844,447.2099914550781,440.0,444.1700134277344,444.1700134277344,900200,USD,NYQ,America/New_York,Yahoo Finance
TT,2026-09-10,439.489990234375,442.2099914550781,436.05999755859375,439.8299865722656,439.8299865722656,655700,USD,NYQ,America/New_York,Yahoo Finance
TT,2026-09-11,444.17999267578125,446.32000732421875,441.7900085449219,442.5199890136719,442.5199890136719,873500,USD,NYQ,America/New_York,Yahoo Finance
TT,2026-09-14,428.2900085449219,429.0799865722656,420.44000244140625,426.010009765625,426.010009765625,1132300,USD,NYQ,America/New_York,Yahoo Finance
TT,2026-09-15,429.760009765625,429.760009765625,413.9700012207031,422.7300109863281,422.7300109863281,1603400,USD,NYQ,America/New_York,Yahoo Finance
TT,2026-09-16,427.3999938964844,430.0,416.9700012207031,421.67999267578125,421.67999267578125,944600,USD,NYQ,America/New_York,Yahoo Finance
TT,2026-09-17,430.760009765625,430.79998779296875,417.79998779296875,423.3299865722656,423.3299865722656,909900,USD,NYQ,America/New_York,Yahoo Finance
TT,2026-09-18,420.8699951171875,429.2799987792969,420.8699951171875,429.1099853515625,429.1099853515625,2102400,USD,NYQ,America/New_York,Yahoo Finance
TT,2026-09-21,432.3699951171875,434.79998779296875,425.0899963378906,433.32000732421875,433.32000732421875,1030400,USD,NYQ,America/New_York,Yahoo Finance
TT,2026-09-22,437.2200012207031,440.5199890136719,433.8599853515625,437.82000732421875,437.82000732421875,1058300,USD,NYQ,America/New_York,Yahoo Finance
TT,2026-09-23,435.54998779296875,441.260009765625,433.4800109863281,437.0899963378906,437.0899963378906,1024400,USD,NYQ,America/New_York,Yahoo Finance
TT,2026-09-24,432.17999267578125,442.45001220703125,431.0,438.5400085449219,438.5400085449219,923100,USD,NYQ,America/New_York,Yahoo Finance
TT,2026-09-25,444.3900146484375,455.9800109863281,442.5,454.44000244140625,454.44000244140625,1406000,USD,NYQ,America/New_York,Yahoo Finance
TT,2026-09-28,451.94000244140625,457.17999267578125,447.55999755859375,452.05999755859375,452.05999755859375,1371400,USD,NYQ,America/New_York,Yahoo Finance
TXNM,2026-08-17,57.34000015258789,57.58000183105469,57.34000015258789,57.58000183105469,57.58000183105469,694600,USD,NYQ,America/New_York,Yahoo Finance
TXNM,2026-08-18,57.75,57.75,57.459999084472656,57.4900016784668,57.4900016784668,892000,USD,NYQ,America/New_York,Yahoo Finance
TXNM,2026-08-19,57.650001525878906,57.650001525878906,57.529998779296875,57.599998474121094,57.599998474121094,736700,USD,NYQ,America/New_York,Yahoo Finance
TXNM,2026-08-20,57.61000061035156,57.70000076293945,57.31999969482422,57.459999084472656,57.459999084472656,977400,USD,NYQ,America/New_York,Yahoo Finance
TXNM,2026-08-21,57.40999984741211,57.529998779296875,57.220001220703125,57.220001220703125,57.220001220703125,1274600,USD,NYQ,America/New_York,Yahoo Finance
TXNM,2026-08-24,57.220001220703125,57.34000015258789,57.06999969482422,57.08000183105469,57.08000183105469,1144500,USD,NYQ,America/New_York,Yahoo Finance
TXNM,2026-08-25,57.220001220703125,57.5,57.130001068115234,57.310001373291016,57.310001373291016,651600,USD,NYQ,America/New_York,Yahoo Finance
TXNM,2026-08-26,57.54999923706055,57.650001525878906,57.349998474121094,57.540000915527344,57.540000915527344,549500,USD,NYQ,America/New_York,Yahoo Finance
TXNM,2026-08-27,57.4900016784668,57.59000015258789,57.40999984741211,57.5099983215332,57.5099983215332,342900,USD,NYQ,America/New_York,Yahoo Finance
TXNM,2026-08-28,57.63999938964844,57.72999954223633,57.54999923706055,57.63999938964844,57.63999938964844,891300,USD,NYQ,America/New_York,Yahoo Finance
TXNM,2026-08-31,57.720001220703125,57.75,57.599998474121094,57.61000061035156,57.61000061035156,1254900,USD,NYQ,America/New_York,Yahoo Finance
TXNM,2026-09-01,57.5,57.900001525878906,57.459999084472656,57.849998474121094,57.849998474121094,3084500,USD,NYQ,America/New_York,Yahoo Finance
TXNM,2026-09-02,57.77000045776367,58.15999984741211,57.689998626708984,58.06999969482422,58.06999969482422,3191300,USD,NYQ,America/New_York,Yahoo Finance
TXNM,2026-09-03,58.130001068115234,58.36000061035156,58.040000915527344,58.13999938964844,58.13999938964844,1648200,USD,NYQ,America/New_York,Yahoo Finance
TXNM,2026-09-04,58.209999084472656,58.25,58.0,58.0,58.0,1237200,USD,NYQ,America/New_York,Yahoo Finance
TXNM,2026-09-08,57.9900016784668,58.18000030517578,57.869998931884766,58.09000015258789,58.09000015258789,1667000,USD,NYQ,America/New_York,Yahoo Finance
TXNM,2026-09-09,58.25,58.25,57.869998931884766,57.900001525878906,57.900001525878906,944700,USD,NYQ,America/New_York,Yahoo Finance
TXNM,2026-09-10,57.880001068115234,57.93000030517578,57.779998779296875,57.86000061035156,57.86000061035156,1673300,USD,NYQ,America/New_York,Yahoo Finance
TXNM,2026-09-11,57.900001525878906,57.939998626708984,57.630001068115234,57.66999816894531,57.66999816894531,1119600,USD,NYQ,America/New_York,Yahoo Finance
TXNM,2026-09-14,57.65999984741211,57.88999938964844,57.61000061035156,57.68000030517578,57.68000030517578,877200,USD,NYQ,America/New_York,Yahoo Finance
TXNM,2026-09-15,57.75,58.470001220703125,57.7400016784668,58.20000076293945,58.20000076293945,2286400,USD,NYQ,America/New_York,Yahoo Finance
TXNM,2026-09-16,58.2599983215332,58.61000061035156,58.15999984741211,58.540000915527344,58.540000915527344,1893100,USD,NYQ,America/New_York,Yahoo Finance
TXNM,2026-09-17,58.599998474121094,58.93000030517578,58.38999938964844,58.59000015258789,58.59000015258789,1526500,USD,NYQ,America/New_York,Yahoo Finance
TXNM,2026-09-18,58.5,58.540000915527344,58.31999969482422,58.439998626708984,58.439998626708984,4240700,USD,NYQ,America/New_York,Yahoo Finance
TXNM,2026-09-21,58.459999084472656,58.709999084472656,58.36000061035156,58.56999969482422,58.56999969482422,1869400,USD,NYQ,America/New_York,Yahoo Finance
TXNM,2026-09-22,58.5099983215332,58.88999938964844,58.41999816894531,58.630001068115234,58.630001068115234,2409300,USD,NYQ,America/New_York,Yahoo Finance
TXNM,2026-09-23,58.630001068115234,58.7400016784668,58.31999969482422,58.31999969482422,58.31999969482422,1620400,USD,NYQ,America/New_York,Yahoo Finance
TXNM,2026-09-24,58.40999984741211,58.40999984741211,58.13999938964844,58.16999816894531,58.16999816894531,2453000,USD,NYQ,America/New_York,Yahoo Finance
TXNM,2026-09-25,58.20000076293945,58.59000015258789,58.09000015258789,58.52000045776367,58.52000045776367,1446700,USD,NYQ,America/New_York,Yahoo Finance
TXNM,2026-09-28,58.470001220703125,58.5099983215332,58.15999984741211,58.27000045776367,58.27000045776367,1789800,USD,NYQ,America/New_York,Yahoo Finance
UFPT,2026-08-17,317.7099914550781,323.2699890136719,317.7099914550781,321.30999755859375,321.30999755859375,89000,USD,NCM,America/New_York,Yahoo Finance
UFPT,2026-08-18,322.9200134277344,322.9200134277344,313.9700012207031,313.989990234375,313.989990234375,93500,USD,NCM,America/New_York,Yahoo Finance
UFPT,2026-08-19,321.4200134277344,324.0299987792969,311.2099914550781,312.8399963378906,312.8399963378906,101600,USD,NCM,America/New_York,Yahoo Finance
UFPT,2026-08-20,307.04998779296875,314.6700134277344,300.0799865722656,304.25,304.25,160200,USD,NCM,America/New_York,Yahoo Finance
UFPT,2026-08-21,307.69000244140625,310.3900146484375,302.510009765625,309.1300048828125,309.1300048828125,142800,USD,NCM,America/New_York,Yahoo Finance
UFPT,2026-08-24,308.6400146484375,311.7200012207031,301.95001220703125,305.3900146484375,305.3900146484375,108400,USD,NCM,America/New_York,Yahoo Finance
UFPT,2026-08-25,307.0199890136719,308.8699951171875,302.9599914550781,304.2099914550781,304.2099914550781,104900,USD,NCM,America/New_York,Yahoo Finance
UFPT,2026-08-26,302.3500061035156,310.1099853515625,300.32000732421875,304.57000732421875,304.57000732421875,163600,USD,NCM,America/New_York,Yahoo Finance
UFPT,2026-08-27,301.2900085449219,305.5299987792969,298.6400146484375,299.95001220703125,299.95001220703125,102300,USD,NCM,America/New_York,Yahoo Finance
UFPT,2026-08-28,300.0,305.4800109863281,299.6099853515625,300.04998779296875,300.04998779296875,102900,USD,NCM,America/New_York,Yahoo Finance
UFPT,2026-08-31,297.9100036621094,299.7300109863281,294.3900146484375,297.95001220703125,297.95001220703125,147200,USD,NCM,America/New_York,Yahoo Finance
UFPT,2026-09-01,296.30999755859375,304.3900146484375,293.54998779296875,294.05999755859375,294.05999755859375,141600,USD,NCM,America/New_York,Yahoo Finance
UFPT,2026-09-02,295.8699951171875,297.989990234375,290.0199890136719,292.44000244140625,292.44000244140625,119800,USD,NCM,America/New_York,Yahoo Finance
UFPT,2026-09-03,295.6300048828125,297.7900085449219,285.5,286.5199890136719,286.5199890136719,151500,USD,NCM,America/New_York,Yahoo Finance
UFPT,2026-09-04,285.0,290.4599914550781,285.0,288.7900085449219,288.7900085449219,105300,USD,NCM,America/New_York,Yahoo Finance
UFPT,2026-09-08,288.2200012207031,289.6199951171875,277.6700134277344,281.2099914550781,281.2099914550781,117100,USD,NCM,America/New_York,Yahoo Finance
UFPT,2026-09-09,279.45001220703125,284.8999938964844,277.4700012207031,278.5899963378906,278.5899963378906,132300,USD,NCM,America/New_York,Yahoo Finance
UFPT,2026-09-10,275.1499938964844,280.0199890136719,273.3699951171875,277.3999938964844,277.3999938964844,92600,USD,NCM,America/New_York,Yahoo Finance
UFPT,2026-09-11,281.3399963378906,282.1600036621094,275.510009765625,277.8900146484375,277.8900146484375,81900,USD,NCM,America/New_York,Yahoo Finance
UFPT,2026-09-14,279.20001220703125,282.510009765625,276.8999938964844,277.989990234375,277.989990234375,91700,USD,NCM,America/New_York,Yahoo Finance
UFPT,2026-09-15,278.75,278.75,273.0,275.4700012207031,275.4700012207031,111200,USD,NCM,America/New_York,Yahoo Finance
UFPT,2026-09-16,276.1300048828125,283.989990234375,275.5299987792969,279.4100036621094,279.4100036621094,94600,USD,NCM,America/New_York,Yahoo Finance
UFPT,2026-09-17,284.8399963378906,284.8399963378906,274.7799987792969,275.4100036621094,275.4100036621094,86900,USD,NCM,America/New_York,Yahoo Finance
UFPT,2026-09-18,275.4100036621094,276.92999267578125,273.0,276.69000244140625,276.69000244140625,146200,USD,NCM,America/New_York,Yahoo Finance
UFPT,2026-09-21,280.1199951171875,284.1600036621094,274.1000061035156,281.69000244140625,281.69000244140625,156700,USD,NCM,America/New_York,Yahoo Finance
UFPT,2026-09-22,285.989990234375,288.44000244140625,280.6099853515625,285.20001220703125,285.20001220703125,91700,USD,NCM,America/New_York,Yahoo Finance
UFPT,2026-09-23,285.0400085449219,287.3900146484375,281.92999267578125,287.3800048828125,287.3800048828125,83300,USD,NCM,America/New_York,Yahoo Finance
UFPT,2026-09-24,287.8999938964844,300.2300109863281,286.20001220703125,298.4800109863281,298.4800109863281,183000,USD,NCM,America/New_York,Yahoo Finance
UFPT,2026-09-25,293.1199951171875,297.82000732421875,293.0,295.6499938964844,295.6499938964844,72300,USD,NCM,America/New_York,Yahoo Finance
UFPT,2026-09-28,294.0199890136719,300.1600036621094,291.30999755859375,299.2200012207031,299.2200012207031,104900,USD,NCM,America/New_York,Yahoo Finance
URI,2026-08-17,1155.5,1176.43994140625,1150.0,1164.8199462890625,1164.8199462890625,368400,USD,NYQ,America/New_York,Yahoo Finance
URI,2026-08-18,1153.800048828125,1156.780029296875,1116.3599853515625,1116.3800048828125,1116.3800048828125,395400,USD,NYQ,America/New_York,Yahoo Finance
URI,2026-08-19,1117.4599609375,1129.989990234375,1105.1099853515625,1117.0400390625,1117.0400390625,388700,USD,NYQ,America/New_York,Yahoo Finance
URI,2026-08-20,1107.4300537109375,1119.31005859375,1089.510009765625,1095.260009765625,1095.260009765625,543300,USD,NYQ,America/New_York,Yahoo Finance
URI,2026-08-21,1099.3699951171875,1107.4000244140625,1084.780029296875,1098.510009765625,1098.510009765625,472100,USD,NYQ,America/New_York,Yahoo Finance
URI,2026-08-24,1100.0,1107.469970703125,1082.239990234375,1083.56005859375,1083.56005859375,401900,USD,NYQ,America/New_York,Yahoo Finance
URI,2026-08-25,1101.8299560546875,1101.8299560546875,1049.22998046875,1053.1400146484375,1053.1400146484375,441200,USD,NYQ,America/New_York,Yahoo Finance
URI,2026-08-26,1062.530029296875,1073.93994140625,1050.6600341796875,1057.6600341796875,1057.6600341796875,297000,USD,NYQ,America/New_York,Yahoo Finance
URI,2026-08-27,1053.3299560546875,1058.719970703125,1036.0400390625,1037.510009765625,1037.510009765625,407200,USD,NYQ,America/New_York,Yahoo Finance
URI,2026-08-28,1044.6700439453125,1047.989990234375,1014.3200073242188,1030.25,1030.25,547100,USD,NYQ,America/New_York,Yahoo Finance
URI,2026-08-31,1036.0400390625,1041.489990234375,1017.6400146484375,1038.0,1038.0,443800,USD,NYQ,America/New_York,Yahoo Finance
URI,2026-09-01,1028.0899658203125,1033.489990234375,988.8800048828125,990.1500244140625,990.1500244140625,461900,USD,NYQ,America/New_York,Yahoo Finance
URI,2026-09-02,990.510009765625,992.0599975585938,976.6599731445312,979.8200073242188,979.8200073242188,380500,USD,NYQ,America/New_York,Yahoo Finance
URI,2026-09-03,984.5800170898438,995.0800170898438,967.5800170898438,993.8699951171875,993.8699951171875,322900,USD,NYQ,America/New_York,Yahoo Finance
URI,2026-09-04,988.5399780273438,1012.3099975585938,988.5399780273438,1009.8599853515625,1009.8599853515625,316100,USD,NYQ,America/New_York,Yahoo Finance
URI,2026-09-08,1012.2000122070312,1024.6600341796875,1005.8599853515625,1015.1699829101562,1015.1699829101562,559500,USD,NYQ,America/New_York,Yahoo Finance
URI,2026-09-09,1019.4000244140625,1053.739990234375,1007.52001953125,1028.77001953125,1028.77001953125,502200,USD,NYQ,America/New_York,Yahoo Finance
URI,2026-09-10,1002.4000244140625,1013.75,979.0999755859375,989.0800170898438,989.0800170898438,449700,USD,NYQ,America/New_York,Yahoo Finance
URI,2026-09-11,1000.010009765625,1003.239990234375,984.1599731445312,989.1199951171875,989.1199951171875,348000,USD,NYQ,America/New_York,Yahoo Finance
URI,2026-09-14,979.47998046875,1000.489990234375,968.510009765625,993.7999877929688,993.7999877929688,335100,USD,NYQ,America/New_York,Yahoo Finance
URI,2026-09-15,993.7100219726562,995.6599731445312,981.2899780273438,989.1300048828125,989.1300048828125,317900,USD,NYQ,America/New_York,Yahoo Finance
URI,2026-09-16,994.4299926757812,1025.530029296875,987.5,1006.25,1006.25,490000,USD,NYQ,America/New_York,Yahoo Finance
URI,2026-09-17,1026.27001953125,1026.550048828125,998.510009765625,1002.530029296875,1002.530029296875,571900,USD,NYQ,America/New_York,Yahoo Finance
URI,2026-09-18,997.52001953125,1015.9600219726562,991.1400146484375,1013.9099731445312,1013.9099731445312,598700,USD,NYQ,America/New_York,Yahoo Finance
URI,2026-09-21,1021.8599853515625,1033.0,1010.0,1029.9200439453125,1029.9200439453125,370600,USD,NYQ,America/New_York,Yahoo Finance
URI,2026-09-22,1037.6199951171875,1055.2900390625,1032.8599853515625,1043.0400390625,1043.0400390625,452400,USD,NYQ,America/New_York,Yahoo Finance
URI,2026-09-23,1041.9000244140625,1056.989990234375,1031.989990234375,1031.989990234375,1031.989990234375,406200,USD,NYQ,America/New_York,Yahoo Finance
URI,2026-09-24,1025.47998046875,1028.5400390625,1006.2000122070312,1021.6699829101562,1021.6699829101562,444700,USD,NYQ,America/New_York,Yahoo Finance
URI,2026-09-25,1017.7100219726562,1050.199951171875,1017.6699829101562,1047.06005859375,1047.06005859375,377000,USD,NYQ,America/New_York,Yahoo Finance
URI,2026-09-28,1039.199951171875,1053.469970703125,1032.1500244140625,1043.9200439453125,1043.9200439453125,451900,USD,NYQ,America/New_York,Yahoo Finance
USDC-USD,2026-09-04,0.9998819828033447,1.0007389783859253,0.9995729923248291,0.9998689889907837,0.9998689889907837,16635320699,USD,CCC,UTC,Yahoo Finance
USDC-USD,2026-09-05,0.9998559951782227,1.0002739429473877,0.99965500831604,0.9998970031738281,0.9998970031738281,7856530155,USD,CCC,UTC,Yahoo Finance
USDC-USD,2026-09-06,0.9999420046806335,1.0003950595855713,0.9995790123939514,0.9998810291290283,0.9998810291290283,9659280556,USD,CCC,UTC,Yahoo Finance
USDC-USD,2026-09-07,0.9998999834060669,1.0008349418640137,0.9996010065078735,0.999921977519989,0.999921977519989,10080756956,USD,CCC,UTC,Yahoo Finance
USDC-USD,2026-09-08,0.9999330043792725,1.0004780292510986,0.9995200037956238,0.9999240040779114,0.9999240040779114,13957657026,USD,CCC,UTC,Yahoo Finance
USDC-USD,2026-09-09,0.9999489784240723,1.0007109642028809,0.9994819760322571,0.9998909831047058,0.9998909831047058,15653486436,USD,CCC,UTC,Yahoo Finance
USDC-USD,2026-09-10,0.9998999834060669,1.0007480382919312,0.9995549917221069,0.9998360276222229,0.9998360276222229,14965829114,USD,CCC,UTC,Yahoo Finance
USDC-USD,2026-09-11,0.9998540282249451,1.0008749961853027,0.9993100166320801,0.9997479915618896,0.9997479915618896,18909809665,USD,CCC,UTC,Yahoo Finance
USDC-USD,2026-09-12,0.9997649788856506,1.0000410079956055,0.9994590282440186,0.9998639822006226,0.9998639822006226,4866847946,USD,CCC,UTC,Yahoo Finance
USDC-USD,2026-09-13,0.9998630285263062,1.0003559589385986,0.9995290040969849,0.9998890161514282,0.9998890161514282,6524896067,USD,CCC,UTC,Yahoo Finance
USDC-USD,2026-09-14,0.9998319745063782,1.000473976135254,0.999405026435852,0.9998909831047058,0.9998909831047058,16398213486,USD,CCC,UTC,Yahoo Finance
USDC-USD,2026-09-15,0.9999110102653503,1.0006320476531982,0.9993259906768799,0.9999319911003113,0.9999319911003113,19223327910,USD,CCC,UTC,Yahoo Finance
USDC-USD,2026-09-16,0.999921977519989,1.0008310079574585,0.9991689920425415,0.9998360276222229,0.9998360276222229,17793071970,USD,CCC,UTC,Yahoo Finance
USDC-USD,2026-09-17,0.9999020099639893,1.0005630254745483,0.9994770288467407,0.999858021736145,0.999858021736145,13143660768,USD,CCC,UTC,Yahoo Finance
USDC-USD,2026-09-18,0.9998670220375061,1.0003600120544434,0.9995489716529846,0.9997010231018066,0.9997010231018066,17872327928,USD,CCC,UTC,Yahoo Finance
USDC-USD,2026-09-19,0.9997779726982117,1.0001490116119385,0.9995260238647461,0.999888002872467,0.999888002872467,9951445877,USD,CCC,UTC,Yahoo Finance
USDC-USD,2026-09-20,0.9998930096626282,1.0002779960632324,0.9996669888496399,0.9999570250511169,0.9999570250511169,10244044567,USD,CCC,UTC,Yahoo Finance
USDC-USD,2026-09-21,0.9999629855155945,1.000201940536499,0.9993129968643188,1.0000100135803223,1.0000100135803223,24544181614,USD,CCC,UTC,Yahoo Finance
USDC-USD,2026-09-22,1.000012993812561,1.0002930164337158,0.9996740221977234,0.9998250007629395,0.9998250007629395,18225374401,USD,CCC,UTC,Yahoo Finance
USDC-USD,2026-09-23,0.9999009966850281,1.0002050399780273,0.9992219805717468,0.9998599886894226,0.9998599886894226,21824446106,USD,CCC,UTC,Yahoo Finance
USDC-USD,2026-09-24,0.9998850226402283,1.0001929998397827,0.9994760155677795,0.9999120235443115,0.9999120235443115,17732496674,USD,CCC,UTC,Yahoo Finance
USDC-USD,2026-09-25,0.9999179840087891,1.0001939535140991,0.9995189905166626,0.9998520016670227,0.9998520016670227,17409996287,USD,CCC,UTC,Yahoo Finance
USDC-USD,2026-09-26,0.9998630285263062,1.000087022781372,0.9995589852333069,0.9998369812965393,0.9998369812965393,6582289069,USD,CCC,UTC,Yahoo Finance
USDC-USD,2026-09-27,0.9998760223388672,1.0001369714736938,0.9995129704475403,0.9999200105667114,0.9999200105667114,8602175611,USD,CCC,UTC,Yahoo Finance
USDC-USD,2026-09-28,0.9999439716339111,1.0005849599838257,0.9996430277824402,0.9999430179595947,0.9999430179595947,19983244628,USD,CCC,UTC,Yahoo Finance
USDC-USD,2026-09-29,0.9999290108680725,1.0004639625549316,0.9997779726982117,0.9999880194664001,0.9999880194664001,16641739658,USD,CCC,UTC,Yahoo Finance
USDC-USD,2026-09-30,0.9999960064888,1.0004899501800537,0.9995329976081848,1.0000100135803223,1.0000100135803223,18071148843,USD,CCC,UTC,Yahoo Finance
USDC-USD,2026-10-01,1.0000070333480835,1.0006159543991089,0.9996389746665955,0.9999840259552002,0.9999840259552002,19250070080,USD,CCC,UTC,Yahoo Finance
USDC-USD,2026-10-02,1.0000040531158447,1.0002310276031494,0.999439001083374,0.9999300241470337,0.9999300241470337,22153872511,USD,CCC,UTC,Yahoo Finance
USDC-USD,2026-10-03,1.0000150203704834,1.000108003616333,0.9998499751091003,0.9999430179595947,0.9999430179595947,5908448581,USD,CCC,UTC,Yahoo Finance
VALE,2026-08-17,13.649999618530273,13.800000190734863,13.59000015258789,13.75,13.75,10426400,USD,NYQ,America/New_York,Yahoo Finance
VALE,2026-08-18,13.65999984741211,13.979999542236328,13.649999618530273,13.680000305175781,13.680000305175781,18233200,USD,NYQ,America/New_York,Yahoo Finance
VALE,2026-08-19,14.1899995803833,14.279999732971191,13.859999656677246,13.899999618530273,13.899999618530273,25897100,USD,NYQ,America/New_York,Yahoo Finance
VALE,2026-08-20,13.729999542236328,14.279999732971191,13.729999542236328,14.229999542236328,14.229999542236328,39802100,USD,NYQ,America/New_York,Yahoo Finance
VALE,2026-08-21,14.5,14.6899995803833,14.420000076293945,14.59000015258789,14.59000015258789,27465400,USD,NYQ,America/New_York,Yahoo Finance
VALE,2026-08-24,14.630000114440918,15.220000267028809,14.619999885559082,15.039999961853027,15.039999961853027,49764700,USD,NYQ,America/New_York,Yahoo Finance
VALE,2026-08-25,15.010000228881836,15.329999923706055,14.90999984741211,15.329999923706055,15.329999923706055,19211500,USD,NYQ,America/New_York,Yahoo Finance
VALE,2026-08-26,15.369999885559082,15.40999984741211,15.130000114440918,15.15999984741211,15.15999984741211,19570500,USD,NYQ,America/New_York,Yahoo Finance
VALE,2026-08-27,15.170000076293945,15.350000381469727,15.0600004196167,15.3100004196167,15.3100004196167,29833100,USD,NYQ,America/New_York,Yahoo Finance
VALE,2026-08-28,15.279999732971191,15.3100004196167,14.890000343322754,15.029999732971191,15.029999732971191,36738500,USD,NYQ,America/New_York,Yahoo Finance
VALE,2026-08-31,15.319999694824219,15.420000076293945,15.050000190734863,15.09000015258789,15.09000015258789,22611600,USD,NYQ,America/New_York,Yahoo Finance
VALE,2026-09-01,14.989999771118164,15.3100004196167,14.9399995803833,15.119999885559082,15.119999885559082,27420900,USD,NYQ,America/New_York,Yahoo Finance
VALE,2026-09-02,15.430000305175781,15.930000305175781,15.380000114440918,15.729999542236328,15.729999542236328,28024500,USD,NYQ,America/New_York,Yahoo Finance
VALE,2026-09-03,15.979999542236328,16.020000457763672,15.170000076293945,15.3100004196167,15.3100004196167,43802600,USD,NYQ,America/New_York,Yahoo Finance
VALE,2026-09-04,15.15999984741211,15.550000190734863,15.109999656677246,15.270000457763672,15.270000457763672,25762700,USD,NYQ,America/New_York,Yahoo Finance
VALE,2026-09-08,15.710000038146973,15.920000076293945,15.520000457763672,15.5600004196167,15.5600004196167,34273400,USD,NYQ,America/New_York,Yahoo Finance
VALE,2026-09-09,15.479999542236328,15.670000076293945,15.3100004196167,15.4399995803833,15.4399995803833,56561100,USD,NYQ,America/New_York,Yahoo Finance
VALE,2026-09-10,15.029999732971191,15.399999618530273,14.960000038146973,15.279999732971191,15.279999732971191,38434900,USD,NYQ,America/New_York,Yahoo Finance
VALE,2026-09-11,15.359999656677246,15.359999656677246,15.079999923706055,15.229999542236328,15.229999542236328,20760600,USD,NYQ,America/New_York,Yahoo Finance
VALE,2026-09-14,14.770000457763672,14.819999694824219,14.600000381469727,14.609999656677246,14.609999656677246,22268200,USD,NYQ,America/New_York,Yahoo Finance
VALE,2026-09-15,14.569999694824219,14.6899995803833,14.4399995803833,14.470000267028809,14.470000267028809,24278000,USD,NYQ,America/New_York,Yahoo Finance
VALE,2026-09-16,14.430000305175781,14.5,13.989999771118164,14.130000114440918,14.130000114440918,45084700,USD,NYQ,America/New_York,Yahoo Finance
VALE,2026-09-17,14.260000228881836,14.529999732971191,14.100000381469727,14.470000267028809,14.470000267028809,30427400,USD,NYQ,America/New_York,Yahoo Finance
VALE,2026-09-18,14.380000114440918,14.40999984741211,14.130000114440918,14.210000038146973,14.210000038146973,18514300,USD,NYQ,America/New_York,Yahoo Finance
VALE,2026-09-21,14.40999984741211,14.40999984741211,14.140000343322754,14.149999618530273,14.149999618530273,18049600,USD,NYQ,America/New_York,Yahoo Finance
VALE,2026-09-22,14.039999961853027,14.25,13.979999542236328,14.1899995803833,14.1899995803833,19269600,USD,NYQ,America/New_York,Yahoo Finance
VALE,2026-09-23,14.09000015258789,14.100000381469727,13.800000190734863,13.819999694824219,13.819999694824219,30982000,USD,NYQ,America/New_York,Yahoo Finance
VALE,2026-09-24,13.770000457763672,13.779999732971191,13.539999961853027,13.5600004196167,13.5600004196167,30777000,USD,NYQ,America/New_York,Yahoo Finance
VALE,2026-09-25,13.5600004196167,13.6899995803833,13.399999618530273,13.609999656677246,13.609999656677246,25596200,USD,NYQ,America/New_York,Yahoo Finance
VALE,2026-09-28,13.380000114440918,13.680000305175781,13.34000015258789,13.59000015258789,13.59000015258789,23175900,USD,NYQ,America/New_York,Yahoo Finance
VET-USD,2026-09-04,0.006756999995559454,0.006852000020444393,0.006550999823957682,0.0068339998833835125,0.0068339998833835125,13903872,USD,CCC,UTC,Yahoo Finance
VET-USD,2026-09-05,0.0068339998833835125,0.006988999899476767,0.006831000093370676,0.006941999774426222,0.006941999774426222,13310012,USD,CCC,UTC,Yahoo Finance
VET-USD,2026-09-06,0.006941999774426222,0.007133999839425087,0.006924999877810478,0.007071000058203936,0.007071000058203936,13484848,USD,CCC,UTC,Yahoo Finance
VET-USD,2026-09-07,0.007071000058203936,0.007348000071942806,0.007017000112682581,0.007193000055849552,0.007193000055849552,16758760,USD,CCC,UTC,Yahoo Finance
VET-USD,2026-09-08,0.007193000055849552,0.008077999576926231,0.007182000204920769,0.008057000115513802,0.008057000115513802,44205889,USD,CCC,UTC,Yahoo Finance
VET-USD,2026-09-09,0.008057000115513802,0.00814099982380867,0.007414000108838081,0.0074709998443722725,0.0074709998443722725,29957199,USD,CCC,UTC,Yahoo Finance
VET-USD,2026-09-10,0.0074709998443722725,0.008384999819099903,0.007439999841153622,0.007619000039994717,0.007619000039994717,50331154,USD,CCC,UTC,Yahoo Finance
VET-USD,2026-09-11,0.007619000039994717,0.0076339999213814735,0.007203000131994486,0.007298999931663275,0.007298999931663275,27969901,USD,CCC,UTC,Yahoo Finance
VET-USD,2026-09-12,0.007298999931663275,0.007845999673008919,0.007296999916434288,0.007524999789893627,0.007524999789893627,19406056,USD,CCC,UTC,Yahoo Finance
VET-USD,2026-09-13,0.007524999789893627,0.007997999899089336,0.007519999984651804,0.007672000210732222,0.007672000210732222,24743295,USD,CCC,UTC,Yahoo Finance
VET-USD,2026-09-14,0.007672999985516071,0.00811500009149313,0.0076419999822974205,0.0076430002227425575,0.0076430002227425575,23700675,USD,CCC,UTC,Yahoo Finance
VET-USD,2026-09-15,0.0076430002227425575,0.007681000046432018,0.00700599979609251,0.007071999832987785,0.007071999832987785,23135770,USD,CCC,UTC,Yahoo Finance
VET-USD,2026-09-16,0.007071999832987785,0.007306999992579222,0.006814999971538782,0.0071669998578727245,0.0071669998578727245,23471685,USD,CCC,UTC,Yahoo Finance
VET-USD,2026-09-17,0.0071669998578727245,0.007426000200212002,0.007040000054985285,0.007368999999016523,0.007368999999016523,16102668,USD,CCC,UTC,Yahoo Finance
VET-USD,2026-09-18,0.007368999999016523,0.007964000105857849,0.007319000083953142,0.007868999615311623,0.007868999615311623,24081191,USD,CCC,UTC,Yahoo Finance
VET-USD,2026-09-19,0.007868999615311623,0.008829999715089798,0.007792999967932701,0.008794000372290611,0.008794000372290611,43940063,USD,CCC,UTC,Yahoo Finance
VET-USD,2026-09-20,0.008794999681413174,0.008801000192761421,0.008054999634623528,0.008430000394582748,0.008430000394582748,19738782,USD,CCC,UTC,Yahoo Finance
VET-USD,2026-09-21,0.008430000394582748,0.009335000067949295,0.008251000195741653,0.009328000247478485,0.009328000247478485,28604102,USD,CCC,UTC,Yahoo Finance
VET-USD,2026-09-22,0.009328000247478485,0.009340000338852406,0.008894000202417374,0.009294000454246998,0.009294000454246998,20739003,USD,CCC,UTC,Yahoo Finance
VET-USD,2026-09-23,0.009294000454246998,0.009885000064969063,0.008755999617278576,0.008794999681413174,0.008794999681413174,31350099,USD,CCC,UTC,Yahoo Finance
VET-USD,2026-09-24,0.008794999681413174,0.009475000202655792,0.008688000030815601,0.009278000332415104,0.009278000332415104,18195528,USD,CCC,UTC,Yahoo Finance
VET-USD,2026-09-25,0.009278000332415104,0.009619999676942825,0.009109999984502792,0.009519999846816063,0.009519999846816063,18673744,USD,CCC,UTC,Yahoo Finance
VET-USD,2026-09-26,0.009519999846816063,0.009823000058531761,0.009185000322759151,0.009320000186562538,0.009320000186562538,20806905,USD,CCC,UTC,Yahoo Finance
VET-USD,2026-09-27,0.009320000186562538,0.009465999901294708,0.00906199961900711,0.009197999723255634,0.009197999723255634,15742610,USD,CCC,UTC,Yahoo Finance
VET-USD,2026-09-28,0.009198999963700771,0.00924300029873848,0.008655999787151814,0.008887000381946564,0.008887000381946564,17694888,USD,CCC,UTC,Yahoo Finance
VET-USD,2026-09-29,0.008887000381946564,0.009092000313103199,0.008631999604403973,0.008747999556362629,0.008747999556362629,15654311,USD,CCC,UTC,Yahoo Finance
VET-USD,2026-09-30,0.008747999556362629,0.009205999784171581,0.008719000034034252,0.008853999897837639,0.008853999897837639,13594193,USD,CCC,UTC,Yahoo Finance
VET-USD,2026-10-01,0.008855000138282776,0.009088000282645226,0.008562999777495861,0.008801000192761421,0.008801000192761421,14620878,USD,CCC,UTC,Yahoo Finance
VET-USD,2026-10-02,0.008801000192761421,0.009050999768078327,0.008297000080347061,0.008564000017940998,0.008564000017940998,15356820,USD,CCC,UTC,Yahoo Finance
VET-USD,2026-10-03,0.008564000017940998,0.008762000128626823,0.008476999588310719,0.008736999705433846,0.008736999705433846,10131282,USD,CCC,UTC,Yahoo Finance
VGNT,2026-08-17,46.0,47.33000183105469,44.81999969482422,46.779998779296875,46.65440368652344,758000,USD,NYQ,America/New_York,Yahoo Finance
VGNT,2026-08-18,46.29999923706055,46.84000015258789,45.81999969482422,46.689998626708984,46.56464385986328,617600,USD,NYQ,America/New_York,Yahoo Finance
VGNT,2026-08-19,47.400001525878906,48.38999938964844,46.77000045776367,47.400001525878906,47.27273941040039,756300,USD,NYQ,America/New_York,Yahoo Finance
VGNT,2026-08-20,47.0,48.0,46.06999969482422,46.650001525878906,46.52475357055664,401800,USD,NYQ,America/New_York,Yahoo Finance
VGNT,2026-08-21,46.84000015258789,49.459999084472656,46.84000015258789,49.22999954223633,49.09782409667969,937000,USD,NYQ,America/New_York,Yahoo Finance
VGNT,2026-08-24,48.970001220703125,49.619998931884766,46.91999816894531,46.959999084472656,46.833919525146484,676500,USD,NYQ,America/New_York,Yahoo Finance
VGNT,2026-08-25,47.02000045776367,47.400001525878906,46.15999984741211,47.220001220703125,47.093223571777344,457200,USD,NYQ,America/New_York,Yahoo Finance
VGNT,2026-08-26,47.310001373291016,48.0099983215332,47.150001525878906,47.36000061035156,47.232845306396484,573600,USD,NYQ,America/New_York,Yahoo Finance
VGNT,2026-08-27,47.099998474121094,48.7599983215332,47.099998474121094,48.560001373291016,48.42962646484375,789100,USD,NYQ,America/New_York,Yahoo Finance
VGNT,2026-08-28,48.66999816894531,49.31999969482422,48.06999969482422,48.209999084472656,48.080562591552734,460600,USD,NYQ,America/New_York,Yahoo Finance
VGNT,2026-08-31,48.20000076293945,49.04999923706055,47.2400016784668,47.400001525878906,47.27273941040039,630200,USD,NYQ,America/New_York,Yahoo Finance
VGNT,2026-09-01,46.369998931884766,46.7400016784668,45.0,46.189998626708984,46.06598663330078,792300,USD,NYQ,America/New_York,Yahoo Finance
VGNT,2026-09-02,46.47999954223633,47.849998474121094,46.41999816894531,46.810001373291016,46.684326171875,509300,USD,NYQ,America/New_York,Yahoo Finance
VGNT,2026-09-03,47.65999984741211,48.97999954223633,47.34000015258789,48.41999816894531,48.28999710083008,588400,USD,NYQ,America/New_York,Yahoo Finance
VGNT,2026-09-04,48.439998626708984,50.25,48.029998779296875,50.220001220703125,50.220001220703125,524100,USD,NYQ,America/New_York,Yahoo Finance
VGNT,2026-09-08,50.0,50.189998626708984,47.29999923706055,47.38999938964844,47.38999938964844,784600,USD,NYQ,America/New_York,Yahoo Finance
VGNT,2026-09-09,47.09000015258789,47.58000183105469,44.9900016784668,45.7400016784668,45.7400016784668,1137700,USD,NYQ,America/New_York,Yahoo Finance
VGNT,2026-09-10,45.0099983215332,47.11000061035156,44.869998931884766,46.400001525878906,46.400001525878906,470600,USD,NYQ,America/New_York,Yahoo Finance
VGNT,2026-09-11,47.16999816894531,47.34000015258789,46.470001220703125,46.88999938964844,46.88999938964844,372500,USD,NYQ,America/New_York,Yahoo Finance
VGNT,2026-09-14,46.08000183105469,46.709999084472656,45.86000061035156,46.08000183105469,46.08000183105469,633300,USD,NYQ,America/New_York,Yahoo Finance
VGNT,2026-09-15,45.75,46.13999938964844,45.119998931884766,45.189998626708984,45.189998626708984,630000,USD,NYQ,America/New_York,Yahoo Finance
VGNT,2026-09-16,45.470001220703125,46.290000915527344,44.90999984741211,45.41999816894531,45.41999816894531,832800,USD,NYQ,America/New_York,Yahoo Finance
VGNT,2026-09-17,46.0,47.58000183105469,45.79999923706055,47.52000045776367,47.52000045776367,1066800,USD,NYQ,America/New_York,Yahoo Finance
VGNT,2026-09-18,47.68000030517578,47.68000030517578,45.11000061035156,45.86000061035156,45.86000061035156,2606900,USD,NYQ,America/New_York,Yahoo Finance
VGNT,2026-09-21,46.27000045776367,47.29999923706055,45.63999938964844,47.06999969482422,47.06999969482422,725900,USD,NYQ,America/New_York,Yahoo Finance
VGNT,2026-09-22,47.689998626708984,47.689998626708984,45.90999984741211,47.09000015258789,47.09000015258789,630800,USD,NYQ,America/New_York,Yahoo Finance
VGNT,2026-09-23,46.54999923706055,47.13999938964844,45.75,46.20000076293945,46.20000076293945,370300,USD,NYQ,America/New_York,Yahoo Finance
VGNT,2026-09-24,46.099998474121094,46.150001525878906,44.29999923706055,45.220001220703125,45.220001220703125,567800,USD,NYQ,America/New_York,Yahoo Finance
VGNT,2026-09-25,45.529998779296875,46.91999816894531,45.5099983215332,46.72999954223633,46.72999954223633,592100,USD,NYQ,America/New_York,Yahoo Finance
VGNT,2026-09-28,46.279998779296875,46.459999084472656,45.060001373291016,45.400001525878906,45.400001525878906,586400,USD,NYQ,America/New_York,Yahoo Finance
VIPS,2026-08-17,14.199999809265137,14.229999542236328,13.9399995803833,14.039999961853027,14.039999961853027,1667100,USD,NYQ,America/New_York,Yahoo Finance
VIPS,2026-08-18,14.149999618530273,14.25,14.050000190734863,14.210000038146973,14.210000038146973,1657800,USD,NYQ,America/New_York,Yahoo Finance
VIPS,2026-08-19,14.220000267028809,14.5,14.220000267028809,14.449999809265137,14.449999809265137,1297300,USD,NYQ,America/New_York,Yahoo Finance
VIPS,2026-08-20,14.119999885559082,14.430000305175781,14.0,14.300000190734863,14.300000190734863,2336400,USD,NYQ,America/New_York,Yahoo Finance
VIPS,2026-08-21,14.40999984741211,14.550000190734863,14.170000076293945,14.529999732971191,14.529999732971191,2442600,USD,NYQ,America/New_York,Yahoo Finance
VIPS,2026-08-24,14.460000038146973,14.630000114440918,14.279999732971191,14.319999694824219,14.319999694824219,3262200,USD,NYQ,America/New_York,Yahoo Finance
VIPS,2026-08-25,13.960000038146973,14.930000305175781,13.899999618530273,14.15999984741211,14.15999984741211,11656500,USD,NYQ,America/New_York,Yahoo Finance
VIPS,2026-08-26,14.0,14.3100004196167,13.8100004196167,14.079999923706055,14.079999923706055,4849700,USD,NYQ,America/New_York,Yahoo Finance
VIPS,2026-08-27,14.0,14.010000228881836,13.3100004196167,13.470000267028809,13.470000267028809,3493700,USD,NYQ,America/New_York,Yahoo Finance
VIPS,2026-08-28,13.579999923706055,13.75,13.399999618530273,13.5,13.5,3735300,USD,NYQ,America/New_York,Yahoo Finance
VIPS,2026-08-31,13.4399995803833,13.5,12.859999656677246,13.100000381469727,13.100000381469727,3622900,USD,NYQ,America/New_York,Yahoo Finance
VIPS,2026-09-01,13.09000015258789,13.479999542236328,13.050000190734863,13.100000381469727,13.100000381469727,3301100,USD,NYQ,America/New_York,Yahoo Finance
VIPS,2026-09-02,13.100000381469727,13.359999656677246,13.010000228881836,13.020000457763672,13.020000457763672,3344000,USD,NYQ,America/New_York,Yahoo Finance
VIPS,2026-09-03,13.069999694824219,13.210000038146973,12.9399995803833,13.079999923706055,13.079999923706055,3396300,USD,NYQ,America/New_York,Yahoo Finance
VIPS,2026-09-04,13.100000381469727,13.350000381469727,13.0600004196167,13.199999809265137,13.199999809265137,3522900,USD,NYQ,America/New_York,Yahoo Finance
VIPS,2026-09-08,13.050000190734863,13.069999694824219,12.90999984741211,13.029999732971191,13.029999732971191,3580100,USD,NYQ,America/New_York,Yahoo Finance
VIPS,2026-09-09,13.029999732971191,13.0600004196167,12.510000228881836,12.510000228881836,12.510000228881836,3990900,USD,NYQ,America/New_York,Yahoo Finance
VIPS,2026-09-10,12.5,12.619999885559082,12.479999542236328,12.579999923706055,12.579999923706055,2353600,USD,NYQ,America/New_York,Yahoo Finance
VIPS,2026-09-11,12.710000038146973,12.760000228881836,12.449999809265137,12.470000267028809,12.470000267028809,2946000,USD,NYQ,America/New_York,Yahoo Finance
VIPS,2026-09-14,12.470000267028809,12.59000015258789,12.420000076293945,12.4399995803833,12.4399995803833,3545100,USD,NYQ,America/New_York,Yahoo Finance
VIPS,2026-09-15,12.399999618530273,12.420000076293945,12.020000457763672,12.09000015258789,12.09000015258789,2811700,USD,NYQ,America/New_York,Yahoo Finance
VIPS,2026-09-16,12.119999885559082,12.329999923706055,12.050000190734863,12.25,12.25,3125100,USD,NYQ,America/New_York,Yahoo Finance
VIPS,2026-09-17,12.34000015258789,12.390000343322754,12.180000305175781,12.1899995803833,12.1899995803833,2147300,USD,NYQ,America/New_York,Yahoo Finance
VIPS,2026-09-18,12.199999809265137,12.470000267028809,12.199999809265137,12.3100004196167,12.3100004196167,3375800,USD,NYQ,America/New_York,Yahoo Finance
VIPS,2026-09-21,12.449999809265137,12.520000457763672,12.279999732971191,12.5,12.5,2272600,USD,NYQ,America/New_York,Yahoo Finance
VIPS,2026-09-22,12.579999923706055,12.8100004196167,12.430000305175781,12.670000076293945,12.670000076293945,2964000,USD,NYQ,America/New_York,Yahoo Finance
VIPS,2026-09-23,12.539999961853027,12.550000190734863,12.350000381469727,12.369999885559082,12.369999885559082,2881800,USD,NYQ,America/New_York,Yahoo Finance
VIPS,2026-09-24,12.399999618530273,12.460000038146973,12.229999542236328,12.369999885559082,12.369999885559082,2263700,USD,NYQ,America/New_York,Yahoo Finance
VIPS,2026-09-25,12.390000343322754,12.40999984741211,12.270000457763672,12.380000114440918,12.380000114440918,2003800,USD,NYQ,America/New_York,Yahoo Finance
VIPS,2026-09-28,12.380000114440918,12.5600004196167,12.350000381469727,12.470000267028809,12.470000267028809,2300500,USD,NYQ,America/New_York,Yahoo Finance
VOYG,2026-08-17,42.119998931884766,44.13999938964844,41.630001068115234,43.97999954223633,43.97999954223633,1665100,USD,NYQ,America/New_York,Yahoo Finance
VOYG,2026-08-18,41.83000183105469,43.4900016784668,41.529998779296875,42.2400016784668,42.2400016784668,1931000,USD,NYQ,America/New_York,Yahoo Finance
VOYG,2026-08-19,41.93000030517578,41.93000030517578,38.349998474121094,38.849998474121094,38.849998474121094,1653100,USD,NYQ,America/New_York,Yahoo Finance
VOYG,2026-08-20,38.25,38.349998474121094,35.86000061035156,37.91999816894531,37.91999816894531,1961600,USD,NYQ,America/New_York,Yahoo Finance
VOYG,2026-08-21,38.84000015258789,40.40999984741211,38.244998931884766,38.400001525878906,38.400001525878906,1460600,USD,NYQ,America/New_York,Yahoo Finance
VOYG,2026-08-24,37.880001068115234,37.880001068115234,35.459999084472656,35.5,35.5,1056500,USD,NYQ,America/New_York,Yahoo Finance
VOYG,2026-08-25,35.970001220703125,36.20000076293945,34.20000076293945,34.5099983215332,34.5099983215332,994500,USD,NYQ,America/New_York,Yahoo Finance
VOYG,2026-08-26,34.47999954223633,35.78499984741211,34.45000076293945,34.630001068115234,34.630001068115234,594200,USD,NYQ,America/New_York,Yahoo Finance
VOYG,2026-08-27,35.310001373291016,35.47999954223633,34.310001373291016,34.72999954223633,34.72999954223633,565600,USD,NYQ,America/New_York,Yahoo Finance
VOYG,2026-08-28,34.380001068115234,34.939998626708984,33.5,34.290000915527344,34.290000915527344,695400,USD,NYQ,America/New_York,Yahoo Finance
VOYG,2026-08-31,33.95000076293945,34.75,33.340999603271484,33.630001068115234,33.630001068115234,1636700,USD,NYQ,America/New_York,Yahoo Finance
VOYG,2026-09-01,33.0,33.779998779296875,32.45000076293945,32.959999084472656,32.959999084472656,1126700,USD,NYQ,America/New_York,Yahoo Finance
VOYG,2026-09-02,33.11000061035156,34.060001373291016,32.56999969482422,33.27000045776367,33.27000045776367,823200,USD,NYQ,America/New_York,Yahoo Finance
VOYG,2026-09-03,33.4900016784668,34.060001373291016,31.959999084472656,32.68000030517578,32.68000030517578,1073700,USD,NYQ,America/New_York,Yahoo Finance
VOYG,2026-09-04,33.02000045776367,34.4900016784668,33.02000045776367,33.939998626708984,33.939998626708984,990700,USD,NYQ,America/New_York,Yahoo Finance
VOYG,2026-09-08,34.029998779296875,36.59000015258789,34.029998779296875,35.40999984741211,35.40999984741211,1420400,USD,NYQ,America/New_York,Yahoo Finance
VOYG,2026-09-09,36.0,36.0,33.630001068115234,33.75,33.75,917700,USD,NYQ,America/New_York,Yahoo Finance
VOYG,2026-09-10,32.91999816894531,34.86000061035156,32.61000061035156,32.970001220703125,32.970001220703125,1065500,USD,NYQ,America/New_York,Yahoo Finance
VOYG,2026-09-11,33.5099983215332,35.07500076293945,32.970001220703125,33.779998779296875,33.779998779296875,995100,USD,NYQ,America/New_York,Yahoo Finance
VOYG,2026-09-14,33.040000915527344,34.65999984741211,32.90999984741211,33.099998474121094,33.099998474121094,988900,USD,NYQ,America/New_York,Yahoo Finance
VOYG,2026-09-15,33.27000045776367,35.310001373291016,32.13999938964844,34.5099983215332,34.5099983215332,1394900,USD,NYQ,America/New_York,Yahoo Finance
VOYG,2026-09-16,34.45000076293945,35.779998779296875,33.63999938964844,35.18000030517578,35.18000030517578,1347800,USD,NYQ,America/New_York,Yahoo Finance
VOYG,2026-09-17,36.209999084472656,37.86000061035156,35.900001525878906,36.599998474121094,36.599998474121094,1237600,USD,NYQ,America/New_York,Yahoo Finance
VOYG,2026-09-18,37.15999984741211,37.165000915527344,34.36000061035156,35.869998931884766,35.869998931884766,6113400,USD,NYQ,America/New_York,Yahoo Finance
VOYG,2026-09-21,36.209999084472656,37.81999969482422,36.130001068115234,37.65999984741211,37.65999984741211,1105900,USD,NYQ,America/New_York,Yahoo Finance
VOYG,2026-09-22,38.08000183105469,38.33000183105469,36.619998931884766,37.529998779296875,37.529998779296875,1227100,USD,NYQ,America/New_York,Yahoo Finance
VOYG,2026-09-23,33.22999954223633,33.79999923706055,29.875,31.399999618530273,31.399999618530273,11851400,USD,NYQ,America/New_York,Yahoo Finance
VOYG,2026-09-24,31.350000381469727,31.889999389648438,30.600000381469727,31.100000381469727,31.100000381469727,7814600,USD,NYQ,America/New_York,Yahoo Finance
VOYG,2026-09-25,31.200000762939453,32.150001525878906,30.899999618530273,31.350000381469727,31.350000381469727,2518500,USD,NYQ,America/New_York,Yahoo Finance
VOYG,2026-09-28,31.0,33.4900016784668,30.799999237060547,33.18000030517578,33.18000030517578,2773700,USD,NYQ,America/New_York,Yahoo Finance
VSAT,2026-08-17,82.87000274658203,84.2699966430664,81.33999633789062,81.41000366210938,81.41000366210938,1578500,USD,NMS,America/New_York,Yahoo Finance
VSAT,2026-08-18,77.5199966430664,79.47000122070312,76.01000213623047,76.06999969482422,76.06999969482422,1987400,USD,NMS,America/New_York,Yahoo Finance
VSAT,2026-08-19,76.87999725341797,77.62000274658203,73.66999816894531,76.66999816894531,76.66999816894531,2063300,USD,NMS,America/New_York,Yahoo Finance
VSAT,2026-08-20,75.44999694824219,76.41999816894531,72.6500015258789,74.02999877929688,74.02999877929688,1755600,USD,NMS,America/New_York,Yahoo Finance
VSAT,2026-08-21,75.13999938964844,76.66999816894531,73.52999877929688,74.72000122070312,74.72000122070312,1209800,USD,NMS,America/New_York,Yahoo Finance
VSAT,2026-08-24,74.16999816894531,74.25,71.87000274658203,72.27999877929688,72.27999877929688,1433600,USD,NMS,America/New_York,Yahoo Finance
VSAT,2026-08-25,73.9000015258789,73.9000015258789,71.33000183105469,72.45999908447266,72.45999908447266,1315300,USD,NMS,America/New_York,Yahoo Finance
VSAT,2026-08-26,72.30000305175781,73.4000015258789,70.72000122070312,71.51000213623047,71.51000213623047,1378600,USD,NMS,America/New_York,Yahoo Finance
VSAT,2026-08-27,71.9000015258789,74.0,70.55000305175781,72.7300033569336,72.7300033569336,1342900,USD,NMS,America/New_York,Yahoo Finance
VSAT,2026-08-28,73.12000274658203,73.12000274658203,67.30000305175781,67.37000274658203,67.37000274658203,1844700,USD,NMS,America/New_York,Yahoo Finance
VSAT,2026-08-31,67.01000213623047,68.1500015258789,66.7300033569336,67.2699966430664,67.2699966430664,1351200,USD,NMS,America/New_York,Yahoo Finance
VSAT,2026-09-01,66.75,68.16999816894531,65.83000183105469,66.27999877929688,66.27999877929688,1335000,USD,NMS,America/New_York,Yahoo Finance
VSAT,2026-09-02,66.13999938964844,70.55000305175781,65.47000122070312,69.91999816894531,69.91999816894531,2120800,USD,NMS,America/New_York,Yahoo Finance
VSAT,2026-09-03,70.22000122070312,72.8499984741211,68.94999694824219,71.72000122070312,71.72000122070312,1929000,USD,NMS,America/New_York,Yahoo Finance
VSAT,2026-09-04,71.73999786376953,76.29000091552734,71.72000122070312,75.31999969482422,75.31999969482422,1554900,USD,NMS,America/New_York,Yahoo Finance
VSAT,2026-09-08,75.8499984741211,79.83000183105469,75.1500015258789,77.75,77.75,2045300,USD,NMS,America/New_York,Yahoo Finance
VSAT,2026-09-09,77.93000030517578,78.33999633789062,72.30000305175781,72.36000061035156,72.36000061035156,1433500,USD,NMS,America/New_York,Yahoo Finance
VSAT,2026-09-10,71.16000366210938,76.19999694824219,70.37000274658203,74.18000030517578,74.18000030517578,1803000,USD,NMS,America/New_York,Yahoo Finance
VSAT,2026-09-11,75.55000305175781,75.94999694824219,73.05000305175781,74.30999755859375,74.30999755859375,1244500,USD,NMS,America/New_York,Yahoo Finance
VSAT,2026-09-14,71.37999725341797,73.47000122070312,71.27999877929688,71.63999938964844,71.63999938964844,1166100,USD,NMS,America/New_York,Yahoo Finance
VSAT,2026-09-15,72.5199966430664,72.80000305175781,67.86000061035156,70.61000061035156,70.61000061035156,1752000,USD,NMS,America/New_York,Yahoo Finance
VSAT,2026-09-16,71.83999633789062,72.3499984741211,69.97000122070312,70.94999694824219,70.94999694824219,1629900,USD,NMS,America/New_York,Yahoo Finance
VSAT,2026-09-17,73.0,74.22000122070312,71.37999725341797,73.0199966430664,73.0199966430664,1372500,USD,NMS,America/New_York,Yahoo Finance
VSAT,2026-09-18,74.69000244140625,77.43000030517578,72.5,76.37999725341797,76.37999725341797,4299200,USD,NMS,America/New_York,Yahoo Finance
VSAT,2026-09-21,77.8499984741211,78.30999755859375,76.0,76.37999725341797,76.37999725341797,2165800,USD,NMS,America/New_York,Yahoo Finance
VSAT,2026-09-22,76.7699966430664,77.97000122070312,74.44999694824219,74.98999786376953,74.98999786376953,1657800,USD,NMS,America/New_York,Yahoo Finance
VSAT,2026-09-23,75.19999694824219,77.56999969482422,73.33999633789062,73.68000030517578,73.68000030517578,1708800,USD,NMS,America/New_York,Yahoo Finance
VSAT,2026-09-24,71.5999984741211,76.5999984741211,71.55000305175781,73.72000122070312,73.72000122070312,1142400,USD,NMS,America/New_York,Yahoo Finance
VSAT,2026-09-25,74.83000183105469,75.66000366210938,72.77999877929688,73.0199966430664,73.0199966430664,912700,USD,NMS,America/New_York,Yahoo Finance
VSAT,2026-09-28,71.51000213623047,72.27999877929688,69.81999969482422,71.6500015258789,71.6500015258789,1317300,USD,NMS,America/New_York,Yahoo Finance
VTMX,2026-08-17,33.7599983215332,33.880001068115234,33.1150016784668,33.79999923706055,33.79999923706055,40800,USD,NYQ,America/New_York,Yahoo Finance
VTMX,2026-08-18,33.70000076293945,33.994998931884766,33.599998474121094,33.83000183105469,33.83000183105469,134300,USD,NYQ,America/New_York,Yahoo Finance
VTMX,2026-08-19,33.849998474121094,34.470001220703125,33.77000045776367,33.939998626708984,33.939998626708984,87200,USD,NYQ,America/New_York,Yahoo Finance
VTMX,2026-08-20,34.08000183105469,34.599998474121094,33.83000183105469,34.5,34.5,117600,USD,NYQ,America/New_York,Yahoo Finance
VTMX,2026-08-21,34.400001525878906,36.04999923706055,34.400001525878906,35.90999984741211,35.90999984741211,111500,USD,NYQ,America/New_York,Yahoo Finance
VTMX,2026-08-24,35.720001220703125,36.02000045776367,35.224998474121094,35.47999954223633,35.47999954223633,62900,USD,NYQ,America/New_York,Yahoo Finance
VTMX,2026-08-25,35.29999923706055,35.5,35.0099983215332,35.15999984741211,35.15999984741211,59200,USD,NYQ,America/New_York,Yahoo Finance
VTMX,2026-08-26,35.04999923706055,35.290000915527344,34.3650016784668,34.439998626708984,34.439998626708984,28600,USD,NYQ,America/New_York,Yahoo Finance
VTMX,2026-08-27,34.18000030517578,34.779998779296875,34.18000030517578,34.5,34.5,39600,USD,NYQ,America/New_York,Yahoo Finance
VTMX,2026-08-28,34.5099983215332,34.5099983215332,33.90999984741211,33.93000030517578,33.93000030517578,36200,USD,NYQ,America/New_York,Yahoo Finance
VTMX,2026-08-31,34.060001373291016,34.7400016784668,33.880001068115234,34.41999816894531,34.41999816894531,49700,USD,NYQ,America/New_York,Yahoo Finance
VTMX,2026-09-01,34.119998931884766,34.599998474121094,34.119998931884766,34.220001220703125,34.220001220703125,108800,USD,NYQ,America/New_York,Yahoo Finance
VTMX,2026-09-02,34.400001525878906,34.59000015258789,33.95500183105469,34.5,34.5,26000,USD,NYQ,America/New_York,Yahoo Finance
VTMX,2026-09-03,34.810001373291016,34.91999816894531,34.45000076293945,34.779998779296875,34.779998779296875,112400,USD,NYQ,America/New_York,Yahoo Finance
VTMX,2026-09-04,34.4900016784668,35.11000061035156,34.4900016784668,34.70000076293945,34.70000076293945,87000,USD,NYQ,America/New_York,Yahoo Finance
VTMX,2026-09-08,34.70000076293945,34.70000076293945,34.029998779296875,34.029998779296875,34.029998779296875,43300,USD,NYQ,America/New_York,Yahoo Finance
VTMX,2026-09-09,34.064998626708984,34.290000915527344,33.30500030517578,33.47999954223633,33.47999954223633,63100,USD,NYQ,America/New_York,Yahoo Finance
VTMX,2026-09-10,33.40999984741211,33.81999969482422,33.40999984741211,33.560001373291016,33.560001373291016,28500,USD,NYQ,America/New_York,Yahoo Finance
VTMX,2026-09-11,33.560001373291016,33.81999969482422,33.41999816894531,33.58000183105469,33.58000183105469,19800,USD,NYQ,America/New_York,Yahoo Finance
VTMX,2026-09-14,33.31999969482422,33.43000030517578,33.029998779296875,33.43000030517578,33.43000030517578,22200,USD,NYQ,America/New_York,Yahoo Finance
VTMX,2026-09-15,33.18000030517578,33.41999816894531,32.91999816894531,33.040000915527344,33.040000915527344,72600,USD,NYQ,America/New_York,Yahoo Finance
VTMX,2026-09-16,33.20000076293945,33.90999984741211,32.57500076293945,32.91999816894531,32.91999816894531,75100,USD,NYQ,America/New_York,Yahoo Finance
VTMX,2026-09-17,33.220001220703125,33.58000183105469,33.04999923706055,33.47999954223633,33.47999954223633,81300,USD,NYQ,America/New_York,Yahoo Finance
VTMX,2026-09-18,33.52000045776367,34.0,33.15999984741211,33.720001220703125,33.720001220703125,179300,USD,NYQ,America/New_York,Yahoo Finance
VTMX,2026-09-21,33.880001068115234,33.880001068115234,33.14500045776367,33.65999984741211,33.65999984741211,48000,USD,NYQ,America/New_York,Yahoo Finance
VTMX,2026-09-22,33.709999084472656,33.709999084472656,32.72999954223633,32.83000183105469,32.83000183105469,47300,USD,NYQ,America/New_York,Yahoo Finance
VTMX,2026-09-23,32.65999984741211,33.16999816894531,32.5099983215332,32.83000183105469,32.83000183105469,40000,USD,NYQ,America/New_York,Yahoo Finance
VTMX,2026-09-24,32.849998474121094,32.849998474121094,32.56999969482422,32.61000061035156,32.61000061035156,40700,USD,NYQ,America/New_York,Yahoo Finance
VTMX,2026-09-25,32.59000015258789,33.229000091552734,32.59000015258789,32.970001220703125,32.970001220703125,32300,USD,NYQ,America/New_York,Yahoo Finance
VTMX,2026-09-28,32.7400016784668,33.025001525878906,32.52000045776367,32.72999954223633,32.72999954223633,41700,USD,NYQ,America/New_York,Yahoo Finance
WCC,2026-08-17,363.1600036621094,373.07000732421875,361.45001220703125,372.9599914550781,372.41790771484375,423200,USD,NYQ,America/New_York,Yahoo Finance
WCC,2026-08-18,364.4800109863281,367.9700012207031,348.94000244140625,349.1600036621094,348.65252685546875,499500,USD,NYQ,America/New_York,Yahoo Finance
WCC,2026-08-19,352.6000061035156,352.739990234375,338.54998779296875,343.8500061035156,343.3502197265625,603600,USD,NYQ,America/New_York,Yahoo Finance
WCC,2026-08-20,338.04998779296875,343.9599914550781,335.5799865722656,338.0899963378906,337.5986022949219,465200,USD,NYQ,America/New_York,Yahoo Finance
WCC,2026-08-21,342.07000732421875,349.8500061035156,340.17999267578125,349.1400146484375,348.632568359375,702000,USD,NYQ,America/New_York,Yahoo Finance
WCC,2026-08-24,347.04998779296875,347.5400085449219,336.010009765625,337.010009765625,336.5201721191406,514300,USD,NYQ,America/New_York,Yahoo Finance
WCC,2026-08-25,343.5299987792969,343.5299987792969,336.0,338.95001220703125,338.4573669433594,414400,USD,NYQ,America/New_York,Yahoo Finance
WCC,2026-08-26,340.57000732421875,349.4100036621094,340.57000732421875,347.6000061035156,347.09478759765625,363500,USD,NYQ,America/New_York,Yahoo Finance
WCC,2026-08-27,349.75,353.95001220703125,344.3900146484375,350.6600036621094,350.15032958984375,441900,USD,NYQ,America/New_York,Yahoo Finance
WCC,2026-08-28,352.0400085449219,354.1400146484375,335.5299987792969,336.4200134277344,335.9310302734375,500600,USD,NYQ,America/New_York,Yahoo Finance
WCC,2026-08-31,337.4100036621094,341.42999267578125,337.0,340.3999938964844,339.9052429199219,325200,USD,NYQ,America/New_York,Yahoo Finance
WCC,2026-09-01,335.3699951171875,339.1600036621094,329.2699890136719,332.0,331.5174560546875,528100,USD,NYQ,America/New_York,Yahoo Finance
WCC,2026-09-02,328.9800109863281,338.4800109863281,327.8399963378906,332.8599853515625,332.3761901855469,521300,USD,NYQ,America/New_York,Yahoo Finance
WCC,2026-09-03,334.80999755859375,339.510009765625,328.20001220703125,338.3699951171875,337.878173828125,362800,USD,NYQ,America/New_York,Yahoo Finance
WCC,2026-09-04,338.6600036621094,351.7799987792969,338.6600036621094,351.4599914550781,350.94915771484375,467900,USD,NYQ,America/New_York,Yahoo Finance
WCC,2026-09-08,355.4700012207031,365.4800109863281,355.4700012207031,360.1700134277344,359.6465148925781,776500,USD,NYQ,America/New_York,Yahoo Finance
WCC,2026-09-09,358.2699890136719,362.0799865722656,354.0199890136719,355.510009765625,354.9932861328125,525300,USD,NYQ,America/New_York,Yahoo Finance
WCC,2026-09-10,350.0,353.6000061035156,342.5799865722656,344.0,343.5,700400,USD,NYQ,America/New_York,Yahoo Finance
WCC,2026-09-11,350.2099914550781,358.5799865722656,346.6000061035156,356.32000732421875,356.32000732421875,467500,USD,NYQ,America/New_York,Yahoo Finance
WCC,2026-09-14,342.1199951171875,343.3800048828125,333.3900146484375,336.7300109863281,336.7300109863281,587300,USD,NYQ,America/New_York,Yahoo Finance
WCC,2026-09-15,338.2799987792969,339.6700134277344,330.3900146484375,334.4599914550781,334.4599914550781,368300,USD,NYQ,America/New_York,Yahoo Finance
WCC,2026-09-16,338.989990234375,342.3699951171875,330.7200012207031,335.32000732421875,335.32000732421875,538400,USD,NYQ,America/New_York,Yahoo Finance
WCC,2026-09-17,344.2900085449219,345.29998779296875,335.69000244140625,339.32000732421875,339.32000732421875,325400,USD,NYQ,America/New_York,Yahoo Finance
WCC,2026-09-18,340.45001220703125,345.0799865722656,336.4100036621094,344.1499938964844,344.1499938964844,637300,USD,NYQ,America/New_York,Yahoo Finance
WCC,2026-09-21,348.8399963378906,356.92999267578125,345.1000061035156,355.30999755859375,355.30999755859375,582200,USD,NYQ,America/New_York,Yahoo Finance
WCC,2026-09-22,359.6600036621094,367.5199890136719,354.260009765625,362.0799865722656,362.0799865722656,531600,USD,NYQ,America/New_York,Yahoo Finance
WCC,2026-09-23,360.0,371.20001220703125,357.20001220703125,365.8500061035156,365.8500061035156,364400,USD,NYQ,America/New_York,Yahoo Finance
WCC,2026-09-24,359.239990234375,364.0199890136719,358.1700134277344,361.3299865722656,361.3299865722656,241200,USD,NYQ,America/New_York,Yahoo Finance
WCC,2026-09-25,363.7099914550781,371.3999938964844,361.3800048828125,367.44000244140625,367.44000244140625,271300,USD,NYQ,America/New_York,Yahoo Finance
WCC,2026-09-28,365.42999267578125,370.6300048828125,359.239990234375,364.6700134277344,364.6700134277344,677800,USD,NYQ,America/New_York,Yahoo Finance
WES,2026-08-17,48.77000045776367,49.16999816894531,48.40999984741211,48.59000015258789,48.59000015258789,656500,USD,NYQ,America/New_York,Yahoo Finance
WES,2026-08-18,48.900001525878906,50.06999969482422,48.900001525878906,49.79999923706055,49.79999923706055,850100,USD,NYQ,America/New_York,Yahoo Finance
WES,2026-08-19,49.849998474121094,49.97999954223633,48.79999923706055,49.0099983215332,49.0099983215332,742300,USD,NYQ,America/New_York,Yahoo Finance
WES,2026-08-20,49.38999938964844,49.84000015258789,48.619998931884766,48.650001525878906,48.650001525878906,494900,USD,NYQ,America/New_York,Yahoo Finance
WES,2026-08-21,48.7599983215332,49.119998931884766,48.099998474121094,48.36000061035156,48.36000061035156,540900,USD,NYQ,America/New_York,Yahoo Finance
WES,2026-08-24,48.45000076293945,48.63999938964844,47.91999816894531,48.529998779296875,48.529998779296875,524600,USD,NYQ,America/New_York,Yahoo Finance
WES,2026-08-25,48.41999816894531,48.709999084472656,47.93000030517578,47.939998626708984,47.939998626708984,542200,USD,NYQ,America/New_York,Yahoo Finance
WES,2026-08-26,48.0,48.83000183105469,48.0,48.529998779296875,48.529998779296875,573900,USD,NYQ,America/New_York,Yahoo Finance
WES,2026-08-27,48.279998779296875,48.4900016784668,47.619998931884766,47.810001373291016,47.810001373291016,745400,USD,NYQ,America/New_York,Yahoo Finance
WES,2026-08-28,48.0099983215332,48.29999923706055,47.720001220703125,48.29999923706055,48.29999923706055,427100,USD,NYQ,America/New_York,Yahoo Finance
WES,2026-08-31,48.310001373291016,48.75,47.720001220703125,48.099998474121094,48.099998474121094,755700,USD,NYQ,America/New_York,Yahoo Finance
WES,2026-09-01,48.380001068115234,49.13999938964844,48.220001220703125,48.9900016784668,48.9900016784668,891400,USD,NYQ,America/New_York,Yahoo Finance
WES,2026-09-02,48.63999938964844,49.099998474121094,48.119998931884766,48.959999084472656,48.959999084472656,1198900,USD,NYQ,America/New_York,Yahoo Finance
WES,2026-09-03,49.16999816894531,49.75,48.900001525878906,49.189998626708984,49.189998626708984,615300,USD,NYQ,America/New_York,Yahoo Finance
WES,2026-09-04,49.18000030517578,49.56999969482422,48.619998931884766,49.540000915527344,49.540000915527344,739600,USD,NYQ,America/New_York,Yahoo Finance
WES,2026-09-08,49.25,49.790000915527344,49.02000045776367,49.43000030517578,49.43000030517578,702100,USD,NYQ,America/New_York,Yahoo Finance
WES,2026-09-09,49.650001525878906,49.88999938964844,48.720001220703125,49.290000915527344,49.290000915527344,551900,USD,NYQ,America/New_York,Yahoo Finance
WES,2026-09-10,49.45000076293945,49.459999084472656,47.97999954223633,48.189998626708984,48.189998626708984,1162500,USD,NYQ,America/New_York,Yahoo Finance
WES,2026-09-11,48.189998626708984,49.06999969482422,48.099998474121094,49.029998779296875,49.029998779296875,653300,USD,NYQ,America/New_York,Yahoo Finance
WES,2026-09-14,49.34000015258789,49.790000915527344,47.83000183105469,47.880001068115234,47.880001068115234,919500,USD,NYQ,America/New_York,Yahoo Finance
WES,2026-09-15,47.849998474121094,48.130001068115234,47.029998779296875,47.220001220703125,47.220001220703125,812500,USD,NYQ,America/New_York,Yahoo Finance
WES,2026-09-16,47.31999969482422,47.81999969482422,46.52000045776367,46.900001525878906,46.900001525878906,683700,USD,NYQ,America/New_York,Yahoo Finance
WES,2026-09-17,46.720001220703125,47.27000045776367,46.439998626708984,47.15999984741211,47.15999984741211,1005300,USD,NYQ,America/New_York,Yahoo Finance
WES,2026-09-18,47.25,47.5,46.90999984741211,47.290000915527344,47.290000915527344,1431200,USD,NYQ,America/New_York,Yahoo Finance
WES,2026-09-21,47.11000061035156,47.279998779296875,46.54999923706055,46.58000183105469,46.58000183105469,629200,USD,NYQ,America/New_York,Yahoo Finance
WES,2026-09-22,46.439998626708984,47.119998931884766,46.0099983215332,46.060001373291016,46.060001373291016,765300,USD,NYQ,America/New_York,Yahoo Finance
WES,2026-09-23,46.4900016784668,46.58000183105469,45.560001373291016,45.650001525878906,45.650001525878906,921100,USD,NYQ,America/New_York,Yahoo Finance
WES,2026-09-24,45.66999816894531,45.880001068115234,45.29999923706055,45.349998474121094,45.349998474121094,763000,USD,NYQ,America/New_York,Yahoo Finance
WES,2026-09-25,45.349998474121094,45.599998474121094,45.0,45.599998474121094,45.599998474121094,1237700,USD,NYQ,America/New_York,Yahoo Finance
WES,2026-09-28,45.16999816894531,45.630001068115234,44.72999954223633,45.27000045776367,45.27000045776367,911800,USD,NYQ,America/New_York,Yahoo Finance
WFC,2026-08-17,88.72000122070312,89.52999877929688,87.4800033569336,87.54000091552734,87.54000091552734,14586000,USD,NYQ,America/New_York,Yahoo Finance
WFC,2026-08-18,88.30000305175781,88.30000305175781,86.8499984741211,87.4000015258789,87.4000015258789,8219400,USD,NYQ,America/New_York,Yahoo Finance
WFC,2026-08-19,87.41000366210938,87.41000366210938,85.58000183105469,85.94000244140625,85.94000244140625,10692400,USD,NYQ,America/New_York,Yahoo Finance
WFC,2026-08-20,85.62000274658203,85.66999816894531,83.62000274658203,83.69999694824219,83.69999694824219,13730000,USD,NYQ,America/New_York,Yahoo Finance
WFC,2026-08-21,84.5,85.0,83.4800033569336,83.83999633789062,83.83999633789062,13304500,USD,NYQ,America/New_York,Yahoo Finance
WFC,2026-08-24,84.22000122070312,85.68000030517578,84.0199966430664,84.72000122070312,84.72000122070312,7948400,USD,NYQ,America/New_York,Yahoo Finance
WFC,2026-08-25,84.9800033569336,85.1500015258789,83.87999725341797,84.79000091552734,84.79000091552734,8984500,USD,NYQ,America/New_York,Yahoo Finance
WFC,2026-08-26,84.98999786376953,85.58999633789062,84.0999984741211,85.2300033569336,85.2300033569336,9896500,USD,NYQ,America/New_York,Yahoo Finance
WFC,2026-08-27,84.76000213623047,85.29000091552734,83.72000122070312,84.97000122070312,84.97000122070312,10844000,USD,NYQ,America/New_York,Yahoo Finance
WFC,2026-08-28,85.41000366210938,86.72000122070312,85.19999694824219,86.69000244140625,86.69000244140625,12024000,USD,NYQ,America/New_York,Yahoo Finance
WFC,2026-08-31,86.29000091552734,87.08999633789062,85.87999725341797,86.38999938964844,86.38999938964844,19125600,USD,NYQ,America/New_York,Yahoo Finance
WFC,2026-09-01,86.44000244140625,87.94000244140625,86.01000213623047,87.04000091552734,87.04000091552734,19322900,USD,NYQ,America/New_York,Yahoo Finance
WFC,2026-09-02,87.75,90.08999633789062,87.58000183105469,89.2699966430664,89.2699966430664,20602400,USD,NYQ,America/New_York,Yahoo Finance
WFC,2026-09-03,89.80000305175781,90.33999633789062,88.68000030517578,89.19000244140625,89.19000244140625,13206000,USD,NYQ,America/New_York,Yahoo Finance
WFC,2026-09-04,88.75,90.12999725341797,88.7300033569336,89.97000122070312,89.97000122070312,8003900,USD,NYQ,America/New_York,Yahoo Finance
WFC,2026-09-08,89.63999938964844,89.7300033569336,87.95999908447266,87.95999908447266,87.95999908447266,9752600,USD,NYQ,America/New_York,Yahoo Finance
WFC,2026-09-09,87.55999755859375,89.94000244140625,87.19999694824219,89.66999816894531,89.66999816894531,14583100,USD,NYQ,America/New_York,Yahoo Finance
WFC,2026-09-10,89.6500015258789,89.98999786376953,88.6500015258789,89.44999694824219,89.44999694824219,13089100,USD,NYQ,America/New_York,Yahoo Finance
WFC,2026-09-11,90.73999786376953,91.16000366210938,89.76000213623047,90.29000091552734,90.29000091552734,12927800,USD,NYQ,America/New_York,Yahoo Finance
WFC,2026-09-14,90.16999816894531,90.4800033569336,87.37999725341797,88.70999908447266,88.70999908447266,15725100,USD,NYQ,America/New_York,Yahoo Finance
WFC,2026-09-15,90.5199966430664,91.98999786376953,87.91000366210938,89.72000122070312,89.72000122070312,15940800,USD,NYQ,America/New_York,Yahoo Finance
WFC,2026-09-16,89.72000122070312,89.72000122070312,86.0999984741211,87.05000305175781,87.05000305175781,13555700,USD,NYQ,America/New_York,Yahoo Finance
WFC,2026-09-17,87.7699966430664,87.88999938964844,85.79000091552734,86.88999938964844,86.88999938964844,12615700,USD,NYQ,America/New_York,Yahoo Finance
WFC,2026-09-18,86.26000213623047,86.73999786376953,85.94999694824219,86.12000274658203,86.12000274658203,25025000,USD,NYQ,America/New_York,Yahoo Finance
WFC,2026-09-21,86.83000183105469,87.1500015258789,86.2300033569336,86.54000091552734,86.54000091552734,9707100,USD,NYQ,America/New_York,Yahoo Finance
WFC,2026-09-22,86.62000274658203,86.62000274658203,82.79000091552734,83.1500015258789,83.1500015258789,15861400,USD,NYQ,America/New_York,Yahoo Finance
WFC,2026-09-23,82.75,83.4000015258789,81.80999755859375,81.9000015258789,81.9000015258789,14614600,USD,NYQ,America/New_York,Yahoo Finance
WFC,2026-09-24,81.79000091552734,82.54000091552734,80.94999694824219,82.18000030517578,82.18000030517578,12231600,USD,NYQ,America/New_York,Yahoo Finance
WFC,2026-09-25,82.30000305175781,83.0999984741211,81.73999786376953,82.97000122070312,82.97000122070312,9451500,USD,NYQ,America/New_York,Yahoo Finance
WFC,2026-09-28,82.69999694824219,82.88999938964844,80.58000183105469,80.80999755859375,80.80999755859375,12968300,USD,NYQ,America/New_York,Yahoo Finance
WMB,2026-08-17,75.20999908447266,75.36000061035156,73.38999938964844,73.44999694824219,72.92045593261719,7940300,USD,NYQ,America/New_York,Yahoo Finance
WMB,2026-08-18,74.66000366210938,75.83999633789062,74.30000305175781,75.12999725341797,74.58834838867188,5034800,USD,NYQ,America/New_York,Yahoo Finance
WMB,2026-08-19,75.80999755859375,75.87999725341797,73.0999984741211,73.23999786376953,72.71196746826172,5424800,USD,NYQ,America/New_York,Yahoo Finance
WMB,2026-08-20,73.43000030517578,73.97000122070312,71.12000274658203,71.68000030517578,71.16322326660156,6408800,USD,NYQ,America/New_York,Yahoo Finance
WMB,2026-08-21,72.16999816894531,73.31999969482422,69.91999816894531,70.48999786376953,69.98179626464844,7586800,USD,NYQ,America/New_York,Yahoo Finance
WMB,2026-08-24,70.37999725341797,71.48999786376953,69.5999984741211,70.97000122070312,70.45834350585938,5508200,USD,NYQ,America/New_York,Yahoo Finance
WMB,2026-08-25,70.9000015258789,72.02999877929688,70.80999755859375,71.08000183105469,70.56755065917969,7010800,USD,NYQ,America/New_York,Yahoo Finance
WMB,2026-08-26,71.16000366210938,75.52999877929688,71.11000061035156,74.41000366210938,73.87354278564453,8291100,USD,NYQ,America/New_York,Yahoo Finance
WMB,2026-08-27,74.3499984741211,74.76000213623047,72.72000122070312,74.19000244140625,73.6551284790039,7562000,USD,NYQ,America/New_York,Yahoo Finance
WMB,2026-08-28,74.47000122070312,74.80999755859375,73.45999908447266,73.7300033569336,73.19844055175781,4693100,USD,NYQ,America/New_York,Yahoo Finance
WMB,2026-08-31,74.19000244140625,75.5,73.66999816894531,75.05000305175781,74.50892639160156,20164300,USD,NYQ,America/New_York,Yahoo Finance
WMB,2026-09-01,75.55999755859375,76.31999969482422,74.3499984741211,75.2300033569336,74.68762969970703,7316300,USD,NYQ,America/New_York,Yahoo Finance
WMB,2026-09-02,75.12000274658203,75.30000305175781,73.62999725341797,75.16000366210938,74.61813354492188,8804200,USD,NYQ,America/New_York,Yahoo Finance
WMB,2026-09-03,75.2300033569336,75.5199966430664,74.0,74.05000305175781,73.5161361694336,6426700,USD,NYQ,America/New_York,Yahoo Finance
WMB,2026-09-04,73.87000274658203,74.43000030517578,73.37000274658203,74.1500015258789,73.61541748046875,7513800,USD,NYQ,America/New_York,Yahoo Finance
WMB,2026-09-08,74.73999786376953,75.97000122070312,73.12000274658203,75.83000183105469,75.2833023071289,7019000,USD,NYQ,America/New_York,Yahoo Finance
WMB,2026-09-09,76.55000305175781,76.86000061035156,74.44999694824219,75.1500015258789,74.60820770263672,6617100,USD,NYQ,America/New_York,Yahoo Finance
WMB,2026-09-10,74.93000030517578,75.2699966430664,72.56999969482422,72.81999969482422,72.29499816894531,6315400,USD,NYQ,America/New_York,Yahoo Finance
WMB,2026-09-11,72.69999694824219,73.66000366210938,72.41999816894531,72.8499984741211,72.8499984741211,8330200,USD,NYQ,America/New_York,Yahoo Finance
WMB,2026-09-14,72.51000213623047,73.33000183105469,70.88999938964844,71.94999694824219,71.94999694824219,8848000,USD,NYQ,America/New_York,Yahoo Finance
WMB,2026-09-15,72.38999938964844,72.62999725341797,71.08999633789062,71.62999725341797,71.62999725341797,7553400,USD,NYQ,America/New_York,Yahoo Finance
WMB,2026-09-16,71.63999938964844,71.9800033569336,69.8499984741211,70.9000015258789,70.9000015258789,9240900,USD,NYQ,America/New_York,Yahoo Finance
WMB,2026-09-17,71.1500015258789,72.19999694824219,71.01000213623047,71.80999755859375,71.80999755859375,5923200,USD,NYQ,America/New_York,Yahoo Finance
WMB,2026-09-18,71.3499984741211,73.29000091552734,71.25,72.05000305175781,72.05000305175781,19558200,USD,NYQ,America/New_York,Yahoo Finance
WMB,2026-09-21,71.55000305175781,72.45999908447266,71.37999725341797,71.6500015258789,71.6500015258789,5195200,USD,NYQ,America/New_York,Yahoo Finance
WMB,2026-09-22,71.44000244140625,72.4000015258789,70.7300033569336,70.9800033569336,70.9800033569336,5409100,USD,NYQ,America/New_York,Yahoo Finance
WMB,2026-09-23,71.30999755859375,72.29000091552734,70.72000122070312,71.11000061035156,71.11000061035156,5176600,USD,NYQ,America/New_York,Yahoo Finance
WMB,2026-09-24,71.44999694824219,71.44999694824219,70.29000091552734,70.58000183105469,70.58000183105469,4369100,USD,NYQ,America/New_York,Yahoo Finance
WMB,2026-09-25,70.36000061035156,70.47000122070312,68.81999969482422,69.26000213623047,69.26000213623047,6433300,USD,NYQ,America/New_York,Yahoo Finance
WMB,2026-09-28,69.5199966430664,69.5199966430664,68.4000015258789,68.9800033569336,68.9800033569336,5586500,USD,NYQ,America/New_York,Yahoo Finance
YMM,2026-08-17,8.890000343322754,8.930000305175781,8.734999656677246,8.84000015258789,8.84000015258789,4891700,USD,NYQ,America/New_York,Yahoo Finance
YMM,2026-08-18,8.770000457763672,8.864999771118164,8.699999809265137,8.800000190734863,8.800000190734863,5405100,USD,NYQ,America/New_York,Yahoo Finance
YMM,2026-08-19,8.270000457763672,8.850000381469727,8.220000267028809,8.699999809265137,8.699999809265137,13850400,USD,NYQ,America/New_York,Yahoo Finance
YMM,2026-08-20,8.6899995803833,8.6899995803833,8.444999694824219,8.619999885559082,8.619999885559082,14052600,USD,NYQ,America/New_York,Yahoo Finance
YMM,2026-08-21,8.654999732971191,8.880000114440918,8.625,8.770000457763672,8.770000457763672,8939500,USD,NYQ,America/New_York,Yahoo Finance
YMM,2026-08-24,8.760000228881836,8.760000228881836,8.390000343322754,8.430000305175781,8.430000305175781,5926300,USD,NYQ,America/New_York,Yahoo Finance
YMM,2026-08-25,8.5,8.770000457763672,8.470000267028809,8.760000228881836,8.760000228881836,16997100,USD,NYQ,America/New_York,Yahoo Finance
YMM,2026-08-26,8.800000190734863,8.9399995803833,8.789999961853027,8.819999694824219,8.819999694824219,7258900,USD,NYQ,America/New_York,Yahoo Finance
YMM,2026-08-27,8.770000457763672,8.84000015258789,8.6899995803833,8.770000457763672,8.770000457763672,5582200,USD,NYQ,America/New_York,Yahoo Finance
YMM,2026-08-28,8.8100004196167,8.890000343322754,8.734999656677246,8.8100004196167,8.8100004196167,4889200,USD,NYQ,America/New_York,Yahoo Finance
YMM,2026-08-31,8.800000190734863,8.800000190734863,8.454999923706055,8.470000267028809,8.470000267028809,13281100,USD,NYQ,America/New_York,Yahoo Finance
YMM,2026-09-01,8.5,8.600000381469727,8.449999809265137,8.510000228881836,8.510000228881836,7913400,USD,NYQ,America/New_York,Yahoo Finance
YMM,2026-09-02,8.489999771118164,8.850000381469727,8.489999771118164,8.630000114440918,8.630000114440918,6028100,USD,NYQ,America/New_York,Yahoo Finance
YMM,2026-09-03,8.59000015258789,8.710000038146973,8.399999618530273,8.579999923706055,8.579999923706055,6382900,USD,NYQ,America/New_York,Yahoo Finance
YMM,2026-09-04,8.630000114440918,8.774999618530273,8.604999542236328,8.649999618530273,8.649999618530273,2992400,USD,NYQ,America/New_York,Yahoo Finance
YMM,2026-09-08,8.539999961853027,8.595000267028809,8.390000343322754,8.430000305175781,8.430000305175781,6739600,USD,NYQ,America/New_York,Yahoo Finance
YMM,2026-09-09,8.390000343322754,8.420000076293945,8.244999885559082,8.3100004196167,8.3100004196167,6430500,USD,NYQ,America/New_York,Yahoo Finance
YMM,2026-09-10,8.270000457763672,8.350000381469727,8.114999771118164,8.140000343322754,8.140000343322754,4855500,USD,NYQ,America/New_York,Yahoo Finance
YMM,2026-09-11,8.220000267028809,8.289999961853027,8.104999542236328,8.170000076293945,8.170000076293945,2831200,USD,NYQ,America/New_York,Yahoo Finance
YMM,2026-09-14,8.119999885559082,8.199999809265137,8.079999923706055,8.149999618530273,8.149999618530273,3103700,USD,NYQ,America/New_York,Yahoo Finance
YMM,2026-09-15,8.130000114440918,8.180000305175781,8.029999732971191,8.0600004196167,8.0600004196167,3912000,USD,NYQ,America/New_York,Yahoo Finance
YMM,2026-09-16,8.0600004196167,8.114999771118164,8.010000228881836,8.069999694824219,8.069999694824219,4812500,USD,NYQ,America/New_York,Yahoo Finance
YMM,2026-09-17,8.079999923706055,8.135000228881836,8.039999961853027,8.100000381469727,8.100000381469727,3435400,USD,NYQ,America/New_York,Yahoo Finance
YMM,2026-09-18,8.109999656677246,8.199999809265137,8.079999923706055,8.130000114440918,8.130000114440918,3724400,USD,NYQ,America/New_York,Yahoo Finance
YMM,2026-09-21,8.199999809265137,8.220000267028809,7.985000133514404,8.199999809265137,8.199999809265137,2652600,USD,NYQ,America/New_York,Yahoo Finance
YMM,2026-09-22,8.260000228881836,8.470000267028809,8.225000381469727,8.449999809265137,8.449999809265137,5852300,USD,NYQ,America/New_York,Yahoo Finance
YMM,2026-09-23,8.390000343322754,8.399999618530273,8.270000457763672,8.34000015258789,8.34000015258789,5935900,USD,NYQ,America/New_York,Yahoo Finance
YMM,2026-09-24,8.300000190734863,8.354999542236328,8.135000228881836,8.15999984741211,8.15999984741211,5451900,USD,NYQ,America/New_York,Yahoo Finance
YMM,2026-09-25,8.15999984741211,8.210000038146973,8.0649995803833,8.130000114440918,8.130000114440918,4058600,USD,NYQ,America/New_York,Yahoo Finance
YMM,2026-09-28,8.149999618530273,8.25,8.109999656677246,8.199999809265137,8.199999809265137,7688300,USD,NYQ,America/New_York,Yahoo Finance
ZTS,2026-08-17,73.0999984741211,73.0999984741211,71.0,72.97000122070312,72.97000122070312,6554000,USD,NYQ,America/New_York,Yahoo Finance
ZTS,2026-08-18,73.75,74.4800033569336,72.87999725341797,73.95999908447266,73.95999908447266,4028400,USD,NYQ,America/New_York,Yahoo Finance
ZTS,2026-08-19,74.62999725341797,77.45999908447266,74.62000274658203,76.68000030517578,76.68000030517578,5222000,USD,NYQ,America/New_York,Yahoo Finance
ZTS,2026-08-20,76.0999984741211,77.29000091552734,74.94000244140625,75.0199966430664,75.0199966430664,3917300,USD,NYQ,America/New_York,Yahoo Finance
ZTS,2026-08-21,75.29000091552734,78.58999633789062,75.18000030517578,77.7300033569336,77.7300033569336,5049900,USD,NYQ,America/New_York,Yahoo Finance
ZTS,2026-08-24,77.58999633789062,78.19999694824219,76.4800033569336,77.16999816894531,77.16999816894531,4066000,USD,NYQ,America/New_York,Yahoo Finance
ZTS,2026-08-25,76.6500015258789,77.44999694824219,75.87999725341797,77.29000091552734,77.29000091552734,3475800,USD,NYQ,America/New_York,Yahoo Finance
ZTS,2026-08-26,76.81999969482422,78.75,76.55000305175781,77.5199966430664,77.5199966430664,4846800,USD,NYQ,America/New_York,Yahoo Finance
ZTS,2026-08-27,76.56999969482422,76.91000366210938,74.93000030517578,75.0199966430664,75.0199966430664,3972600,USD,NYQ,America/New_York,Yahoo Finance
ZTS,2026-08-28,75.19999694824219,77.70999908447266,75.19999694824219,77.33999633789062,77.33999633789062,4844300,USD,NYQ,America/New_York,Yahoo Finance
ZTS,2026-08-31,77.0,77.20999908447266,75.62000274658203,77.0999984741211,77.0999984741211,5798800,USD,NYQ,America/New_York,Yahoo Finance
ZTS,2026-09-01,77.91000366210938,77.93000030517578,76.1500015258789,77.25,77.25,4000700,USD,NYQ,America/New_York,Yahoo Finance
ZTS,2026-09-02,77.45999908447266,77.8499984741211,75.87999725341797,76.16999816894531,76.16999816894531,4474600,USD,NYQ,America/New_York,Yahoo Finance
ZTS,2026-09-03,77.01000213623047,78.0,74.73999786376953,76.29000091552734,76.29000091552734,3129100,USD,NYQ,America/New_York,Yahoo Finance
ZTS,2026-09-04,75.08000183105469,75.83999633789062,74.83000183105469,75.80999755859375,75.80999755859375,4169500,USD,NYQ,America/New_York,Yahoo Finance
ZTS,2026-09-08,74.80000305175781,75.0999984741211,73.4800033569336,73.55999755859375,73.55999755859375,5657000,USD,NYQ,America/New_York,Yahoo Finance
ZTS,2026-09-09,73.5,74.08000183105469,73.08999633789062,73.30999755859375,73.30999755859375,5446000,USD,NYQ,America/New_York,Yahoo Finance
ZTS,2026-09-10,73.06999969482422,73.4000015258789,72.3499984741211,72.86000061035156,72.86000061035156,5409500,USD,NYQ,America/New_York,Yahoo Finance
ZTS,2026-09-11,73.23999786376953,73.5,71.5,72.97000122070312,72.97000122070312,5238500,USD,NYQ,America/New_York,Yahoo Finance
ZTS,2026-09-14,74.19999694824219,74.81999969482422,73.48999786376953,73.66999816894531,73.66999816894531,3768300,USD,NYQ,America/New_York,Yahoo Finance
ZTS,2026-09-15,72.91000366210938,73.77999877929688,72.72000122070312,73.43000030517578,73.43000030517578,4079800,USD,NYQ,America/New_York,Yahoo Finance
ZTS,2026-09-16,73.47000122070312,73.9000015258789,72.91999816894531,73.0,73.0,4590700,USD,NYQ,America/New_York,Yahoo Finance
ZTS,2026-09-17,73.3499984741211,73.44999694824219,72.0,73.0199966430664,73.0199966430664,4040800,USD,NYQ,America/New_York,Yahoo Finance
ZTS,2026-09-18,72.56999969482422,73.05000305175781,71.4000015258789,71.4000015258789,71.4000015258789,9874700,USD,NYQ,America/New_York,Yahoo Finance
ZTS,2026-09-21,72.05999755859375,72.4800033569336,70.26000213623047,71.33000183105469,71.33000183105469,3942400,USD,NYQ,America/New_York,Yahoo Finance
ZTS,2026-09-22,71.9800033569336,73.45999908447266,71.23999786376953,72.86000061035156,72.86000061035156,3840400,USD,NYQ,America/New_York,Yahoo Finance
ZTS,2026-09-23,72.75,73.55000305175781,71.55000305175781,71.61000061035156,71.61000061035156,3828600,USD,NYQ,America/New_York,Yahoo Finance
ZTS,2026-09-24,71.8499984741211,72.37999725341797,69.93000030517578,70.2699966430664,70.2699966430664,3369400,USD,NYQ,America/New_York,Yahoo Finance
ZTS,2026-09-25,70.0,71.08000183105469,69.5199966430664,71.05000305175781,71.05000305175781,4165600,USD,NYQ,America/New_York,Yahoo Finance
ZTS,2026-09-28,70.5,71.68000030517578,70.08000183105469,71.43000030517578,71.43000030517578,3813600,USD,NYQ,America/New_York,Yahoo Finance
